date,open,high,low,close,volume
2017-07-24,0.2014778931400179,0.2050125896930694,0.2014778931400179,0.2050125896930694,3225000.0
2017-07-25,0.2014778770706167,0.2014778770706167,0.1944084845283517,0.1979431807994842,2344700.0
2017-07-26,0.1979431771451895,0.1979431771451895,0.1873390674591064,0.1873390674591064,877000.0
2017-07-27,0.1908737988374859,0.1908737988374859,0.1767349919007804,0.1802696883678436,3975000.0
2017-07-28,0.1767349756156186,0.1802696717569789,0.1732002794742584,0.1732002794742584,1636000.0
2017-07-31,0.173200257603785,0.173200257603785,0.166130855679512,0.166130855679512,2968500.0
2017-08-01,0.1696655378565443,0.1767349392175674,0.1696655378565443,0.1767349392175674,1322500.0
2017-08-02,0.1802696750473518,0.1944084809393123,0.1802696750473518,0.1873390674591064,3097500.0
2017-08-03,0.1873390674591064,0.190873784733435,0.1873390674591064,0.1873390674591064,1366900.0
2017-08-04,0.1838043848349067,0.1838043848349067,0.1802696883678436,0.1802696883678436,215000.0
2017-08-07,0.1802696346309673,0.1802696346309673,0.1767349392175674,0.1767349392175674,421000.0
2017-08-08,0.1767349919007804,0.1802696883678436,0.1767349919007804,0.1802696883678436,287000.0
2017-08-10,0.1802696346309673,0.1802696346309673,0.1732002438041675,0.1767349392175674,1040000.0
2017-08-11,0.1767349756156186,0.1767349756156186,0.1732002794742584,0.1732002794742584,307600.0
2017-08-14,0.1767349756156186,0.1767349756156186,0.1732002794742584,0.1732002794742584,308000.0
2017-08-15,0.1732002794742584,0.1767349756156186,0.1732002794742584,0.1732002794742584,541000.0
2017-08-16,0.1732002665378821,0.1767349624152349,0.1696655601263046,0.1696655601263046,112000.0
2017-08-17,0.1767349756156186,0.1767349756156186,0.1732002794742584,0.1732002794742584,17500.0
2017-08-18,0.1732002954337173,0.1873390813019699,0.1732002954337173,0.1802696883678436,1320300.0
2017-08-21,0.1802696346309673,0.1802696346309673,0.1767349392175674,0.1767349392175674,41000.0
2017-08-22,0.1767349756156186,0.1802696717569789,0.1732002794742584,0.1732002794742584,522000.0
2017-08-23,0.1767349919007804,0.1802696883678436,0.1767349919007804,0.1802696883678436,97100.0
2017-08-24,0.1767349392175674,0.1767349392175674,0.1767349392175674,0.1767349392175674,168000.0
2017-08-25,0.1767349392175674,0.1767349392175674,0.1767349392175674,0.1767349392175674,220000.0
2017-08-28,0.1767349392175674,0.1767349392175674,0.1732002438041675,0.1767349392175674,162000.0
2017-08-29,0.1767349392175674,0.1767349392175674,0.1767349392175674,0.1767349392175674,138000.0
2017-08-30,0.1767349756156186,0.1767349756156186,0.1732002794742584,0.1732002794742584,27100.0
2017-08-31,0.1767349756156186,0.1767349756156186,0.1732002794742584,0.1732002794742584,730000.0
2017-09-04,0.1732002794742584,0.1732002794742584,0.1732002794742584,0.1732002794742584,87800.0
2017-09-05,0.1732002794742584,0.1732002794742584,0.1732002794742584,0.1732002794742584,50000.0
2017-09-06,0.1732002794742584,0.1732002794742584,0.1732002794742584,0.1732002794742584,75000.0
2017-09-07,0.1732002794742584,0.1732002794742584,0.1732002794742584,0.1732002794742584,104000.0
2017-09-08,0.1767349392175674,0.1767349392175674,0.1732002438041675,0.1767349392175674,17100.0
2017-09-11,0.1767349392175674,0.1767349392175674,0.1767349392175674,0.1767349392175674,0.0
2017-09-12,0.1732002794742584,0.1732002794742584,0.1732002794742584,0.1732002794742584,42000.0
2017-09-13,0.1732002794742584,0.1732002794742584,0.1732002794742584,0.1732002794742584,40000.0
2017-09-14,0.1696655727986727,0.1767349756156186,0.1696655727986727,0.1732002794742584,66000.0
2017-09-15,0.1767349392175674,0.1767349392175674,0.1732002438041675,0.1767349392175674,61500.0
2017-09-18,0.1732002665378821,0.1732002665378821,0.1696655601263046,0.1696655601263046,86000.0
2017-09-19,0.1732002438041675,0.1767349392175674,0.1696655378565443,0.1767349392175674,474000.0
2017-09-20,0.1732002794742584,0.1767349756156186,0.1696655727986727,0.1732002794742584,366000.0
2017-09-21,0.1732002794742584,0.1732002794742584,0.1732002794742584,0.1732002794742584,207000.0
2017-09-22,0.1732002794742584,0.1732002794742584,0.1732002794742584,0.1732002794742584,189100.0
2017-09-25,0.1732002665378821,0.1732002665378821,0.1696655601263046,0.1696655601263046,34000.0
2017-09-26,0.1732002665378821,0.1732002665378821,0.1696655601263046,0.1696655601263046,595000.0
2017-09-27,0.1732002665378821,0.1732002665378821,0.1696655601263046,0.1696655601263046,20000.0
2017-09-28,0.1732002794742584,0.1767349756156186,0.1732002794742584,0.1732002794742584,428000.0
2017-09-29,0.1732002794742584,0.1732002794742584,0.1732002794742584,0.1732002794742584,100000.0
2017-10-02,0.1732002794742584,0.1732002794742584,0.1732002794742584,0.1732002794742584,233000.0
2017-10-03,0.1732002665378821,0.1732002665378821,0.1696655601263046,0.1696655601263046,300000.0
2017-10-04,0.1732002794742584,0.1732002794742584,0.1732002794742584,0.1732002794742584,70000.0
2017-10-05,0.1732002794742584,0.1732002794742584,0.1732002794742584,0.1732002794742584,302000.0
2017-10-06,0.1696655727986727,0.1732002794742584,0.1696655727986727,0.1732002794742584,20000.0
2017-10-09,0.1732002794742584,0.1767349756156186,0.1732002794742584,0.1732002794742584,62000.0
2017-10-10,0.1732002794742584,0.1732002794742584,0.1732002794742584,0.1732002794742584,290000.0
2017-10-11,0.1732002665378821,0.1732002665378821,0.1696655601263046,0.1696655601263046,1250000.0
2017-10-12,0.1696655601263046,0.1732002665378821,0.1661308642489518,0.1696655601263046,672000.0
2017-10-13,0.1696655601263046,0.1696655601263046,0.1696655601263046,0.1696655601263046,120000.0
2017-10-16,0.1696655601263046,0.1732002665378821,0.1696655601263046,0.1696655601263046,412900.0
2017-10-17,0.1696655601263046,0.1696655601263046,0.1696655601263046,0.1696655601263046,500000.0
2017-10-19,0.1696655601263046,0.1696655601263046,0.1696655601263046,0.1696655601263046,95000.0
2017-10-20,0.1696655601263046,0.1696655601263046,0.1696655601263046,0.1696655601263046,60000.0
2017-10-23,0.1696655601263046,0.1696655601263046,0.1696655601263046,0.1696655601263046,128100.0
2017-10-24,0.1696655601263046,0.1696655601263046,0.1696655601263046,0.1696655601263046,51900.0
2017-10-25,0.1696655601263046,0.1696655601263046,0.1696655601263046,0.1696655601263046,0.0
2017-10-26,0.1696655727986727,0.1732002794742584,0.1696655727986727,0.1732002794742584,18000.0
2017-10-27,0.1732002794742584,0.1732002794742584,0.1732002794742584,0.1732002794742584,335000.0
2017-10-30,0.1696655601263046,0.1696655601263046,0.1696655601263046,0.1696655601263046,605000.0
2017-10-31,0.1696655601263046,0.1696655601263046,0.1696655601263046,0.1696655601263046,255000.0
2017-11-01,0.1696655601263046,0.1696655601263046,0.1696655601263046,0.1696655601263046,100000.0
2017-11-02,0.1696655727986727,0.1732002794742584,0.1696655727986727,0.1732002794742584,41700.0
2017-11-03,0.1732002794742584,0.1732002794742584,0.1732002794742584,0.1732002794742584,25000.0
2017-11-06,0.1732002794742584,0.1732002794742584,0.1732002794742584,0.1732002794742584,233000.0
2017-11-07,0.1696655727986727,0.1732002794742584,0.1696655727986727,0.1732002794742584,28000.0
2017-11-08,0.1732002794742584,0.1732002794742584,0.1696655727986727,0.1732002794742584,474000.0
2017-11-09,0.1696655601263046,0.1732002665378821,0.1696655601263046,0.1696655601263046,48000.0
2017-11-10,0.1696655601263046,0.1732002665378821,0.1696655601263046,0.1696655601263046,95000.0
2017-11-13,0.1732002794742584,0.1732002794742584,0.1732002794742584,0.1732002794742584,70000.0
2017-11-14,0.1732002794742584,0.1732002794742584,0.1732002794742584,0.1732002794742584,414600.0
2017-11-15,0.1732002794742584,0.1732002794742584,0.1732002794742584,0.1732002794742584,0.0
2017-11-16,0.1732002794742584,0.1732002794742584,0.1732002794742584,0.1732002794742584,65000.0
2017-11-17,0.1732002794742584,0.1732002794742584,0.1732002794742584,0.1732002794742584,0.0
2017-11-20,0.1732002794742584,0.1732002794742584,0.1732002794742584,0.1732002794742584,0.0
2017-11-21,0.1696655601263046,0.1696655601263046,0.1696655601263046,0.1696655601263046,25000.0
2017-11-22,0.1696655601263046,0.1696655601263046,0.1696655601263046,0.1696655601263046,35000.0
2017-11-23,0.1732002794742584,0.1732002794742584,0.1732002794742584,0.1732002794742584,10000.0
2017-11-24,0.1696655601263046,0.1696655601263046,0.1696655601263046,0.1696655601263046,40000.0
2017-11-27,0.1696655601263046,0.1696655601263046,0.1696655601263046,0.1696655601263046,0.0
2017-11-28,0.1696655601263046,0.1696655601263046,0.1696655601263046,0.1696655601263046,23000.0
2017-11-29,0.1696655601263046,0.1732002665378821,0.1696655601263046,0.1696655601263046,16600.0
2017-11-30,0.1696655601263046,0.1696655601263046,0.1696655601263046,0.1696655601263046,0.0
2017-12-01,0.1696655601263046,0.1696655601263046,0.1696655601263046,0.1696655601263046,0.0
2017-12-04,0.1696655601263046,0.1696655601263046,0.1696655601263046,0.1696655601263046,0.0
2017-12-05,0.1732002794742584,0.1732002794742584,0.1732002794742584,0.1732002794742584,100000.0
2017-12-06,0.1732002794742584,0.1732002794742584,0.1732002794742584,0.1732002794742584,100000.0
2017-12-07,0.1696655601263046,0.1696655601263046,0.1696655601263046,0.1696655601263046,20000.0
2017-12-08,0.1696655513745365,0.1696655513745365,0.166130855679512,0.166130855679512,50000.0
2017-12-11,0.1696655601263046,0.1732002665378821,0.1661308642489518,0.1696655601263046,170000.0
2017-12-12,0.1732002794742584,0.1732002794742584,0.1732002794742584,0.1732002794742584,99600.0
2017-12-13,0.1732002794742584,0.1732002794742584,0.1732002794742584,0.1732002794742584,0.0
2017-12-14,0.1696655601263046,0.1696655601263046,0.1696655601263046,0.1696655601263046,30000.0
2017-12-15,0.1696655601263046,0.1696655601263046,0.1696655601263046,0.1696655601263046,0.0
2017-12-18,0.1732002794742584,0.1732002794742584,0.1732002794742584,0.1732002794742584,1005500.0
2017-12-19,0.1732002794742584,0.1767349756156186,0.1732002794742584,0.1732002794742584,43000.0
2017-12-20,0.1732002794742584,0.1732002794742584,0.1732002794742584,0.1732002794742584,60000.0
2017-12-21,0.1732002794742584,0.1732002794742584,0.1732002794742584,0.1732002794742584,120000.0
2017-12-22,0.1696655601263046,0.1696655601263046,0.1696655601263046,0.1696655601263046,200.0
2017-12-26,0.1732002794742584,0.1732002794742584,0.1732002794742584,0.1732002794742584,86000.0
2017-12-27,0.1732002794742584,0.1767349756156186,0.1732002794742584,0.1732002794742584,1043000.0
2017-12-28,0.1732002794742584,0.1732002794742584,0.1732002794742584,0.1732002794742584,72000.0
2017-12-29,0.1732002794742584,0.1732002794742584,0.1732002794742584,0.1732002794742584,0.0
2018-01-02,0.1767349756156186,0.1767349756156186,0.1732002794742584,0.1732002794742584,92100.0
2018-01-03,0.1732002794742584,0.1732002794742584,0.1732002794742584,0.1732002794742584,20000.0
2018-01-04,0.1767349788414745,0.190873784733435,0.1767349788414745,0.1873390674591064,1638800.0
2018-01-05,0.1873390674591064,0.1873390674591064,0.1838043712532291,0.1873390674591064,856600.0
2018-01-08,0.1838043848349067,0.1838043848349067,0.1802696883678436,0.1802696883678436,310000.0
2018-01-09,0.1802696883678436,0.1802696883678436,0.1802696883678436,0.1802696883678436,81000.0
2018-01-10,0.1802696883678436,0.1802696883678436,0.1802696883678436,0.1802696883678436,40000.0
2018-01-11,0.1802696883678436,0.1838043848349067,0.1802696883678436,0.1802696883678436,594000.0
2018-01-12,0.1802696346309673,0.1802696346309673,0.1767349392175674,0.1767349392175674,127000.0
2018-01-15,0.1767349919007804,0.1802696883678436,0.1767349919007804,0.1802696883678436,44000.0
2018-01-16,0.1767349392175674,0.1767349392175674,0.1767349392175674,0.1767349392175674,15000.0
2018-01-17,0.1767349392175674,0.1767349392175674,0.1767349392175674,0.1767349392175674,20000.0
2018-01-18,0.1767349919007804,0.1802696883678436,0.1767349919007804,0.1802696883678436,330900.0
2018-01-19,0.1802696883678436,0.1838043848349067,0.1802696883678436,0.1802696883678436,157000.0
2018-01-22,0.1802696883678436,0.1802696883678436,0.1767349919007804,0.1802696883678436,399400.0
2018-01-23,0.1802696883678436,0.1802696883678436,0.1767349919007804,0.1802696883678436,222600.0
2018-01-24,0.1802696883678436,0.1802696883678436,0.1802696883678436,0.1802696883678436,140000.0
2018-01-25,0.1802696883678436,0.1802696883678436,0.1802696883678436,0.1802696883678436,63000.0
2018-01-26,0.1802696883678436,0.1802696883678436,0.1802696883678436,0.1802696883678436,0.0
2018-01-29,0.1767349852455574,0.1873390742474338,0.1767349852455574,0.183804377913475,800900.0
2018-01-30,0.1838043528284183,0.1979431573030847,0.1838043528284183,0.1944084614515304,4679100.0
2018-01-31,0.1944084845283517,0.2014778770706167,0.1944084845283517,0.1979431807994842,1557300.0
2018-02-01,0.1944084935015736,0.2120819967414353,0.1944084935015736,0.2085472792387008,3730600.0
2018-02-02,0.2120819955584243,0.2120819955584243,0.2014778852462768,0.2014778852462768,1896600.0
2018-02-05,0.1979431888317118,0.2014778852462768,0.1908737960025819,0.2014778852462768,1541600.0
2018-02-06,0.183804377913475,0.1873390742474338,0.183804377913475,0.183804377913475,1648000.0
2018-02-07,0.190873784733435,0.190873784733435,0.1873390674591064,0.1873390674591064,350300.0
2018-02-08,0.1838043712532291,0.1873390674591064,0.1838043712532291,0.1873390674591064,385000.0
2018-02-09,0.1802696815795162,0.1873390742474338,0.1802696815795162,0.183804377913475,387700.0
2018-02-12,0.183804377913475,0.1873390742474338,0.183804377913475,0.183804377913475,196500.0
2018-02-13,0.1873390674591064,0.190873784733435,0.1873390674591064,0.1873390674591064,33500.0
2018-02-14,0.1873390674591064,0.1873390674591064,0.1873390674591064,0.1873390674591064,30000.0
2018-02-15,0.190873784733435,0.190873784733435,0.1873390674591064,0.1873390674591064,35000.0
2018-02-19,0.190873771905899,0.190873771905899,0.190873771905899,0.190873771905899,130000.0
2018-02-20,0.1873390674591064,0.1873390674591064,0.1873390674591064,0.1873390674591064,50000.0
2018-02-21,0.1908737655999761,0.1944084614515304,0.1908737655999761,0.1944084614515304,21500.0
2018-02-22,0.1944084678742296,0.1944084678742296,0.190873771905899,0.190873771905899,95000.0
2018-02-23,0.190873771905899,0.190873771905899,0.190873771905899,0.190873771905899,94000.0
2018-02-26,0.190873771905899,0.190873771905899,0.190873771905899,0.190873771905899,0.0
2018-02-27,0.190873784733435,0.190873784733435,0.1873390674591064,0.1873390674591064,30000.0
2018-02-28,0.1908737916498447,0.1908737916498447,0.183804377913475,0.183804377913475,85000.0
2018-03-01,0.183804377913475,0.183804377913475,0.183804377913475,0.183804377913475,45000.0
2018-03-02,0.1838043712532291,0.1873390674591064,0.1838043712532291,0.1873390674591064,20000.0
2018-03-05,0.183804377913475,0.1873390742474338,0.183804377913475,0.183804377913475,30000.0
2018-03-06,0.183804377913475,0.183804377913475,0.183804377913475,0.183804377913475,0.0
2018-03-07,0.183804377913475,0.183804377913475,0.183804377913475,0.183804377913475,0.0
2018-03-08,0.183804377913475,0.183804377913475,0.183804377913475,0.183804377913475,0.0
2018-03-09,0.183804377913475,0.183804377913475,0.183804377913475,0.183804377913475,0.0
2018-03-12,0.1873390674591064,0.1873390674591064,0.1873390674591064,0.1873390674591064,100000.0
2018-03-13,0.1873390548691186,0.190873771905899,0.1873390548691186,0.190873771905899,30000.0
2018-03-14,0.1873390742474338,0.1873390742474338,0.183804377913475,0.183804377913475,95900.0
2018-03-15,0.183804377913475,0.183804377913475,0.183804377913475,0.183804377913475,0.0
2018-03-16,0.183804377913475,0.183804377913475,0.183804377913475,0.183804377913475,0.0
2018-03-19,0.183804377913475,0.183804377913475,0.183804377913475,0.183804377913475,0.0
2018-03-20,0.1908737960025819,0.2014778852462768,0.1908737960025819,0.2014778852462768,287900.0
2018-03-21,0.2014778770706167,0.2014778770706167,0.1908737882572192,0.1979431807994842,172500.0
2018-03-22,0.1979431573030847,0.2014778531546391,0.1944084614515304,0.1944084614515304,212000.0
2018-03-23,0.1944084614515304,0.1944084614515304,0.1908737655999761,0.1944084614515304,367100.0
2018-03-26,0.1873390486799726,0.1944084614515304,0.1873390486799726,0.1944084614515304,40000.0
2018-03-27,0.1944084614515304,0.1944084614515304,0.1944084614515304,0.1944084614515304,0.0
2018-03-28,0.190873784733435,0.190873784733435,0.1873390674591064,0.1873390674591064,132000.0
2018-03-29,0.1873390674591064,0.1873390674591064,0.1873390674591064,0.1873390674591064,0.0
2018-04-02,0.1873390674591064,0.1873390674591064,0.1873390674591064,0.1873390674591064,0.0
2018-04-03,0.1873390674591064,0.1873390674591064,0.1873390674591064,0.1873390674591064,0.0
2018-04-04,0.183804377913475,0.183804377913475,0.183804377913475,0.183804377913475,60000.0
2018-04-05,0.183804377913475,0.183804377913475,0.183804377913475,0.183804377913475,53500.0
2018-04-06,0.183804377913475,0.183804377913475,0.183804377913475,0.183804377913475,0.0
2018-04-09,0.183804377913475,0.183804377913475,0.183804377913475,0.183804377913475,0.0
2018-04-10,0.1873390548691186,0.1944084678742296,0.1873390548691186,0.190873771905899,45000.0
2018-04-11,0.190873771905899,0.190873771905899,0.190873771905899,0.190873771905899,0.0
2018-04-12,0.1944084614515304,0.1944084614515304,0.1944084614515304,0.1944084614515304,105000.0
2018-04-13,0.1944084614515304,0.1944084614515304,0.1944084614515304,0.1944084614515304,126000.0
2018-04-16,0.1944084614515304,0.1944084614515304,0.1944084614515304,0.1944084614515304,120000.0
2018-04-17,0.1944084614515304,0.1944084614515304,0.1944084614515304,0.1944084614515304,0.0
2018-04-18,0.1944084614515304,0.1944084614515304,0.1944084614515304,0.1944084614515304,40000.0
2018-04-19,0.1944084845283517,0.1979431807994842,0.1944084845283517,0.1979431807994842,157000.0
2018-04-20,0.1979431807994842,0.1979431807994842,0.1979431807994842,0.1979431807994842,35200.0
2018-04-23,0.1944084614515304,0.1944084614515304,0.1944084614515304,0.1944084614515304,20000.0
2018-04-24,0.1944084614515304,0.1979431573030847,0.1944084614515304,0.1944084614515304,384000.0
2018-04-25,0.1908737655999761,0.1944084614515304,0.1908737655999761,0.1944084614515304,15000.0
2018-04-26,0.1944084614515304,0.1944084614515304,0.1908737655999761,0.1944084614515304,95300.0
2018-04-27,0.1944084614515304,0.1944084614515304,0.1944084614515304,0.1944084614515304,165000.0
2018-04-30,0.2017446458339691,0.2017446458339691,0.2017446458339691,0.2017446458339691,0.0
2018-05-02,0.1944084614515304,0.1944084614515304,0.1944084614515304,0.1944084614515304,70000.0
2018-05-03,0.1944084614515304,0.1944084614515304,0.1944084614515304,0.1944084614515304,0.0
2018-05-04,0.1944084614515304,0.1944084614515304,0.1944084614515304,0.1944084614515304,30300.0
2018-05-07,0.1944084614515304,0.1944084614515304,0.1944084614515304,0.1944084614515304,0.0
2018-05-08,0.1944084614515304,0.1944084614515304,0.1944084614515304,0.1944084614515304,0.0
2018-05-09,0.1944084614515304,0.1944084614515304,0.1944084614515304,0.1944084614515304,0.0
2018-05-10,0.1944084614515304,0.1944084614515304,0.1944084614515304,0.1944084614515304,0.0
2018-05-11,0.198076564941922,0.2017446458339691,0.198076564941922,0.2017446458339691,114000.0
2018-05-14,0.2017446458339691,0.2017446458339691,0.2017446458339691,0.2017446458339691,62100.0
2018-05-15,0.2017446458339691,0.2017446458339691,0.2017446458339691,0.2017446458339691,166000.0
2018-05-16,0.201744649613836,0.2054127305746078,0.201744649613836,0.2054127305746078,125000.0
2018-05-17,0.2054127267260161,0.2127488885101103,0.2017446458339691,0.2017446458339691,748500.0
2018-05-18,0.1980765610933303,0.1980765610933303,0.1980765610933303,0.1980765610933303,55700.0
2018-05-21,0.1980765610933303,0.1980765610933303,0.1980765610933303,0.1980765610933303,0.0
2018-05-22,0.1980765610933303,0.1980765610933303,0.1980765610933303,0.1980765610933303,0.0
2018-05-23,0.198076564941922,0.2017446458339691,0.198076564941922,0.2017446458339691,210000.0
2018-05-24,0.2017446458339691,0.2017446458339691,0.2017446458339691,0.2017446458339691,20000.0
2018-05-25,0.2017446458339691,0.2017446458339691,0.2017446458339691,0.2017446458339691,209000.0
2018-05-28,0.2017446458339691,0.2017446458339691,0.2017446458339691,0.2017446458339691,0.0
2018-05-30,0.2017446458339691,0.2017446458339691,0.2017446458339691,0.2017446458339691,0.0
2018-05-31,0.1980765686530641,0.2054127305746078,0.1980765686530641,0.2054127305746078,21000.0
2018-06-01,0.2054127305746078,0.2054127305746078,0.2054127305746078,0.2054127305746078,0.0
2018-06-04,0.2054127305746078,0.2054127305746078,0.2054127305746078,0.2054127305746078,10000.0
2018-06-05,0.2017446458339691,0.2017446458339691,0.2017446458339691,0.2017446458339691,220000.0
2018-06-06,0.2017446458339691,0.2017446458339691,0.2017446458339691,0.2017446458339691,0.0
2018-06-07,0.2017446458339691,0.2017446458339691,0.2017446458339691,0.2017446458339691,0.0
2018-06-08,0.2017446458339691,0.2017446458339691,0.2017446458339691,0.2017446458339691,0.0
2018-06-11,0.2054127305746078,0.2054127305746078,0.2054127305746078,0.2054127305746078,20100.0
2018-06-12,0.2054127305746078,0.2054127305746078,0.2054127305746078,0.2054127305746078,0.0
2018-06-13,0.1907403767108917,0.1907403767108917,0.1907403767108917,0.1907403767108917,22000.0
2018-06-14,0.1907403767108917,0.1907403767108917,0.1907403767108917,0.1907403767108917,0.0
2018-06-18,0.1907403767108917,0.1907403767108917,0.1907403767108917,0.1907403767108917,0.0
2018-06-19,0.1907403767108917,0.1907403767108917,0.1907403767108917,0.1907403767108917,0.0
2018-06-20,0.1907403767108917,0.1907403767108917,0.1907403767108917,0.1907403767108917,0.0
2018-06-21,0.1907403767108917,0.1907403767108917,0.1907403767108917,0.1907403767108917,0.0
2018-06-22,0.1907403767108917,0.1907403767108917,0.1907403767108917,0.1907403767108917,0.0
2018-06-25,0.1944084584090672,0.1980765610933303,0.1944084584090672,0.1980765610933303,220000.0
2018-06-26,0.1980765610933303,0.1980765610933303,0.1980765610933303,0.1980765610933303,0.0
2018-06-27,0.1980765641931989,0.1980765641931989,0.1944084614515304,0.1944084614515304,30000.0
2018-06-28,0.1944084614515304,0.1944084614515304,0.1944084614515304,0.1944084614515304,0.0
2018-06-29,0.1980765641931989,0.1980765641931989,0.1944084614515304,0.1944084614515304,235000.0
2018-07-02,0.1944084614515304,0.1944084614515304,0.1944084614515304,0.1944084614515304,0.0
2018-07-03,0.1944084614515304,0.1944084614515304,0.1944084614515304,0.1944084614515304,50000.0
2018-07-04,0.1944084614515304,0.1944084614515304,0.1944084614515304,0.1944084614515304,0.0
2018-07-05,0.1944084614515304,0.1944084614515304,0.1944084614515304,0.1944084614515304,55000.0
2018-07-06,0.1944084614515304,0.1944084614515304,0.1944084614515304,0.1944084614515304,284000.0
2018-07-09,0.1944084614515304,0.1944084614515304,0.1944084614515304,0.1944084614515304,0.0
2018-07-10,0.1907403575036255,0.1907403575036255,0.1870722770690918,0.1870722770690918,64000.0
2018-07-11,0.1944084614515304,0.1944084614515304,0.1944084614515304,0.1944084614515304,25000.0
2018-07-12,0.1944084614515304,0.1944084614515304,0.1944084614515304,0.1944084614515304,0.0
2018-07-13,0.1944084614515304,0.1944084614515304,0.1944084614515304,0.1944084614515304,0.0
2018-07-16,0.1944084614515304,0.1944084614515304,0.1944084614515304,0.1944084614515304,0.0
2018-07-17,0.1944084614515304,0.1944084614515304,0.1944084614515304,0.1944084614515304,0.0
2018-07-18,0.1944084614515304,0.1944084614515304,0.1944084614515304,0.1944084614515304,30000.0
2018-07-19,0.1944084614515304,0.1944084614515304,0.1944084614515304,0.1944084614515304,0.0
2018-07-20,0.1944084614515304,0.1944084614515304,0.1944084614515304,0.1944084614515304,8000.0
2018-07-23,0.1944084614515304,0.1944084614515304,0.1944084614515304,0.1944084614515304,0.0
2018-07-24,0.1944084614515304,0.1944084614515304,0.1944084614515304,0.1944084614515304,0.0
2018-07-25,0.1944084614515304,0.1944084614515304,0.1944084614515304,0.1944084614515304,0.0
2018-07-26,0.1944084614515304,0.1944084614515304,0.1944084614515304,0.1944084614515304,19000.0
2018-07-27,0.1944084614515304,0.1944084614515304,0.1944084614515304,0.1944084614515304,0.0
2018-07-30,0.1944084614515304,0.1944084614515304,0.1944084614515304,0.1944084614515304,0.0
2018-07-31,0.1944084614515304,0.1944084614515304,0.1944084614515304,0.1944084614515304,0.0
2018-08-01,0.1907403805733486,0.1944084614515304,0.1907403805733486,0.1944084614515304,60000.0
2018-08-02,0.1944084614515304,0.1944084614515304,0.1944084614515304,0.1944084614515304,0.0
2018-08-03,0.1944084614515304,0.1944084614515304,0.1944084614515304,0.1944084614515304,0.0
2018-08-06,0.1944084614515304,0.1944084614515304,0.1944084614515304,0.1944084614515304,0.0
2018-08-07,0.1907403767108917,0.1907403767108917,0.1907403767108917,0.1907403767108917,10000.0
2018-08-08,0.1907403767108917,0.1907403767108917,0.1907403767108917,0.1907403767108917,0.0
2018-08-10,0.1907403767108917,0.1907403767108917,0.1907403767108917,0.1907403767108917,0.0
2018-08-13,0.1907403767108917,0.1907403767108917,0.1907403767108917,0.1907403767108917,0.0
2018-08-14,0.1980765641931989,0.1980765641931989,0.1944084614515304,0.1944084614515304,65000.0
2018-08-15,0.1907403767108917,0.1907403767108917,0.1907403767108917,0.1907403767108917,17000.0
2018-08-16,0.1907403767108917,0.1907403767108917,0.1907403767108917,0.1907403767108917,0.0
2018-08-17,0.1907403767108917,0.1907403767108917,0.1907403767108917,0.1907403767108917,0.0
2018-08-20,0.1907403767108917,0.1907403767108917,0.1907403767108917,0.1907403767108917,0.0
2018-08-21,0.1907403767108917,0.1907403767108917,0.1907403767108917,0.1907403767108917,0.0
2018-08-23,0.1944084575147956,0.1944084575147956,0.1907403767108917,0.1907403767108917,20000.0
2018-08-24,0.1907403767108917,0.1907403767108917,0.1907403767108917,0.1907403767108917,0.0
2018-08-27,0.1907403767108917,0.1907403767108917,0.1907403767108917,0.1907403767108917,0.0
2018-08-28,0.1907403767108917,0.1907403767108917,0.1907403767108917,0.1907403767108917,0.0
2018-08-29,0.1907403767108917,0.1907403767108917,0.1907403767108917,0.1907403767108917,0.0
2018-08-30,0.1907403805733486,0.1944084614515304,0.1870722996951667,0.1944084614515304,128500.0
2018-08-31,0.1944084614515304,0.1944084614515304,0.1944084614515304,0.1944084614515304,0.0
2018-09-03,0.1944084614515304,0.1944084614515304,0.1944084614515304,0.1944084614515304,0.0
2018-09-04,0.1944084614515304,0.1944084614515304,0.1944084614515304,0.1944084614515304,0.0
2018-09-05,0.1944084614515304,0.1944084614515304,0.1944084614515304,0.1944084614515304,0.0
2018-09-06,0.1944084614515304,0.1944084614515304,0.1944084614515304,0.1944084614515304,23600.0
2018-09-07,0.1944084614515304,0.1944084614515304,0.1944084614515304,0.1944084614515304,0.0
2018-09-10,0.1907403767108917,0.1907403767108917,0.1907403767108917,0.1907403767108917,30000.0
2018-09-11,0.1907403767108917,0.1907403767108917,0.1907403767108917,0.1907403767108917,0.0
2018-09-12,0.1870722770690918,0.1870722770690918,0.1870722770690918,0.1870722770690918,20000.0
2018-09-13,0.1870722770690918,0.1870722770690918,0.1870722770690918,0.1870722770690918,0.0
2018-09-14,0.1870722770690918,0.1870722770690918,0.1870722770690918,0.1870722770690918,0.0
2018-09-17,0.1870722770690918,0.1870722770690918,0.1870722770690918,0.1870722770690918,0.0
2018-09-18,0.1834042221307754,0.1834042221307754,0.1834042221307754,0.1834042221307754,100000.0
2018-09-19,0.1834042221307754,0.1834042221307754,0.1834042221307754,0.1834042221307754,0.0
2018-09-20,0.1834042221307754,0.1834042221307754,0.1834042221307754,0.1834042221307754,0.0
2018-09-21,0.1834042221307754,0.1834042221307754,0.1834042221307754,0.1834042221307754,0.0
2018-09-24,0.1834042221307754,0.1834042221307754,0.1834042221307754,0.1834042221307754,0.0
2018-09-25,0.1870722770690918,0.1870722770690918,0.1870722770690918,0.1870722770690918,40000.0
2018-09-26,0.1870722770690918,0.1870722770690918,0.1870722770690918,0.1870722770690918,10000.0
2018-09-27,0.1870722770690918,0.1870722770690918,0.1870722770690918,0.1870722770690918,0.0
2018-09-28,0.1870722770690918,0.1870722770690918,0.1870722770690918,0.1870722770690918,0.0
2018-10-01,0.1834042221307754,0.1834042221307754,0.1834042221307754,0.1834042221307754,20000.0
2018-10-02,0.1834042221307754,0.1834042221307754,0.1834042221307754,0.1834042221307754,0.0
2018-10-03,0.1834042221307754,0.1834042221307754,0.1834042221307754,0.1834042221307754,0.0
2018-10-04,0.1834042221307754,0.1834042221307754,0.1834042221307754,0.1834042221307754,0.0
2018-10-05,0.1834042221307754,0.1834042221307754,0.1834042221307754,0.1834042221307754,0.0
2018-10-08,0.1834042221307754,0.1834042221307754,0.1834042221307754,0.1834042221307754,0.0
2018-10-09,0.1834042221307754,0.1834042221307754,0.1834042221307754,0.1834042221307754,20000.0
2018-10-10,0.1834042221307754,0.1834042221307754,0.1834042221307754,0.1834042221307754,0.0
2018-10-11,0.1834042221307754,0.1834042221307754,0.1834042221307754,0.1834042221307754,25000.0
2018-10-12,0.1834042221307754,0.1834042221307754,0.1834042221307754,0.1834042221307754,0.0
2018-10-15,0.1797361162000243,0.1870722770690918,0.1760680248337486,0.1870722770690918,83000.0
2018-10-16,0.1870722770690918,0.1870722770690918,0.1870722770690918,0.1870722770690918,0.0
2018-10-17,0.1870722770690918,0.1870722770690918,0.1870722770690918,0.1870722770690918,0.0
2018-10-18,0.1870722770690918,0.1870722770690918,0.1870722770690918,0.1870722770690918,0.0
2018-10-19,0.1870722770690918,0.1870722770690918,0.1870722770690918,0.1870722770690918,0.0
2018-10-22,0.1870722770690918,0.1870722770690918,0.1870722770690918,0.1870722770690918,0.0
2018-10-23,0.1870722770690918,0.1870722770690918,0.1870722770690918,0.1870722770690918,0.0
2018-10-24,0.1797361293836669,0.1797361293836669,0.1760680377483368,0.1760680377483368,20000.0
2018-10-25,0.1760680377483368,0.1760680377483368,0.1760680377483368,0.1760680377483368,0.0
2018-10-26,0.1760680377483368,0.1760680377483368,0.1760680377483368,0.1760680377483368,0.0
2018-10-29,0.1760680377483368,0.1760680377483368,0.1760680377483368,0.1760680377483368,18700.0
2018-10-30,0.1760680377483368,0.1760680377483368,0.1760680377483368,0.1760680377483368,0.0
2018-10-31,0.1723999679088592,0.1760680488435977,0.1723999679088592,0.1723999679088592,180600.0
2018-11-01,0.1870722967675133,0.1980765610933303,0.1870722967675133,0.1980765610933303,23100.0
2018-11-02,0.1980765610933303,0.1980765610933303,0.1980765610933303,0.1980765610933303,0.0
2018-11-05,0.1980765610933303,0.1980765610933303,0.1980765610933303,0.1980765610933303,0.0
2018-11-07,0.1980765610933303,0.1980765610933303,0.1980765610933303,0.1980765610933303,0.0
2018-11-08,0.1980765610933303,0.1980765610933303,0.1980765610933303,0.1980765610933303,0.0
2018-11-09,0.1980765610933303,0.1980765610933303,0.1980765610933303,0.1980765610933303,0.0
2018-11-12,0.1980765610933303,0.1980765610933303,0.1980765610933303,0.1980765610933303,0.0
2018-11-13,0.1980765610933303,0.1980765610933303,0.1980765610933303,0.1980765610933303,0.0
2018-11-14,0.1760680488435977,0.1760680488435977,0.1723999679088592,0.1723999679088592,130000.0
2018-11-15,0.1723999679088592,0.1907403835142949,0.1723999679088592,0.1723999679088592,40500.0
2018-11-16,0.1723999679088592,0.1723999679088592,0.1723999679088592,0.1723999679088592,150000.0
2018-11-19,0.1687318831682205,0.1687318831682205,0.1687318831682205,0.1687318831682205,68000.0
2018-11-20,0.1613957285881042,0.1613957285881042,0.1613957285881042,0.1613957285881042,100000.0
2018-11-21,0.1613957285881042,0.1613957285881042,0.1613957285881042,0.1613957285881042,0.0
2018-11-22,0.1613957285881042,0.1613957285881042,0.1613957285881042,0.1613957285881042,119600.0
2018-11-23,0.1613957285881042,0.1613957285881042,0.1613957285881042,0.1613957285881042,0.0
2018-11-26,0.1613956945335327,0.1613956945335327,0.1577276140451431,0.1577276140451431,50000.0
2018-11-27,0.1577276140451431,0.1577276140451431,0.1577276140451431,0.1577276140451431,0.0
2018-11-28,0.1577276140451431,0.1577276140451431,0.1577276140451431,0.1577276140451431,0.0
2018-11-29,0.1577276140451431,0.1577276140451431,0.1577276140451431,0.1577276140451431,0.0
2018-11-30,0.1503914604369416,0.1723999679088592,0.1503914604369416,0.1723999679088592,43000.0
2018-12-03,0.1503914594650268,0.1503914594650268,0.1503914594650268,0.1503914594650268,61000.0
2018-12-04,0.1503914509597394,0.1760680377483368,0.1503914509597394,0.1760680377483368,110100.0
2018-12-05,0.1760680377483368,0.1760680377483368,0.1760680377483368,0.1760680377483368,0.0
2018-12-06,0.1760680377483368,0.1760680377483368,0.1760680377483368,0.1760680377483368,0.0
2018-12-07,0.1760680377483368,0.1760680377483368,0.1760680377483368,0.1760680377483368,0.0
2018-12-10,0.1760680377483368,0.1760680377483368,0.1760680377483368,0.1760680377483368,0.0
2018-12-11,0.1760680377483368,0.1760680377483368,0.1760680377483368,0.1760680377483368,0.0
2018-12-12,0.1760680377483368,0.1760680377483368,0.1760680377483368,0.1760680377483368,0.0
2018-12-13,0.1760680377483368,0.1760680377483368,0.1760680377483368,0.1760680377483368,0.0
2018-12-14,0.1760680377483368,0.1760680377483368,0.1760680377483368,0.1760680377483368,0.0
2018-12-17,0.1760680377483368,0.1760680377483368,0.1760680377483368,0.1760680377483368,0.0
2018-12-18,0.1760680377483368,0.1760680377483368,0.1760680377483368,0.1760680377483368,0.0
2018-12-19,0.146723370256152,0.1760680377483368,0.146723370256152,0.1760680377483368,933100.0
2018-12-20,0.1760680377483368,0.1760680377483368,0.1760680377483368,0.1760680377483368,0.0
2018-12-21,0.1760680377483368,0.1760680377483368,0.1760680377483368,0.1760680377483368,0.0
2018-12-24,0.1760680377483368,0.1760680377483368,0.1760680377483368,0.1760680377483368,0.0
2018-12-26,0.1760680377483368,0.1760680377483368,0.1760680377483368,0.1760680377483368,0.0
2018-12-27,0.1760680377483368,0.1760680377483368,0.1760680377483368,0.1760680377483368,0.0
2018-12-28,0.1760680377483368,0.1760680377483368,0.1760680377483368,0.1760680377483368,0.0
2018-12-31,0.1760680377483368,0.1760680377483368,0.1760680377483368,0.1760680377483368,0.0
2019-01-01,0.1760680377483368,0.1760680377483368,0.1760680377483368,0.1760680377483368,0.0
2019-01-02,0.1467233747243881,0.1467233747243881,0.1467233747243881,0.1467233747243881,8000.0
2019-01-03,0.1650637951076388,0.1723999679088592,0.1650637951076388,0.1723999679088592,40300.0
2019-01-04,0.1723999679088592,0.1723999679088592,0.1723999679088592,0.1723999679088592,0.0
2019-01-07,0.1723999679088592,0.1723999679088592,0.1723999679088592,0.1723999679088592,0.0
2019-01-08,0.1723999679088592,0.1723999679088592,0.1723999679088592,0.1723999679088592,0.0
2019-01-09,0.1577276473257478,0.1613957285881042,0.1577276473257478,0.1613957285881042,177000.0
2019-01-10,0.1613957285881042,0.1613957285881042,0.1613957285881042,0.1613957285881042,0.0
2019-01-11,0.1613957285881042,0.1613957285881042,0.1613957285881042,0.1613957285881042,0.0
2019-01-14,0.1613957285881042,0.1613957285881042,0.1613957285881042,0.1613957285881042,0.0
2019-01-15,0.1613957285881042,0.1613957285881042,0.1613957285881042,0.1613957285881042,0.0
2019-01-16,0.1613957285881042,0.1613957285881042,0.1613957285881042,0.1613957285881042,0.0
2019-01-17,0.1613957285881042,0.1613957285881042,0.1613957285881042,0.1613957285881042,9900.0
2019-01-18,0.1613957285881042,0.1613957285881042,0.1613957285881042,0.1613957285881042,0.0
2019-01-21,0.1613957285881042,0.1613957285881042,0.1613957285881042,0.1613957285881042,0.0
2019-01-22,0.1613957285881042,0.1613957285881042,0.1613957285881042,0.1613957285881042,0.0
2019-01-23,0.1613957285881042,0.1613957285881042,0.1613957285881042,0.1613957285881042,0.0
2019-01-24,0.1613957285881042,0.1613957285881042,0.1613957285881042,0.1613957285881042,0.0
2019-01-25,0.1577276731044693,0.2127489447593689,0.1577276731044693,0.2127489447593689,13000.0
2019-01-28,0.1944084614515304,0.1944084614515304,0.1944084614515304,0.1944084614515304,2000.0
2019-01-29,0.1944084614515304,0.1944084614515304,0.1944084614515304,0.1944084614515304,0.0
2019-01-30,0.1944084614515304,0.1944084614515304,0.1944084614515304,0.1944084614515304,0.0
2019-01-31,0.1870722770690918,0.1870722770690918,0.1870722770690918,0.1870722770690918,2000.0
2019-02-01,0.1870722770690918,0.1870722770690918,0.1870722770690918,0.1870722770690918,44500.0
2019-02-04,0.1870722770690918,0.1870722770690918,0.1870722770690918,0.1870722770690918,0.0
2019-02-05,0.1870722770690918,0.1870722770690918,0.1870722770690918,0.1870722770690918,0.0
2019-02-07,0.1870722770690918,0.1870722770690918,0.1870722770690918,0.1870722770690918,0.0
2019-02-08,0.1870722770690918,0.1870722770690918,0.1870722770690918,0.1870722770690918,0.0
2019-02-11,0.1613957285881042,0.1613957285881042,0.1613957285881042,0.1613957285881042,2000.0
2019-02-12,0.1613957285881042,0.1613957285881042,0.1613957285881042,0.1613957285881042,0.0
2019-02-13,0.1613957285881042,0.1613957285881042,0.1613957285881042,0.1613957285881042,0.0
2019-02-14,0.1944084614515304,0.1944084614515304,0.1944084614515304,0.1944084614515304,3300.0
2019-02-15,0.1944084614515304,0.1944084614515304,0.1944084614515304,0.1944084614515304,0.0
2019-02-18,0.1944084614515304,0.1944084614515304,0.1944084614515304,0.1944084614515304,0.0
2019-02-19,0.183404196634558,0.1870722770690918,0.183404196634558,0.1870722770690918,55200.0
2019-02-20,0.1870722770690918,0.1870722770690918,0.1870722770690918,0.1870722770690918,13800.0
2019-02-21,0.183404196634558,0.1907403575036255,0.183404196634558,0.1870722770690918,269800.0
2019-02-22,0.187072303075233,0.187072303075233,0.1834042221307754,0.1834042221307754,400400.0
2019-02-25,0.1834042221307754,0.1834042221307754,0.1834042221307754,0.1834042221307754,100000.0
2019-02-26,0.1797361411863178,0.1834042221307754,0.1797361411863178,0.1834042221307754,149600.0
2019-02-27,0.1834042221307754,0.1834042221307754,0.1834042221307754,0.1834042221307754,0.0
2019-02-28,0.1944084379381592,0.1980765402361769,0.1870722770690918,0.1870722770690918,226800.0
2019-03-01,0.1870722770690918,0.1870722770690918,0.1870722770690918,0.1870722770690918,0.0
2019-03-04,0.1870722770690918,0.1870722770690918,0.1870722770690918,0.1870722770690918,0.0
2019-03-05,0.1870722770690918,0.1870722770690918,0.1870722770690918,0.1870722770690918,0.0
2019-03-06,0.1834042221307754,0.1834042221307754,0.1834042221307754,0.1834042221307754,50800.0
2019-03-07,0.183404196634558,0.1870722770690918,0.183404196634558,0.1870722770690918,3282600.0
2019-03-08,0.1870722959069878,0.1907403767108917,0.1834042151030839,0.1907403767108917,895300.0
2019-03-11,0.1834042100872543,0.1834042100872543,0.1760680377483368,0.1760680377483368,120000.0
2019-03-12,0.1834042221307754,0.1834042221307754,0.1834042221307754,0.1834042221307754,80000.0
2019-03-13,0.1834042100872543,0.1834042100872543,0.1760680377483368,0.1760680377483368,58000.0
2019-03-14,0.1797361224889755,0.1797361224889755,0.1797361224889755,0.1797361224889755,129300.0
2019-03-15,0.1834042151030839,0.1907403767108917,0.1834042151030839,0.1907403767108917,40000.0
2019-03-18,0.1870722770690918,0.1870722770690918,0.1870722770690918,0.1870722770690918,14500.0
2019-03-19,0.1870722770690918,0.1870722770690918,0.1870722770690918,0.1870722770690918,0.0
2019-03-20,0.1870722770690918,0.1870722770690918,0.1870722770690918,0.1870722770690918,0.0
2019-03-21,0.1870722770690918,0.1870722770690918,0.1870722770690918,0.1870722770690918,0.0
2019-03-22,0.1870722770690918,0.1870722770690918,0.1870722770690918,0.1870722770690918,60000.0
2019-03-25,0.1870722770690918,0.1870722770690918,0.1870722770690918,0.1870722770690918,50500.0
2019-03-26,0.1870722770690918,0.1870722770690918,0.1870722770690918,0.1870722770690918,0.0
2019-03-27,0.1870722770690918,0.1870722770690918,0.1870722770690918,0.1870722770690918,112000.0
2019-03-28,0.187072303075233,0.187072303075233,0.1834042221307754,0.1834042221307754,33000.0
2019-03-29,0.1834042221307754,0.1834042221307754,0.1834042221307754,0.1834042221307754,0.0
2019-04-01,0.1870722770690918,0.1870722770690918,0.1870722770690918,0.1870722770690918,162200.0
2019-04-02,0.1870722959069878,0.1907403767108917,0.1870722959069878,0.1907403767108917,200000.0
2019-04-03,0.1907403767108917,0.1907403767108917,0.1907403767108917,0.1907403767108917,0.0
2019-04-04,0.1870722959069878,0.1907403767108917,0.1870722959069878,0.1907403767108917,65000.0
2019-04-05,0.1870722770690918,0.1907403575036255,0.1870722770690918,0.1870722770690918,28200.0
2019-04-08,0.1870722770690918,0.1870722770690918,0.1870722770690918,0.1870722770690918,0.0
2019-04-09,0.1870722770690918,0.1870722770690918,0.1870722770690918,0.1870722770690918,0.0
2019-04-10,0.1870722770690918,0.1870722770690918,0.1870722770690918,0.1870722770690918,55000.0
2019-04-11,0.1870722770690918,0.1870722770690918,0.1870722770690918,0.1870722770690918,13700.0
2019-04-12,0.1870722959069878,0.1907403767108917,0.1834042151030839,0.1907403767108917,28400.0
2019-04-15,0.1907403767108917,0.1907403767108917,0.1907403767108917,0.1907403767108917,0.0
2019-04-16,0.1870722996951667,0.1944084614515304,0.1870722996951667,0.1944084614515304,42800.0
2019-04-17,0.1907403767108917,0.1907403767108917,0.1870722959069878,0.1907403767108917,91400.0
2019-04-18,0.1907403767108917,0.1907403767108917,0.1907403767108917,0.1907403767108917,0.0
2019-04-22,0.1907403575036255,0.1907403575036255,0.1870722770690918,0.1870722770690918,5700.0
2019-04-23,0.1870722959069878,0.1907403767108917,0.1870722959069878,0.1907403767108917,30900.0
2019-04-24,0.1907403767108917,0.1907403767108917,0.1907403767108917,0.1907403767108917,0.0
2019-04-25,0.1907403767108917,0.1944084575147956,0.1907403767108917,0.1907403767108917,251100.0
2019-04-26,0.1907403805733486,0.1944084614515304,0.1907403805733486,0.1944084614515304,160400.0
2019-04-29,0.1907403575036255,0.1944084379381592,0.183404196634558,0.1870722770690918,416300.0
2019-04-30,0.1870722770690918,0.1870722770690918,0.1870722770690918,0.1870722770690918,104000.0
2019-05-02,0.1870722770690918,0.1907403575036255,0.1870722770690918,0.1870722770690918,119000.0
2019-05-03,0.1870722770690918,0.1870722770690918,0.1870722770690918,0.1870722770690918,29700.0
2019-05-06,0.1870722770690918,0.1907403575036255,0.1870722770690918,0.1870722770690918,12400.0
2019-05-07,0.1870722959069878,0.1944084575147956,0.1870722959069878,0.1907403767108917,57100.0
2019-05-08,0.1907403767108917,0.1907403767108917,0.1907403767108917,0.1907403767108917,0.0
2019-05-09,0.1870722770690918,0.1907403575036255,0.1870722770690918,0.1870722770690918,42200.0
2019-05-10,0.1870722770690918,0.1870722770690918,0.1870722770690918,0.1870722770690918,21500.0
2019-05-13,0.1870722770690918,0.1870722770690918,0.1870722770690918,0.1870722770690918,5300.0
2019-05-14,0.1870722770690918,0.1870722770690918,0.1870722770690918,0.1870722770690918,1300.0
2019-05-15,0.1870722959069878,0.1907403767108917,0.1834042151030839,0.1907403767108917,29200.0
2019-05-16,0.1870722770690918,0.1870722770690918,0.1870722770690918,0.1870722770690918,7300.0
2019-05-17,0.1870722770690918,0.1870722770690918,0.1870722770690918,0.1870722770690918,13800.0
2019-05-21,0.1870722770690918,0.1870722770690918,0.1870722770690918,0.1870722770690918,0.0
2019-05-22,0.1834042221307754,0.1834042221307754,0.1834042221307754,0.1834042221307754,13100.0
2019-05-23,0.1834042221307754,0.1834042221307754,0.1834042221307754,0.1834042221307754,88200.0
2019-05-24,0.1926514985823826,0.1965045248794945,0.1887984722852707,0.1887984722852707,129500.0
2019-05-27,0.1887984722852707,0.1887984722852707,0.1887984722852707,0.1887984722852707,20000.0
2019-05-28,0.1849454170850197,0.1965045063705162,0.1849454170850197,0.192651480436325,74800.0
2019-05-29,0.192651480436325,0.192651480436325,0.192651480436325,0.192651480436325,0.0
2019-05-30,0.1849454343318939,0.1849454343318939,0.1849454343318939,0.1849454343318939,20000.0
2019-05-31,0.1849454343318939,0.1849454343318939,0.1849454343318939,0.1849454343318939,0.0
2019-06-03,0.1849454343318939,0.1849454343318939,0.1849454343318939,0.1849454343318939,0.0
2019-06-04,0.1849454170850197,0.192651480436325,0.1849454170850197,0.192651480436325,20100.0
2019-06-06,0.1887984721083187,0.1887984721083187,0.1849454343318939,0.1849454343318939,110000.0
2019-06-07,0.1926514985823826,0.1926514985823826,0.1887984722852707,0.1887984722852707,28000.0
2019-06-10,0.1887984722852707,0.1887984722852707,0.1887984722852707,0.1887984722852707,0.0
2019-06-11,0.1849454343318939,0.1887984721083187,0.1849454343318939,0.1849454343318939,28000.0
2019-06-12,0.1849454343318939,0.1849454343318939,0.1849454343318939,0.1849454343318939,0.0
2019-06-13,0.1849454343318939,0.1849454343318939,0.1849454343318939,0.1849454343318939,59000.0
2019-06-14,0.1849454343318939,0.1849454343318939,0.1849454343318939,0.1849454343318939,0.0
2019-06-17,0.1849454343318939,0.1849454343318939,0.1849454343318939,0.1849454343318939,100000.0
2019-06-18,0.1849454343318939,0.1849454343318939,0.1849454343318939,0.1849454343318939,0.0
2019-06-19,0.1849454170850197,0.192651480436325,0.1849454170850197,0.192651480436325,137000.0
2019-06-20,0.1887984545021339,0.192651480436325,0.1887984545021339,0.192651480436325,173000.0
2019-06-21,0.1887984444170239,0.1887984444170239,0.1810923814773559,0.1810923814773559,51000.0
2019-06-24,0.1849454345052346,0.1887984722852707,0.1810924082081227,0.1887984722852707,215700.0
2019-06-25,0.1887984722852707,0.1887984722852707,0.1887984722852707,0.1887984722852707,0.0
2019-06-26,0.1810924082081227,0.1887984722852707,0.1810924082081227,0.1887984722852707,71000.0
2019-06-27,0.1887984722852707,0.1887984722852707,0.1887984722852707,0.1887984722852707,0.0
2019-06-28,0.1887984722852707,0.1887984722852707,0.1887984722852707,0.1887984722852707,0.0
2019-07-01,0.1887984721083187,0.1887984721083187,0.1849454343318939,0.1849454343318939,20000.0
2019-07-02,0.1849454343318939,0.1849454343318939,0.1849454343318939,0.1849454343318939,0.0
2019-07-03,0.1849454343318939,0.1849454343318939,0.1849454343318939,0.1849454343318939,0.0
2019-07-04,0.1849454343318939,0.1849454343318939,0.1849454343318939,0.1849454343318939,80000.0
2019-07-05,0.1887984721083187,0.1887984721083187,0.1849454343318939,0.1849454343318939,131000.0
2019-07-08,0.1849454072057287,0.1849454072057287,0.1810923814773559,0.1810923814773559,60000.0
2019-07-09,0.1810923814773559,0.1810923814773559,0.1810923814773559,0.1810923814773559,0.0
2019-07-10,0.1810923814773559,0.1810923814773559,0.1810923814773559,0.1810923814773559,0.0
2019-07-11,0.1810923814773559,0.1810923814773559,0.1810923814773559,0.1810923814773559,0.0
2019-07-12,0.1887984722852707,0.1887984722852707,0.1887984722852707,0.1887984722852707,5000.0
2019-07-15,0.1887984722852707,0.1887984722852707,0.1887984722852707,0.1887984722852707,0.0
2019-07-16,0.192651480436325,0.192651480436325,0.192651480436325,0.192651480436325,10000.0
2019-07-17,0.192651480436325,0.192651480436325,0.192651480436325,0.192651480436325,0.0
2019-07-18,0.1926514984018194,0.1926514984018194,0.1810924080383932,0.1849454343318939,95000.0
2019-07-19,0.1849454343318939,0.1849454343318939,0.1849454343318939,0.1849454343318939,0.0
2019-07-22,0.192651480436325,0.192651480436325,0.192651480436325,0.192651480436325,3000.0
2019-07-23,0.1926514701453966,0.1926514701453966,0.1810923814773559,0.1810923814773559,100200.0
2019-07-24,0.1810923814773559,0.1810923814773559,0.1810923814773559,0.1810923814773559,0.0
2019-07-25,0.1810923814773559,0.1810923814773559,0.1810923814773559,0.1810923814773559,0.0
2019-07-26,0.1887984722852707,0.1887984722852707,0.1887984722852707,0.1887984722852707,41000.0
2019-07-29,0.1887984722852707,0.1887984722852707,0.1887984722852707,0.1887984722852707,10000.0
2019-07-30,0.1849454343318939,0.1849454343318939,0.1849454343318939,0.1849454343318939,53400.0
2019-07-31,0.1926514984018194,0.1926514984018194,0.1849454343318939,0.1849454343318939,41000.0
2019-08-01,0.1849454072057287,0.1849454072057287,0.1810923814773559,0.1810923814773559,359000.0
2019-08-02,0.1810923814773559,0.1810923814773559,0.1810923814773559,0.1810923814773559,0.0
2019-08-05,0.1810923814773559,0.1810923814773559,0.1810923814773559,0.1810923814773559,0.0
2019-08-06,0.1810923814773559,0.1810923814773559,0.1810923814773559,0.1810923814773559,0.0
2019-08-07,0.1810923814773559,0.1810923814773559,0.1810923814773559,0.1810923814773559,0.0
2019-08-08,0.1849454343318939,0.1849454343318939,0.1849454343318939,0.1849454343318939,20000.0
2019-08-13,0.1849454343318939,0.1849454343318939,0.1849454343318939,0.1849454343318939,0.0
2019-08-14,0.1849454343318939,0.1849454343318939,0.1849454343318939,0.1849454343318939,300000.0
2019-08-15,0.1849454343318939,0.1849454343318939,0.1849454343318939,0.1849454343318939,0.0
2019-08-16,0.1849454343318939,0.1849454343318939,0.1849454343318939,0.1849454343318939,0.0
2019-08-19,0.1887984721083187,0.1887984721083187,0.1849454343318939,0.1849454343318939,185000.0
2019-08-20,0.1849454343318939,0.1849454343318939,0.1849454343318939,0.1849454343318939,0.0
2019-08-21,0.1849454343318939,0.1849454343318939,0.1849454343318939,0.1849454343318939,0.0
2019-08-22,0.1887984545021339,0.192651480436325,0.1887984545021339,0.192651480436325,72700.0
2019-08-23,0.1849454343318939,0.1849454343318939,0.1849454343318939,0.1849454343318939,5000.0
2019-08-26,0.1849454343318939,0.1849454343318939,0.1849454343318939,0.1849454343318939,0.0
2019-08-27,0.1849454170850197,0.192651480436325,0.1849454170850197,0.192651480436325,26000.0
2019-08-28,0.1887984721083187,0.1887984721083187,0.1849454343318939,0.1849454343318939,180000.0
2019-08-29,0.1849454343318939,0.1849454343318939,0.1849454343318939,0.1849454343318939,0.0
2019-08-30,0.1849454343318939,0.1849454343318939,0.1849454343318939,0.1849454343318939,0.0
2019-09-02,0.1849454343318939,0.1849454343318939,0.1849454343318939,0.1849454343318939,10000.0
2019-09-03,0.1872865110635757,0.1872865110635757,0.1872865110635757,0.1872865110635757,0.0
2019-09-04,0.1872865110635757,0.1872865110635757,0.1872865110635757,0.1872865110635757,43700.0
2019-09-05,0.1872865110635757,0.1872865110635757,0.1872865110635757,0.1872865110635757,146300.0
2019-09-06,0.1833847123835879,0.1872865110635757,0.1833847123835879,0.1872865110635757,62100.0
2019-09-09,0.1872865102267095,0.1911883205175399,0.1872865102267095,0.1911883205175399,38100.0
2019-09-10,0.1911883205175399,0.1911883205175399,0.1911883205175399,0.1911883205175399,0.0
2019-09-11,0.1911883205175399,0.1911883205175399,0.1911883205175399,0.1911883205175399,0.0
2019-09-12,0.1872865110635757,0.1872865110635757,0.1872865110635757,0.1872865110635757,40000.0
2019-09-13,0.1872865110635757,0.1872865110635757,0.1872865110635757,0.1872865110635757,137200.0
2019-09-16,0.1872865110635757,0.1911883213718408,0.1872865110635757,0.1872865110635757,48300.0
2019-09-17,0.1872865110635757,0.1872865110635757,0.1872865110635757,0.1872865110635757,0.0
2019-09-18,0.1872865110635757,0.1872865110635757,0.1872865110635757,0.1872865110635757,0.0
2019-09-19,0.1872865110635757,0.1872865110635757,0.1872865110635757,0.1872865110635757,0.0
2019-09-20,0.1833847123835879,0.1911883213718408,0.1833847123835879,0.1872865110635757,110000.0
2019-09-23,0.1911883213718408,0.1911883213718408,0.1872865110635757,0.1872865110635757,40000.0
2019-09-24,0.1911883205175399,0.1911883205175399,0.1872865102267095,0.1911883205175399,305400.0
2019-09-25,0.1911883018868465,0.1989918984515171,0.1911883018868465,0.1950901001691818,420800.0
2019-09-26,0.1950901001691818,0.1950901001691818,0.1950901001691818,0.1950901001691818,146900.0
2019-09-27,0.1950901216530844,0.2028937190771103,0.1950901216530844,0.2028937190771103,130500.0
2019-09-30,0.1950901001691818,0.1950901001691818,0.1950901001691818,0.1950901001691818,60700.0
2019-10-01,0.1950901001691818,0.2028936967338523,0.1950901001691818,0.1950901001691818,20500.0
2019-10-02,0.1950901191800931,0.1950901191800931,0.1911883205175399,0.1911883205175399,41700.0
2019-10-03,0.1911883205175399,0.1911883205175399,0.1911883205175399,0.1911883205175399,0.0
2019-10-04,0.1911883205175399,0.1911883205175399,0.1911883205175399,0.1911883205175399,16400.0
2019-10-07,0.1911883205175399,0.1911883205175399,0.1911883205175399,0.1911883205175399,16500.0
2019-10-08,0.1911883205175399,0.1911883205175399,0.1911883205175399,0.1911883205175399,16700.0
2019-10-09,0.1911883205175399,0.1911883205175399,0.1911883205175399,0.1911883205175399,16700.0
2019-10-10,0.1911883205175399,0.1911883205175399,0.1911883205175399,0.1911883205175399,78800.0
2019-10-11,0.1911883205175399,0.1911883205175399,0.1911883205175399,0.1911883205175399,19700.0
2019-10-14,0.1911883205175399,0.1911883205175399,0.1911883205175399,0.1911883205175399,26100.0
2019-10-15,0.1911883205175399,0.1911883205175399,0.1911883205175399,0.1911883205175399,0.0
2019-10-16,0.1911883205175399,0.1911883205175399,0.1911883205175399,0.1911883205175399,16300.0
2019-10-17,0.1911883205175399,0.1911883205175399,0.1911883205175399,0.1911883205175399,16100.0
2019-10-18,0.1911883205175399,0.1911883205175399,0.1911883205175399,0.1911883205175399,15000.0
2019-10-21,0.1911883205175399,0.1911883205175399,0.1911883205175399,0.1911883205175399,29100.0
2019-10-22,0.1911883205175399,0.1911883205175399,0.1911883205175399,0.1911883205175399,14600.0
2019-10-23,0.1911883205175399,0.1911883205175399,0.1911883205175399,0.1911883205175399,84700.0
2019-10-24,0.1911883205175399,0.1911883205175399,0.1911883205175399,0.1911883205175399,21000.0
2019-10-25,0.1911883205175399,0.1911883205175399,0.1911883205175399,0.1911883205175399,15200.0
2019-10-29,0.1911883018868465,0.2028936967338523,0.1911883018868465,0.1950901001691818,322300.0
2019-10-30,0.1872864919762351,0.1950901001691818,0.1872864919762351,0.1950901001691818,379600.0
2019-10-31,0.1950901001691818,0.1950901001691818,0.1950901001691818,0.1950901001691818,0.0
2019-11-01,0.1950901001691818,0.1950901001691818,0.1950901001691818,0.1950901001691818,0.0
2019-11-04,0.1911883018868465,0.1950901001691818,0.1911883018868465,0.1950901001691818,34000.0
2019-11-05,0.1911883205175399,0.1950901191800931,0.1911883205175399,0.1911883205175399,45400.0
2019-11-06,0.1911883205175399,0.1911883205175399,0.1911883205175399,0.1911883205175399,0.0
2019-11-07,0.1911883018868465,0.1950901001691818,0.1911883018868465,0.1950901001691818,118500.0
2019-11-08,0.1911883205175399,0.1911883205175399,0.1911883205175399,0.1911883205175399,30000.0
2019-11-11,0.1911883205175399,0.1911883205175399,0.1911883205175399,0.1911883205175399,0.0
2019-11-12,0.1911883205175399,0.1911883205175399,0.1911883205175399,0.1911883205175399,12700.0
2019-11-13,0.1911883205175399,0.1911883205175399,0.1911883205175399,0.1911883205175399,12300.0
2019-11-14,0.1911883205175399,0.1911883205175399,0.1911883205175399,0.1911883205175399,0.0
2019-11-15,0.1911883205175399,0.1911883205175399,0.1911883205175399,0.1911883205175399,15100.0
2019-11-18,0.1911883205175399,0.1911883205175399,0.1911883205175399,0.1911883205175399,0.0
2019-11-19,0.1911883018868465,0.1950901001691818,0.1911883018868465,0.1950901001691818,15600.0
2019-11-20,0.1911883018868465,0.1950901001691818,0.1911883018868465,0.1950901001691818,62000.0
2019-11-21,0.1911883213718408,0.1911883213718408,0.1872865110635757,0.1872865110635757,55500.0
2019-11-22,0.1872865110635757,0.1872865110635757,0.1872865110635757,0.1872865110635757,0.0
2019-11-25,0.1911883205175399,0.1911883205175399,0.1911883205175399,0.1911883205175399,32800.0
2019-11-26,0.1911883205175399,0.1950901191800931,0.1911883205175399,0.1911883205175399,65000.0
2019-11-27,0.1911883018868465,0.1950901001691818,0.1911883018868465,0.1950901001691818,48000.0
2019-11-28,0.1911883018868465,0.1950901001691818,0.1911883018868465,0.1950901001691818,18000.0
2019-11-29,0.1950901001691818,0.1950901001691818,0.1950901001691818,0.1950901001691818,0.0
2019-12-02,0.1911883018868465,0.1950901001691818,0.1911883018868465,0.1950901001691818,46000.0
2019-12-03,0.1950901001691818,0.1950901001691818,0.1950901001691818,0.1950901001691818,129400.0
2019-12-04,0.1950901001691818,0.1950901001691818,0.1950901001691818,0.1950901001691818,1100.0
2019-12-05,0.1911883205175399,0.1911883205175399,0.1911883205175399,0.1911883205175399,10000.0
2019-12-06,0.1911883205175399,0.1911883205175399,0.1911883205175399,0.1911883205175399,0.0
2019-12-09,0.1911883205175399,0.1911883205175399,0.1911883205175399,0.1911883205175399,159100.0
2019-12-10,0.1911883205175399,0.1911883205175399,0.1911883205175399,0.1911883205175399,20000.0
2019-12-11,0.1911883205175399,0.1911883205175399,0.1911883205175399,0.1911883205175399,0.0
2019-12-12,0.1911883205175399,0.1911883205175399,0.1911883205175399,0.1911883205175399,0.0
2019-12-13,0.1911883205175399,0.1911883205175399,0.1911883205175399,0.1911883205175399,14200.0
2019-12-16,0.1911883018868465,0.1950901001691818,0.1872864919762351,0.1950901001691818,41000.0
2019-12-17,0.1911883205175399,0.1911883205175399,0.1911883205175399,0.1911883205175399,13900.0
2019-12-18,0.1911883205175399,0.1911883205175399,0.1911883205175399,0.1911883205175399,13800.0
2019-12-19,0.1911883205175399,0.1911883205175399,0.1911883205175399,0.1911883205175399,0.0
2019-12-20,0.1911883205175399,0.1911883205175399,0.1911883205175399,0.1911883205175399,0.0
2019-12-23,0.1911883205175399,0.1911883205175399,0.1911883205175399,0.1911883205175399,8200.0
2019-12-24,0.1911883205175399,0.1911883205175399,0.1911883205175399,0.1911883205175399,7900.0
2019-12-25,0.1911883205175399,0.1911883205175399,0.1911883205175399,0.1911883205175399,0.0
2019-12-26,0.1911883018868465,0.1950901001691818,0.1911883018868465,0.1950901001691818,47200.0
2019-12-27,0.1911883205175399,0.1950901191800931,0.1911883205175399,0.1911883205175399,25800.0
2019-12-30,0.1911883205175399,0.1911883205175399,0.1911883205175399,0.1911883205175399,47900.0
2019-12-31,0.1911883205175399,0.1911883205175399,0.1911883205175399,0.1911883205175399,12000.0
2020-01-02,0.1911883018868465,0.1950901001691818,0.1911883018868465,0.1950901001691818,60000.0
2020-01-03,0.1950901001691818,0.1950901001691818,0.1950901001691818,0.1950901001691818,50000.0
2020-01-06,0.1911883205175399,0.1911883205175399,0.1911883205175399,0.1911883205175399,35800.0
2020-01-07,0.1911883205175399,0.1911883205175399,0.1911883205175399,0.1911883205175399,9000.0
2020-01-08,0.1911883205175399,0.1911883205175399,0.1911883205175399,0.1911883205175399,0.0
2020-01-09,0.1911883018868465,0.1950901001691818,0.1911883018868465,0.1950901001691818,50000.0
2020-01-10,0.1911883205175399,0.1911883205175399,0.1911883205175399,0.1911883205175399,12500.0
2020-01-13,0.1911883018868465,0.1950901001691818,0.1911883018868465,0.1950901001691818,42200.0
2020-01-14,0.1950901001691818,0.1950901001691818,0.1950901001691818,0.1950901001691818,0.0
2020-01-15,0.1911883205175399,0.1911883205175399,0.1911883205175399,0.1911883205175399,75100.0
2020-01-16,0.1911883018868465,0.1950901001691818,0.1911883018868465,0.1950901001691818,65300.0
2020-01-17,0.1950901191800931,0.1950901191800931,0.1911883205175399,0.1911883205175399,56300.0
2020-01-20,0.1911883205175399,0.1950901191800931,0.1911883205175399,0.1911883205175399,124000.0
2020-01-21,0.1911883205175399,0.1911883205175399,0.1911883205175399,0.1911883205175399,0.0
2020-01-22,0.1911883018868465,0.1950901001691818,0.1911883018868465,0.1950901001691818,114100.0
2020-01-23,0.1911883205175399,0.1911883205175399,0.1911883205175399,0.1911883205175399,85000.0
2020-01-24,0.1911883205175399,0.1911883205175399,0.1911883205175399,0.1911883205175399,21300.0
2020-01-28,0.1911883205175399,0.1911883205175399,0.1833847115641564,0.1911883205175399,79700.0
2020-01-29,0.1872865110635757,0.1872865110635757,0.1794829137036,0.1872865110635757,192100.0
2020-01-30,0.1911883213718408,0.1911883213718408,0.1872865110635757,0.1872865110635757,65100.0
2020-01-31,0.1872865110635757,0.1872865110635757,0.1872865110635757,0.1872865110635757,50000.0
2020-02-03,0.1872865110635757,0.1872865110635757,0.1872865110635757,0.1872865110635757,0.0
2020-02-04,0.1872865110635757,0.1872865110635757,0.1872865110635757,0.1872865110635757,0.0
2020-02-05,0.1911883018868465,0.1950901001691818,0.1911883018868465,0.1950901001691818,39900.0
2020-02-06,0.1911883205175399,0.1950901191800931,0.1911883205175399,0.1911883205175399,74000.0
2020-02-07,0.1911883205175399,0.1911883205175399,0.1911883205175399,0.1911883205175399,0.0
2020-02-10,0.1911883205175399,0.1911883205175399,0.1911883205175399,0.1911883205175399,0.0
2020-02-11,0.1872864848421591,0.1872864848421591,0.1833846867084503,0.1833846867084503,341600.0
2020-02-12,0.1872865110635757,0.1872865110635757,0.1872865110635757,0.1872865110635757,50000.0
2020-02-13,0.1872865110635757,0.1872865110635757,0.1872865110635757,0.1872865110635757,0.0
2020-02-14,0.1872865110635757,0.1872865110635757,0.1872865110635757,0.1872865110635757,22000.0
2020-02-17,0.1872865110635757,0.1872865110635757,0.1872865110635757,0.1872865110635757,0.0
2020-02-18,0.1833846867084503,0.1833846867084503,0.1794828885747414,0.1833846867084503,394700.0
2020-02-19,0.1794828885747414,0.1872864848421591,0.1794828885747414,0.1833846867084503,222600.0
2020-02-20,0.1833846867084503,0.1833846867084503,0.1833846867084503,0.1833846867084503,30800.0
2020-02-21,0.1833846867084503,0.1833846867084503,0.1833846867084503,0.1833846867084503,2000.0
2020-02-24,0.1872865102267095,0.1911883205175399,0.1833847115641564,0.1911883205175399,231500.0
2020-02-25,0.1911883205175399,0.1911883205175399,0.1911883205175399,0.1911883205175399,0.0
2020-02-26,0.1911883205175399,0.1911883205175399,0.1911883205175399,0.1911883205175399,0.0
2020-02-27,0.1833847115641564,0.1911883205175399,0.1833847115641564,0.1911883205175399,38000.0
2020-02-28,0.1950901191800931,0.1950901191800931,0.1872865102267095,0.1911883205175399,474200.0
2020-03-02,0.1911882946041436,0.1950900927378525,0.1833846867084503,0.1833846867084503,1120100.0
2020-03-03,0.1872865110635757,0.1872865110635757,0.1872865110635757,0.1872865110635757,230000.0
2020-03-04,0.1872865110635757,0.1872865110635757,0.1872865110635757,0.1872865110635757,0.0
2020-03-05,0.1872865110635757,0.1872865110635757,0.1872865110635757,0.1872865110635757,130000.0
2020-03-06,0.1911883205175399,0.1911883205175399,0.1911883205175399,0.1911883205175399,2000.0
2020-03-09,0.1911883142915628,0.1911883142915628,0.1794829070568084,0.1794829070568084,167400.0
2020-03-10,0.1794829137036,0.1872865110635757,0.1794829137036,0.1872865110635757,40200.0
2020-03-11,0.1872865110635757,0.1872865110635757,0.1833847123835879,0.1872865110635757,161500.0
2020-03-12,0.1911883142915628,0.1911883142915628,0.1794829070568084,0.1794829070568084,301000.0
2020-03-13,0.1794829070568084,0.1794829070568084,0.1794829070568084,0.1794829070568084,101000.0
2020-03-16,0.1794829070568084,0.1794829070568084,0.1794829070568084,0.1794829070568084,81100.0
2020-03-17,0.1872865255026903,0.1872865255026903,0.1716793179512024,0.1716793179512024,174600.0
2020-03-18,0.1794829077823871,0.1794829077823871,0.1755810976028442,0.1755810976028442,32700.0
2020-03-19,0.1755810976028442,0.1755810976028442,0.1755810976028442,0.1755810976028442,5000.0
2020-03-20,0.1716793179512024,0.1716793179512024,0.1716793179512024,0.1716793179512024,37000.0
2020-03-23,0.1794829275410855,0.1794829275410855,0.1638757083613193,0.1716793179512024,163600.0
2020-03-24,0.1716792919867794,0.1716792919867794,0.1677774935960769,0.1677774935960769,161200.0
2020-03-25,0.1716793179512024,0.1755811169320048,0.1677775189703999,0.1716793179512024,299600.0
2020-03-26,0.163875683577098,0.1677774935960769,0.163875683577098,0.1677774935960769,102900.0
2020-03-27,0.1677774935960769,0.1677774935960769,0.1599738851863955,0.1677774935960769,97000.0
2020-03-30,0.1638756841421127,0.1677774941745444,0.1638756841421127,0.1638756841421127,128000.0
2020-03-31,0.1716792919867794,0.1716792919867794,0.1677774935960769,0.1677774935960769,57700.0
2020-04-01,0.1677774935960769,0.1677774935960769,0.1677774935960769,0.1677774935960769,0.0
2020-04-02,0.1638756841421127,0.1716792925786996,0.1638756841421127,0.1638756841421127,159900.0
2020-04-03,0.163875683577098,0.1677774935960769,0.1599738851863955,0.1677774935960769,68400.0
2020-04-06,0.1677774941745444,0.1677774941745444,0.1638756841421127,0.1638756841421127,38000.0
2020-04-07,0.1677774935960769,0.1716792919867794,0.1677774935960769,0.1677774935960769,202000.0
2020-04-08,0.1677774935960769,0.1677774935960769,0.1677774935960769,0.1677774935960769,50700.0
2020-04-09,0.1716793179512024,0.1716793179512024,0.1716793179512024,0.1716793179512024,17000.0
2020-04-13,0.1677775189703999,0.1716793179512024,0.1677775189703999,0.1716793179512024,214900.0
2020-04-14,0.1755810976028442,0.1755810976028442,0.1716792990515783,0.1755810976028442,192000.0
2020-04-15,0.1755810976028442,0.1755810976028442,0.1755810976028442,0.1755810976028442,87500.0
2020-04-16,0.175581096893039,0.1794829070568084,0.175581096893039,0.1794829070568084,238900.0
2020-04-17,0.175581096893039,0.1833847055923009,0.175581096893039,0.1794829070568084,35500.0
2020-04-20,0.1833847123835879,0.1872865110635757,0.1833847123835879,0.1872865110635757,331400.0
2020-04-21,0.1872864848421591,0.1872864848421591,0.1833846867084503,0.1833846867084503,195700.0
2020-04-22,0.1794829070568084,0.1794829070568084,0.1794829070568084,0.1794829070568084,6000.0
2020-04-23,0.1872864848421591,0.1872864848421591,0.1833846867084503,0.1833846867084503,70000.0
2020-04-24,0.1833846867084503,0.1833846867084503,0.1833846867084503,0.1833846867084503,0.0
2020-04-27,0.1872865110635757,0.1872865110635757,0.1833847123835879,0.1872865110635757,215000.0
2020-04-28,0.1872865102267095,0.1911883205175399,0.1872865102267095,0.1911883205175399,129900.0
2020-04-29,0.1911883213718408,0.1911883213718408,0.1872865110635757,0.1872865110635757,51000.0
2020-04-30,0.1872865110635757,0.1872865110635757,0.1872865110635757,0.1872865110635757,0.0
2020-05-04,0.1872865110635757,0.1872865110635757,0.1872865110635757,0.1872865110635757,5000.0
2020-05-05,0.1872865102267095,0.1950901191800931,0.1872865102267095,0.1911883205175399,513600.0
2020-05-06,0.1950901001691818,0.1989918984515171,0.1950901001691818,0.1950901001691818,448600.0
2020-05-08,0.1911883018868465,0.1950901001691818,0.1911883018868465,0.1950901001691818,137500.0
2020-05-11,0.1950901001691818,0.1950901001691818,0.1911883018868465,0.1950901001691818,115800.0
2020-05-12,0.1911883018868465,0.1950901001691818,0.1911883018868465,0.1950901001691818,51500.0
2020-05-13,0.1950901001691818,0.1950901001691818,0.1950901001691818,0.1950901001691818,247100.0
2020-05-14,0.1950901001691818,0.1950901001691818,0.1911883018868465,0.1950901001691818,158400.0
2020-05-15,0.1911883018868465,0.1950901001691818,0.1911883018868465,0.1950901001691818,121600.0
2020-05-18,0.1950901191800931,0.1989919178426462,0.1911883205175399,0.1911883205175399,175400.0
2020-05-19,0.1950901001691818,0.1950901001691818,0.1950901001691818,0.1950901001691818,124700.0
2020-05-20,0.1950901111217594,0.198991909623146,0.1950901111217594,0.198991909623146,80000.0
2020-05-21,0.1950901111217594,0.198991909623146,0.1950901111217594,0.198991909623146,51000.0
2020-05-22,0.1950901111217594,0.198991909623146,0.1950901111217594,0.198991909623146,51000.0
2020-05-26,0.1989918905442897,0.2145991063100081,0.1989918905442897,0.2106973081827163,387300.0
2020-05-27,0.2067955177891232,0.2106973397576909,0.2028937190771103,0.2028937190771103,127800.0
2020-05-28,0.198991909623146,0.198991909623146,0.198991909623146,0.198991909623146,30000.0
2020-05-29,0.1950901111217594,0.2028937081245327,0.1950901111217594,0.198991909623146,79500.0
2020-06-01,0.1989919203650973,0.2106973397576909,0.1989919203650973,0.2028937190771103,228000.0
2020-06-02,0.202893685756361,0.2067954838275909,0.202893685756361,0.2067954838275909,83000.0
2020-06-03,0.1989919203650973,0.2028937190771103,0.1989919203650973,0.2028937190771103,100000.0
2020-06-04,0.1989919203650973,0.2106973397576909,0.1989919203650973,0.2028937190771103,188000.0
2020-06-05,0.202893685756361,0.2067954838275909,0.202893685756361,0.2067954838275909,193300.0
2020-06-08,0.2067954838275909,0.2106973051553718,0.202893685756361,0.2067954838275909,763500.0
2020-06-09,0.2067954867988733,0.2224027025645916,0.2067954867988733,0.2106973081827163,681500.0
2020-06-10,0.2067954838275909,0.2106973051553718,0.2067954838275909,0.2067954838275909,287300.0
2020-06-11,0.2067954838275909,0.2106973051553718,0.202893685756361,0.2067954838275909,231100.0
2020-06-12,0.202893685756361,0.2106973051553718,0.1950900896139013,0.2067954838275909,423400.0
2020-06-15,0.2067954838275909,0.2106973051553718,0.202893685756361,0.2067954838275909,697600.0
2020-06-16,0.2067954838275909,0.2106973051553718,0.2067954838275909,0.2067954838275909,679500.0
2020-06-17,0.2067954838275909,0.2067954838275909,0.2067954838275909,0.2067954838275909,20000.0
2020-06-18,0.2145991068820141,0.253617111515484,0.2145991068820141,0.2263045012950897,5721800.0
2020-06-19,0.2263045012950897,0.2263045012950897,0.218500905019706,0.2263045012950897,1042600.0
2020-06-22,0.222402695287954,0.2263044932875856,0.2185008972883224,0.2185008972883224,563900.0
2020-06-23,0.2185008972883224,0.222402695287954,0.2185008972883224,0.2185008972883224,646900.0
2020-06-24,0.2185009044372998,0.2185009044372998,0.2106973081827163,0.2106973081827163,651600.0
2020-06-25,0.2106973081827163,0.2185009044372998,0.2106973081827163,0.2106973081827163,625900.0
2020-06-26,0.2145991176366806,0.2145991176366806,0.2106973193034495,0.2145991176366806,191500.0
2020-06-29,0.2145991534760593,0.2224027514457702,0.2145991534760593,0.2224027514457702,358800.0
2020-06-30,0.2185008972883224,0.2185008972883224,0.2185008972883224,0.2185008972883224,119300.0
2020-07-01,0.2185008972883224,0.2263044932875856,0.2185008972883224,0.2185008972883224,450800.0
2020-07-02,0.218500905019706,0.2263045012950897,0.218500905019706,0.2263045012950897,475600.0
2020-07-03,0.2263045270681604,0.2341081474888239,0.2263045270681604,0.2302063256502151,655800.0
2020-07-06,0.2302063256502151,0.2341081474888239,0.2302063256502151,0.2302063256502151,205700.0
2020-07-07,0.2341081474888239,0.2341081474888239,0.2263045270681604,0.2302063256502151,490800.0
2020-07-08,0.2341081313440076,0.2419117279699571,0.2302063097744805,0.2380099296569824,1520300.0
2020-07-09,0.2425316809070151,0.2425316809070151,0.2343102754700142,0.2384209781885147,439200.0
2020-07-13,0.2425316809070151,0.2425316809070151,0.2384209781885147,0.2384209781885147,332100.0
2020-07-14,0.2343103289604187,0.2343103289604187,0.2343103289604187,0.2343103289604187,61900.0
2020-07-15,0.2384210326173464,0.2384210326173464,0.2343103289604187,0.2343103289604187,190000.0
2020-07-16,0.2384210427935214,0.2466424749600066,0.2343103389611425,0.2425317466259002,1398000.0
2020-07-17,0.2384210427935214,0.2425317466259003,0.2384210427935214,0.2425317466259002,174600.0
2020-07-20,0.24253167494995,0.2548638073042704,0.2384209723324167,0.250753104686737,2035100.0
2020-07-21,0.250753104686737,0.250753104686737,0.2466424020692037,0.250753104686737,1445700.0
2020-07-22,0.2548638073042704,0.2548638073042704,0.24253167494995,0.250753104686737,1286500.0
2020-07-23,0.250753104686737,0.250753104686737,0.250753104686737,0.250753104686737,0.0
2020-07-24,0.2466423958539962,0.2466423958539962,0.2425316688383299,0.2466423958539962,218600.0
2020-07-27,0.2466423958539962,0.2466423958539962,0.2425316688383299,0.2466423958539962,181700.0
2020-07-28,0.2466423958539962,0.2466423958539962,0.2425316688383299,0.2466423958539962,188600.0
2020-07-29,0.2466423958539962,0.2466423958539962,0.2466423958539962,0.2466423958539962,13100.0
2020-07-30,0.2466423958539962,0.2466423958539962,0.2425316688383299,0.2466423958539962,202400.0
2020-08-03,0.24253167494995,0.250753104686737,0.2384209723324167,0.250753104686737,459100.0
2020-08-04,0.2466423958539962,0.2466423958539962,0.2425316688383299,0.2466423958539962,276000.0
2020-08-05,0.2466424020692037,0.250753104686737,0.2466424020692037,0.250753104686737,148200.0
2020-08-06,0.2466424513453579,0.2548638582229614,0.2425317234048309,0.2548638582229614,432900.0
2020-08-07,0.2548638582229614,0.2548638582229614,0.2507531547841596,0.2548638582229614,380500.0
2020-08-11,0.2589745304211228,0.2836387725803593,0.2548638274782037,0.2713066637516022,2776300.0
2020-08-12,0.2713067135897842,0.2754174172878265,0.2671959853900152,0.2754174172878265,113300.0
2020-08-13,0.2959709167480469,0.3083030260283539,0.291860189152888,0.2959709167480469,2784600.0
2020-08-14,0.3041923682075226,0.3041923682075226,0.2754174177692066,0.2877495288848877,937800.0
2020-08-17,0.2877495288848877,0.2959709607970686,0.2877495288848877,0.2877495288848877,539200.0
2020-08-18,0.3000816198414825,0.3000816198414825,0.2877494860594523,0.2959709167480469,229200.0
2020-08-19,0.3000816106796264,0.3000816106796264,0.2959709077116955,0.3000816106796264,272800.0
2020-08-20,0.3000816106796264,0.3000816106796264,0.2918601802420422,0.3000816106796264,409200.0
2020-08-21,0.2959708902902603,0.3247458338737488,0.2959708902902603,0.3247458338737488,2226600.0
2020-08-24,0.3288565399354822,0.3535207810431864,0.3288565399354822,0.3370779454708099,2728200.0
2020-08-25,0.3452993510061375,0.3494100782755226,0.3288565399354822,0.3370779454708099,1512400.0
2020-08-26,0.3411886990070343,0.3411886990070343,0.3329672922483689,0.3411886990070343,524200.0
2020-08-27,0.3411886482384737,0.3452993510061375,0.3370779454708099,0.3370779454708099,665300.0
2020-08-28,0.3452993475035827,0.3452993475035827,0.3124137011941274,0.3247458338737488,1711700.0
2020-08-31,0.3288565587918848,0.3288565587918848,0.308303019273319,0.3124137222766876,2376000.0
2020-09-01,0.3083030879497528,0.3124137918688063,0.3041923840306992,0.3083030879497528,330400.0
2020-09-02,0.3124137011941274,0.3247458338737488,0.3124137011941274,0.3247458338737488,538700.0
2020-09-03,0.324745877057506,0.324745877057506,0.3165244460105896,0.3165244460105896,396200.0
2020-09-04,0.3124137427379935,0.3165244460105896,0.3083030394653974,0.3165244460105896,337100.0
2020-09-07,0.3165244039200942,0.3247458338737488,0.3165244039200942,0.3247458338737488,175000.0
2020-09-08,0.3206351282834249,0.3206351282834249,0.3124137222766876,0.3124137222766876,275000.0
2020-09-09,0.3165793120861053,0.3165793120861053,0.312413798742091,0.3165793120861053,285800.0
2020-09-10,0.3165792468454068,0.3165792468454068,0.2999171969030673,0.308248221874237,863300.0
2020-09-11,0.3082482234096549,0.3082482234096549,0.2915861485559068,0.2957516610622406,1337900.0
2020-09-14,0.29158616065979,0.29158616065979,0.2832551353012976,0.29158616065979,624900.0
2020-09-15,0.2999171925591896,0.2999171925591896,0.2874206304550171,0.2874206304550171,384900.0
2020-09-16,0.2874206479805438,0.29158616065979,0.2832551353012976,0.29158616065979,207400.0
2020-09-17,0.2874206426546256,0.2874206426546256,0.2832551300525665,0.2832551300525665,163800.0
2020-09-18,0.2874206479805438,0.2957516733390362,0.2874206479805438,0.29158616065979,194800.0
2020-09-21,0.29158616065979,0.2957516733390362,0.2874206479805438,0.29158616065979,546700.0
2020-09-22,0.2874206292166817,0.30408270367432,0.2832551168093753,0.2999171912670135,706800.0
2020-09-23,0.2957516540312946,0.2999171912670135,0.2957516540312946,0.2999171912670135,26900.0
2020-09-24,0.2957516733390362,0.2957516733390362,0.29158616065979,0.29158616065979,217500.0
2020-09-25,0.2957516540312946,0.2999171912670135,0.2957516540312946,0.2999171912670135,111000.0
2020-09-28,0.2999172088206793,0.3040827214717865,0.2999172088206793,0.3040827214717865,43200.0
2020-09-29,0.3040826976277344,0.3165792346011642,0.3040826976277344,0.3124137222766876,1644800.0
2020-09-30,0.3207448124885559,0.3207448124885559,0.3207448124885559,0.3207448124885559,187700.0
2020-10-01,0.3207448124885559,0.3207448124885559,0.3207448124885559,0.3207448124885559,133000.0
2020-10-02,0.3165792468454068,0.3165792468454068,0.308248221874237,0.308248221874237,92300.0
2020-10-05,0.3082482853980767,0.3207448254301197,0.3082482853980767,0.3165793120861053,77000.0
2020-10-06,0.3165792993126137,0.3207448124885559,0.3165792993126137,0.3207448124885559,220900.0
2020-10-07,0.3249102759267642,0.329075813293457,0.3207447633884847,0.329075813293457,340800.0
2020-10-08,0.3290758056384313,0.3582344175565081,0.3249102683686381,0.3540689051151275,1505900.0
2020-10-09,0.3748964597511264,0.3832275092940576,0.3623999226793479,0.3790619969367981,4050700.0
2020-10-12,0.3790620288804016,0.3790620288804016,0.366565465927124,0.366565465927124,992700.0
2020-10-13,0.3707309786354118,0.3707309786354118,0.3623999532188363,0.366565465927124,517800.0
2020-10-14,0.3623999703221423,0.379062046770067,0.3623999703221423,0.370730996131897,974100.0
2020-10-15,0.3665654301203644,0.3665654301203644,0.3540688932161849,0.3582344055175781,438200.0
2020-10-16,0.3582344055175781,0.3665654301203644,0.3540688932161849,0.3582344055175781,148400.0
2020-10-19,0.3665654301203644,0.3665654301203644,0.34990335608638,0.3582344055175781,379200.0
2020-10-20,0.358234457417265,0.370730996131897,0.358234457417265,0.370730996131897,511000.0
2020-10-21,0.3707309530331216,0.3957240523852653,0.3707309530331216,0.3873930275440216,2968300.0
2020-10-22,0.3873930396928251,0.3873930396928251,0.379062014590317,0.383227527141571,170000.0
2020-10-23,0.379062014590317,0.383227527141571,0.3707309646593956,0.383227527141571,324700.0
2020-10-26,0.3748964667320251,0.3832275164300877,0.3707309542972001,0.3748964667320251,374600.0
2020-10-27,0.3707309134371228,0.4040550588997299,0.3707309134371228,0.3915584981441498,1537300.0
2020-10-28,0.383227527141571,0.3998895773465872,0.383227527141571,0.383227527141571,1007000.0
2020-10-29,0.383227527141571,0.3915585522440791,0.379062014590317,0.383227527141571,216600.0
2020-10-30,0.3832275092940576,0.3832275092940576,0.3707309473938669,0.3790619969367981,293000.0
2020-11-02,0.383227527141571,0.383227527141571,0.383227527141571,0.383227527141571,200.0
2020-11-03,0.3707309473938669,0.3832275092940576,0.3707309473938669,0.3790619969367981,66300.0
2020-11-04,0.3748964597511264,0.3790619969367981,0.3748964597511264,0.3790619969367981,21000.0
2020-11-05,0.3832274741927029,0.3957240101198732,0.3832274741927029,0.3915584981441498,230900.0
2020-11-06,0.3832275151233997,0.3915585399646435,0.3790620027027779,0.3873930275440216,258900.0
2020-11-09,0.3915585399646435,0.3915585399646435,0.3873930275440216,0.3873930275440216,63100.0
2020-11-10,0.3832275092940576,0.3832275092940576,0.3623999226793479,0.3790619969367981,927700.0
2020-11-11,0.3748964913436996,0.3790620288804016,0.366565465927124,0.366565465927124,649500.0
2020-11-12,0.3665654832270196,0.3748965090367743,0.3623999703221423,0.370730996131897,313300.0
2020-11-13,0.3748964667320251,0.3790620039952627,0.3707309542972001,0.3748964667320251,365300.0
2020-11-16,0.3748965090367743,0.379062046770067,0.370730996131897,0.370730996131897,210500.0
2020-11-17,0.3748964772106497,0.383227527141571,0.3748964772106497,0.383227527141571,95500.0
2020-11-18,0.3748964597511264,0.3790619969367981,0.3748964597511264,0.3790619969367981,127100.0
2020-11-19,0.3790619969367981,0.3832275092940576,0.3790619969367981,0.3790619969367981,235000.0
2020-11-20,0.3832275092940576,0.3832275092940576,0.3748964597511264,0.3790619969367981,170000.0
2020-11-23,0.3790619969367981,0.3832275092940576,0.3790619969367981,0.3790619969367981,230300.0
2020-11-24,0.3790620027027779,0.3915585399646435,0.3748964654537435,0.3873930275440216,362500.0
2020-11-25,0.3915585522440791,0.3915585522440791,0.379062014590317,0.383227527141571,228200.0
2020-11-26,0.3873930216513171,0.3873930216513171,0.3790619969367981,0.3790619969367981,138000.0
2020-11-27,0.3998895575036104,0.4123861193656921,0.3998895575036104,0.4123861193656921,1128800.0
2020-11-30,0.4248827315480833,0.4498758596927644,0.4248827315480833,0.4373792707920074,2313500.0
2020-12-01,0.4415447179585528,0.4498757925343207,0.4165516432017255,0.4290481805801391,886500.0
2020-12-02,0.4332137661064051,0.4332137661064051,0.4207172266202974,0.4248827397823334,405900.0
2020-12-03,0.4248826924734619,0.4290482051716858,0.420717179775238,0.420717179775238,113500.0
2020-12-04,0.420717179775238,0.4248826924734619,0.4165516670770141,0.420717179775238,315900.0
2020-12-07,0.4248826924734619,0.4290482051716858,0.420717179775238,0.420717179775238,547700.0
2020-12-08,0.4207172266202974,0.4248827397823334,0.4165517134582615,0.4248827397823334,303700.0
2020-12-09,0.4207171620936236,0.4248826746167822,0.4165516495704651,0.4165516495704651,197000.0
2020-12-10,0.4123861193656921,0.4123861193656921,0.4082206070211356,0.4123861193656921,553700.0
2020-12-11,0.408220624524148,0.4165516495704651,0.408220624524148,0.4165516495704651,171400.0
2020-12-14,0.4165516317102487,0.4165516317102487,0.4123861193656921,0.4123861193656921,239700.0
2020-12-15,0.4165516495704651,0.4165516495704651,0.4123861370473065,0.4165516495704651,187000.0
2020-12-16,0.4123861013232288,0.4123861013232288,0.3957240278455793,0.4082205891609192,387000.0
2020-12-17,0.4082205891609192,0.4082205891609192,0.4082205891609192,0.4082205891609192,140600.0
2020-12-18,0.4123861013232288,0.4123861013232288,0.4082205891609192,0.4082205891609192,115800.0
2020-12-21,0.4082205891609192,0.4123861013232288,0.4082205891609192,0.4082205891609192,27600.0
2020-12-22,0.4123861013232288,0.4123861013232288,0.4082205891609192,0.4082205891609192,79700.0
2020-12-23,0.4082206311515763,0.4123861437423616,0.404055118560791,0.404055118560791,142000.0
2020-12-24,0.404055118560791,0.404055118560791,0.404055118560791,0.404055118560791,3100.0
2020-12-28,0.4123861193656921,0.4123861193656921,0.4123861193656921,0.4123861193656921,97000.0
2020-12-29,0.4165516495704651,0.4207171620936236,0.4123861370473065,0.4165516495704651,167000.0
2020-12-30,0.4248827397823334,0.4248827397823334,0.4207172266202974,0.4248827397823334,61800.0
2020-12-31,0.4248827397823334,0.4290482529443692,0.4248827397823334,0.4248827397823334,263700.0
2021-01-04,0.4332137577106993,0.4373792707920074,0.4290482446293913,0.4373792707920074,227500.0
2021-01-05,0.437379223415011,0.437379223415011,0.4290481981548131,0.4332137107849121,286000.0
2021-01-06,0.437379223415011,0.44154473604511,0.4332137107849121,0.4332137107849121,177600.0
2021-01-07,0.4415448009967804,0.4415448009967804,0.4373792877539303,0.4415448009967804,402300.0
2021-01-08,0.4415448009967804,0.4415448009967804,0.4373792877539303,0.4415448009967804,221100.0
2021-01-11,0.44154473604511,0.44154473604511,0.4332137107849121,0.4332137107849121,416700.0
2021-01-12,0.4248827397823334,0.4290482529443692,0.4207172266202974,0.4248827397823334,114300.0
2021-01-13,0.4207171728946152,0.4332137107849121,0.4165516602645162,0.4332137107849121,104500.0
2021-01-14,0.4290482051716858,0.4290482051716858,0.420717179775238,0.420717179775238,131200.0
2021-01-15,0.4207172266202974,0.4248827397823334,0.4207172266202974,0.4248827397823334,67800.0
2021-01-18,0.4248826746167822,0.4248826746167822,0.4123861370473065,0.4165516495704651,808800.0
2021-01-19,0.4207172266202974,0.4248827397823334,0.4207172266202974,0.4248827397823334,382000.0
2021-01-20,0.4248826681206679,0.4332136930396104,0.4248826681206679,0.4290481805801391,906900.0
2021-01-21,0.4373792145090149,0.4665378519828017,0.4373792145090149,0.4498758018016815,1048400.0
2021-01-22,0.4540412963573849,0.4540412963573849,0.4415447095598458,0.4457102715969085,231100.0
2021-01-25,0.4457102892564015,0.4540413143469616,0.4457102892564015,0.4498758018016815,432600.0
2021-01-26,0.4498758771393152,0.4498758771393152,0.4373792877539303,0.4415448009967804,225200.0
2021-01-27,0.4457102715969085,0.4457102715969085,0.4415447095598458,0.4457102715969085,160000.0
2021-01-28,0.441544792430477,0.441544792430477,0.4248827397823334,0.4248827397823334,292600.0
2021-01-29,0.4332137745110803,0.4415448009967804,0.4332137745110803,0.4415448009967804,238600.0
2021-02-01,0.4457103466114563,0.4457103466114563,0.4373792707920074,0.4373792707920074,245900.0
2021-02-02,0.4540413727740724,0.4540413727740724,0.4373792707920074,0.4373792707920074,111300.0
2021-02-03,0.4373791971796076,0.4457102715969085,0.4373791971796076,0.4457102715969085,141800.0
2021-02-04,0.4373792877539303,0.4457103638964652,0.4373792877539303,0.4415448009967804,31500.0
2021-02-05,0.4373791971796076,0.4457102715969085,0.4373791971796076,0.4457102715969085,361300.0
2021-02-08,0.4457103638964652,0.4457103638964652,0.4415448009967804,0.4415448009967804,27200.0
2021-02-09,0.445710265633078,0.4665378272555857,0.445710265633078,0.4582068026065826,1469100.0
2021-02-10,0.4540413022041321,0.4582068146380101,0.4540413022041321,0.4540413022041321,40100.0
2021-02-11,0.4540413022041321,0.4540413022041321,0.4540413022041321,0.4540413022041321,0.0
2021-02-15,0.4540413078401858,0.4707033577825253,0.4540413078401858,0.4623723328113556,443100.0
2021-02-16,0.4623723676225044,0.4790344188192986,0.4623723676225044,0.4707033932209015,471400.0
2021-02-17,0.4748689037216521,0.4998620300527018,0.4748689037216521,0.4915309548377991,1140400.0
2021-02-18,0.4873654420587623,0.4956965172736651,0.4873654420587623,0.4915309548377991,223000.0
2021-02-19,0.4956965426670076,0.4956965426670076,0.4790344410404719,0.4831999540328979,175200.0
2021-02-22,0.4831999437767912,0.50819307085769,0.4831999437767912,0.4998620450496673,972400.0
2021-02-23,0.504027514540565,0.5290205898119188,0.504027514540565,0.5248550772666931,1031200.0
2021-02-24,0.5290205292860003,0.5540136513546853,0.5290205292860003,0.5498481392860413,1472800.0
2021-02-25,0.5540137972520872,0.5790068762457825,0.5540137972520872,0.5706758499145508,1830000.0
2021-02-26,0.5581792174286914,0.5706757548436976,0.549848192485354,0.5623447299003601,936900.0
2021-03-01,0.5623447212114442,0.5998343825340271,0.5623447212114442,0.5998343825340271,870300.0
2021-03-02,0.6040000307641104,0.6414896508602393,0.6040000307641104,0.6331586241722107,1914200.0
2021-03-03,0.6331584845204058,0.674813658429764,0.5623447236342742,0.5748412609100342,4107100.0
2021-03-04,0.5831723173801024,0.64148954415243,0.5831723173801024,0.608165442943573,2022700.0
2021-03-05,0.6164965172140443,0.6164965172140443,0.5498482598456381,0.5790068507194519,856300.0
2021-03-08,0.5665102706025952,0.5956688593573187,0.5665102706025952,0.5831723213195801,377600.0
2021-03-09,0.5831722795388952,0.5873377919197083,0.5748412547772691,0.5873377919197083,538500.0
2021-03-10,0.5915033896653722,0.5956689026473455,0.5790068507194519,0.5790068507194519,833500.0
2021-03-11,0.5831722795388952,0.5956688166813343,0.5831722795388952,0.5873377919197083,366100.0
2021-03-12,0.5915033396991551,0.6081654398763785,0.5915033396991551,0.5956688523292542,615600.0
2021-03-15,0.5956688346308149,0.5998343967939747,0.5873378096181474,0.5915033221244812,146800.0
2021-03-16,0.5915033254918314,0.6081654252688475,0.5915033254918314,0.6039999127388,536300.0
2021-03-17,0.6039998949413335,0.6039998949413335,0.5915033080625893,0.5998343825340271,305300.0
2021-03-18,0.6039999272462795,0.6039999272462795,0.5956688523292542,0.5956688523292542,318200.0
2021-03-19,0.5915033080625893,0.5998343825340271,0.5915033080625893,0.5998343825340271,156000.0
2021-03-22,0.6081654398763785,0.6081654398763785,0.5956688523292542,0.5956688523292542,251800.0
2021-03-23,0.5998343825340271,0.6039998949413335,0.5998343825340271,0.5998343825340271,122000.0
2021-03-24,0.5998343967939747,0.6039999093003084,0.5915033221244812,0.5915033221244812,202100.0
2021-03-25,0.5956688523292542,0.6039999272462795,0.5956688523292542,0.5956688523292542,152100.0
2021-03-26,0.5956688204698958,0.5998343825340271,0.5956688204698958,0.5998343825340271,87000.0
2021-03-29,0.5998343825340271,0.5998343825340271,0.5956688204698958,0.5998343825340271,172600.0
2021-03-30,0.6040000307641104,0.6373241375162251,0.6040000307641104,0.6331586241722107,1982300.0
2021-03-31,0.6331585156569722,0.6664826663545914,0.6331585156569722,0.6498205661773682,970000.0
2021-04-01,0.6539861140486345,0.6623171391251936,0.6498205518535285,0.6581516265869141,660600.0
2021-04-05,0.6539862141617725,0.6539862141617725,0.6414896249771118,0.6414896249771118,319800.0
2021-04-06,0.6414895409171703,0.6539861284642946,0.6414895409171703,0.6498205661773682,253900.0
2021-04-07,0.6498204825905065,0.69147565319019,0.6498204825905065,0.6831446290016174,2475800.0
2021-04-08,0.687310225621039,0.687310225621039,0.6664826625882425,0.6748136878013611,322300.0
2021-04-09,0.6748136878013611,0.6789792004079204,0.6664826625882425,0.6748136878013611,377200.0
2021-04-12,0.6748136700938419,0.6748136700938419,0.658151620104827,0.6706481575965881,345600.0
2021-04-13,0.66648268699646,0.674813712514681,0.66648268699646,0.66648268699646,209600.0
2021-04-14,0.6664825628473072,0.6873101227632026,0.6664825628473072,0.6789790987968445,643600.0
2021-04-15,0.6831447130144798,0.6831447130144798,0.6706481751948018,0.6748136878013611,184000.0
2021-04-16,0.6748136878013611,0.6748136878013611,0.6748136878013611,0.6748136878013611,59700.0
2021-04-19,0.6748136575178162,0.7039722941120092,0.6748136575178162,0.6956412196159363,906600.0
2021-04-20,0.6956411467295607,0.6956411467295607,0.6748135868136654,0.6789790987968445,335300.0
2021-04-21,0.6831447236727112,0.6914757490158081,0.6789792110011628,0.6914757490158081,275500.0
2021-04-22,0.6914757071963122,0.6998067320355603,0.6914757071963122,0.6956412196159363,259000.0
2021-04-23,0.6956412196159363,0.7164688313708814,0.6914757071963122,0.6956412196159363,847100.0
2021-04-26,0.699806756506895,0.699806756506895,0.6831447062457485,0.6873102188110352,233300.0
2021-04-27,0.6873102363442596,0.6914757490158081,0.6873102363442596,0.6914757490158081,165500.0
2021-04-28,0.6914757247697334,0.7039723120030235,0.6873102122442456,0.6998067498207092,244000.0
2021-04-29,0.699806774358905,0.699806774358905,0.6914757490158081,0.6914757490158081,145400.0
2021-04-30,0.6873102188110352,0.6914757313763218,0.6873102188110352,0.6873102188110352,112600.0
2021-05-03,0.6914757635511231,0.6914757635511231,0.6456550735440784,0.66648268699646,669200.0
2021-05-04,0.6789792252737915,0.6789792252737915,0.658151661478239,0.66648268699646,113700.0
2021-05-05,0.6664826559846022,0.6873102188110352,0.6664826559846022,0.6873102188110352,135700.0
2021-05-06,0.6873102188110352,0.699806756506895,0.6873102188110352,0.6873102188110352,207300.0
2021-05-07,0.6956412616873565,0.6956412616873565,0.6914757490158081,0.6914757490158081,133300.0
2021-05-10,0.6914757382275983,0.6998067634407169,0.6748136878013611,0.6748136878013611,259300.0
2021-05-11,0.6789792004079204,0.6831447130144798,0.6748136878013611,0.6748136878013611,77900.0
2021-05-12,0.6664825806244725,0.6873101410959037,0.6664825806244725,0.6831446290016174,94500.0
2021-05-14,0.6831447130144798,0.6831447130144798,0.6414895372920595,0.6748136878013611,598100.0
2021-05-17,0.6748136575178162,0.7081378065316333,0.6748136575178162,0.6956412196159363,438300.0
2021-05-18,0.6956412616873565,0.699806774358905,0.6831447236727112,0.6914757490158081,168700.0
2021-05-19,0.6956411652844762,0.6956411652844762,0.6831446290016174,0.6831446290016174,110300.0
2021-05-20,0.6873102075856031,0.6914757200828568,0.6706481575965881,0.6706481575965881,337100.0
2021-05-21,0.674813604813045,0.6831446290016174,0.674813604813045,0.6831446290016174,105600.0
2021-05-24,0.6831446290016174,0.6873101410959037,0.6831446290016174,0.6831446290016174,75600.0
2021-05-25,0.691475761941833,0.72479991359399,0.691475761941833,0.720634400844574,1904700.0
2021-05-27,0.7247998064488123,0.7372963428497314,0.7247998064488123,0.7372963428497314,952900.0
2021-05-28,0.7372964871519311,0.7372964871519311,0.7247999483052143,0.7289654612541199,539800.0
2021-05-31,0.7289653245269038,0.7956135688654534,0.7289653245269038,0.7914480566978455,1676800.0
2021-06-01,0.816441228951087,0.816441228951087,0.7706205426674214,0.7747860550880432,1286400.0
2021-06-02,0.7747859723368528,0.8081101177994598,0.7747859723368528,0.7831169962882996,510900.0
2021-06-03,0.7914480566978455,0.7997790810330614,0.7831170323626295,0.7914480566978455,419600.0
2021-06-04,0.795613635355713,0.7997791478714371,0.7789515852928162,0.7789515852928162,256000.0
2021-06-07,0.7831170978085403,0.795613635355713,0.7789515852928162,0.7789515852928162,219600.0
2021-06-08,0.7831171119200432,0.820606774893938,0.7831171119200432,0.808110237121582,689300.0
2021-06-09,0.8081102693304483,0.8081102693304483,0.7997791941599988,0.8039447069168091,197000.0
2021-06-10,0.8039447318842583,0.8039447318842583,0.795613706111908,0.795613706111908,241200.0
2021-06-11,0.8122757365251374,0.8331032991409302,0.8122757365251374,0.8331032991409302,949000.0
2021-06-14,0.8414342840584901,0.9164136052131652,0.8414342840584901,0.9164136052131652,2261200.0
2021-06-15,0.9247447542528638,0.9997240854932748,0.9247447542528638,0.974730908870697,2045200.0
2021-06-16,0.9913929523994752,0.9913929523994752,0.9080826044082642,0.9080826044082642,2641600.0
2021-06-17,0.9080826044082642,0.9164136292760202,0.891420554672752,0.9080826044082642,634000.0
2021-06-18,0.8955448865890503,0.9126029706093172,0.8699579130690419,0.8955448865890503,554900.0
2021-06-21,0.8784868881372297,0.8955448701711809,0.8699578971202541,0.8870158791542053,618800.0
2021-06-22,0.8870159173388034,0.9467189587013448,0.8870159173388034,0.929660975933075,1319400.0
2021-06-23,0.9467190647254372,0.9552480570647433,0.9211320877075196,0.9211320877075196,682000.0
2021-06-24,0.9211320724709008,0.9211320724709008,0.895544994202615,0.9126030802726746,477400.0
2021-06-25,0.9126030471911972,0.9126030471911972,0.8955449617394861,0.90407395362854,206500.0
2021-06-28,0.90407395362854,0.929661030969305,0.8955449617394861,0.90407395362854,393100.0
2021-06-29,0.9040738611881564,0.9040738611881564,0.8784868881372297,0.8870158791542053,382100.0
2021-06-30,0.8870158954157141,0.9126029706093172,0.8870158954157141,0.8955448865890503,228200.0
2021-07-01,0.8955449141965337,0.904073905632798,0.8784869313240051,0.8784869313240051,475300.0
2021-07-02,0.8870159227602694,0.904073905632798,0.8699579398877408,0.8784869313240051,837100.0
2021-07-05,0.8870158954157141,0.9040738777623863,0.8784869042423781,0.8955448865890503,536600.0
2021-07-06,0.8955448102533917,0.9637768354976218,0.8870158198070612,0.9381898641586304,1765100.0
2021-07-07,0.9637768527922356,0.9808348339909956,0.9467188715934752,0.9467188715934752,1503900.0
2021-07-08,0.955248041263806,0.9637770334620324,0.9040739864008414,0.9126030802726746,1022200.0
2021-07-09,0.9211318997953352,0.9552478621928554,0.9211318997953352,0.9467188715934752,478400.0
2021-07-12,0.9467188715934752,0.9552478621928554,0.9381898809940952,0.9467188715934752,339000.0
2021-07-13,0.9381898641586304,0.9467188546049607,0.9296608737122998,0.9381898641586304,280700.0
2021-07-14,0.9381900723861314,0.9381900723861314,0.9211320877075196,0.9211320877075196,200800.0
2021-07-15,0.9296610255001948,1.0064219520501023,0.9296610255001948,0.989363968372345,1318600.0
2021-07-16,0.9893638232524088,1.02347988727738,0.9893638232524088,1.0064218044281006,1506800.0
2021-07-19,1.0064219197637168,1.0064219197637168,0.9637769619373896,0.972305953502655,896600.0
2021-07-21,0.9978929602112236,1.0064219520501023,0.9808349765334664,0.989363968372345,713500.0
2021-07-22,1.0064219520501023,1.0064219520501023,0.9723059846945876,0.989363968372345,464500.0
2021-07-23,0.9978929602112236,0.9978929602112236,0.9808349765334664,0.989363968372345,230700.0
2021-07-26,0.9893639526407616,0.9893639526407616,0.9808349609375,0.9808349609375,212700.0
2021-07-27,0.980835110244147,1.0490671559303966,0.980835110244147,1.0234801769256592,2739900.0
2021-07-28,1.0405381629288175,1.0575961489319756,1.0064220892488844,1.0234801769256592,598000.0
2021-07-29,1.0320088863372805,1.0320088863372805,1.0234798956794176,1.0320088863372805,156400.0
2021-07-30,1.0320091699272382,1.0320091699272382,1.01495118392408,1.0234801769256592,354100.0
2021-08-02,1.0234801756632737,1.0234801756632737,0.9893641020254202,0.9978930950164796,554000.0
2021-08-03,0.9893638232524088,1.0149508966895342,0.980834832664563,1.0064218044281006,188300.0
2021-08-04,1.0064218044281006,1.02347988727738,1.0064218044281006,1.0064218044281006,394700.0
2021-08-05,1.0064219520501023,1.0064219520501023,0.9893639683723452,0.989363968372345,317800.0
2021-08-06,0.9978928138402549,1.0064218044281006,0.9978928138402549,1.0064218044281006,288800.0
2021-08-10,1.0064218044281006,1.02347988727738,0.9978928138402549,1.0064218044281006,406800.0
2021-08-11,1.0064220880075387,1.0064220880075387,0.9978930950164794,0.9978930950164796,170900.0
2021-08-12,0.9978930950164794,0.9978930950164794,0.9978930950164794,0.9978930950164796,131800.0
2021-08-13,0.921132036350054,0.921132036350054,0.8315775201068205,0.8699579834938049,5056700.0
2021-08-16,0.8699579834938049,0.8699579834938049,0.8401065119705948,0.8699579834938049,1259800.0
2021-08-17,0.8614289051893419,0.8614289051893419,0.8401064276695251,0.8401064276695251,553500.0
2021-08-18,0.8358419321655618,0.8401064276695251,0.8315774366615983,0.8401064276695251,631700.0
2021-08-19,0.8315774450237289,0.8315774450237289,0.720700459132138,0.7292294502258301,3711000.0
2021-08-20,0.7164358496665955,0.7377583763601824,0.7036423641525188,0.7164358496665955,1039400.0
2021-08-23,0.7292293844341743,0.7334938795962742,0.6055588722229004,0.6055588722229004,4279800.0
2021-08-24,0.614088033994189,0.6865845168253909,0.6098234871577162,0.6780555248260498,3659900.0
2021-08-25,0.6993779235283449,0.8486354186774518,0.6993779235283449,0.8401064276695251,11968600.0
2021-08-26,0.861428988868363,0.8699579807047941,0.8187839788494062,0.8358420133590698,3550600.0
2021-08-27,0.8273129427381173,0.8273129427381173,0.7931969278044394,0.8145194053649902,1422700.0
2021-08-30,0.8145194461009764,0.8528999584662619,0.7974614631994268,0.831577479839325,1500600.0
2021-08-31,0.8230483746797161,0.8273129209161372,0.801725897681587,0.8187838792800903,5623100.0
2021-09-01,0.8145194053649902,0.8401064292744478,0.8102549098528801,0.8145194053649902,756900.0
2021-09-02,0.80599045753479,0.8187839447567393,0.80599045753479,0.80599045753479,313300.0
2021-09-03,0.8102549532754398,0.8145194490160895,0.80599045753479,0.80599045753479,775400.0
2021-09-06,0.8102549314498901,0.8187839227014472,0.8059904358241116,0.8102549314498901,305900.0
2021-09-07,0.8187839227014472,0.8187839227014472,0.801725940198333,0.8102549314498901,494200.0
2021-09-08,0.8017260432243347,0.8059905393981234,0.7974615470505461,0.8017260432243347,583800.0
2021-09-09,0.8059903859549594,0.8102548813168802,0.7846679091453552,0.7846679091453552,473500.0
2021-09-10,0.7846680505700774,0.7846680505700774,0.7590810229500773,0.7804035544395447,907100.0
2021-09-13,0.7846679490924855,0.7846679490924855,0.7633454203605652,0.7633454203605652,524500.0
2021-09-14,0.7676099538803101,0.7761389962967223,0.7633454580905039,0.7676099538803101,273100.0
2021-09-15,0.7676099214491531,0.7676099214491531,0.7505519390106201,0.7505519390106201,533100.0
2021-09-16,0.7505519390106201,0.7633454258395198,0.7505519390106201,0.7505519390106201,371500.0
2021-09-17,0.7548165012086745,0.7590809971945132,0.7377585172653198,0.7377585172653198,554400.0
2021-09-20,0.7420230178848716,0.7462875138973408,0.7121714949607849,0.7121714949607849,761700.0
2021-09-21,0.7164358496665955,0.7207003956747469,0.7164358496665955,0.7164358496665955,249000.0
2021-09-22,0.7164359930291587,0.7249650359153748,0.7164359930291587,0.7249650359153748,93700.0
2021-09-23,0.7292294557283684,0.7633454203605652,0.7292294557283684,0.7633454203605652,641400.0
2021-09-24,0.7718745113416754,0.8017260350922083,0.7676100152111427,0.7804035544395447,712100.0
2021-09-27,0.7804035302333746,0.7846680262316333,0.7718744874000549,0.7718744874000549,84700.0
2021-09-28,0.7761390024862376,0.7804034983100521,0.7420229850589216,0.754816472530365,195900.0
2021-09-29,0.7548165012086745,0.7548165012086745,0.7377585172653198,0.7377585172653198,274800.0
2021-09-30,0.7377585325517657,0.7505520207743643,0.7377585325517657,0.7462875247001648,190600.0
2021-10-01,0.7462874710484304,0.7462874710484304,0.7292294879779565,0.733493983745575,181400.0
2021-10-04,0.7421233162591899,0.7421233162591899,0.7291793174887675,0.733493983745575,107700.0
2021-10-05,0.7291793823242188,0.7378087156051163,0.7291793823242188,0.7291793823242188,91000.0
2021-10-06,0.7378087156051163,0.7378087156051163,0.7291793823242188,0.7291793823242188,57300.0
2021-10-07,0.7248646020889282,0.7334939860647062,0.7248646020889282,0.7248646020889282,111600.0
2021-10-08,0.72054997592953,0.7507526929388577,0.72054997592953,0.7464380264282227,181400.0
2021-10-11,0.7507526713721605,0.7895847202872393,0.7507526713721605,0.7636966705322266,337300.0
2021-10-12,0.7680113158315688,0.7895846986075507,0.7680113158315688,0.7809553146362305,383100.0
2021-10-13,0.7852701093634754,0.7852701093634754,0.7636967244714425,0.7680113911628723,184200.0
2021-10-14,0.7636966705322266,0.7636966705322266,0.7593820041455379,0.7636966705322266,143800.0
2021-10-15,0.7636967188693147,0.7723260521888733,0.7550673855497559,0.7723260521888733,112100.0
2021-10-18,0.772326003305604,0.7766406696922926,0.7636966705322266,0.7636966705322266,61000.0
2021-10-19,0.7593820259601279,0.7593820259601279,0.7334940268963173,0.7464380264282227,245300.0
2021-10-20,0.7464380319447442,0.7464380319447442,0.7421233654022217,0.7421233654022217,106300.0
2021-10-21,0.7464380264282227,0.7507526929388577,0.7421233599175875,0.7464380264282227,141100.0
2021-10-22,0.75075264345023,0.75075264345023,0.7378086447715759,0.7378086447715759,243800.0
2021-10-25,0.7378086500023825,0.7378086500023825,0.733493983745575,0.733493983745575,208300.0
2021-10-26,0.7334940489646675,0.7378087156051163,0.7291793823242188,0.7291793823242188,144700.0
2021-10-27,0.7334940489646675,0.7334940489646675,0.7248646642488864,0.7291793823242188,109600.0
2021-10-28,0.7291793823242188,0.7291793823242188,0.7248646642488864,0.7291793823242188,127200.0
2021-10-29,0.7291793174887675,0.733493983745575,0.7205499335402736,0.733493983745575,142800.0
2021-11-01,0.7464380319447442,0.7550673650297892,0.7421233654022217,0.7421233654022217,250000.0
2021-11-02,0.7378086500023825,0.7378086500023825,0.7291793174887675,0.733493983745575,88300.0
2021-11-03,0.7291793823242188,0.7291793823242188,0.7248646642488864,0.7291793823242188,168900.0
2021-11-05,0.7334939860647062,0.7334939860647062,0.7248646020889282,0.7248646020889282,92200.0
2021-11-08,0.7248646642488864,0.7334940489646675,0.7248646642488864,0.7291793823242188,123500.0
2021-11-09,0.7291793197942568,0.7334939860647062,0.7205499358184788,0.7248646020889282,104200.0
2021-11-10,0.7205499358184788,0.7248646020889282,0.7205499358184788,0.7248646020889282,71700.0
2021-11-11,0.7248645997970811,0.733493983745575,0.7248645997970811,0.733493983745575,58600.0
2021-11-12,0.7248646020889282,0.7248646020889282,0.7248646020889282,0.7248646020889282,38000.0
2021-11-15,0.7248647272878975,0.7248647272878975,0.7205500602722168,0.7205500602722168,121100.0
2021-11-16,0.7248645523814249,0.7248645523814249,0.7162352204322815,0.7162352204322815,31900.0
2021-11-17,0.7162352853767282,0.7162352853767282,0.7076059526451224,0.7119206190109253,169700.0
2021-11-18,0.7076059688622984,0.7076059688622984,0.6989766359329224,0.6989766359329224,184200.0
2021-11-19,0.7076059688622984,0.7119206353269865,0.6989766359329224,0.6989766359329224,99100.0
2021-11-22,0.6989765918275739,0.6989765918275739,0.6860325932502747,0.6860325932502747,197400.0
2021-11-23,0.6817178741125294,0.6817178741125294,0.6687738251056458,0.6730884909629822,298200.0
2021-11-24,0.6730885535051463,0.6817179374565201,0.6644592209886515,0.6774032711982727,212900.0
2021-11-25,0.6730884909629822,0.6730884909629822,0.6687738251056458,0.6730884909629822,207600.0
2021-11-26,0.6730885007511423,0.6730885007511423,0.6601445029908992,0.6644591689109802,136100.0
2021-11-29,0.6601445893229904,0.6601445893229904,0.634256590416935,0.6428859233856201,293600.0
2021-11-30,0.6342565571809194,0.6860326037147676,0.629941890922672,0.6774032711982727,151900.0
2021-12-01,0.6817178840261794,0.6817178840261794,0.6644591689109802,0.6644591689109802,9800.0
2021-12-02,0.655830031848423,0.655830031848423,0.6472006974454002,0.6515153646469116,26700.0
2021-12-03,0.6515151808745014,0.6558298468589783,0.6515151808745014,0.6558298468589783,70000.0
2021-12-06,0.6601445229587455,0.6601445229587455,0.6472005248069763,0.6472005248069763,58400.0
2021-12-07,0.6644591689109802,0.6644591689109802,0.6472005052306561,0.6644591689109802,14300.0
2021-12-08,0.6644591738370478,0.6730885057411847,0.6601445078849792,0.6601445078849792,48100.0
2021-12-09,0.6601445029908992,0.6903472158663414,0.6601445029908992,0.6644591689109802,157200.0
2021-12-10,0.6644591689109802,0.6730885007511423,0.6644591689109802,0.6644591689109802,7300.0
2021-12-13,0.6644591890093352,0.6730885211105146,0.6472005248069763,0.6472005248069763,228200.0
2021-12-14,0.651515190857566,0.6644591890093352,0.6428858587563866,0.6472005248069763,38300.0
2021-12-15,0.6428859233856201,0.6472005898699627,0.6428859233856201,0.6428859233856201,75000.0
2021-12-16,0.6299419347750126,0.6385712678922238,0.6299419347750126,0.6342566013336182,15200.0
2021-12-17,0.6342566069041173,0.6342566069041173,0.6299419403076172,0.6299419403076172,181500.0
2021-12-20,0.6299420120358377,0.6299420120358377,0.6169979593375823,0.62131267786026,193700.0
2021-12-21,0.6213126214256166,0.6299419548173806,0.6126832365989685,0.6126832365989685,107200.0
2021-12-22,0.6385712678922238,0.6472006010094351,0.6342566013336182,0.6342566013336182,18800.0
2021-12-23,0.634256595838396,0.6385712623596191,0.634256595838396,0.6385712623596191,75500.0
2021-12-24,0.6428858440767055,0.6601445078849792,0.6428858440767055,0.6601445078849792,110000.0
2021-12-27,0.6558298569081558,0.6601445229587455,0.6385711927057969,0.6472005248069763,54200.0
2021-12-28,0.6601445761680544,0.711920624383287,0.6601445761680544,0.7076059579849243,608300.0
2021-12-29,0.7076058884831381,0.7636965975874456,0.7076058884831381,0.7162352204322815,1206400.0
2021-12-30,0.7162352695480294,0.7378086523351556,0.71192060327758,0.7248646020889282,256700.0
2021-12-31,0.7248646020889282,0.7291793197942568,0.7162352695480294,0.7248646020889282,111500.0
2022-01-03,0.7205499682563625,0.7205499682563625,0.6817179700741701,0.6989766359329224,154900.0
2022-01-04,0.7076059350060047,0.7076059350060047,0.6774032711982727,0.6774032711982727,213300.0
2022-01-05,0.6774032735226093,0.6774032735226093,0.668773889541626,0.668773889541626,203400.0
2022-01-06,0.6644592232685739,0.6817179397956614,0.6558298907224697,0.668773889541626,178400.0
2022-01-07,0.6730885007511423,0.6730885007511423,0.6644591689109802,0.6644591689109802,147700.0
2022-01-10,0.6644591738370478,0.6730885057411847,0.6601445078849792,0.6601445078849792,140200.0
2022-01-11,0.6601445229587455,0.6687738550599249,0.6472005248069763,0.6472005248069763,166800.0
2022-01-12,0.6472005148900247,0.660144512843455,0.6428858489055479,0.6558298468589783,297700.0
2022-01-13,0.6558298569081558,0.6558298569081558,0.6428858587563866,0.6472005248069763,124800.0
2022-01-14,0.6428858440767055,0.6644591738370478,0.6428858440767055,0.6601445078849792,94000.0
2022-01-17,0.6644591738370478,0.6687738397891162,0.6558298419329108,0.6601445078849792,90300.0
2022-01-18,0.6558298468589783,0.660144512843455,0.6558298468589783,0.6558298468589783,47200.0
2022-01-19,0.6558298569081558,0.6558298569081558,0.6472005248069763,0.6472005248069763,171900.0
2022-01-20,0.6472005898699627,0.6558299228386478,0.6428859233856201,0.6428859233856201,37900.0
2022-01-21,0.6472006974454002,0.6515153646469116,0.6428860302438887,0.6515153646469116,144200.0
2022-01-24,0.655830031848423,0.655830031848423,0.6385713630423773,0.6515153646469116,369200.0
2022-01-25,0.6428859288808424,0.6428859288808424,0.6385712623596191,0.6385712623596191,152700.0
2022-01-26,0.6342565266552072,0.6558298569081558,0.6342565266552072,0.6472005248069763,56000.0
2022-01-27,0.6472006124562029,0.6472006124562029,0.6213126126466989,0.6256272792816162,265100.0
2022-01-28,0.6256272792816162,0.6299419459165335,0.6256272792816162,0.6256272792816162,188200.0
2022-01-31,0.625627273711117,0.6299419403076172,0.6213126071146169,0.6299419403076172,81400.0
2022-02-03,0.6342566125514509,0.6385712791863682,0.6256272792816162,0.6256272792816162,117000.0
2022-02-04,0.6299418462205,0.6730885057411847,0.6299418462205,0.6601445078849792,119500.0
2022-02-07,0.6644591788279318,0.6687738448124085,0.6472005148900247,0.6558298468589783,54500.0
2022-02-08,0.6687738397891162,0.6687738397891162,0.6472005100287739,0.6601445078849792,175700.0
2022-02-09,0.6515151711507371,0.6644591689109802,0.6472005052306561,0.6644591689109802,64000.0
2022-02-10,0.6601445078849792,0.6687738397891162,0.6601445078849792,0.6601445078849792,64000.0
2022-02-11,0.660144512843455,0.660144512843455,0.6515151808745014,0.6558298468589783,66200.0
2022-02-14,0.6558299284445119,0.6558299284445119,0.6385712623596191,0.6385712623596191,104800.0
2022-02-15,0.651515190857566,0.651515190857566,0.6472005248069763,0.6472005248069763,19600.0
2022-02-16,0.6472005248069763,0.6472005248069763,0.6472005248069763,0.6472005248069763,0.0
2022-02-17,0.6472006974454002,0.664459366251446,0.6472006974454002,0.6515153646469116,48200.0
2022-02-18,0.6472005898699627,0.6472005898699627,0.6428859233856201,0.6428859233856201,275500.0
2022-02-21,0.6428858587563866,0.651515190857566,0.6428858587563866,0.6472005248069763,85500.0
2022-02-22,0.651515190857566,0.6558298569081558,0.6472005248069763,0.6472005248069763,643100.0
2022-02-23,0.6515151711507371,0.6644591689109802,0.6515151711507371,0.6644591689109802,194400.0
2022-02-24,0.6601446816503596,0.6601446816503596,0.6169979593375823,0.62131267786026,359000.0
2022-02-25,0.6213125909639075,0.6472005898699627,0.6213125909639075,0.6428859233856201,259100.0
2022-02-28,0.6428859458212856,0.6428859458212856,0.6256272792816162,0.6256272792816162,228100.0
2022-03-01,0.6256272682164069,0.6385712678922238,0.6256272682164069,0.6342566013336182,108000.0
2022-03-02,0.6342566013336182,0.6342566013336182,0.6256272682164069,0.6342566013336182,58500.0
2022-03-03,0.6342566069041173,0.6342566069041173,0.625627273711117,0.6299419403076172,148800.0
2022-03-04,0.6213126071146169,0.6299419403076172,0.6213126071146169,0.6299419403076172,168100.0
2022-03-07,0.6256272792816162,0.6256272792816162,0.616997894576898,0.6256272792816162,195400.0
2022-03-08,0.6256271713611075,0.6256271713611075,0.608368456363678,0.608368456363678,328100.0
2022-03-09,0.6040537904730393,0.6126831222543168,0.6040537904730393,0.608368456363678,100200.0
2022-03-10,0.6126831717809075,0.6169978380203247,0.6126831717809075,0.6169978380203247,207600.0
2022-03-11,0.6213125556946206,0.6213125556946206,0.6169978380203247,0.6169978380203247,95600.0
2022-03-14,0.6126831876445881,0.6126831876445881,0.6040538549423218,0.6040538549423218,521200.0
2022-03-15,0.6169978539957213,0.6169978539957213,0.6040538549423218,0.6040538549423218,140000.0
2022-03-16,0.6040539032072045,0.6126832365989685,0.6040539032072045,0.6126832365989685,117900.0
2022-03-17,0.6126832365989685,0.6126832365989685,0.6126832365989685,0.6126832365989685,15600.0
2022-03-18,0.6126831717809075,0.6169978380203247,0.6126831717809075,0.6169978380203247,151000.0
2022-03-21,0.6169979032948505,0.6213126214256166,0.6126832365989685,0.6126832365989685,188000.0
2022-03-22,0.6169978380203247,0.6213125556946206,0.6126831717809075,0.6169978380203247,60800.0
2022-03-23,0.6169979593375823,0.62131267786026,0.6126832922497935,0.62131267786026,48200.0
2022-03-24,0.6126832279419807,0.6342566125514509,0.6126832279419807,0.6256272792816162,139200.0
2022-03-25,0.6256271849676408,0.6558298468589783,0.6256271849676408,0.6558298468589783,498100.0
2022-03-28,0.6558298884721566,0.6860326037147676,0.6558298884721566,0.6774032711982727,688400.0
2022-03-29,0.6817179397956614,0.6903472723417656,0.6644592232685739,0.668773889541626,309100.0
2022-03-30,0.6687738397891162,0.6687738397891162,0.6515151759808423,0.6601445078849792,142300.0
2022-03-31,0.6644591788279318,0.6644591788279318,0.6558298468589783,0.6558298468589783,55400.0
2022-04-01,0.655830031848423,0.655830031848423,0.6515153646469116,0.6515153646469116,46200.0
2022-04-04,0.6472005148900247,0.6774032282162379,0.6472005148900247,0.6558298468589783,111900.0
2022-04-05,0.6558298419329108,0.6601445078849792,0.6558298419329108,0.6601445078849792,19000.0
2022-04-06,0.6558298468589783,0.6558298468589783,0.6515151808745014,0.6558298468589783,35000.0
2022-04-07,0.651515190857566,0.651515190857566,0.6472005248069763,0.6472005248069763,9400.0
2022-04-08,0.6472005248069763,0.6558298569081558,0.6428858587563866,0.6472005248069763,65300.0
2022-04-11,0.6515153646469116,0.655830031848423,0.6515153646469116,0.6515153646469116,31500.0
2022-04-12,0.651515190857566,0.651515190857566,0.6472005248069763,0.6472005248069763,5000.0
2022-04-13,0.6472005148900247,0.6558298468589783,0.6428858489055479,0.6558298468589783,71400.0
2022-04-14,0.651515190857566,0.651515190857566,0.6472005248069763,0.6472005248069763,20300.0
2022-04-18,0.6428859288808424,0.6428859288808424,0.6385712623596191,0.6385712623596191,8100.0
2022-04-19,0.6385712678922238,0.6385712678922238,0.6299419347750126,0.6342566013336182,181200.0
2022-04-20,0.6428859288808424,0.6428859288808424,0.6299419293171727,0.6385712623596191,48600.0
2022-04-21,0.6385712569012776,0.6428859233856201,0.6385712569012776,0.6428859233856201,114000.0
2022-04-22,0.6385712678922238,0.6385712678922238,0.6342566013336182,0.6342566013336182,19800.0
2022-04-25,0.6385712623596191,0.6385712623596191,0.6299419293171727,0.6385712623596191,108500.0
2022-04-26,0.6385712735006175,0.6385712735006175,0.6299419403076172,0.6299419403076172,12200.0
2022-04-27,0.6299419403076172,0.6299419403076172,0.6299419403076172,0.6299419403076172,0.0
2022-04-28,0.6256273449480488,0.6256273449480488,0.62131267786026,0.62131267786026,62500.0
2022-04-29,0.62131267786026,0.62131267786026,0.62131267786026,0.62131267786026,63800.0
2022-05-04,0.6299419403076172,0.6342566069041173,0.6213126071146169,0.6299419403076172,86500.0
2022-05-05,0.6299419293171727,0.6385712623596191,0.6299419293171727,0.6385712623596191,26400.0
2022-05-06,0.625627273711117,0.6299419403076172,0.625627273711117,0.6299419403076172,31000.0
2022-05-09,0.6385712735006175,0.6385712735006175,0.6299419403076172,0.6299419403076172,10600.0
2022-05-10,0.6299419459165335,0.6299419459165335,0.6126832279419807,0.6256272792816162,70000.0
2022-05-11,0.6169978380203247,0.6169978380203247,0.6169978380203247,0.6169978380203247,17600.0
2022-05-12,0.6126831876445881,0.6126831876445881,0.6040538549423218,0.6040538549423218,126300.0
2022-05-13,0.5954245222400555,0.608368521293455,0.5867951895377892,0.6040538549423218,102600.0
2022-05-17,0.6040538549423218,0.6040538549423218,0.6040538549423218,0.6040538549423218,21100.0
2022-05-18,0.608368521293455,0.608368521293455,0.6040538549423218,0.6040538549423218,18000.0
2022-05-19,0.6040538712675442,0.608368537735286,0.5911098718643188,0.5911098718643188,83200.0
2022-05-20,0.5997391939163208,0.5997391939163208,0.5954245275268774,0.5997391939163208,85200.0
2022-05-23,0.612683193084651,0.612683193084651,0.5997391939163208,0.5997391939163208,22100.0
2022-05-24,0.6040538603057642,0.6040538603057642,0.5997391939163208,0.5997391939163208,39300.0
2022-05-25,0.5997391392820666,0.5997391392820666,0.595424473285675,0.595424473285675,40200.0
2022-05-26,0.5997392047998024,0.5997392047998024,0.5911098718643188,0.5911098718643188,38000.0
2022-05-27,0.5954245275268774,0.5997391939163208,0.5954245275268774,0.5997391939163208,13600.0
2022-05-30,0.6040539032072045,0.6126832365989685,0.5997392365113225,0.6126832365989685,26600.0
2022-05-31,0.5954245222400555,0.6040538549423218,0.5954245222400555,0.6040538549423218,6900.0
2022-06-01,0.6213126214256166,0.6256272881214986,0.6126832365989685,0.6126832365989685,163500.0
2022-06-02,0.6109376521181464,0.6196653246879578,0.6065738158332407,0.6196653246879578,42400.0
2022-06-03,0.6065738201141357,0.6109376564298392,0.6065738201141357,0.6065738201141357,37000.0
2022-06-06,0.6065738201141357,0.6065738201141357,0.6065738201141357,0.6065738201141357,0.0
2022-06-07,0.6109376594092084,0.6109376594092084,0.5978461503982544,0.5978461503982544,10000.0
2022-06-08,0.6109375943530739,0.6153014302253723,0.6022099226084772,0.6153014302253723,142200.0
2022-06-09,0.610937657908729,0.610937657908729,0.6022099852561951,0.6022099852561951,3700.0
2022-06-10,0.610937657908729,0.610937657908729,0.5934823126036612,0.6022099852561951,167400.0
2022-06-13,0.5934823069785237,0.6240291609728634,0.5934823069785237,0.6196653246879578,12600.0
2022-06-14,0.6196653246879578,0.6196653246879578,0.6196653246879578,0.6196653246879578,0.0
2022-06-15,0.6196653246879578,0.6196653246879578,0.6196653246879578,0.6196653246879578,0.0
2022-06-16,0.6196653246879578,0.6196653246879578,0.6196653246879578,0.6196653246879578,300.0
2022-06-17,0.610937774181366,0.610937774181366,0.610937774181366,0.610937774181366,15100.0
2022-06-20,0.610937657908729,0.610937657908729,0.6022099852561951,0.6022099852561951,6200.0
2022-06-21,0.6022099852561951,0.6022099852561951,0.6022099852561951,0.6022099852561951,70200.0
2022-06-22,0.6022099867352391,0.6022099867352391,0.5978461503982544,0.5978461503982544,33800.0
2022-06-23,0.5978461503982544,0.5978461503982544,0.5978461503982544,0.5978461503982544,6500.0
2022-06-24,0.5978461503982544,0.5978461503982544,0.5978461503982544,0.5978461503982544,0.0
2022-06-27,0.5978462119310874,0.5978462119310874,0.5934823751449585,0.5934823751449585,9800.0
2022-06-28,0.5934823751449585,0.5934823751449585,0.5934823751449585,0.5934823751449585,20100.0
2022-06-29,0.5934823185646274,0.5934823185646274,0.5847546458244324,0.5847546458244324,19900.0
2022-06-30,0.584754648894569,0.584754648894569,0.5716630876945088,0.576026976108551,27800.0
2022-07-01,0.5934823751449585,0.5934823751449585,0.5934823751449585,0.5934823751449585,22000.0
2022-07-04,0.5934823185405612,0.5934823185405612,0.5629354119300842,0.5629354119300842,89900.0
2022-07-05,0.5629354134538764,0.5847546473835741,0.5585715770721436,0.5585715770721436,18500.0
2022-07-06,0.5672991269998329,0.571662962436676,0.5672991269998329,0.571662962436676,23800.0
2022-07-07,0.5672992498356094,0.5672992498356094,0.5585715770721436,0.5585715770721436,13600.0
2022-07-08,0.5585715770721436,0.5847546473835741,0.5585715770721436,0.5585715770721436,24100.0
2022-07-12,0.5672992467880249,0.5672992467880249,0.5672992467880249,0.5672992467880249,10200.0
2022-07-13,0.5672992498356094,0.5672992498356094,0.5585715770721436,0.5585715770721436,4300.0
2022-07-14,0.5367523431777954,0.5629353589323084,0.53238850721871,0.5367523431777954,243700.0
2022-07-15,0.5411163014196155,0.5411163014196155,0.5323886275291443,0.5323886275291443,89200.0
2022-07-18,0.5236608311387316,0.5542076826095581,0.5236608311387316,0.5542076826095581,114400.0
2022-07-19,0.532388564778606,0.5411162376403809,0.532388564778606,0.5411162376403809,14000.0
2022-07-20,0.5411162315452119,0.5672992498356094,0.5411162315452119,0.5585715770721436,42700.0
2022-07-21,0.5411162300804814,0.5629354119300842,0.5411162300804814,0.5629354119300842,1600.0
2022-07-22,0.5629352915629896,0.571662962436676,0.5629352915629896,0.571662962436676,143600.0
2022-07-25,0.5716630831463149,0.5716630831463149,0.5672992467880249,0.5672992467880249,52000.0
2022-07-26,0.5672992498010573,0.5803908109664917,0.5672992498010573,0.5803908109664917,58900.0
2022-07-27,0.5760270280004426,0.6109377222894744,0.5760270280004426,0.5934823751449585,276300.0
2022-07-28,0.5934821916419137,0.5934821916419137,0.571662962436676,0.571662962436676,40900.0
2022-07-29,0.571662962436676,0.571662962436676,0.571662962436676,0.571662962436676,0.0
2022-08-01,0.5716631877492586,0.619665448494936,0.5716631877492586,0.610937774181366,218900.0
2022-08-02,0.5716630876945088,0.576026976108551,0.5716630876945088,0.576026976108551,17200.0
2022-08-03,0.576027076927086,0.610937774181366,0.576027076927086,0.610937774181366,79600.0
2022-08-04,0.610937774181366,0.610937774181366,0.610937774181366,0.610937774181366,0.0
2022-08-05,0.5803908094543349,0.5847546458244324,0.5760269730842373,0.5847546458244324,20000.0
2022-08-08,0.58039081250156,0.58039081250156,0.576026976108551,0.576026976108551,5000.0
2022-08-10,0.576026976108551,0.576026976108551,0.576026976108551,0.576026976108551,0.0
2022-08-11,0.5934823751449585,0.5934823751449585,0.5934823751449585,0.5934823751449585,16000.0
2022-08-12,0.5934823185646274,0.5934823185646274,0.5847546458244324,0.5847546458244324,60000.0
2022-08-15,0.5760269715256378,0.5760269715256378,0.5672992467880249,0.5672992467880249,372000.0
2022-08-16,0.5585715770721436,0.5672992498356094,0.5542077406904107,0.5585715770721436,61800.0
2022-08-17,0.5585715755601637,0.5629354119300842,0.5585715755601637,0.5629354119300842,45200.0
2022-08-18,0.5629354119300842,0.5629354119300842,0.5629354119300842,0.5629354119300842,0.0
2022-08-19,0.5672992467880249,0.5716630831463149,0.5672992467880249,0.5672992467880249,8500.0
2022-08-22,0.5629354134538764,0.5629354134538764,0.5585715770721436,0.5585715770721436,6000.0
2022-08-23,0.5542077406904107,0.5585715770721436,0.5542077406904107,0.5585715770721436,2000.0
2022-08-24,0.5498439073562622,0.5498439073562622,0.5498439073562622,0.5498439073562622,57000.0
2022-08-25,0.5585715755601637,0.5716630846699254,0.5585715755601637,0.5629354119300842,43700.0
2022-08-26,0.5498439043086777,0.5629354134538764,0.5498439043086777,0.5585715770721436,77500.0
2022-08-29,0.5498438466851543,0.5585715185339619,0.536752338911943,0.5542076826095581,19500.0
2022-08-30,0.5498438488351439,0.5585715207180783,0.5454800128936768,0.5454800128936768,36100.0
2022-08-31,0.5498439073562622,0.5498439073562622,0.5498439073562622,0.5498439073562622,10000.0
2022-09-01,0.5498439073562622,0.5498439073562622,0.5498439073562622,0.5498439073562622,9000.0
2022-09-02,0.5498439073562622,0.5498439073562622,0.5498439073562622,0.5498439073562622,0.0
2022-09-05,0.5629354134538764,0.5629354134538764,0.5585715770721436,0.5585715770721436,13300.0
2022-09-06,0.5585715185339619,0.5585715185339619,0.5454800107607506,0.5542076826095581,48300.0
2022-09-07,0.5542076826095581,0.5542076826095581,0.5542076826095581,0.5542076826095581,6000.0
2022-09-08,0.5411161748363468,0.5542076826095581,0.5411161748363468,0.5542076826095581,1600.0
2022-09-09,0.5585715207180783,0.5585715207180783,0.5454800128936768,0.5454800128936768,3100.0
2022-09-12,0.5454800709503421,0.5542077437621823,0.5454800709503421,0.5498439073562622,37700.0
2022-09-13,0.5542076847766111,0.5542076847766111,0.5454800128936768,0.5454800128936768,24100.0
2022-09-14,0.5367523431777954,0.5367523431777954,0.5367523431777954,0.5367523431777954,113300.0
2022-09-15,0.5367523410107423,0.5454800128936768,0.5367523410107423,0.5454800128936768,28500.0
2022-09-16,0.5411161791368809,0.5411161791368809,0.5367523431777954,0.5367523431777954,17500.0
2022-09-19,0.5411161791368809,0.5411161791368809,0.5367523431777954,0.5367523431777954,15000.0
2022-09-20,0.5411161791368809,0.5411161791368809,0.5367523431777954,0.5367523431777954,27100.0
2022-09-21,0.5323885711752561,0.5323885711752561,0.5192970617252992,0.5236608982086182,313500.0
2022-09-22,0.5192971166934374,0.53675246447438,0.5192971166934374,0.5323886275291443,29800.0
2022-09-23,0.5236609599531787,0.5280247969510352,0.5149332339364254,0.5192971229553223,98600.0
2022-09-26,0.5192970991483976,0.5192970991483976,0.4625671167349415,0.4887501895427704,215900.0
2022-09-27,0.4887501048712546,0.4887501048712546,0.466930924662237,0.4712947607040405,30500.0
2022-09-28,0.4669308942446051,0.4756585657596588,0.4625670064660526,0.4756585657596588,28300.0
2022-09-29,0.4756585657596588,0.4756585657596588,0.4712947300021319,0.4756585657596588,17400.0
2022-09-30,0.4756586562310053,0.4756586562310053,0.445111748097201,0.4538394212722778,192700.0
2022-10-03,0.4538393677420557,0.4538393677420557,0.4320201873779297,0.4320201873779297,123300.0
2022-10-04,0.4320201873779297,0.4451116955964053,0.4320201873779297,0.4320201873779297,197600.0
2022-10-05,0.4363840520381927,0.4363840520381927,0.4276563793207941,0.4363840520381927,61600.0
2022-10-06,0.4363840520381927,0.4363840520381927,0.4363840520381927,0.4363840520381927,0.0
2022-10-07,0.4276563513051045,0.4363840234507549,0.4232925152322793,0.4320201873779297,41200.0
2022-10-10,0.4381543738374053,0.4381543738374053,0.4206281894821362,0.4293912947177887,40800.0
2022-10-11,0.4293912947177887,0.4293912947177887,0.4293912947177887,0.4293912947177887,5100.0
2022-10-12,0.4293912947177887,0.4293912947177887,0.4293912947177887,0.4293912947177887,5000.0
2022-10-13,0.4250097002131275,0.4250097002131275,0.4031019791302596,0.4074835181236267,33000.0
2022-10-14,0.4074835603165852,0.4074835603165852,0.3680496530610254,0.372431218624115,121300.0
2022-10-17,0.3943388857206227,0.403101990061015,0.3592865467071533,0.3592865467071533,61700.0
2022-10-18,0.3592866016229095,0.3768127868664796,0.3592866016229095,0.368049681186676,30900.0
2022-10-19,0.3680496533979804,0.3680496533979804,0.3592865744958489,0.3636681139469147,48200.0
2022-10-20,0.3592865741669167,0.3768127580711694,0.3505234952728079,0.372431218624115,83700.0
2022-10-21,0.3768127626919966,0.3768127626919966,0.3549050390720367,0.3549050390720367,72400.0
2022-10-25,0.3592865467071533,0.3592865467071533,0.3592865467071533,0.3592865467071533,8000.0
2022-10-26,0.3592865467071533,0.3592865467071533,0.3549050075949737,0.3592865467071533,65100.0
2022-10-27,0.363668113613971,0.372431218624115,0.3592865741669167,0.372431218624115,65800.0
2022-10-28,0.3592866016229095,0.368049681186676,0.350523522059143,0.368049681186676,119500.0
2022-10-31,0.368049681186676,0.368049681186676,0.3592866016229095,0.368049681186676,121800.0
2022-11-01,0.3768127584161471,0.3768127584161471,0.3592865744958489,0.3636681139469147,140500.0
2022-11-02,0.3724312438144923,0.3811943233013153,0.3724312438144923,0.3811943233013153,18500.0
2022-11-03,0.372431218624115,0.372431218624115,0.372431218624115,0.372431218624115,10000.0
2022-11-04,0.3811942896604015,0.3899573683738708,0.3768127503036668,0.3899573683738708,22200.0
2022-11-07,0.3768127501597315,0.464443589493021,0.3768127501597315,0.3987204730510711,54300.0
2022-11-08,0.4031020124061322,0.4074835517611932,0.3987204730510711,0.3987204730510711,16800.0
2022-11-09,0.3899573683738708,0.3899573683738708,0.3899573683738708,0.3899573683738708,1800.0
2022-11-10,0.3899573664759006,0.3987204712627534,0.3811942878050822,0.3943389058113098,53900.0
2022-11-11,0.4031020104885101,0.4031020104885101,0.4031020104885101,0.4031020104885101,11000.0
2022-11-14,0.4031019791302596,0.4074835181236267,0.4031019791302596,0.4074835181236267,12700.0
2022-11-15,0.3943389058113098,0.3943389058113098,0.3943389058113098,0.3943389058113098,13000.0
2022-11-16,0.394338928546976,0.4162466526031494,0.394338928546976,0.4162466526031494,33600.0
2022-11-17,0.3899573683738708,0.3899573683738708,0.3899573683738708,0.3899573683738708,5000.0
2022-11-18,0.3899573683738708,0.3899573683738708,0.3899573683738708,0.3899573683738708,0.0
2022-11-21,0.3899573683738708,0.3899573683738708,0.3899573683738708,0.3899573683738708,10000.0
2022-11-22,0.3899573683738708,0.3899573683738708,0.3899573683738708,0.3899573683738708,0.0
2022-11-23,0.3899573682249145,0.4162466304713152,0.3899573682249145,0.3987204730510711,34700.0
2022-11-24,0.4293912727266523,0.4337728120620615,0.3943389058113098,0.3943389058113098,17800.0
2022-11-25,0.3943389058113098,0.3943389058113098,0.3943389058113098,0.3943389058113098,0.0
2022-11-28,0.3943389058113098,0.3943389058113098,0.3943389058113098,0.3943389058113098,1500.0
2022-11-29,0.3943389058113098,0.3943389058113098,0.3943389058113098,0.3943389058113098,0.0
2022-11-30,0.3943389058113098,0.3943389058113098,0.3943389058113098,0.3943389058113098,0.0
2022-12-01,0.4031020104885101,0.4118650891569447,0.4031020104885101,0.4031020104885101,20700.0
2022-12-02,0.4031020104885101,0.4031020104885101,0.4031020104885101,0.4031020104885101,2000.0
2022-12-05,0.4074835728375601,0.4250097572803497,0.4031020332558718,0.4250097572803497,34300.0
2022-12-06,0.4162466526031494,0.4162466526031494,0.4162466526031494,0.4162466526031494,8000.0
2022-12-07,0.416246620983081,0.420628160238266,0.416246620983081,0.420628160238266,135000.0
2022-12-08,0.4206281921911768,0.4206281921911768,0.4162466526031494,0.4162466526031494,7000.0
2022-12-09,0.420628160238266,0.420628160238266,0.420628160238266,0.420628160238266,16200.0
2022-12-12,0.4206281921911768,0.4206281921911768,0.4162466526031494,0.4162466526031494,3100.0
2022-12-13,0.4162466526031494,0.4162466526031494,0.4162466526031494,0.4162466526031494,4000.0
2022-12-14,0.4206281585248603,0.4337728023529053,0.4162466192875234,0.4337728023529053,12200.0
2022-12-15,0.4293912631155682,0.4337728023529053,0.4293912631155682,0.4337728023529053,10000.0
2022-12-16,0.420628160238266,0.420628160238266,0.420628160238266,0.420628160238266,10000.0
2022-12-19,0.4469174486273886,0.4469174486273886,0.4293912905579446,0.4381543695926666,3200.0
2022-12-20,0.420628160238266,0.4337728041198548,0.420628160238266,0.420628160238266,22100.0
2022-12-21,0.4206281915826254,0.4250097572803497,0.4206281915826254,0.4250097572803497,13000.0
2022-12-22,0.4250097572803497,0.4250097572803497,0.4250097572803497,0.4250097572803497,0.0
2022-12-23,0.4206281585248603,0.4337728023529053,0.4206281585248603,0.4337728023529053,6000.0
2022-12-27,0.416246620983081,0.4250097256094849,0.416246620983081,0.420628160238266,12900.0
2022-12-28,0.420628160238266,0.420628160238266,0.420628160238266,0.420628160238266,0.0
2022-12-29,0.4293912947177887,0.4293912947177887,0.4293912947177887,0.4293912947177887,300.0
2022-12-30,0.4206281585248603,0.4337728023529053,0.4162466192875234,0.4337728023529053,10300.0
2023-01-03,0.4337728023529053,0.4337728023529053,0.4206281585248603,0.4337728023529053,21500.0
2023-01-04,0.4337728023529053,0.4337728023529053,0.4337728023529053,0.4337728023529053,0.0
2023-01-05,0.420628160238266,0.420628160238266,0.420628160238266,0.420628160238266,9700.0
2023-01-06,0.4381543695926666,0.4381543695926666,0.4381543695926666,0.4381543695926666,500.0
2023-01-09,0.4206281894821362,0.4293912947177887,0.4206281894821362,0.4293912947177887,36800.0
2023-01-10,0.4293912947177887,0.4293912947177887,0.4293912947177887,0.4293912947177887,0.0
2023-01-11,0.4162466192875234,0.4337728023529053,0.4162466192875234,0.4337728023529053,35200.0
2023-01-12,0.4162466526031494,0.4162466526031494,0.4162466526031494,0.4162466526031494,10000.0
2023-01-13,0.4162466499223279,0.4293912947177887,0.4162466499223279,0.4293912947177887,53200.0
2023-01-16,0.4293912947177887,0.4293912947177887,0.4293912947177887,0.4293912947177887,0.0
2023-01-17,0.4293912648646699,0.4293912648646699,0.420628160238266,0.420628160238266,12500.0
2023-01-18,0.420628160238266,0.420628160238266,0.420628160238266,0.420628160238266,0.0
2023-01-19,0.4381543738374053,0.4381543738374053,0.4293912947177887,0.4293912947177887,3500.0
2023-01-20,0.4118651103625196,0.4293912947177887,0.3987204916830946,0.4293912947177887,14900.0
2023-01-25,0.4206281894821362,0.4293912947177887,0.4206281894821362,0.4293912947177887,53000.0
2023-01-26,0.4337728023529053,0.4337728023529053,0.4250097238782312,0.4337728023529053,11500.0
2023-01-27,0.4381543415902422,0.4381543415902422,0.4162466192875234,0.4337728023529053,17400.0
2023-01-30,0.4337728023529053,0.4337728023529053,0.4337728023529053,0.4337728023529053,0.0
2023-01-31,0.433772834277597,0.4381543738374053,0.4206281894821362,0.4293912947177887,15200.0
2023-02-01,0.4381543415902422,0.4381543415902422,0.4250097238782312,0.4337728023529053,27500.0
2023-02-02,0.4337728300753056,0.4381543695926666,0.4293912905579446,0.4381543695926666,25000.0
2023-02-03,0.4293912905579446,0.4381543695926666,0.4250097510405837,0.4381543695926666,14700.0
2023-02-06,0.4250097510405837,0.4381543695926666,0.4206281854071871,0.4381543695926666,25900.0
2023-02-07,0.4337728300753056,0.4381543695926666,0.4337728300753056,0.4381543695926666,22000.0
2023-02-08,0.4206282052373115,0.4556805491447449,0.4206282052373115,0.4556805491447449,71300.0
2023-02-09,0.455680523420701,0.455680523420701,0.4469174444675445,0.4469174444675445,600.0
2023-02-10,0.4381543695926666,0.4381543695926666,0.4381543695926666,0.4381543695926666,500.0
2023-02-13,0.420628160238266,0.4337728041198548,0.3943388985911222,0.420628160238266,18400.0
2023-02-14,0.4118651130151219,0.4162466526031494,0.4031020338390669,0.4162466526031494,16200.0
2023-02-15,0.4162466526031494,0.4162466526031494,0.4162466526031494,0.4162466526031494,0.0
2023-02-16,0.4162466526031494,0.4162466526031494,0.4162466526031494,0.4162466526031494,0.0
2023-02-17,0.4162466526031494,0.4162466526031494,0.4162466526031494,0.4162466526031494,0.0
2023-02-20,0.4162466192875234,0.4337728023529053,0.4162466192875234,0.4337728023529053,3300.0
2023-02-21,0.4337728023529053,0.4337728023529053,0.4337728023529053,0.4337728023529053,0.0
2023-02-22,0.3943389306060501,0.4206281943875225,0.3943389306060501,0.4118651151657104,11200.0
2023-02-23,0.4162466526031494,0.4250097578952403,0.4162466526031494,0.4162466526031494,6700.0
2023-02-24,0.4074835755548043,0.4337728393362768,0.4074835755548043,0.4118651151657104,6500.0
2023-02-27,0.4162466520009369,0.4250097572803497,0.4162466520009369,0.4250097572803497,1200.0
2023-02-28,0.3987204963329923,0.4162466547766165,0.3987204963329923,0.4118651151657104,16300.0
2023-03-01,0.4206281921911768,0.4206281921911768,0.3899573889589486,0.4162466526031494,19400.0
2023-03-02,0.4337728023529053,0.4337728023529053,0.4337728023529053,0.4337728023529053,100.0
2023-03-03,0.3987204730510711,0.3987204730510711,0.3943389075799756,0.3987204730510711,33900.0
2023-03-06,0.3987204730510711,0.4074835517611932,0.3987204730510711,0.3987204730510711,12700.0
2023-03-07,0.4118650891569447,0.4118650891569447,0.4031020104885101,0.4031020104885101,33400.0
2023-03-08,0.3680496530610254,0.3855758369652781,0.3680496530610254,0.372431218624115,143400.0
2023-03-09,0.4074835914556995,0.4074835914556995,0.368049681186676,0.368049681186676,117300.0
2023-03-10,0.3943389459940126,0.3943389459940126,0.368049681186676,0.368049681186676,79600.0
2023-03-13,0.3680496530610254,0.3943389158593869,0.3329973113685552,0.372431218624115,117900.0
2023-03-14,0.3680496533979804,0.3680496533979804,0.3636681139469147,0.3636681139469147,2200.0
2023-03-15,0.3505234684827942,0.3592865467071533,0.3505234684827942,0.3592865467071533,14000.0
2023-03-16,0.3592865498743225,0.3592865498743225,0.3417603671550751,0.3417603671550751,24300.0
2023-03-17,0.3461419326782274,0.3505234718322754,0.3461419326782274,0.3505234718322754,1900.0
2023-03-20,0.3461419324219119,0.3461419324219119,0.3417603671550751,0.3417603671550751,9000.0
2023-03-21,0.3417603671550751,0.3417603671550751,0.3417603671550751,0.3417603671550751,145000.0
2023-03-22,0.3461419343948364,0.3505234735706136,0.3461419343948364,0.3461419343948364,29300.0
2023-03-23,0.3461419343948364,0.3461419343948364,0.3461419343948364,0.3461419343948364,0.0
2023-03-24,0.3461419343948364,0.3461419343948364,0.3461419343948364,0.3461419343948364,1000.0
2023-03-27,0.3461419343948364,0.3461419343948364,0.3461419343948364,0.3461419343948364,0.0
2023-03-28,0.3505234735706136,0.3505234735706136,0.3461419343948364,0.3461419343948364,150000.0
2023-03-29,0.3417603671550751,0.3417603671550751,0.3417603671550751,0.3417603671550751,40000.0
2023-03-30,0.3417603400853878,0.3461419050051757,0.3329972624778747,0.3329972624778747,64300.0
2023-03-31,0.3461419326782274,0.3505234718322754,0.3417603674081459,0.3505234718322754,461800.0
2023-04-03,0.3505234995712518,0.3549050390720367,0.346141960070467,0.3549050390720367,66500.0
2023-04-04,0.3505234735706136,0.3549050127463908,0.3461419343948364,0.3461419343948364,125700.0
2023-04-05,0.3373788297176361,0.3373788297176361,0.3373788297176361,0.3373788297176361,3000.0
2023-04-06,0.3373788297176361,0.3373788297176361,0.3373788297176361,0.3373788297176361,0.0
2023-04-10,0.3417603691030257,0.3461419343948364,0.3417603691030257,0.3461419343948364,50900.0
2023-04-11,0.3417603400853878,0.3417603400853878,0.3329972624778747,0.3329972624778747,91100.0
2023-04-12,0.3329972624778747,0.3329972624778747,0.3329972624778747,0.3329972624778747,0.0
2023-04-13,0.3329972624778747,0.3329972624778747,0.3329972624778747,0.3329972624778747,34200.0
2023-04-14,0.3329972624778747,0.3329972624778747,0.3329972624778747,0.3329972624778747,10000.0
2023-04-17,0.3329973242617825,0.3373788638784845,0.3286157846450805,0.3286157846450805,122400.0
2023-04-18,0.3329973242617825,0.3329973242617825,0.3286157846450805,0.3286157846450805,99000.0
2023-04-19,0.3286157846450805,0.3286157846450805,0.3242342450283786,0.3286157846450805,84700.0
2023-04-20,0.3242342192360374,0.3242342192360374,0.3198526799678802,0.3198526799678802,95900.0
2023-04-21,0.3198527369610788,0.324234277009964,0.3154711969121938,0.324234277009964,119600.0
2023-04-24,0.324234277009964,0.324234277009964,0.324234277009964,0.324234277009964,0.0
2023-04-25,0.3154711732110046,0.3154711732110046,0.3067080676555633,0.3067080676555633,10000.0
2023-04-26,0.3067080773378919,0.3110896171959131,0.2891819179058075,0.2891819179058075,102300.0
2023-04-27,0.2848003519317488,0.2891819179058075,0.2848003519317488,0.2891819179058075,5400.0
2023-04-28,0.2891819179058075,0.2935634577638286,0.2891819179058075,0.2891819179058075,34300.0
2023-05-02,0.2891819132070302,0.2979449927806854,0.2891819132070302,0.2979449927806854,74100.0
2023-05-03,0.2848003473041655,0.2979449927806854,0.2848003473041655,0.2979449927806854,26900.0
2023-05-04,0.2891819179058075,0.2891819179058075,0.2891819179058075,0.2891819179058075,10000.0
2023-05-05,0.2979449976218497,0.2979449976218497,0.2891819179058075,0.2891819179058075,28000.0
2023-05-08,0.2891819155213533,0.2935634553432464,0.2891819155213533,0.2935634553432464,10100.0
2023-05-09,0.2935634553432464,0.2935634553432464,0.2935634553432464,0.2935634553432464,18000.0
2023-05-10,0.2935634577638286,0.2935634577638286,0.2891819179058075,0.2891819179058075,77300.0
2023-05-11,0.2891819179058075,0.2891819179058075,0.2891819179058075,0.2891819179058075,78300.0
2023-05-12,0.2891819079717,0.3417604105777906,0.2891819079717,0.3154711723327636,68100.0
2023-05-15,0.3154711723327636,0.3154711723327636,0.3154711723327636,0.3154711723327636,500.0
2023-05-16,0.3023265302181244,0.3023265302181244,0.2979449904653458,0.3023265302181244,2600.0
2023-05-17,0.3023265302181244,0.3023265302181244,0.3023265302181244,0.3023265302181244,100.0
2023-05-18,0.306708066801718,0.3329973311627816,0.306708066801718,0.3154711723327636,31200.0
2023-05-19,0.3110896121411682,0.3110896121411682,0.2979449927806854,0.2979449927806854,67100.0
2023-05-22,0.2979449927806854,0.2979449927806854,0.2979449927806854,0.2979449927806854,1400.0
2023-05-23,0.3023265302181244,0.3023265302181244,0.3023265302181244,0.3023265302181244,100.0
2023-05-24,0.2935634577638286,0.2935634577638286,0.2891819179058075,0.2891819179058075,26000.0
2023-05-25,0.2935634529938578,0.2979449927806854,0.2891819132070302,0.2979449927806854,11100.0
2023-05-26,0.2935634577638286,0.2935634577638286,0.2848003519317488,0.2891819179058075,65500.0
2023-05-29,0.2891819166206324,0.2891819166206324,0.2848003506660461,0.2848003506660461,37400.0
2023-05-30,0.2830313988882722,0.2918761482255864,0.278609037399292,0.278609037399292,77700.0
2023-05-31,0.2697643144213315,0.278609037399292,0.2653419529323513,0.278609037399292,19200.0
2023-06-01,0.2786090424492636,0.2830314040184021,0.2741866808801252,0.2830314040184021,77500.0
2023-06-05,0.2741866707801819,0.2830313935926545,0.2741866707801819,0.2741866707801819,31900.0
2023-06-06,0.2741866707801819,0.2874537549988907,0.2741866707801819,0.2741866707801819,16200.0
2023-06-07,0.2741866707801819,0.2741866707801819,0.2741866707801819,0.2741866707801819,0.0
2023-06-08,0.2741866808801252,0.2830314040184021,0.2741866808801252,0.2830314040184021,32800.0
2023-06-09,0.2830314040184021,0.2830314040184021,0.2830314040184021,0.2830314040184021,1000.0
2023-06-12,0.2830313935926545,0.2830313935926545,0.2741866707801819,0.2741866707801819,1500.0
2023-06-13,0.2741866707801819,0.2741866707801819,0.2741866707801819,0.2741866707801819,11300.0
2023-06-14,0.2830313935926545,0.2830313935926545,0.2741866707801819,0.2741866707801819,26000.0
2023-06-15,0.2741866808801252,0.2830314040184021,0.2741866808801252,0.2830314040184021,63100.0
2023-06-16,0.2786090424492636,0.2830314040184021,0.2741866808801252,0.2830314040184021,65000.0
2023-06-19,0.2830314040184021,0.2830314040184021,0.2830314040184021,0.2830314040184021,65800.0
2023-06-20,0.2830313882517016,0.2918761372566223,0.2830313882517016,0.2918761372566223,16800.0
2023-06-21,0.2918761535160331,0.2918761535160331,0.2830314040184021,0.2830314040184021,61000.0
2023-06-22,0.2918761283828751,0.2918761283828751,0.2874537408351898,0.2874537408351898,43900.0
2023-06-23,0.2874537495744856,0.2918761372566223,0.2874537495744856,0.2918761372566223,7200.0
2023-06-26,0.2918761718314109,0.2962985336780548,0.2918761718314109,0.2962985336780548,108500.0
2023-06-27,0.2962985336780548,0.2962985336780548,0.2962985336780548,0.2962985336780548,0.0
2023-06-28,0.2874537836254112,0.2962985336780548,0.2874537836254112,0.2962985336780548,35300.0
2023-06-30,0.296298514007835,0.3051432371139526,0.2918761524547762,0.3051432371139526,105100.0
2023-07-03,0.3051432371139526,0.3051432371139526,0.3051432371139526,0.3051432371139526,68300.0
2023-07-04,0.3051432371139526,0.3051432371139526,0.3051432371139526,0.3051432371139526,4600.0
2023-07-05,0.3051432319734006,0.3051432319734006,0.3007208704948425,0.3007208704948425,7600.0
2023-07-06,0.3095655934519588,0.3095655934519588,0.3007208704948425,0.3007208704948425,131600.0
2023-07-07,0.3007208704948425,0.3051432319734006,0.3007208704948425,0.3007208704948425,25200.0
2023-07-10,0.3007208704948425,0.3007208704948425,0.3007208704948425,0.3007208704948425,73000.0
2023-07-11,0.3051432319734006,0.3095655934519588,0.3007208704948425,0.3007208704948425,268000.0
2023-07-12,0.3007208303752151,0.344944465620207,0.2962984694866509,0.3360997438430786,187000.0
2023-07-13,0.3316773885362152,0.3537892197104996,0.3316773885362152,0.3405221104621887,209800.0
2023-07-14,0.3360997788799094,0.4112800009007373,0.3360997788799094,0.4068576395511627,626300.0
2023-07-17,0.4068576724648031,0.4422365924828083,0.4068576724648031,0.4333918690681457,361900.0
2023-07-18,0.4289694784797241,0.4289694784797241,0.3891681730747223,0.3891681730747223,315400.0
2023-07-19,0.380323434443115,0.380323434443115,0.3759010732173919,0.3759010732173919,21600.0
2023-07-20,0.3759010938213433,0.3980129011619546,0.3759010938213433,0.3935905396938324,26300.0
2023-07-21,0.3935905545437498,0.3935905545437498,0.3803234696388244,0.3803234696388244,23000.0
2023-07-24,0.3714787200095196,0.3803234696388244,0.3714787200095196,0.3803234696388244,10300.0
2023-07-25,0.3803234745656705,0.3891681979501985,0.3803234745656705,0.3847458362579345,53900.0
2023-07-26,0.3891681730747223,0.3935905344843107,0.3891681730747223,0.3891681730747223,113200.0
2023-07-27,0.3935905153164013,0.3980128765106201,0.3891681541221825,0.3980128765106201,139100.0
2023-07-28,0.3980128765106201,0.3980128765106201,0.3980128765106201,0.3980128765106201,2000.0
2023-07-31,0.3980128765106201,0.3980128765106201,0.3980128765106201,0.3980128765106201,15500.0
2023-08-01,0.3803234552894655,0.3935905396938324,0.3714787059938674,0.3935905396938324,36100.0
2023-08-02,0.3935905396938324,0.3935905396938324,0.3935905396938324,0.3935905396938324,0.0
2023-08-03,0.3759011128734066,0.3847458362579345,0.3714787248217877,0.3847458362579345,31400.0
2023-08-04,0.3847458362579345,0.3847458362579345,0.3847458362579345,0.3847458362579345,0.0
2023-08-07,0.3714786712311299,0.3803234196990421,0.3670563101768493,0.3670563101768493,50100.0
2023-08-08,0.367056315675431,0.3714786767959595,0.3626339545549025,0.3714786767959595,27600.0
2023-08-10,0.3714786767959595,0.3714786767959595,0.3714786767959595,0.3714786767959595,300.0
2023-08-11,0.3891681476374247,0.3891681476374247,0.3714786767959595,0.3714786767959595,22700.0
2023-08-14,0.3670563293105656,0.3670563293105656,0.3582116067409515,0.3582116067409515,6300.0
2023-08-15,0.367056315675431,0.3714786767959595,0.3582115934343741,0.3714786767959595,21600.0
2023-08-16,0.3670563101768493,0.3670563101768493,0.3582115880682883,0.3670563101768493,144500.0
2023-08-17,0.362633962558098,0.362633962558098,0.3537892401218414,0.3537892401218414,15500.0
2023-08-18,0.3537892215849055,0.3626339435577392,0.3537892215849055,0.3626339435577392,28900.0
2023-08-21,0.3537892401218414,0.3537892401218414,0.3537892401218414,0.3537892401218414,10000.0
2023-08-22,0.3493668735027313,0.3493668735027313,0.3493668735027313,0.3493668735027313,50000.0
2023-08-23,0.353789225511652,0.353789225511652,0.3449444770812988,0.3449444770812988,150600.0
2023-08-24,0.3493668789037131,0.3537892401218414,0.3493668789037131,0.3537892401218414,15000.0
2023-08-25,0.3493668789037131,0.3537892401218414,0.3493668789037131,0.3537892401218414,18600.0
2023-08-28,0.3626339435577392,0.3626339435577392,0.3626339435577392,0.3626339435577392,100.0
2023-08-29,0.362633962558098,0.362633962558098,0.3537892401218414,0.3537892401218414,14000.0
2023-08-30,0.3537892401218414,0.3537892401218414,0.3537892401218414,0.3537892401218414,17300.0
2023-08-31,0.3537892401218414,0.3537892401218414,0.3537892401218414,0.3537892401218414,0.0
2023-09-04,0.3449444770812988,0.3449444770812988,0.3449444770812988,0.3449444770812988,6000.0
2023-09-05,0.3405221160457977,0.3449444770812988,0.3360997550102966,0.3449444770812988,24100.0
2023-09-06,0.3360997438430786,0.3360997438430786,0.3360997438430786,0.3360997438430786,4900.0
2023-09-07,0.3316773829545144,0.344944465620207,0.3316773829545144,0.3360997438430786,70100.0
2023-09-08,0.3405221160457977,0.3449444770812988,0.3272550329392943,0.3449444770812988,98100.0
2023-09-11,0.344944465620207,0.344944465620207,0.3360997438430786,0.3360997438430786,76300.0
2023-09-12,0.3360997438430786,0.3360997438430786,0.3360997438430786,0.3360997438430786,0.0
2023-09-13,0.3360997564375345,0.3670563101768493,0.3360997564375345,0.3670563101768493,23400.0
2023-09-14,0.3626339435577392,0.367056304544156,0.3626339435577392,0.3626339435577392,13500.0
2023-09-15,0.3626339435577392,0.3626339435577392,0.3626339435577392,0.3626339435577392,0.0
2023-09-18,0.3582115825713224,0.3626339435577392,0.3582115825713224,0.3626339435577392,1200.0
2023-09-19,0.3626339435577392,0.3626339435577392,0.3626339435577392,0.3626339435577392,10000.0
2023-09-20,0.3626339435577392,0.3626339435577392,0.3626339435577392,0.3626339435577392,20000.0
2023-09-21,0.3626339435577392,0.3626339435577392,0.3626339435577392,0.3626339435577392,0.0
2023-09-22,0.3626339435577392,0.3626339435577392,0.3626339435577392,0.3626339435577392,0.0
2023-09-25,0.3449445238403143,0.3803234696388244,0.3449445238403143,0.3803234696388244,1900.0
2023-09-26,0.3537892401218414,0.3537892401218414,0.3537892401218414,0.3537892401218414,20000.0
2023-09-27,0.3449444913262327,0.3537892401218414,0.3449444913262327,0.3537892401218414,82100.0
2023-09-28,0.3537892401218414,0.3537892401218414,0.3537892401218414,0.3537892401218414,200.0
2023-09-29,0.3537892401218414,0.3537892401218414,0.3537892401218414,0.3537892401218414,0.0
2023-10-02,0.3405221301081044,0.3537892401218414,0.3405221301081044,0.3537892401218414,10300.0
2023-10-03,0.3714786792515389,0.3714786792515389,0.3493668735027313,0.3493668735027313,3000.0
2023-10-04,0.3449444770812988,0.3449444770812988,0.3449444770812988,0.3449444770812988,3000.0
2023-10-05,0.3449444770812988,0.3449444770812988,0.3405221160457977,0.3449444770812988,140900.0
2023-10-06,0.3449444770812988,0.3449444770812988,0.3449444770812988,0.3449444770812988,0.0
2023-10-09,0.3449445216492677,0.3449445216492677,0.3316774368286133,0.3316774368286133,51100.0
2023-10-10,0.3370705246925354,0.3370705246925354,0.3370705246925354,0.3370705246925354,0.0
2023-10-11,0.3370705246925354,0.3370705246925354,0.3370705246925354,0.3370705246925354,0.0
2023-10-12,0.328082045421725,0.328082045421725,0.3235877752304077,0.3235877752304077,18000.0
2023-10-13,0.3190934294528001,0.3280819952487945,0.3190934294528001,0.3280819952487945,600.0
2023-10-16,0.3325762748718261,0.3325762748718261,0.3325762748718261,0.3325762748718261,2000.0
2023-10-17,0.3325762553160416,0.3370705246925354,0.3325762553160416,0.3370705246925354,22000.0
2023-10-18,0.3370705246925354,0.3370705246925354,0.3370705246925354,0.3370705246925354,100.0
2023-10-19,0.3325762748718261,0.3325762748718261,0.3325762748718261,0.3325762748718261,1800.0
2023-10-20,0.3325762748718261,0.3325762748718261,0.3325762748718261,0.3325762748718261,14000.0
2023-10-23,0.3370705246925354,0.3370705246925354,0.3370705246925354,0.3370705246925354,3000.0
2023-10-24,0.3370705246925354,0.3370705246925354,0.3370705246925354,0.3370705246925354,0.0
2023-10-25,0.3370705246925354,0.3370705246925354,0.3370705246925354,0.3370705246925354,0.0
2023-10-26,0.3370705246925354,0.3370705246925354,0.3370705246925354,0.3370705246925354,0.0
2023-10-27,0.3280819952487945,0.3280819952487945,0.3280819952487945,0.3280819952487945,6900.0
2023-10-30,0.3190934560607999,0.3190934560607999,0.3145991861820221,0.3145991861820221,2000.0
2023-10-31,0.3190934658050537,0.3190934658050537,0.314599195789033,0.3190934658050537,63500.0
2023-11-01,0.3190934658050537,0.3190934658050537,0.3190934658050537,0.3190934658050537,5500.0
2023-11-02,0.3190934658050537,0.3190934658050537,0.3190934658050537,0.3190934658050537,0.0
2023-11-03,0.3190934294528001,0.3280819952487945,0.3145991599487825,0.3280819952487945,57400.0
2023-11-06,0.3370705246925354,0.3370705246925354,0.3370705246925354,0.3370705246925354,20000.0
2023-11-07,0.3370705858043596,0.3370705858043596,0.3235877752304077,0.3235877752304077,10600.0
2023-11-08,0.3235877257447769,0.3370705342568297,0.3235877257447769,0.3280819952487945,10200.0
2023-11-09,0.3190934658050537,0.3190934658050537,0.3190934658050537,0.3190934658050537,900.0
2023-11-10,0.3235877626090367,0.3235877626090367,0.314599195789033,0.3190934658050537,3000.0
2023-11-14,0.3235877527275392,0.3235877527275392,0.2741507304850604,0.3145991861820221,59500.0
2023-11-15,0.3235877626090367,0.3235877626090367,0.3056106557569917,0.3190934658050537,1300.0
2023-11-16,0.3101049065589905,0.3101049065589905,0.3101049065589905,0.3101049065589905,10000.0
2023-11-17,0.3190934658050537,0.3190934658050537,0.3190934658050537,0.3190934658050537,15000.0
2023-11-20,0.3101049065589905,0.3101049065589905,0.3101049065589905,0.3101049065589905,300.0
2023-11-21,0.3101049065589905,0.3101049065589905,0.3101049065589905,0.3101049065589905,4600.0
2023-11-22,0.3145991762965473,0.3145991762965473,0.3101049065589905,0.3101049065589905,4300.0
2023-11-23,0.3101049065589905,0.3101049065589905,0.3101049065589905,0.3101049065589905,0.0
2023-11-24,0.3101049065589905,0.3101049065589905,0.3101049065589905,0.3101049065589905,0.0
2023-11-27,0.3101049163032443,0.3145991861820221,0.3101049163032443,0.3145991861820221,10700.0
2023-11-28,0.3280820016848305,0.3280820016848305,0.3056106269359588,0.3056106269359588,3200.0
2023-11-29,0.3056106368214336,0.3145991762965473,0.3056106368214336,0.3101049065589905,52600.0
2023-11-30,0.3101049065589905,0.3101049065589905,0.3101049065589905,0.3101049065589905,2100.0
2023-12-01,0.3101049065589905,0.3101049065589905,0.3056106368214336,0.3101049065589905,12900.0
2023-12-04,0.3101049065589905,0.3101049065589905,0.3101049065589905,0.3101049065589905,11200.0
2023-12-05,0.3056106167553956,0.3056106167553956,0.3011163473129272,0.3011163473129272,10000.0
2023-12-06,0.3101049257730123,0.3280820326250574,0.3056106557569917,0.3190934658050537,39100.0
2023-12-07,0.3190934658050537,0.3235877626090367,0.3190934658050537,0.3190934658050537,44200.0
2023-12-08,0.3235877752304077,0.3235877752304077,0.3235877752304077,0.3235877752304077,19800.0
2023-12-11,0.3190934460341042,0.3190934460341042,0.3101049065589905,0.3101049065589905,22300.0
2023-12-12,0.3101049065589905,0.3101049065589905,0.3101049065589905,0.3101049065589905,0.0
2023-12-13,0.3145991861820221,0.3145991861820221,0.3145991861820221,0.3145991861820221,5500.0
2023-12-14,0.3145991861820221,0.3145991861820221,0.3145991861820221,0.3145991861820221,0.0
2023-12-15,0.3145991861820221,0.3145991861820221,0.3145991861820221,0.3145991861820221,10500.0
2023-12-18,0.3145992080598097,0.3235877752304077,0.3145992080598097,0.3235877752304077,8700.0
2023-12-19,0.3235877752304077,0.3235877752304077,0.3235877752304077,0.3235877752304077,0.0
2023-12-20,0.3145991762965473,0.3145991762965473,0.3101049065589905,0.3101049065589905,1100.0
2023-12-21,0.3101049065589905,0.3101049065589905,0.3101049065589905,0.3101049065589905,0.0
2023-12-22,0.3101049065589905,0.3101049065589905,0.3101049065589905,0.3101049065589905,0.0
2023-12-26,0.3190934658050537,0.3235877626090367,0.3190934658050537,0.3190934658050537,4200.0
2023-12-27,0.3145991861820221,0.3145991861820221,0.3145991861820221,0.3145991861820221,9000.0
2023-12-28,0.3145991861820221,0.3145991861820221,0.3145991861820221,0.3145991861820221,40000.0
2023-12-29,0.3280820053680491,0.3595419196544708,0.3280820053680491,0.3460590839385986,462500.0
2024-01-02,0.3460590837941088,0.3550476498635906,0.3325762748718261,0.3325762748718261,50900.0
2024-01-03,0.3370705246925354,0.3370705246925354,0.3370705246925354,0.3370705246925354,8600.0
2024-01-04,0.3325762647528121,0.3325762647528121,0.3280819952487945,0.3280819952487945,22100.0
2024-01-05,0.3280820082453649,0.4134732125682455,0.3235877385633122,0.3595419228076935,67500.0
2024-01-08,0.3505533635616302,0.3505533635616302,0.3505533635616302,0.3505533635616302,1000.0
2024-01-09,0.3415648341178894,0.3415648341178894,0.3415648341178894,0.3415648341178894,35000.0
2024-01-10,0.3415648341178894,0.3415648341178894,0.3415648341178894,0.3415648341178894,8200.0
2024-01-11,0.3415648341178894,0.3415648341178894,0.3415648341178894,0.3415648341178894,10100.0
2024-01-12,0.3505533635616302,0.3505533635616302,0.3505533635616302,0.3505533635616302,17400.0
2024-01-15,0.3415648341178894,0.3415648341178894,0.3415648341178894,0.3415648341178894,31000.0
2024-01-16,0.3505533534348696,0.3505533534348696,0.3325762748718261,0.3325762748718261,70200.0
2024-01-17,0.337070544512587,0.337070544512587,0.3325762748718261,0.3325762748718261,20000.0
2024-01-18,0.3460590869735753,0.3820132980059169,0.3460590869735753,0.3595419228076935,92700.0
2024-01-19,0.3550476531256408,0.3954961070520747,0.3550476531256408,0.3595419228076935,141000.0
2024-01-22,0.3550476559325212,0.3865075707435608,0.3460590897093953,0.3865075707435608,98200.0
2024-01-23,0.3775190015359039,0.3775190015359039,0.3595419228076935,0.3595419228076935,23400.0
2024-01-24,0.3550476531256408,0.3595419228076935,0.3550476531256408,0.3595419228076935,20200.0
2024-01-25,0.3595419228076935,0.3595419228076935,0.3595419228076935,0.3595419228076935,0.0
2024-01-26,0.3505533468404847,0.3550476431846618,0.3505533468404847,0.3550476431846618,10500.0
2024-01-29,0.3550476431846618,0.3550476431846618,0.3550476431846618,0.3550476431846618,0.0
2024-01-30,0.3505533635616302,0.3505533635616302,0.3505533635616302,0.3505533635616302,8000.0
2024-01-31,0.3505533739247933,0.3505533739247933,0.3415648341178894,0.3415648341178894,47000.0
2024-02-01,0.3370705246925354,0.3370705246925354,0.3370705246925354,0.3370705246925354,26000.0
2024-02-02,0.3415648341178894,0.3415648341178894,0.3370705642144374,0.3415648341178894,9500.0
2024-02-05,0.3325762748718261,0.3325762748718261,0.3325762748718261,0.3325762748718261,5000.0
2024-02-06,0.3325762686156144,0.3550476431846618,0.3325762686156144,0.3550476431846618,9500.0
2024-02-07,0.3550476431846618,0.3550476431846618,0.3550476431846618,0.3550476431846618,200.0
2024-02-08,0.3550476431846618,0.3550476431846618,0.3550476431846618,0.3550476431846618,0.0
2024-02-09,0.3415648341178894,0.3505533739247933,0.3415648341178894,0.3415648341178894,33300.0
2024-02-13,0.3415648341178894,0.3415648341178894,0.3415648341178894,0.3415648341178894,0.0
2024-02-14,0.3415648341178894,0.3415648341178894,0.3415648341178894,0.3415648341178894,10000.0
2024-02-15,0.3415648141533479,0.3415648141533479,0.3325762748718261,0.3325762748718261,30000.0
2024-02-16,0.3370705542498572,0.3505533635616302,0.3370705542498572,0.3505533635616302,10100.0
2024-02-19,0.3415648341178894,0.3505533739247933,0.3415648341178894,0.3415648341178894,15600.0
2024-02-20,0.3415648341178894,0.3415648341178894,0.3415648341178894,0.3415648341178894,0.0
2024-02-21,0.3415648341178894,0.3415648341178894,0.3415648341178894,0.3415648341178894,3100.0
2024-02-22,0.3415648341178894,0.3415648341178894,0.3415648341178894,0.3415648341178894,13900.0
2024-02-23,0.3415648341178894,0.3415648341178894,0.3415648341178894,0.3415648341178894,0.0
2024-02-26,0.3460590634455229,0.3460590634455229,0.3370705246925354,0.3370705246925354,2700.0
2024-02-27,0.3505533328220167,0.3505533328220167,0.3370705246925354,0.3370705246925354,1500.0
2024-02-28,0.3505533635616302,0.3505533635616302,0.3505533635616302,0.3505533635616302,24400.0
2024-02-29,0.3595419196544708,0.3595419196544708,0.3460590839385986,0.3460590839385986,168000.0
2024-03-01,0.3460590839385986,0.3460590839385986,0.3460590839385986,0.3460590839385986,0.0
2024-03-04,0.3460591040213414,0.3460591040213414,0.3415648341178894,0.3415648341178894,60000.0
2024-03-05,0.3415648341178894,0.3415648341178894,0.3415648341178894,0.3415648341178894,21000.0
2024-03-06,0.3370705642144374,0.3415648341178894,0.3370705642144374,0.3415648341178894,10400.0
2024-03-07,0.3415648341178894,0.3415648341178894,0.3415648341178894,0.3415648341178894,6000.0
2024-03-08,0.3415648341178894,0.3415648341178894,0.3415648341178894,0.3415648341178894,0.0
2024-03-11,0.3415648341178894,0.3415648341178894,0.3415648341178894,0.3415648341178894,0.0
2024-03-12,0.3415648341178894,0.3415648341178894,0.3415648341178894,0.3415648341178894,0.0
2024-03-13,0.3415648341178894,0.3415648341178894,0.3415648341178894,0.3415648341178894,0.0
2024-03-14,0.3415648341178894,0.3415648341178894,0.3415648341178894,0.3415648341178894,9700.0
2024-03-15,0.3415648341178894,0.3415648341178894,0.3415648341178894,0.3415648341178894,5000.0
2024-03-18,0.3415648341178894,0.3415648341178894,0.3415648341178894,0.3415648341178894,0.0
2024-03-19,0.3415647940690292,0.3415647940690292,0.3370705246925354,0.3370705246925354,35000.0
2024-03-20,0.3370705246925354,0.3370705246925354,0.3370705246925354,0.3370705246925354,0.0
2024-03-21,0.3415648341178894,0.3415648341178894,0.3415648341178894,0.3415648341178894,5000.0
2024-03-22,0.3415648341178894,0.3415648341178894,0.3415648341178894,0.3415648341178894,0.0
2024-03-25,0.3415648141533479,0.3415648141533479,0.3280820052310653,0.3325762748718261,53500.0
2024-03-26,0.3325762748718261,0.3325762748718261,0.3325762748718261,0.3325762748718261,0.0
2024-03-27,0.3325762748718261,0.3325762748718261,0.3325762748718261,0.3325762748718261,18200.0
2024-03-28,0.3415648341178894,0.3415648341178894,0.3415648341178894,0.3415648341178894,2600.0
2024-04-01,0.3415648142959612,0.3460590839385986,0.3415648142959612,0.3460590839385986,25700.0
2024-04-02,0.3460591040213414,0.3460591040213414,0.3370705642144374,0.3415648341178894,14800.0
2024-04-03,0.3415648341178894,0.3415648341178894,0.3415648341178894,0.3415648341178894,24300.0
2024-04-04,0.3370705246925354,0.3370705246925354,0.3370705246925354,0.3370705246925354,200.0
2024-04-05,0.3370705246925354,0.3370705246925354,0.3370705246925354,0.3370705246925354,1000.0
2024-04-08,0.3370705642144374,0.3550476706162069,0.3370705642144374,0.3415648341178894,238300.0
2024-04-09,0.3505533566556279,0.3775190015359039,0.3505533566556279,0.3595419228076935,125200.0
2024-04-11,0.3595419228076935,0.3595419228076935,0.3595419228076935,0.3595419228076935,0.0
2024-04-12,0.3460590869735753,0.3595419228076935,0.3460590869735753,0.3595419228076935,19100.0
2024-04-15,0.3505533635616302,0.3505533635616302,0.3505533635616302,0.3505533635616302,8000.0
2024-04-16,0.3460591040213414,0.3550476706162069,0.3415648341178894,0.3415648341178894,60400.0
2024-04-17,0.3415648341178894,0.3415648341178894,0.3415648341178894,0.3415648341178894,2600.0
2024-04-18,0.3505533635616302,0.3505533635616302,0.3505533635616302,0.3505533635616302,3000.0
2024-04-19,0.3505533635616302,0.3505533635616302,0.3505533635616302,0.3505533635616302,0.0
2024-04-22,0.3370705246925354,0.3370705246925354,0.3325762553160416,0.3370705246925354,23000.0
2024-04-23,0.3460590772842671,0.3550476431846618,0.3460590772842671,0.3550476431846618,123000.0
2024-04-24,0.3550476431846618,0.3550476431846618,0.3550476431846618,0.3550476431846618,400.0
2024-04-25,0.3460590839385986,0.3460590839385986,0.3460590839385986,0.3460590839385986,100.0
2024-04-26,0.3550476531256408,0.3595419228076935,0.3550476531256408,0.3595419228076935,141600.0
2024-04-29,0.3595419228076935,0.3595419228076935,0.3595419228076935,0.3595419228076935,20000.0
2024-04-30,0.3505533635616302,0.3505533635616302,0.3505533635616302,0.3505533635616302,15000.0
2024-05-02,0.3550476500118334,0.3550476500118334,0.3460590839385986,0.3460590839385986,2000.0
2024-05-03,0.3460590772842671,0.3550476431846618,0.3460590772842671,0.3550476431846618,45900.0
2024-05-06,0.3505533535812359,0.3505533535812359,0.3460590839385986,0.3460590839385986,16600.0
2024-05-07,0.3505533635616302,0.3505533635616302,0.3505533635616302,0.3505533635616302,100.0
2024-05-08,0.3505533635616302,0.3505533635616302,0.3505533635616302,0.3505533635616302,2800.0
2024-05-09,0.3550476601201822,0.3550476601201822,0.3505533635616302,0.3505533635616302,3800.0
2024-05-10,0.3460590937910393,0.3505533635616302,0.3460590937910393,0.3505533635616302,16200.0
2024-05-13,0.3505533635616302,0.3505533635616302,0.3505533635616302,0.3505533635616302,0.0
2024-05-14,0.3505533635616302,0.3505533635616302,0.3505533635616302,0.3505533635616302,3800.0
2024-05-15,0.3460590937910393,0.3505533635616302,0.3460590937910393,0.3505533635616302,10000.0
2024-05-16,0.3505533635616302,0.3505533635616302,0.3505533635616302,0.3505533635616302,20200.0
2024-05-17,0.3460590839385986,0.3460590839385986,0.3460590839385986,0.3460590839385986,5700.0
2024-05-20,0.3460590839385986,0.3460590839385986,0.3460590839385986,0.3460590839385986,4400.0
2024-05-21,0.3460590839385986,0.3460590839385986,0.3460590839385986,0.3460590839385986,10000.0
2024-05-23,0.3460590839385986,0.3460590839385986,0.3460590839385986,0.3460590839385986,200.0
2024-05-24,0.3460590634455229,0.3460590634455229,0.3370705246925354,0.3370705246925354,77800.0
2024-05-27,0.3370705246925354,0.3370705246925354,0.3325762553160416,0.3370705246925354,63800.0
2024-05-28,0.3370705246925354,0.3370705246925354,0.3370705246925354,0.3370705246925354,8000.0
2024-05-29,0.3370705246925354,0.3370705246925354,0.3370705246925354,0.3370705246925354,45400.0
2024-05-30,0.3370705446533238,0.3460590839385986,0.3370705446533238,0.3460590839385986,128000.0
2024-05-31,0.3415648341178894,0.3415648341178894,0.3415648341178894,0.3415648341178894,7800.0
2024-06-03,0.3415648142959612,0.3460590839385986,0.3415648142959612,0.3460590839385986,101900.0
2024-06-04,0.3460590839385986,0.3460590839385986,0.3460590839385986,0.3460590839385986,0.0
2024-06-05,0.3460590839385986,0.3460590839385986,0.3460590839385986,0.3460590839385986,4800.0
2024-06-06,0.3460591040213414,0.3460591040213414,0.3415648341178894,0.3415648341178894,6700.0
2024-06-07,0.3415648142959612,0.3460590839385986,0.3415648142959612,0.3460590839385986,1900.0
2024-06-10,0.3415648341178894,0.3415648341178894,0.3415648341178894,0.3415648341178894,45000.0
2024-06-11,0.3415648341178894,0.3415648341178894,0.3415648341178894,0.3415648341178894,0.0
2024-06-12,0.3370705446533238,0.3460590839385986,0.3370705446533238,0.3460590839385986,53100.0
2024-06-13,0.3449552059173584,0.3449552059173584,0.3449552059173584,0.3449552059173584,9400.0
2024-06-14,0.3449552421478936,0.3449552421478936,0.3403558433055877,0.3403558433055877,11600.0
2024-06-18,0.3403558433055877,0.3403558433055877,0.3403558433055877,0.3403558433055877,1200.0
2024-06-19,0.3403558075581259,0.3449552059173584,0.3403558075581259,0.3449552059173584,14100.0
2024-06-20,0.3357564210891723,0.3403558196112852,0.3357564210891723,0.3357564210891723,13400.0
2024-06-21,0.3357564210891723,0.3357564210891723,0.3357564210891723,0.3357564210891723,12600.0
2024-06-24,0.3357564091988934,0.3449552059173584,0.3357564091988934,0.3449552059173584,10100.0
2024-06-25,0.3403558196112852,0.3403558196112852,0.3357564210891723,0.3357564210891723,400.0
2024-06-26,0.3311570456209761,0.3449552421478936,0.3311570456209761,0.3403558433055877,5000.0
2024-06-27,0.3357564210891723,0.3357564210891723,0.3357564210891723,0.3357564210891723,2200.0
2024-06-28,0.3357564210891723,0.3357564210891723,0.3357564210891723,0.3357564210891723,800.0
2024-07-01,0.3357564210891723,0.3357564210891723,0.3357564210891723,0.3357564210891723,8800.0
2024-07-02,0.3311570225670595,0.3357564210891723,0.3311570225670595,0.3357564210891723,22100.0
2024-07-03,0.3311570225670595,0.3357564210891723,0.3311570225670595,0.3357564210891723,14900.0
2024-07-04,0.3357564210891723,0.3357564210891723,0.3357564210891723,0.3357564210891723,10000.0
2024-07-05,0.3357564210891723,0.3357564210891723,0.3357564210891723,0.3357564210891723,1000.0
2024-07-08,0.3357564574982689,0.3357564574982689,0.3311570584774017,0.3311570584774017,60100.0
2024-07-09,0.3311570627558574,0.3357564618361474,0.3265576362609863,0.3265576362609863,25400.0
2024-07-10,0.3265576362609863,0.3265576362609863,0.3265576362609863,0.3265576362609863,7600.0
2024-07-11,0.3265576193136693,0.3311570455698445,0.3173588216304779,0.3173588216304779,49500.0
2024-07-12,0.3173588152947966,0.3219582140445709,0.3173588152947966,0.3219582140445709,5800.0
2024-07-15,0.3173588152947966,0.3265576127943452,0.3173588152947966,0.3219582140445709,136600.0
2024-07-16,0.3219582140445709,0.3219582140445709,0.3219582140445709,0.3219582140445709,20000.0
2024-07-17,0.3219582204720735,0.3219582204720735,0.3173588216304779,0.3173588216304779,106100.0
2024-07-18,0.3173588152947966,0.3219582140445709,0.3173588152947966,0.3219582140445709,24000.0
2024-07-19,0.3219582140445709,0.3219582140445709,0.3219582140445709,0.3219582140445709,7000.0
2024-07-22,0.3219582140445709,0.3219582140445709,0.3219582140445709,0.3219582140445709,9000.0
2024-07-23,0.3173588216304779,0.3219582204720735,0.3081600239472865,0.3173588216304779,55100.0
2024-07-24,0.3219582027659222,0.335756425946453,0.3081600069999695,0.3081600069999695,80600.0
2024-07-25,0.3081600069999695,0.3081600069999695,0.3035606084113186,0.3081600069999695,55200.0
2024-07-26,0.3173588281525026,0.3173588281525026,0.3127594292163849,0.3127594292163849,5600.0
2024-07-29,0.3173588216304779,0.3219582204720735,0.3173588216304779,0.3173588216304779,40200.0
2024-07-30,0.3127594426557081,0.3127594426557081,0.3035606443881988,0.3035606443881988,43800.0
2024-07-31,0.3081600435219535,0.3173588417894627,0.3035606443881988,0.3035606443881988,329900.0
2024-08-01,0.3035606313441495,0.3127594292163849,0.3035606313441495,0.3127594292163849,72600.0
2024-08-02,0.3127594292163849,0.3173588281525026,0.3081600302802671,0.3127594292163849,19700.0
2024-08-05,0.308159999032462,0.308159999032462,0.2897623777389526,0.2897623777389526,165400.0
2024-08-06,0.2851630022738189,0.294361799955368,0.2851630022738189,0.294361799955368,89700.0
2024-08-07,0.2989611987961426,0.2989611987961426,0.294361799955368,0.294361799955368,42000.0
2024-08-08,0.294361799955368,0.294361799955368,0.2805636034330443,0.294361799955368,86000.0
2024-08-12,0.2989611987961426,0.2989611987961426,0.294361799955368,0.294361799955368,29800.0
2024-08-13,0.294361799955368,0.294361799955368,0.294361799955368,0.294361799955368,0.0
2024-08-14,0.303560600562729,0.303560600562729,0.2897623777389526,0.2897623777389526,210000.0
2024-08-15,0.2897623777389526,0.303560600562729,0.2897623777389526,0.2897623777389526,117500.0
2024-08-16,0.294361799955368,0.294361799955368,0.294361799955368,0.294361799955368,25000.0
2024-08-19,0.3081600238922713,0.3081600238922713,0.294361799955368,0.294361799955368,5600.0
2024-08-20,0.294361799955368,0.294361799955368,0.294361799955368,0.294361799955368,66500.0
2024-08-21,0.294361799955368,0.294361799955368,0.294361799955368,0.294361799955368,100.0
2024-08-22,0.2943618187061083,0.3081600435219535,0.2943618187061083,0.3035606443881988,57100.0
2024-08-23,0.294361799955368,0.294361799955368,0.294361799955368,0.294361799955368,2000.0
2024-08-26,0.3035606443881988,0.3035606443881988,0.3035606443881988,0.3035606443881988,30000.0
2024-08-27,0.3035606190454736,0.3219582140445709,0.3035606190454736,0.3219582140445709,30500.0
2024-08-28,0.3081600069999695,0.3081600069999695,0.3081600069999695,0.3081600069999695,10000.0
2024-08-29,0.3173588281525026,0.3173588281525026,0.3127594292163849,0.3127594292163849,20200.0
2024-08-30,0.3127594160097479,0.3127594160097479,0.298961192369461,0.298961192369461,79800.0
2024-09-02,0.294361806057334,0.3127594292163849,0.294361806057334,0.3127594292163849,6500.0
2024-09-03,0.3035606251056908,0.3219582204720735,0.3035606251056908,0.3173588216304779,82400.0
2024-09-04,0.3127594292163849,0.3173588281525026,0.3127594292163849,0.3127594292163849,39800.0
2024-09-05,0.3127594292163849,0.3127594292163849,0.3127594292163849,0.3127594292163849,41500.0
2024-09-06,0.3127594160097479,0.3127594160097479,0.298961192369461,0.298961192369461,129800.0
2024-09-09,0.3081600069999695,0.3081600069999695,0.3081600069999695,0.3081600069999695,3000.0
2024-09-10,0.3081600069999695,0.3081600069999695,0.3081600069999695,0.3081600069999695,0.0
2024-09-11,0.3081600302802671,0.3127594292163849,0.3081600302802671,0.3127594292163849,1500.0
2024-09-12,0.3081600302802671,0.3127594292163849,0.3081600302802671,0.3127594292163849,900.0
2024-09-13,0.3035606084113186,0.3127594055886204,0.3035606084113186,0.3081600069999695,130800.0
2024-09-16,0.3127594055886204,0.3127594055886204,0.3035606084113186,0.3081600069999695,36200.0
2024-09-17,0.3081600069999695,0.3127594055886204,0.3081600069999695,0.3081600069999695,55700.0
2024-09-18,0.308160039939826,0.3265576362609863,0.308160039939826,0.3265576362609863,136300.0
2024-09-19,0.3311570389586986,0.3311570389586986,0.3173588152947966,0.3219582140445709,39900.0
2024-09-20,0.3265576193136693,0.3265576193136693,0.3173588216304779,0.3173588216304779,50000.0
2024-09-23,0.3265576362609863,0.3311570627558574,0.3219582371806962,0.3265576362609863,67700.0
2024-09-24,0.3311570627558574,0.3311570627558574,0.3265576362609863,0.3265576362609863,44300.0
2024-09-25,0.3265576362609863,0.3265576362609863,0.3265576362609863,0.3265576362609863,58700.0
2024-09-26,0.326557626024738,0.326557626024738,0.3035606313441495,0.3127594292163849,507500.0
2024-09-27,0.3173588216304779,0.3219582204720735,0.3173588216304779,0.3173588216304779,95800.0
2024-09-30,0.3173588381004061,0.3265576362609863,0.3173588381004061,0.3265576362609863,400.0
2024-10-01,0.3173588152947966,0.3265576127943452,0.3173588152947966,0.3219582140445709,27900.0
2024-10-02,0.3219582204720735,0.3219582204720735,0.3173588216304779,0.3173588216304779,53600.0
2024-10-03,0.3219582140445709,0.3219582140445709,0.3219582140445709,0.3219582140445709,29800.0
2024-10-04,0.3219582140445709,0.3265576127943452,0.3219582140445709,0.3219582140445709,84500.0
2024-10-07,0.3311570584774017,0.3311570584774017,0.3219582330210868,0.3311570584774017,47200.0
2024-10-08,0.3311570584774017,0.3311570584774017,0.3311570584774017,0.3311570584774017,100.0
2024-10-09,0.3311570389586986,0.3311570389586986,0.3219582140445709,0.3219582140445709,62100.0
2024-10-10,0.3275737762451172,0.3275737762451172,0.322894155253332,0.3275737762451172,70800.0
2024-10-11,0.3322533667087555,0.3322533667087555,0.3322533667087555,0.3322533667087555,1100.0
2024-10-14,0.3275737461469438,0.3322533667087555,0.3275737461469438,0.3322533667087555,40200.0
2024-10-15,0.3322533667087555,0.3322533667087555,0.3322533667087555,0.3322533667087555,100.0
2024-10-16,0.3275737762451172,0.3275737762451172,0.3275737762451172,0.3275737762451172,11000.0
2024-10-17,0.3275737762451172,0.3275737762451172,0.3275737762451172,0.3275737762451172,0.0
2024-10-18,0.3275737762451172,0.3275737762451172,0.3275737762451172,0.3275737762451172,0.0
2024-10-21,0.3275737762451172,0.3275737762451172,0.3275737762451172,0.3275737762451172,300.0
2024-10-22,0.3275737762451172,0.3275737762451172,0.3275737762451172,0.3275737762451172,28600.0
2024-10-23,0.3275737762451172,0.3275737762451172,0.322894155253332,0.3275737762451172,59900.0
2024-10-24,0.3275737762451172,0.3275737762451172,0.3275737762451172,0.3275737762451172,28600.0
2024-10-25,0.3275737769814608,0.3275737769814608,0.3228941559791565,0.3228941559791565,8000.0
2024-10-28,0.3182145062243871,0.3182145062243871,0.2948163754342762,0.3135348856449127,42800.0
2024-10-29,0.308855265378952,0.308855265378952,0.308855265378952,0.308855265378952,35100.0
2024-10-30,0.3228941559791565,0.3228941559791565,0.3182145349768521,0.3228941559791565,10400.0
2024-11-01,0.3135348856449127,0.3135348856449127,0.3135348856449127,0.3135348856449127,5000.0
2024-11-04,0.3088552650654383,0.3135348856449127,0.3088552650654383,0.3135348856449127,1200.0
2024-11-05,0.3135348856449127,0.3135348856449127,0.3135348856449127,0.3135348856449127,0.0
2024-11-06,0.3088552650654383,0.3182145062243871,0.3088552650654383,0.3135348856449127,20000.0
2024-11-07,0.308855265378952,0.308855265378952,0.308855265378952,0.308855265378952,21500.0
2024-11-08,0.3041756153106689,0.3041756153106689,0.3041756153106689,0.3041756153106689,1500.0
2024-11-11,0.3088552637631504,0.3088552637631504,0.3041756153106689,0.3041756153106689,7000.0
2024-11-12,0.3041756440771976,0.3228941559791565,0.3041756440771976,0.3228941559791565,2300.0
2024-11-13,0.304175616593225,0.3135348856449127,0.304175616593225,0.3135348856449127,7800.0
2024-11-14,0.308855265378952,0.308855265378952,0.308855265378952,0.308855265378952,5000.0
2024-11-15,0.3041756153106689,0.3041756153106689,0.2994959947509261,0.3041756153106689,127300.0
2024-11-18,0.3088552637631504,0.3088552637631504,0.2948163741911833,0.3041756153106689,102700.0
2024-11-19,0.2994959947509261,0.3041756153106689,0.2994959947509261,0.3041756153106689,98700.0
2024-11-20,0.3088552637631504,0.3088552637631504,0.2994959947509261,0.3041756153106689,106800.0
2024-11-21,0.3041756156090414,0.3041756156090414,0.2994959950447082,0.2994959950447082,62500.0
2024-11-22,0.3041756156090414,0.3041756156090414,0.2994959950447082,0.2994959950447082,32500.0
2024-11-25,0.3041756440771976,0.3228941559791565,0.3041756440771976,0.3228941559791565,18200.0
2024-11-26,0.3088552637631504,0.3088552637631504,0.3041756153106689,0.3041756153106689,4300.0
2024-11-27,0.3041756153106689,0.3041756153106689,0.3041756153106689,0.3041756153106689,0.0
2024-11-28,0.318214504882636,0.318214504882636,0.2994959947509261,0.3041756153106689,16100.0
2024-11-29,0.3041756162935428,0.3182145059108734,0.3041756162935428,0.3182145059108734,2300.0
2024-12-02,0.304175616593225,0.3135348856449127,0.304175616593225,0.3135348856449127,7100.0
2024-12-03,0.3135348859631766,0.3135348859631766,0.308855265378952,0.308855265378952,135800.0
2024-12-04,0.308855265378952,0.308855265378952,0.308855265378952,0.308855265378952,0.0
2024-12-05,0.3135348853360095,0.3182145059108734,0.3135348853360095,0.3182145059108734,6500.0
2024-12-06,0.3182145059108734,0.3182145059108734,0.3182145059108734,0.3182145059108734,0.0
2024-12-09,0.3182145065474012,0.3182145065474012,0.308855265378952,0.308855265378952,18400.0
2024-12-10,0.3135348856449127,0.3135348856449127,0.3135348856449127,0.3135348856449127,10800.0
2024-12-11,0.3135348859631766,0.3135348859631766,0.308855265378952,0.308855265378952,12300.0
2024-12-12,0.308855265378952,0.308855265378952,0.308855265378952,0.308855265378952,0.0
2024-12-13,0.3088552647611455,0.3182145059108734,0.3088552647611455,0.3182145059108734,20300.0
2024-12-16,0.3088552637631504,0.3088552637631504,0.3041756153106689,0.3041756153106689,23300.0
2024-12-17,0.3041756153106689,0.3041756153106689,0.3041756153106689,0.3041756153106689,8800.0
2024-12-18,0.3088552647611455,0.3275737470606013,0.3088552647611455,0.3182145059108734,50200.0
2024-12-19,0.3182145059108734,0.3182145059108734,0.3182145059108734,0.3182145059108734,0.0
2024-12-20,0.3182145059108734,0.3182145059108734,0.3182145059108734,0.3182145059108734,3800.0
2024-12-23,0.3135348843228932,0.3135348843228932,0.2948163741911833,0.3041756153106689,71000.0
2024-12-24,0.3041756153106689,0.3041756153106689,0.3041756153106689,0.3041756153106689,0.0
2024-12-26,0.308855265378952,0.3228941271316258,0.308855265378952,0.308855265378952,38000.0
2024-12-27,0.308855265378952,0.308855265378952,0.308855265378952,0.308855265378952,0.0
2024-12-30,0.3088552637631504,0.3088552637631504,0.3041756153106689,0.3041756153106689,2400.0
2024-12-31,0.3041756169019885,0.308855265378952,0.3041756169019885,0.308855265378952,11000.0
2025-01-02,0.308855265378952,0.308855265378952,0.308855265378952,0.308855265378952,0.0
2025-01-03,0.308855265378952,0.308855265378952,0.308855265378952,0.308855265378952,0.0
2025-01-06,0.3088552637631504,0.3088552637631504,0.3041756153106689,0.3041756153106689,8300.0
2025-01-07,0.304175616593225,0.3135348856449127,0.304175616593225,0.3135348856449127,40500.0
2025-01-08,0.3041756153106689,0.3088552637631504,0.3041756153106689,0.3041756153106689,110800.0
2025-01-09,0.3041756156090414,0.3041756156090414,0.2994959950447082,0.2994959950447082,100000.0
2025-01-10,0.2994960272518566,0.3088552972797371,0.2854571640491485,0.2854571640491485,63500.0
2025-01-13,0.290136753916042,0.2994959950447082,0.290136753916042,0.2994959950447082,5100.0
2025-01-14,0.2948163747787475,0.2948163747787475,0.2901367542096783,0.2948163747787475,40000.0
2025-01-15,0.308855265378952,0.308855265378952,0.2948163757335393,0.308855265378952,54700.0
2025-01-16,0.3135348856449127,0.3135348856449127,0.3135348856449127,0.3135348856449127,9000.0
2025-01-17,0.3135348856449127,0.3135348856449127,0.3135348856449127,0.3135348856449127,0.0
2025-01-20,0.3041756159168859,0.3041756159168859,0.2948163747787475,0.2948163747787475,54400.0
2025-01-21,0.2948163750867449,0.304175616234661,0.2901367545127868,0.2901367545127868,70300.0
2025-01-22,0.3041756159168859,0.3041756159168859,0.2948163747787475,0.2948163747787475,39000.0
2025-01-23,0.2994959956607029,0.2994959956607029,0.2901367545127868,0.2901367545127868,36800.0
2025-01-24,0.2948163744803751,0.2994959950447082,0.290136753916042,0.2994959950447082,53700.0
2025-01-27,0.2994959950447082,0.2994959950447082,0.2994959950447082,0.2994959950447082,0.0
2025-01-28,0.2948163747787475,0.2948163747787475,0.2948163747787475,0.2948163747787475,1000.0
2025-01-31,0.3041756159168859,0.3041756159168859,0.2948163747787475,0.2948163747787475,4300.0
2025-02-03,0.2948163747787475,0.2948163747787475,0.2948163747787475,0.2948163747787475,0.0
2025-02-04,0.2948163744803751,0.2994959950447082,0.2948163744803751,0.2994959950447082,22100.0
2025-02-05,0.2948163747787475,0.2948163747787475,0.2948163747787475,0.2948163747787475,5000.0
2025-02-06,0.2948163741911833,0.3041756153106689,0.2948163741911833,0.3041756153106689,2900.0
2025-02-07,0.3041756153106689,0.3041756153106689,0.3041756153106689,0.3041756153106689,0.0
2025-02-10,0.3041756153106689,0.3041756153106689,0.3041756153106689,0.3041756153106689,0.0
2025-02-11,0.2948163747787475,0.2948163747787475,0.2948163747787475,0.2948163747787475,2100.0
2025-02-12,0.2994959950447082,0.2994959950447082,0.2994959950447082,0.2994959950447082,200.0
2025-02-13,0.2994959963177639,0.308855265378952,0.2948163757335393,0.308855265378952,82400.0
2025-02-14,0.3041756156090414,0.3041756156090414,0.2948163744803751,0.2994959950447082,61000.0
2025-02-17,0.2994959950447082,0.2994959950447082,0.2994959950447082,0.2994959950447082,74700.0
2025-02-18,0.3041756156090414,0.3041756156090414,0.2994959950447082,0.2994959950447082,47000.0
2025-02-19,0.2994959950447082,0.3041756156090414,0.2994959950447082,0.2994959950447082,34300.0
2025-02-20,0.2994959950447082,0.2994959950447082,0.2994959950447082,0.2994959950447082,2000.0
2025-02-21,0.2994959950447082,0.2994959950447082,0.2994959950447082,0.2994959950447082,5200.0
2025-02-24,0.2994959950447082,0.2994959950447082,0.2994959950447082,0.2994959950447082,13600.0
2025-02-25,0.2994959950447082,0.2994959950447082,0.2994959950447082,0.2994959950447082,59600.0
2025-02-26,0.2994959947509261,0.3041756153106689,0.2901367536314405,0.3041756153106689,124700.0
2025-02-27,0.2948163747787475,0.2948163747787475,0.2948163747787475,0.2948163747787475,23500.0
2025-02-28,0.2994959953478168,0.2994959953478168,0.2948163747787475,0.2948163747787475,2400.0
2025-03-03,0.2948163747787475,0.2948163747787475,0.2948163747787475,0.2948163747787475,19900.0
2025-03-04,0.3041756159168859,0.3041756159168859,0.2948163747787475,0.2948163747787475,21500.0
2025-03-05,0.2901367542096783,0.2994959953478168,0.2901367542096783,0.2948163747787475,31600.0
2025-03-06,0.2994959950447082,0.2994959950447082,0.2948163744803751,0.2994959950447082,52800.0
2025-03-07,0.3041756153106689,0.3041756153106689,0.3041756153106689,0.3041756153106689,100.0
2025-03-10,0.3041756153106689,0.3041756153106689,0.3041756153106689,0.3041756153106689,0.0
2025-03-11,0.3041756153106689,0.3041756153106689,0.3041756153106689,0.3041756153106689,0.0
2025-03-12,0.2994959950447082,0.2994959950447082,0.2994959950447082,0.2994959950447082,6600.0
2025-03-13,0.2901367542096783,0.2948163747787475,0.2901367542096783,0.2948163747787475,15000.0
2025-03-14,0.2948163747787475,0.2948163747787475,0.2948163747787475,0.2948163747787475,0.0
2025-03-17,0.2948163744803751,0.2994959950447082,0.2948163744803751,0.2994959950447082,11200.0
2025-03-18,0.2948163747787475,0.2948163747787475,0.2948163747787475,0.2948163747787475,27000.0
2025-03-19,0.2994959950447082,0.2994959950447082,0.2948163744803751,0.2994959950447082,24000.0
2025-03-20,0.2994959950447082,0.3041756156090414,0.2994959950447082,0.2994959950447082,58400.0
2025-03-21,0.2994959953478168,0.2994959953478168,0.2948163747787475,0.2948163747787475,21400.0
2025-03-24,0.2994959953478168,0.2994959953478168,0.2948163747787475,0.2948163747787475,36600.0
2025-03-25,0.2948163750867449,0.2994959956607029,0.2901367545127868,0.2901367545127868,132400.0
2025-03-26,0.2948163750867449,0.2948163750867449,0.2901367545127868,0.2901367545127868,63100.0
2025-03-27,0.2948163747787475,0.2948163747787475,0.2948163747787475,0.2948163747787475,15900.0
2025-03-28,0.2948163744803751,0.2994959950447082,0.2948163744803751,0.2994959950447082,35500.0
2025-04-01,0.2994959956607029,0.2994959956607029,0.2901367545127868,0.2901367545127868,156900.0
2025-04-02,0.2901367545127868,0.2901367545127868,0.2901367545127868,0.2901367545127868,103700.0
2025-04-03,0.2994959956607029,0.2994959956607029,0.2854571339388288,0.2901367545127868,125600.0
2025-04-04,0.2901367545127868,0.2901367545127868,0.2854571339388288,0.2901367545127868,215700.0
2025-04-07,0.2807775129758215,0.2807775129758215,0.2620590028131871,0.266738623380661,663100.0
2025-04-08,0.2667386227980762,0.2760978639125824,0.262059002240823,0.2760978639125824,114700.0
2025-04-09,0.2760978645156088,0.2760978645156088,0.2573793822457132,0.266738623380661,552300.0
2025-04-10,0.2760978645156088,0.2760978645156088,0.266738623380661,0.266738623380661,80400.0
2025-04-11,0.2760978639125824,0.2760978639125824,0.2760978639125824,0.2760978639125824,14300.0
2025-04-14,0.2760978642088971,0.2760978642088971,0.2714182436466217,0.2714182436466217,6500.0
2025-04-15,0.2760978639125824,0.2760978639125824,0.2760978639125824,0.2760978639125824,4600.0
2025-04-16,0.2760978642088971,0.2760978642088971,0.2667386230843463,0.2714182436466217,64000.0
2025-04-17,0.2714182436466217,0.2714182436466217,0.2714182436466217,0.2714182436466217,0.0
2025-04-21,0.2760978642088971,0.2760978642088971,0.2714182436466217,0.2714182436466217,86200.0
2025-04-22,0.2714182433553292,0.2854571329198273,0.2573793816835699,0.2760978639125824,21700.0
2025-04-23,0.2760978639125824,0.2760978639125824,0.2760978639125824,0.2760978639125824,0.0
2025-04-24,0.2807775139808655,0.2807775139808655,0.2807775139808655,0.2807775139808655,30100.0
2025-04-25,0.2854571345650901,0.2854571345650901,0.2807775139808655,0.2807775139808655,85500.0
2025-04-28,0.2854571345650901,0.2854571345650901,0.2807775139808655,0.2807775139808655,25100.0
2025-04-29,0.2901367851167179,0.2901367851167179,0.2854571640491485,0.2854571640491485,26900.0
2025-04-30,0.2807775139808655,0.2807775139808655,0.2807775139808655,0.2807775139808655,61900.0
2025-05-02,0.2854571345650901,0.2854571345650901,0.2807775139808655,0.2807775139808655,10100.0
2025-05-05,0.2901367545127868,0.2901367545127868,0.2854571339388288,0.2901367545127868,162200.0
2025-05-06,0.2901367536314405,0.3041756153106689,0.2854571330716977,0.3041756153106689,144100.0
2025-05-07,0.2948163744803751,0.2994959950447082,0.2948163744803751,0.2994959950447082,49500.0
2025-05-08,0.2994959947509261,0.3088552637631504,0.2994959947509261,0.3041756153106689,270300.0
2025-05-09,0.308855265378952,0.3182145065474012,0.308855265378952,0.308855265378952,550900.0
2025-05-13,0.3088552650654383,0.3135348856449127,0.3088552650654383,0.3135348856449127,155700.0
2025-05-14,0.3135348856449127,0.3182145062243871,0.3135348856449127,0.3135348856449127,116300.0
2025-05-15,0.3182145065474012,0.3182145065474012,0.308855265378952,0.308855265378952,37100.0
2025-05-16,0.3135348859631766,0.3135348859631766,0.308855265378952,0.308855265378952,62800.0
2025-05-19,0.3088552637631504,0.3088552637631504,0.3041756153106689,0.3041756153106689,38500.0
2025-05-20,0.3041756156090414,0.3041756156090414,0.2994959950447082,0.2994959950447082,80000.0
2025-05-21,0.308855265378952,0.308855265378952,0.308855265378952,0.308855265378952,36000.0
2025-05-22,0.308855265378952,0.308855265378952,0.308855265378952,0.308855265378952,65500.0
2025-05-23,0.3041756153106689,0.3041756153106689,0.3041756153106689,0.3041756153106689,1800.0
2025-05-26,0.3041756153106689,0.3041756153106689,0.2994959947509261,0.3041756153106689,109600.0
2025-05-27,0.3041756153106689,0.3041756153106689,0.3041756153106689,0.3041756153106689,100.0
2025-05-28,0.3135348856449127,0.3135348856449127,0.3088552650654383,0.3135348856449127,148600.0
2025-05-29,0.3041756169019885,0.308855265378952,0.3041756169019885,0.308855265378952,44900.0
2025-05-30,0.3041756153106689,0.3135348843228932,0.3041756153106689,0.3041756153106689,42200.0
2025-06-02,0.3041756153106689,0.3041756153106689,0.3041756153106689,0.3041756153106689,16000.0
2025-06-03,0.3041756153106689,0.3041756153106689,0.3041756153106689,0.3041756153106689,36000.0
2025-06-04,0.3041756153106689,0.3041756153106689,0.3041756153106689,0.3041756153106689,15000.0
2025-06-05,0.3041756169019885,0.308855265378952,0.3041756169019885,0.308855265378952,25300.0
2025-06-06,0.3088552637631504,0.3088552637631504,0.3041756153106689,0.3041756153106689,55600.0
2025-06-09,0.3135348856449127,0.3182145062243871,0.3135348856449127,0.3135348856449127,319200.0
2025-06-10,0.3135348859631766,0.3135348859631766,0.308855265378952,0.308855265378952,175600.0
2025-06-11,0.3135348856449127,0.3135348856449127,0.3088552650654383,0.3135348856449127,103000.0
2025-06-12,0.3183585072158832,0.3183585072158832,0.3087112605571747,0.3087112605571747,42300.0
2025-06-13,0.3087112580122226,0.3087112580122226,0.299064040184021,0.299064040184021,123000.0
2025-06-16,0.2990640267716639,0.3087112441672093,0.2990640267716639,0.3038876354694366,13000.0
2025-06-17,0.3135348558425903,0.3183584933371483,0.3087112470990083,0.3135348558425903,13500.0
2025-06-18,0.3087112470990083,0.3183584933371483,0.3087112470990083,0.3135348558425903,40000.0
2025-06-19,0.3135348695110403,0.3135348695110403,0.3087112605571747,0.3087112605571747,59600.0
2025-06-20,0.3087112605571747,0.3087112605571747,0.3087112605571747,0.3087112605571747,0.0
2025-06-23,0.3183584809303283,0.3183584809303283,0.3183584809303283,0.3183584809303283,7400.0
2025-06-24,0.3183584933371483,0.3183584933371483,0.3135348558425903,0.3135348558425903,9500.0
2025-06-25,0.3087112605571747,0.3087112605571747,0.3087112605571747,0.3087112605571747,988000.0
2025-06-26,0.3087112605571747,0.3135348695110403,0.303887651603309,0.3087112605571747,995300.0
2025-06-27,0.3087112605571747,0.3087112605571747,0.3087112605571747,0.3087112605571747,500.0
2025-06-30,0.3183584933371483,0.3183584933371483,0.3087112470990083,0.3135348558425903,143000.0
2025-07-01,0.3087112605571747,0.3087112605571747,0.3087112605571747,0.3087112605571747,501000.0
2025-07-02,0.3087112605571747,0.3087112605571747,0.3087112605571747,0.3087112605571747,183400.0
2025-07-03,0.3087112605571747,0.3183585072158832,0.3087112605571747,0.3087112605571747,42600.0
2025-07-04,0.3087112605571747,0.3183585072158832,0.3087112605571747,0.3087112605571747,34700.0
2025-07-07,0.3135348695110403,0.3135348695110403,0.3087112605571747,0.3087112605571747,101100.0
2025-07-08,0.3135348695110403,0.3183585072158832,0.3087112605571747,0.3087112605571747,139900.0
2025-07-09,0.3087112605571747,0.3087112605571747,0.3087112605571747,0.3087112605571747,258300.0
2025-07-10,0.3087112605571747,0.3087112605571747,0.3087112605571747,0.3087112605571747,1341000.0
2025-07-11,0.3135348558425903,0.3135348558425903,0.3135348558425903,0.3135348558425903,35000.0
2025-07-14,0.3183585072158832,0.3183585072158832,0.3087112605571747,0.3087112605571747,205500.0
2025-07-15,0.3087112605571747,0.3087112605571747,0.3087112605571747,0.3087112605571747,190000.0
2025-07-16,0.3135348596623937,0.3231821060180664,0.3087112508600456,0.3231821060180664,185300.0
2025-07-17,0.3183584972157182,0.3231821060180664,0.3183584972157182,0.3231821060180664,82100.0
2025-07-18,0.3231820926999121,0.328005701303482,0.3231820926999121,0.328005701303482,230300.0
2025-07-21,0.3280057469191544,0.3328293561935425,0.3280057469191544,0.3328293561935425,340600.0
2025-07-22,0.337652937884041,0.3424765467643738,0.3280057201233753,0.3424765467643738,476300.0
2025-07-23,0.3424765503278282,0.3521237969398498,0.3424765503278282,0.3521237969398498,473800.0
2025-07-24,0.3521237734489189,0.3714182078838348,0.3521237734489189,0.3714182078838348,764300.0
2025-07-25,0.3858890831470489,0.3907126920143533,0.3762418366614634,0.3858890831470489,987600.0
2025-07-28,0.3858890857212391,0.4051835213191661,0.3858890857212391,0.3955363035202026,802900.0
2025-07-29,0.4003599240185407,0.4003599240185407,0.3810654878616333,0.3810654878616333,300000.0
2025-07-30,0.381065453852268,0.381065453852268,0.3714182078838348,0.3714182078838348,239200.0
2025-07-31,0.3762418500714287,0.3810654878616333,0.3714182410322018,0.3810654878616333,147500.0
2025-08-01,0.3810655007269528,0.3810655007269528,0.3762418627738952,0.3762418627738952,39000.0
2025-08-04,0.3762418586230391,0.5354211330413818,0.3617710311764507,0.5354211330413818,715900.0
2025-08-05,0.5161266972967766,0.5161266972967766,0.4148307899997558,0.4196543991565704,1397000.0
2025-08-06,0.4196543665450338,0.4293015841089733,0.3810654675382997,0.4100071489810943,557600.0
2025-08-07,0.4051835213191661,0.4051835213191661,0.3810654768217574,0.3955363035202026,472500.0
2025-08-08,0.3955363173023434,0.3955363173023434,0.3858890991672305,0.390712708234787,144600.0
2025-08-11,0.390712708234787,0.4003599263698999,0.390712708234787,0.390712708234787,223500.0
2025-08-12,0.3858890969008602,0.3858890969008602,0.3810654878616333,0.3810654878616333,427900.0
2025-08-13,0.381065490099674,0.3955363173023434,0.381065490099674,0.390712708234787,152400.0
2025-08-14,0.3762418442050546,0.3762418442050546,0.3521237993849695,0.3617710173130035,1389800.0
2025-08-15,0.3569473922252655,0.3617710009713946,0.3569473922252655,0.3569473922252655,351300.0
2025-08-18,0.3521238107744716,0.3521238107744716,0.3473002016544342,0.3473002016544342,38000.0
2025-08-19,0.3473002016544342,0.3521238107744716,0.3473002016544342,0.3473002016544342,95800.0
2025-08-20,0.3473002016544342,0.3521238107744716,0.3424765637834185,0.3473002016544342,253200.0
2025-08-21,0.342476539927265,0.3714182213824548,0.342476539927265,0.3665946125984192,222300.0
2025-08-22,0.3665946237314166,0.3665946237314166,0.3473001880093276,0.3521237969398498,712700.0
2025-08-25,0.3521237969398498,0.3569474058703721,0.3521237969398498,0.3521237969398498,95000.0
2025-08-26,0.3521237862463124,0.3714182213824548,0.3521237862463124,0.3665946125984192,1232400.0
2025-08-27,0.3665946262770205,0.3665946262770205,0.3617710173130035,0.3617710173130035,193200.0
2025-08-28,0.3617710148008943,0.3665946237314166,0.3473001880093276,0.3521237969398498,405200.0
2025-08-29,0.3569474083489865,0.3617710173130035,0.3569474083489865,0.3617710173130035,362000.0
2025-09-01,0.3617710173130035,0.3617710173130035,0.3569474083489865,0.3617710173130035,111300.0
2025-09-02,0.3569474083489865,0.3617710173130035,0.3569474083489865,0.3617710173130035,53000.0
2025-09-03,0.3617710009713946,0.3617710009713946,0.3569473922252655,0.3569473922252655,100400.0
2025-09-04,0.3617710173130035,0.3617710173130035,0.3569474083489865,0.3617710173130035,98800.0
2025-09-05,0.3617710038143836,0.3665946125984192,0.356947395030348,0.3665946125984192,226900.0
2025-09-08,0.3665946125984192,0.3665946125984192,0.3617710038143836,0.3665946125984192,280900.0
2025-09-09,0.3714182184636528,0.3714182184636528,0.3569473922252655,0.3569473922252655,88000.0
2025-09-10,0.3617710173130035,0.3665946262770205,0.3617710173130035,0.3617710173130035,91500.0
2025-09-11,0.3617710173130035,0.3617710173130035,0.3569474083489865,0.3617710173130035,35900.0
2025-09-12,0.3617710173130035,0.3665946262770205,0.3569474083489865,0.3617710173130035,216600.0
2025-09-15,0.3617710173130035,0.3617710173130035,0.3617710173130035,0.3617710173130035,70200.0
2025-09-16,0.3617710173130035,0.3617710173130035,0.3617710173130035,0.3617710173130035,128000.0
2025-09-17,0.3617710173130035,0.3665946262770205,0.3617710173130035,0.3617710173130035,823600.0
2025-09-18,0.3617710038143836,0.3665946125984192,0.3617710038143836,0.3665946125984192,232900.0
2025-09-19,0.3617710038143836,0.3665946125984192,0.3617710038143836,0.3665946125984192,270300.0
2025-09-22,0.3665946262770205,0.3665946262770205,0.3617710173130035,0.3617710173130035,237000.0
2025-09-23,0.3617710173130035,0.3617710173130035,0.3569474083489865,0.3617710173130035,133600.0
2025-09-24,0.3617710173130035,0.3617710173130035,0.3569474083489865,0.3617710173130035,208400.0
2025-09-25,0.3569473922252655,0.3569473922252655,0.3569473922252655,0.3569473922252655,82500.0
2025-09-26,0.3569474083489865,0.3665946262770205,0.3569474083489865,0.3617710173130035,805000.0
2025-09-29,0.3617709906663768,0.3714182078838348,0.3617709906663768,0.3714182078838348,167800.0
2025-09-30,0.3665946262770205,0.3665946262770205,0.3617710173130035,0.3617710173130035,14000.0
2025-10-01,0.3617710100595502,0.3955363008816577,0.3617710100595502,0.3858890831470489,1279600.0
2025-10-02,0.390712708234787,0.3955363173023434,0.381065490099674,0.390712708234787,1051000.0
2025-10-03,0.3907126920143533,0.4003599097489621,0.3858890831470489,0.3858890831470489,298100.0
2025-10-06,0.3858890831470489,0.3907126920143533,0.3858890831470489,0.3858890831470489,244600.0
2025-10-07,0.3858890969008602,0.3858890969008602,0.3810654878616333,0.3810654878616333,131800.0
2025-10-08,0.3858890831470489,0.3955363008816577,0.3810654742797446,0.3858890831470489,1445000.0
2025-10-09,0.3858890831470489,0.3858890831470489,0.3762418366614634,0.3858890831470489,146800.0
2025-10-10,0.3858890969008602,0.3858890969008602,0.3810654878616333,0.3810654878616333,205600.0
2025-10-13,0.3810655007269528,0.3810655007269528,0.3762418627738952,0.3762418627738952,239200.0
2025-10-14,0.3809302043593794,0.3809302043593794,0.3711627721786499,0.3711627721786499,246300.0
2025-10-15,0.3711627721786499,0.3711627721786499,0.3662790560882851,0.3711627721786499,136200.0
2025-10-16,0.3662790548140628,0.3662790548140628,0.3565116226673126,0.3565116226673126,168400.0
2025-10-17,0.3613953590393066,0.3662790753869872,0.3613953590393066,0.3613953590393066,33400.0
2025-10-21,0.3613953590393066,0.3662790753869872,0.3613953590393066,0.3613953590393066,54400.0
2025-10-22,0.361395349391671,0.3711627818262855,0.361395349391671,0.3662790656089782,83000.0
2025-10-23,0.3711627721786499,0.3711627721786499,0.3711627721786499,0.3711627721786499,6500.0
2025-10-24,0.3711627721786499,0.3760464882690146,0.3711627721786499,0.3711627721786499,48000.0
2025-10-27,0.3711627921968816,0.3760465085506439,0.3711627921968816,0.3760465085506439,63100.0
2025-10-28,0.3760464882690146,0.3760464882690146,0.3662790560882851,0.3711627721786499,11500.0
2025-10-29,0.3711627721786499,0.3711627721786499,0.3711627721786499,0.3711627721786499,48700.0
2025-10-30,0.3711627921968816,0.3858139703674141,0.3711627921968816,0.3760465085506439,35300.0
2025-10-31,0.3760465085506439,0.3760465085506439,0.3711627921968816,0.3760465085506439,27000.0
2025-11-03,0.3760465085506439,0.3760465085506439,0.3711627921968816,0.3760465085506439,84200.0
2025-11-04,0.3760465085506439,0.3760465085506439,0.3760465085506439,0.3760465085506439,0.0
2025-11-05,0.3711627721786499,0.3711627721786499,0.3711627721786499,0.3711627721786499,64700.0
2025-11-06,0.3711627818262855,0.3711627818262855,0.3662790656089782,0.3662790656089782,12900.0
2025-11-07,0.3662790560882851,0.3711627721786499,0.3662790560882851,0.3711627721786499,51100.0
2025-11-10,0.3711627721786499,0.3760464882690146,0.3662790560882851,0.3711627721786499,63100.0
2025-11-11,0.3711627721786499,0.3760464882690146,0.3711627721786499,0.3711627721786499,130900.0
2025-11-12,0.3711627721786499,0.3711627721786499,0.3711627721786499,0.3711627721786499,41100.0
2025-11-13,0.3662790560882851,0.3711627721786499,0.3662790560882851,0.3711627721786499,4100.0
2025-11-14,0.3711627721786499,0.3711627721786499,0.3662790560882851,0.3711627721786499,71800.0
2025-11-17,0.3662790656089782,0.3711627818262855,0.3662790656089782,0.3662790656089782,55200.0
2025-11-18,0.3711627721786499,0.3711627721786499,0.3662790560882851,0.3711627721786499,160100.0
2025-11-19,0.3613953590393066,0.3711627917346677,0.3613953590393066,0.3613953590393066,30700.0
2025-11-20,0.3613953590393066,0.3711627917346677,0.3613953590393066,0.3613953590393066,4500.0
2025-11-21,0.3613953590393066,0.3613953590393066,0.3613953590393066,0.3613953590393066,8400.0
2025-11-24,0.361395349391671,0.3662790656089782,0.361395349391671,0.3662790656089782,29800.0
2025-11-25,0.361395349391671,0.3662790656089782,0.361395349391671,0.3662790656089782,2700.0
2025-11-26,0.3662790753869872,0.3662790753869872,0.3613953590393066,0.3613953590393066,5200.0
2025-11-27,0.3613953590393066,0.3662790753869872,0.3613953590393066,0.3613953590393066,11300.0
2025-11-28,0.3662790656089782,0.3662790656089782,0.361395349391671,0.3662790656089782,51000.0
2025-12-01,0.3662790656089782,0.3662790656089782,0.3662790656089782,0.3662790656089782,22600.0
2025-12-02,0.3662790753869872,0.3662790753869872,0.3613953590393066,0.3613953590393066,77100.0
2025-12-03,0.3613953590393066,0.3662790753869872,0.3613953590393066,0.3613953590393066,11400.0
2025-12-04,0.3613953590393066,0.3760465080823482,0.3613953590393066,0.3613953590393066,30400.0
2025-12-05,0.3613953590393066,0.3613953590393066,0.3613953590393066,0.3613953590393066,200.0
2025-12-08,0.361395349391671,0.3662790656089782,0.361395349391671,0.3662790656089782,700.0
2025-12-09,0.3662790656089782,0.3662790656089782,0.3662790656089782,0.3662790656089782,11300.0
2025-12-10,0.3662790656089782,0.3662790656089782,0.3662790656089782,0.3662790656089782,10300.0
2025-12-11,0.3613953590393066,0.3613953590393066,0.3613953590393066,0.3613953590393066,35000.0
2025-12-12,0.3613953590393066,0.3613953590393066,0.3613953590393066,0.3613953590393066,49300.0
2025-12-15,0.3613953590393066,0.3613953590393066,0.3613953590393066,0.3613953590393066,1800.0
2025-12-16,0.3565116431355947,0.3760465085506439,0.3565116431355947,0.3760465085506439,65500.0
2025-12-17,0.3613953399979204,0.3711627721786499,0.3613953399979204,0.3711627721786499,80400.0
2025-12-18,0.361395349391671,0.3662790656089782,0.361395349391671,0.3662790656089782,36800.0
2025-12-19,0.3662790656089782,0.3662790656089782,0.3662790656089782,0.3662790656089782,0.0
2025-12-22,0.3711627721786499,0.3711627721786499,0.3711627721786499,0.3711627721786499,1000.0
2025-12-23,0.361395349391671,0.3662790656089782,0.361395349391671,0.3662790656089782,300200.0
2025-12-24,0.3613953387406877,0.3613953387406877,0.3565116226673126,0.3565116226673126,60000.0
2025-12-26,0.3565116323030118,0.3613953485083828,0.351627916097641,0.351627916097641,135800.0
2025-12-29,0.3565116426916261,0.3613953590393066,0.3565116426916261,0.3613953590393066,110700.0
2025-12-30,0.3565116323030118,0.3565116323030118,0.351627916097641,0.351627916097641,233800.0
2025-12-31,0.351627916097641,0.351627916097641,0.351627916097641,0.351627916097641,0.0
2026-01-02,0.3516279065939374,0.3565116226673126,0.3516279065939374,0.3565116226673126,159700.0
2026-01-05,0.351627916097641,0.351627916097641,0.351627916097641,0.351627916097641,42500.0
2026-01-06,0.3565116323030118,0.3565116323030118,0.351627916097641,0.351627916097641,87600.0
2026-01-07,0.3516279065939374,0.3565116226673126,0.3516279065939374,0.3565116226673126,229100.0
2026-01-08,0.351627916097641,0.3565116323030118,0.351627916097641,0.351627916097641,129000.0
2026-01-09,0.3516279065939374,0.3565116226673126,0.3516279065939374,0.3565116226673126,92500.0
2026-01-12,0.3565116226673126,0.3565116226673126,0.3516279065939374,0.3565116226673126,190200.0
2026-01-13,0.3516279263439456,0.3613953590393066,0.3516279263439456,0.3613953590393066,105100.0
2026-01-14,0.3565116226673126,0.3565116226673126,0.3565116226673126,0.3565116226673126,8800.0
2026-01-15,0.3516279263439456,0.3613953590393066,0.3516279263439456,0.3613953590393066,22000.0
2026-01-16,0.3565116226673126,0.3565116226673126,0.3565116226673126,0.3565116226673126,30000.0
2026-01-19,0.3565116323030118,0.3565116323030118,0.351627916097641,0.351627916097641,45500.0
2026-01-20,0.3516279065939374,0.3565116226673126,0.3516279065939374,0.3565116226673126,21900.0
2026-01-21,0.351627916097641,0.351627916097641,0.351627916097641,0.351627916097641,50400.0
2026-01-22,0.3516279065939374,0.3565116226673126,0.3516279065939374,0.3565116226673126,41200.0
2026-01-23,0.3565116426916261,0.3613953590393066,0.3565116426916261,0.3613953590393066,56000.0
2026-01-26,0.3613953399979204,0.3760464882690146,0.3613953399979204,0.3711627721786499,404500.0
2026-01-27,0.3760465085506439,0.3809302249044062,0.3711627921968816,0.3760465085506439,158500.0
2026-01-28,0.3711627818262855,0.3711627818262855,0.3662790656089782,0.3662790656089782,20300.0
2026-01-29,0.3662790560882851,0.3809302043593794,0.3662790560882851,0.3711627721786499,134700.0
2026-01-30,0.3711627721786499,0.3760464882690146,0.3662790560882851,0.3711627721786499,74700.0
2026-02-02,0.3809302142608999,0.3809302142608999,0.3662790656089782,0.3662790656089782,75000.0
2026-02-03,0.3662790656089782,0.3662790656089782,0.3662790656089782,0.3662790656089782,400.0
2026-02-04,0.3809302142608999,0.3809302142608999,0.3662790656089782,0.3662790656089782,26900.0
2026-02-05,0.3662790656089782,0.3760464980435927,0.3662790656089782,0.3662790656089782,84300.0
2026-02-06,0.3662790656089782,0.3662790656089782,0.361395349391671,0.3662790656089782,78000.0
2026-02-09,0.3711627921968816,0.3760465085506439,0.3662790758431193,0.3760465085506439,39900.0
2026-02-10,0.3613953590393066,0.3613953590393066,0.3613953590393066,0.3613953590393066,8000.0
2026-02-11,0.3760464882690146,0.3760464882690146,0.3711627721786499,0.3711627721786499,34800.0
2026-02-12,0.3760464882690146,0.3760464882690146,0.3662790560882851,0.3711627721786499,115600.0
2026-02-13,0.3711627818262855,0.3711627818262855,0.3662790656089782,0.3662790656089782,3000.0
2026-02-16,0.3613953399979204,0.3711627721786499,0.3613953399979204,0.3711627721786499,59200.0
2026-02-19,0.3711627721786499,0.3711627721786499,0.3662790560882851,0.3711627721786499,14800.0
2026-02-20,0.3662790656089782,0.3711627818262855,0.3662790656089782,0.3662790656089782,51000.0
2026-02-23,0.3662790560882851,0.3711627721786499,0.3613953399979204,0.3711627721786499,42800.0
2026-02-24,0.3662790656089782,0.3711627818262855,0.3662790656089782,0.3662790656089782,60400.0
2026-02-25,0.3662790560882851,0.3711627721786499,0.3662790560882851,0.3711627721786499,35000.0
2026-02-26,0.3711627721786499,0.3711627721786499,0.3711627721786499,0.3711627721786499,12100.0
2026-02-27,0.3662790548140628,0.3662790548140628,0.3565116226673126,0.3565116226673126,231900.0
2026-03-02,0.3613953590393066,0.3662790753869872,0.3613953590393066,0.3613953590393066,182900.0
2026-03-03,0.3613953590393066,0.3613953590393066,0.3565116426916261,0.3613953590393066,56300.0
2026-03-04,0.3613953387406877,0.3613953387406877,0.3565116226673126,0.3565116226673126,154900.0
2026-03-05,0.3565116226673126,0.3613953387406877,0.3565116226673126,0.3565116226673126,60300.0
2026-03-06,0.3565116226673126,0.3565116226673126,0.3516279065939374,0.3565116226673126,32000.0
2026-03-09,0.3565116414975388,0.3565116414975388,0.346744179725647,0.346744179725647,150300.0
2026-03-10,0.346744179725647,0.346744179725647,0.346744179725647,0.346744179725647,20000.0
2026-03-11,0.3467441707830254,0.351627916097641,0.3467441707830254,0.351627916097641,4300.0
2026-03-12,0.3516279251662156,0.3516279251662156,0.346744179725647,0.346744179725647,30200.0
2026-03-13,0.3467441716305046,0.3760464980435927,0.3467441716305046,0.3662790656089782,265700.0
2026-03-16,0.376046510028652,0.4053488373756408,0.376046510028652,0.4053488373756408,2095300.0
2026-03-17,0.4102325270155377,0.4346511363983154,0.4102325270155377,0.4346511363983154,3004800.0
2026-03-18,0.4395348638517002,0.463953473867738,0.4395348638517002,0.4444186091423034,3976600.0
2026-03-19,0.4541860539111728,0.488372097223724,0.4541860539111728,0.483488380908966,5161700.0
2026-03-20,0.4932558036959449,0.5127906685651737,0.473720938826716,0.4883720874786377,5987300.0
2026-03-23,0.5030232230554745,0.5030232230554745,0.4639534652233124,0.4639534652233124,2690700.0
2026-03-24,0.4639534748452893,0.4786046525294799,0.4444186100786949,0.4590697586536407,1060400.0
2026-03-25,0.4590697768831844,0.4639534932687641,0.4102325548088952,0.4200000166893005,2036200.0
2026-03-26,0.4200000076484926,0.4493023344404629,0.4151162913680385,0.4395348727703094,1932900.0
2026-03-27,0.4395348720772322,0.4395348720772322,0.4248837232589721,0.4248837232589721,548400.0
2026-03-30,0.4297674234815151,0.4786046426036507,0.4297674234815151,0.4639534652233124,2456200.0
2026-03-31,0.4737209463736569,0.4786046626687676,0.4493023357888585,0.4541860520839691,927600.0
2026-04-01,0.4493023253236621,0.4493023253236621,0.4248837153076244,0.4444186091423034,1021100.0
2026-04-02,0.4395348740893919,0.4590697683790797,0.4346511577942812,0.4541860520839691,382600.0
2026-04-06,0.4590697478657428,0.4639534639426266,0.4493023157119751,0.4493023157119751,479500.0
2026-04-07,0.4493023262703435,0.4590697586536407,0.4493023262703435,0.4590697586536407,452600.0
2026-04-08,0.4541860415050207,0.4541860415050207,0.4395348638517002,0.4444186091423034,828300.0
2026-04-09,0.4444185996350912,0.4541860317888589,0.4444185996350912,0.4493023157119751,490400.0
2026-04-10,0.4444186091423034,0.4444186091423034,0.4395348638517002,0.4444186091423034,288000.0
2026-04-13,0.4590697689920433,0.4688372015953064,0.4590697689920433,0.4688372015953064,1310000.0
2026-04-14,0.4639534652233124,0.4737209265132859,0.4590697491329476,0.4639534652233124,375100.0
2026-04-15,0.4590697478657428,0.4590697478657428,0.4493023157119751,0.4493023157119751,448100.0
2026-04-16,0.4541860424619921,0.4639534748452893,0.4493023262703435,0.4590697586536407,447200.0
2026-04-17,0.4590697683790797,0.4639534846741904,0.4541860520839691,0.4541860520839691,669000.0
2026-04-20,0.4541860520839691,0.4590697683790797,0.4541860520839691,0.4541860520839691,134800.0
2026-04-21,0.4541860520839691,0.4590697683790797,0.4493023357888585,0.4541860520839691,232000.0
2026-04-22,0.4541860317888589,0.4541860317888589,0.4395348544489634,0.4493023157119751,318000.0
2026-04-23,0.4493023262703435,0.4639534748452893,0.4493023262703435,0.4590697586536407,774300.0
2026-04-24,0.4541860424619921,0.4590697586536407,0.4493023262703435,0.4590697586536407,107000.0
2026-04-27,0.4590697670013713,0.4590697670013713,0.4346511564898552,0.4395348727703094,522000.0
2026-04-28,0.4395348727703094,0.4395348727703094,0.4248837239289468,0.4395348727703094,335700.0
2026-04-29,0.4346511564898552,0.4395348727703094,0.4346511564898552,0.4395348727703094,105700.0
2026-04-30,0.4444186194937478,0.4541860520839691,0.4395348740893919,0.4541860520839691,1043700.0
2026-05-04,0.4541860317888589,0.4639534639426266,0.4493023157119751,0.4493023157119751,662300.0
2026-05-05,0.4493023253236621,0.4541860415050207,0.4395348638517002,0.4444186091423034,82300.0
2026-05-06,0.4444185996350912,0.4493023157119751,0.4395348544489634,0.4493023157119751,47000.0
2026-05-07,0.4493023357888585,0.4541860520839691,0.4346511577942812,0.4541860520839691,445100.0
2026-05-08,0.4493023278158193,0.4834883703841949,0.4395348662896801,0.4737209379673004,912100.0
2026-05-11,0.4737209265132859,0.4834883586940154,0.4639534652233124,0.4639534652233124,609300.0
2026-05-12,0.4590697491329476,0.4737209265132859,0.4590697491329476,0.4639534652233124,238100.0
2026-05-13,0.4688371813136771,0.4737209265132859,0.4639534652233124,0.4639534652233124,407200.0
2026-05-14,0.4639534846741904,0.468837200969301,0.4541860520839691,0.4541860520839691,199000.0
2026-05-15,0.4541860415050207,0.4541860415050207,0.4444186091423034,0.4444186091423034,256800.0
2026-05-18,0.4444186194937478,0.4541860520839691,0.4444186194937478,0.4541860520839691,345600.0
2026-05-19,0.4444185996350912,0.4541860317888589,0.4444185996350912,0.4493023157119751,224500.0
2026-05-20,0.4541860415050207,0.4541860415050207,0.4444186091423034,0.4444186091423034,143700.0
2026-05-21,0.4444185996350912,0.4493023157119751,0.4444185996350912,0.4493023157119751,40700.0
2026-05-22,0.4395348740893919,0.4541860520839691,0.4395348740893919,0.4541860520839691,114200.0
2026-05-25,0.4493023253236621,0.4493023253236621,0.4444186091423034,0.4444186091423034,154700.0
2026-05-26,0.4493023253236621,0.4493023253236621,0.4395348638517002,0.4444186091423034,110700.0
2026-05-27,0.4444186091423034,0.4444186091423034,0.4444186091423034,0.4444186091423034,0.0
2026-05-28,0.4444186091423034,0.4493023253236621,0.4395348638517002,0.4444186091423034,100400.0
2026-05-29,0.4493023253236621,0.4541860415050207,0.4395348638517002,0.4444186091423034,205400.0
2026-06-02,0.4444186181600088,0.4444186181600088,0.4395348727703094,0.4395348727703094,61400.0
2026-06-03,0.4395348727703094,0.4444186181600088,0.4395348727703094,0.4395348727703094,201000.0
2026-06-04,0.4395348727703094,0.4395348727703094,0.4346511564898552,0.4395348727703094,74200.0
2026-06-05,0.4346511363983154,0.4395348524530221,0.4297674203436086,0.4346511363983154,174400.0
2026-06-08,0.4346511459911349,0.4346511459911349,0.4297674298286438,0.4297674298286438,82500.0
2026-06-09,0.4297674298286438,0.4346511459911349,0.4248837136661526,0.4297674298286438,344200.0
2026-06-10,0.4248837330748803,0.4248837330748803,0.4200000166893005,0.4200000166893005,404200.0
2026-06-11,0.4300000071525574,0.4550000131130218,0.3000000119209289,0.4199999868869781,274100.0
2026-06-12,0.4199999868869781,0.4199999868869781,0.4199999868869781,0.4199999868869781,5800.0
2026-06-15,0.4199999868869781,0.449999988079071,0.4000000059604645,0.449999988079071,375300.0
2026-06-16,0.4300000071525574,0.4300000071525574,0.4199999868869781,0.4199999868869781,23000.0
2026-06-17,0.4300000071525574,0.4399999976158142,0.4250000119209289,0.4350000023841858,206400.0
2026-06-18,0.4300000071525574,0.4350000023841858,0.4099999964237213,0.4199999868869781,268900.0
2026-06-19,0.4199999868869781,0.4199999868869781,0.4099999964237213,0.4099999964237213,97500.0
2026-06-22,0.4149999916553497,0.4149999916553497,0.4050000011920929,0.4099999964237213,197600.0
2026-06-23,0.4050000011920929,0.4300000071525574,0.395000010728836,0.4000000059604645,108800.0
2026-06-24,0.4000000059604645,0.4099999964237213,0.4000000059604645,0.4000000059604645,34100.0
2026-06-25,0.395000010728836,0.4000000059604645,0.395000010728836,0.395000010728836,118200.0
2026-06-26,0.395000010728836,0.395000010728836,0.3799999952316284,0.3849999904632568,125500.0
2026-06-29,0.3849999904632568,0.395000010728836,0.3849999904632568,0.3849999904632568,54400.0
2026-06-30,0.3849999904632568,0.3849999904632568,0.3849999904632568,0.3849999904632568,100.0
2026-07-01,0.395000010728836,0.395000010728836,0.395000010728836,0.395000010728836,114300.0
2026-07-02,0.395000010728836,0.4050000011920929,0.395000010728836,0.4050000011920929,132000.0
2026-07-03,0.4050000011920929,0.4050000011920929,0.395000010728836,0.395000010728836,107800.0
2026-07-06,0.4000000059604645,0.4000000059604645,0.4000000059604645,0.4000000059604645,65000.0
2026-07-07,0.3899999856948852,0.395000010728836,0.3899999856948852,0.395000010728836,13700.0
2026-07-08,0.395000010728836,0.4050000011920929,0.395000010728836,0.4000000059604645,52200.0
2026-07-09,0.4000000059604645,0.4000000059604645,0.3799999952316284,0.395000010728836,78500.0
2026-07-10,0.4000000059604645,0.4000000059604645,0.4000000059604645,0.4000000059604645,50200.0
2026-07-13,0.4050000011920929,0.4199999868869781,0.4050000011920929,0.4149999916553497,74900.0
2026-07-14,0.4149999916553497,0.4149999916553497,0.4050000011920929,0.4050000011920929,153300.0
2026-07-15,0.4050000011920929,0.4050000011920929,0.395000010728836,0.395000010728836,145100.0
2026-07-16,0.4000000059604645,0.4000000059604645,0.3899999856948852,0.3899999856948852,5100.0
2026-07-17,0.4000000059604645,0.4000000059604645,0.4000000059604645,0.4000000059604645,300.0
2026-07-20,0.4000000059604645,0.4000000059604645,0.395000010728836,0.395000010728836,65600.0
2026-07-21,0.4000000059604645,0.4050000011920929,0.395000010728836,0.395000010728836,60600.0
2026-07-22,0.4000000059604645,0.4099999964237213,0.4000000059604645,0.4050000011920929,68700.0
2026-07-23,0.4050000011920929,0.4050000011920929,0.4000000059604645,0.4000000059604645,20800.0
2026-07-24,0.4000000059604645,0.4000000059604645,0.4000000059604645,0.4000000059604645,19500.0
2026-07-27,0.4050000011920929,0.4050000011920929,0.4000000059604645,0.4000000059604645,60200.0
2026-07-28,0.4000000059604645,0.4000000059604645,0.4000000059604645,0.4000000059604645,32900.0
2026-07-29,0.4050000011920929,0.4050000011920929,0.4000000059604645,0.4000000059604645,113100.0
2026-07-30,0.4000000059604645,0.4000000059604645,0.4000000059604645,0.4000000059604645,32500.0
2026-07-31,0.4000000059604645,0.4000000059604645,0.395000010728836,0.4000000059604645,37600.0
2026-08-03,0.4000000059604645,0.4000000059604645,0.4000000059604645,0.4000000059604645,27400.0
2026-08-04,0.4000000059604645,0.4000000059604645,0.395000010728836,0.4000000059604645,39700.0
2026-08-05,0.449999988079071,0.449999988079071,0.4399999976158142,0.449999988079071,1189100.0
2026-08-06,0.4550000131130218,0.4749999940395355,0.4550000131130218,0.4650000035762787,1310600.0
2026-08-07,0.4650000035762787,0.4650000035762787,0.4399999976158142,0.449999988079071,376500.0
2026-08-11,0.4449999928474426,0.449999988079071,0.4449999928474426,0.449999988079071,273700.0
2026-08-12,0.449999988079071,0.449999988079071,0.449999988079071,0.449999988079071,51700.0
2026-08-13,0.4550000131130218,0.4850000143051147,0.4449999928474426,0.4799999892711639,940300.0
2026-08-14,0.5,0.5149999856948853,0.4900000095367431,0.4900000095367431,2421800.0
2026-08-17,0.4900000095367431,0.4950000047683716,0.4900000095367431,0.4900000095367431,670100.0
2026-08-18,0.4900000095367431,0.5099999904632568,0.4900000095367431,0.4950000047683716,1769400.0
2026-08-19,0.4950000047683716,0.4950000047683716,0.4850000143051147,0.4850000143051147,474200.0
2026-08-20,0.4850000143051147,0.4900000095367431,0.4699999988079071,0.4749999940395355,509400.0
2026-08-21,0.4850000143051147,0.4850000143051147,0.4749999940395355,0.4799999892711639,67900.0
2026-08-24,0.4799999892711639,0.4799999892711639,0.4699999988079071,0.4799999892711639,177700.0
2026-08-25,0.4799999892711639,0.4799999892711639,0.4749999940395355,0.4799999892711639,45000.0
2026-08-26,0.4799999892711639,0.4799999892711639,0.4799999892711639,0.4799999892711639,27400.0
2026-08-27,0.4749999940395355,0.4799999892711639,0.4749999940395355,0.4799999892711639,102500.0
2026-08-28,0.4799999892711639,0.4850000143051147,0.4749999940395355,0.4749999940395355,213400.0
2026-08-31,0.4749999940395355,0.4799999892711639,0.4699999988079071,0.4749999940395355,38700.0
2026-09-01,0.4699999988079071,0.4749999940395355,0.4650000035762787,0.4749999940395355,96100.0
2026-09-02,0.4749999940395355,0.4799999892711639,0.4749999940395355,0.4749999940395355,32500.0
2026-09-03,0.4749999940395355,0.4799999892711639,0.4699999988079071,0.4799999892711639,190700.0
2026-09-04,0.4749999940395355,0.4749999940395355,0.4699999988079071,0.4699999988079071,67700.0
2026-09-07,0.4699999988079071,0.4749999940395355,0.4699999988079071,0.4699999988079071,48500.0
2026-09-08,0.4699999988079071,0.4850000143051147,0.4699999988079071,0.4749999940395355,103300.0
2026-09-09,0.4799999892711639,0.4850000143051147,0.4749999940395355,0.4749999940395355,130200.0
2026-09-10,0.4749999940395355,0.4799999892711639,0.4749999940395355,0.4749999940395355,114700.0
2026-09-11,0.4799999892711639,0.4799999892711639,0.4749999940395355,0.4799999892711639,148100.0
2026-09-14,0.4799999892711639,0.4850000143051147,0.4799999892711639,0.4850000143051147,594700.0
2026-09-15,0.4850000143051147,0.4850000143051147,0.4749999940395355,0.4850000143051147,221800.0
2026-09-16,0.4850000143051147,0.4850000143051147,0.4749999940395355,0.4799999892711639,93100.0
2026-09-17,0.4799999892711639,0.4850000143051147,0.4399999976158142,0.4650000035762787,411400.0
2026-09-18,0.4650000035762787,0.4650000035762787,0.4550000131130218,0.4550000131130218,127000.0
2026-09-21,0.4650000035762787,0.4799999892711639,0.4650000035762787,0.4650000035762787,98900.0
2026-09-22,0.4699999988079071,0.4749999940395355,0.4650000035762787,0.4699999988079071,35600.0
2026-09-23,0.4699999988079071,0.4699999988079071,0.4650000035762787,0.4650000035762787,47600.0
2026-09-24,0.4650000035762787,0.4650000035762787,0.4650000035762787,0.4650000035762787,173900.0
2026-09-25,0.4600000083446502,0.4699999988079071,0.4600000083446502,0.4699999988079071,45700.0
2026-09-28,0.4699999988079071,0.4699999988079071,0.4650000035762787,0.4650000035762787,96300.0
2026-09-29,0.4650000035762787,0.4650000035762787,0.4600000083446502,0.4650000035762787,24000.0
2026-09-30,0.4600000083446502,0.4699999988079071,0.4550000131130218,0.4650000035762787,64700.0
2026-10-01,0.4650000035762787,0.4650000035762787,0.4600000083446502,0.4650000035762787,134500.0
2026-10-02,0.4650000035762787,0.4699999988079071,0.4600000083446502,0.4699999988079071,246900.0
