date,open,high,low,close,volume
2016-10-03,0.129822212497004,0.129822212497004,0.1268030852079391,0.1268030852079391,1293200.0
2016-10-04,0.1268030852079391,0.1268030852079391,0.1268030852079391,0.1268030852079391,710000.0
2016-10-05,0.1268031113678264,0.1328413581939835,0.1268031113678264,0.129822239279747,1837400.0
2016-10-06,0.1358604282140731,0.1418986728671558,0.1328413103863722,0.1358604282140731,3171800.0
2016-10-07,0.1358604282140731,0.1388795550394549,0.1358604282140731,0.1358604282140731,1727500.0
2016-10-10,0.1388795880108958,0.1418987065553665,0.1358604604687421,0.1418987065553665,2042900.0
2016-10-11,0.1418987137376072,0.1418987137376072,0.1328413486480713,0.1328413486480713,866800.0
2016-10-12,0.1328413307883866,0.1328413307883866,0.1268030852079391,0.1268030852079391,1066000.0
2016-10-13,0.1268031019809347,0.1268031019809347,0.1207648645994561,0.1237839832901954,1455400.0
2016-10-14,0.1237839669165565,0.1268030852079391,0.1237839669165565,0.1268030852079391,586400.0
2016-10-17,0.1237839832901954,0.1237839832901954,0.1237839832901954,0.1237839832901954,681000.0
2016-10-18,0.1237839835585353,0.1328413486480713,0.1237839835585353,0.1328413486480713,559000.0
2016-10-19,0.1328413581939835,0.1328413581939835,0.129822239279747,0.129822239279747,705600.0
2016-10-20,0.1328413486480713,0.1358604673453554,0.1328413486480713,0.1328413486480713,497100.0
2016-10-21,0.1328413486480713,0.1358604673453554,0.1298222299507871,0.1328413486480713,1117800.0
2016-10-24,0.1328413486480713,0.1358604673453554,0.1328413486480713,0.1328413486480713,526400.0
2016-10-25,0.1328413486480713,0.1328413486480713,0.1328413486480713,0.1328413486480713,360000.0
2016-10-26,0.1328413581939835,0.1328413581939835,0.129822239279747,0.129822239279747,120000.0
2016-10-27,0.1328413486480713,0.1328413486480713,0.1298222299507871,0.1328413486480713,458200.0
2016-10-28,0.129822239279747,0.129822239279747,0.1268031113678264,0.129822239279747,601100.0
2016-10-31,0.1268030852079391,0.1268030852079391,0.1268030852079391,0.1268030852079391,520800.0
2016-11-01,0.1268031113678264,0.1328413581939835,0.1268031113678264,0.129822239279747,334100.0
2016-11-02,0.1328413581939835,0.1328413581939835,0.129822239279747,0.129822239279747,165000.0
2016-11-03,0.129822212497004,0.1328413307883866,0.1268030852079391,0.1268030852079391,96000.0
2016-11-04,0.1268031019809347,0.1268031019809347,0.1237839832901954,0.1237839832901954,577100.0
2016-11-07,0.1237839832901954,0.1268031019809347,0.1237839832901954,0.1237839832901954,730000.0
2016-11-08,0.1268030852079391,0.1268030852079391,0.1237839669165565,0.1268030852079391,200000.0
2016-11-09,0.1237839832901954,0.1237839832901954,0.1201610390617716,0.1237839832901954,886400.0
2016-11-10,0.1237839924535899,0.129822239279747,0.1207648735393534,0.129822239279747,536500.0
2016-11-11,0.1237839832901954,0.1237839832901954,0.1237839832901954,0.1237839832901954,19900.0
2016-11-14,0.1237839832901954,0.1237839832901954,0.1237839832901954,0.1237839832901954,330600.0
2016-11-15,0.1237839775719807,0.1237839775719807,0.1207648590207099,0.1207648590207099,55000.0
2016-11-16,0.1207648590207099,0.1207648590207099,0.1207648590207099,0.1207648590207099,56800.0
2016-11-17,0.1237839832901954,0.1237839832901954,0.1237839832901954,0.1237839832901954,40000.0
2016-11-18,0.1237839832901954,0.1268031019809347,0.1237839832901954,0.1237839832901954,419000.0
2016-11-21,0.1237839924535899,0.129822239279747,0.1237839924535899,0.129822239279747,379500.0
2016-11-22,0.129822239279747,0.129822239279747,0.1268031113678264,0.129822239279747,560800.0
2016-11-23,0.1298222299507871,0.1358604673453554,0.1298222299507871,0.1328413486480713,1285800.0
2016-11-24,0.1328413486480713,0.1328413486480713,0.1298222299507871,0.1328413486480713,872600.0
2016-11-25,0.129822239279747,0.129822239279747,0.129822239279747,0.129822239279747,80000.0
2016-11-28,0.129822212497004,0.129822212497004,0.1268030852079391,0.1268030852079391,166200.0
2016-11-29,0.129822239279747,0.129822239279747,0.1268031113678264,0.129822239279747,822100.0
2016-11-30,0.1268031019809347,0.1268031019809347,0.1237839832901954,0.1237839832901954,563000.0
2016-12-01,0.1268030852079391,0.129822212497004,0.1207648486251739,0.1268030852079391,1971800.0
2016-12-02,0.1237839832901954,0.1268031019809347,0.1237839832901954,0.1237839832901954,351900.0
2016-12-05,0.1237839832901954,0.1237839832901954,0.1207648645994561,0.1237839832901954,228100.0
2016-12-06,0.1207648590207099,0.1237839775719807,0.1207648590207099,0.1207648590207099,270100.0
2016-12-07,0.1207648603457477,0.1207648603457477,0.1183495582800839,0.1195572093129158,961100.0
2016-12-08,0.1183495538058954,0.1183495538058954,0.1135189588548708,0.1153304353356361,762300.0
2016-12-09,0.1165380705731962,0.1177457123994827,0.1165380705731962,0.1177457123994827,253500.0
2016-12-12,0.1189533792994839,0.1189533792994839,0.1153304353356361,0.1153304353356361,159700.0
2016-12-13,0.1171419118164014,0.1171419118164014,0.1153304353356361,0.1153304353356361,40000.0
2016-12-14,0.1153304297158606,0.1153304297158606,0.1135189533233642,0.1135189533233642,395400.0
2016-12-15,0.1117074859285502,0.1147266042516951,0.1086883676054053,0.1135189533233642,418600.0
2016-12-16,0.1135189673623666,0.1135189673623666,0.1129151508212089,0.1129151508212089,287900.0
2016-12-19,0.1129151368568811,0.1135189533233642,0.1129151368568811,0.1135189533233642,89100.0
2016-12-20,0.1147266085825518,0.1165380850434303,0.1147266085825518,0.1165380850434303,108600.0
2016-12-21,0.1135189533233642,0.1135189533233642,0.1135189533233642,0.1135189533233642,1000.0
2016-12-22,0.1135189533233642,0.1135189533233642,0.1135189533233642,0.1135189533233642,0.0
2016-12-23,0.1159342601895332,0.1159342601895332,0.1153304346992765,0.1159342601895332,103000.0
2016-12-27,0.1159342601895332,0.1159342601895332,0.1159342601895332,0.1159342601895332,0.0
2016-12-28,0.1159342601895332,0.1159342601895332,0.1159342601895332,0.1159342601895332,0.0
2016-12-29,0.1159342513348473,0.1201610204461343,0.1135189495582936,0.1189533695578575,33300.0
2016-12-30,0.1189533695578575,0.1189533695578575,0.1189533695578575,0.1189533695578575,0.0
2017-01-03,0.1189533695578575,0.1189533695578575,0.1189533695578575,0.1189533695578575,0.0
2017-01-04,0.1159342601895332,0.1159342601895332,0.1159342601895332,0.1159342601895332,121900.0
2017-01-05,0.1159342601895332,0.1159342601895332,0.1159342601895332,0.1159342601895332,20000.0
2017-01-06,0.1159342601895332,0.1159342601895332,0.1159342601895332,0.1159342601895332,30000.0
2017-01-09,0.1159342592115711,0.118349552154541,0.1159342592115711,0.118349552154541,41000.0
2017-01-10,0.118349552154541,0.118349552154541,0.118349552154541,0.118349552154541,240000.0
2017-01-11,0.1183495525066261,0.1183495525066261,0.1165380850434303,0.1165380850434303,101900.0
2017-01-12,0.1165380767789858,0.1189533695578575,0.1159342513348473,0.1189533695578575,87000.0
2017-01-13,0.1195572093129158,0.1195572093129158,0.1195572093129158,0.1195572093129158,33000.0
2017-01-16,0.1195572093129158,0.1195572093129158,0.1195572093129158,0.1195572093129158,0.0
2017-01-17,0.1195572093129158,0.1195572093129158,0.1195572093129158,0.1195572093129158,0.0
2017-01-18,0.1195572093129158,0.1195572093129158,0.1195572093129158,0.1195572093129158,0.0
2017-01-19,0.1165380767789858,0.1189533695578575,0.1165380767789858,0.1189533695578575,141900.0
2017-01-20,0.1177457123994827,0.1177457123994827,0.1177457123994827,0.1177457123994827,30000.0
2017-01-23,0.1177457123994827,0.1177457123994827,0.1177457123994827,0.1177457123994827,8000.0
2017-01-24,0.1165380856797899,0.1165380856797899,0.1159342601895332,0.1159342601895332,41200.0
2017-01-25,0.1177457123994827,0.1177457123994827,0.1165380705731962,0.1177457123994827,75500.0
2017-01-26,0.1159342608292245,0.1159342608292245,0.1147266098420477,0.1153304353356361,427200.0
2017-01-27,0.1177457123994827,0.1177457123994827,0.1177457123994827,0.1177457123994827,71900.0
2017-01-31,0.1205271184444427,0.1205271184444427,0.1205271184444427,0.1205271184444427,2500.0
2017-02-01,0.1205271184444427,0.1205271184444427,0.1205271184444427,0.1205271184444427,0.0
2017-02-02,0.1205271184444427,0.1205271184444427,0.1205271184444427,0.1205271184444427,0.0
2017-02-03,0.1205271279812811,0.1205271279812811,0.1199090480804443,0.1199090480804443,101500.0
2017-02-06,0.1199090480804443,0.1199090480804443,0.1199090480804443,0.1199090480804443,71900.0
2017-02-07,0.1192909741906361,0.1192909741906361,0.1174367066208449,0.1186728850007057,239300.0
2017-02-08,0.1186728514980803,0.1186728514980803,0.1180547624826431,0.1180547624826431,233000.0
2017-02-09,0.1180547624826431,0.1180547624826431,0.1180547624826431,0.1180547624826431,0.0
2017-02-10,0.1211451983496037,0.1211451983496037,0.1180547624826431,0.1180547624826431,45400.0
2017-02-13,0.1186728850007057,0.1186728850007057,0.1186728850007057,0.1186728850007057,72100.0
2017-02-14,0.1199090493318339,0.126708011204035,0.1199090493318339,0.1223813965916633,2654200.0
2017-02-15,0.1236175938478125,0.1267080307006836,0.1236175938478125,0.1267080307006836,460000.0
2017-02-16,0.1267080033067086,0.1267080033067086,0.1229994780429921,0.1236175671219825,324500.0
2017-02-17,0.1236175748266915,0.1236175748266915,0.1223813965916633,0.1223813965916633,304500.0
2017-02-20,0.1223813965916633,0.1223813965916633,0.1223813965916633,0.1223813965916633,60000.0
2017-02-21,0.1229994857091774,0.1229994857091774,0.1223813965916633,0.1223813965916633,300000.0
2017-02-22,0.122381385345527,0.1229994744062423,0.122381385345527,0.1229994744062423,163500.0
2017-02-23,0.1236175671219825,0.1267080033067086,0.1236175671219825,0.1236175671219825,525700.0
2017-02-24,0.1223813889640016,0.1236175671219825,0.1223813889640016,0.1236175671219825,519300.0
2017-02-27,0.1236175671219825,0.1267080033067086,0.1229994780429921,0.1236175671219825,129000.0
2017-02-28,0.1236175634669576,0.1236175634669576,0.1229994744062423,0.1229994744062423,210000.0
2017-03-01,0.1236175671219825,0.1236175671219825,0.1236175671219825,0.1236175671219825,359000.0
2017-03-02,0.1236175634669576,0.1236175634669576,0.1229994744062423,0.1229994744062423,147000.0
2017-03-03,0.1229994744062423,0.1229994744062423,0.1229994744062423,0.1229994744062423,0.0
2017-03-06,0.1236175634669576,0.1236175634669576,0.1229994744062423,0.1229994744062423,34000.0
2017-03-07,0.1229994744062423,0.1229994744062423,0.1229994744062423,0.1229994744062423,0.0
2017-03-08,0.1229994744062423,0.1229994744062423,0.122381385345527,0.1229994744062423,187100.0
2017-03-09,0.1267079995603081,0.1267079995603081,0.122381385345527,0.1229994744062423,493000.0
2017-03-10,0.1236175748266915,0.1236175748266915,0.1223813965916633,0.1223813965916633,193500.0
2017-03-13,0.1229994744062423,0.1236175634669576,0.1229994744062423,0.1229994744062423,424800.0
2017-03-14,0.1236175671219825,0.1236175671219825,0.1229994780429921,0.1236175671219825,475200.0
2017-03-15,0.1236175671219825,0.1236175671219825,0.1229994780429921,0.1236175671219825,450000.0
2017-03-16,0.1229994744062423,0.1229994744062423,0.1229994744062423,0.1229994744062423,503000.0
2017-03-17,0.1223813889640016,0.1236175671219825,0.1223813889640016,0.1236175671219825,158200.0
2017-03-20,0.1236175748266915,0.1236175748266915,0.1223813965916633,0.1223813965916633,215800.0
2017-03-21,0.1223813965916633,0.1223813965916633,0.1223813965916633,0.1223813965916633,0.0
2017-03-22,0.122381385345527,0.1229994744062423,0.122381385345527,0.1229994744062423,124900.0
2017-03-23,0.1236175634669576,0.1236175634669576,0.1229994744062423,0.1229994744062423,295000.0
2017-03-24,0.1205271473656425,0.1390697868388535,0.1205271473656425,0.132888913154602,3675400.0
2017-03-27,0.1328889136166541,0.1328889136166541,0.1267080307006836,0.1267080307006836,467200.0
2017-03-28,0.1297984335640194,0.14216019615886,0.1297984335640194,0.1390697509050369,2256700.0
2017-03-29,0.1421602070331573,0.1421602070331573,0.139069761542936,0.1421602070331573,2834400.0
2017-03-30,0.1390697608436949,0.1390697608436949,0.1359793245792389,0.1359793245792389,491600.0
2017-03-31,0.1359793499967277,0.1359793499967277,0.132888913154602,0.132888913154602,231000.0
2017-04-03,0.1359793245792389,0.1359793245792389,0.1359793245792389,0.1359793245792389,596000.0
2017-04-04,0.1390697509050369,0.1390697509050369,0.1359793148614397,0.1390697509050369,1387400.0
2017-04-05,0.1390697509050369,0.1390697509050369,0.1359793148614397,0.1390697509050369,1211100.0
2017-04-06,0.1359793245792389,0.1359793245792389,0.1359793245792389,0.1359793245792389,462600.0
2017-04-07,0.1359793499967277,0.1359793499967277,0.132888913154602,0.132888913154602,280000.0
2017-04-10,0.1359793245792389,0.1359793245792389,0.1359793245792389,0.1359793245792389,723800.0
2017-04-11,0.1328888883147828,0.1359793245792389,0.1328888883147828,0.1359793245792389,35600.0
2017-04-12,0.1328888883147828,0.1359793245792389,0.1328888883147828,0.1359793245792389,410000.0
2017-04-13,0.132888913154602,0.1359793499967277,0.132888913154602,0.132888913154602,825100.0
2017-04-17,0.1328889028389359,0.1328889028389359,0.1297984570264816,0.1297984570264816,628500.0
2017-04-18,0.132888913154602,0.132888913154602,0.132888913154602,0.132888913154602,102000.0
2017-04-19,0.1297984570264816,0.1297984570264816,0.1297984570264816,0.1297984570264816,775100.0
2017-04-20,0.1267080307006836,0.1267080307006836,0.1267080307006836,0.1267080307006836,140000.0
2017-04-21,0.1267080307006836,0.1267080307006836,0.1267080307006836,0.1267080307006836,0.0
2017-04-24,0.1297984570264816,0.1328889028389359,0.1297984570264816,0.1297984570264816,104900.0
2017-04-25,0.132888913154602,0.132888913154602,0.132888913154602,0.132888913154602,1235300.0
2017-04-26,0.1328888883147828,0.1359793245792389,0.1328888883147828,0.1359793245792389,50100.0
2017-04-27,0.1359793148614397,0.1390697509050369,0.1359793148614397,0.1390697509050369,1132800.0
2017-04-28,0.1390697608436949,0.1390697608436949,0.1359793245792389,0.1359793245792389,228000.0
2017-05-02,0.1359793245792389,0.1359793245792389,0.1359793245792389,0.1359793245792389,33600.0
2017-05-03,0.1359793245792389,0.1359793245792389,0.1328888883147828,0.1359793245792389,96900.0
2017-05-04,0.1359793245792389,0.1359793245792389,0.1359793245792389,0.1359793245792389,0.0
2017-05-05,0.1359793245792389,0.1359793245792389,0.1359793245792389,0.1359793245792389,65000.0
2017-05-08,0.14216019615886,0.1452506322024572,0.1359793148614397,0.1390697509050369,3230200.0
2017-05-09,0.1390697509050369,0.1390697509050369,0.1390697509050369,0.1390697509050369,56900.0
2017-05-11,0.1359793148614397,0.1390697509050369,0.1359793148614397,0.1390697509050369,166600.0
2017-05-12,0.1359793245792389,0.1359793245792389,0.1359793245792389,0.1359793245792389,672100.0
2017-05-15,0.1359793499967277,0.1359793499967277,0.132888913154602,0.132888913154602,268000.0
2017-05-16,0.1297984570264816,0.1297984570264816,0.1267080204242548,0.1297984570264816,1436100.0
2017-05-17,0.129798467102248,0.1359793499967277,0.129798467102248,0.132888913154602,365400.0
2017-05-18,0.132888913154602,0.132888913154602,0.132888913154602,0.132888913154602,0.0
2017-05-19,0.1297984428401001,0.1359793245792389,0.1297984428401001,0.1359793245792389,451700.0
2017-05-22,0.132888913154602,0.132888913154602,0.129798467102248,0.132888913154602,35900.0
2017-05-23,0.132888913154602,0.132888913154602,0.132888913154602,0.132888913154602,28000.0
2017-05-24,0.1328889028389359,0.1328889028389359,0.1297984570264816,0.1297984570264816,10700.0
2017-05-25,0.129798467102248,0.132888913154602,0.129798467102248,0.132888913154602,551100.0
2017-05-26,0.1297984675535547,0.1297984675535547,0.1267080307006836,0.1267080307006836,48900.0
2017-05-29,0.1267080307006836,0.1297984675535547,0.1267080307006836,0.1267080307006836,78500.0
2017-05-30,0.1267080307006836,0.1297984675535547,0.1267080307006836,0.1267080307006836,230900.0
2017-05-31,0.1267080302601223,0.132888913154602,0.1267080302601223,0.132888913154602,592100.0
2017-06-01,0.1328889028389359,0.1328889028389359,0.1297984570264816,0.1297984570264816,39900.0
2017-06-02,0.1328888883147828,0.1359793245792389,0.1297984428401001,0.1359793245792389,41400.0
2017-06-05,0.132888913154602,0.132888913154602,0.132888913154602,0.132888913154602,245000.0
2017-06-06,0.132888913154602,0.132888913154602,0.132888913154602,0.132888913154602,4100.0
2017-06-07,0.132888913154602,0.132888913154602,0.132888913154602,0.132888913154602,0.0
2017-06-08,0.129798467102248,0.132888913154602,0.129798467102248,0.132888913154602,15100.0
2017-06-09,0.132888913154602,0.132888913154602,0.132888913154602,0.132888913154602,45000.0
2017-06-12,0.132888913154602,0.132888913154602,0.132888913154602,0.132888913154602,147200.0
2017-06-13,0.132888913154602,0.132888913154602,0.132888913154602,0.132888913154602,200000.0
2017-06-14,0.132888913154602,0.1359793499967277,0.132888913154602,0.132888913154602,451200.0
2017-06-15,0.129798467102248,0.132888913154602,0.129798467102248,0.132888913154602,137000.0
2017-06-16,0.132888913154602,0.132888913154602,0.132888913154602,0.132888913154602,0.0
2017-06-19,0.132888913154602,0.1359793499967277,0.132888913154602,0.132888913154602,210700.0
2017-06-20,0.132888913154602,0.132888913154602,0.132888913154602,0.132888913154602,93000.0
2017-06-21,0.132888913154602,0.132888913154602,0.132888913154602,0.132888913154602,120000.0
2017-06-22,0.1328888883147828,0.1359793245792389,0.1328888883147828,0.1359793245792389,90200.0
2017-06-23,0.1359793245792389,0.1359793245792389,0.1359793245792389,0.1359793245792389,0.0
2017-06-27,0.132888913154602,0.1359793499967277,0.132888913154602,0.132888913154602,555800.0
2017-06-28,0.132888913154602,0.132888913154602,0.132888913154602,0.132888913154602,41400.0
2017-06-29,0.1359793245792389,0.1390697608436949,0.1328888883147828,0.1359793245792389,896800.0
2017-06-30,0.1359793394411627,0.1359793394411627,0.1297984570264816,0.1297984570264816,140000.0
2017-07-03,0.132888913154602,0.132888913154602,0.132888913154602,0.132888913154602,155800.0
2017-07-04,0.132888913154602,0.1359793499967277,0.132888913154602,0.132888913154602,176200.0
2017-07-05,0.1328888883147828,0.1359793245792389,0.1328888883147828,0.1359793245792389,100100.0
2017-07-06,0.1359793245792389,0.1359793245792389,0.1297984428401001,0.1359793245792389,1600.0
2017-07-07,0.1328889028389359,0.1328889028389359,0.1297984570264816,0.1297984570264816,240000.0
2017-07-10,0.1328889028389359,0.1328889028389359,0.1297984570264816,0.1297984570264816,82800.0
2017-07-11,0.1328889028389359,0.1328889028389359,0.1297984570264816,0.1297984570264816,115000.0
2017-07-12,0.1297984570264816,0.1297984570264816,0.1297984570264816,0.1297984570264816,74300.0
2017-07-13,0.129798467102248,0.132888913154602,0.129798467102248,0.132888913154602,300100.0
2017-07-14,0.129798467102248,0.132888913154602,0.129798467102248,0.132888913154602,65000.0
2017-07-17,0.132888913154602,0.132888913154602,0.132888913154602,0.132888913154602,150000.0
2017-07-18,0.1328888883147828,0.1359793245792389,0.1328888883147828,0.1359793245792389,350000.0
2017-07-19,0.1359793245792389,0.1359793245792389,0.1359793245792389,0.1359793245792389,0.0
2017-07-20,0.1359793245792389,0.1359793245792389,0.1359793245792389,0.1359793245792389,0.0
2017-07-21,0.132888913154602,0.1359793499967277,0.132888913154602,0.132888913154602,1126000.0
2017-07-24,0.132888913154602,0.1359793499967277,0.129798467102248,0.132888913154602,650100.0
2017-07-25,0.1297984570264816,0.1328889028389359,0.1297984570264816,0.1297984570264816,140000.0
2017-07-26,0.132888913154602,0.1359793499967277,0.132888913154602,0.132888913154602,261100.0
2017-07-27,0.1328889028389359,0.1328889028389359,0.1297984570264816,0.1297984570264816,175000.0
2017-07-28,0.1297984570264816,0.1297984570264816,0.1297984570264816,0.1297984570264816,107500.0
2017-07-31,0.1297984570264816,0.1297984570264816,0.1297984570264816,0.1297984570264816,107000.0
2017-08-01,0.1297984428401001,0.1359793245792389,0.1297984428401001,0.1359793245792389,152800.0
2017-08-02,0.132888913154602,0.132888913154602,0.132888913154602,0.132888913154602,20000.0
2017-08-03,0.132888913154602,0.132888913154602,0.132888913154602,0.132888913154602,0.0
2017-08-04,0.132888913154602,0.132888913154602,0.132888913154602,0.132888913154602,0.0
2017-08-07,0.1297984570264816,0.1328889028389359,0.1297984570264816,0.1297984570264816,91800.0
2017-08-08,0.1211452260613441,0.1267080192625318,0.1211452260613441,0.1211452260613441,1416900.0
2017-08-10,0.1211452072240964,0.1229994744062423,0.1186728601914612,0.1229994744062423,316900.0
2017-08-11,0.1205271369045202,0.1211452260613441,0.118054789487452,0.1211452260613441,231000.0
2017-08-14,0.122381385345527,0.1229994744062423,0.122381385345527,0.1229994744062423,100000.0
2017-08-15,0.1211452325501992,0.1211452325501992,0.1186728850007057,0.1186728850007057,28500.0
2017-08-16,0.1192909518912316,0.1192909518912316,0.1155824266551227,0.1174366846680641,243600.0
2017-08-17,0.1174366846680641,0.1174366846680641,0.1174366846680641,0.1174366846680641,0.0
2017-08-18,0.1180547788046769,0.1186728679055699,0.1112558171153068,0.1112558171153068,784800.0
2017-08-21,0.1112558171153068,0.1112558171153068,0.1112558171153068,0.1112558171153068,70000.0
2017-08-22,0.1112558171153068,0.1112558171153068,0.1112558171153068,0.1112558171153068,0.0
2017-08-23,0.1143462359905242,0.1143462359905242,0.1143462359905242,0.1143462359905242,20000.0
2017-08-24,0.1143462359905242,0.1143462359905242,0.1143462359905242,0.1143462359905242,0.0
2017-08-25,0.1112558022700846,0.1112558022700846,0.1100196242332458,0.1100196242332458,75100.0
2017-08-28,0.112491987645626,0.112491987645626,0.1112558186371572,0.112491987645626,110800.0
2017-08-29,0.1124919861068662,0.1124919861068662,0.1106377280144138,0.1112558171153068,165300.0
2017-08-30,0.1112558171153068,0.1112558171153068,0.1112558171153068,0.1112558171153068,0.0
2017-08-31,0.1137281469837883,0.1143462359905242,0.1137281469837883,0.1143462359905242,140000.0
2017-09-04,0.1143462359905242,0.1155824140039962,0.1143462359905242,0.1143462359905242,359900.0
2017-09-05,0.1143462595278521,0.1168186068534851,0.1143462595278521,0.1168186068534851,422800.0
2017-09-06,0.1174366998974131,0.1174366998974131,0.1162005215883254,0.1162005215883255,185000.0
2017-09-07,0.1162005215883254,0.1162005215883254,0.1162005215883254,0.1162005215883255,10000.0
2017-09-08,0.1162005215883254,0.1162005215883254,0.1162005215883254,0.1162005215883255,30000.0
2017-09-11,0.1174366959874501,0.1174366959874501,0.1168186068534851,0.1168186068534851,670000.0
2017-09-12,0.1186728698583171,0.1199090480804443,0.1186728698583171,0.1199090480804443,140000.0
2017-09-13,0.1186728628168425,0.1186728628168425,0.1174366846680641,0.1174366846680641,185100.0
2017-09-14,0.1180547737424533,0.1180547737424533,0.1174366846680641,0.1174366846680641,342700.0
2017-09-15,0.1180547958107753,0.1186728850007057,0.1180547958107753,0.1186728850007057,221200.0
2017-09-18,0.1186728850007057,0.1186728850007057,0.1186728850007057,0.1186728850007057,56800.0
2017-09-19,0.1186728850007057,0.1186728850007057,0.1186728850007057,0.1186728850007057,0.0
2017-09-20,0.1186728698583171,0.1199090480804443,0.1186728698583171,0.1199090480804443,134000.0
2017-09-21,0.1199090480804443,0.1199090480804443,0.1199090480804443,0.1199090480804443,258000.0
2017-09-22,0.1199090385925121,0.1205271184444427,0.1199090385925121,0.1205271184444427,85000.0
2017-09-25,0.1205271184444427,0.1205271184444427,0.1205271184444427,0.1205271184444427,96200.0
2017-09-26,0.1205271279812811,0.1205271279812811,0.1199090480804443,0.1199090480804443,150800.0
2017-09-27,0.1192909553647041,0.1192909553647041,0.1192909553647041,0.1192909553647041,50000.0
2017-09-28,0.1192909553647041,0.1192909553647041,0.1192909553647041,0.1192909553647041,50000.0
2017-09-29,0.1192909553647041,0.1192909553647041,0.1192909553647041,0.1192909553647041,300000.0
2017-10-02,0.1192909405135175,0.1192909405135175,0.1180547624826431,0.1180547624826431,330000.0
2017-10-03,0.1186728698583171,0.1199090480804443,0.1186728698583171,0.1199090480804443,89300.0
2017-10-04,0.1199090480804443,0.1199090480804443,0.1199090480804443,0.1199090480804443,0.0
2017-10-05,0.1199090480804443,0.1199090480804443,0.1199090480804443,0.1199090480804443,100000.0
2017-10-06,0.1186728850007057,0.1186728850007057,0.1186728850007057,0.1186728850007057,54400.0
2017-10-09,0.1186728850007057,0.1186728850007057,0.1186728850007057,0.1186728850007057,20000.0
2017-10-10,0.1192909553647041,0.1192909553647041,0.1192909553647041,0.1192909553647041,35000.0
2017-10-11,0.1205271433602688,0.1205271433602688,0.1186728850007057,0.1186728850007057,45000.0
2017-10-12,0.1186728742553802,0.1186728742553802,0.1168186068534851,0.1168186068534851,270000.0
2017-10-13,0.1168186068534851,0.1168186068534851,0.1168186068534851,0.1168186068534851,0.0
2017-10-16,0.1168186068534851,0.1168186068534851,0.1168186068534851,0.1168186068534851,0.0
2017-10-17,0.1180547624826431,0.1180547624826431,0.1180547624826431,0.1180547624826431,20000.0
2017-10-19,0.1174366916361898,0.1199090480804443,0.1124919879579077,0.1199090480804443,540100.0
2017-10-20,0.1174366846680641,0.1174366846680641,0.1174366846680641,0.1174366846680641,10000.0
2017-10-23,0.1174366846680641,0.1174366846680641,0.1174366846680641,0.1174366846680641,0.0
2017-10-24,0.1174366846680641,0.1174366846680641,0.1174366846680641,0.1174366846680641,0.0
2017-10-25,0.1174366846680641,0.1174366846680641,0.1174366846680641,0.1174366846680641,0.0
2017-10-26,0.1162005215883254,0.1162005215883254,0.1162005215883254,0.1162005215883255,100000.0
2017-10-27,0.1174366718139789,0.1180547608207149,0.1143462359905242,0.1143462359905242,112300.0
2017-10-30,0.114346258619476,0.114346258619476,0.1131100803613662,0.1131100803613662,235000.0
2017-10-31,0.112491987645626,0.112491987645626,0.112491987645626,0.112491987645626,5000.0
2017-11-01,0.112491987645626,0.112491987645626,0.112491987645626,0.112491987645626,30000.0
2017-11-02,0.112491987645626,0.112491987645626,0.112491987645626,0.112491987645626,0.0
2017-11-03,0.112491987645626,0.112491987645626,0.112491987645626,0.112491987645626,45000.0
2017-11-06,0.1118738922087876,0.1174366846680641,0.1112558123446247,0.1174366846680641,200100.0
2017-11-07,0.111873909831047,0.112491999002797,0.1112558298695248,0.111873909831047,500000.0
2017-11-08,0.1112558221844287,0.114346258619476,0.1112558221844287,0.1131100803613662,1057700.0
2017-11-09,0.1118738970059732,0.1118738970059732,0.1112558171153068,0.1112558171153068,141200.0
2017-11-10,0.1112558171153068,0.1112558171153068,0.1112558171153068,0.1112558171153068,101000.0
2017-11-13,0.1112558171153068,0.1112558171153068,0.1112558171153068,0.1112558171153068,2934000.0
2017-11-14,0.1112558022700846,0.1112558022700846,0.1100196242332458,0.1100196242332458,278000.0
2017-11-15,0.1100196242332458,0.1100196242332458,0.1100196242332458,0.1100196242332458,0.0
2017-11-16,0.1100196242332458,0.1100196242332458,0.1100196242332458,0.1100196242332458,0.0
2017-11-17,0.1155824416440091,0.1162005215883254,0.1155824416440091,0.1162005215883255,10000.0
2017-11-20,0.1162005215883254,0.1162005215883254,0.1162005215883254,0.1162005215883255,0.0
2017-11-21,0.1112558186371572,0.1192909586382248,0.1100196404184617,0.112491987645626,307100.0
2017-11-22,0.1124919861068662,0.1124919861068662,0.1112558171153068,0.1112558171153068,14000.0
2017-11-23,0.1087834642964489,0.1087834642964489,0.1032206714153289,0.1032206714153289,468100.0
2017-11-24,0.1032206714153289,0.1032206714153289,0.1032206714153289,0.1032206714153289,70000.0
2017-11-27,0.1032206714153289,0.1032206714153289,0.1032206714153289,0.1032206714153289,0.0
2017-11-28,0.1001302317196855,0.1118738970059732,0.1001302317196855,0.1112558171153068,16200.0
2017-11-29,0.1001302317196855,0.1112558171153068,0.1001302317196855,0.1112558171153068,200100.0
2017-11-30,0.0995121426187924,0.1112558171153068,0.0995121426187924,0.1112558171153068,10100.0
2017-12-01,0.1044568496578505,0.1044568496578505,0.1032206714153289,0.1032206714153289,71800.0
2017-12-04,0.1100196439263189,0.1131100803613662,0.1100196439263189,0.1131100803613662,248200.0
2017-12-05,0.1038387661281313,0.1174366998974131,0.1038387661281313,0.1162005215883255,185600.0
2017-12-06,0.1174367066208449,0.1186728850007057,0.1174367066208449,0.1186728850007057,526000.0
2017-12-07,0.1174366718139789,0.1174366718139789,0.1137281469837883,0.1143462359905242,218400.0
2017-12-08,0.114346258619476,0.114346258619476,0.1131100803613662,0.1131100803613662,120000.0
2017-12-11,0.1131100803613662,0.1131100803613662,0.1131100803613662,0.1131100803613662,129000.0
2017-12-12,0.1131100803613662,0.1131100803613662,0.1131100803613662,0.1131100803613662,15000.0
2017-12-13,0.1174366718139789,0.1174366718139789,0.1143462359905242,0.1143462359905242,99400.0
2017-12-14,0.1174367109318419,0.1267080307006836,0.1174367109318419,0.1267080307006836,2485300.0
2017-12-15,0.1328889136166541,0.1421602333854958,0.1236175938478125,0.1267080307006836,8530300.0
2017-12-18,0.1297984570264816,0.1328889028389359,0.1297984570264816,0.1297984570264816,3216400.0
2017-12-19,0.132888913154602,0.1359793499967277,0.129798467102248,0.132888913154602,1023400.0
2017-12-20,0.1328889028389359,0.1328889028389359,0.1297984570264816,0.1297984570264816,714000.0
2017-12-21,0.1297984570264816,0.1297984570264816,0.1267080204242548,0.1297984570264816,161100.0
2017-12-22,0.1297984675535547,0.1297984675535547,0.1267080307006836,0.1267080307006836,927900.0
2017-12-26,0.129798467102248,0.1359793499967277,0.129798467102248,0.132888913154602,2175100.0
2017-12-27,0.132888913154602,0.1359793499967277,0.132888913154602,0.132888913154602,2294900.0
2017-12-28,0.1390697708184943,0.1483410894870758,0.1359793343323763,0.1483410894870758,10146700.0
2017-12-29,0.1483410694271589,0.1576123868419954,0.1359793159441188,0.1452506333589553,16635800.0
2018-01-02,0.1514315456151962,0.1576124190132187,0.1483410997059571,0.1514315456151962,13033000.0
2018-01-03,0.1545219560806483,0.1977880993623212,0.1545219560806483,0.1946976631879806,29074100.0
2018-01-04,0.1977881026206402,0.2070594297168483,0.1637932673019653,0.1668837219476699,21815400.0
2018-01-05,0.1668837097862014,0.1699741457862409,0.1545219473655915,0.1576123833656311,7314000.0
2018-01-08,0.1607028193656706,0.1637932553657102,0.1545219473655915,0.1576123833656311,2968700.0
2018-01-09,0.1576123884920331,0.1607028245925903,0.1545219523914759,0.1607028245925903,2209900.0
2018-01-10,0.1576124190132187,0.1576124190132187,0.1514315456151962,0.1514315456151962,3109900.0
2018-01-11,0.1607028193656706,0.1668837097862014,0.1545219473655915,0.1576123833656311,9536700.0
2018-01-12,0.1576123932333573,0.1637932656204057,0.1514315208463088,0.154521957039833,2480900.0
2018-01-15,0.1576123932333573,0.1576123932333573,0.154521957039833,0.154521957039833,864100.0
2018-01-16,0.1545219507737919,0.1545219507737919,0.1452506333589553,0.1452506333589553,1914200.0
2018-01-17,0.1421602165148396,0.1514315351834211,0.1421602165148396,0.1483410894870758,1219200.0
2018-01-18,0.1452506630069459,0.1576124190132187,0.1421602263079346,0.1514315456151962,6413900.0
2018-01-19,0.1514315456151962,0.1545219823142074,0.1452506630069459,0.1514315456151962,1462100.0
2018-01-22,0.1483410795931468,0.1483410795931468,0.1421602070331573,0.1421602070331573,1531200.0
2018-01-23,0.1421601972907518,0.1483410694271589,0.1421601972907518,0.1452506333589553,1242700.0
2018-01-24,0.1483410795931468,0.1483410795931468,0.1421602070331573,0.1421602070331573,1251200.0
2018-01-25,0.1421602063183775,0.1421602063183775,0.1328888883147828,0.1359793245792389,1624900.0
2018-01-26,0.1359793148614397,0.14216019615886,0.1359793148614397,0.1390697509050369,991700.0
2018-01-29,0.1359793148614397,0.1390697509050369,0.1359793148614397,0.1390697509050369,1068100.0
2018-01-30,0.1390697509050369,0.14216019615886,0.1359793148614397,0.1390697509050369,916800.0
2018-01-31,0.1390697520123223,0.1452506333589553,0.1390697520123223,0.1452506333589553,1737900.0
2018-02-01,0.14216019615886,0.14216019615886,0.1390697509050369,0.1390697509050369,741700.0
2018-02-02,0.1390697509050369,0.14216019615886,0.1328888788178425,0.1390697509050369,2392500.0
2018-02-05,0.1359793245792389,0.1390697608436949,0.1359793245792389,0.1359793245792389,805400.0
2018-02-06,0.1328888848863869,0.1328888848863869,0.1174366855423042,0.1236175671219825,1635800.0
2018-02-07,0.1267080033067086,0.1267080033067086,0.1236175671219825,0.1236175671219825,705800.0
2018-02-08,0.1236175671219825,0.1236175671219825,0.1229994780429921,0.1236175671219825,210000.0
2018-02-09,0.1205271433602688,0.1205271433602688,0.1174367066208449,0.1186728850007057,520800.0
2018-02-12,0.1174366959874501,0.1174366959874501,0.11620051771952,0.1168186068534851,415700.0
2018-02-13,0.1174366793509925,0.1174366793509925,0.1149643323756001,0.1155824214220047,405000.0
2018-02-14,0.1124919912323114,0.1131100803613662,0.1124919912323114,0.1131100803613662,114000.0
2018-02-15,0.113110059569371,0.1199090295289547,0.113110059569371,0.1180547624826431,202800.0
2018-02-19,0.1174366734672059,0.1186728514980803,0.1149643266156825,0.1180547624826431,147000.0
2018-02-20,0.1162005012581834,0.1162005012581834,0.1149643323756001,0.1155824214220047,127900.0
2018-02-21,0.116818621719222,0.1267080307006836,0.116818621719222,0.1267080307006836,1416700.0
2018-02-22,0.1267080033067086,0.1328888848863869,0.1236175671219825,0.1236175671219825,800400.0
2018-02-23,0.1236175838220281,0.1328889028389359,0.1236175838220281,0.1297984570264816,829400.0
2018-02-26,0.1328889028389359,0.1421602218558437,0.1267080204242548,0.1297984570264816,1333600.0
2018-02-27,0.1236175636096285,0.1267079997065457,0.1217632964253425,0.1217632964253425,580900.0
2018-02-28,0.1236175826886397,0.1267080192625318,0.1205271369045202,0.1211452260613441,270400.0
2018-03-01,0.1236175671219825,0.1236175671219825,0.1205271217270302,0.1236175671219825,480200.0
2018-03-02,0.1236175671219825,0.1236175671219825,0.1236175671219825,0.1236175671219825,0.0
2018-03-05,0.1236175636096285,0.1236175636096285,0.1149643351700794,0.1217632964253425,134600.0
2018-03-06,0.1217632964253425,0.1217632964253425,0.1217632964253425,0.1217632964253425,0.0
2018-03-07,0.1223813854867712,0.1223813854867712,0.1217632964253425,0.1217632964253425,25100.0
2018-03-08,0.1149643632915907,0.1267080307006836,0.1149643632915907,0.1267080307006836,44700.0
2018-03-09,0.1236175662017298,0.1236175662017298,0.1155824266551227,0.1174366846680641,76000.0
2018-03-12,0.123617563755226,0.123617563755226,0.1192909495303555,0.1205271184444427,47400.0
2018-03-13,0.121763315218168,0.121763315218168,0.1155824420703839,0.1211452260613441,20200.0
2018-03-14,0.1229994745481998,0.1229994745481998,0.1217632964253425,0.1217632964253425,55000.0
2018-03-15,0.1217632964253425,0.1217632964253425,0.1217632964253425,0.1217632964253425,0.0
2018-03-16,0.1223814043749919,0.1223814043749919,0.11496435291356,0.1211452260613441,92600.0
2018-03-19,0.1192909673610446,0.1211452256144486,0.1143462633349214,0.1162005215883255,282000.0
2018-03-20,0.1180547958107753,0.1186728850007057,0.1149643590713514,0.1186728850007057,47200.0
2018-03-21,0.1180547624826431,0.1180547624826431,0.1180547624826431,0.1180547624826431,25000.0
2018-03-22,0.1180547624826431,0.1180547624826431,0.1180547624826431,0.1180547624826431,0.0
2018-03-23,0.1149643556897967,0.1149643556897967,0.1112558298695248,0.111873909831047,428400.0
2018-03-26,0.111873909831047,0.111873909831047,0.111873909831047,0.111873909831047,0.0
2018-03-27,0.1174366793509925,0.1174366793509925,0.1131100652363865,0.1155824214220047,60000.0
2018-03-28,0.1168186096096179,0.119290966203809,0.1112558256931427,0.1137281730771064,65300.0
2018-03-29,0.1112558037564286,0.1149643287062645,0.1112558037564286,0.1149643287062645,225000.0
2018-04-02,0.1149643287062645,0.1149643287062645,0.1149643287062645,0.1149643287062645,0.0
2018-04-03,0.1100196341958463,0.1174366846680641,0.1100196341958463,0.1174366846680641,136400.0
2018-04-04,0.1174366764930562,0.1180613409531968,0.107442073055427,0.1118147149682045,331600.0
2018-04-05,0.1143133797725561,0.1143133797725561,0.1111900663354703,0.1130640506744384,41000.0
2018-04-06,0.1130640506744384,0.1130640506744384,0.1130640506744384,0.1130640506744384,0.0
2018-04-09,0.1130640506744384,0.1130640506744384,0.1130640506744384,0.1130640506744384,0.0
2018-04-10,0.1130640506744384,0.1130640506744384,0.1130640506744384,0.1130640506744384,0.0
2018-04-11,0.1055680659381204,0.1155626773834228,0.1024447533520406,0.1155626773834228,100200.0
2018-04-12,0.1143133868405274,0.1143133868405274,0.1136887222528457,0.1136887222528457,140000.0
2018-04-13,0.1155626773834228,0.1155626773834228,0.1155626773834228,0.1155626773834228,100.0
2018-04-16,0.1155626773834228,0.1155626773834228,0.1155626773834228,0.1155626773834228,0.0
2018-04-17,0.1061927676200866,0.1061927676200866,0.1061927676200866,0.1061927676200866,7000.0
2018-04-18,0.1061927676200866,0.1061927676200866,0.1061927676200866,0.1061927676200866,0.0
2018-04-19,0.1061927676200866,0.1061927676200866,0.1061927676200866,0.1061927676200866,0.0
2018-04-20,0.1068174164354032,0.1105653941631317,0.1061927519294139,0.1105653941631317,273400.0
2018-04-23,0.1074420967927249,0.1086914166808128,0.1074420967927249,0.1086914166808128,71000.0
2018-04-24,0.107442073055427,0.1118147149682045,0.1061927441351458,0.1118147149682045,25100.0
2018-04-25,0.1118147149682045,0.1118147149682045,0.1118147149682045,0.1118147149682045,0.0
2018-04-26,0.1130640506744384,0.1130640506744384,0.1130640506744384,0.1130640506744384,30000.0
2018-04-27,0.1124393954335879,0.1161873734197325,0.1093160726882938,0.1130640506744384,652000.0
2018-04-30,0.1080667502719194,0.1136887222528457,0.1080667502719194,0.1136887222528457,50000.0
2018-05-02,0.1136887222528457,0.1136887222528457,0.1136887222528457,0.1136887222528457,0.0
2018-05-03,0.1061927456093305,0.1061927456093305,0.1055680811405181,0.1055680811405181,60000.0
2018-05-04,0.1118147153023853,0.1118147153023853,0.1111900508403778,0.1111900508403778,30100.0
2018-05-07,0.1080667297075603,0.1080667297075603,0.1055680811405181,0.1055680811405181,21500.0
2018-05-08,0.1055680811405181,0.1055680811405181,0.1055680811405181,0.1055680811405181,0.0
2018-05-09,0.1074420963434497,0.1074420963434497,0.1068174317479133,0.1068174317479133,50000.0
2018-05-10,0.1068174317479133,0.1068174317479133,0.1068174317479133,0.1068174317479133,0.0
2018-05-11,0.1074420968166618,0.1080667521067404,0.1061927676200866,0.1061927676200866,230000.0
2018-05-14,0.1061927676200866,0.1061927676200866,0.1061927676200866,0.1061927676200866,0.0
2018-05-15,0.108066736510891,0.111814723559719,0.108066736510891,0.109940730035305,1747200.0
2018-05-16,0.1093160733580589,0.1099407379109449,0.1093160733580589,0.1093160733580589,102800.0
2018-05-17,0.1093160742180056,0.1093160742180056,0.1080667451024055,0.1080667451024055,111700.0
2018-05-18,0.1080667516307771,0.1080667516307771,0.1068174317479133,0.1068174317479133,70100.0
2018-05-21,0.1061927676200866,0.1061927676200866,0.1061927676200866,0.1061927676200866,68000.0
2018-05-22,0.1061927676200866,0.1061927676200866,0.1061927676200866,0.1061927676200866,0.0
2018-05-23,0.1061927676200866,0.1061927676200866,0.1061927676200866,0.1061927676200866,0.0
2018-05-24,0.1061927676200866,0.1080667521067404,0.1043187738252238,0.1061927676200866,273200.0
2018-05-25,0.1061927676200866,0.1061927676200866,0.1061927676200866,0.1061927676200866,0.0
2018-05-28,0.1018201247402823,0.1061927676200866,0.1018201247402823,0.1061927676200866,30100.0
2018-05-30,0.1061927676200866,0.1061927676200866,0.1061927676200866,0.1061927676200866,0.0
2018-05-31,0.1061927676200866,0.1061927676200866,0.1061927676200866,0.1061927676200866,0.0
2018-06-01,0.1061927676200866,0.1061927676200866,0.1061927676200866,0.1061927676200866,0.0
2018-06-04,0.1061927676200866,0.1061927676200866,0.1061927676200866,0.1061927676200866,0.0
2018-06-05,0.104318774325896,0.104318774325896,0.1030694544315338,0.1030694544315338,81100.0
2018-06-06,0.1030694544315338,0.1030694544315338,0.1030694544315338,0.1030694544315338,0.0
2018-06-07,0.1018201112747192,0.1049434245448946,0.1018201112747192,0.1018201112747192,35200.0
2018-06-08,0.1018201112747192,0.1018201112747192,0.1018201112747192,0.1018201112747192,0.0
2018-06-11,0.1030694475434424,0.1049434319138526,0.1018201184243633,0.1049434319138526,40600.0
2018-06-12,0.1030694544315338,0.104318774325896,0.1011954606276768,0.1030694544315338,471100.0
2018-06-13,0.1074420973323243,0.1074420973323243,0.1018201252289625,0.1030694544315338,163000.0
2018-06-14,0.1030694544315338,0.1030694544315338,0.1030694544315338,0.1030694544315338,15000.0
2018-06-18,0.1024447829839028,0.1055680964733922,0.1024447829839028,0.1049434319138526,271500.0
2018-06-19,0.1030694475434424,0.1055680964733922,0.1024447829839028,0.1049434319138526,115000.0
2018-06-20,0.0986967921424643,0.1043187538332229,0.0986967921424643,0.0993214473128318,140600.0
2018-06-21,0.1055680818306567,0.1055680818306567,0.0980721267723192,0.1043187528848648,108200.0
2018-06-22,0.1043187528848648,0.1043187528848648,0.1043187528848648,0.1043187528848648,0.0
2018-06-25,0.1043187528848648,0.1043187528848648,0.1043187528848648,0.1043187528848648,0.0
2018-06-26,0.1043187528848648,0.1043187528848648,0.1043187528848648,0.1043187528848648,0.0
2018-06-27,0.1043187528848648,0.1043187528848648,0.1043187528848648,0.1043187528848648,0.0
2018-06-28,0.1043187528848648,0.1043187528848648,0.1043187528848648,0.1043187528848648,0.0
2018-06-29,0.0955734770485789,0.1043187618000927,0.0955734770485789,0.0961981415748596,200100.0
2018-07-02,0.0961981325813601,0.1024447679519653,0.0961981325813601,0.1024447679519653,20100.0
2018-07-03,0.096198141061754,0.0999461188912391,0.096198141061754,0.0999461188912391,229000.0
2018-07-04,0.1036940875795207,0.1036940875795207,0.0955734681134789,0.1024447679519653,300.0
2018-07-05,0.1024447679519653,0.1024447679519653,0.1024447679519653,0.1024447679519653,0.0
2018-07-06,0.1030694544315338,0.1030694544315338,0.1030694544315338,0.1030694544315338,100000.0
2018-07-09,0.1043187528848648,0.1055680818306567,0.1043187528848648,0.1043187528848648,400800.0
2018-07-10,0.104318750754724,0.1130640345802787,0.104318750754724,0.1118147149682045,957400.0
2018-07-11,0.1111900750734066,0.1130640595596429,0.1086914166808128,0.1086914166808128,175200.0
2018-07-12,0.1124393939933694,0.1180613562464714,0.1124393939933694,0.1180613562464714,1561700.0
2018-07-13,0.1168120715479315,0.1211847153401079,0.1168120715479315,0.1199353858828544,290000.0
2018-07-16,0.1180613552042772,0.1186860197398205,0.1168120354413986,0.1168120354413986,162600.0
2018-07-17,0.1168120339593663,0.1249326542019844,0.1168120339593663,0.1249326542019844,547400.0
2018-07-18,0.1280559675318664,0.1280559675318664,0.1230586606191304,0.1249326542019844,481200.0
2018-07-19,0.1249326326454118,0.1311792582273483,0.1249326326454118,0.1311792582273483,666300.0
2018-07-20,0.1280559748411178,0.1311792883492741,0.1280559748411178,0.1280559748411178,753600.0
2018-07-23,0.1280559748411178,0.1280559748411178,0.1249326613329615,0.1280559748411178,222500.0
2018-07-24,0.1249326700613219,0.1249326700613219,0.1236833408474922,0.1236833408474922,375000.0
2018-07-25,0.1211846709223935,0.1211846709223935,0.1186860129237175,0.1186860129237175,60000.0
2018-07-26,0.1186860187639757,0.1224339966382114,0.1186860187639757,0.1211846768856048,222800.0
2018-07-27,0.1205600351095199,0.1205600351095199,0.1205600351095199,0.1205600351095199,20000.0
2018-07-30,0.1211847153401079,0.1211847153401079,0.1199353858828544,0.1199353858828544,50000.0
2018-07-31,0.1199353858828544,0.1199353858828544,0.1199353858828544,0.1199353858828544,0.0
2018-08-01,0.1218093032513318,0.1230586320161819,0.1218093032513318,0.1230586320161819,133700.0
2018-08-02,0.1211847153401079,0.1211847153401079,0.1199353858828544,0.1199353858828544,160700.0
2018-08-03,0.1211846709208169,0.1230586551115921,0.1211846709208169,0.1218093261122703,159900.0
2018-08-06,0.1249326613329615,0.1280559748411178,0.1249326613329615,0.1280559748411178,150300.0
2018-08-07,0.1249326542019844,0.1280559675318664,0.1249326542019844,0.1249326542019844,141500.0
2018-08-08,0.1249326613329615,0.1280559748411178,0.1230586676431427,0.1280559748411178,230800.0
2018-08-10,0.1249326326454118,0.1343025803265229,0.1249326326454118,0.1311792582273483,1184900.0
2018-08-13,0.1311792582273483,0.1343025803265229,0.1311792582273483,0.1311792582273483,726500.0
2018-08-14,0.1311792808617484,0.1311792808617484,0.1230586606191304,0.1249326542019844,374000.0
2018-08-15,0.1249326542019844,0.1249326542019844,0.1249326542019844,0.1249326542019844,0.0
2018-08-16,0.1224339960915124,0.1249326542019844,0.1224339960915124,0.1249326542019844,109500.0
2018-08-17,0.1249326700613219,0.1280559837876869,0.1224340116336625,0.1236833408474922,409200.0
2018-08-20,0.1243079967696886,0.1280559748411178,0.1243079967696886,0.1280559748411178,346100.0
2018-08-21,0.1280559454363801,0.1311792582273483,0.1280559454363801,0.1311792582273483,104700.0
2018-08-23,0.1311792582273483,0.1311792582273483,0.1311792582273483,0.1311792582273483,0.0
2018-08-24,0.1280559748411178,0.1280559748411178,0.1249326613329615,0.1280559748411178,210600.0
2018-08-27,0.1249326613329615,0.1280559748411178,0.1249326613329615,0.1280559748411178,245100.0
2018-08-28,0.1249326613329615,0.1280559748411178,0.1249326613329615,0.1280559748411178,150000.0
2018-08-29,0.1249326542019844,0.1249326542019844,0.1249326542019844,0.1249326542019844,94400.0
2018-08-30,0.1249326542019844,0.1249326542019844,0.1249326542019844,0.1249326542019844,0.0
2018-08-31,0.1249326542019844,0.1249326542019844,0.1249326542019844,0.1249326542019844,0.0
2018-09-03,0.1249326613329615,0.1280559748411178,0.1249326613329615,0.1280559748411178,133000.0
2018-09-04,0.1280559748411178,0.1280559748411178,0.1280559748411178,0.1280559748411178,164000.0
2018-09-05,0.1280559837876869,0.1280559837876869,0.1236833408474922,0.1236833408474922,209000.0
2018-09-06,0.1280559748411178,0.1280559748411178,0.1280559748411178,0.1280559748411178,48000.0
2018-09-07,0.1249326700613219,0.1249326700613219,0.1236833408474922,0.1236833408474922,100000.0
2018-09-10,0.1249326251634571,0.1249326251634571,0.1230586320161819,0.1230586320161819,41000.0
2018-09-11,0.1249326542019844,0.1249326542019844,0.1249326542019844,0.1249326542019844,230000.0
2018-09-12,0.1249326542019844,0.1280559675318664,0.1249326542019844,0.1249326542019844,493000.0
2018-09-13,0.1249326613329615,0.1280559748411178,0.1249326613329615,0.1280559748411178,806000.0
2018-09-14,0.1280559675318664,0.1280559675318664,0.1249326542019844,0.1249326542019844,155000.0
2018-09-17,0.1249326326454118,0.1311792582273483,0.1249326326454118,0.1311792582273483,291700.0
2018-09-18,0.1280559748411178,0.1280559748411178,0.1280559748411178,0.1280559748411178,546600.0
2018-09-19,0.1280559748411178,0.1280559748411178,0.1280559748411178,0.1280559748411178,271900.0
2018-09-20,0.1280559748411178,0.1280559748411178,0.1280559748411178,0.1280559748411178,0.0
2018-09-21,0.1280559748411178,0.1280559748411178,0.1280559748411178,0.1280559748411178,0.0
2018-09-24,0.1280559748411178,0.1280559748411178,0.1280559748411178,0.1280559748411178,98200.0
2018-09-25,0.1280559748411178,0.1280559748411178,0.1280559748411178,0.1280559748411178,0.0
2018-09-26,0.1280559748411178,0.1280559748411178,0.1280559748411178,0.1280559748411178,200000.0
2018-09-27,0.1280559748411178,0.1280559748411178,0.1280559748411178,0.1280559748411178,248000.0
2018-09-28,0.1280559748411178,0.1280559748411178,0.1280559748411178,0.1280559748411178,0.0
2018-10-01,0.1280559748411178,0.1280559748411178,0.1280559748411178,0.1280559748411178,0.0
2018-10-02,0.1249326542019844,0.1249326542019844,0.1249326542019844,0.1249326542019844,170000.0
2018-10-03,0.1249326542019844,0.1249326542019844,0.1249326542019844,0.1249326542019844,0.0
2018-10-04,0.1280559748411178,0.1280559748411178,0.1280559748411178,0.1280559748411178,80000.0
2018-10-05,0.1280559748411178,0.1280559748411178,0.1280559748411178,0.1280559748411178,0.0
2018-10-08,0.1280559748411178,0.1280559748411178,0.1280559748411178,0.1280559748411178,119000.0
2018-10-09,0.1280559748411178,0.1280559748411178,0.1280559748411178,0.1280559748411178,0.0
2018-10-10,0.1280559748411178,0.1280559748411178,0.1280559748411178,0.1280559748411178,399300.0
2018-10-11,0.1249326700613219,0.1249326700613219,0.1218093470267476,0.1236833408474922,502700.0
2018-10-12,0.1249326542019844,0.1249326542019844,0.1243079896743664,0.1249326542019844,129000.0
2018-10-15,0.1236833255445307,0.1243079900741577,0.1236833255445307,0.1243079900741577,230000.0
2018-10-16,0.1243079900741577,0.1243079900741577,0.1243079900741577,0.1243079900741577,0.0
2018-10-17,0.1243079900741577,0.1243079900741577,0.1243079900741577,0.1243079900741577,0.0
2018-10-18,0.1249326542019844,0.1249326542019844,0.1249326542019844,0.1249326542019844,165000.0
2018-10-19,0.1249326542019844,0.1249326542019844,0.1249326542019844,0.1249326542019844,98000.0
2018-10-22,0.1249326542019844,0.1249326542019844,0.1249326542019844,0.1249326542019844,5000.0
2018-10-23,0.1249326542019844,0.1249326542019844,0.1249326542019844,0.1249326542019844,72000.0
2018-10-24,0.1224339676337568,0.1230586320161819,0.1218093032513318,0.1230586320161819,154000.0
2018-10-25,0.1230586320161819,0.1230586320161819,0.1230586320161819,0.1230586320161819,0.0
2018-10-26,0.122433990240097,0.122433990240097,0.122433990240097,0.122433990240097,100000.0
2018-10-29,0.122433990240097,0.122433990240097,0.122433990240097,0.122433990240097,0.0
2018-10-30,0.1211846768856048,0.1211846768856048,0.1211846768856048,0.1211846768856048,50000.0
2018-10-31,0.1211846768856048,0.1211846768856048,0.1211846768856048,0.1211846768856048,50000.0
2018-11-01,0.1211846768856048,0.1211846768856048,0.1211846768856048,0.1211846768856048,0.0
2018-11-02,0.1218093261122703,0.1218093261122703,0.1218093261122703,0.1218093261122703,5000.0
2018-11-05,0.1211846768856048,0.1211846768856048,0.1205600123551975,0.1211846768856048,125000.0
2018-11-07,0.1211846768856048,0.1211846768856048,0.1211846768856048,0.1211846768856048,0.0
2018-11-08,0.1211846768856048,0.1211846768856048,0.1211846768856048,0.1211846768856048,0.0
2018-11-09,0.1236833408474922,0.1236833408474922,0.1236833408474922,0.1236833408474922,44000.0
2018-11-12,0.1218093261122703,0.1218093261122703,0.1218093261122703,0.1218093261122703,40000.0
2018-11-13,0.1249326542019844,0.1249326542019844,0.1236833251467484,0.1249326542019844,69100.0
2018-11-14,0.1249326542019844,0.1249326542019844,0.1249326542019844,0.1249326542019844,0.0
2018-11-15,0.1249326542019844,0.1249326542019844,0.1249326542019844,0.1249326542019844,0.0
2018-11-16,0.1249326542019844,0.1249326542019844,0.1249326542019844,0.1249326542019844,0.0
2018-11-19,0.1249326542019844,0.1249326542019844,0.1249326542019844,0.1249326542019844,0.0
2018-11-20,0.1249326542019844,0.1249326542019844,0.1249326542019844,0.1249326542019844,0.0
2018-11-21,0.1218093261122703,0.1218093261122703,0.1218093261122703,0.1218093261122703,44000.0
2018-11-22,0.1218093261122703,0.1218093261122703,0.1218093261122703,0.1218093261122703,0.0
2018-11-23,0.1218093261122703,0.1218093261122703,0.1218093261122703,0.1218093261122703,0.0
2018-11-26,0.1218093261122703,0.1218093261122703,0.1218093261122703,0.1218093261122703,0.0
2018-11-27,0.1218093261122703,0.1218093261122703,0.1218093261122703,0.1218093261122703,20000.0
2018-11-28,0.1218093261122703,0.1218093261122703,0.1218093261122703,0.1218093261122703,0.0
2018-11-29,0.1218093261122703,0.1218093261122703,0.1218093261122703,0.1218093261122703,0.0
2018-11-30,0.1218093261122703,0.1218093261122703,0.1218093261122703,0.1218093261122703,0.0
2018-12-03,0.1205600351095199,0.1205600351095199,0.1205600351095199,0.1205600351095199,43000.0
2018-12-04,0.1205600351095199,0.1205600351095199,0.1205600351095199,0.1205600351095199,0.0
2018-12-05,0.1205600351095199,0.1205600351095199,0.1205600351095199,0.1205600351095199,0.0
2018-12-06,0.1205600351095199,0.1205600351095199,0.1205600351095199,0.1205600351095199,0.0
2018-12-07,0.1205600351095199,0.1205600351095199,0.1205600351095199,0.1205600351095199,0.0
2018-12-10,0.1205600351095199,0.1205600351095199,0.1205600351095199,0.1205600351095199,0.0
2018-12-11,0.1205600351095199,0.1205600351095199,0.1205600351095199,0.1205600351095199,0.0
2018-12-12,0.1205600351095199,0.1205600351095199,0.1205600351095199,0.1205600351095199,0.0
2018-12-13,0.1205600351095199,0.1205600351095199,0.1205600351095199,0.1205600351095199,0.0
2018-12-14,0.1205600351095199,0.1205600351095199,0.1205600351095199,0.1205600351095199,0.0
2018-12-17,0.1205600351095199,0.1205600351095199,0.1205600351095199,0.1205600351095199,0.0
2018-12-18,0.1205600351095199,0.1205600351095199,0.1205600351095199,0.1205600351095199,0.0
2018-12-19,0.1205600351095199,0.1205600351095199,0.1205600351095199,0.1205600351095199,0.0
2018-12-20,0.1068174317479133,0.1068174317479133,0.1068174317479133,0.1068174317479133,30000.0
2018-12-21,0.1061927676200866,0.1061927676200866,0.1061927676200866,0.1061927676200866,30500.0
2018-12-24,0.1061927676200866,0.1061927676200866,0.1061927676200866,0.1061927676200866,0.0
2018-12-26,0.1061927676200866,0.1061927676200866,0.1061927676200866,0.1061927676200866,0.0
2018-12-27,0.1024447679519653,0.1024447679519653,0.1024447679519653,0.1024447679519653,1000.0
2018-12-28,0.1024447679519653,0.1024447679519653,0.1024447679519653,0.1024447679519653,0.0
2018-12-31,0.1024447679519653,0.1024447679519653,0.1024447679519653,0.1024447679519653,0.0
2019-01-01,0.1024447679519653,0.1024447679519653,0.1024447679519653,0.1024447679519653,0.0
2019-01-02,0.1011954538648237,0.1049434319138526,0.0999461247457446,0.1049434319138526,65100.0
2019-01-03,0.1049434319138526,0.1049434319138526,0.1049434319138526,0.1049434319138526,0.0
2019-01-04,0.0993214532120127,0.1018201112747192,0.0993214532120127,0.1018201112747192,65000.0
2019-01-07,0.0949488175776365,0.1049434319138526,0.0949488175776365,0.1049434319138526,2300.0
2019-01-08,0.1049434319138526,0.1049434319138526,0.1049434319138526,0.1049434319138526,0.0
2019-01-09,0.1030694409959687,0.1036940962076187,0.1024447764761109,0.1036940962076187,138000.0
2019-01-10,0.1036941027947735,0.1049434319138526,0.1036941027947735,0.1049434319138526,5100.0
2019-01-11,0.1049434319138526,0.1049434319138526,0.1049434319138526,0.1049434319138526,0.0
2019-01-14,0.1043187528848648,0.1043187528848648,0.1043187528848648,0.1043187528848648,93000.0
2019-01-15,0.1030694544315338,0.1036941097246104,0.1030694544315338,0.1030694544315338,67100.0
2019-01-16,0.1043187673543131,0.1049434319138526,0.1036941027947735,0.1049434319138526,141200.0
2019-01-17,0.1049434319138526,0.1049434319138526,0.1049434319138526,0.1049434319138526,0.0
2019-01-18,0.1049434319138526,0.1049434319138526,0.1049434319138526,0.1049434319138526,0.0
2019-01-21,0.1049434319138526,0.1049434319138526,0.1049434319138526,0.1049434319138526,0.0
2019-01-22,0.1049434319138526,0.1049434319138526,0.1049434319138526,0.1049434319138526,0.0
2019-01-23,0.1061927535762478,0.1061927535762478,0.1018201112747192,0.1018201112747192,97000.0
2019-01-24,0.1049434173577607,0.1049434173577607,0.1043187528848648,0.1043187528848648,40000.0
2019-01-25,0.106192759901837,0.1093160733580589,0.106192759901837,0.1093160733580589,382100.0
2019-01-28,0.1093160733580589,0.1093160733580589,0.1093160733580589,0.1093160733580589,0.0
2019-01-29,0.1068174317479133,0.1068174317479133,0.1068174317479133,0.1068174317479133,48000.0
2019-01-30,0.1068174317479133,0.1068174317479133,0.1068174317479133,0.1068174317479133,0.0
2019-01-31,0.106817394246607,0.107442058622837,0.106817394246607,0.107442058622837,88000.0
2019-02-01,0.1061927676200866,0.1061927676200866,0.1061927676200866,0.1061927676200866,65000.0
2019-02-04,0.1061927676200866,0.1061927676200866,0.1061927676200866,0.1061927676200866,0.0
2019-02-05,0.1061927676200866,0.1061927676200866,0.1061927676200866,0.1061927676200866,0.0
2019-02-07,0.1061927676200866,0.1061927676200866,0.1061927676200866,0.1061927676200866,0.0
2019-02-08,0.1061927676200866,0.1061927676200866,0.1061927676200866,0.1061927676200866,0.0
2019-02-11,0.1124394037995317,0.1124394037995317,0.1061927671523769,0.1068174317479133,26100.0
2019-02-12,0.1068174317479133,0.1068174317479133,0.1068174317479133,0.1068174317479133,0.0
2019-02-13,0.1068174317479133,0.1068174317479133,0.1068174317479133,0.1068174317479133,0.0
2019-02-14,0.1068174317479133,0.1068174317479133,0.1068174317479133,0.1068174317479133,20700.0
2019-02-15,0.1068174317479133,0.1068174317479133,0.1068174317479133,0.1068174317479133,0.0
2019-02-18,0.1068174317479133,0.1068174317479133,0.1068174317479133,0.1068174317479133,0.0
2019-02-19,0.1068174317479133,0.1068174317479133,0.1068174317479133,0.1068174317479133,0.0
2019-02-20,0.1068174317479133,0.1068174317479133,0.1068174317479133,0.1068174317479133,0.0
2019-02-21,0.1068174317479133,0.1068174317479133,0.1068174317479133,0.1068174317479133,0.0
2019-02-22,0.1068174317479133,0.1068174317479133,0.1068174317479133,0.1068174317479133,0.0
2019-02-25,0.106192759901837,0.1124393961224892,0.106192759901837,0.1093160733580589,587100.0
2019-02-26,0.106192768129753,0.106192768129753,0.1030694544315338,0.1030694544315338,110000.0
2019-02-27,0.1030694544315338,0.1030694544315338,0.1030694544315338,0.1030694544315338,0.0
2019-02-28,0.0999461188912391,0.0999461188912391,0.0999461188912391,0.0999461188912391,13500.0
2019-03-01,0.0999461188912391,0.0999461188912391,0.0999461188912391,0.0999461188912391,0.0
2019-03-04,0.0999461188912391,0.0999461188912391,0.0999461188912391,0.0999461188912391,0.0
2019-03-05,0.0999461113221068,0.0999461113221068,0.0968227982521057,0.0968227982521057,80100.0
2019-03-06,0.0999461188912391,0.0999461188912391,0.0999461188912391,0.0999461188912391,140000.0
2019-03-07,0.0999461188912391,0.0999461188912391,0.0999461188912391,0.0999461188912391,0.0
2019-03-08,0.0999461188912391,0.0999461188912391,0.0999461188912391,0.0999461188912391,0.0
2019-03-11,0.0999461188912391,0.0999461188912391,0.0999461188912391,0.0999461188912391,0.0
2019-03-12,0.0999461110942676,0.1018201045169205,0.0949488046087335,0.1005707755684852,198600.0
2019-03-13,0.1005707755684852,0.1005707755684852,0.1005707755684852,0.1005707755684852,0.0
2019-03-14,0.1005707755684852,0.1005707755684852,0.1005707755684852,0.1005707755684852,0.0
2019-03-15,0.100570783414188,0.100570783414188,0.0968228055847029,0.0999461188912391,124900.0
2019-03-18,0.0999461188912391,0.0999461188912391,0.0999461188912391,0.0999461188912391,0.0
2019-03-19,0.0999461188912391,0.0999461188912391,0.0999461188912391,0.0999461188912391,0.0
2019-03-20,0.0968228055847029,0.0999461188912391,0.0968228055847029,0.0999461188912391,24100.0
2019-03-21,0.0999461188912391,0.0999461188912391,0.0999461188912391,0.0999461188912391,0.0
2019-03-22,0.0999461188912391,0.0999461188912391,0.0999461188912391,0.0999461188912391,0.0
2019-03-25,0.0999461188912391,0.0999461188912391,0.0999461188912391,0.0999461188912391,0.0
2019-03-26,0.0955734770485789,0.0961981415748596,0.0955734770485789,0.0961981415748596,312000.0
2019-03-27,0.0961981415748596,0.0961981415748596,0.0961981415748596,0.0961981415748596,0.0
2019-03-28,0.0961981415748596,0.0961981415748596,0.0961981415748596,0.0961981415748596,0.0
2019-03-29,0.0961981415748596,0.0961981415748596,0.0961981415748596,0.0961981415748596,0.0
2019-04-01,0.0961981415748596,0.0961981415748596,0.0961981415748596,0.0961981415748596,0.0
2019-04-02,0.0961981415748596,0.0961981415748596,0.0961981415748596,0.0961981415748596,0.0
2019-04-03,0.1018201112747192,0.1018201112747192,0.1018201112747192,0.1018201112747192,100.0
2019-04-04,0.0999461188912391,0.1024447769830344,0.0999461188912391,0.0999461188912391,38400.0
2019-04-05,0.0999461188912391,0.1030694415059833,0.0999461188912391,0.0999461188912391,15400.0
2019-04-08,0.0999461188912391,0.0999461188912391,0.0999461188912391,0.0999461188912391,0.0
2019-04-09,0.0999461188912391,0.0999461188912391,0.0999461188912391,0.0999461188912391,245900.0
2019-04-10,0.0999461188912391,0.0999461188912391,0.0999461188912391,0.0999461188912391,0.0
2019-04-11,0.1055680818306567,0.1055680818306567,0.1043187528848648,0.1043187528848648,97200.0
2019-04-12,0.1030694544315338,0.1030694544315338,0.1030694544315338,0.1030694544315338,9000.0
2019-04-15,0.1030694544315338,0.1030694544315338,0.1030694544315338,0.1030694544315338,0.0
2019-04-16,0.1030694544315338,0.1030694544315338,0.1030694544315338,0.1030694544315338,0.0
2019-04-17,0.1030694544315338,0.1030694544315338,0.1030694544315338,0.1030694544315338,0.0
2019-04-18,0.1030694544315338,0.1030694544315338,0.1030694544315338,0.1030694544315338,0.0
2019-04-22,0.1030694544315338,0.1030694544315338,0.1030694544315338,0.1030694544315338,0.0
2019-04-23,0.1030694544315338,0.1030694544315338,0.1030694544315338,0.1030694544315338,0.0
2019-04-24,0.1030694544315338,0.1030694544315338,0.1030694544315338,0.1030694544315338,0.0
2019-04-25,0.1030694544315338,0.1030694544315338,0.1030694544315338,0.1030694544315338,0.0
2019-04-26,0.1030694544315338,0.1030694544315338,0.1030694544315338,0.1030694544315338,0.0
2019-04-29,0.1030694544315338,0.1030694544315338,0.1030694544315338,0.1030694544315338,0.0
2019-04-30,0.1030694544315338,0.1030694544315338,0.1030694544315338,0.1030694544315338,0.0
2019-05-02,0.0936994939653906,0.1049434276563126,0.0936994939653906,0.0943241491913795,50500.0
2019-05-03,0.0943241491913795,0.0943241491913795,0.0943241491913795,0.0943241491913795,0.0
2019-05-06,0.0943241491913795,0.0943241491913795,0.0943241491913795,0.0943241491913795,0.0
2019-05-07,0.0943241491913795,0.0943241491913795,0.0943241491913795,0.0943241491913795,0.0
2019-05-08,0.0955734550952911,0.0955734550952911,0.0955734550952911,0.0955734550952911,103300.0
2019-05-09,0.0955734550952911,0.0955734550952911,0.0955734550952911,0.0955734550952911,0.0
2019-05-10,0.0999461188912391,0.0999461188912391,0.0999461188912391,0.0999461188912391,50000.0
2019-05-13,0.1030694433619296,0.1030694433619296,0.0943241491913795,0.0943241491913795,22700.0
2019-05-14,0.0943241327299465,0.0943241327299465,0.0936994776129722,0.0936994776129722,139000.0
2019-05-15,0.0936994776129722,0.0936994776129722,0.0936994776129722,0.0936994776129722,0.0
2019-05-16,0.0936994776129722,0.0936994776129722,0.0936994776129722,0.0936994776129722,0.0
2019-05-17,0.0936994776129722,0.0936994776129722,0.0936994776129722,0.0936994776129722,0.0
2019-05-21,0.0936994776129722,0.0936994776129722,0.0936994776129722,0.0936994776129722,0.0
2019-05-22,0.0936994776129722,0.0936994776129722,0.0936994776129722,0.0936994776129722,0.0
2019-05-23,0.0936994776129722,0.0936994776129722,0.0936994776129722,0.0936994776129722,0.0
2019-05-24,0.0905761788669854,0.0912008434534072,0.0905761788669854,0.0912008434534072,20000.0
2019-05-27,0.0912008514171291,0.0912008514171291,0.0905761867761612,0.0905761867761612,62000.0
2019-05-28,0.0905761867761612,0.0905761867761612,0.0905761867761612,0.0905761867761612,0.0
2019-05-29,0.0905761566428369,0.0905761566428369,0.0874528437852859,0.0874528437852859,55000.0
2019-05-30,0.0874528437852859,0.0874528437852859,0.0874528437852859,0.0874528437852859,0.0
2019-05-31,0.0874528437852859,0.0874528437852859,0.0874528437852859,0.0874528437852859,0.0
2019-06-03,0.0874528437852859,0.0874528437852859,0.0874528437852859,0.0874528437852859,0.0
2019-06-04,0.0874528437852859,0.0874528437852859,0.0874528437852859,0.0874528437852859,0.0
2019-06-06,0.0874528437852859,0.0874528437852859,0.0874528437852859,0.0874528437852859,0.0
2019-06-07,0.0874528437852859,0.0874528437852859,0.0874528437852859,0.0874528437852859,0.0
2019-06-10,0.0893268611278765,0.1030694544315338,0.0893268611278765,0.1030694544315338,20000.0
2019-06-11,0.1030694544315338,0.1030694544315338,0.1030694544315338,0.1030694544315338,0.0
2019-06-12,0.1030694544315338,0.1030694544315338,0.1030694544315338,0.1030694544315338,0.0
2019-06-13,0.1030694544315338,0.1030694544315338,0.1030694544315338,0.1030694544315338,0.0
2019-06-14,0.1030694544315338,0.1030694544315338,0.1030694544315338,0.1030694544315338,0.0
2019-06-17,0.1030694544315338,0.1030694544315338,0.1030694544315338,0.1030694544315338,0.0
2019-06-18,0.0818308811698066,0.0824555456638336,0.0812062166757795,0.0824555456638336,66100.0
2019-06-19,0.0824555456638336,0.0824555456638336,0.0824555456638336,0.0824555456638336,0.0
2019-06-20,0.0824555456638336,0.0824555456638336,0.0824555456638336,0.0824555456638336,0.0
2019-06-21,0.0824555456638336,0.0824555456638336,0.0824555456638336,0.0824555456638336,0.0
2019-06-24,0.0824555456638336,0.0824555456638336,0.0824555456638336,0.0824555456638336,0.0
2019-06-25,0.0824555456638336,0.0824555456638336,0.0824555456638336,0.0824555456638336,0.0
2019-06-26,0.0824555456638336,0.0824555456638336,0.0824555456638336,0.0824555456638336,0.0
2019-06-27,0.0824555456638336,0.0824555456638336,0.0824555456638336,0.0824555456638336,0.0
2019-06-28,0.0824555456638336,0.0824555456638336,0.0824555456638336,0.0824555456638336,0.0
2019-07-01,0.0824555456638336,0.0824555456638336,0.0824555456638336,0.0824555456638336,0.0
2019-07-02,0.0824555456638336,0.0824555456638336,0.0824555456638336,0.0824555456638336,0.0
2019-07-03,0.0824555456638336,0.0824555456638336,0.0824555456638336,0.0824555456638336,0.0
2019-07-04,0.0824555456638336,0.0824555456638336,0.0824555456638336,0.0824555456638336,0.0
2019-07-05,0.0824555456638336,0.0824555456638336,0.0824555456638336,0.0824555456638336,0.0
2019-07-08,0.0824555456638336,0.0824555456638336,0.0824555456638336,0.0824555456638336,0.0
2019-07-09,0.0824555456638336,0.0824555456638336,0.0824555456638336,0.0824555456638336,0.0
2019-07-10,0.0824555456638336,0.0824555456638336,0.0824555456638336,0.0824555456638336,0.0
2019-07-11,0.0824555456638336,0.0824555456638336,0.0824555456638336,0.0824555456638336,0.0
2019-07-12,0.0824555456638336,0.0824555456638336,0.0824555456638336,0.0824555456638336,0.0
2019-07-15,0.0824555456638336,0.0824555456638336,0.0824555456638336,0.0824555456638336,0.0
2019-07-16,0.0824555456638336,0.0824555456638336,0.0824555456638336,0.0824555456638336,0.0
2019-07-17,0.0824555456638336,0.0824555456638336,0.0824555456638336,0.0824555456638336,0.0
2019-07-18,0.0824555456638336,0.0824555456638336,0.0824555456638336,0.0824555456638336,0.0
2019-07-19,0.083080218093982,0.0899515095682348,0.0812062244328903,0.0818308889865875,308800.0
2019-07-22,0.0818308889865875,0.0818308889865875,0.0818308889865875,0.0818308889865875,0.0
2019-07-23,0.0924501746009297,0.0924501746009297,0.0837048888206482,0.0837048888206482,10200.0
2019-07-24,0.0824555456638336,0.0824555456638336,0.0824555456638336,0.0824555456638336,100.0
2019-07-25,0.0824555456638336,0.0824555456638336,0.0824555456638336,0.0824555456638336,0.0
2019-07-26,0.0824555456638336,0.0824555456638336,0.0824555456638336,0.0824555456638336,0.0
2019-07-29,0.0824555456638336,0.0824555456638336,0.0824555456638336,0.0824555456638336,0.0
2019-07-30,0.0899515151977539,0.0899515151977539,0.0899515151977539,0.0899515151977539,20000.0
2019-07-31,0.0899515151977539,0.0899515151977539,0.0899515151977539,0.0899515151977539,0.0
2019-08-01,0.0899515151977539,0.0899515151977539,0.0899515151977539,0.0899515151977539,0.0
2019-08-02,0.0899515151977539,0.0899515151977539,0.0899515151977539,0.0899515151977539,0.0
2019-08-05,0.0787075687177442,0.0812062174081802,0.0762089153732044,0.0812062174081802,273300.0
2019-08-06,0.0812062174081802,0.0812062174081802,0.0812062174081802,0.0812062174081802,50200.0
2019-08-07,0.0812062174081802,0.0812062174081802,0.0812062174081802,0.0812062174081802,0.0
2019-08-08,0.0812062174081802,0.0812062174081802,0.0812062174081802,0.0812062174081802,0.0
2019-08-13,0.0812062174081802,0.0812062174081802,0.0812062174081802,0.0812062174081802,0.0
2019-08-14,0.0818308945634012,0.0874528666216079,0.0812062299671327,0.0843295529484748,85100.0
2019-08-15,0.0843295529484748,0.0843295529484748,0.0843295529484748,0.0843295529484748,0.0
2019-08-16,0.0843295529484748,0.0843295529484748,0.0843295529484748,0.0843295529484748,0.0
2019-08-19,0.0843295529484748,0.0843295529484748,0.0843295529484748,0.0843295529484748,0.0
2019-08-20,0.0936994776129722,0.0936994776129722,0.0936994776129722,0.0936994776129722,900.0
2019-08-21,0.0936994776129722,0.0936994776129722,0.0936994776129722,0.0936994776129722,0.0
2019-08-22,0.0936994776129722,0.0936994776129722,0.0936994776129722,0.0936994776129722,0.0
2019-08-23,0.0936994776129722,0.0936994776129722,0.0936994776129722,0.0936994776129722,0.0
2019-08-26,0.0936994776129722,0.0936994776129722,0.0936994776129722,0.0936994776129722,0.0
2019-08-27,0.0936994776129722,0.0936994776129722,0.0936994776129722,0.0936994776129722,0.0
2019-08-28,0.074959590623824,0.0799569022503371,0.074959590623824,0.0755842551589012,121000.0
2019-08-29,0.0762089003457965,0.0793322175741195,0.0762089003457965,0.0793322175741195,90000.0
2019-08-30,0.0793322175741195,0.0793322175741195,0.0793322175741195,0.0793322175741195,0.0
2019-09-02,0.0793322175741195,0.0793322175741195,0.0793322175741195,0.0793322175741195,0.0
2019-09-03,0.0799568977170659,0.0812062174081802,0.0799568977170659,0.0812062174081802,70000.0
2019-09-04,0.0812062174081802,0.0812062174081802,0.0812062174081802,0.0812062174081802,0.0
2019-09-05,0.0843295529484748,0.0843295529484748,0.0843295529484748,0.0843295529484748,200.0
2019-09-06,0.0843295529484748,0.0843295529484748,0.0843295529484748,0.0843295529484748,0.0
2019-09-09,0.0843295529484748,0.0843295529484748,0.0843295529484748,0.0843295529484748,0.0
2019-09-10,0.0780829042196273,0.0780829042196273,0.0780829042196273,0.0780829042196273,20000.0
2019-09-11,0.0780829042196273,0.0780829042196273,0.0780829042196273,0.0780829042196273,0.0
2019-09-12,0.0749595984816551,0.0749595984816551,0.0749595984816551,0.0749595984816551,22000.0
2019-09-13,0.0755842551589012,0.0755842551589012,0.0755842551589012,0.0755842551589012,50000.0
2019-09-16,0.0755842551589012,0.0755842551589012,0.0755842551589012,0.0755842551589012,0.0
2019-09-17,0.0762089192867279,0.0762089192867279,0.0762089192867279,0.0762089192867279,20000.0
2019-09-18,0.0768335842290555,0.0768335842290555,0.0755842551589012,0.0755842551589012,20000.0
2019-09-19,0.0749595984816551,0.0749595984816551,0.0749595984816551,0.0749595984816551,10000.0
2019-09-20,0.0749595984816551,0.0749595984816551,0.0749595984816551,0.0749595984816551,0.0
2019-09-23,0.0749595984816551,0.0749595984816551,0.0749595984816551,0.0749595984816551,0.0
2019-09-24,0.0749595984816551,0.0749595984816551,0.0749595984816551,0.0749595984816551,100000.0
2019-09-25,0.0749595984816551,0.0749595984816551,0.0749595984816551,0.0749595984816551,0.0
2019-09-26,0.0749595984816551,0.0749595984816551,0.0749595984816551,0.0749595984816551,0.0
2019-09-27,0.0749595984816551,0.0749595984816551,0.0749595984816551,0.0749595984816551,0.0
2019-09-30,0.0749595984816551,0.0749595984816551,0.0749595984816551,0.0749595984816551,0.0
2019-10-01,0.0749595984816551,0.0749595984816551,0.0749595984816551,0.0749595984816551,0.0
2019-10-02,0.0749595984816551,0.0749595984816551,0.0749595984816551,0.0749595984816551,0.0
2019-10-03,0.0724609367503978,0.0762089192867279,0.0724609367503978,0.0762089192867279,24100.0
2019-10-04,0.0762089192867279,0.0762089192867279,0.0762089192867279,0.0762089192867279,0.0
2019-10-07,0.0762089192867279,0.0762089192867279,0.0762089192867279,0.0762089192867279,0.0
2019-10-08,0.0762089192867279,0.0762089192867279,0.0762089192867279,0.0762089192867279,0.0
2019-10-09,0.071836282047714,0.0724609419703483,0.071836282047714,0.0724609419703483,50000.0
2019-10-10,0.0724609419703483,0.0724609419703483,0.0724609419703483,0.0724609419703483,0.0
2019-10-11,0.0724609419703483,0.0724609419703483,0.071836282047714,0.0724609419703483,209000.0
2019-10-14,0.0724609267514726,0.0730855911970138,0.0718362669600348,0.0730855911970138,222000.0
2019-10-15,0.073085602268761,0.073085602268761,0.0718362778425216,0.0718362778425216,103000.0
2019-10-16,0.0718362778425216,0.0718362778425216,0.0718362778425216,0.0718362778425216,0.0
2019-10-17,0.0718362778425216,0.0718362778425216,0.0718362778425216,0.0718362778425216,0.0
2019-10-18,0.0718362778425216,0.0718362778425216,0.0718362778425216,0.0718362778425216,100000.0
2019-10-21,0.0718362778425216,0.0718362778425216,0.0718362778425216,0.0718362778425216,0.0
2019-10-22,0.0718362778425216,0.0718362778425216,0.0718362778425216,0.0718362778425216,0.0
2019-10-23,0.0599676748497793,0.0718362778425216,0.0593430103096076,0.0718362778425216,27000.0
2019-10-24,0.0718362778425216,0.0718362778425216,0.0718362778425216,0.0718362778425216,0.0
2019-10-25,0.0718362778425216,0.0718362778425216,0.0718362778425216,0.0718362778425216,0.0
2019-10-29,0.0718362778425216,0.0718362778425216,0.0718362778425216,0.0718362778425216,0.0
2019-10-30,0.0718362778425216,0.0718362778425216,0.0718362778425216,0.0718362778425216,0.0
2019-10-31,0.0718362778425216,0.0718362778425216,0.0718362778425216,0.0718362778425216,0.0
2019-11-01,0.0718362778425216,0.0718362778425216,0.0718362778425216,0.0718362778425216,48900.0
2019-11-04,0.0705869495868682,0.0705869495868682,0.0705869495868682,0.0705869495868682,100.0
2019-11-05,0.0705869495868682,0.0705869495868682,0.0705869495868682,0.0705869495868682,0.0
2019-11-06,0.0705869495868682,0.0705869495868682,0.0705869495868682,0.0705869495868682,0.0
2019-11-07,0.0699622929096221,0.0699622929096221,0.0699622929096221,0.0699622929096221,45000.0
2019-11-08,0.0718362778425216,0.0718362778425216,0.0718362778425216,0.0718362778425216,40000.0
2019-11-11,0.0724609385751738,0.0730856031226436,0.0705869495868682,0.0705869495868682,88200.0
2019-11-12,0.0699622892812215,0.0712116137146949,0.0699622892812215,0.0712116137146949,69400.0
2019-11-13,0.0712116137146949,0.0712116137146949,0.0712116137146949,0.0712116137146949,0.0
2019-11-14,0.0712116137146949,0.0712116137146949,0.0712116137146949,0.0712116137146949,0.0
2019-11-15,0.0712116137146949,0.0712116137146949,0.0712116137146949,0.0712116137146949,0.0
2019-11-18,0.0687129629811703,0.0737102702260017,0.0687129629811703,0.0737102702260017,187000.0
2019-11-19,0.0687129597957671,0.0718362778425216,0.0687129597957671,0.0718362778425216,130000.0
2019-11-20,0.0724609419703483,0.0724609419703483,0.0724609419703483,0.0724609419703483,1000.0
2019-11-21,0.0693376283334369,0.0699622929096221,0.0693376283334369,0.0699622929096221,96000.0
2019-11-22,0.0699622929096221,0.0699622929096221,0.0699622929096221,0.0699622929096221,0.0
2019-11-25,0.074334941804409,0.074334941804409,0.074334941804409,0.074334941804409,427100.0
2019-11-26,0.074334941804409,0.074334941804409,0.074334941804409,0.074334941804409,71000.0
2019-11-27,0.074334941804409,0.074334941804409,0.074334941804409,0.074334941804409,0.0
2019-11-28,0.0799568980860177,0.0818308822854402,0.0799568980860177,0.0805815532803535,380000.0
2019-11-29,0.0805815532803535,0.0805815532803535,0.0805815532803535,0.0805815532803535,0.0
2019-12-02,0.0799568891525268,0.0799568891525268,0.0799568891525268,0.0799568891525268,15500.0
2019-12-03,0.0799568891525268,0.0799568891525268,0.0799568891525268,0.0799568891525268,0.0
2019-12-04,0.0762089192867279,0.0762089192867279,0.0762089192867279,0.0762089192867279,10000.0
2019-12-05,0.0762089192867279,0.0762089192867279,0.0762089192867279,0.0762089192867279,0.0
2019-12-06,0.0762089192867279,0.0762089192867279,0.0762089192867279,0.0762089192867279,0.0
2019-12-09,0.0762089192867279,0.0762089192867279,0.0762089192867279,0.0762089192867279,0.0
2019-12-10,0.0774582522297874,0.0774582522297874,0.0749595984816551,0.0749595984816551,54000.0
2019-12-11,0.0749595984816551,0.0749595984816551,0.0749595984816551,0.0749595984816551,0.0
2019-12-12,0.0774582475423812,0.0774582475423812,0.0774582475423812,0.0774582475423812,50000.0
2019-12-13,0.0824555464091325,0.0824555464091325,0.0780829042196273,0.0780829042196273,51000.0
2019-12-16,0.0780829042196273,0.0780829042196273,0.0780829042196273,0.0780829042196273,0.0
2019-12-17,0.0780829042196273,0.0780829042196273,0.0780829042196273,0.0780829042196273,0.0
2019-12-18,0.078707568347454,0.078707568347454,0.078707568347454,0.078707568347454,10000.0
2019-12-19,0.078707568347454,0.078707568347454,0.078707568347454,0.078707568347454,0.0
2019-12-20,0.078707568347454,0.078707568347454,0.078707568347454,0.078707568347454,0.0
2019-12-23,0.078707568347454,0.078707568347454,0.078707568347454,0.078707568347454,0.0
2019-12-24,0.078707568347454,0.078707568347454,0.078707568347454,0.078707568347454,0.0
2019-12-25,0.078707568347454,0.078707568347454,0.078707568347454,0.078707568347454,0.0
2019-12-26,0.078707568347454,0.078707568347454,0.078707568347454,0.078707568347454,0.0
2019-12-27,0.0793322175741195,0.0793322175741195,0.0793322175741195,0.0793322175741195,63700.0
2019-12-30,0.0793322175741195,0.0793322175741195,0.0793322175741195,0.0793322175741195,0.0
2019-12-31,0.0812062174081802,0.0812062174081802,0.0812062174081802,0.0812062174081802,12000.0
2020-01-02,0.0812062174081802,0.0812062174081802,0.0812062174081802,0.0812062174081802,0.0
2020-01-03,0.0812062174081802,0.0812062174081802,0.0812062174081802,0.0812062174081802,0.0
2020-01-06,0.078707568347454,0.078707568347454,0.078707568347454,0.078707568347454,270000.0
2020-01-07,0.0793322175741195,0.0793322175741195,0.0793322175741195,0.0793322175741195,100000.0
2020-01-08,0.0805815532803535,0.0805815532803535,0.0805815532803535,0.0805815532803535,17000.0
2020-01-09,0.0805815532803535,0.0805815532803535,0.0805815532803535,0.0805815532803535,300.0
2020-01-10,0.0805815532803535,0.0805815532803535,0.0805815532803535,0.0805815532803535,0.0
2020-01-13,0.0805815532803535,0.0805815532803535,0.0805815532803535,0.0805815532803535,0.0
2020-01-14,0.0793322175741195,0.0793322175741195,0.0793322175741195,0.0793322175741195,150000.0
2020-01-15,0.0793322175741195,0.0793322175741195,0.0793322175741195,0.0793322175741195,0.0
2020-01-16,0.0874528530965816,0.0874528530965816,0.0812062174081802,0.0812062174081802,148500.0
2020-01-17,0.0843295529484748,0.0843295529484748,0.0843295529484748,0.0843295529484748,266000.0
2020-01-20,0.0843295529484748,0.0843295529484748,0.0843295529484748,0.0843295529484748,15000.0
2020-01-21,0.0843295529484748,0.0843295529484748,0.0843295529484748,0.0843295529484748,0.0
2020-01-22,0.0837048754068238,0.0843295399064846,0.0812062174081802,0.0812062174081802,100000.0
2020-01-23,0.0812062174081802,0.0812062174081802,0.0812062174081802,0.0812062174081802,0.0
2020-01-24,0.0812062174081802,0.0812062174081802,0.0812062174081802,0.0812062174081802,0.0
2020-01-28,0.0812062174081802,0.0812062174081802,0.0812062174081802,0.0812062174081802,110000.0
2020-01-29,0.0818308657718545,0.0818308657718545,0.0793322175741195,0.0793322175741195,160000.0
2020-01-30,0.0793322175741195,0.0793322175741195,0.0793322175741195,0.0793322175741195,0.0
2020-01-31,0.0805815370188842,0.0805815370188842,0.0793322175741195,0.0793322175741195,105000.0
2020-02-03,0.0843295529484748,0.0843295529484748,0.0843295529484748,0.0843295529484748,1000.0
2020-02-04,0.0787075531976344,0.0793322175741195,0.0787075531976344,0.0793322175741195,52600.0
2020-02-05,0.0793322175741195,0.0793322175741195,0.0793322175741195,0.0793322175741195,0.0
2020-02-06,0.0825835540890693,0.0825835540890693,0.0825835540890693,0.0825835540890693,0.0
2020-02-07,0.0780316963791847,0.0780316963791847,0.0780316963791847,0.0780316963791847,10000.0
2020-02-10,0.0780316963791847,0.0780316963791847,0.0780316963791847,0.0780316963791847,0.0
2020-02-11,0.0845343396067619,0.0845343396067619,0.0845343396067619,0.0845343396067619,20000.0
2020-02-12,0.0845343396067619,0.0845343396067619,0.0845343396067619,0.0845343396067619,0.0
2020-02-13,0.0845343396067619,0.0845343396067619,0.0845343396067619,0.0845343396067619,0.0
2020-02-14,0.0845343396067619,0.0845343396067619,0.0845343396067619,0.0845343396067619,0.0
2020-02-17,0.0799824893474578,0.0799824893474578,0.0799824893474578,0.0799824893474578,105300.0
2020-02-18,0.0799824893474578,0.0799824893474578,0.0799824893474578,0.0799824893474578,0.0
2020-02-19,0.0799824893474578,0.0799824893474578,0.0799824893474578,0.0799824893474578,0.0
2020-02-20,0.0799824893474578,0.0799824893474578,0.0799824893474578,0.0799824893474578,79100.0
2020-02-21,0.0799824893474578,0.0799824893474578,0.0799824893474578,0.0799824893474578,0.0
2020-02-24,0.0799824893474578,0.0799824893474578,0.0799824893474578,0.0799824893474578,0.0
2020-02-25,0.0793322239065851,0.0799824893474578,0.0793322239065851,0.0799824893474578,88600.0
2020-02-26,0.0799824893474578,0.0799824893474578,0.0799824893474578,0.0799824893474578,0.0
2020-02-27,0.0799824893474578,0.0799824893474578,0.0799824893474578,0.0799824893474578,0.0
2020-02-28,0.0799824893474578,0.0799824893474578,0.0799824893474578,0.0799824893474578,0.0
2020-03-02,0.0799824893474578,0.0799824893474578,0.0799824893474578,0.0799824893474578,0.0
2020-03-03,0.0799824893474578,0.0799824893474578,0.0799824893474578,0.0799824893474578,0.0
2020-03-04,0.0812830254435539,0.0812830254435539,0.0812830254435539,0.0812830254435539,40000.0
2020-03-05,0.0812830254435539,0.0812830254435539,0.0812830254435539,0.0812830254435539,0.0
2020-03-06,0.0812830254435539,0.0812830254435539,0.0812830254435539,0.0812830254435539,0.0
2020-03-09,0.0799824829630867,0.0799824829630867,0.0793322175741195,0.0793322175741195,171400.0
2020-03-10,0.0793322175741195,0.0793322175741195,0.0793322175741195,0.0793322175741195,0.0
2020-03-11,0.0793322175741195,0.0793322175741195,0.0793322175741195,0.0793322175741195,0.0
2020-03-12,0.0793322175741195,0.0793322175741195,0.0793322175741195,0.0793322175741195,250000.0
2020-03-13,0.0793322175741195,0.0793322175741195,0.0793322175741195,0.0793322175741195,0.0
2020-03-16,0.0793322175741195,0.0793322175741195,0.0793322175741195,0.0793322175741195,0.0
2020-03-17,0.0793322175741195,0.0793322175741195,0.0793322175741195,0.0793322175741195,0.0
2020-03-18,0.0793322175741195,0.0793322175741195,0.0793322175741195,0.0793322175741195,0.0
2020-03-19,0.074130117893219,0.074130117893219,0.074130117893219,0.074130117893219,24600.0
2020-03-20,0.074130117893219,0.074130117893219,0.074130117893219,0.074130117893219,0.0
2020-03-23,0.074130117893219,0.074130117893219,0.074130117893219,0.074130117893219,0.0
2020-03-24,0.074130117893219,0.074130117893219,0.074130117893219,0.074130117893219,0.0
2020-03-25,0.074130117893219,0.074130117893219,0.074130117893219,0.074130117893219,0.0
2020-03-26,0.074130117893219,0.074130117893219,0.074130117893219,0.074130117893219,0.0
2020-03-27,0.074130117893219,0.074130117893219,0.074130117893219,0.074130117893219,0.0
2020-03-30,0.074130117893219,0.074130117893219,0.074130117893219,0.074130117893219,0.0
2020-03-31,0.074130117893219,0.074130117893219,0.074130117893219,0.074130117893219,0.0
2020-04-01,0.0734798522831849,0.0734798522831849,0.0715290606021881,0.0715290606021881,10500.0
2020-04-02,0.0715290606021881,0.0715290606021881,0.0715290606021881,0.0715290606021881,0.0
2020-04-03,0.0715290606021881,0.0715290606021881,0.0715290606021881,0.0715290606021881,0.0
2020-04-06,0.0715290606021881,0.0715290606021881,0.0715290606021881,0.0715290606021881,0.0
2020-04-07,0.0715290606021881,0.0715290606021881,0.0715290606021881,0.0715290606021881,0.0
2020-04-08,0.0715290606021881,0.0715290606021881,0.0715290606021881,0.0715290606021881,0.0
2020-04-09,0.0715290606021881,0.0715290606021881,0.0715290606021881,0.0715290606021881,0.0
2020-04-13,0.0715290606021881,0.0715290606021881,0.0715290606021881,0.0715290606021881,0.0
2020-04-14,0.0650264200505835,0.0715290606021881,0.0650264200505835,0.0715290606021881,2500.0
2020-04-15,0.0715290606021881,0.0715290606021881,0.0715290606021881,0.0715290606021881,0.0
2020-04-16,0.0715290606021881,0.0715290606021881,0.0715290606021881,0.0715290606021881,0.0
2020-04-17,0.0715290606021881,0.0715290606021881,0.0715290606021881,0.0715290606021881,0.0
2020-04-20,0.0715290606021881,0.0715290606021881,0.0715290606021881,0.0715290606021881,0.0
2020-04-21,0.0715290606021881,0.0715290606021881,0.0715290606021881,0.0715290606021881,0.0
2020-04-22,0.0715290606021881,0.0715290606021881,0.0715290606021881,0.0715290606021881,0.0
2020-04-23,0.0715290606021881,0.0715290606021881,0.0715290606021881,0.0715290606021881,0.0
2020-04-24,0.0715290606021881,0.0715290606021881,0.0715290606021881,0.0715290606021881,0.0
2020-04-27,0.0715290606021881,0.0715290606021881,0.0715290606021881,0.0715290606021881,0.0
2020-04-28,0.0715290606021881,0.0715290606021881,0.0715290606021881,0.0715290606021881,0.0
2020-04-29,0.0715290606021881,0.0715290606021881,0.0715290606021881,0.0715290606021881,0.0
2020-04-30,0.0715290606021881,0.0715290606021881,0.0715290606021881,0.0715290606021881,0.0
2020-05-04,0.0715290606021881,0.0715290606021881,0.0715290606021881,0.0715290606021881,0.0
2020-05-05,0.0715290606021881,0.0715290606021881,0.0715290606021881,0.0715290606021881,0.0
2020-05-06,0.059174038078904,0.0702285319566726,0.0585237774380348,0.0702285319566726,21000.0
2020-05-08,0.0624253738603173,0.0624253738603173,0.0611248426139354,0.0611248426139354,28000.0
2020-05-11,0.0611248426139354,0.0611248426139354,0.0611248426139354,0.0611248426139354,0.0
2020-05-12,0.0611248426139354,0.0611248426139354,0.0611248426139354,0.0611248426139354,0.0
2020-05-13,0.0617750845849513,0.0617750845849513,0.0611248192107312,0.0617750845849514,31000.0
2020-05-14,0.0617750845849513,0.0617750845849513,0.0617750845849513,0.0617750845849514,13100.0
2020-05-15,0.0617750845849513,0.0617750845849513,0.0617750845849513,0.0617750845849514,0.0
2020-05-18,0.0650264099240303,0.0650264099240303,0.0650264099240303,0.0650264099240303,120700.0
2020-05-19,0.0682777389883995,0.0682777389883995,0.0682777389883995,0.0682777389883995,146400.0
2020-05-20,0.0682777389883995,0.0682777389883995,0.0682777389883995,0.0682777389883995,0.0
2020-05-21,0.0682777389883995,0.0682777389883995,0.0682777389883995,0.0682777389883995,0.0
2020-05-22,0.0715290494629798,0.0715290494629798,0.0650264099240303,0.0650264099240303,13100.0
2020-05-26,0.0666937530040741,0.0666937530040741,0.0666937530040741,0.0666937530040741,0.0
2020-05-27,0.0666937530040741,0.0666937530040741,0.0666937530040741,0.0666937530040741,0.0
2020-05-28,0.0666937530040741,0.0666937530040741,0.0666937530040741,0.0666937530040741,0.0
2020-05-29,0.0666937530040741,0.0666937530040741,0.0666937530040741,0.0666937530040741,0.0
2020-06-01,0.0666937530040741,0.0666937530040741,0.0666937530040741,0.0666937530040741,200000.0
2020-06-02,0.0666937530040741,0.0666937530040741,0.0666937530040741,0.0666937530040741,0.0
2020-06-03,0.0666937530040741,0.0666937530040741,0.0666937530040741,0.0666937530040741,0.0
2020-06-04,0.0666937530040741,0.0666937530040741,0.0666937530040741,0.0666937530040741,0.0
2020-06-05,0.065359890460968,0.065359890460968,0.065359890460968,0.065359890460968,30000.0
2020-06-08,0.065359890460968,0.065359890460968,0.065359890460968,0.065359890460968,0.0
2020-06-09,0.065359890460968,0.065359890460968,0.065359890460968,0.065359890460968,0.0
2020-06-10,0.065359890460968,0.065359890460968,0.065359890460968,0.065359890460968,0.0
2020-06-11,0.065359890460968,0.065359890460968,0.065359890460968,0.065359890460968,0.0
2020-06-12,0.065359890460968,0.065359890460968,0.065359890460968,0.065359890460968,0.0
2020-06-15,0.065359890460968,0.065359890460968,0.065359890460968,0.065359890460968,0.0
2020-06-16,0.065359890460968,0.065359890460968,0.065359890460968,0.065359890460968,0.0
2020-06-17,0.0746970102190971,0.0746970102190971,0.0746970102190971,0.0746970102190971,100.0
2020-06-18,0.0633590651887824,0.0820333192765449,0.0600243806856287,0.0700284391641616,860900.0
2020-06-19,0.0700284391641616,0.0700284391641616,0.0700284391641616,0.0700284391641616,0.0
2020-06-22,0.0700284391641616,0.0700284391641616,0.0700284391641616,0.0700284391641616,2271000.0
2020-06-23,0.0700284391641616,0.0700284391641616,0.0700284391641616,0.0700284391641616,0.0
2020-06-24,0.0713623315095901,0.0713623315095901,0.0713623315095901,0.0713623315095901,170000.0
2020-06-25,0.0713623315095901,0.0713623315095901,0.0713623315095901,0.0713623315095901,0.0
2020-06-26,0.0713623315095901,0.0713623315095901,0.0713623315095901,0.0713623315095901,0.0
2020-06-29,0.0713623315095901,0.0713623315095901,0.0713623315095901,0.0713623315095901,0.0
2020-06-30,0.070028446379895,0.0706953853368759,0.070028446379895,0.0706953853368759,220000.0
2020-07-01,0.0700284391641616,0.0700284391641616,0.0700284391641616,0.0700284391641616,10000.0
2020-07-02,0.0726961940526962,0.0726961940526962,0.0726961940526962,0.0726961940526962,50000.0
2020-07-03,0.0706953853368759,0.0706953853368759,0.0706953853368759,0.0706953853368759,170000.0
2020-07-06,0.070028446940619,0.0760308876633644,0.070028446940619,0.0760308876633644,200000.0
2020-07-07,0.0766978226501301,0.0766978226501301,0.0726961940526962,0.0726961940526962,527000.0
2020-07-08,0.0733631410199775,0.0833672061562538,0.0733631410199775,0.0833672061562538,653900.0
2020-07-09,0.0833671976952197,0.0833671976952197,0.0786986351013183,0.0786986351013183,322100.0
2020-07-13,0.0780317041086485,0.0780317041086485,0.0773647651076316,0.0773647651076316,25000.0
2020-07-14,0.0773647651076316,0.0773647651076316,0.0773647651076316,0.0773647651076316,104600.0
2020-07-15,0.0773647651076316,0.0773647651076316,0.0773647651076316,0.0773647651076316,0.0
2020-07-16,0.0733631402254104,0.0733631402254104,0.0733631402254104,0.0733631402254104,1000.0
2020-07-17,0.0733631402254104,0.0733631402254104,0.0733631402254104,0.0733631402254104,0.0
2020-07-20,0.0733631329804472,0.0733631329804472,0.0726961940526962,0.0726961940526962,14300.0
2020-07-21,0.0733631402254104,0.0733631402254104,0.0733631402254104,0.0733631402254104,100000.0
2020-07-22,0.0733631402254104,0.0733631402254104,0.0733631402254104,0.0733631402254104,0.0
2020-07-23,0.0733631402254104,0.0733631402254104,0.0733631402254104,0.0733631402254104,0.0
2020-07-24,0.0733631402254104,0.0733631402254104,0.0733631402254104,0.0733631402254104,0.0
2020-07-27,0.0733631402254104,0.0733631402254104,0.0733631402254104,0.0733631402254104,50000.0
2020-07-28,0.0733631402254104,0.0733631402254104,0.0733631402254104,0.0733631402254104,0.0
2020-07-29,0.0726961940526962,0.0726961940526962,0.0726961940526962,0.0726961940526962,20000.0
2020-07-30,0.0733631329804472,0.0733631329804472,0.0726961940526962,0.0726961940526962,2400.0
2020-08-03,0.0726961940526962,0.0726961940526962,0.0726961940526962,0.0726961940526962,0.0
2020-08-04,0.0726961940526962,0.0726961940526962,0.0726961940526962,0.0726961940526962,0.0
2020-08-05,0.0726961940526962,0.0726961940526962,0.0726961940526962,0.0726961940526962,0.0
2020-08-06,0.0726961934523669,0.0746970102190971,0.0726961934523669,0.0746970102190971,385000.0
2020-08-07,0.0753639489412307,0.0753639489412307,0.0753639489412307,0.0753639489412307,100000.0
2020-08-11,0.0786986387943918,0.0786986387943918,0.0753639489412307,0.0753639489412307,50200.0
2020-08-12,0.0753639384125852,0.0780316889286041,0.0753639384125852,0.0780316889286041,110000.0
2020-08-13,0.0780316961681689,0.0786986351013183,0.0780316961681689,0.0786986351013183,198600.0
2020-08-14,0.0786986395725751,0.0800325125455856,0.0773647616304921,0.0800325125455856,949800.0
2020-08-17,0.0786986422800464,0.0793655812740325,0.0786986422800464,0.0793655812740325,165000.0
2020-08-18,0.0793655812740325,0.0793655812740325,0.0793655812740325,0.0793655812740325,155900.0
2020-08-19,0.0793655812740325,0.0793655812740325,0.0793655812740325,0.0793655812740325,40000.0
2020-08-20,0.0793655666711494,0.0793655666711494,0.0780316889286041,0.0780316889286041,639100.0
2020-08-21,0.0780316889286041,0.0780316889286041,0.0780316889286041,0.0780316889286041,0.0
2020-08-24,0.0780316889286041,0.0780316889286041,0.0780316889286041,0.0780316889286041,0.0
2020-08-25,0.0780316889286041,0.0780316889286041,0.0780316889286041,0.0780316889286041,0.0
2020-08-26,0.0780316889286041,0.0780316889286041,0.0780316889286041,0.0780316889286041,0.0
2020-08-27,0.0780316889286041,0.0780316889286041,0.0780316889286041,0.0780316889286041,0.0
2020-08-28,0.0780316889286041,0.0780316889286041,0.0780316889286041,0.0780316889286041,0.0
2020-08-31,0.0793655780580423,0.0813663899898529,0.0793655780580423,0.0813663899898529,175400.0
2020-09-01,0.0813663899898529,0.0813663899898529,0.0813663899898529,0.0813663899898529,0.0
2020-09-02,0.0813663749670027,0.0820333138108253,0.0813663749670027,0.0820333138108253,45000.0
2020-09-03,0.0820333138108253,0.0820333138108253,0.0820333138108253,0.0820333138108253,0.0
2020-09-04,0.0820333138108253,0.0820333138108253,0.0820333138108253,0.0820333138108253,0.0
2020-09-07,0.0800325125455856,0.0800325125455856,0.0800325125455856,0.0800325125455856,13000.0
2020-09-08,0.0820333138108253,0.0820333138108253,0.0820333138108253,0.0820333138108253,17000.0
2020-09-09,0.08069943612318,0.0820333138108253,0.08069943612318,0.0820333138108253,571500.0
2020-09-10,0.1000406465847592,0.1000406465847592,0.0806994512677192,0.0806994512677192,21000.0
2020-09-11,0.0806994512677192,0.0806994512677192,0.0806994512677192,0.0806994512677192,0.0
2020-09-14,0.0806994512677192,0.0806994512677192,0.0806994512677192,0.0806994512677192,0.0
2020-09-15,0.0806994512677192,0.0806994512677192,0.0806994512677192,0.0806994512677192,10000.0
2020-09-16,0.0806994512677192,0.0806994512677192,0.0806994512677192,0.0806994512677192,0.0
2020-09-17,0.0806994512677192,0.0806994512677192,0.0806994512677192,0.0806994512677192,0.0
2020-09-18,0.0813663899898529,0.0813663899898529,0.0813663899898529,0.0813663899898529,320000.0
2020-09-21,0.0806994512677192,0.0806994512677192,0.0806994512677192,0.0806994512677192,220000.0
2020-09-22,0.0806994512677192,0.0806994512677192,0.0806994512677192,0.0806994512677192,23000.0
2020-09-23,0.0806994512677192,0.0806994512677192,0.0806994512677192,0.0806994512677192,0.0
2020-09-24,0.0806994512677192,0.0806994512677192,0.0806994512677192,0.0806994512677192,0.0
2020-09-25,0.0793655812740325,0.0793655812740325,0.0793655812740325,0.0793655812740325,142000.0
2020-09-28,0.0793655812740325,0.0793655812740325,0.0793655812740325,0.0793655812740325,0.0
2020-09-29,0.0793655812740325,0.0793655812740325,0.0793655812740325,0.0793655812740325,0.0
2020-09-30,0.0793655812740325,0.0793655812740325,0.0793655812740325,0.0793655812740325,0.0
2020-10-01,0.0793655812740325,0.0793655812740325,0.0793655812740325,0.0793655812740325,0.0
2020-10-02,0.0793655812740325,0.0793655812740325,0.0793655812740325,0.0793655812740325,0.0
2020-10-05,0.0793655812740325,0.0793655812740325,0.0793655812740325,0.0793655812740325,0.0
2020-10-06,0.0853680023423993,0.0867018700806755,0.0833671858277705,0.0860349312424659,569200.0
2020-10-07,0.086701899766922,0.086701899766922,0.086701899766922,0.086701899766922,15000.0
2020-10-08,0.086701899766922,0.086701899766922,0.086701899766922,0.086701899766922,0.0
2020-10-09,0.086701899766922,0.086701899766922,0.086701899766922,0.086701899766922,0.0
2020-10-12,0.086701899766922,0.086701899766922,0.086701899766922,0.086701899766922,0.0
2020-10-13,0.0873688235878944,0.0873688235878944,0.0873688235878944,0.0873688235878944,124100.0
2020-10-14,0.0873688235878944,0.0873688235878944,0.0873688235878944,0.0873688235878944,0.0
2020-10-15,0.0873688235878944,0.0873688235878944,0.0873688235878944,0.0873688235878944,0.0
2020-10-16,0.0873688235878944,0.0873688235878944,0.0873688235878944,0.0873688235878944,0.0
2020-10-19,0.0847010761499404,0.0847010761499404,0.0847010761499404,0.0847010761499404,31600.0
2020-10-20,0.0847010761499404,0.0847010761499404,0.0847010761499404,0.0847010761499404,0.0
2020-10-21,0.0847010761499404,0.0847010761499404,0.0847010761499404,0.0847010761499404,0.0
2020-10-22,0.0847010761499404,0.0847010761499404,0.0847010761499404,0.0847010761499404,0.0
2020-10-23,0.0847010761499404,0.0847010761499404,0.0847010761499404,0.0847010761499404,0.0
2020-10-26,0.0847010761499404,0.0847010761499404,0.0847010761499404,0.0847010761499404,0.0
2020-10-27,0.0853680372238159,0.0853680372238159,0.0853680372238159,0.0853680372238159,94000.0
2020-10-28,0.0853680372238159,0.0853680372238159,0.0853680372238159,0.0853680372238159,0.0
2020-10-29,0.0853680150877231,0.0853680150877231,0.0847010761499404,0.0847010761499404,50000.0
2020-10-30,0.0967059582471847,0.0967059582471847,0.0967059582471847,0.0967059582471847,45000.0
2020-11-02,0.0900365859270095,0.0900365859270095,0.0900365859270095,0.0900365859270095,100000.0
2020-11-03,0.0900365859270095,0.0900365859270095,0.0900365859270095,0.0900365859270095,0.0
2020-11-04,0.0900365859270095,0.0900365859270095,0.0900365859270095,0.0900365859270095,0.0
2020-11-05,0.0920373871922493,0.0920373871922493,0.0920373871922493,0.0920373871922493,50000.0
2020-11-06,0.1013745214060783,0.1027083994338037,0.0940382121298794,0.0967059582471847,290000.0
2020-11-09,0.0967059573114414,0.1067100225462902,0.0967059573114414,0.1047092154622078,680600.0
2020-11-10,0.1047092017486132,0.1053761406686746,0.1007075682282448,0.1007075682282447,65000.0
2020-11-11,0.102708384988429,0.102708384988429,0.1007075682282448,0.1007075682282447,62000.0
2020-11-12,0.1007075682282448,0.1007075682282448,0.1007075682282448,0.1007075682282447,0.0
2020-11-13,0.1000406531820858,0.1027083992958068,0.1000406531820858,0.1027083992958068,20000.0
2020-11-16,0.1027083992958068,0.1027083992958068,0.1027083992958068,0.1027083992958068,65000.0
2020-11-17,0.1033753156661987,0.1033753156661987,0.1033753156661987,0.1033753156661987,59000.0
2020-11-18,0.1033753310554343,0.1053761479539467,0.1013745141569218,0.1020414531230926,289200.0
2020-11-19,0.1020414531230926,0.1020414531230926,0.1020414531230926,0.1020414531230926,7500.0
2020-11-20,0.1020414531230926,0.1020414531230926,0.1020414531230926,0.1020414531230926,0.0
2020-11-23,0.1033753156661987,0.1033753156661987,0.1033753156661987,0.1033753156661987,30000.0
2020-11-24,0.1067100238843892,0.1093777799474791,0.1067100238843892,0.1073769629001617,206000.0
2020-11-25,0.1073769638888287,0.1107116490602493,0.1073769638888287,0.1107116490602493,34300.0
2020-11-26,0.1107116490602493,0.1107116490602493,0.1107116490602493,0.1107116490602493,0.0
2020-11-27,0.108710840344429,0.112045525467131,0.108710840344429,0.108710840344429,98600.0
2020-11-30,0.1287190020084381,0.146726319928425,0.1273851236623211,0.1287190020084381,2404200.0
2020-12-01,0.1287190020084381,0.1300528704164071,0.1253843061431457,0.1287190020084381,400800.0
2020-12-02,0.1273850798606872,0.1273850798606872,0.1273850798606872,0.1273850798606872,80000.0
2020-12-03,0.1273851236623211,0.1300528704164071,0.1273851236623211,0.1287190020084381,293000.0
2020-12-04,0.1320536879355825,0.1320536879355825,0.1227165593890598,0.1287190020084381,313400.0
2020-12-07,0.1273850870520203,0.1287189650147826,0.1273850870520203,0.1280520260334015,138000.0
2020-12-08,0.1280520628353796,0.1287190020084381,0.1267181844892627,0.1287190020084381,84500.0
2020-12-09,0.1273850725936557,0.1273850725936557,0.1260511947822903,0.126718133687973,118200.0
2020-12-10,0.1260512078851896,0.1287189637852311,0.1233834619232931,0.1247173398733139,117800.0
2020-12-11,0.1247173420961151,0.1287189660793521,0.1247173420961151,0.1253842711448669,67000.0
2020-12-14,0.1247173253222798,0.1247173253222798,0.1227165086306882,0.1233834475278854,226900.0
2020-12-15,0.1233834475278854,0.1233834475278854,0.1233834475278854,0.1233834475278854,0.0
2020-12-16,0.1293859192711089,0.1293859192711089,0.1227165386080741,0.1227165386080741,13300.0
2020-12-17,0.1227165386080741,0.1227165386080741,0.1227165386080741,0.1227165386080741,0.0
2020-12-18,0.1233834475278854,0.1233834475278854,0.1233834475278854,0.1233834475278854,40000.0
2020-12-21,0.127385088105558,0.127385088105558,0.1253842711448669,0.1253842711448669,13500.0
2020-12-22,0.1253842711448669,0.1253842711448669,0.1253842711448669,0.1253842711448669,37000.0
2020-12-23,0.1240503950801814,0.1273850798606872,0.1240503950801814,0.1273850798606872,7000.0
2020-12-24,0.1273850798606872,0.1273850798606872,0.1273850798606872,0.1273850798606872,0.0
2020-12-28,0.1273850707931552,0.1273850707931552,0.124050386250019,0.124050386250019,39100.0
2020-12-29,0.1260512078851896,0.1260512078851896,0.1247173398733139,0.1247173398733139,96800.0
2020-12-30,0.1247173253222798,0.1247173253222798,0.1233834475278854,0.1233834475278854,115000.0
2020-12-31,0.1233834475278854,0.1233834475278854,0.1233834475278854,0.1233834475278854,0.0
2021-01-04,0.1267181844892627,0.1287190020084381,0.1267181844892627,0.1287190020084381,128000.0
2021-01-05,0.1327205747365951,0.1327205747365951,0.1313866969168314,0.1327205747365951,109000.0
2021-01-06,0.131386712193489,0.132720590168346,0.1300528342186321,0.131386712193489,451300.0
2021-01-07,0.1320536589755265,0.1320536589755265,0.128718973779696,0.130719780921936,158100.0
2021-01-08,0.1293858908724716,0.1307197587617936,0.1287189519587385,0.1300528198480606,261400.0
2021-01-11,0.1307197587617936,0.1320536365892598,0.1293858908724716,0.1300528198480606,997100.0
2021-01-12,0.1300528175402618,0.1300528175402618,0.1293858885765075,0.1293858885765075,88000.0
2021-01-13,0.13071975644216,0.13071975644216,0.1293858885765075,0.1293858885765075,149900.0
2021-01-14,0.1300528182782426,0.1300528182782426,0.126718133687973,0.126718133687973,379000.0
2021-01-15,0.1273850798606872,0.1280520188044173,0.1267181409169571,0.1273850798606872,232000.0
2021-01-18,0.126718141362495,0.128052019254645,0.1260512024164199,0.1260512024164199,172700.0
2021-01-19,0.1253842558766076,0.126718133687973,0.1253842558766076,0.126718133687973,26000.0
2021-01-20,0.1287189496746093,0.1293858885765075,0.1280520107727111,0.1293858885765075,200000.0
2021-01-21,0.1293859411814966,0.1293859411814966,0.1287190020084381,0.1287190020084381,120000.0
2021-01-22,0.1300528330393997,0.1300528330393997,0.1273850870520203,0.1280520260334015,264000.0
2021-01-25,0.1300528704164071,0.1300528704164071,0.1287190020084381,0.1287190020084381,304500.0
2021-01-26,0.1300528704164071,0.1320536879355825,0.1287190020084381,0.1287190020084381,469600.0
2021-01-27,0.1300528208848601,0.1567303279561399,0.1300528208848601,0.1433915793895721,1678300.0
2021-01-28,0.1367221904284552,0.1433915692072128,0.1333875060081482,0.1333875060081482,770900.0
2021-01-29,0.1367221904284552,0.1400568748487623,0.132720567136458,0.1333875060081482,520000.0
2021-02-01,0.1333875367809322,0.1367222219705581,0.1333875367809322,0.1367222219705581,285200.0
2021-02-02,0.1400568783283233,0.1400568783283233,0.1400568783283233,0.1400568783283233,693000.0
2021-02-03,0.1367222219705581,0.1467262874775817,0.1333875367809322,0.1367222219705581,2082200.0
2021-02-04,0.1400568783283233,0.1433915727696207,0.1400568783283233,0.1400568783283233,108000.0
2021-02-05,0.1435583233833313,0.1435583233833313,0.1400569041704617,0.1435583233833313,288000.0
2021-02-08,0.1435583233833313,0.1435583233833313,0.1435583233833313,0.1435583233833313,105800.0
2021-02-09,0.1400568783283233,0.1400568783283233,0.1372557351268296,0.1400568783283233,252000.0
2021-02-10,0.1400568783283233,0.1400568783283233,0.137956020927203,0.1400568783283233,18000.0
2021-02-11,0.1400568783283233,0.1400568783283233,0.1400568783283233,0.1400568783283233,0.0
2021-02-15,0.1400569017163592,0.1400569017163592,0.1372557580471038,0.1372557580471038,190000.0
2021-02-16,0.1372557580471038,0.1372557580471038,0.1372557580471038,0.1372557580471038,0.0
2021-02-17,0.1372557580471038,0.1372557580471038,0.1372557580471038,0.1372557580471038,0.0
2021-02-18,0.1365554630756378,0.1365554630756378,0.1365554630756378,0.1365554630756378,35000.0
2021-02-19,0.1365554630756378,0.1365554630756378,0.1365554630756378,0.1365554630756378,0.0
2021-02-22,0.1365554630756378,0.1365554630756378,0.1365554630756378,0.1365554630756378,10000.0
2021-02-23,0.1358551830053329,0.1358551830053329,0.1358551830053329,0.1358551830053329,51000.0
2021-02-24,0.1365554701511723,0.1365554701511723,0.1344546228647232,0.1344546228647232,131400.0
2021-02-25,0.1337543278932571,0.1337543278932571,0.1337543278932571,0.1337543278932571,10000.0
2021-02-26,0.1337543337131327,0.1337543337131327,0.1330540478229522,0.1330540478229522,120500.0
2021-03-01,0.1330540478229522,0.1330540478229522,0.1330540478229522,0.1330540478229522,299000.0
2021-03-02,0.1323537736344367,0.1323537736344367,0.1316534876823425,0.1316534876823425,55000.0
2021-03-03,0.1323537619327717,0.1330540478229522,0.1316534760425912,0.1330540478229522,317000.0
2021-03-04,0.1330540363839297,0.1330540363839297,0.1295526176691055,0.1295526176691055,508000.0
2021-03-05,0.1295526119404014,0.1302528977394104,0.1288523261413924,0.1302528977394104,206000.0
2021-03-08,0.1295526503797206,0.1295526503797206,0.1267515063525626,0.1274517923593521,273000.0
2021-03-09,0.1260512216383869,0.1260512216383869,0.1246506497263908,0.1246506497263908,249000.0
2021-03-10,0.1246506497263908,0.1246506497263908,0.1246506497263908,0.1246506497263908,88000.0
2021-03-11,0.1246506587672476,0.1274517923593521,0.123950372760458,0.1274517923593521,101000.0
2021-03-12,0.1281520683569241,0.1316534876823425,0.1281520683569241,0.1316534876823425,247100.0
2021-03-15,0.1316534831047305,0.1323537690324756,0.1302529216842924,0.1309532076120376,220000.0
2021-03-16,0.1309531893290555,0.1309531893290555,0.1295526176691055,0.1295526176691055,59100.0
2021-03-17,0.1302529034990805,0.1302529034990805,0.1295526176691055,0.1295526176691055,40000.0
2021-03-18,0.1288523524999618,0.1288523524999618,0.1288523524999618,0.1288523524999618,35500.0
2021-03-19,0.1274517767408846,0.1344546255155681,0.1274517767408846,0.1323537677526474,173700.0
2021-03-22,0.1330540510503891,0.1344546228647232,0.132353765143222,0.1344546228647232,259500.0
2021-03-23,0.1330540595865309,0.1330540595865309,0.1316534876823425,0.1316534876823425,105000.0
2021-03-24,0.1316534876823425,0.1316534876823425,0.1316534876823425,0.1316534876823425,115300.0
2021-03-25,0.1344546268157111,0.1344546268157111,0.1309532076120376,0.1309532076120376,92000.0
2021-03-26,0.1330540478229522,0.1330540478229522,0.1330540478229522,0.1330540478229522,70000.0
2021-03-29,0.1337543278932571,0.134454613752967,0.1337543278932571,0.1337543278932571,100000.0
2021-03-30,0.1337543369575561,0.1344546228647232,0.1337543369575561,0.1344546228647232,115100.0
2021-03-31,0.1351548881607598,0.14355829689514,0.1351548881607598,0.1400568783283233,1009100.0
2021-04-01,0.1400569017163592,0.1435583208678763,0.1351549107302145,0.1372557580471038,697700.0
2021-04-05,0.1386563181877136,0.1393566040459666,0.1386563181877136,0.1386563181877136,350500.0
2021-04-06,0.1386563124288507,0.1393565982580185,0.1365554549413473,0.1393565982580185,312200.0
2021-04-07,0.1386563298817315,0.1386563298817315,0.13655547212979,0.1372557580471038,160000.0
2021-04-08,0.1386563124288507,0.1393565982580185,0.1386563124288507,0.1393565982580185,258900.0
2021-04-09,0.1400568840871863,0.1435583027979744,0.137255740770515,0.1393565982580185,246600.0
2021-04-12,0.1365554608970454,0.1372557467567553,0.1330540420335472,0.1337543278932571,301500.0
2021-04-13,0.1351548971583398,0.137255744264268,0.1351548971583398,0.1358551830053329,158000.0
2021-04-14,0.1351549178361892,0.1351549178361892,0.1344546318820568,0.1351549178361892,482000.0
2021-04-15,0.1351549178361892,0.1351549178361892,0.1344546318820568,0.1351549178361892,225000.0
2021-04-16,0.1351549087718902,0.1365554701511723,0.1344546228647232,0.1344546228647232,221300.0
2021-04-19,0.1372557464712075,0.1435583087604335,0.1372557464712075,0.1386563181877136,1504100.0
2021-04-20,0.1400568899042197,0.1400568899042197,0.1386563181877136,0.1386563181877136,357200.0
2021-04-21,0.154062572674702,0.154062572674702,0.1435583058816519,0.1505611538887024,4920600.0
2021-04-22,0.1505611722441227,0.1505611722441227,0.1435583233833313,0.1435583233833313,1243400.0
2021-04-23,0.1470597386360168,0.1470597386360168,0.1435583195174373,0.1470597386360168,559300.0
2021-04-26,0.1505611859432241,0.1680682940355423,0.1505611859432241,0.1645668745040893,5310100.0
2021-04-27,0.1715697240020486,0.1715697240020486,0.1645668745040893,0.1645668745040893,1515800.0
2021-04-28,0.1610654443502426,0.1610654443502426,0.1610654443502426,0.1610654443502426,168400.0
2021-04-29,0.1645668628472028,0.1925782484198352,0.1645668628472028,0.1785725504159927,10335500.0
2021-04-30,0.1785725241289881,0.1820739428969915,0.1750711053609848,0.1750711053609848,1716200.0
2021-05-03,0.1750711241533099,0.1750711241533099,0.1715697050094604,0.1715697050094604,1168200.0
2021-05-04,0.1750711311325584,0.1855753889828614,0.1750711311325584,0.1785725504159927,4339100.0
2021-05-05,0.1820739428969915,0.1820739428969915,0.1750711053609848,0.1750711053609848,1607800.0
2021-05-06,0.1785725537670883,0.196079671382904,0.1785725537670883,0.196079671382904,10410500.0
2021-05-07,0.1960796591854603,0.1995810783167911,0.1855753809213638,0.1855753809213638,12220700.0
2021-05-10,0.1890768487134257,0.2100853874593618,0.1890768487134257,0.206583946943283,8429300.0
2021-05-11,0.2100853358044696,0.2521024029653635,0.1960796397941376,0.2450995445251464,30094100.0
2021-05-12,0.2450995753152268,0.2556038538600777,0.2275924583205453,0.2310938984155655,18961200.0
2021-05-14,0.2275924787164421,0.2310939191252468,0.1890768429206565,0.1995811015367508,21320600.0
2021-05-17,0.1995810352489774,0.2240909847493677,0.1960796168732217,0.2170881479978561,9875500.0
2021-05-18,0.217088196608451,0.2240910349280448,0.2135867774486542,0.2135867774486541,2935400.0
2021-05-19,0.2170882155187481,0.2205896349835495,0.2030825167894363,0.2030825167894363,3902900.0
2021-05-20,0.2065839367537557,0.2135867965703976,0.2065839367537557,0.2100853770971298,3272400.0
2021-05-21,0.2100853765891453,0.2135867960539467,0.1960796778598335,0.2030825167894363,5649600.0
2021-05-24,0.2030825100811881,0.2100853696495777,0.196079671382904,0.196079671382904,6630900.0
2021-05-25,0.201476365327835,0.2086719429109501,0.1978785765362775,0.201476365327835,4202900.0
2021-05-27,0.2014763723737452,0.2122697391258768,0.197878583456368,0.2050741612911224,5607000.0
2021-05-28,0.2086719499119427,0.2266609159177769,0.2086719499119427,0.2158675491809845,22831400.0
2021-05-31,0.2194653380932486,0.2194653380932486,0.2122697388242068,0.2158675491809845,2739200.0
2021-06-01,0.2194653004407882,0.2230630887357995,0.2158675121457769,0.2194653004407882,9635300.0
2021-06-02,0.2194653458154989,0.2230631348543572,0.2086719572544098,0.2086719572544098,3521600.0
2021-06-03,0.2122697462932681,0.2194653458154989,0.2050741682155515,0.2086719572544098,12103000.0
2021-06-04,0.2122697532176971,0.2122697532176971,0.2086719640614757,0.2122697532176971,1002500.0
2021-06-07,0.2158674748466139,0.248247585351353,0.2158674748466139,0.2446497976779937,20526500.0
2021-06-08,0.2446498512539542,0.2842255672166183,0.241052062792714,0.2806277573108673,21082400.0
2021-06-09,0.2806277419119288,0.2950189164117109,0.2698343771204745,0.2734321653842926,7448300.0
2021-06-10,0.2734321801769568,0.2734321801769568,0.2662366032600403,0.2662366032600403,2630300.0
2021-06-11,0.2698344267162315,0.3309969027763744,0.2698344267162315,0.3058123588562011,27717000.0
2021-06-14,0.3094100654125213,0.3166056413471588,0.2950188920987385,0.3094100654125213,3554200.0
2021-06-15,0.3094100973409671,0.3453880021712709,0.2986167108807189,0.3345946371555328,13138700.0
2021-06-16,0.3417901785628978,0.3417901785628978,0.3058122774452026,0.3094100654125213,6068000.0
2021-06-17,0.3094100927119391,0.3166056692814461,0.2806277435448914,0.2842255532741546,6584000.0
2021-06-18,0.2842255532741546,0.2986167064131688,0.2734321669753844,0.2842255532741546,7358500.0
2021-06-21,0.2806277435448914,0.2878233415589082,0.2698343786906308,0.2842255532741546,4220800.0
2021-06-22,0.2878233556778585,0.295018932600339,0.2770299688496271,0.2806277573108673,4706600.0
2021-06-23,0.2806277573108673,0.295018932600339,0.2806277573108673,0.2806277573108673,5257900.0
2021-06-24,0.2806277573108673,0.2914211441390988,0.2770299688496271,0.2806277573108673,7081700.0
2021-06-25,0.2842255749019292,0.2878233634604517,0.2698343992233276,0.2698343992233276,8452200.0
2021-06-28,0.2734321801769568,0.2734321801769568,0.262638814801582,0.2662366032600403,1941100.0
2021-06-29,0.2662366106648051,0.2842255749019292,0.2626388221062825,0.2698343992233276,7226000.0
2021-06-30,0.2734321653842926,0.2806277419119288,0.2698343771204745,0.2734321653842926,5056300.0
2021-07-01,0.2770299536481107,0.2770299536481107,0.2698343771204745,0.2734321653842926,2464700.0
2021-07-02,0.2770299698588314,0.2950189336750761,0.2698343929101379,0.2914211452007293,9844300.0
2021-07-05,0.295018948472501,0.305812335881422,0.295018948472501,0.2986167371273041,5585100.0
2021-07-06,0.302214503288269,0.3058123131197988,0.2842255613531717,0.302214503288269,5980500.0
2021-07-07,0.3022145488245748,0.309410148127324,0.2878233931081034,0.2950189709663391,4762800.0
2021-07-08,0.295018932600339,0.295018932600339,0.2770299688496271,0.2806277573108673,2764500.0
2021-07-09,0.2806277435448914,0.2878233415589082,0.2806277435448914,0.2842255532741546,1936600.0
2021-07-12,0.2878233567263826,0.2950189336750761,0.2842255682520358,0.2914211452007293,4232500.0
2021-07-13,0.2914211298436617,0.2950189181284152,0.2842255532741546,0.2842255532741546,2483200.0
2021-07-14,0.2878233556778585,0.2878233556778585,0.2806277573108673,0.2806277573108673,1521500.0
2021-07-15,0.2806277435448914,0.2842255532741546,0.2770299552601379,0.2842255532741546,1190800.0
2021-07-16,0.2842255672166183,0.2878233556778585,0.2734321803883868,0.2806277573108673,2639600.0
2021-07-19,0.2770299763403727,0.2806277648988953,0.2698343992233276,0.2698343992233276,6014900.0
2021-07-21,0.2734321801769568,0.277029968635415,0.262638814801582,0.2662366032600403,4334000.0
2021-07-22,0.2698343917184985,0.2734321801769568,0.262638814801582,0.2662366032600403,1667000.0
2021-07-23,0.2698343992233276,0.2734321877818502,0.2662366106648051,0.2698343992233276,1295200.0
2021-07-26,0.2734321723637103,0.2734321723637103,0.2626388072967529,0.2626388072967529,1554000.0
2021-07-27,0.2698343771204745,0.2734321653842926,0.2662365888566563,0.2734321653842926,3547700.0
2021-07-28,0.2734321803883868,0.2878233556778585,0.2734321803883868,0.2806277573108673,6550800.0
2021-07-29,0.2806277195220259,0.2842255289433021,0.2734321435684892,0.2770299315452575,1667500.0
2021-07-30,0.2806277419119288,0.2806277419119288,0.2734321653842926,0.2734321653842926,1343300.0
2021-08-02,0.2734321435684892,0.2878233169200705,0.2734321435684892,0.2770299315452575,7479500.0
2021-08-03,0.2806277419119288,0.2806277419119288,0.2734321653842926,0.2734321653842926,1882500.0
2021-08-04,0.2770299536481107,0.2770299536481107,0.2734321653842926,0.2734321653842926,722000.0
2021-08-05,0.277029968635415,0.277029968635415,0.2662366032600403,0.2662366032600403,1496700.0
2021-08-06,0.2698343917184985,0.2698343917184985,0.262638814801582,0.2662366032600403,1463800.0
2021-08-10,0.2662366106648051,0.2734321877818502,0.2662366106648051,0.2698343992233276,1381300.0
2021-08-11,0.2734321877818502,0.2734321877818502,0.2662366106648051,0.2698343992233276,877300.0
2021-08-12,0.2734321653842926,0.2770299536481107,0.2662365888566563,0.2734321653842926,4992000.0
2021-08-13,0.277029968635415,0.277029968635415,0.2662366032600403,0.2662366032600403,1182600.0
2021-08-16,0.2698343840080579,0.2698343840080579,0.2626388072967529,0.2626388072967529,2399100.0
2021-08-17,0.2662365451626551,0.2662365451626551,0.2410520100046345,0.2446497976779937,2487500.0
2021-08-18,0.2446497976779937,0.2518453730247122,0.2410520100046345,0.2446497976779937,1688700.0
2021-08-19,0.2482476075059076,0.2482476075059076,0.2374542435225894,0.2410520315170288,1323400.0
2021-08-20,0.2410520315170288,0.2446498195114682,0.2374542435225894,0.2410520315170288,368200.0
2021-08-23,0.241052052552941,0.241052052552941,0.2302586661832073,0.2338564544916153,833800.0
2021-08-24,0.2338564544916153,0.241052052552941,0.2266608778747993,0.2338564544916153,1630600.0
2021-08-25,0.2338564340836419,0.2482476075059076,0.2338564340836419,0.2410520315170288,3374100.0
2021-08-26,0.2446497976779937,0.248247585351353,0.2410520100046345,0.2446497976779937,822300.0
2021-08-27,0.2446498573592735,0.2446498573592735,0.237454280257225,0.237454280257225,353900.0
2021-08-30,0.237454280257225,0.2410520688082492,0.237454280257225,0.237454280257225,317200.0
2021-08-31,0.2410520757385465,0.2410520757385465,0.2302586883306503,0.2302586883306503,501100.0
2021-09-01,0.2338564769851117,0.2374542870840851,0.2302586883306503,0.2302586883306503,872900.0
2021-09-02,0.2302586354927494,0.2338564233216193,0.2266608476638794,0.2266608476638794,589000.0
2021-09-03,0.2302586354927494,0.2338564233216193,0.2266608476638794,0.2266608476638794,834800.0
2021-09-06,0.2266608545397641,0.2266608545397641,0.2158674907257314,0.2230630666017532,4521000.0
2021-09-07,0.2266608778747993,0.244649840861349,0.2266608778747993,0.2338564544916153,11209200.0
2021-09-08,0.2338564233216193,0.2374542325949963,0.2266608476638794,0.2266608476638794,1019400.0
2021-09-09,0.2302586883306503,0.2302586883306503,0.2266608996761889,0.2302586883306503,725800.0
2021-09-10,0.2302586883306503,0.2338564769851117,0.2266608996761889,0.2302586883306503,629600.0
2021-09-13,0.2302586354927494,0.2302586354927494,0.2230630598350094,0.2266608476638794,802800.0
2021-09-14,0.2230631110217275,0.2302586883306503,0.2230631110217275,0.2302586883306503,1099700.0
2021-09-15,0.2266608545397641,0.230258642477775,0.2194652786637423,0.2230630666017532,372800.0
2021-09-16,0.2266608476638794,0.2302586354927494,0.2230630598350094,0.2266608476638794,336000.0
2021-09-17,0.2266608770308109,0.2266608770308109,0.2194653004407882,0.2194653004407882,302200.0
2021-09-20,0.2194653529746548,0.2230631421308762,0.2086719640614757,0.2122697532176971,1951800.0
2021-09-21,0.2122697532176971,0.2158675638184334,0.2086719640614757,0.2122697532176971,617100.0
2021-09-22,0.2194653529746548,0.2194653529746548,0.2086719640614757,0.2122697532176971,406700.0
2021-09-23,0.2158675638184334,0.2158675638184334,0.2122697532176971,0.2122697532176971,271100.0
2021-09-24,0.2158675121457769,0.2230630887357995,0.2158675121457769,0.2194653004407882,904600.0
2021-09-27,0.2230630598350094,0.2266608476638794,0.2194652720061394,0.2266608476638794,508700.0
2021-09-28,0.2266608580947631,0.2410520315170288,0.2230630701003237,0.2410520315170288,2782800.0
2021-09-29,0.2410520100046345,0.2554431606980714,0.2410520100046345,0.2446497976779937,5031700.0
2021-09-30,0.248247585351353,0.248247585351353,0.2374542223312753,0.2446497976779937,770700.0
2021-10-01,0.2446498573592735,0.2446498573592735,0.237454280257225,0.237454280257225,533200.0
2021-10-04,0.2374542325949963,0.2374542325949963,0.2266608476638794,0.2266608476638794,743900.0
2021-10-05,0.2266608476638794,0.2302586354927494,0.2266608476638794,0.2266608476638794,670900.0
2021-10-06,0.2302586661832073,0.2374542642445331,0.2302586661832073,0.2338564544916153,749400.0
2021-10-07,0.241052052552941,0.241052052552941,0.2338564544916153,0.2338564544916153,199400.0
2021-10-08,0.2410520688082492,0.2410520688082492,0.237454280257225,0.237454280257225,384400.0
2021-10-11,0.2374542642445331,0.241052052552941,0.2338564544916153,0.2338564544916153,173300.0
2021-10-12,0.2338564544916153,0.2374542642445331,0.2302586661832073,0.2338564544916153,336100.0
2021-10-13,0.2374542435225894,0.2410520315170288,0.2338564340836419,0.2410520315170288,148700.0
2021-10-14,0.2410520897199453,0.2626388443432914,0.2374543008568065,0.2554432451725006,4968300.0
2021-10-15,0.2590410554801526,0.2662366332064302,0.2482476674462229,0.2554432451725006,3907500.0
2021-10-18,0.2554432451725006,0.2590410554801526,0.2518454563093618,0.2554432451725006,1573300.0
2021-10-19,0.2554432451725006,0.2590410554801526,0.2518454563093618,0.2554432451725006,847000.0
2021-10-20,0.2554431606980714,0.2590409698159367,0.2446497976779937,0.2446497976779937,1012600.0
2021-10-21,0.251845395500347,0.251845395500347,0.2410520315170288,0.2410520315170288,563000.0
2021-10-22,0.2446497976779937,0.248247585351353,0.2446497976779937,0.2446497976779937,277700.0
2021-10-25,0.248247585351353,0.2518453730247122,0.2410520100046345,0.2446497976779937,409000.0
2021-10-26,0.2446498195114682,0.2446498195114682,0.2410520315170288,0.2410520315170288,223100.0
2021-10-27,0.2410520469927629,0.2518454116690238,0.2410520469927629,0.2482476234436035,768600.0
2021-10-28,0.248247585351353,0.2518453730247122,0.2446497976779937,0.2446497976779937,288400.0
2021-10-29,0.2518454116690238,0.2518454116690238,0.2446498352181832,0.2482476234436035,140800.0
2021-11-01,0.2446498352181832,0.2482476234436035,0.2446498352181832,0.2482476234436035,46400.0
2021-11-02,0.2446497976779937,0.248247585351353,0.2446497976779937,0.2446497976779937,72100.0
2021-11-03,0.2446497976779937,0.2446497976779937,0.2410520100046345,0.2446497976779937,894900.0
2021-11-05,0.2410520100046345,0.2446497976779937,0.2374542223312753,0.2446497976779937,700800.0
2021-11-08,0.2410520100046345,0.2446497976779937,0.2410520100046345,0.2446497976779937,59000.0
2021-11-09,0.2446498195114682,0.2446498195114682,0.2410520315170288,0.2410520315170288,291100.0
2021-11-10,0.2410520688082492,0.2410520688082492,0.237454280257225,0.237454280257225,247300.0
2021-11-11,0.2374542435225894,0.2410520315170288,0.2374542435225894,0.2410520315170288,103200.0
2021-11-12,0.2410520100046345,0.2446497976779937,0.2374542223312753,0.2446497976779937,151100.0
2021-11-15,0.2446498195114682,0.2446498195114682,0.2374542435225894,0.2410520315170288,444000.0
2021-11-16,0.2446498195114682,0.2446498195114682,0.2374542435225894,0.2410520315170288,287300.0
2021-11-17,0.2410520315170288,0.2410520315170288,0.2374542435225894,0.2410520315170288,324000.0
2021-11-18,0.2374542223312753,0.2446497976779937,0.2374542223312753,0.2446497976779937,312100.0
2021-11-19,0.2446497976779937,0.2446497976779937,0.2410520100046345,0.2446497976779937,125400.0
2021-11-22,0.2446497976779937,0.2446497976779937,0.2410520100046345,0.2446497976779937,181800.0
2021-11-23,0.2446498785830841,0.2590410554801526,0.2446498785830841,0.2554432451725006,1750900.0
2021-11-24,0.2626388443432914,0.2662366332064302,0.2554432451725006,0.2554432451725006,2274400.0
2021-11-25,0.2698343992233276,0.2806277648988953,0.2626388221062825,0.2698343992233276,5076600.0
2021-11-26,0.2734321723637103,0.2734321723637103,0.2590410189411005,0.2626388072967529,1788600.0
2021-11-29,0.2554431606980714,0.2554431606980714,0.2446497976779937,0.2446497976779937,1130800.0
2021-11-30,0.2482476075059076,0.2482476075059076,0.2410520315170288,0.2410520315170288,898800.0
2021-12-01,0.2446498195114682,0.2446498195114682,0.2410520315170288,0.2410520315170288,352500.0
2021-12-02,0.2410520757385465,0.2410520757385465,0.2302586883306503,0.2302586883306503,797900.0
2021-12-03,0.2338564702616894,0.237454280257225,0.2338564702616894,0.237454280257225,380600.0
2021-12-06,0.237454280257225,0.237454280257225,0.2338564702616894,0.237454280257225,238600.0
2021-12-07,0.237454280257225,0.237454280257225,0.2338564702616894,0.237454280257225,278200.0
2021-12-08,0.2410520315170288,0.2446498195114682,0.2374542435225894,0.2410520315170288,434200.0
2021-12-09,0.2410520688082492,0.2446498573592735,0.237454280257225,0.237454280257225,145900.0
2021-12-10,0.237454280257225,0.2410520688082492,0.237454280257225,0.237454280257225,141000.0
2021-12-13,0.2374542642445331,0.2374542642445331,0.2338564544916153,0.2338564544916153,193500.0
2021-12-14,0.2374542870840851,0.2374542870840851,0.2302586883306503,0.2302586883306503,423700.0
2021-12-15,0.2266608476638794,0.2302586354927494,0.2266608476638794,0.2266608476638794,203300.0
2021-12-16,0.2302586354927494,0.2410520204238663,0.2266608476638794,0.2266608476638794,2044500.0
2021-12-17,0.2302586883306503,0.2302586883306503,0.2302586883306503,0.2302586883306503,322100.0
2021-12-20,0.230258642477775,0.230258642477775,0.2230630666017532,0.2230630666017532,281200.0
2021-12-21,0.2230630887357995,0.2230630887357995,0.2194653004407882,0.2194653004407882,345000.0
2021-12-22,0.2230631270055128,0.2230631270055128,0.2158675491809845,0.2158675491809845,1059400.0
2021-12-23,0.2158674907257314,0.2230630666017532,0.2158674907257314,0.2230630666017532,193700.0
2021-12-24,0.2230630887357995,0.2230630887357995,0.2194653004407882,0.2194653004407882,218800.0
2021-12-27,0.2194652786637423,0.2230630666017532,0.2194652786637423,0.2230630666017532,181300.0
2021-12-28,0.2230630887357995,0.2230630887357995,0.2194653004407882,0.2194653004407882,430100.0
2021-12-29,0.2230630666017532,0.230258642477775,0.2230630666017532,0.2230630666017532,454500.0
2021-12-30,0.2266608770308109,0.2266608770308109,0.2194653004407882,0.2194653004407882,326400.0
2021-12-31,0.2230630666017532,0.2230630666017532,0.2194652786637423,0.2230630666017532,146400.0
2022-01-03,0.2230630666017532,0.2266608545397641,0.2230630666017532,0.2230630666017532,224100.0
2022-01-04,0.2266608476638794,0.2302586354927494,0.2266608476638794,0.2266608476638794,638200.0
2022-01-05,0.2266608996761889,0.2302586883306503,0.2230631110217275,0.2302586883306503,137700.0
2022-01-06,0.2266608545397641,0.2266608545397641,0.2230630666017532,0.2230630666017532,175400.0
2022-01-07,0.2266608476638794,0.2302586354927494,0.2266608476638794,0.2266608476638794,180500.0
2022-01-10,0.2266608476638794,0.2266608476638794,0.2230630598350094,0.2266608476638794,202200.0
2022-01-11,0.2266608545397641,0.2266608545397641,0.2230630666017532,0.2230630666017532,58800.0
2022-01-12,0.2266608476638794,0.2266608476638794,0.2266608476638794,0.2266608476638794,104100.0
2022-01-13,0.2266608996761889,0.2302586883306503,0.2230631110217275,0.2302586883306503,310000.0
2022-01-14,0.2266608545397641,0.2266608545397641,0.2230630666017532,0.2230630666017532,112900.0
2022-01-17,0.2230630666017532,0.2266608545397641,0.2230630666017532,0.2230630666017532,267000.0
2022-01-18,0.2230630887357995,0.2266608770308109,0.2194653004407882,0.2194653004407882,394800.0
2022-01-19,0.2194653380932486,0.2194653380932486,0.2158675491809845,0.2158675491809845,345900.0
2022-01-20,0.2194653004407882,0.2230630887357995,0.2194653004407882,0.2194653004407882,267900.0
2022-01-21,0.2230630887357995,0.2230630887357995,0.2194653004407882,0.2194653004407882,311600.0
2022-01-24,0.2194652786637423,0.2230630666017532,0.2158674907257314,0.2230630666017532,237300.0
2022-01-25,0.2194653380932486,0.2230631270055128,0.2158675491809845,0.2158675491809845,114600.0
2022-01-26,0.2194652786637423,0.2230630666017532,0.2158674907257314,0.2230630666017532,148900.0
2022-01-27,0.2230630666017532,0.2230630666017532,0.2194652786637423,0.2230630666017532,129200.0
2022-01-28,0.2230630666017532,0.2230630666017532,0.2230630666017532,0.2230630666017532,0.0
2022-01-31,0.2230630666017532,0.2266608545397641,0.2230630666017532,0.2230630666017532,99100.0
2022-02-03,0.2230631110217275,0.2302586883306503,0.2230631110217275,0.2302586883306503,260600.0
2022-02-04,0.2266608996761889,0.2338564769851117,0.2266608996761889,0.2302586883306503,563200.0
2022-02-07,0.2338564544916153,0.241052052552941,0.2302586661832073,0.2338564544916153,459000.0
2022-02-08,0.2410520315170288,0.2410520315170288,0.2302586460892025,0.2410520315170288,829700.0
2022-02-09,0.2410519857094548,0.2410519857094548,0.2336350083351135,0.2336350083351135,170200.0
2022-02-10,0.2336350083351135,0.2373434970222842,0.2299265196479428,0.2336350083351135,121200.0
2022-02-11,0.2373435195251961,0.2373435195251961,0.2299265414476394,0.2299265414476394,32100.0
2022-02-14,0.2299265196479428,0.2373434970222842,0.2225095422736015,0.2336350083351135,375800.0
2022-02-15,0.2373435646295547,0.2447605662209638,0.2336350748860214,0.2373435646295547,560400.0
2022-02-16,0.2373435646295547,0.2373435646295547,0.2373435646295547,0.2373435646295547,83200.0
2022-02-17,0.2373435195251961,0.2373435195251961,0.2299265414476394,0.2299265414476394,116900.0
2022-02-18,0.2299265196479428,0.2373434970222842,0.2299265196479428,0.2336350083351135,75600.0
2022-02-21,0.2299265414476394,0.2336350304864178,0.2299265414476394,0.2299265414476394,65000.0
2022-02-22,0.2299265414476394,0.2299265414476394,0.2299265414476394,0.2299265414476394,164000.0
2022-02-23,0.2299265196479428,0.2373434970222842,0.2299265196479428,0.2336350083351135,128900.0
2022-02-24,0.2336350304864178,0.2336350304864178,0.2262180524088611,0.2299265414476394,182600.0
2022-02-25,0.2336350304864178,0.2336350304864178,0.2262180524088611,0.2299265414476394,195900.0
2022-02-28,0.2262181125993594,0.2262181125993594,0.2225096225738525,0.2225096225738525,198900.0
2022-03-01,0.2262180524088611,0.2336350304864178,0.2262180524088611,0.2299265414476394,114300.0
2022-03-02,0.2299265639620795,0.2299265639620795,0.2262180745601654,0.2262180745601654,90800.0
2022-03-03,0.2262180524088611,0.2299265414476394,0.2262180524088611,0.2299265414476394,118100.0
2022-03-04,0.2299265414476394,0.2299265414476394,0.2225095633700828,0.2299265414476394,140600.0
2022-03-07,0.2299265196479428,0.2410519857094548,0.2299265196479428,0.2336350083351135,645800.0
2022-03-08,0.2336350926503731,0.2336350926503731,0.2225096225738525,0.2225096225738525,336800.0
2022-03-09,0.2299265196479428,0.2336350083351135,0.2299265196479428,0.2336350083351135,11200.0
2022-03-10,0.2336350748860214,0.2373435646295547,0.2336350748860214,0.2373435646295547,308300.0
2022-03-11,0.2336350748860214,0.2373435646295547,0.2336350748860214,0.2373435646295547,5200.0
2022-03-14,0.2336350533639936,0.2336350533639936,0.2262180745601654,0.2262180745601654,301400.0
2022-03-15,0.2262180745601654,0.2262180745601654,0.2262180745601654,0.2262180745601654,0.0
2022-03-16,0.2225095633700828,0.2299265414476394,0.2225095633700828,0.2299265414476394,38100.0
2022-03-17,0.2299265414476394,0.2299265414476394,0.2262180524088611,0.2299265414476394,161200.0
2022-03-18,0.2262180745601654,0.2262180745601654,0.2262180745601654,0.2262180745601654,223400.0
2022-03-21,0.2262180524088611,0.2299265414476394,0.2225095633700828,0.2299265414476394,217500.0
2022-03-22,0.2262181125993594,0.2262181125993594,0.2225096225738525,0.2225096225738525,7100.0
2022-03-23,0.2262180745601654,0.2299265639620795,0.2262180745601654,0.2262180745601654,280200.0
2022-03-24,0.2299265414476394,0.2299265414476394,0.2299265414476394,0.2299265414476394,1900.0
2022-03-25,0.2299265196479428,0.2373434970222842,0.2299265196479428,0.2336350083351135,901200.0
2022-03-28,0.2410520609610788,0.2484690627551957,0.2410520609610788,0.2447605729103088,1243800.0
2022-03-29,0.2447605729103088,0.2484690627551957,0.2447605729103088,0.2447605729103088,350900.0
2022-03-30,0.2447605902949969,0.2670115530490875,0.2447605902949969,0.2670115530490875,4878600.0
2022-03-31,0.2633029662251762,0.2633029662251762,0.2484690099954605,0.2484690099954605,772100.0
2022-04-01,0.2558859884738922,0.2595944775365903,0.2521774994111941,0.2558859884738922,430000.0
2022-04-04,0.2558860606198699,0.2744285332656695,0.2558860606198699,0.2670115530490875,2281300.0
2022-04-05,0.2633030116558075,0.267011523457446,0.2633030116558075,0.2633030116558075,1919800.0
2022-04-06,0.2633029894493799,0.2670115009382503,0.2595945000648498,0.2595945000648498,1400000.0
2022-04-07,0.2595945000648498,0.2595945000648498,0.2595945000648498,0.2595945000648498,70400.0
2022-04-08,0.2595945000648498,0.2595945000648498,0.2558860106803197,0.2595945000648498,636400.0
2022-04-11,0.2595944543457356,0.2595944543457356,0.2484689881515341,0.2521774768829345,1468600.0
2022-04-12,0.248469010348496,0.2558859884738922,0.248469010348496,0.2558859884738922,179100.0
2022-04-13,0.2558859656143351,0.2558859656143351,0.2484689881515341,0.2521774768829345,1670100.0
2022-04-14,0.2521774990528894,0.2558859881103184,0.2484690099954605,0.2484690099954605,262600.0
2022-04-18,0.2484690099954605,0.2484690099954605,0.2484690099954605,0.2484690099954605,494500.0
2022-04-19,0.2484690627551957,0.2484690627551957,0.2447605729103088,0.2447605729103088,1190500.0
2022-04-20,0.2447605212857979,0.2558859884738922,0.2410520101187613,0.2558859884738922,3261400.0
2022-04-21,0.2558859881103184,0.2558859881103184,0.2484690099954605,0.2484690099954605,523600.0
2022-04-22,0.2447604994201336,0.2558859656143351,0.2447604994201336,0.2521774768829345,691400.0
2022-04-25,0.2521774768829345,0.2521774768829345,0.2484689881515341,0.2521774768829345,224800.0
2022-04-26,0.248469032405173,0.248469032405173,0.2410520315170288,0.2410520315170288,691300.0
2022-04-27,0.2410520609610788,0.2521775526000826,0.2410520609610788,0.2447605729103088,1228300.0
2022-04-28,0.2484690099954605,0.2521774990528894,0.2447605209380315,0.2484690099954605,622100.0
2022-04-29,0.2447604965009617,0.2447604965009617,0.2336350083351135,0.2336350083351135,963500.0
2022-05-04,0.2336350083351135,0.2336350083351135,0.2299265196479428,0.2336350083351135,219000.0
2022-05-05,0.2484690099954605,0.2521774990528894,0.2484690099954605,0.2484690099954605,1541300.0
2022-05-06,0.2484689881515341,0.2521774768829345,0.2484689881515341,0.2521774768829345,279500.0
2022-05-09,0.2484690099954605,0.2484690099954605,0.2447605209380315,0.2484690099954605,231400.0
2022-05-10,0.2447605729103088,0.2447605729103088,0.2447605729103088,0.2447605729103088,142000.0
2022-05-11,0.2447605212857979,0.2558859884738922,0.2447605212857979,0.2558859884738922,751900.0
2022-05-12,0.2558859884738922,0.2633029665992884,0.2521774994111941,0.2558859884738922,1099400.0
2022-05-13,0.248469032405173,0.252177521797075,0.2373435421251269,0.2410520315170288,971000.0
2022-05-17,0.2410520321678218,0.2410520321678218,0.2188010736519967,0.2262180745601654,1419200.0
2022-05-18,0.2299265414476394,0.2299265414476394,0.2262180524088611,0.2299265414476394,509500.0
2022-05-19,0.2262180524088611,0.2299265414476394,0.2225095633700828,0.2299265414476394,391700.0
2022-05-20,0.2299265414476394,0.2336350304864178,0.2299265414476394,0.2299265414476394,181500.0
2022-05-23,0.2299265414476394,0.2336350304864178,0.2262180524088611,0.2299265414476394,290600.0
2022-05-24,0.2299266026248662,0.2299266026248662,0.2225096225738525,0.2225096225738525,1355400.0
2022-05-25,0.2270506488275595,0.2270506488275595,0.223266452550888,0.223266452550888,378200.0
2022-05-26,0.2270506322383881,0.230834805683119,0.2270506322383881,0.227050632238388,625300.0
2022-05-27,0.2270505944081764,0.2308347672224044,0.2270505944081764,0.2308347672224044,549300.0
2022-05-30,0.2270506322383881,0.230834805683119,0.2270506322383881,0.227050632238388,199300.0
2022-05-31,0.2270506322383881,0.230834805683119,0.2270506322383881,0.227050632238388,27100.0
2022-06-01,0.2270506322383881,0.2270506322383881,0.2270506322383881,0.227050632238388,268500.0
2022-06-02,0.2232664362382042,0.2270506322383881,0.2194822627934732,0.227050632238388,317400.0
2022-06-03,0.223266452550888,0.2270506488275595,0.223266452550888,0.223266452550888,83000.0
2022-06-06,0.2270505944081764,0.2346189400366325,0.2270505944081764,0.2308347672224044,770900.0
2022-06-07,0.230834805683119,0.230834805683119,0.2232664362382042,0.227050632238388,173700.0
2022-06-08,0.2270505944081764,0.2308347672224044,0.2232663990384991,0.2308347672224044,145500.0
2022-06-09,0.2308347672224044,0.2308347672224044,0.2270505944081764,0.2308347672224044,200800.0
2022-06-10,0.2270506322383881,0.2270506322383881,0.2270506322383881,0.227050632238388,36300.0
2022-06-13,0.2270506488275595,0.2270506488275595,0.223266452550888,0.223266452550888,70700.0
2022-06-14,0.223266452550888,0.223266452550888,0.2194822788296711,0.223266452550888,104700.0
2022-06-15,0.2232664313236605,0.2270506272405467,0.2194822579622268,0.2194822579622268,199400.0
2022-06-16,0.2194822693767565,0.2194822693767565,0.2081297487020492,0.2081297487020492,457200.0
2022-06-17,0.2194822448582328,0.2194822448582328,0.2119138985872268,0.2119138985872268,196300.0
2022-06-20,0.2119138985872268,0.2156980717227298,0.2081297254517239,0.2119138985872268,60000.0
2022-06-21,0.215698093175888,0.215698093175888,0.215698093175888,0.215698093175888,44600.0
2022-06-22,0.2156980846007931,0.2194822579622268,0.2156980846007931,0.2194822579622268,62100.0
2022-06-23,0.2119138985872268,0.2119138985872268,0.2119138985872268,0.2119138985872268,20000.0
2022-06-24,0.2119138985872268,0.2119138985872268,0.2119138985872268,0.2119138985872268,0.0
2022-06-27,0.2156980717227298,0.2156980717227298,0.2119138985872268,0.2119138985872268,78600.0
2022-06-28,0.2119138985872268,0.2119138985872268,0.2119138985872268,0.2119138985872268,80500.0
2022-06-29,0.2119139313872373,0.223266452550888,0.2119139313872373,0.223266452550888,94200.0
2022-06-30,0.2194822666877618,0.2194822666877618,0.215698093175888,0.215698093175888,65700.0
2022-07-01,0.2156980717227298,0.2194822448582328,0.2119138985872268,0.2119138985872268,37100.0
2022-07-04,0.2119138985872268,0.2119138985872268,0.2119138985872268,0.2119138985872268,0.0
2022-07-05,0.2156980846007931,0.2194822579622268,0.2156980846007931,0.2194822579622268,26300.0
2022-07-06,0.2168195701605975,0.2206234186887741,0.2168195701605975,0.2206234186887741,50400.0
2022-07-07,0.2168195701605975,0.2206234186887741,0.2168195701605975,0.2206234186887741,89000.0
2022-07-08,0.2206234186887741,0.2206234186887741,0.2168195701605975,0.2206234186887741,27400.0
2022-07-12,0.2206234186887741,0.2206234186887741,0.2168195701605975,0.2206234186887741,86300.0
2022-07-13,0.2168195232499218,0.2168195232499218,0.2092118278395557,0.2130156755447387,169600.0
2022-07-14,0.2130156755447388,0.2168195232499218,0.2092118278395557,0.2130156755447387,190700.0
2022-07-15,0.2130156755447388,0.2168195232499218,0.2130156755447388,0.2130156755447387,13600.0
2022-07-18,0.2130157209524636,0.2168195694684982,0.2130157209524636,0.2168195694684982,71600.0
2022-07-19,0.2168195694684982,0.2168195694684982,0.2168195694684982,0.2168195694684982,0.0
2022-07-20,0.2168195701605975,0.2244272672169507,0.2168195701605975,0.2206234186887741,8200.0
2022-07-21,0.2168195701605975,0.2206234186887741,0.2168195701605975,0.2206234186887741,61200.0
2022-07-22,0.2168195701605975,0.2206234186887741,0.2168195701605975,0.2206234186887741,62400.0
2022-07-25,0.2206234193691429,0.22442726790905,0.2206234193691429,0.22442726790905,107100.0
2022-07-26,0.2206234125143208,0.228231132030487,0.2206234125143208,0.228231132030487,266300.0
2022-07-27,0.228231132030487,0.228231132030487,0.228231132030487,0.228231132030487,67200.0
2022-07-28,0.22442726790905,0.22442726790905,0.22442726790905,0.22442726790905,156000.0
2022-07-29,0.22442726790905,0.22442726790905,0.22442726790905,0.22442726790905,57200.0
2022-08-01,0.22442726790905,0.22442726790905,0.22442726790905,0.22442726790905,0.0
2022-08-02,0.228231132030487,0.228231132030487,0.2244272609360414,0.228231132030487,49300.0
2022-08-03,0.2282311391216828,0.2282311391216828,0.22442726790905,0.22442726790905,83500.0
2022-08-04,0.2244272672169507,0.2244272672169507,0.2206234186887741,0.2206234186887741,27900.0
2022-08-05,0.22442726790905,0.22442726790905,0.22442726790905,0.22442726790905,56100.0
2022-08-08,0.2244272609360414,0.228231132030487,0.2244272609360414,0.228231132030487,187000.0
2022-08-10,0.2206234186887741,0.2206234186887741,0.2206234186887741,0.2206234186887741,331100.0
2022-08-11,0.22442726790905,0.22442726790905,0.22442726790905,0.22442726790905,29000.0
2022-08-12,0.2282311376893273,0.2282311376893273,0.2168195694684982,0.2168195694684982,119600.0
2022-08-15,0.2168195701605975,0.2206234186887741,0.2168195701605975,0.2206234186887741,5100.0
2022-08-16,0.2168195694684982,0.2206234179845327,0.2168195694684982,0.2168195694684982,34000.0
2022-08-17,0.2168195694684982,0.2168195694684982,0.2168195694684982,0.2168195694684982,0.0
2022-08-18,0.2168195694684982,0.2168195694684982,0.2168195694684982,0.2168195694684982,0.0
2022-08-19,0.2206234186887741,0.2206234186887741,0.2206234186887741,0.2206234186887741,300.0
2022-08-22,0.2168195694684982,0.2244272665005672,0.2168195694684982,0.2168195694684982,51000.0
2022-08-23,0.2168195701605975,0.2244272672169507,0.2168195701605975,0.2206234186887741,97600.0
2022-08-24,0.2168195694684982,0.2168195694684982,0.2130157209524636,0.2168195694684982,150300.0
2022-08-25,0.2130157209524636,0.2168195694684982,0.2130157209524636,0.2168195694684982,55000.0
2022-08-26,0.2092118278395557,0.2168195232499218,0.2092118278395557,0.2130156755447387,82900.0
2022-08-29,0.2130157043462811,0.2130157043462811,0.2092118561267852,0.2092118561267852,134500.0
2022-08-30,0.2092118561267852,0.2092118561267852,0.2092118561267852,0.2092118561267852,0.0
2022-08-31,0.2130157209524636,0.2168195694684982,0.2130157209524636,0.2168195694684982,50200.0
2022-09-01,0.2130156755447388,0.2130156755447388,0.2130156755447388,0.2130156755447387,30000.0
2022-09-02,0.2130156755447388,0.2130156755447388,0.2130156755447388,0.2130156755447387,15800.0
2022-09-05,0.2092118399303639,0.2130156878553796,0.2054079920053482,0.2054079920053482,260200.0
2022-09-06,0.2054079920053482,0.2054079920053482,0.2054079920053482,0.2054079920053482,0.0
2022-09-07,0.2092118561267852,0.2130157043462811,0.2092118561267852,0.2092118561267852,6100.0
2022-09-08,0.2092118561267852,0.2092118561267852,0.2092118561267852,0.2092118561267852,100.0
2022-09-09,0.2092118561267852,0.2092118561267852,0.2092118561267852,0.2092118561267852,100.0
2022-09-12,0.2130156755447388,0.2168195232499218,0.2130156755447388,0.2130156755447387,120800.0
2022-09-13,0.2130156755447388,0.2168195232499218,0.2130156755447388,0.2130156755447387,66500.0
2022-09-14,0.2130156755447388,0.2130156755447388,0.2130156755447388,0.2130156755447387,0.0
2022-09-15,0.2168195694684982,0.2206234179845327,0.2168195694684982,0.2168195694684982,37000.0
2022-09-16,0.2168195694684982,0.2168195694684982,0.2168195694684982,0.2168195694684982,0.0
2022-09-19,0.2168195701605975,0.2206234186887741,0.2168195701605975,0.2206234186887741,25100.0
2022-09-20,0.2206234186887741,0.2244272672169507,0.2206234186887741,0.2206234186887741,89700.0
2022-09-21,0.2168195694684982,0.2168195694684982,0.2168195694684982,0.2168195694684982,10000.0
2022-09-22,0.2168195694684982,0.2168195694684982,0.2168195694684982,0.2168195694684982,103500.0
2022-09-23,0.2168195232499218,0.2168195232499218,0.2130156755447388,0.2130156755447387,51600.0
2022-09-26,0.2130156755447388,0.2168195232499218,0.2130156755447388,0.2130156755447387,92400.0
2022-09-27,0.2130156907567624,0.2130156907567624,0.1901925802230835,0.1901925802230835,312800.0
2022-09-28,0.2016041370150698,0.2168195525657769,0.1978002887955739,0.2092118561267852,94200.0
2022-09-29,0.2092118561267852,0.2092118561267852,0.2092118561267852,0.2092118561267852,6800.0
2022-09-30,0.2092118561267852,0.2092118561267852,0.2092118561267852,0.2092118561267852,0.0
2022-10-03,0.2092118561267852,0.2092118561267852,0.2092118561267852,0.2092118561267852,0.0
2022-10-04,0.2054080283342279,0.2054080283342279,0.1978003084659576,0.1978003084659576,131300.0
2022-10-05,0.1978002926379073,0.2016041409312941,0.1939964443445205,0.1939964443445205,67400.0
2022-10-06,0.1939964405760781,0.2130157043462811,0.1939964405760781,0.2092118561267852,101600.0
2022-10-07,0.2092118561267852,0.2092118561267852,0.2092118561267852,0.2092118561267852,0.0
2022-10-10,0.2092118561267852,0.2092118561267852,0.2092118561267852,0.2092118561267852,0.0
2022-10-11,0.2016041278839111,0.2054079986038439,0.2016041278839111,0.2016041278839111,26900.0
2022-10-12,0.2016041570637297,0.2016041570637297,0.1978003084659576,0.1978003084659576,25000.0
2022-10-13,0.1978002798367011,0.2016041278839111,0.1978002798367011,0.2016041278839111,99200.0
2022-10-14,0.2016041278839111,0.2016041278839111,0.2016041278839111,0.2016041278839111,0.0
2022-10-17,0.1978003084659576,0.1978003084659576,0.1939964598681855,0.1978003084659576,35100.0
2022-10-18,0.1978003084659576,0.1978003084659576,0.1978003084659576,0.1978003084659576,0.0
2022-10-19,0.2016041278839111,0.2054079986038439,0.1978002798367011,0.2016041278839111,166300.0
2022-10-20,0.1939964598681855,0.1978003084659576,0.1939964598681855,0.1978003084659576,40000.0
2022-10-21,0.1978003084659576,0.1978003084659576,0.1978003084659576,0.1978003084659576,19000.0
2022-10-25,0.1939964281999096,0.1939964281999096,0.1901925802230835,0.1901925802230835,165800.0
2022-10-26,0.1939964443445205,0.1939964443445205,0.1901925960511337,0.1939964443445205,112600.0
2022-10-27,0.1901925802230835,0.1939964281999096,0.1901925802230835,0.1901925802230835,75100.0
2022-10-28,0.1901925802230835,0.1901925802230835,0.1901925802230835,0.1901925802230835,0.0
2022-10-31,0.1901926112704134,0.1978003084659576,0.1901926112704134,0.1978003084659576,58900.0
2022-11-01,0.1901925776325632,0.2054079920053482,0.1901925776325632,0.2054079920053482,142800.0
2022-11-02,0.2054079920053482,0.2054079920053482,0.2054079920053482,0.2054079920053482,0.0
2022-11-03,0.2054079920053482,0.2054079920053482,0.2054079920053482,0.2054079920053482,0.0
2022-11-04,0.1978002734825946,0.2054079920053482,0.1939964255575789,0.2054079920053482,13100.0
2022-11-07,0.2054079920053482,0.2054079920053482,0.2054079920053482,0.2054079920053482,0.0
2022-11-08,0.2054079920053482,0.2054079920053482,0.2054079920053482,0.2054079920053482,0.0
2022-11-09,0.2054079920053482,0.2054079920053482,0.2054079920053482,0.2054079920053482,0.0
2022-11-10,0.2016041214076104,0.2054079920053482,0.2016041214076104,0.2054079920053482,23000.0
2022-11-11,0.2168195701605975,0.2244272672169507,0.2168195701605975,0.2206234186887741,921600.0
2022-11-14,0.2206234193691429,0.22442726790905,0.2168195708292358,0.22442726790905,229400.0
2022-11-15,0.2244272672169507,0.2244272672169507,0.2206234186887741,0.2206234186887741,309800.0
2022-11-16,0.2130156755447388,0.2130156755447388,0.2092118278395557,0.2130156755447387,64600.0
2022-11-17,0.2168195701605975,0.2244272672169507,0.2168195701605975,0.2206234186887741,137100.0
2022-11-18,0.2168195701605975,0.2206234186887741,0.2168195701605975,0.2206234186887741,37600.0
2022-11-21,0.22442726790905,0.22442726790905,0.2206234193691429,0.22442726790905,22400.0
2022-11-22,0.22442726790905,0.22442726790905,0.22442726790905,0.22442726790905,10000.0
2022-11-23,0.22442726790905,0.22442726790905,0.22442726790905,0.22442726790905,1700.0
2022-11-24,0.2244272328832194,0.2320349514484405,0.2244272328832194,0.2320349514484405,102800.0
2022-11-25,0.2320349514484405,0.2320349514484405,0.2244272328832194,0.2320349514484405,214500.0
2022-11-28,0.2320349514484405,0.2320349514484405,0.228231103502191,0.2320349514484405,496800.0
2022-11-29,0.2320349514484405,0.2320349514484405,0.228231103502191,0.2320349514484405,92700.0
2022-11-30,0.228231132030487,0.228231132030487,0.228231132030487,0.228231132030487,62300.0
2022-12-01,0.2282311391216828,0.2282311391216828,0.22442726790905,0.22442726790905,330000.0
2022-12-02,0.22442726790905,0.2282311391216828,0.2206234193691429,0.22442726790905,219300.0
2022-12-05,0.22442726790905,0.22442726790905,0.22442726790905,0.22442726790905,160000.0
2022-12-06,0.2282311391216828,0.2320349876615899,0.22442726790905,0.22442726790905,75800.0
2022-12-07,0.228231103502191,0.2320349514484405,0.228231103502191,0.2320349514484405,93600.0
2022-12-08,0.2320349514484405,0.2320349514484405,0.228231103502191,0.2320349514484405,78400.0
2022-12-09,0.2282311391216828,0.2282311391216828,0.22442726790905,0.22442726790905,14100.0
2022-12-12,0.228231103502191,0.2320349514484405,0.228231103502191,0.2320349514484405,101000.0
2022-12-13,0.2320349804522076,0.2320349804522076,0.228231132030487,0.228231132030487,189800.0
2022-12-14,0.23583879939469,0.23583879939469,0.2320349514484405,0.2320349514484405,14100.0
2022-12-15,0.2320349514484405,0.2320349514484405,0.2320349514484405,0.2320349514484405,5100.0
2022-12-16,0.2320349514484405,0.2320349514484405,0.2320349514484405,0.2320349514484405,50000.0
2022-12-19,0.232034938041098,0.2358387857675552,0.232034938041098,0.2358387857675552,3000.0
2022-12-20,0.2358387857675552,0.2358387857675552,0.2358387857675552,0.2358387857675552,241600.0
2022-12-21,0.2358388019022975,0.243446497875687,0.2358388019022975,0.2396426498889923,196500.0
2022-12-22,0.2396426498889923,0.2396426498889923,0.2358388019022975,0.2396426498889923,100000.0
2022-12-23,0.2396426511032987,0.2434464991092682,0.2358388030973293,0.2434464991092682,136600.0
2022-12-27,0.243446497875687,0.243446497875687,0.2396426498889923,0.2396426498889923,94600.0
2022-12-28,0.243446497875687,0.243446497875687,0.2396426498889923,0.2396426498889923,35000.0
2022-12-29,0.2396426511032987,0.2434464991092682,0.2396426511032987,0.2434464991092682,41000.0
2022-12-30,0.2434464991092682,0.2434464991092682,0.2396426511032987,0.2434464991092682,76600.0
2023-01-03,0.2472503471152376,0.2472503471152376,0.2434464991092682,0.2434464991092682,33200.0
2023-01-04,0.2434464991092682,0.2434464991092682,0.2396426511032987,0.2434464991092682,218200.0
2023-01-05,0.2472503471152376,0.2472503471152376,0.2434464991092682,0.2434464991092682,290400.0
2023-01-06,0.2434464812204696,0.2434464812204696,0.2358387857675552,0.2358387857675552,119500.0
2023-01-09,0.2396426498889923,0.2396426498889923,0.2358388019022975,0.2396426498889923,351100.0
2023-01-10,0.23583879939469,0.23583879939469,0.2320349514484405,0.2320349514484405,121000.0
2023-01-11,0.2396426498889923,0.243446497875687,0.2396426498889923,0.2396426498889923,336300.0
2023-01-12,0.2358387857675552,0.2358387857675552,0.2358387857675552,0.2358387857675552,450000.0
2023-01-13,0.2358387857675552,0.2358387857675552,0.2358387857675552,0.2358387857675552,0.0
2023-01-16,0.23583879939469,0.23583879939469,0.2320349514484405,0.2320349514484405,330000.0
2023-01-17,0.2320349514484405,0.2320349514484405,0.2320349514484405,0.2320349514484405,0.0
2023-01-18,0.2358387857675552,0.2358387857675552,0.2358387857675552,0.2358387857675552,10300.0
2023-01-19,0.2396426498889923,0.2396426498889923,0.2396426498889923,0.2396426498889923,31500.0
2023-01-20,0.2396426498889923,0.2396426498889923,0.2396426498889923,0.2396426498889923,25000.0
2023-01-25,0.2396426511032987,0.2434464991092682,0.2396426511032987,0.2434464991092682,30300.0
2023-01-26,0.243446497875687,0.243446497875687,0.2396426498889923,0.2396426498889923,190700.0
2023-01-27,0.2396426498889923,0.2396426498889923,0.2358388019022975,0.2396426498889923,146400.0
2023-01-30,0.2396426498889923,0.2396426498889923,0.2358388019022975,0.2396426498889923,202100.0
2023-01-31,0.2396426498889923,0.2396426498889923,0.2396426498889923,0.2396426498889923,10000.0
2023-02-01,0.2396426498889923,0.243446497875687,0.2358388019022975,0.2396426498889923,531200.0
2023-02-02,0.2396426498889923,0.2396426498889923,0.2358388019022975,0.2396426498889923,364000.0
2023-02-03,0.2396426334940124,0.2396426334940124,0.2358387857675552,0.2358387857675552,303500.0
2023-02-06,0.2397694364095646,0.2397694364095646,0.2319081276655197,0.2319081276655197,292400.0
2023-02-07,0.2358387857675552,0.2358387857675552,0.2358387857675552,0.2358387857675552,299800.0
2023-02-08,0.2358387937517813,0.2358387937517813,0.2319081276655197,0.2319081276655197,157400.0
2023-02-09,0.2319081276655197,0.2319081276655197,0.2319081276655197,0.2319081276655197,78000.0
2023-02-10,0.2358387857675552,0.2358387857675552,0.2319081198143647,0.2358387857675552,420300.0
2023-02-13,0.2319081198143647,0.2358387857675552,0.2319081198143647,0.2358387857675552,152200.0
2023-02-14,0.2358387937517813,0.2358387937517813,0.2319081276655197,0.2319081276655197,25200.0
2023-02-15,0.2319081276655197,0.2319081276655197,0.2319081276655197,0.2319081276655197,151000.0
2023-02-16,0.2319081725872976,0.2319081725872976,0.2279775291681289,0.2279775291681289,128400.0
2023-02-17,0.2397694364095646,0.2397694364095646,0.2319081276655197,0.2319081276655197,87200.0
2023-02-20,0.2279775291681289,0.2279775291681289,0.2279775291681289,0.2279775291681289,500.0
2023-02-21,0.2319081276655197,0.2319081276655197,0.2319081276655197,0.2319081276655197,48000.0
2023-02-22,0.2279775291681289,0.2279775291681289,0.2240468857489602,0.2279775291681289,23000.0
2023-02-23,0.2279775291681289,0.2279775291681289,0.2279775291681289,0.2279775291681289,0.0
2023-02-24,0.2279775291681289,0.2279775291681289,0.2279775291681289,0.2279775291681289,30000.0
2023-02-27,0.2279775291681289,0.2397694828541178,0.2279775291681289,0.2279775291681289,97000.0
2023-02-28,0.2319081276655197,0.2319081276655197,0.2319081276655197,0.2319081276655197,30000.0
2023-03-01,0.2279775291681289,0.2279775291681289,0.2279775291681289,0.2279775291681289,32000.0
2023-03-02,0.2279775291681289,0.2279775291681289,0.2279775291681289,0.2279775291681289,0.0
2023-03-03,0.2358387857675552,0.2358387857675552,0.2358387857675552,0.2358387857675552,100.0
2023-03-06,0.2279775291681289,0.2319081725872976,0.2279775291681289,0.2279775291681289,77800.0
2023-03-07,0.2358387937517813,0.2397694364095646,0.2319081276655197,0.2319081276655197,255900.0
2023-03-08,0.2319081276655197,0.2319081276655197,0.2319081276655197,0.2319081276655197,186100.0
2023-03-09,0.2279775291681289,0.2279775291681289,0.2279775291681289,0.2279775291681289,157000.0
2023-03-10,0.2240468857489602,0.2279775291681289,0.2240468857489602,0.2279775291681289,83900.0
2023-03-13,0.2319081728132514,0.2319081728132514,0.2201162425442562,0.2240468859672546,104100.0
2023-03-14,0.2161855995655059,0.2201162429965816,0.2161855995655059,0.2161855995655059,22100.0
2023-03-15,0.2201162129640579,0.2201162129640579,0.2201162129640579,0.2201162129640579,40100.0
2023-03-16,0.2201162129640579,0.2201162129640579,0.2201162129640579,0.2201162129640579,0.0
2023-03-17,0.2240468864276572,0.2240468864276572,0.2161855995655059,0.2161855995655059,11600.0
2023-03-20,0.2161855700692768,0.224046855858839,0.2161855700692768,0.2201162129640579,88500.0
2023-03-21,0.2201162129640579,0.2201162129640579,0.2201162129640579,0.2201162129640579,0.0
2023-03-22,0.2201162129640579,0.2201162129640579,0.2201162129640579,0.2201162129640579,100500.0
2023-03-23,0.2201162129640579,0.2201162129640579,0.2201162129640579,0.2201162129640579,0.0
2023-03-24,0.224046855858839,0.224046855858839,0.2201162129640579,0.2201162129640579,49400.0
2023-03-27,0.2240468857489602,0.2279775291681289,0.2240468857489602,0.2279775291681289,304400.0
2023-03-28,0.227977529390253,0.227977529390253,0.2240468859672546,0.2240468859672546,50100.0
2023-03-29,0.2279775291681289,0.2319081725872976,0.2279775291681289,0.2279775291681289,57200.0
2023-03-30,0.227977529390253,0.227977529390253,0.2240468859672546,0.2240468859672546,66000.0
2023-03-31,0.2240468859672546,0.227977529390253,0.2240468859672546,0.2240468859672546,157000.0
2023-04-03,0.2279775291681289,0.2279775291681289,0.2279775291681289,0.2279775291681289,29600.0
2023-04-04,0.2319081728132514,0.2319081728132514,0.2240468859672546,0.2240468859672546,95200.0
2023-04-05,0.2279775291681289,0.2279775291681289,0.2279775291681289,0.2279775291681289,57000.0
2023-04-06,0.2279775291681289,0.2279775291681289,0.2279775291681289,0.2279775291681289,52000.0
2023-04-10,0.2279775291681289,0.2279775291681289,0.2279775291681289,0.2279775291681289,35700.0
2023-04-11,0.227977529390253,0.227977529390253,0.2240468859672546,0.2240468859672546,258000.0
2023-04-12,0.224046855858839,0.224046855858839,0.2201162129640579,0.2201162129640579,363800.0
2023-04-13,0.2201162425442562,0.2240468859672546,0.2201162425442562,0.2240468859672546,172400.0
2023-04-14,0.224046855858839,0.224046855858839,0.2201162129640579,0.2201162129640579,178000.0
2023-04-17,0.2201162129640579,0.2201162129640579,0.2201162129640579,0.2201162129640579,515000.0
2023-04-18,0.2201162129640579,0.2201162129640579,0.2161855700692768,0.2201162129640579,218600.0
2023-04-19,0.2201162429965816,0.2201162429965816,0.2161855995655059,0.2161855995655059,149200.0
2023-04-20,0.2161855995655059,0.2161855995655059,0.2161855995655059,0.2161855995655059,84400.0
2023-04-21,0.2161855995655059,0.2161855995655059,0.2161855995655059,0.2161855995655059,36300.0
2023-04-24,0.2161855700692768,0.2201162129640579,0.2161855700692768,0.2201162129640579,158300.0
2023-04-25,0.2161855995655059,0.2161855995655059,0.2161855995655059,0.2161855995655059,108000.0
2023-04-26,0.2161855846228619,0.2161855846228619,0.2122549414634704,0.2122549414634704,252700.0
2023-04-27,0.2083242684602737,0.2083242684602737,0.2083242684602737,0.2083242684602737,354800.0
2023-04-28,0.2083242684602737,0.2083242684602737,0.2083242684602737,0.2083242684602737,235800.0
2023-05-02,0.2083242379191781,0.2083242379191781,0.204393595457077,0.204393595457077,643800.0
2023-05-03,0.204393595457077,0.204393595457077,0.204393595457077,0.204393595457077,200000.0
2023-05-04,0.2043936179564539,0.2201162129640579,0.2043936179564539,0.2201162129640579,1598100.0
2023-05-05,0.2083242748755977,0.2122549414634704,0.2083242748755977,0.2122549414634704,753900.0
2023-05-08,0.2083242748755977,0.2122549414634704,0.2083242748755977,0.2122549414634704,60100.0
2023-05-09,0.2122549561344303,0.2161855995655059,0.2083242892748718,0.2161855995655059,521500.0
2023-05-10,0.2122549561344303,0.2161855995655059,0.2122549561344303,0.2161855995655059,166200.0
2023-05-11,0.2161855846228619,0.2161855846228619,0.2122549414634704,0.2122549414634704,355500.0
2023-05-12,0.2122549271744957,0.22797749875362,0.2122549271744957,0.2201162129640579,1215100.0
2023-05-15,0.2201161996921698,0.2358387937517813,0.2201161996921698,0.2319081276655197,1232900.0
2023-05-16,0.2279774850077364,0.2319081276655197,0.2201161996921698,0.2319081276655197,1641600.0
2023-05-17,0.2319081276655197,0.2358387937517813,0.2279774850077364,0.2319081276655197,891300.0
2023-05-18,0.2319081198143647,0.2397694282922682,0.2279774772896517,0.2358387857675552,1654700.0
2023-05-19,0.2358387888883,0.2554920017719269,0.2358387888883,0.2554920017719269,3821500.0
2023-05-22,0.2554919802538433,0.2790758571563885,0.2554919802538433,0.2633532881736755,3879200.0
2023-05-23,0.2633533189671819,0.2712146043777466,0.2633533189671819,0.2712146043777466,1277700.0
2023-05-24,0.2712146122760834,0.2908678498033171,0.2672839694563325,0.2869372069835663,4268100.0
2023-05-25,0.2830065871492921,0.2830065871492921,0.2790759205818176,0.2790759205818176,1984700.0
2023-05-26,0.2908678498033171,0.3026597782625698,0.2830065641638153,0.2869372069835663,6085800.0
2023-05-29,0.286937221705271,0.286937221705271,0.2790759122339548,0.2830065786838531,1973000.0
2023-05-30,0.2870495021343231,0.2870495021343231,0.2789636081326947,0.2870495021343231,681000.0
2023-05-31,0.2830065551335089,0.2870495021343231,0.2830065551335089,0.2870495021343231,671000.0
2023-06-01,0.2830065971836507,0.2830065971836507,0.2708777543790608,0.2749207019805908,1895400.0
2023-06-05,0.3032213142354449,0.3032213142354449,0.2870495021343231,0.2870495021343231,3207700.0
2023-06-06,0.2870495021343231,0.2951354202338165,0.2870495021343231,0.2870495021343231,1196100.0
2023-06-07,0.2870494957930311,0.2870494957930311,0.2830065488815307,0.2830065488815307,674400.0
2023-06-08,0.2870494957930311,0.2870494957930311,0.2830065488815307,0.2830065488815307,137100.0
2023-06-09,0.2830065488815307,0.2830065488815307,0.2830065488815307,0.2830065488815307,650100.0
2023-06-12,0.2870495433130954,0.2951354625725566,0.2870495433130954,0.2910925149917602,941800.0
2023-06-13,0.2951354625725566,0.2951354625725566,0.2870495433130954,0.2910925149917602,208000.0
2023-06-14,0.2910924732330023,0.2910924732330023,0.2870495021343231,0.2870495021343231,883800.0
2023-06-15,0.2910924732330023,0.2910924732330023,0.2870495021343231,0.2870495021343231,83500.0
2023-06-16,0.2870495433130954,0.2910925149917602,0.2870495433130954,0.2910925149917602,309900.0
2023-06-19,0.2910924732330023,0.2951354202338165,0.2870495021343231,0.2870495021343231,779400.0
2023-06-20,0.2870494957930311,0.2870494957930311,0.2830065488815307,0.2830065488815307,1595600.0
2023-06-21,0.2830065957322991,0.2910925149917602,0.2830065957322991,0.2910925149917602,1266800.0
2023-06-22,0.2910925149917602,0.2910925149917602,0.2870495433130954,0.2910925149917602,1782500.0
2023-06-23,0.2870495199340906,0.2870495199340906,0.2789636254310608,0.2789636254310608,1231800.0
2023-06-26,0.2830065957322991,0.2910925149917602,0.2789636481515027,0.2910925149917602,1716000.0
2023-06-27,0.2910925149917602,0.2910925149917602,0.2870495433130954,0.2910925149917602,419700.0
2023-06-28,0.291092474106648,0.3032213151454925,0.291092474106648,0.3032213151454925,2761700.0
2023-06-30,0.3032213329427188,0.3032213329427188,0.2951354384422302,0.2951354384422302,398900.0
2023-07-03,0.2991783451901308,0.3113071852988783,0.2991783451901308,0.3072642385959625,2662700.0
2023-07-04,0.3032213390263823,0.3032213390263823,0.2991783916950226,0.2991783916950226,1593900.0
2023-07-05,0.2991783576181023,0.3193931160702727,0.2991783576181023,0.3153501451015472,4814500.0
2023-07-06,0.3153501688260992,0.319393140098987,0.3072642744760553,0.3113072216510772,1816700.0
2023-07-07,0.3113072216510772,0.3113072216510772,0.3072642744760553,0.3113072216510772,725400.0
2023-07-10,0.3113072216510772,0.3113072216510772,0.3072642744760553,0.3113072216510772,764200.0
2023-07-11,0.3113072091713889,0.3113072091713889,0.3032213151454925,0.3032213151454925,2041200.0
2023-07-12,0.3032212918930467,0.3072642385959625,0.3032212918930467,0.3072642385959625,978800.0
2023-07-13,0.3072642629872368,0.3234360751805153,0.3072642629872368,0.319393128156662,9116500.0
2023-07-14,0.3193931343077393,0.3315219756128844,0.3193931343077393,0.3234360814094543,7393000.0
2023-07-17,0.3234360814094543,0.3234360814094543,0.3193931343077393,0.3234360814094543,1445700.0
2023-07-18,0.3234360751805153,0.3234360751805153,0.3153501570349435,0.319393128156662,1765200.0
2023-07-19,0.3193931160702727,0.3234360629411339,0.3153501451015472,0.3153501451015472,1054100.0
2023-07-20,0.3153501688260992,0.3153501688260992,0.3032213273010335,0.3113072216510772,2916700.0
2023-07-21,0.3072642621584407,0.3072642621584407,0.2991783681325444,0.3032213151454925,1670000.0
2023-07-24,0.3032213151454925,0.3072642621584407,0.2991783681325444,0.3032213151454925,854500.0
2023-07-25,0.3032212918930467,0.3072642385959625,0.3032212918930467,0.3072642385959625,220800.0
2023-07-26,0.3072642385959625,0.3113071852988783,0.3072642385959625,0.3072642385959625,657200.0
2023-07-27,0.3072642513598247,0.3234360629411339,0.3072642513598247,0.3153501451015472,2846600.0
2023-07-28,0.3153501451015472,0.3153501451015472,0.311307198230686,0.3153501451015472,483000.0
2023-07-31,0.319393140098987,0.319393140098987,0.3072642744760553,0.3113072216510772,512400.0
2023-08-01,0.3072642385959625,0.3113071852988783,0.3032212918930467,0.3072642385959625,874000.0
2023-08-02,0.3072642612362591,0.3072642612362591,0.2870495021343231,0.2870495021343231,5107000.0
2023-08-03,0.2870495021343231,0.2910924732330023,0.2870495021343231,0.2870495021343231,2092000.0
2023-08-04,0.2870495433130954,0.2951354625725566,0.2870495433130954,0.2910925149917602,1320900.0
2023-08-07,0.2910924668023958,0.2951354137138961,0.2830065488815307,0.2830065488815307,546200.0
2023-08-08,0.2870495198438752,0.2951354384422302,0.2870495198438752,0.2951354384422302,2288700.0
2023-08-10,0.2910925149917602,0.2951354625725566,0.2870495433130954,0.2910925149917602,794200.0
2023-08-11,0.2910924668023958,0.2910924668023958,0.2830065488815307,0.2830065488815307,1032600.0
2023-08-14,0.2870495447851807,0.2870495447851807,0.2668348067775309,0.2749207019805908,2724300.0
2023-08-15,0.2749207019805908,0.2789636495821208,0.2708777543790608,0.2749207019805908,865900.0
2023-08-16,0.2708776891231537,0.2749206357507158,0.2708776891231537,0.2708776891231537,1437700.0
2023-08-17,0.2708777543790608,0.2749207019805908,0.2708777543790608,0.2749207019805908,261700.0
2023-08-18,0.2708777126514136,0.2749206596301434,0.2668347656726837,0.2668347656726837,603700.0
2023-08-21,0.2708777126514136,0.2749206596301434,0.2668347656726837,0.2668347656726837,624100.0
2023-08-22,0.2668348067775309,0.2749207019805908,0.2668348067775309,0.2749207019805908,556900.0
2023-08-23,0.2749207019805908,0.2789636495821208,0.2749207019805908,0.2749207019805908,774200.0
2023-08-24,0.2749206781795459,0.2789636254310608,0.2749206781795459,0.2789636254310608,239000.0
2023-08-25,0.2749206357507158,0.2749206357507158,0.2708776891231537,0.2708776891231537,304800.0
2023-08-28,0.2749206357507158,0.2749206357507158,0.2708776891231537,0.2708776891231537,268900.0
2023-08-29,0.2708777126514136,0.2749206596301434,0.2668347656726837,0.2668347656726837,1328100.0
2023-08-30,0.2708776891231537,0.2708776891231537,0.2708776891231537,0.2708776891231537,596700.0
2023-08-31,0.2708777543790608,0.2789636495821208,0.2708777543790608,0.2749207019805908,1805200.0
2023-09-04,0.2789635823782779,0.2789635823782779,0.2708776891231537,0.2708776891231537,352300.0
2023-09-05,0.2749206357507158,0.2749206357507158,0.2708776891231537,0.2708776891231537,50300.0
2023-09-06,0.2749206596301434,0.2749206596301434,0.2668347656726837,0.2668347656726837,805100.0
2023-09-07,0.2708777126514136,0.2708777126514136,0.2668347656726837,0.2668347656726837,249100.0
2023-09-08,0.2708776891231537,0.2708776891231537,0.2668347424955915,0.2708776891231537,225600.0
2023-09-11,0.2708777310236417,0.2708777310236417,0.2627918124198913,0.2627918124198913,557100.0
2023-09-12,0.262791794596089,0.2668347656726837,0.262791794596089,0.2668347656726837,590400.0
2023-09-13,0.2627918124198913,0.2668347837706997,0.2587488651669494,0.2627918124198913,677600.0
2023-09-14,0.2627918124198913,0.2627918124198913,0.2547059179140074,0.2627918124198913,1858000.0
2023-09-15,0.2708776891231537,0.2749206357507158,0.2668347424955915,0.2708776891231537,2291800.0
2023-09-18,0.2708777126514136,0.2708777126514136,0.2668347656726837,0.2668347656726837,583100.0
2023-09-19,0.2668347424955915,0.2708776891231537,0.2668347424955915,0.2708776891231537,885700.0
2023-09-20,0.2708777126514136,0.2708777126514136,0.2668347656726837,0.2668347656726837,441800.0
2023-09-21,0.2627918365942766,0.2708777559418557,0.2587488889694214,0.2587488889694214,1285800.0
2023-09-22,0.2587488476173591,0.2668347656726837,0.2587488476173591,0.2668347656726837,557400.0
2023-09-25,0.2668348083170005,0.2668348083170005,0.2587488889694214,0.2587488889694214,644200.0
2023-09-26,0.2627918365942766,0.2627918365942766,0.2587488889694214,0.2587488889694214,210200.0
2023-09-27,0.262791794596089,0.2668347656726837,0.262791794596089,0.2668347656726837,582000.0
2023-09-28,0.2668348067775309,0.2789636495821208,0.2668348067775309,0.2749207019805908,3835400.0
2023-09-29,0.2749206357507158,0.2789635823782779,0.2708776891231537,0.2708776891231537,1315100.0
2023-10-02,0.2708777543790608,0.2749207019805908,0.2708777543790608,0.2749207019805908,773800.0
2023-10-03,0.2668347837706997,0.2668347837706997,0.2627918124198913,0.2627918124198913,795800.0
2023-10-04,0.2627918124198913,0.2627918124198913,0.2627918124198913,0.2627918124198913,823900.0
2023-10-05,0.2627918124198913,0.2668347837706997,0.2627918124198913,0.2627918124198913,731100.0
2023-10-06,0.2627918124198913,0.2668347837706997,0.2587488651669494,0.2627918124198913,705700.0
2023-10-09,0.2627918124198913,0.2627918124198913,0.2587488651669494,0.2627918124198913,357700.0
2023-10-10,0.2627918365942766,0.2627918365942766,0.2587488889694214,0.2587488889694214,612100.0
2023-10-11,0.2627918365942766,0.2627918365942766,0.2587488889694214,0.2587488889694214,322000.0
2023-10-12,0.2587488476173591,0.2668347656726837,0.2587488476173591,0.2668347656726837,582500.0
2023-10-13,0.2627918124198913,0.2668347837706997,0.2587488651669494,0.2627918124198913,592100.0
2023-10-16,0.2627918365942766,0.2627918365942766,0.2587488889694214,0.2587488889694214,153800.0
2023-10-17,0.2587488889694214,0.2627918365942766,0.2587488889694214,0.2587488889694214,351700.0
2023-10-18,0.2587488889694214,0.2587488889694214,0.2587488889694214,0.2587488889694214,436900.0
2023-10-19,0.2587488529767773,0.2587488529767773,0.2506629588518359,0.2547059059143066,1478000.0
2023-10-20,0.2547058996241411,0.2547058996241411,0.2466200056988874,0.2506629526615143,883600.0
2023-10-23,0.2466200143098831,0.2466200143098831,0.2425770672060925,0.2466200143098831,574100.0
2023-10-24,0.2506629588518359,0.2547059059143066,0.2506629588518359,0.2547059059143066,258100.0
2023-10-25,0.2547059413445661,0.2587488889694214,0.2547059413445661,0.2587488889694214,215100.0
2023-10-26,0.2547059413445661,0.2587488889694214,0.2547059413445661,0.2587488889694214,155700.0
2023-10-27,0.2547059059143066,0.2547059059143066,0.2547059059143066,0.2547059059143066,17600.0
2023-10-30,0.2506629614136737,0.2506629614136737,0.2466200143098831,0.2466200143098831,228400.0
2023-10-31,0.2506629526615143,0.2547058996241411,0.2506629526615143,0.2506629526615143,192600.0
2023-11-01,0.2506629937197109,0.2587488889694214,0.2506629937197109,0.2587488889694214,291600.0
2023-11-02,0.2587488889694214,0.2587488889694214,0.2547059413445661,0.2587488889694214,217900.0
2023-11-03,0.2587488251426045,0.2708776891231537,0.2587488251426045,0.2708776891231537,1140200.0
2023-11-06,0.2708777126514136,0.2749206596301434,0.2668347656726837,0.2668347656726837,893400.0
2023-11-07,0.2708777126514136,0.2749206596301434,0.2668347656726837,0.2668347656726837,720500.0
2023-11-08,0.2668347837706997,0.2668347837706997,0.2627918124198913,0.2627918124198913,423500.0
2023-11-09,0.2627918365942766,0.2627918365942766,0.2587488889694214,0.2587488889694214,246600.0
2023-11-10,0.2627917717701666,0.2708776891231537,0.2627917717701666,0.2708776891231537,942600.0
2023-11-14,0.2668347656726837,0.2668347656726837,0.262791794596089,0.2668347656726837,1394300.0
2023-11-15,0.2587488651669494,0.2668347837706997,0.2506629706610655,0.2627918124198913,3405600.0
2023-11-16,0.2668347424955915,0.2749206357507158,0.2668347424955915,0.2708776891231537,3032000.0
2023-11-17,0.2708777310236417,0.2708777310236417,0.2627918124198913,0.2627918124198913,308600.0
2023-11-20,0.2668347837706997,0.2668347837706997,0.2587488651669494,0.2627918124198913,881800.0
2023-11-21,0.2668347656726837,0.2708777126514136,0.2668347656726837,0.2668347656726837,399000.0
2023-11-22,0.2668348067775309,0.2789636495821208,0.2668348067775309,0.2749207019805908,2275700.0
2023-11-23,0.2749207019805908,0.2749207019805908,0.2708777543790608,0.2749207019805908,978500.0
2023-11-24,0.2749207019805908,0.2789636495821208,0.2749207019805908,0.2749207019805908,1415400.0
2023-11-27,0.2789635823782779,0.2789635823782779,0.2708776891231537,0.2708776891231537,3133600.0
2023-11-28,0.2708777310236417,0.2708777310236417,0.2627918124198913,0.2627918124198913,699300.0
2023-11-29,0.2668347837706997,0.2668347837706997,0.2627918124198913,0.2627918124198913,678000.0
2023-11-30,0.2668347837706997,0.2668347837706997,0.2627918124198913,0.2627918124198913,431800.0
2023-12-01,0.262791794596089,0.2668347656726837,0.2587488476173591,0.2668347656726837,648000.0
2023-12-04,0.2668347837706997,0.2668347837706997,0.2587488651669494,0.2627918124198913,495400.0
2023-12-05,0.2627918365942766,0.2627918365942766,0.2587488889694214,0.2587488889694214,515200.0
2023-12-06,0.2587488651669494,0.2627918124198913,0.2587488651669494,0.2627918124198913,140000.0
2023-12-07,0.2587488651669494,0.2627918124198913,0.2547059179140074,0.2627918124198913,1127300.0
2023-12-08,0.2587488651669494,0.2627918124198913,0.2587488651669494,0.2627918124198913,150000.0
2023-12-11,0.2627918124198913,0.2668347837706997,0.2627918124198913,0.2627918124198913,857000.0
2023-12-12,0.2627918124198913,0.2668347837706997,0.2627918124198913,0.2627918124198913,291000.0
2023-12-13,0.2627918124198913,0.2668347837706997,0.2627918124198913,0.2627918124198913,648600.0
2023-12-14,0.2668347424955915,0.2708776891231537,0.2668347424955915,0.2708776891231537,898800.0
2023-12-15,0.2708777126514136,0.2708777126514136,0.262791794596089,0.2668347656726837,240900.0
2023-12-18,0.2668347837706997,0.2668347837706997,0.2587488651669494,0.2627918124198913,543400.0
2023-12-19,0.262791794596089,0.2668347656726837,0.262791794596089,0.2668347656726837,206200.0
2023-12-20,0.2627918124198913,0.2627918124198913,0.2587488651669494,0.2627918124198913,208100.0
2023-12-21,0.2627918124198913,0.2627918124198913,0.2587488651669494,0.2627918124198913,193000.0
2023-12-22,0.262791794596089,0.2668347656726837,0.262791794596089,0.2668347656726837,170700.0
2023-12-26,0.2668347656726837,0.2668347656726837,0.262791794596089,0.2668347656726837,340000.0
2023-12-27,0.2668347656726837,0.2668347656726837,0.262791794596089,0.2668347656726837,54900.0
2023-12-28,0.2668347656726837,0.2708777126514136,0.2668347656726837,0.2668347656726837,546300.0
2023-12-29,0.2668347656726837,0.2668347656726837,0.2668347656726837,0.2668347656726837,333300.0
2024-01-02,0.2668347656726837,0.2668347656726837,0.262791794596089,0.2668347656726837,102400.0
2024-01-03,0.2668347656726837,0.2668347656726837,0.262791794596089,0.2668347656726837,215000.0
2024-01-04,0.2627918365942766,0.2668348083170005,0.2587488889694214,0.2587488889694214,611600.0
2024-01-05,0.2627918365942766,0.2627918365942766,0.2587488889694214,0.2587488889694214,78200.0
2024-01-08,0.2627918124198913,0.2627918124198913,0.2627918124198913,0.2627918124198913,215100.0
2024-01-09,0.2627918124198913,0.2668347837706997,0.2627918124198913,0.2627918124198913,33100.0
2024-01-10,0.2627918124198913,0.2627918124198913,0.2627918124198913,0.2627918124198913,140200.0
2024-01-11,0.262791794596089,0.2668347656726837,0.262791794596089,0.2668347656726837,329900.0
2024-01-12,0.2668347837706997,0.2668347837706997,0.2627918124198913,0.2627918124198913,172900.0
2024-01-15,0.2668347656726837,0.2708777126514136,0.262791794596089,0.2668347656726837,505700.0
2024-01-16,0.2668347837706997,0.2668347837706997,0.2627918124198913,0.2627918124198913,157000.0
2024-01-17,0.2627918124198913,0.2627918124198913,0.2587488651669494,0.2627918124198913,457200.0
2024-01-18,0.2627918124198913,0.2668347837706997,0.2627918124198913,0.2627918124198913,571200.0
2024-01-19,0.2668347424955915,0.2708776891231537,0.2668347424955915,0.2708776891231537,236900.0
2024-01-22,0.2708776891231537,0.2789635823782779,0.2708776891231537,0.2708776891231537,1616000.0
2024-01-23,0.2749206357507158,0.2749206357507158,0.2708776891231537,0.2708776891231537,145400.0
2024-01-24,0.2749206781795459,0.2830065726825757,0.2749206781795459,0.2789636254310608,2876600.0
2024-01-25,0.2789636019700304,0.2870494957930311,0.2749206550585301,0.2830065488815307,2596900.0
2024-01-26,0.2830065957322991,0.2910925149917602,0.2830065957322991,0.2910925149917602,3755900.0
2024-01-29,0.2910924668023958,0.2910924668023958,0.2830065488815307,0.2830065488815307,886600.0
2024-01-30,0.2830065726825757,0.2830065726825757,0.2789636254310608,0.2789636254310608,412500.0
2024-01-31,0.2830065488815307,0.2870494957930311,0.2789636019700304,0.2830065488815307,297300.0
2024-02-01,0.2830065726825757,0.2830065726825757,0.2749206781795459,0.2789636254310608,548600.0
2024-02-02,0.2789636019700304,0.2830065488815307,0.2789636019700304,0.2830065488815307,783400.0
2024-02-05,0.2830065726825757,0.2830065726825757,0.2749206781795459,0.2789636254310608,381600.0
2024-02-06,0.2831272575570578,0.2831272575570578,0.2789636254310608,0.2789636254310608,397500.0
2024-02-07,0.27896363484137,0.27896363484137,0.2748000025749206,0.2748000025749206,313300.0
2024-02-08,0.2706363454912655,0.2748000025749206,0.2706363454912655,0.2748000025749206,67600.0
2024-02-09,0.2748000025749206,0.2748000025749206,0.2748000025749206,0.2748000025749206,104400.0
2024-02-13,0.2748000025749206,0.2748000025749206,0.2748000025749206,0.2748000025749206,295200.0
2024-02-14,0.2748000025749206,0.2748000025749206,0.2706363454912655,0.2748000025749206,268100.0
2024-02-15,0.2748000025749206,0.2748000025749206,0.2706363454912655,0.2748000025749206,747700.0
2024-02-16,0.2748000025749206,0.2748000025749206,0.2706363454912655,0.2748000025749206,354600.0
2024-02-19,0.2748000025749206,0.2748000025749206,0.2748000025749206,0.2748000025749206,435500.0
2024-02-20,0.2747999933050636,0.2831272575570578,0.2747999933050636,0.2789636254310608,653600.0
2024-02-21,0.2831272575570578,0.2831272575570578,0.2789636254310608,0.2789636254310608,261000.0
2024-02-22,0.2789636456615785,0.2872909105174681,0.2789636456615785,0.2831272780895233,363100.0
2024-02-23,0.2831272780895233,0.2831272780895233,0.2831272780895233,0.2831272780895233,186000.0
2024-02-26,0.2831272780895233,0.2831272780895233,0.2831272780895233,0.2831272780895233,65500.0
2024-02-27,0.287290871143341,0.2914545030006469,0.2831272392860352,0.287290871143341,504000.0
2024-02-28,0.287290871143341,0.287290871143341,0.287290871143341,0.287290871143341,299400.0
2024-02-29,0.2831272575570578,0.2831272575570578,0.2789636254310608,0.2789636254310608,258400.0
2024-03-01,0.2789636456615785,0.2831272780895233,0.2789636456615785,0.2831272780895233,90500.0
2024-03-04,0.2831272575570578,0.2831272575570578,0.2789636254310608,0.2789636254310608,121800.0
2024-03-05,0.27896363484137,0.27896363484137,0.2748000025749206,0.2748000025749206,256900.0
2024-03-06,0.27896363484137,0.27896363484137,0.2748000025749206,0.2748000025749206,125000.0
2024-03-07,0.2747999933050636,0.2789636254310608,0.2747999933050636,0.2789636254310608,166000.0
2024-03-08,0.2789636456615785,0.2831272780895233,0.2748000132336337,0.2831272780895233,276200.0
2024-03-11,0.2831272575570578,0.2831272575570578,0.2789636254310608,0.2789636254310608,168600.0
2024-03-12,0.2789636254310608,0.2789636254310608,0.2747999933050636,0.2789636254310608,140300.0
2024-03-13,0.2831272575570578,0.2831272575570578,0.2789636254310608,0.2789636254310608,320000.0
2024-03-14,0.2789636254310608,0.2789636254310608,0.2747999933050636,0.2789636254310608,328700.0
2024-03-15,0.27896363484137,0.27896363484137,0.2748000025749206,0.2748000025749206,515100.0
2024-03-18,0.2748000025749206,0.27896363484137,0.2748000025749206,0.2748000025749206,196200.0
2024-03-19,0.2747999933050636,0.2789636254310608,0.2747999933050636,0.2789636254310608,25800.0
2024-03-20,0.2747999933050636,0.2789636254310608,0.2747999933050636,0.2789636254310608,40000.0
2024-03-21,0.2747999933050636,0.2789636254310608,0.2747999933050636,0.2789636254310608,278600.0
2024-03-22,0.2831272780895233,0.2831272780895233,0.2831272780895233,0.2831272780895233,6000.0
2024-03-25,0.2789636254310608,0.2831272575570578,0.2789636254310608,0.2789636254310608,120900.0
2024-03-26,0.2789636254310608,0.2831272575570578,0.2747999933050636,0.2789636254310608,166900.0
2024-03-27,0.2789636254310608,0.2831272575570578,0.2789636254310608,0.2789636254310608,67000.0
2024-03-28,0.2789636254310608,0.2831272575570578,0.2789636254310608,0.2789636254310608,34300.0
2024-04-01,0.2831272575570578,0.2872908896830549,0.2789636254310608,0.2789636254310608,189100.0
2024-04-02,0.2789636456615785,0.2831272780895233,0.2789636456615785,0.2831272780895233,24600.0
2024-04-03,0.2831272392860352,0.287290871143341,0.2831272392860352,0.287290871143341,261000.0
2024-04-04,0.287290871143341,0.287290871143341,0.287290871143341,0.287290871143341,50200.0
2024-04-05,0.2831272392860352,0.287290871143341,0.2831272392860352,0.287290871143341,123800.0
2024-04-08,0.2872909105174681,0.2872909105174681,0.2831272780895233,0.2831272780895233,168300.0
2024-04-09,0.2831272780895233,0.2831272780895233,0.2831272780895233,0.2831272780895233,275200.0
2024-04-11,0.2874170810717635,0.2874170810717635,0.2831272780895233,0.2831272780895233,415800.0
2024-04-12,0.2831272809530263,0.2874170839786529,0.2831272809530263,0.2874170839786529,131000.0
2024-04-15,0.2874170810717635,0.2874170810717635,0.2831272780895233,0.2831272780895233,350000.0
2024-04-16,0.2831272780895233,0.2831272780895233,0.2831272780895233,0.2831272780895233,8000.0
2024-04-17,0.2831272708397079,0.2831272708397079,0.2788374423980713,0.2788374423980713,97400.0
2024-04-18,0.2788374696021831,0.2831272984623466,0.274547666311264,0.274547666311264,203600.0
2024-04-19,0.2788374696021831,0.2788374696021831,0.274547666311264,0.274547666311264,248800.0
2024-04-22,0.2788374696021831,0.2788374696021831,0.274547666311264,0.274547666311264,103000.0
2024-04-23,0.274547666311264,0.2831272984623466,0.274547666311264,0.274547666311264,156400.0
2024-04-24,0.2788374423980713,0.2831272708397079,0.2788374423980713,0.2788374423980713,209400.0
2024-04-25,0.2831272708397079,0.2831272708397079,0.2788374423980713,0.2788374423980713,21100.0
2024-04-26,0.2788374423980713,0.2788374423980713,0.2788374423980713,0.2788374423980713,45800.0
2024-04-29,0.2788374423980713,0.2831272708397079,0.2788374423980713,0.2788374423980713,58000.0
2024-04-30,0.2831272708397079,0.2831272708397079,0.2788374423980713,0.2788374423980713,66900.0
2024-05-02,0.2831272780895233,0.2874170810717635,0.2788374495380404,0.2831272780895233,73600.0
2024-05-03,0.2831272780895233,0.2831272780895233,0.2788374495380404,0.2831272780895233,65500.0
2024-05-06,0.2788374054246357,0.2788374054246357,0.2659679985139165,0.2702578008174896,1157100.0
2024-05-07,0.2702578008174896,0.2702578008174896,0.2659679985139165,0.2702578008174896,130800.0
2024-05-08,0.2745476031210627,0.2745476031210627,0.2702578008174896,0.2702578008174896,75500.0
2024-05-09,0.2702578008174896,0.2702578008174896,0.2702578008174896,0.2702578008174896,121200.0
2024-05-10,0.270257863020345,0.274547666311264,0.270257863020345,0.274547666311264,108400.0
2024-05-13,0.274547666311264,0.274547666311264,0.274547666311264,0.274547666311264,170000.0
2024-05-14,0.2788374523581569,0.2917068870042795,0.2788374523581569,0.2874170839786529,893400.0
2024-05-15,0.2917068870042795,0.2917068870042795,0.2874170839786529,0.2874170839786529,187500.0
2024-05-16,0.2874170868000457,0.2917068898677826,0.2874170868000457,0.2917068898677826,158600.0
2024-05-17,0.2917068870042795,0.2917068870042795,0.2874170839786529,0.2874170839786529,408800.0
2024-05-20,0.2917068870042795,0.2917068870042795,0.2831272809530263,0.2874170839786529,226700.0
2024-05-21,0.2874170810717635,0.2874170810717635,0.2831272780895233,0.2831272780895233,391900.0
2024-05-23,0.2831272837323088,0.2959966929355194,0.2831272837323088,0.2917068898677826,503600.0
2024-05-24,0.2917068632778806,0.2959966659545898,0.2917068632778806,0.2959966659545898,197600.0
2024-05-27,0.2917068898677826,0.2959966929355194,0.2917068898677826,0.2917068898677826,289700.0
2024-05-28,0.2917068632778806,0.2959966659545898,0.2917068632778806,0.2959966659545898,156300.0
2024-05-29,0.2917068898677826,0.2959966929355194,0.2917068898677826,0.2917068898677826,198900.0
2024-05-30,0.2917068632778806,0.2959966659545898,0.2917068632778806,0.2959966659545898,755100.0
2024-05-31,0.2959966556956854,0.2959966556956854,0.2915787994861603,0.2915787994861603,364700.0
2024-06-03,0.2959966556956854,0.2959966556956854,0.2915787994861603,0.2915787994861603,22400.0
2024-06-04,0.2915788095919469,0.2959966659545898,0.2915788095919469,0.2959966659545898,141000.0
2024-06-05,0.2959966659545898,0.2959966659545898,0.2915788095919469,0.2959966659545898,116500.0
2024-06-06,0.2915787994861603,0.2915787994861603,0.2915787994861603,0.2915787994861603,188400.0
2024-06-07,0.2915788095919469,0.2959966659545898,0.2915788095919469,0.2959966659545898,189100.0
2024-06-10,0.2915788095919469,0.3004145223172328,0.2915788095919469,0.2959966659545898,228800.0
2024-06-11,0.2959966659545898,0.2959966659545898,0.2959966659545898,0.2959966659545898,74700.0
2024-06-12,0.2959967052758154,0.3004145622253418,0.2915788483262891,0.3004145622253418,402400.0
2024-06-13,0.3004145622253418,0.3004145622253418,0.3004145622253418,0.3004145622253418,0.0
2024-06-14,0.3004145622253418,0.3004145622253418,0.3004145622253418,0.3004145622253418,88000.0
2024-06-18,0.2959966659545898,0.2959966659545898,0.2959966659545898,0.2959966659545898,95300.0
2024-06-19,0.2959967052758154,0.3004145622253418,0.2959967052758154,0.3004145622253418,77000.0
2024-06-20,0.3004145622253418,0.3048324191748681,0.3004145622253418,0.3004145622253418,396100.0
2024-06-21,0.2959967052758154,0.3004145622253418,0.2959967052758154,0.3004145622253418,125000.0
2024-06-24,0.2959966659545898,0.2959966659545898,0.2959966659545898,0.2959966659545898,40000.0
2024-06-25,0.2959967052758154,0.3004145622253418,0.2959967052758154,0.3004145622253418,88600.0
2024-06-26,0.2959966659545898,0.2959966659545898,0.2959966659545898,0.2959966659545898,4000.0
2024-06-27,0.2959966659545898,0.3004145223172328,0.2959966659545898,0.2959966659545898,526500.0
2024-06-28,0.2959966659545898,0.2959966659545898,0.2959966659545898,0.2959966659545898,100500.0
2024-07-01,0.2959966659545898,0.2959966659545898,0.2959966659545898,0.2959966659545898,7200.0
2024-07-02,0.2959966659545898,0.2959966659545898,0.2915788095919469,0.2959966659545898,98100.0
2024-07-03,0.2959966556956854,0.2959966556956854,0.2915787994861603,0.2915787994861603,264800.0
2024-07-04,0.2915788095919469,0.2959966659545898,0.2915788095919469,0.2959966659545898,200500.0
2024-07-05,0.2959966556956854,0.2959966556956854,0.2915787994861603,0.2915787994861603,277100.0
2024-07-08,0.2915788095919469,0.2959966659545898,0.2915788095919469,0.2959966659545898,323100.0
2024-07-09,0.2959966556956854,0.2959966556956854,0.287160916944135,0.2915787994861603,462200.0
2024-07-10,0.2915788095919469,0.2959966659545898,0.2915788095919469,0.2959966659545898,206200.0
2024-07-11,0.2959966659545898,0.2959966659545898,0.2915788095919469,0.2959966659545898,64600.0
2024-07-12,0.2959967052758154,0.3004145622253418,0.2959967052758154,0.3004145622253418,518300.0
2024-07-15,0.3004145223172328,0.3004145223172328,0.2959966659545898,0.2959966659545898,217000.0
2024-07-16,0.2959966659545898,0.2959966659545898,0.2959966659545898,0.2959966659545898,88000.0
2024-07-17,0.2959966659545898,0.3004145223172328,0.2959966659545898,0.2959966659545898,218200.0
2024-07-18,0.2959966659545898,0.2959966659545898,0.2915788095919469,0.2959966659545898,45900.0
2024-07-19,0.2959966659545898,0.2959966659545898,0.2959966659545898,0.2959966659545898,65100.0
2024-07-22,0.2959966659545898,0.2959966659545898,0.2915788095919469,0.2959966659545898,113700.0
2024-07-23,0.2915788095919469,0.2959966659545898,0.2915788095919469,0.2959966659545898,80500.0
2024-07-24,0.2959966659545898,0.2959966659545898,0.2915788095919469,0.2959966659545898,71100.0
2024-07-25,0.2915787994861603,0.2959966556956854,0.2915787994861603,0.2915787994861603,115900.0
2024-07-26,0.2915787994861603,0.2915787994861603,0.2915787994861603,0.2915787994861603,30400.0
2024-07-29,0.2915788095919469,0.2959966659545898,0.2915788095919469,0.2959966659545898,35900.0
2024-07-30,0.2959966556956854,0.2959966556956854,0.2915787994861603,0.2915787994861603,22200.0
2024-07-31,0.2915788483262891,0.3004145622253418,0.2915788483262891,0.3004145622253418,163600.0
2024-08-01,0.2959966659545898,0.2959966659545898,0.2959966659545898,0.2959966659545898,117800.0
2024-08-02,0.2959966722638543,0.2959966722638543,0.2871609330177307,0.2871609330177307,567000.0
2024-08-05,0.2915787948303177,0.2915787948303177,0.2739073439418894,0.2783252000808716,797600.0
2024-08-06,0.2739073828195426,0.2827430963516235,0.2739073828195426,0.2827430963516235,260600.0
2024-08-07,0.287160953117664,0.287160953117664,0.2827430963516235,0.2827430963516235,56100.0
2024-08-08,0.2827430963516235,0.2827430963516235,0.2827430963516235,0.2827430963516235,22300.0
2024-08-12,0.287160953117664,0.287160953117664,0.2783252395855831,0.2827430963516235,165600.0
2024-08-13,0.2827430765609197,0.2871609330177307,0.2783252201041087,0.2871609330177307,42300.0
2024-08-14,0.2871609330177307,0.2871609330177307,0.2871609330177307,0.2871609330177307,11000.0
2024-08-15,0.287160953117664,0.287160953117664,0.2827430963516235,0.2827430963516235,36600.0
2024-08-16,0.2827430765609197,0.2871609330177307,0.2827430765609197,0.2871609330177307,30800.0
2024-08-19,0.2827430765609197,0.2871609330177307,0.2827430765609197,0.2871609330177307,87600.0
2024-08-20,0.2871609330177307,0.2871609330177307,0.2871609330177307,0.2871609330177307,12300.0
2024-08-21,0.2871609330177307,0.2871609330177307,0.2871609330177307,0.2871609330177307,5100.0
2024-08-22,0.2871609650442582,0.3004145622253418,0.2871609650442582,0.3004145622253418,467200.0
2024-08-23,0.2959966659545898,0.2959966659545898,0.2959966659545898,0.2959966659545898,156100.0
2024-08-26,0.2959966659545898,0.2959966659545898,0.2959966659545898,0.2959966659545898,44800.0
2024-08-27,0.2959966659545898,0.2959966659545898,0.2959966659545898,0.2959966659545898,16200.0
2024-08-28,0.2915787994861603,0.2959966556956854,0.2915787994861603,0.2915787994861603,121700.0
2024-08-29,0.2915787994861603,0.2915787994861603,0.2915787994861603,0.2915787994861603,0.0
2024-08-30,0.2959966659545898,0.2959966659545898,0.2959966659545898,0.2959966659545898,61700.0
2024-09-02,0.2915788095919469,0.2959966659545898,0.2915788095919469,0.2959966659545898,55200.0
2024-09-03,0.2959966659545898,0.2959966659545898,0.2959966659545898,0.2959966659545898,700.0
2024-09-04,0.2915788483262891,0.3004145622253418,0.2915788483262891,0.3004145622253418,428100.0
2024-09-05,0.2959966659545898,0.3004145223172328,0.2959966659545898,0.2959966659545898,149400.0
2024-09-06,0.2959966659545898,0.3004145223172328,0.2959966659545898,0.2959966659545898,235800.0
2024-09-09,0.2959966659545898,0.2959966659545898,0.2959966659545898,0.2959966659545898,100600.0
2024-09-10,0.2959967052758154,0.3004145622253418,0.2959967052758154,0.3004145622253418,37500.0
2024-09-11,0.3004145422358849,0.304832398891449,0.2959966855803209,0.304832398891449,460700.0
2024-09-12,0.3004145622253418,0.3048324191748681,0.3004145622253418,0.3004145622253418,412600.0
2024-09-13,0.3004145223172328,0.3004145223172328,0.2959966659545898,0.2959966659545898,186500.0
2024-09-16,0.2959967052758154,0.3048324191748681,0.2959967052758154,0.3004145622253418,438400.0
2024-09-17,0.3004145517683831,0.3136681221556262,0.3004145517683831,0.3092502653598785,1712400.0
2024-09-18,0.3092502585668262,0.3180859982967376,0.3092502585668262,0.3180859982967376,979900.0
2024-09-19,0.3136681318283081,0.318086015092795,0.3092502748963255,0.3136681318283081,1141700.0
2024-09-20,0.3136681318283081,0.3136681318283081,0.3092502748963255,0.3136681318283081,621100.0
2024-09-23,0.3136681152655304,0.326921711694146,0.3136681152655304,0.3180859982967376,1537400.0
2024-09-24,0.3225038154716688,0.326921671628952,0.3180859593143857,0.326921671628952,1079800.0
2024-09-25,0.326921711694146,0.326921711694146,0.3180859982967376,0.3180859982967376,236700.0
2024-09-26,0.3180859982967376,0.3180859982967376,0.3136681152655304,0.3180859982967376,561400.0
2024-09-27,0.3180859982967376,0.3180859982967376,0.3092502585668262,0.3180859982967376,485200.0
2024-09-30,0.3136681318283081,0.318086015092795,0.3092502748963255,0.3136681318283081,579600.0
2024-10-01,0.318086015092795,0.318086015092795,0.3136681318283081,0.3136681318283081,279500.0
2024-10-02,0.3136681152655304,0.3180859982967376,0.3136681152655304,0.3180859982967376,572000.0
2024-10-03,0.3180859982967376,0.3180859982967376,0.3136681152655304,0.3180859982967376,477600.0
2024-10-04,0.3136681318283081,0.318086015092795,0.3092502748963255,0.3136681318283081,434800.0
2024-10-07,0.3136681221556262,0.3136681221556262,0.3092502653598785,0.3092502653598785,295900.0
2024-10-08,0.313668112202577,0.313668112202577,0.3004145422358849,0.304832398891449,739200.0
2024-10-09,0.3092502653598785,0.3092502653598785,0.3048324085641308,0.3092502653598785,699900.0
2024-10-10,0.3092502748963255,0.3136681318283081,0.304832417964343,0.3136681318283081,148300.0
2024-10-11,0.3092502653598785,0.3136681221556262,0.3092502653598785,0.3092502653598785,130700.0
2024-10-14,0.3092502748963255,0.3136681318283081,0.3092502748963255,0.3136681318283081,60500.0
2024-10-15,0.3136681221556262,0.3136681221556262,0.3048324085641308,0.3092502653598785,763300.0
2024-10-16,0.3092502653598785,0.3092502653598785,0.3048324085641308,0.3092502653598785,906400.0
2024-10-17,0.3092502653598785,0.3180860052838775,0.3092502653598785,0.3092502653598785,453100.0
2024-10-18,0.3092502653598785,0.3136681221556262,0.3092502653598785,0.3092502653598785,581000.0
2024-10-21,0.3136681247675916,0.3269217215977031,0.3092502679350556,0.3225038647651672,1816800.0
2024-10-22,0.3225038549954419,0.3225038549954419,0.3136681152655304,0.3180859982967376,681200.0
2024-10-23,0.3136681152655304,0.3180859982967376,0.3136681152655304,0.3180859982967376,161500.0
2024-10-24,0.3136681221556262,0.3136681221556262,0.3092502653598785,0.3092502653598785,1160100.0
2024-10-25,0.309250255547013,0.309250255547013,0.304832398891449,0.304832398891449,1036200.0
2024-10-28,0.304832398891449,0.309250255547013,0.3004145422358849,0.304832398891449,150700.0
2024-10-29,0.304832398891449,0.304832398891449,0.3004145422358849,0.304832398891449,290200.0
2024-10-30,0.304832398891449,0.304832398891449,0.304832398891449,0.304832398891449,43200.0
2024-11-01,0.304832398891449,0.304832398891449,0.3004145422358849,0.304832398891449,535100.0
2024-11-04,0.3004145622253418,0.3004145622253418,0.2959967052758154,0.3004145622253418,278100.0
2024-11-05,0.3048324085641308,0.3136681221556262,0.3048324085641308,0.3092502653598785,549400.0
2024-11-06,0.3092502653598785,0.3092502653598785,0.3092502653598785,0.3092502653598785,77400.0
2024-11-07,0.304832398891449,0.304832398891449,0.3004145422358849,0.304832398891449,94600.0
2024-11-08,0.304832398891449,0.304832398891449,0.3004145422358849,0.304832398891449,493500.0
2024-11-11,0.304832398891449,0.309250255547013,0.304832398891449,0.304832398891449,483000.0
2024-11-12,0.3092502748963255,0.318086015092795,0.3092502748963255,0.3136681318283081,1036300.0
2024-11-13,0.3136681152655304,0.3225038549954419,0.3136681152655304,0.3180859982967376,1264900.0
2024-11-14,0.3180859982967376,0.3225038549954419,0.3136681152655304,0.3180859982967376,1033800.0
2024-11-15,0.3180859982967376,0.3225038549954419,0.3180859982967376,0.3180859982967376,489100.0
2024-11-18,0.3313395481371823,0.3357574045658111,0.3269216917085534,0.3357574045658111,5478700.0
2024-11-19,0.335757426446195,0.3711003065109253,0.335757426446195,0.3711003065109253,9113300.0
2024-11-20,0.3711002901253902,0.3887717425437428,0.3578467205610022,0.3755181729793548,5206900.0
2024-11-21,0.3799360462764852,0.3799360462764852,0.3578467363613401,0.3711003065109253,2126200.0
2024-11-22,0.3711002901253902,0.3843538860222802,0.3666824336039275,0.3755181729793548,4204700.0
2024-11-25,0.3799360679475223,0.3931896388530731,0.3799360679475223,0.3931896388530731,5055800.0
2024-11-26,0.3799360052925894,0.3799360052925894,0.3534288415202575,0.3666824102401733,7972700.0
2024-11-27,0.3711002901253902,0.3799360295008175,0.3666824336039275,0.3755181729793548,2323400.0
2024-11-28,0.3755181729793548,0.3799360295008175,0.3755181729793548,0.3755181729793548,750400.0
2024-11-29,0.3799360394477844,0.3843538960849094,0.3799360394477844,0.3799360394477844,2200300.0
2024-12-02,0.379936029538519,0.3931895991042222,0.379936029538519,0.3887717425823211,2362300.0
2024-12-03,0.3931895991042222,0.3931895991042222,0.3843538860604201,0.3887717425823211,1992900.0
2024-12-04,0.3931895932034121,0.4285324975132143,0.3887717367478122,0.4241146147251129,10589200.0
2024-12-05,0.4285324912707276,0.4373682040532164,0.4285324912707276,0.432950347661972,3412700.0
2024-12-06,0.432950367590461,0.4417860807796533,0.4285325109958648,0.4285325109958648,4613800.0
2024-12-09,0.4285325109958648,0.432950367590461,0.4196967714741701,0.4285325109958648,2627200.0
2024-12-10,0.4241146147251129,0.4285324975132143,0.4241146147251129,0.4241146147251129,1199400.0
2024-12-11,0.4241146452450147,0.4241146452450147,0.410861074924469,0.410861074924469,2219100.0
2024-12-12,0.4108610453583132,0.4241146147251129,0.4108610453583132,0.4241146147251129,1161100.0
2024-12-13,0.4241146147251129,0.4285324975132143,0.4152789018139131,0.4241146147251129,1069800.0
2024-12-16,0.4196967859203904,0.4727111458778381,0.4196967859203904,0.4727111458778381,7345200.0
2024-12-17,0.468293250645403,0.4727111601908389,0.4462039662432644,0.4550396800041199,2470500.0
2024-12-18,0.4506217837333679,0.4550396402276163,0.4462039272391195,0.4506217837333679,1308000.0
2024-12-19,0.4417860706234356,0.4462039271164697,0.4329503576373675,0.4373682141304016,2665800.0
2024-12-20,0.432950367590461,0.432950367590461,0.4241146280687663,0.4285325109958648,1746200.0
2024-12-23,0.4241146147251129,0.4373682104244141,0.4241146147251129,0.4241146147251129,1829400.0
2024-12-24,0.4285325011443334,0.4373682141304016,0.4285325011443334,0.4373682141304016,461700.0
2024-12-26,0.4373682241850571,0.4373682241850571,0.4285325109958648,0.4285325109958648,569600.0
2024-12-27,0.4285325109958648,0.432950367590461,0.4285325109958648,0.4285325109958648,442400.0
2024-12-30,0.4285325012621258,0.4550396402276163,0.4285325012621258,0.4506217837333679,2447300.0
2024-12-31,0.4506217837333679,0.4506217837333679,0.4417860707448711,0.4506217837333679,392100.0
2025-01-02,0.4506217836095038,0.4506217836095038,0.4373682141304016,0.4373682141304016,568200.0
2025-01-03,0.4417860805988312,0.450621793784407,0.4373682240060432,0.4417860805988312,651300.0
2025-01-06,0.4417860604444609,0.4417860604444609,0.4285324912707276,0.432950347661972,1949500.0
2025-01-07,0.4329503674132553,0.450621793784407,0.4329503674132553,0.4417860805988312,2054400.0
2025-01-08,0.4462039662432644,0.4594575368845476,0.4417861093628367,0.4550396800041199,3619400.0
2025-01-09,0.4550396604483936,0.4550396604483936,0.4417860903766942,0.4462039470672607,692900.0
2025-01-10,0.4417860604444609,0.4462039168357053,0.432950347661972,0.432950347661972,1294600.0
2025-01-13,0.432950347661972,0.4373682040532164,0.4285324912707276,0.432950347661972,880700.0
2025-01-14,0.4329503576373675,0.4417860706234356,0.4285325011443334,0.4373682141304016,1294300.0
2025-01-15,0.4373682240060432,0.4462039371916191,0.4373682240060432,0.4417860805988312,1532000.0
2025-01-16,0.4462039662432644,0.4594575368845476,0.4462039662432644,0.4550396800041199,3417400.0
2025-01-17,0.4550396304684058,0.4638753432674035,0.4550396304684058,0.4594574868679046,1876300.0
2025-01-20,0.4594575368845476,0.468293250645403,0.4550396800041199,0.4550396800041199,1026600.0
2025-01-21,0.4594574868679046,0.4682931996669024,0.4550396304684058,0.4594574868679046,2038600.0
2025-01-22,0.4638753432674035,0.4682931996669024,0.4550396304684058,0.4594574868679046,2036300.0
2025-01-23,0.4594574967218647,0.4638753532161132,0.4506217837333679,0.4506217837333679,1658600.0
2025-01-24,0.4550396304684058,0.4594574868679046,0.4550396304684058,0.4594574868679046,617100.0
2025-01-27,0.4594575368845476,0.4594575368845476,0.4550396800041199,0.4550396800041199,358500.0
2025-01-28,0.4506218128009823,0.4638753831386565,0.4506218128009823,0.4638753831386566,909700.0
2025-01-31,0.4594575699597181,0.4859647658154775,0.4550397127612602,0.4815469086170196,5385600.0
2025-02-03,0.4771290061413379,0.4771290061413379,0.4638753831386565,0.4638753831386566,1281400.0
2025-02-04,0.4638753432674035,0.4727111087314038,0.4594574868679046,0.4594574868679046,1015800.0
2025-02-05,0.4594574868679046,0.4638753432674035,0.4550396304684058,0.4594574868679046,1636100.0
2025-02-06,0.459457516670227,0.4684664791621684,0.459457516670227,0.459457516670227,823000.0
2025-02-07,0.459457537044123,0.4639620184898376,0.4549530555984085,0.4639620184898376,1225200.0
2025-02-10,0.459457516670227,0.4639619979161977,0.4549530354242563,0.459457516670227,1268900.0
2025-02-11,0.459457516670227,0.4639619979161977,0.4549530354242563,0.459457516670227,689200.0
2025-02-12,0.4594575351333936,0.4819799959659576,0.4594575351333936,0.4819799959659576,4928200.0
2025-02-13,0.4819799694182262,0.4819799694182262,0.4729709533628297,0.4774754345417022,1200200.0
2025-02-14,0.4774754345417022,0.4774754345417022,0.4684664721839571,0.4774754345417022,707400.0
2025-02-17,0.4774754516058821,0.490988949323101,0.4729709702660268,0.4864844679832458,2672900.0
2025-02-18,0.4864844773929396,0.4864844773929396,0.4774754608413214,0.4819799959659576,1278700.0
2025-02-19,0.4819799694182262,0.4819799694182262,0.4774754345417022,0.4774754345417022,267100.0
2025-02-20,0.4774754738766935,0.4864844906742633,0.4684665107767794,0.4729709923267364,1349400.0
2025-02-21,0.4729709417732997,0.4774754228417958,0.4639619796363073,0.4684664607048034,985000.0
2025-02-24,0.4684664999355522,0.4684664999355522,0.459457537044123,0.4639620184898376,839200.0
2025-02-25,0.4594574930541941,0.4639619740686353,0.4369350879819882,0.4414395689964294,2723300.0
2025-02-26,0.4414395843505885,0.4459440655217045,0.4279261139884145,0.4324305951595306,1176100.0
2025-02-27,0.4324306345257452,0.4414396245369342,0.4189171897822039,0.4279261529445648,1643700.0
2025-02-28,0.418917188659486,0.4234216702285943,0.4008992355342251,0.4144127070903778,3248000.0
2025-03-03,0.4144126976412654,0.4279261420404672,0.4054037078596368,0.418917179107666,1022200.0
2025-03-04,0.418917188659486,0.4234216702285943,0.4008992355342251,0.4144127070903778,1293400.0
2025-03-05,0.4099082255212695,0.4144127070903778,0.4099082255212695,0.4144127070903778,193000.0
2025-03-06,0.4279261529445648,0.4369351429557538,0.4144127082010234,0.4279261529445648,2132500.0
2025-03-07,0.4324306138567106,0.4324306138567106,0.4234216511249542,0.4234216511249542,691200.0
2025-03-10,0.4234216511249542,0.4234216511249542,0.4144126883931978,0.4234216511249542,636200.0
2025-03-11,0.4144127070903778,0.4144127070903778,0.4099082255212695,0.4144127070903778,777300.0
2025-03-12,0.4144126976412654,0.4234216605740666,0.4099082161748648,0.418917179107666,514600.0
2025-03-13,0.4144127070903778,0.4234216702285943,0.4099082255212695,0.4144127070903778,933300.0
2025-03-14,0.4144127082010234,0.4279261529445648,0.4144127082010234,0.4279261529445648,185100.0
2025-03-17,0.4279261529445648,0.4279261529445648,0.4189171897822039,0.4279261529445648,215600.0
2025-03-18,0.4279261371037658,0.4414396081958989,0.4234216556893304,0.4369351267814636,1212000.0
2025-03-19,0.4324305951595306,0.4324305951595306,0.4279261139884145,0.4324305951595306,627200.0
2025-03-20,0.4324306185182012,0.4459440896103343,0.4324306185182012,0.4369351267814636,1233900.0
2025-03-21,0.4369351267814636,0.4414396081958989,0.4279261371037658,0.4369351267814636,629700.0
2025-03-24,0.4324306345257452,0.4369351429557538,0.4279261529445648,0.4279261529445648,356600.0
2025-03-25,0.4324306345257452,0.4324306345257452,0.4234216713633844,0.4279261529445648,748100.0
2025-03-26,0.4279261529445648,0.4279261529445648,0.4279261529445648,0.4279261529445648,257000.0
2025-03-27,0.4279261529445648,0.4279261529445648,0.4189171897822039,0.4279261529445648,786400.0
2025-03-28,0.4279261324908324,0.4279261324908324,0.418917169759076,0.4234216511249542,766600.0
2025-04-01,0.418917188659486,0.4234216702285943,0.4144127070903778,0.4144127070903778,680100.0
2025-04-02,0.418917188659486,0.418917188659486,0.4054037171033333,0.4144127070903778,1910200.0
2025-04-03,0.4099082255212695,0.4144127070903778,0.4054037171033333,0.4144127070903778,425500.0
2025-04-04,0.4054037034511566,0.4054037034511566,0.3963947406163216,0.4054037034511566,1466900.0
2025-04-07,0.3918902508648425,0.3918902508648425,0.3468453839509514,0.3648633360862732,2330800.0
2025-04-08,0.3693678379058838,0.3783768010490818,0.3603588747626857,0.3693678379058838,586200.0
2025-04-09,0.3647507068945342,0.3647507068945342,0.3462823072664411,0.3555164933204651,801000.0
2025-04-10,0.3739849030971527,0.3878361825540621,0.3693678099448496,0.3739849030971527,1024500.0
2025-04-11,0.3693678099448496,0.3786019962494559,0.3601335961201973,0.3739849030971527,276700.0
2025-04-14,0.3739849066909923,0.3832190930843353,0.3693678134943208,0.3832190930843353,172300.0
2025-04-15,0.3832190948598633,0.3878361880779266,0.3739849084237365,0.3878361880779266,197300.0
2025-04-16,0.4063046064229678,0.4340071944754451,0.4063046064229678,0.4247730076313019,2586100.0
2025-04-17,0.4247730076313019,0.4293901010533735,0.4155387932671111,0.4247730076313019,1058200.0
2025-04-21,0.4247730076313019,0.4247730076313019,0.4155387932671111,0.4247730076313019,521300.0
2025-04-22,0.4201559187252818,0.4432413860837743,0.4201559187252818,0.4386242926120758,1722800.0
2025-04-23,0.4386242926120758,0.4478585070755207,0.4386242926120758,0.4386242926120758,805200.0
2025-04-24,0.4432413860837743,0.4432413860837743,0.4386242926120758,0.4386242926120758,237500.0
2025-04-25,0.4386242686404797,0.4478584825992584,0.4340071754211136,0.4478584825992584,590400.0
2025-04-28,0.4478585070755207,0.4478585070755207,0.4340071991403773,0.4386242926120758,407000.0
2025-04-29,0.4340071944754451,0.4386242878975167,0.4247730076313019,0.4247730076313019,588000.0
2025-04-30,0.4293900746776996,0.4340071678161621,0.4247729815392371,0.4340071678161621,375200.0
2025-05-02,0.4340071678161621,0.4340071678161621,0.4247729815392371,0.4340071678161621,1480400.0
2025-05-05,0.4340071960638628,0.4386242895028325,0.4247730091859235,0.4293901026248932,934300.0
2025-05-06,0.4293901026248932,0.4340071960638628,0.4247730091859235,0.4293901026248932,982700.0
2025-05-07,0.4247730091859235,0.4340071960638628,0.4201559157469539,0.4293901026248932,704200.0
2025-05-08,0.4293900556036555,0.4524755477905273,0.4247729626702901,0.4524755477905273,2316500.0
2025-05-09,0.452475579331232,0.457092672586441,0.4432413653007673,0.457092672586441,1500600.0
2025-05-13,0.4570926407238928,0.4617097336572582,0.4524755477905273,0.4524755477905273,739000.0
2025-05-14,0.4570926743074395,0.4663268608526252,0.4524755810348466,0.4617097675800323,1380900.0
2025-05-15,0.4617097658416501,0.4663268590968591,0.452475579331232,0.457092672586441,998300.0
2025-05-16,0.4617097692839912,0.4755610491528885,0.4524755827047264,0.4663268625736236,2099900.0
2025-05-19,0.4709439575672149,0.4801781441798907,0.4709439575672149,0.4709439575672149,1006400.0
2025-05-20,0.4755610246998507,0.4801781177520752,0.4709439316476262,0.4801781177520752,426200.0
2025-05-21,0.4801781458835252,0.4847952392062442,0.4709439592380873,0.4755610525608063,601000.0
2025-05-22,0.4755610491528885,0.4755610491528885,0.4663268625736236,0.4663268625736236,632600.0
2025-05-23,0.470943955863256,0.470943955863256,0.4617097692839912,0.4663268625736236,551400.0
2025-05-26,0.4617097692839912,0.4663268625736236,0.4617097692839912,0.4663268625736236,576700.0
2025-05-27,0.4663268625736236,0.470943955863256,0.4617097692839912,0.4663268625736236,177400.0
2025-05-28,0.4663268659153683,0.4801781458835252,0.4663268659153683,0.4755610525608063,932400.0
2025-05-29,0.4755610525608063,0.4801781458835252,0.4709439592380873,0.4755610525608063,393700.0
2025-05-30,0.4755610525608063,0.4801781458835252,0.4709439592380873,0.4755610525608063,365200.0
2025-06-02,0.4801781458835252,0.4801781458835252,0.4663268659153683,0.4755610525608063,660800.0
2025-06-03,0.4755610460277482,0.4943951290767695,0.4755610460277482,0.4896866083145141,892800.0
2025-06-04,0.4896866235346621,0.5085207632990699,0.4896866235346621,0.4991036653518677,1271600.0
2025-06-05,0.5038122174013939,0.5226463001016349,0.4896865992462191,0.5179377794265747,3461200.0
2025-06-06,0.5179377794265747,0.5226463001016349,0.5085207380764541,0.5179377794265747,408800.0
2025-06-09,0.5179377948336789,0.5273548364639282,0.5132292740185541,0.5273548364639282,530400.0
2025-06-10,0.5273548207766953,0.5320633414517555,0.5179377794265747,0.5179377794265747,758200.0
2025-06-11,0.5179378169395248,0.5414804220199585,0.5179378169395248,0.5414804220199585,1431800.0
2025-06-12,0.5414803781828771,0.5650230374873461,0.5414803781828771,0.5508974194526672,2399200.0
2025-06-13,0.550897464052132,0.550897464052132,0.5367719010038717,0.5414804220199585,1053200.0
2025-06-16,0.541480370367059,0.550897411500922,0.541480370367059,0.5461888909339905,532200.0
2025-06-17,0.5508974605882916,0.579148642637177,0.5508974605882916,0.5744401216506958,3016000.0
2025-06-18,0.5697315581222412,0.5744400787571362,0.5508974194526672,0.5508974194526672,1358600.0
2025-06-19,0.5556059850682188,0.5556059850682188,0.5414804220199585,0.5414804220199585,434300.0
2025-06-20,0.5461888909339905,0.5556059320678535,0.541480370367059,0.5461888909339905,579700.0
2025-06-23,0.550897464052132,0.550897464052132,0.5367719010038717,0.5414804220199585,1126400.0
2025-06-24,0.5461888988177722,0.5556059400875624,0.5461888988177722,0.5508974194526672,766500.0
2025-06-25,0.5508974474153057,0.6026912331581116,0.5508974474153057,0.6026912331581116,4580100.0
2025-06-26,0.5979827046394348,0.6121082670805248,0.5932741838257382,0.5979827046394348,1919100.0
2025-06-27,0.6073997179215648,0.6168167591094971,0.5979826767336324,0.6168167591094971,2395700.0
2025-06-30,0.6168167932408115,0.6497764953523798,0.6121082723863012,0.6356509327888489,4999400.0
2025-07-01,0.6356509271269489,0.6733190936275117,0.6356509271269489,0.6686105728149414,4832700.0
2025-07-02,0.6686105491976662,0.6686105491976662,0.6497764666126595,0.6544849872589111,1963800.0
2025-07-03,0.6591935495520266,0.6827362104006687,0.6450679867208396,0.6780276894569397,3108700.0
2025-07-04,0.6827361991965327,0.687444720062992,0.6639020596006999,0.6733191013336182,1882600.0
2025-07-07,0.6733190778850375,0.6733190778850375,0.6544849950751047,0.6591935157775879,2342900.0
2025-07-08,0.6591935504684163,0.715695858001709,0.6591935504684163,0.715695858001709,4870500.0
2025-07-09,0.7251128894540562,0.7580725917610571,0.7156958476891978,0.7439470291137695,7063400.0
2025-07-10,0.7533640768053586,0.8287004676468954,0.7533640768053586,0.8192834258079529,7605000.0
2025-07-11,0.8287004361772454,0.8287004361772454,0.7910322141219179,0.8004493117332458,3753700.0
2025-07-14,0.7957407718486298,0.8004492924760187,0.7721981125816919,0.7910321950912476,2097800.0
2025-07-15,0.7957407986796187,0.8145748818242265,0.7957407986796187,0.8051578402519226,2412200.0
2025-07-16,0.8051578497405975,0.8616601559702884,0.7910322310856777,0.8475345373153687,7793400.0
2025-07-17,0.8569516194295401,0.8569516194295401,0.8334089595226326,0.8381174802780151,1715400.0
2025-07-18,0.8381174645749883,0.8428259852421516,0.819283381906335,0.8287004232406616,2192000.0
2025-07-21,0.8287004361772454,0.833408956917912,0.7957407909925793,0.8004493117332458,2430800.0
2025-07-22,0.7957407785705183,0.8428259852421516,0.7957407785705183,0.8287004232406616,3888900.0
2025-07-23,0.8287004752895248,0.8475345591411059,0.8192834333637344,0.8239919543266296,2286900.0
2025-07-24,0.8287004676468954,0.8334089885663666,0.8098663839690103,0.8192834258079529,1254500.0
2025-07-25,0.809866353214579,0.8287004361772454,0.7910322141219179,0.8004493117332458,2862900.0
2025-07-28,0.8004492924760187,0.8098663337307965,0.7863236744638586,0.7910321950912476,1728300.0
2025-07-29,0.7957408164626665,0.7957408164626665,0.7627811140930308,0.7816151976585388,2124100.0
2025-07-30,0.781615166396027,0.781615166396027,0.7486555214746854,0.7627810835838318,3479100.0
2025-07-31,0.7627811126434864,0.7627811126434864,0.7298214103364854,0.7439470291137695,2161200.0
2025-08-01,0.7486555214746854,0.7769066456929782,0.7392384800685878,0.7627810835838318,2381900.0
2025-08-04,0.7486555418361934,0.8098663687705994,0.7486555418361934,0.8098663687705994,4001300.0
2025-08-05,0.809866353214579,0.809866353214579,0.7863236933812514,0.8004493117332458,1996400.0
2025-08-06,0.8004493271083825,0.8145748896017079,0.795740806277274,0.8098663687705994,1605300.0
2025-08-07,0.8004492924760187,0.8051578131034076,0.7863236744638586,0.7910321950912476,1073100.0
2025-08-08,0.791032247114265,0.791032247114265,0.7769066843031167,0.7863237261772156,774700.0
2025-08-11,0.7816151976585388,0.7910322394412929,0.7769066767671619,0.7816151976585388,941500.0
2025-08-12,0.7816152052401661,0.7957408241813115,0.7769066843031167,0.7863237261772156,834500.0
2025-08-13,0.791032206389932,0.8051578246038549,0.7863236856952891,0.7957407832145691,1715500.0
2025-08-14,0.7957407846351677,0.7957407846351677,0.7627810835838318,0.7627810835838318,1751000.0
2025-08-15,0.7627810990244628,0.7721981406211853,0.7580725782261015,0.7721981406211853,626800.0
2025-08-18,0.7769066910405341,0.7769066910405341,0.7486555651732408,0.753364086151123,1131500.0
2025-08-19,0.753364086151123,0.7627811281068875,0.7439470441953586,0.753364086151123,807100.0
2025-08-20,0.7533640516507876,0.7674896139375535,0.7345299124717712,0.7345299124717712,2055600.0
2025-08-21,0.7345299254035071,0.7910322316753151,0.7345299254035071,0.7769066691398621,2597400.0
2025-08-22,0.781615166396027,0.7863236870990757,0.758072562880783,0.7627810835838318,1196300.0
2025-08-25,0.7627810835838318,0.7769066456929782,0.758072562880783,0.7627810835838318,1184100.0
2025-08-26,0.7627811214919685,0.7863237261772156,0.7580726005549191,0.7863237261772156,1839300.0
2025-08-27,0.7863237261772156,0.8051578660554104,0.7816152052401661,0.7863237261772156,2850600.0
2025-08-28,0.7816151583376779,0.7816151583376779,0.7486555137561459,0.758072555065155,1556800.0
2025-08-29,0.758072562880783,0.7721981249899293,0.758072562880783,0.7627810835838318,530200.0
2025-09-01,0.7627810757196596,0.7627810757196596,0.7533640344106505,0.758072555065155,905700.0
2025-09-02,0.7580726071290053,0.7674896490847697,0.7486555651732408,0.753364086151123,1222200.0
2025-09-03,0.7580725857592582,0.7816151899850131,0.7533640649141071,0.7769066691398621,1451600.0
2025-09-04,0.7769066614195466,0.7816151822179078,0.7627810990244628,0.7721981406211853,656100.0
2025-09-05,0.7674896274495601,0.7769066691398621,0.7580725857592582,0.7769066691398621,774200.0
2025-09-08,0.7769066843031167,0.791032247114265,0.7769066843031167,0.7863237261772156,836100.0
2025-09-09,0.7910322293161697,0.8239919312639248,0.7910322293161697,0.8098663687705994,4442400.0
2025-09-10,0.8334089652098129,0.894619791577483,0.823991923634786,0.8757857084274292,11709600.0
2025-09-11,0.8946197990683487,0.9511221051216124,0.8899112782414096,0.9511221051216124,11516800.0
2025-09-12,0.9511221069773744,1.0076244692708771,0.9275795027967446,0.9887902736663818,5562500.0
2025-09-15,0.9982072996780496,1.017041494987061,0.9793732166290284,0.9793732166290284,2491600.0
2025-09-16,0.9887902736663818,1.0076244692708771,0.97937323199413,0.9887902736663818,1808400.0
2025-09-17,0.9887902875730548,0.9887902875730548,0.9511221203542698,0.960539162158966,1932000.0
2025-09-18,0.9605391231204986,0.9699561645424652,0.932287998854599,0.9369965195655824,2806800.0
2025-09-19,0.9369965576472254,0.960539162158966,0.9369965576472254,0.960539162158966,1953400.0
2025-09-22,0.941705048084259,0.9511220895843024,0.9322880065842156,0.941705048084259,1035400.0
2025-09-23,0.9417050771965284,0.9417050771965284,0.9181624727186138,0.9228709936141968,1378900.0
2025-09-24,0.9322880430671524,0.9322880430671524,0.9087453822657614,0.9275795221328736,718400.0
2025-09-25,0.932288038305528,0.932288038305528,0.8852027730732293,0.8899112939834595,3470600.0
2025-09-26,0.8899112549074714,0.8899112549074714,0.8616601306865965,0.8663686513900757,1875000.0
2025-09-29,0.8663686744595365,0.889911278603819,0.8616601536306799,0.880494236946106,1253200.0
2025-09-30,0.8804942292149426,0.8804942292149426,0.8522430483598666,0.8757857084274292,1315400.0
2025-10-01,0.8946198225021362,0.936996567184605,0.8899113015518616,0.8946198225021362,6973800.0
2025-10-02,0.904036819934845,0.904036819934845,0.8899112577788305,0.904036819934845,1304900.0
2025-10-03,0.8993282992161735,0.9087453406535164,0.8899112577788305,0.904036819934845,637100.0
2025-10-06,0.904036848943822,0.9087453698135816,0.8852027654647827,0.8852027654647827,1208300.0
2025-10-07,0.8852027730732293,0.8946198148936897,0.880494252162999,0.8899112939834595,1381000.0
2025-10-08,0.885202737060159,0.9134539175021824,0.885202737060159,0.904036819934845,2176300.0
2025-10-09,0.8993283358039198,0.8993283358039198,0.880494252162999,0.8899112939834595,2234000.0
2025-10-10,0.8852027421459226,0.889911262891646,0.8710771799087524,0.8710771799087524,2003700.0
2025-10-13,0.8616601306865965,0.8663686513900757,0.8475345124461648,0.8663686513900757,2419200.0
2025-10-14,0.8663686528699877,0.8710771735815098,0.819283389624772,0.8334089517593384,3153200.0
2025-10-15,0.8334089962524202,0.8381175172153154,0.8145749124008392,0.8239919543266296,1981600.0
2025-10-16,0.8192834181648214,0.8287004599159119,0.8145748972892761,0.8145748972892761,867300.0
2025-10-17,0.8192834128762171,0.8192834128762171,0.7674896274495601,0.7769066691398621,3694500.0
2025-10-21,0.7863237185499159,0.7957408164626665,0.7769066767671619,0.7816151976585388,1472900.0
2025-10-22,0.7721981604832435,0.8192834258079529,0.7721981604832435,0.8192834258079529,2217900.0
2025-10-23,0.8098663839690103,0.8287004676468954,0.8004493421300679,0.8192834258079529,1383800.0
2025-10-24,0.8239919233965305,0.8239919233965305,0.7957407986796187,0.8051578402519226,1930400.0
2025-10-27,0.8051578555381856,0.8192834181648214,0.8051578555381856,0.8145748972892761,869100.0
2025-10-28,0.8192833866877836,0.8192833866877836,0.7816151650006462,0.7957407832145691,1505800.0
2025-10-29,0.8004493134894851,0.8004493134894851,0.7533640498495163,0.7674896121025085,3673700.0
2025-10-30,0.7674896490847697,0.7674896490847697,0.7345299461095967,0.753364086151123,3125300.0
2025-10-31,0.7533640498495163,0.7674896121025085,0.748655529098519,0.7674896121025085,823400.0
2025-11-03,0.7674896274495601,0.7863237108301641,0.7627811066044091,0.7769066691398621,1860100.0
2025-11-04,0.7769066910405341,0.7769066910405341,0.7345299461095967,0.753364086151123,3505900.0
2025-11-05,0.7486555422626743,0.7486555422626743,0.7204043611299339,0.7392385005950928,1460100.0
2025-11-06,0.7439469991596278,0.7439469991596278,0.6262338695784839,0.6921532154083252,5303600.0
2025-11-07,0.6874447313443977,0.6874447313443977,0.6639020704957556,0.6780276894569397,2059500.0
2025-11-10,0.6733190765069461,0.6968617361011714,0.6686105558140999,0.6921532154083252,897900.0
2025-11-11,0.6921532075288932,0.6968617281681379,0.678027645611159,0.6874446868896484,1239700.0
2025-11-12,0.6874447042158455,0.6874447042158455,0.6639020442962646,0.6639020442962646,934900.0
2025-11-13,0.6686105571825544,0.6686105571825544,0.6497764743726214,0.6591935157775879,1551700.0
2025-11-14,0.6591935079051628,0.6591935079051628,0.6450679459664078,0.6544849872589111,1421100.0
2025-11-17,0.6544849872589111,0.6591935079051628,0.6497764666126595,0.6544849872589111,551700.0
2025-11-18,0.6544850317589941,0.6591935527253899,0.626233905960619,0.6450679898262024,2399100.0
2025-11-19,0.6450679459664078,0.6591935079051628,0.6356509046739045,0.6544849872589111,1268000.0
2025-11-20,0.6544850178677816,0.687444720062992,0.6403594552684041,0.6733191013336182,3387400.0
2025-11-21,0.668610541097055,0.668610541097055,0.6450679381510291,0.6497764587402344,938100.0
2025-11-24,0.6544850240401189,0.6544850240401189,0.6403594613075256,0.6403594613075256,638000.0
2025-11-25,0.6450679898262024,0.6591935527253899,0.6450679898262024,0.6450679898262024,709900.0
2025-11-26,0.6497765031292545,0.6544850240401189,0.6356509403966613,0.6403594613075256,654100.0
2025-11-27,0.6450679587085345,0.6450679587085345,0.6215253550122355,0.6262338757514954,1026100.0
2025-11-28,0.626233883472857,0.6356509250674872,0.6168167857482314,0.6309424042701721,595200.0
2025-12-01,0.6356509403966613,0.6497765031292545,0.6356509403966613,0.6403594613075256,1334900.0
2025-12-02,0.6356509403966613,0.6497765031292545,0.6262338985749324,0.6403594613075256,1349000.0
2025-12-03,0.6450679744978695,0.6450679744978695,0.6309424119343385,0.6356509327888489,452100.0
2025-12-04,0.6309424042701721,0.6403594458648023,0.626233883472857,0.6309424042701721,799000.0
2025-12-05,0.6309423763834137,0.6544849793294395,0.6262338557942085,0.6497764587402344,1543600.0
2025-12-08,0.6497764953523798,0.6591935370614004,0.6309424119343385,0.6356509327888489,1297600.0
2025-12-09,0.6356509327888489,0.6403594536433592,0.6309424119343385,0.6356509327888489,1405900.0
2025-12-10,0.635650917230015,0.635650917230015,0.6262338757514954,0.6262338757514954,1081600.0
2025-12-11,0.6309423770213886,0.6356508976153546,0.6121082385155309,0.6168167591094971,1612200.0
2025-12-12,0.6168168111869688,0.6215253883084703,0.6073997692039613,0.6121082901954651,2043200.0
2025-12-15,0.6121082901954651,0.6168168111869688,0.6026912482124576,0.6121082901954651,621400.0
2025-12-16,0.6121082591309425,0.6121082591309425,0.5932741761207581,0.5932741761207581,1203100.0
2025-12-17,0.5979826968733042,0.6026912176258503,0.5885656553682119,0.5932741761207581,1157200.0
2025-12-18,0.5932741761207581,0.5979826968733042,0.5885656553682119,0.5932741761207581,627800.0
2025-12-19,0.5932741670208752,0.6215253472328186,0.5932741670208752,0.6215253472328186,1507400.0
2025-12-22,0.6262338564274224,0.6262338564274224,0.6121082385155309,0.6168167591094971,652400.0
2025-12-23,0.616816778142981,0.6262338757514954,0.6121082574037212,0.6262338757514954,995700.0
2025-12-24,0.6262338679131435,0.6309423885934683,0.6168167704224996,0.6215253472328186,281800.0
2025-12-26,0.6262338910798283,0.6403594536433592,0.6262338910798283,0.6356509327888489,1650200.0
2025-12-29,0.6356509092737932,0.6356509092737932,0.6168167704224996,0.6215253472328186,1065400.0
2025-12-30,0.6215253550122355,0.6262338757514954,0.616816778142981,0.6262338757514954,386100.0
2025-12-31,0.6262338757514954,0.6309423964907551,0.616816778142981,0.6262338757514954,251300.0
2026-01-02,0.621525370225318,0.6403594536433592,0.621525370225318,0.6356509327888489,1088500.0
2026-01-05,0.6356509512829815,0.6356509512829815,0.6073997692039613,0.6121082901954651,1988900.0
2026-01-06,0.6121082385155309,0.6215253358334563,0.6073997179215648,0.6168167591094971,971600.0
2026-01-07,0.6168168111869688,0.6168168111869688,0.6121082901954651,0.6121082901954651,944400.0
2026-01-08,0.6073997616767883,0.612108282609942,0.6073997616767883,0.6073997616767883,837200.0
2026-01-09,0.6121082497421748,0.6262338679131435,0.6073997290618499,0.6215253472328186,1594400.0
2026-01-12,0.621525377664068,0.6497765031292545,0.621525377664068,0.6403594613075256,2540800.0
2026-01-13,0.6403594688598065,0.6544850317589941,0.6356509478934107,0.6450679898262024,2966800.0
2026-01-14,0.6450679938778591,0.6874447389715864,0.6403594728818891,0.6827362179756165,6926100.0
2026-01-15,0.6921532409294511,0.6968617617959102,0.668610580467159,0.6733191013336182,3702300.0
2026-01-16,0.6780276705700777,0.6780276705700777,0.6591935311898007,0.6686105728149414,1350900.0
2026-01-19,0.6686105491976662,0.6686105491976662,0.6497764666126595,0.6544849872589111,1278400.0
2026-01-20,0.6544849793294395,0.6639020205078499,0.6497764587402344,0.6497764587402344,1252900.0
2026-01-21,0.6497764970013225,0.6780276783300736,0.635650934401945,0.6733191013336182,3497500.0
2026-01-22,0.6733190698439178,0.6733190698439178,0.6544849872589111,0.6544849872589111,1871800.0
2026-01-23,0.6591935157775879,0.6639020364800711,0.6544849950751047,0.6591935157775879,1009400.0
2026-01-26,0.6639020364800711,0.6639020364800711,0.6544849950751047,0.6591935157775879,1041600.0
2026-01-27,0.6639020364800711,0.6639020364800711,0.6544849950751047,0.6591935157775879,567400.0
2026-01-28,0.6591935079051628,0.6591935079051628,0.6497764666126595,0.6544849872589111,1386600.0
2026-01-29,0.6544849793294395,0.6544849793294395,0.6450679381510291,0.6497764587402344,883600.0
2026-01-30,0.6544850240401189,0.6639020658618477,0.6403594613075256,0.6403594613075256,1145100.0
2026-02-02,0.6450679587085345,0.6450679587085345,0.6215253550122355,0.6262338757514954,1992800.0
2026-02-03,0.6309424119343385,0.6450679744978695,0.6309424119343385,0.6356509327888489,1150000.0
2026-02-04,0.6356509327888489,0.6403594536433592,0.6309424119343385,0.6356509327888489,322200.0
2026-02-05,0.6356509250674872,0.6356509250674872,0.626233883472857,0.6309424042701721,717300.0
2026-02-06,0.6309424042701721,0.6309424042701721,0.626233883472857,0.6309424042701721,439600.0
2026-02-09,0.6309424119343385,0.6403594536433592,0.6309424119343385,0.6356509327888489,522100.0
2026-02-10,0.640359417561824,0.6591934999186446,0.640359417561824,0.6497764587402344,1394400.0
2026-02-11,0.6497764743726214,0.6639020364800711,0.6450679536701382,0.6591935157775879,1009600.0
2026-02-12,0.6639020285514144,0.6639020285514144,0.6544849872589111,0.6544849872589111,615600.0
2026-02-13,0.6544849872589111,0.6544849872589111,0.6450679459664078,0.6544849872589111,534100.0
2026-02-16,0.6544849872589111,0.6544849872589111,0.6497764666126595,0.6544849872589111,169400.0
2026-02-19,0.6544850027804303,0.6686105650541818,0.6497764820225131,0.6639020442962646,1975200.0
2026-02-20,0.6686105571825544,0.6686105571825544,0.6544849950751047,0.6591935157775879,1068200.0
2026-02-23,0.664112925608398,0.664112925608398,0.6542742251560674,0.6591935753822327,760800.0
2026-02-24,0.664112924861662,0.664112924861662,0.639516115115212,0.644435465335846,1313500.0
2026-02-25,0.6444354655611657,0.6444354655611657,0.6247580646717501,0.629677414894104,1169200.0
2026-02-26,0.6296774150467015,0.6345967652702476,0.6198387145996094,0.6198387145996094,730100.0
2026-02-27,0.6198387145239114,0.629677414969802,0.6100000140780207,0.6247580647468567,691900.0
2026-03-02,0.6100000143832744,0.6198387148340885,0.6001613139324604,0.6050806641578674,1013500.0
2026-03-03,0.6100000145434695,0.6149193647701685,0.5903226136366739,0.5952419638633728,878100.0
2026-03-04,0.5952419640249467,0.5952419640249467,0.5657258040134607,0.5854032635688782,1842700.0
2026-03-05,0.5903226130531156,0.6001613134967875,0.5706451535224915,0.5706451535224915,1335600.0
2026-03-06,0.5706451533758427,0.5804838538169861,0.5608064529346992,0.5804838538169861,356000.0
2026-03-09,0.5657258034511413,0.5657258034511413,0.5362097021122744,0.5608064532279968,1179400.0
2026-03-10,0.5657258032273419,0.5755645036697388,0.5608064530061435,0.5755645036697388,506700.0
2026-03-11,0.5755645044695292,0.6001613142529809,0.570645154241495,0.5854032635688782,1075100.0
2026-03-12,0.5804838539661633,0.5854032628312796,0.5657258033006555,0.5706451535224915,261200.0
2026-03-13,0.5706451536742858,0.5755645038974303,0.5608064532279968,0.5608064532279968,476700.0
2026-03-16,0.5657258033006555,0.5755645037443273,0.5608064530788196,0.5706451535224915,226600.0
2026-03-17,0.5755645036697388,0.5804838538909372,0.5657258032273419,0.5755645036697388,240100.0
2026-03-18,0.575564504390762,0.5903226137161255,0.570645154163401,0.5903226137161255,369800.0
2026-03-19,0.5804838538909372,0.5804838538909372,0.5657258032273419,0.5755645036697388,260100.0
2026-03-20,0.5755645044695292,0.5903226137969124,0.570645154241495,0.5854032635688782,511900.0
2026-03-23,0.5854032630669269,0.5854032630669269,0.5509677528569333,0.5558871030807495,578100.0
2026-03-24,0.5608064533825018,0.5608064533825018,0.5509677529335022,0.5509677529335022,454900.0
2026-03-25,0.5558871030807495,0.5608064533045657,0.5509677528569333,0.5558871030807495,514400.0
2026-03-26,0.5558871031580019,0.5657258036070016,0.5460484027090023,0.5509677529335022,599100.0
2026-03-27,0.5558871028569836,0.5804838539661633,0.5558871028569836,0.5706451535224915,572600.0
2026-03-30,0.5608064530788196,0.5755645037443273,0.5558871028569836,0.5706451535224915,359200.0
2026-03-31,0.5706451535224915,0.5755645037443273,0.5657258033006555,0.5706451535224915,236800.0
2026-04-01,0.570645154241495,0.6001613142529809,0.570645154241495,0.5854032635688782,664400.0
2026-04-02,0.5854032635688782,0.5903226137969124,0.5755645044695292,0.5854032635688782,272400.0
2026-04-06,0.5854032635688782,0.5854032635688782,0.5804838546975635,0.5854032635688782,196400.0
2026-04-07,0.5804838546975635,0.5903226137969124,0.5804838546975635,0.5854032635688782,114200.0
2026-04-08,0.5854032634099751,0.6100000145434695,0.5854032634099751,0.5952419638633728,1059900.0
2026-04-09,0.5952419639434865,0.5952419639434865,0.5903226137161255,0.5903226137161255,182500.0
2026-04-10,0.5903226136366739,0.6001613140900718,0.5903226136366739,0.5952419638633728,466600.0
2026-04-13,0.5854032634887645,0.5903226137161255,0.5854032634887645,0.5903226137161255,362400.0
2026-04-14,0.585403263332477,0.6050806642366677,0.585403263332477,0.6001613140106201,769300.0
2026-04-15,0.6001613140900718,0.6050806643167707,0.5903226136366739,0.5952419638633728,391500.0
2026-04-16,0.5952419639434865,0.5952419639434865,0.5854032634887645,0.5903226137161255,966100.0
2026-04-17,0.5903226137969124,0.5952419640249467,0.5854032635688782,0.5854032635688782,91300.0
2026-04-20,0.585403263332477,0.6100000144627155,0.585403263332477,0.6001613140106201,1094200.0
2026-04-21,0.6001613140106201,0.6100000144627155,0.6001613140106201,0.6001613140106201,344900.0
2026-04-22,0.6001613139324604,0.6149193646086815,0.6001613139324604,0.6050806641578674,609600.0
2026-04-23,0.6050806642366677,0.6050806642366677,0.5952419637845724,0.6001613140106201,452500.0
2026-04-24,0.6001613140106201,0.6050806642366677,0.5903226135585248,0.6001613140106201,560700.0
2026-04-27,0.6001613140900718,0.6001613140900718,0.5952419638633728,0.5952419638633728,227400.0
2026-04-28,0.5952419638633728,0.6001613140900718,0.5903226136366739,0.5952419638633728,244900.0
2026-04-29,0.5903226135585248,0.6001613140106201,0.5903226135585248,0.6001613140106201,362900.0
2026-04-30,0.6100000140046884,0.654274224649154,0.6100000140046884,0.629677414894104,3682400.0
2026-05-04,0.6345967648945781,0.6690322750822959,0.6345967648945781,0.644435465335846,2544700.0
2026-05-05,0.6444354654848947,0.6542742245717185,0.6345967650413513,0.6345967650413513,547000.0
2026-05-06,0.6395161159114289,0.6641129256885027,0.6395161159114289,0.6542742252349854,1924800.0
2026-05-07,0.6591935750018367,0.6887096763417957,0.6542742247785102,0.6837903261184692,4415100.0
2026-05-08,0.6788709761267367,0.6788709761267367,0.6591935752267178,0.6690322756767273,1103500.0
2026-05-11,0.6690322755995375,0.6739516258239746,0.654274224926226,0.6739516258239746,942000.0
2026-05-12,0.6690322757550607,0.6739516259806414,0.66411292552948,0.66411292552948,284700.0
2026-05-13,0.6690322756767273,0.6690322756767273,0.6591935752267178,0.6690322756767273,696500.0
2026-05-14,0.66411292552948,0.6690322757550607,0.6591935753038993,0.66411292552948,573900.0
2026-05-15,0.6641129249378711,0.673951625380268,0.6247580645250034,0.6395161151885986,1946500.0
2026-05-18,0.6345967650413513,0.6345967650413513,0.6198387143760363,0.6345967650413513,709200.0
2026-05-19,0.6345967650413513,0.6345967650413513,0.624758064597808,0.6345967650413513,172800.0
2026-05-20,0.6345967651164579,0.6395161153388118,0.6247580646717501,0.629677414894104,273000.0
2026-05-21,0.6345967651164579,0.6395161153388118,0.6247580646717501,0.629677414894104,402300.0
2026-05-22,0.629677414894104,0.6345967651164579,0.6247580646717501,0.629677414894104,380100.0
2026-05-25,0.629677414894104,0.6444354655611657,0.6247580646717501,0.629677414894104,384200.0
2026-05-26,0.6296774152042215,0.6395161156537749,0.6100000143051147,0.6100000143051147,780800.0
2026-05-27,0.6100000143051147,0.6100000143051147,0.6100000143051147,0.6100000143051147,0.0
2026-05-28,0.6100000143051147,0.6149193645298914,0.605080664080338,0.6100000143051147,460200.0
2026-05-29,0.6100000143051147,0.6149193645298914,0.6100000143051147,0.6100000143051147,291800.0
2026-06-02,0.6100000143051147,0.6100000143051147,0.6001613138555614,0.6100000143051147,373500.0
2026-06-03,0.6200000047683716,0.6200000047683716,0.5950000286102295,0.5950000286102295,316100.0
2026-06-04,0.5950000286102295,0.6050000190734863,0.5849999785423279,0.6000000238418579,180500.0
2026-06-05,0.5899999737739563,0.6000000238418579,0.5899999737739563,0.5899999737739563,226200.0
2026-06-08,0.5849999785423279,0.5899999737739563,0.574999988079071,0.574999988079071,487500.0
2026-06-09,0.5699999928474426,0.5849999785423279,0.5699999928474426,0.574999988079071,276700.0
2026-06-10,0.574999988079071,0.5849999785423279,0.5699999928474426,0.5699999928474426,305200.0
2026-06-11,0.574999988079071,0.5849999785423279,0.5699999928474426,0.5799999833106995,152800.0
2026-06-12,0.5799999833106995,0.5899999737739563,0.5699999928474426,0.5849999785423279,505700.0
2026-06-15,0.5849999785423279,0.6000000238418579,0.5849999785423279,0.5899999737739563,197500.0
2026-06-16,0.5950000286102295,0.6000000238418579,0.5899999737739563,0.5899999737739563,64800.0
2026-06-17,0.5950000286102295,0.6000000238418579,0.5950000286102295,0.5950000286102295,132600.0
2026-06-18,0.5950000286102295,0.6000000238418579,0.5849999785423279,0.5899999737739563,611400.0
2026-06-19,0.5899999737739563,0.5950000286102295,0.5849999785423279,0.5849999785423279,119000.0
2026-06-22,0.5849999785423279,0.5849999785423279,0.574999988079071,0.574999988079071,55500.0
2026-06-23,0.574999988079071,0.5799999833106995,0.574999988079071,0.574999988079071,168500.0
2026-06-24,0.574999988079071,0.5799999833106995,0.574999988079071,0.5799999833106995,24300.0
2026-06-25,0.5799999833106995,0.5849999785423279,0.5799999833106995,0.5849999785423279,60000.0
2026-06-26,0.5799999833106995,0.5799999833106995,0.5699999928474426,0.574999988079071,191200.0
2026-06-29,0.574999988079071,0.5799999833106995,0.5699999928474426,0.5799999833106995,129600.0
2026-06-30,0.5799999833106995,0.5799999833106995,0.5649999976158142,0.5699999928474426,255400.0
2026-07-01,0.574999988079071,0.574999988079071,0.5600000023841858,0.5699999928474426,218900.0
2026-07-02,0.574999988079071,0.574999988079071,0.5649999976158142,0.5699999928474426,25800.0
2026-07-03,0.5699999928474426,0.574999988079071,0.5649999976158142,0.5699999928474426,242800.0
2026-07-06,0.5699999928474426,0.574999988079071,0.5649999976158142,0.574999988079071,36000.0
2026-07-07,0.5699999928474426,0.574999988079071,0.5649999976158142,0.5699999928474426,101500.0
2026-07-08,0.5699999928474426,0.574999988079071,0.5600000023841858,0.5699999928474426,108100.0
2026-07-09,0.5600000023841858,0.5699999928474426,0.550000011920929,0.550000011920929,280200.0
2026-07-10,0.5550000071525574,0.5649999976158142,0.5550000071525574,0.5600000023841858,292700.0
2026-07-13,0.5600000023841858,0.5600000023841858,0.5550000071525574,0.5600000023841858,90600.0
2026-07-14,0.5600000023841858,0.5649999976158142,0.5550000071525574,0.5550000071525574,36300.0
2026-07-15,0.5550000071525574,0.574999988079071,0.550000011920929,0.5699999928474426,527600.0
2026-07-16,0.5699999928474426,0.5699999928474426,0.5550000071525574,0.5649999976158142,62400.0
2026-07-17,0.5649999976158142,0.5649999976158142,0.5550000071525574,0.5550000071525574,74400.0
2026-07-20,0.5550000071525574,0.5600000023841858,0.5550000071525574,0.5600000023841858,213200.0
2026-07-21,0.5600000023841858,0.5600000023841858,0.550000011920929,0.5600000023841858,134500.0
2026-07-22,0.5600000023841858,0.5600000023841858,0.5550000071525574,0.5600000023841858,87000.0
2026-07-23,0.5600000023841858,0.5649999976158142,0.5550000071525574,0.5649999976158142,170100.0
2026-07-24,0.5550000071525574,0.5649999976158142,0.5550000071525574,0.5600000023841858,100500.0
2026-07-27,0.550000011920929,0.5649999976158142,0.550000011920929,0.5600000023841858,129700.0
2026-07-28,0.5600000023841858,0.5600000023841858,0.550000011920929,0.550000011920929,218400.0
2026-07-29,0.5550000071525574,0.5600000023841858,0.550000011920929,0.5600000023841858,180900.0
2026-07-30,0.5600000023841858,0.5600000023841858,0.5550000071525574,0.5550000071525574,95100.0
2026-07-31,0.5550000071525574,0.5600000023841858,0.5550000071525574,0.5550000071525574,56400.0
2026-08-03,0.5550000071525574,0.5649999976158142,0.550000011920929,0.5600000023841858,220700.0
2026-08-04,0.5600000023841858,0.574999988079071,0.5600000023841858,0.5699999928474426,310700.0
2026-08-05,0.5649999976158142,0.5699999928474426,0.5550000071525574,0.5600000023841858,223000.0
2026-08-06,0.5649999976158142,0.5799999833106995,0.5600000023841858,0.5799999833106995,979700.0
2026-08-07,0.574999988079071,0.5799999833106995,0.5699999928474426,0.5799999833106995,69500.0
2026-08-11,0.5849999785423279,0.5849999785423279,0.5699999928474426,0.5699999928474426,129900.0
2026-08-12,0.5699999928474426,0.574999988079071,0.5699999928474426,0.574999988079071,57000.0
2026-08-13,0.574999988079071,0.574999988079071,0.5600000023841858,0.5600000023841858,155700.0
2026-08-14,0.5600000023841858,0.5649999976158142,0.5600000023841858,0.5649999976158142,5500.0
2026-08-17,0.5649999976158142,0.5699999928474426,0.5649999976158142,0.5699999928474426,41500.0
2026-08-18,0.5699999928474426,0.574999988079071,0.5649999976158142,0.5699999928474426,120900.0
2026-08-19,0.5649999976158142,0.5699999928474426,0.5649999976158142,0.5699999928474426,72200.0
2026-08-20,0.5699999928474426,0.574999988079071,0.550000011920929,0.5550000071525574,655100.0
2026-08-21,0.5600000023841858,0.5600000023841858,0.550000011920929,0.5600000023841858,360800.0
2026-08-24,0.5600000023841858,0.5649999976158142,0.550000011920929,0.5649999976158142,184900.0
2026-08-25,0.5550000071525574,0.5649999976158142,0.5400000214576721,0.5600000023841858,309900.0
2026-08-26,0.5550000071525574,0.5649999976158142,0.550000011920929,0.5649999976158142,86100.0
2026-08-27,0.5649999976158142,0.5649999976158142,0.550000011920929,0.5600000023841858,417100.0
2026-08-28,0.550000011920929,0.5600000023841858,0.550000011920929,0.5600000023841858,14200.0
2026-08-31,0.5550000071525574,0.5600000023841858,0.5350000262260437,0.550000011920929,601600.0
2026-09-01,0.550000011920929,0.5550000071525574,0.550000011920929,0.550000011920929,148500.0
2026-09-02,0.550000011920929,0.5649999976158142,0.550000011920929,0.550000011920929,583800.0
2026-09-03,0.550000011920929,0.5600000023841858,0.550000011920929,0.5600000023841858,45900.0
2026-09-04,0.550000011920929,0.5600000023841858,0.550000011920929,0.5600000023841858,90100.0
2026-09-07,0.5550000071525574,0.5600000023841858,0.5550000071525574,0.5550000071525574,110400.0
2026-09-08,0.550000011920929,0.5600000023841858,0.550000011920929,0.5600000023841858,68700.0
2026-09-09,0.550000011920929,0.5600000023841858,0.550000011920929,0.5600000023841858,2600.0
2026-09-10,0.5600000023841858,0.5600000023841858,0.5550000071525574,0.5550000071525574,95400.0
2026-09-11,0.5550000071525574,0.5550000071525574,0.550000011920929,0.5550000071525574,106500.0
2026-09-14,0.5550000071525574,0.5550000071525574,0.5400000214576721,0.5400000214576721,213000.0
2026-09-15,0.5400000214576721,0.5450000166893005,0.5400000214576721,0.5450000166893005,243000.0
2026-09-16,0.5400000214576721,0.5400000214576721,0.5249999761581421,0.5299999713897705,156000.0
2026-09-17,0.5350000262260437,0.5400000214576721,0.5249999761581421,0.5299999713897705,210800.0
2026-09-18,0.5350000262260437,0.5400000214576721,0.5199999809265137,0.5199999809265137,363800.0
2026-09-21,0.5199999809265137,0.5249999761581421,0.5149999856948853,0.5249999761581421,166900.0
2026-09-22,0.5249999761581421,0.5350000262260437,0.5249999761581421,0.5350000262260437,90900.0
2026-09-23,0.5299999713897705,0.5350000262260437,0.5299999713897705,0.5350000262260437,91800.0
2026-09-24,0.5299999713897705,0.5350000262260437,0.5299999713897705,0.5299999713897705,126600.0
2026-09-25,0.5249999761581421,0.5299999713897705,0.5249999761581421,0.5299999713897705,51300.0
2026-09-28,0.5199999809265137,0.5299999713897705,0.5199999809265137,0.5199999809265137,122600.0
2026-09-29,0.5249999761581421,0.550000011920929,0.5199999809265137,0.5400000214576721,847400.0
2026-09-30,0.5450000166893005,0.5550000071525574,0.5400000214576721,0.5550000071525574,303100.0
2026-10-01,0.5450000166893005,0.5550000071525574,0.5450000166893005,0.5550000071525574,75600.0
2026-10-02,0.550000011920929,0.550000011920929,0.5350000262260437,0.5400000214576721,121200.0
