date,open,high,low,close,volume
2016-10-03,0.1114315849385213,0.1114315849385213,0.1077173724770546,0.1077173724770546,17675.0
2016-10-04,0.1095744799471561,0.1095744799471561,0.1040031611919403,0.1040031611919403,70000.0
2016-10-05,0.1040031611919403,0.1040031611919403,0.1040031611919403,0.1040031611919403,17500.0
2016-10-06,0.1040031611919403,0.1040031611919403,0.1040031611919403,0.1040031611919403,0.0
2016-10-07,0.1040031611919403,0.1040031611919403,0.1040031611919403,0.1040031611919403,0.0
2016-10-10,0.104003149613633,0.1058602556586265,0.104003149613633,0.1058602556586265,96250.0
2016-10-11,0.1040031611919403,0.1040031611919403,0.1040031611919403,0.1040031611919403,26250.0
2016-10-12,0.1077173724770546,0.1114315849385213,0.1077173724770546,0.1077173724770546,356475.0
2016-10-13,0.111431572975093,0.111431572975093,0.1095744669437408,0.1095744669437408,201250.0
2016-10-14,0.1095744669437408,0.1095744669437408,0.1095744669437408,0.1095744669437408,0.0
2016-10-17,0.1095744669437408,0.1095744669437408,0.1095744669437408,0.1095744669437408,0.0
2016-10-18,0.111431572975093,0.1132886790064452,0.1095744669437408,0.1095744669437408,384300.0
2016-10-19,0.1077173497331934,0.1114315614104271,0.1058602438945766,0.1114315614104271,78750.0
2016-10-20,0.1114315614104271,0.1114315614104271,0.1114315614104271,0.1114315614104271,0.0
2016-10-21,0.1114315614104271,0.1114315614104271,0.1114315614104271,0.1114315614104271,0.0
2016-10-24,0.107717349366371,0.1151457726955413,0.107717349366371,0.1151457726955413,42350.0
2016-10-25,0.1095744669437408,0.1095744669437408,0.1077173609123886,0.1095744669437408,227500.0
2016-10-26,0.1095744669437408,0.1095744669437408,0.1095744669437408,0.1095744669437408,105000.0
2016-10-27,0.1114315614104271,0.1114315614104271,0.1114315614104271,0.1114315614104271,17500.0
2016-10-28,0.1095744669437408,0.1095744669437408,0.1095744669437408,0.1095744669437408,17500.0
2016-10-31,0.1095744669437408,0.1095744669437408,0.1077173609123886,0.1095744669437408,66500.0
2016-11-01,0.1095744669437408,0.1095744669437408,0.1095744669437408,0.1095744669437408,127750.0
2016-11-02,0.1095744669437408,0.1095744669437408,0.1095744669437408,0.1095744669437408,26250.0
2016-11-03,0.1058602674436789,0.1058602674436789,0.1040031611919403,0.1040031611919403,72625.0
2016-11-04,0.1077173724770546,0.1077173724770546,0.1077173724770546,0.1077173724770546,43750.0
2016-11-07,0.1077173724770546,0.1077173724770546,0.1077173724770546,0.1077173724770546,26250.0
2016-11-08,0.1077173497331934,0.1114315614104271,0.1077173497331934,0.1114315614104271,138250.0
2016-11-09,0.111431572975093,0.111431572975093,0.1077173609123886,0.1095744669437408,100450.0
2016-11-10,0.1114315849385213,0.1114315849385213,0.1077173724770546,0.1077173724770546,245000.0
2016-11-11,0.1077173724770546,0.1077173724770546,0.1077173724770546,0.1077173724770546,0.0
2016-11-14,0.1058602662463212,0.1077173724770546,0.1058602662463212,0.1077173724770546,120750.0
2016-11-15,0.1077173724770546,0.1077173724770546,0.1077173724770546,0.1077173724770546,0.0
2016-11-16,0.1077173724770546,0.1077173724770546,0.1077173724770546,0.1077173724770546,21000.0
2016-11-17,0.1077173724770546,0.1077173724770546,0.1077173724770546,0.1077173724770546,0.0
2016-11-18,0.1077173724770546,0.1077173724770546,0.1077173724770546,0.1077173724770546,0.0
2016-11-21,0.1077173724770546,0.1077173724770546,0.1077173724770546,0.1077173724770546,0.0
2016-11-22,0.1077173724770546,0.1077173724770546,0.1077173724770546,0.1077173724770546,0.0
2016-11-23,0.1077173724770546,0.1077173724770546,0.1077173724770546,0.1077173724770546,0.0
2016-11-24,0.1077173724770546,0.1077173724770546,0.1077173724770546,0.1077173724770546,104125.0
2016-11-25,0.1077173724770546,0.1077173724770546,0.1077173724770546,0.1077173724770546,35000.0
2016-11-28,0.1058602556586265,0.1058602556586265,0.1058602556586265,0.1058602556586265,875.0
2016-11-29,0.1058602495637626,0.1058602495637626,0.1021453887224197,0.1021453887224197,470225.0
2016-11-30,0.1021453946034019,0.1058602556586265,0.1021453946034019,0.1058602556586265,16100.0
2016-12-01,0.1040031611919403,0.1040031611919403,0.1040031611919403,0.1040031611919403,66675.0
2016-12-02,0.1058602556586265,0.1058602556586265,0.1058602556586265,0.1058602556586265,4025.0
2016-12-05,0.1058602556586265,0.1058602556586265,0.1058602556586265,0.1058602556586265,0.0
2016-12-06,0.1058602556586265,0.1058602556586265,0.1058602556586265,0.1058602556586265,0.0
2016-12-07,0.1058602556586265,0.1058602556586265,0.1058602556586265,0.1058602556586265,0.0
2016-12-08,0.1040031611919403,0.1040031611919403,0.1040031611919403,0.1040031611919403,91875.0
2016-12-09,0.1077173736954175,0.1114315861988947,0.1040031611919403,0.1040031611919403,28350.0
2016-12-12,0.1077173497331934,0.1114315614104271,0.1077173497331934,0.1114315614104271,37800.0
2016-12-13,0.1095744787077879,0.1095744787077879,0.1077173724770546,0.1077173724770546,78750.0
2016-12-14,0.1058602662463212,0.1077173724770546,0.1058602662463212,0.1077173724770546,36750.0
2016-12-15,0.1077173724770546,0.1077173724770546,0.1077173724770546,0.1077173724770546,0.0
2016-12-16,0.1058602556586265,0.10771736170362,0.1058602556586265,0.1058602556586265,99750.0
2016-12-19,0.1077173609123886,0.1095744669437408,0.1077173609123886,0.1095744669437408,70875.0
2016-12-20,0.1095744669437408,0.1095744669437408,0.1095744669437408,0.1095744669437408,0.0
2016-12-21,0.1095744669437408,0.1095744669437408,0.1095744669437408,0.1095744669437408,0.0
2016-12-22,0.1058602548810364,0.1095744669437408,0.1058602548810364,0.1095744669437408,66500.0
2016-12-23,0.1077173724770546,0.1077173724770546,0.1077173724770546,0.1077173724770546,3500.0
2016-12-27,0.1077173724770546,0.1077173724770546,0.1077173724770546,0.1077173724770546,0.0
2016-12-28,0.1077173724770546,0.1077173724770546,0.1077173724770546,0.1077173724770546,0.0
2016-12-29,0.1077173724770546,0.1077173724770546,0.1077173724770546,0.1077173724770546,0.0
2016-12-30,0.1077173724770546,0.1077173724770546,0.1077173724770546,0.1077173724770546,0.0
2017-01-03,0.1077173724770546,0.1077173724770546,0.1077173724770546,0.1077173724770546,0.0
2017-01-04,0.1077173724770546,0.1077173724770546,0.1077173724770546,0.1077173724770546,0.0
2017-01-05,0.1095744669437408,0.1095744669437408,0.1095744669437408,0.1095744669437408,52500.0
2017-01-06,0.1095744669437408,0.1095744669437408,0.1095744669437408,0.1095744669437408,0.0
2017-01-09,0.1114315614104271,0.1114315614104271,0.1114315614104271,0.1114315614104271,19250.0
2017-01-10,0.1077173497331934,0.1114315614104271,0.1040031380559598,0.1114315614104271,42000.0
2017-01-11,0.1077173497331934,0.1114315614104271,0.1077173497331934,0.1114315614104271,213500.0
2017-01-12,0.1132886672490438,0.1132886672490438,0.1114315614104271,0.1114315614104271,116550.0
2017-01-13,0.1132886672490438,0.1132886672490438,0.1114315614104271,0.1114315614104271,43750.0
2017-01-16,0.1114315614104271,0.1114315614104271,0.1114315614104271,0.1114315614104271,35000.0
2017-01-17,0.1132886856794357,0.1132886856794357,0.1114315795386952,0.1132886856794357,154875.0
2017-01-18,0.1114315614104271,0.1114315614104271,0.1095744555718102,0.1114315614104271,113750.0
2017-01-19,0.1095744555718102,0.1114315614104271,0.1095744555718102,0.1114315614104271,19250.0
2017-01-20,0.1095744669437408,0.1095744669437408,0.1095744669437408,0.1095744669437408,35000.0
2017-01-23,0.1095744669437408,0.1095744669437408,0.1095744669437408,0.1095744669437408,87500.0
2017-01-24,0.1095744669437408,0.1095744669437408,0.1095744669437408,0.1095744669437408,0.0
2017-01-25,0.1114315615408943,0.1170035377144813,0.1114315615408943,0.1170035377144813,202475.0
2017-01-26,0.117003554926645,0.1244319793825906,0.1151457901613482,0.1225748732686042,210000.0
2017-01-27,0.1170035774449011,0.1281462162733078,0.1151458123220628,0.1281462162733078,222950.0
2017-01-31,0.126289085496577,0.126289085496577,0.1225748732686042,0.1225748732686042,188300.0
2017-02-01,0.1225748732686042,0.1225748732686042,0.1225748732686042,0.1225748732686042,35000.0
2017-02-02,0.1244319900870323,0.1244319900870323,0.1225748838132856,0.1244319900870323,80500.0
2017-02-03,0.1244319900870323,0.1244319900870323,0.1244319900870323,0.1244319900870323,0.0
2017-02-06,0.1225748732686042,0.1225748732686042,0.1225748732686042,0.1225748732686042,52500.0
2017-02-07,0.1207177488436296,0.1225748546759222,0.1151457726955413,0.1151457726955413,147700.0
2017-02-08,0.1188606545329094,0.1188606545329094,0.1188606545329094,0.1188606545329094,5600.0
2017-02-09,0.1188606712657923,0.1300039578735898,0.1188606712657923,0.1244319900870323,185325.0
2017-02-10,0.1262890963607789,0.1262890963607789,0.1114315875194386,0.1244319900870323,62825.0
2017-02-13,0.1244319900870323,0.1244319900870323,0.1244319900870323,0.1244319900870323,0.0
2017-02-14,0.1188606431649037,0.1207177489995956,0.1188606431649037,0.1207177489995956,52500.0
2017-02-15,0.1207177605452176,0.1207177605452176,0.1188606545329094,0.1188606545329094,26600.0
2017-02-16,0.1207177489995956,0.1207177489995956,0.1207177489995956,0.1207177489995956,68250.0
2017-02-17,0.1207177489995956,0.1207177489995956,0.1207177489995956,0.1207177489995956,96250.0
2017-02-20,0.1225748838132856,0.1244319900870323,0.1225748838132856,0.1244319900870323,59325.0
2017-02-21,0.141146570444107,0.1485756431847799,0.1392894645002394,0.141146570444107,1682275.0
2017-02-22,0.1411466047240614,0.1430043600843202,0.1392894983291626,0.1392894983291626,746375.0
2017-02-23,0.141146570444107,0.141146570444107,0.141146570444107,0.141146570444107,546875.0
2017-02-24,0.1411465981499239,0.1448614597320556,0.1411465981499239,0.1448614597320556,577500.0
2017-02-27,0.143004325353177,0.1448614312970446,0.1392894645002394,0.141146570444107,544075.0
2017-02-28,0.141146570444107,0.141146570444107,0.141146570444107,0.141146570444107,51625.0
2017-03-01,0.1411466047240614,0.1411466047240614,0.1392894983291626,0.1392894983291626,17500.0
2017-03-02,0.1430043600843202,0.144861466479219,0.1392894983291626,0.1392894983291626,158550.0
2017-03-03,0.1374323666095733,0.1374323666095733,0.1374323666095733,0.1374323666095733,42000.0
2017-03-06,0.1392894983291626,0.1392894983291626,0.1392894983291626,0.1392894983291626,52500.0
2017-03-07,0.141146570444107,0.143004325353177,0.141146570444107,0.141146570444107,175000.0
2017-03-08,0.141146570444107,0.141146570444107,0.141146570444107,0.141146570444107,17500.0
2017-03-09,0.141146570444107,0.141146570444107,0.141146570444107,0.141146570444107,0.0
2017-03-10,0.1430043429136276,0.1430043429136276,0.1430043429136276,0.1430043429136276,306075.0
2017-03-13,0.1430043534236546,0.1448614597320556,0.1430043534236546,0.1448614597320556,198975.0
2017-03-14,0.1485756377225937,0.1485756377225937,0.1448614259714065,0.1467185318470001,402500.0
2017-03-15,0.1504327717727293,0.1560047394082619,0.1504327717727293,0.1541469842195511,1173725.0
2017-03-16,0.1560047285547967,0.1560047285547967,0.152289867401123,0.152289867401123,1063650.0
2017-03-17,0.154146953237387,0.1578618139028549,0.154146953237387,0.1578618139028549,855925.0
2017-03-20,0.1578618247436019,0.1597189307212829,0.1578618247436019,0.1597189307212829,894075.0
2017-03-21,0.1597189267075379,0.1652902541866212,0.1597189267075379,0.1615760326385498,1049475.0
2017-03-22,0.1615760451098074,0.1615760451098074,0.1560047268867492,0.1560047268867492,492625.0
2017-03-23,0.1597189267075379,0.1615760326385498,0.1597189267075379,0.1615760326385498,275450.0
2017-03-24,0.1578618139028549,0.1597189197530041,0.1578618139028549,0.1578618139028549,144550.0
2017-03-27,0.1578618247436019,0.1597189307212829,0.1578618247436019,0.1597189307212829,286825.0
2017-03-28,0.157861832961102,0.157861832961102,0.1560047268867492,0.1560047268867492,301000.0
2017-03-29,0.1560047268867492,0.1560047268867492,0.1560047268867492,0.1560047268867492,70000.0
2017-03-30,0.1560047268867492,0.1560047268867492,0.1541469718471486,0.1560047268867492,123200.0
2017-03-31,0.1541469734953325,0.1541469734953325,0.152289867401123,0.152289867401123,105175.0
2017-04-03,0.1541469842195511,0.1578618456316728,0.1541469842195511,0.1541469842195511,147700.0
2017-04-04,0.1541469842195511,0.1578618456316728,0.1541469842195511,0.1541469842195511,135100.0
2017-04-05,0.1560047080527057,0.1597189197530041,0.1560047080527057,0.1578618139028549,412475.0
2017-04-06,0.1560047394082619,0.1578618456316728,0.1541469842195511,0.1541469842195511,210875.0
2017-04-07,0.1541469842195511,0.1541469842195511,0.1541469842195511,0.1541469842195511,0.0
2017-04-10,0.1541469842195511,0.1541469842195511,0.1541469842195511,0.1541469842195511,23625.0
2017-04-11,0.1541469842195511,0.1541469842195511,0.1522898779961402,0.1541469842195511,214725.0
2017-04-12,0.1560047080527057,0.1578618139028549,0.154146953237387,0.1578618139028549,316400.0
2017-04-13,0.1578618139028549,0.1578618139028549,0.1578618139028549,0.1578618139028549,272475.0
2017-04-17,0.1560047394082619,0.1560047394082619,0.1541469842195511,0.1541469842195511,319725.0
2017-04-18,0.1541469842195511,0.1541469842195511,0.1541469842195511,0.1541469842195511,204750.0
2017-04-19,0.1541469734953325,0.1541469734953325,0.152289867401123,0.152289867401123,116900.0
2017-04-20,0.1522898779961402,0.1541469842195511,0.1504327717727293,0.1541469842195511,187775.0
2017-04-21,0.1504327717727293,0.1541469842195511,0.1504327717727293,0.1541469842195511,46725.0
2017-04-24,0.152289867401123,0.152289867401123,0.152289867401123,0.152289867401123,49000.0
2017-04-25,0.1541469734953325,0.1560047285547967,0.152289867401123,0.152289867401123,125650.0
2017-04-26,0.1504327613069136,0.152289867401123,0.1504327613069136,0.152289867401123,94500.0
2017-04-27,0.1522898779961402,0.1541469842195511,0.1522898779961402,0.1541469842195511,141750.0
2017-04-28,0.150293495525346,0.1541469842195511,0.150293495525346,0.1541469842195511,81025.0
2017-05-02,0.1541469785511147,0.1541469785511147,0.1522202342748642,0.1522202342748642,52500.0
2017-05-03,0.1502934694290161,0.1502934694290161,0.1502934694290161,0.1502934694290161,89600.0
2017-05-04,0.1502934899986137,0.1522202342748642,0.1502934899986137,0.1522202342748642,69125.0
2017-05-05,0.1522202342748642,0.1522202342748642,0.1522202342748642,0.1522202342748642,35000.0
2017-05-08,0.1522202398724485,0.1541469842195511,0.1522202398724485,0.1541469842195511,149100.0
2017-05-09,0.1753425170964096,0.1888304107571015,0.1695616208548716,0.1734151095151901,3194100.0
2017-05-11,0.1734150904316629,0.1734150904316629,0.1618546156736257,0.1637813597917556,545825.0
2017-05-12,0.1637813597917556,0.1657081039098856,0.1618546156736257,0.1637813597917556,340550.0
2017-05-15,0.1637813597917556,0.1637813597917556,0.159927198255251,0.1637813597917556,474075.0
2017-05-16,0.1618546066611796,0.1618546066611796,0.1599271893501281,0.1599271893501281,523075.0
2017-05-17,0.159927198255251,0.1676348480280156,0.158000454137121,0.1637813597917556,537250.0
2017-05-18,0.1618546311118918,0.1618546311118918,0.1580004692077636,0.1580004692077636,304850.0
2017-05-19,0.159927207221792,0.1618546247482299,0.159927207221792,0.1618546247482299,119000.0
2017-05-22,0.1618546247482299,0.1618546247482299,0.1618546247482299,0.1618546247482299,35000.0
2017-05-23,0.1618546247482299,0.1618546247482299,0.1618546247482299,0.1618546247482299,85575.0
2017-05-24,0.1618545943539204,0.1618545943539204,0.1560736894607544,0.1560736894607544,61250.0
2017-05-25,0.1560737187694808,0.1618546247482299,0.1560737187694808,0.1618546247482299,64050.0
2017-05-26,0.1599272135096733,0.1599272135096733,0.1580004692077636,0.1580004692077636,317800.0
2017-05-29,0.1580004453392838,0.1618546066611796,0.1580004453392838,0.1599271893501281,265825.0
2017-05-30,0.1599272135096733,0.1599272135096733,0.1580004692077636,0.1580004692077636,86450.0
2017-05-31,0.1580004453392838,0.1599271893501281,0.1580004453392838,0.1599271893501281,100625.0
2017-06-01,0.1599272135096733,0.1599272135096733,0.1580004692077636,0.1580004692077636,43750.0
2017-06-02,0.1599271893501281,0.1618546066611796,0.1599271893501281,0.1599271893501281,422450.0
2017-06-05,0.1618546247482299,0.1618546247482299,0.1618546247482299,0.1618546247482299,78750.0
2017-06-06,0.1618546247482299,0.1618546247482299,0.159927207221792,0.1618546247482299,120750.0
2017-06-07,0.159927207221792,0.1618546247482299,0.159927207221792,0.1618546247482299,111475.0
2017-06-08,0.1618546247482299,0.1637813689743855,0.1618546247482299,0.1618546247482299,210700.0
2017-06-09,0.1618546247482299,0.1618546247482299,0.1618546247482299,0.1618546247482299,96600.0
2017-06-12,0.1599271893501281,0.1618546066611796,0.1599271893501281,0.1599271893501281,55300.0
2017-06-13,0.1618546066611796,0.1618546066611796,0.1599271893501281,0.1599271893501281,45500.0
2017-06-14,0.1599271893501281,0.1599271893501281,0.1599271893501281,0.1599271893501281,0.0
2017-06-15,0.1618546247482299,0.1637813689743855,0.1618546247482299,0.1618546247482299,261800.0
2017-06-16,0.1618546247482299,0.1618546247482299,0.1618546247482299,0.1618546247482299,119175.0
2017-06-19,0.159927207221792,0.1618546247482299,0.1580004629956364,0.1618546247482299,173250.0
2017-06-20,0.1618546156736257,0.1637813597917556,0.1618546156736257,0.1637813597917556,39900.0
2017-06-21,0.1637813597917556,0.1637813597917556,0.1637813597917556,0.1637813597917556,411425.0
2017-06-22,0.1657081301589539,0.1676348745822906,0.1657081301589539,0.1676348745822906,421225.0
2017-06-23,0.1657080948352813,0.1657080948352813,0.1637813508226648,0.1657080948352813,250075.0
2017-06-27,0.1657081311189099,0.1714883744716644,0.1657081311189099,0.1714883744716644,764750.0
2017-06-28,0.1714883688988632,0.1714883688988632,0.1676348701058331,0.1695616245269775,437500.0
2017-06-29,0.1676348745822906,0.1676348745822906,0.1676348745822906,0.1676348745822906,35000.0
2017-06-30,0.1657081301589539,0.1676348745822906,0.1657081301589539,0.1676348745822906,79100.0
2017-07-03,0.1695616290548864,0.1695616290548864,0.1676348745822906,0.1676348745822906,69125.0
2017-07-04,0.1695616245269775,0.1695616245269775,0.1676348701058331,0.1695616245269775,269150.0
2017-07-05,0.1714883744716644,0.1714883744716644,0.1714883744716644,0.1714883744716644,44275.0
2017-07-06,0.1714883369223876,0.1714883369223876,0.1580004454846076,0.1657080948352813,1183525.0
2017-07-07,0.1637813813620617,0.1695616245269775,0.1637813813620617,0.1695616245269775,91700.0
2017-07-10,0.1695616290548864,0.1695616290548864,0.1676348745822906,0.1676348745822906,199500.0
2017-07-11,0.1676348745822906,0.1676348745822906,0.1676348745822906,0.1676348745822906,0.0
2017-07-12,0.1695616290548864,0.1695616290548864,0.1657081301589539,0.1676348745822906,226100.0
2017-07-13,0.1657080948352813,0.1657080948352813,0.1657080948352813,0.1657080948352813,43750.0
2017-07-14,0.1522202342748642,0.1580004671036157,0.1483667457223631,0.1522202342748642,5950000.0
2017-07-17,0.1368055965050641,0.1464393171638526,0.1310246908095415,0.1425858289003372,12179125.0
2017-07-18,0.1406590816225589,0.1464393138885498,0.1406590816225589,0.1464393138885498,2354450.0
2017-07-19,0.1464393169562161,0.1502934785145162,0.1425858286981646,0.1483667343854904,3680250.0
2017-07-20,0.1502934753661114,0.1502934753661114,0.1464393138885498,0.1464393138885498,1220800.0
2017-07-21,0.1445125788450241,0.1464393230542839,0.1425858346357643,0.1445125788450241,979300.0
2017-07-24,0.1425858262554925,0.1425858262554925,0.1368055939674377,0.1368055939674377,1694000.0
2017-07-25,0.1387323349035179,0.1406590789556503,0.1387323349035179,0.1406590789556503,764050.0
2017-07-26,0.1425858230077827,0.1425858230077827,0.1406590789556503,0.1406590789556503,387975.0
2017-07-27,0.1406590789556503,0.1406590789556503,0.1406590789556503,0.1406590789556503,82250.0
2017-07-28,0.1425858230077827,0.1425858230077827,0.1387323349035179,0.1406590789556503,300125.0
2017-07-31,0.1387323406368218,0.1425858289003372,0.1387323406368218,0.1425858289003372,631925.0
2017-08-01,0.1425858230077827,0.144512567059915,0.1406590789556503,0.1406590789556503,736225.0
2017-08-02,0.1406590915999113,0.1406590915999113,0.1329514413982968,0.134878858923912,1463350.0
2017-08-03,0.1348788498714195,0.1368055939674377,0.1348788498714195,0.1368055939674377,631750.0
2017-08-04,0.1348788710266965,0.1368056154249179,0.1329514533281326,0.1329514533281326,191100.0
2017-08-07,0.1329514174595337,0.1329514174595337,0.1290979297027129,0.1310246735811233,608825.0
2017-08-08,0.1329514174595337,0.1329514174595337,0.1310246735811233,0.1310246735811233,380975.0
2017-08-10,0.1310246735811233,0.1329514174595337,0.1290979297027129,0.1310246735811233,700875.0
2017-08-11,0.1310246735811233,0.1310246735811233,0.1310246735811233,0.1310246735811233,134750.0
2017-08-14,0.1310246735811233,0.1310246735811233,0.1310246735811233,0.1310246735811233,392700.0
2017-08-15,0.1290979297027129,0.1310246735811233,0.1290979297027129,0.1310246735811233,178850.0
2017-08-16,0.1310246735811233,0.1310246735811233,0.1310246735811233,0.1310246735811233,425775.0
2017-08-17,0.1290979325132677,0.1290979325132677,0.1271711885929107,0.1271711885929107,108325.0
2017-08-18,0.1271712092060958,0.1290979534387588,0.1271712092060958,0.1290979534387588,165550.0
2017-08-21,0.134878834638105,0.134878834638105,0.1310246735811233,0.1310246735811233,241150.0
2017-08-22,0.1310246735811233,0.1310246735811233,0.1310246735811233,0.1310246735811233,8750.0
2017-08-23,0.1310247089299112,0.1348788710266965,0.1310247089299112,0.1329514533281326,219975.0
2017-08-24,0.1310246976714218,0.1329514419040849,0.1290979534387588,0.1290979534387588,249025.0
2017-08-25,0.1290979534387588,0.1310246976714218,0.1290979534387588,0.1290979534387588,70000.0
2017-08-28,0.1290979534387588,0.1310246976714218,0.1290979534387588,0.1290979534387588,185500.0
2017-08-29,0.1290979297027129,0.1310246735811233,0.1290979297027129,0.1310246735811233,314125.0
2017-08-30,0.1329514533281326,0.1329514533281326,0.1329514533281326,0.1329514533281326,126000.0
2017-08-31,0.1329514174595337,0.134878834638105,0.1310246735811233,0.1310246735811233,159950.0
2017-09-04,0.1310246735811233,0.1310246735811233,0.1310246735811233,0.1310246735811233,0.0
2017-09-05,0.1310246735811233,0.1310246735811233,0.1310246735811233,0.1310246735811233,175.0
2017-09-06,0.1310246735811233,0.1310246735811233,0.1310246735811233,0.1310246735811233,156100.0
2017-09-07,0.1290979534387588,0.1290979534387588,0.1290979534387588,0.1290979534387588,397250.0
2017-09-08,0.1290979534387588,0.1290979534387588,0.1290979534387588,0.1290979534387588,0.0
2017-09-11,0.1290979534387588,0.1290979534387588,0.1271712092060958,0.1290979534387588,312725.0
2017-09-12,0.1271711885929107,0.1271711885929107,0.1271711885929107,0.1271711885929107,66500.0
2017-09-13,0.1290979534387588,0.1290979534387588,0.1290979534387588,0.1290979534387588,350.0
2017-09-14,0.1290979325132677,0.1290979325132677,0.1271711885929107,0.1271711885929107,276675.0
2017-09-15,0.1271711885929107,0.1271711885929107,0.1271711885929107,0.1271711885929107,11550.0
2017-09-18,0.1252444419458921,0.1329514174595337,0.1252444419458921,0.1310246735811233,1174600.0
2017-09-19,0.1310246976714218,0.1329514419040849,0.1271712092060958,0.1290979534387588,336000.0
2017-09-20,0.1290979325132677,0.1290979325132677,0.1271711885929107,0.1271711885929107,23450.0
2017-09-21,0.1271711858243026,0.1310246735811233,0.1271711858243026,0.1310246735811233,96250.0
2017-09-22,0.1310246976714218,0.1310246976714218,0.1290979534387588,0.1290979534387588,17850.0
2017-09-25,0.1290979534387588,0.1290979534387588,0.1290979534387588,0.1290979534387588,165375.0
2017-09-26,0.1290979297027129,0.1329514174595337,0.1271711858243026,0.1310246735811233,307650.0
2017-09-27,0.1310246735811233,0.1310246735811233,0.1310246735811233,0.1310246735811233,0.0
2017-09-28,0.1329514174595337,0.1329514174595337,0.1310246735811233,0.1310246735811233,27650.0
2017-09-29,0.1310246976714218,0.1310246976714218,0.1290979534387588,0.1290979534387588,113750.0
2017-10-02,0.1310246735811233,0.1310246735811233,0.1310246735811233,0.1310246735811233,43750.0
2017-10-03,0.1329514174595337,0.1329514174595337,0.1310246735811233,0.1310246735811233,203000.0
2017-10-04,0.1310247089299112,0.1329514533281326,0.1310247089299112,0.1329514533281326,11025.0
2017-10-05,0.1310247089299112,0.1329514533281326,0.1310247089299112,0.1329514533281326,32375.0
2017-10-06,0.134878858923912,0.1387323473745782,0.1329514413982968,0.134878858923912,513275.0
2017-10-09,0.1368056154249179,0.1368056154249179,0.1329514533281326,0.1329514533281326,136500.0
2017-10-10,0.1329514533281326,0.1329514533281326,0.1329514533281326,0.1329514533281326,14350.0
2017-10-11,0.1329514533281326,0.1329514533281326,0.1329514533281326,0.1329514533281326,0.0
2017-10-12,0.1329514413982968,0.1368056031492451,0.1310246971729637,0.134878858923912,249725.0
2017-10-13,0.1348788498714195,0.1368055939674377,0.1348788498714195,0.1368055939674377,98000.0
2017-10-16,0.1387323290109634,0.1387323290109634,0.1387323290109634,0.1387323290109634,825475.0
2017-10-17,0.138732338063456,0.1406590821594742,0.1368055939674377,0.1368055939674377,179025.0
2017-10-19,0.138732338063456,0.138732338063456,0.1368055939674377,0.1368055939674377,214725.0
2017-10-20,0.1368055939674377,0.1368055939674377,0.1368055939674377,0.1368055939674377,33250.0
2017-10-23,0.1387323290109634,0.1387323290109634,0.1387323290109634,0.1387323290109634,146650.0
2017-10-24,0.1387323290109634,0.1387323290109634,0.1368055850406681,0.1387323290109634,130025.0
2017-10-25,0.1368056020079849,0.1483667405638202,0.1368056020079849,0.1445125788450241,1527575.0
2017-10-26,0.1445125697998862,0.1502934753661114,0.1445125697998862,0.1464393138885498,841050.0
2017-10-27,0.1483667405638202,0.1483667405638202,0.1445125788450241,0.1445125788450241,285600.0
2017-10-30,0.144512567059915,0.144512567059915,0.1406590789556503,0.1406590789556503,224175.0
2017-10-31,0.144512567059915,0.144512567059915,0.1406590789556503,0.1406590789556503,98000.0
2017-11-01,0.1406590789556503,0.1406590789556503,0.1406590789556503,0.1406590789556503,71750.0
2017-11-02,0.1425858346357643,0.1445125788450241,0.1425858346357643,0.1445125788450241,586425.0
2017-11-03,0.1425858346357643,0.1445125788450241,0.1425858346357643,0.1445125788450241,247100.0
2017-11-06,0.1445125730320949,0.1445125730320949,0.1425858289003372,0.1425858289003372,37625.0
2017-11-07,0.1425858346357643,0.1445125788450241,0.1425858346357643,0.1445125788450241,297500.0
2017-11-08,0.1406590789556503,0.1406590789556503,0.1387323349035179,0.1406590789556503,601125.0
2017-11-09,0.1406590789556503,0.1406590789556503,0.1406590789556503,0.1406590789556503,122500.0
2017-11-10,0.1387323290109634,0.1387323290109634,0.1368055850406681,0.1387323290109634,211925.0
2017-11-13,0.138732338063456,0.138732338063456,0.1368055939674377,0.1368055939674377,17675.0
2017-11-14,0.1368055785165154,0.1368055785165154,0.1290979297027129,0.1310246735811233,338800.0
2017-11-15,0.1310246735811233,0.134878834638105,0.1310246735811233,0.1310246735811233,108675.0
2017-11-16,0.1310246735811233,0.1310246735811233,0.1310246735811233,0.1310246735811233,0.0
2017-11-17,0.1310246735811233,0.1310246735811233,0.1310246735811233,0.1310246735811233,0.0
2017-11-20,0.1310246735811233,0.134878834638105,0.1310246735811233,0.1310246735811233,324450.0
2017-11-21,0.1310246735811233,0.1310246735811233,0.1310246735811233,0.1310246735811233,124425.0
2017-11-22,0.1387323598231392,0.1387323598231392,0.1310247089299112,0.1329514533281326,155050.0
2017-11-23,0.1329514174595337,0.1329514174595337,0.1310246735811233,0.1310246735811233,38850.0
2017-11-24,0.1310246976714218,0.1329514419040849,0.1290979534387588,0.1290979534387588,106575.0
2017-11-27,0.1310246735811233,0.1310246735811233,0.1310246735811233,0.1310246735811233,8750.0
2017-11-28,0.1290979645316899,0.1329514533281326,0.1290979645316899,0.1329514533281326,175350.0
2017-11-29,0.1271711858243026,0.1310246735811233,0.1271711858243026,0.1310246735811233,87500.0
2017-11-30,0.1310246735811233,0.1310246735811233,0.1310246735811233,0.1310246735811233,0.0
2017-12-01,0.1310246735811233,0.1310246735811233,0.1310246735811233,0.1310246735811233,0.0
2017-12-04,0.1310246735811233,0.1310246735811233,0.1310246735811233,0.1310246735811233,0.0
2017-12-05,0.1329514533281326,0.1348788710266965,0.1329514533281326,0.1329514533281326,122500.0
2017-12-06,0.1329514533281326,0.1329514533281326,0.1329514533281326,0.1329514533281326,0.0
2017-12-07,0.1329514533281326,0.1329514533281326,0.1329514533281326,0.1329514533281326,0.0
2017-12-08,0.1310246764336247,0.1310246764336247,0.1271711885929107,0.1271711885929107,281575.0
2017-12-11,0.1271711885929107,0.1271711885929107,0.1271711885929107,0.1271711885929107,0.0
2017-12-12,0.1368056036696956,0.1368056036696956,0.1290979534387588,0.1290979534387588,5250.0
2017-12-13,0.1310246976714218,0.1310246976714218,0.1290979534387588,0.1290979534387588,80500.0
2017-12-14,0.1290979534387588,0.1290979534387588,0.1290979534387588,0.1290979534387588,61075.0
2017-12-15,0.1290979534387588,0.1290979534387588,0.1290979534387588,0.1290979534387588,0.0
2017-12-18,0.1290979534387588,0.1290979534387588,0.1290979534387588,0.1290979534387588,0.0
2017-12-19,0.1290979534387588,0.1290979534387588,0.1290979534387588,0.1290979534387588,0.0
2017-12-20,0.1290979534387588,0.1290979534387588,0.1290979534387588,0.1290979534387588,0.0
2017-12-21,0.1290979534387588,0.1290979534387588,0.1290979534387588,0.1290979534387588,0.0
2017-12-22,0.1290979534387588,0.1290979534387588,0.1290979534387588,0.1290979534387588,0.0
2017-12-26,0.1290979534387588,0.1290979534387588,0.1290979534387588,0.1290979534387588,0.0
2017-12-27,0.1310246735811233,0.1310246735811233,0.1310246735811233,0.1310246735811233,38500.0
2017-12-28,0.1290979297027129,0.1310246735811233,0.1290979297027129,0.1310246735811233,117250.0
2017-12-29,0.1310246735811233,0.1329514174595337,0.1310246735811233,0.1310246735811233,13475.0
2018-01-02,0.1290979442831277,0.1368055939674377,0.1290979442831277,0.1368055939674377,25025.0
2018-01-03,0.1329514174595337,0.1329514174595337,0.1310246735811233,0.1310246735811233,17675.0
2018-01-04,0.1310246971729637,0.134878858923912,0.1310246971729637,0.134878858923912,279125.0
2018-01-05,0.1348788410703728,0.1387323290109634,0.1310246798295891,0.1387323290109634,239050.0
2018-01-08,0.1387323290109634,0.1387323290109634,0.1387323290109634,0.1387323290109634,0.0
2018-01-09,0.134878834638105,0.134878834638105,0.1310246735811233,0.1310246735811233,421050.0
2018-01-10,0.1310246735811233,0.1310246735811233,0.1310246735811233,0.1310246735811233,0.0
2018-01-11,0.1329514174595337,0.134878834638105,0.1310246735811233,0.1310246735811233,337750.0
2018-01-12,0.1329514533281326,0.1329514533281326,0.1329514533281326,0.1329514533281326,34125.0
2018-01-15,0.1329514533281326,0.1329514533281326,0.1329514533281326,0.1329514533281326,175000.0
2018-01-16,0.1329514413982968,0.134878858923912,0.1329514413982968,0.134878858923912,92925.0
2018-01-17,0.1329514533281326,0.1329514533281326,0.1310247089299112,0.1329514533281326,205100.0
2018-01-18,0.134878834638105,0.134878834638105,0.1310246735811233,0.1310246735811233,8750.0
2018-01-19,0.1329514533281326,0.1329514533281326,0.1329514533281326,0.1329514533281326,93625.0
2018-01-22,0.1368056031492451,0.1368056031492451,0.134878858923912,0.134878858923912,113050.0
2018-01-23,0.134878858923912,0.1368056031492451,0.134878858923912,0.134878858923912,183750.0
2018-01-24,0.134878858923912,0.1368056031492451,0.134878858923912,0.134878858923912,46375.0
2018-01-25,0.134878858923912,0.134878858923912,0.134878858923912,0.134878858923912,0.0
2018-01-26,0.1329514174595337,0.1329514174595337,0.1310246735811233,0.1310246735811233,19250.0
2018-01-29,0.1310246735811233,0.1310246735811233,0.1310246735811233,0.1310246735811233,0.0
2018-01-30,0.1368056031492451,0.1368056031492451,0.134878858923912,0.134878858923912,86100.0
2018-01-31,0.134878834638105,0.134878834638105,0.1310246735811233,0.1310246735811233,102900.0
2018-02-01,0.1310246735811233,0.1310246735811233,0.1310246735811233,0.1310246735811233,87500.0
2018-02-02,0.134878858923912,0.134878858923912,0.134878858923912,0.134878858923912,177100.0
2018-02-05,0.1329514174595337,0.1329514174595337,0.1271711858243026,0.1310246735811233,21175.0
2018-02-06,0.1290979534387588,0.1310246976714218,0.1271712092060958,0.1290979534387588,165725.0
2018-02-07,0.1290979534387588,0.1290979534387588,0.1290979534387588,0.1290979534387588,0.0
2018-02-08,0.1310246976714218,0.1310246976714218,0.1290979534387588,0.1290979534387588,183225.0
2018-02-09,0.1290979432992828,0.1290979432992828,0.1233177110552787,0.1233177110552787,360850.0
2018-02-12,0.1233177110552787,0.1233177110552787,0.1233177110552787,0.1233177110552787,45850.0
2018-02-13,0.1233177110552787,0.1233177110552787,0.1233177110552787,0.1233177110552787,0.0
2018-02-14,0.1310246735811233,0.1310246735811233,0.1290979297027129,0.1310246735811233,400925.0
2018-02-15,0.1310246735811233,0.1310246735811233,0.1310246735811233,0.1310246735811233,0.0
2018-02-19,0.1290979529476306,0.134878858923912,0.1271712087222975,0.134878858923912,218925.0
2018-02-20,0.1329514174595337,0.1329514174595337,0.1310246735811233,0.1310246735811233,250425.0
2018-02-21,0.1310246735811233,0.1310246735811233,0.1310246735811233,0.1310246735811233,0.0
2018-02-22,0.1329514413982968,0.134878858923912,0.1310246971729637,0.134878858923912,245000.0
2018-02-23,0.1329514413982968,0.134878858923912,0.1329514413982968,0.134878858923912,290150.0
2018-02-26,0.1368056154249179,0.1368056154249179,0.1310247089299112,0.1329514533281326,253225.0
2018-02-27,0.1329514533281326,0.1348788710266965,0.1329514533281326,0.1329514533281326,67725.0
2018-02-28,0.1329514533281326,0.1329514533281326,0.1329514533281326,0.1329514533281326,0.0
2018-03-01,0.1329514413982968,0.134878858923912,0.1329514413982968,0.134878858923912,15750.0
2018-03-02,0.1329514413982968,0.134878858923912,0.1329514413982968,0.134878858923912,560525.0
2018-03-05,0.134878858923912,0.1368056031492451,0.134878858923912,0.134878858923912,423500.0
2018-03-06,0.1329514413982968,0.134878858923912,0.1329514413982968,0.134878858923912,113750.0
2018-03-07,0.1329514533281326,0.1329514533281326,0.1329514533281326,0.1329514533281326,17675.0
2018-03-08,0.134878858923912,0.1368056031492451,0.134878858923912,0.134878858923912,22400.0
2018-03-09,0.1329514533281326,0.1329514533281326,0.1329514533281326,0.1329514533281326,122500.0
2018-03-12,0.1329514533281326,0.1329514533281326,0.1329514533281326,0.1329514533281326,254975.0
2018-03-13,0.1329514413982968,0.134878858923912,0.1329514413982968,0.134878858923912,115150.0
2018-03-14,0.1329514174595337,0.1329514174595337,0.1310246735811233,0.1310246735811233,210525.0
2018-03-15,0.1329514174595337,0.134878834638105,0.1310246735811233,0.1310246735811233,87500.0
2018-03-16,0.1348788710266965,0.1348788710266965,0.1310247089299112,0.1329514533281326,178850.0
2018-03-19,0.1329514413982968,0.134878858923912,0.1329514413982968,0.134878858923912,53550.0
2018-03-20,0.1329514533281326,0.1348788710266965,0.1329514533281326,0.1329514533281326,157150.0
2018-03-21,0.134878858923912,0.134878858923912,0.134878858923912,0.134878858923912,103075.0
2018-03-22,0.134878858923912,0.1368056031492451,0.1329514413982968,0.134878858923912,308000.0
2018-03-23,0.1348788498714195,0.1368055939674377,0.1348788498714195,0.1368055939674377,269500.0
2018-03-26,0.1348788498714195,0.1368055939674377,0.1348788498714195,0.1368055939674377,373975.0
2018-03-27,0.1368055939674377,0.1368055939674377,0.1368055939674377,0.1368055939674377,455350.0
2018-03-28,0.134878858923912,0.134878858923912,0.134878858923912,0.134878858923912,183750.0
2018-03-29,0.1368055939674377,0.1368055939674377,0.1368055939674377,0.1368055939674377,237825.0
2018-04-02,0.1368055939674377,0.1368055939674377,0.1368055939674377,0.1368055939674377,70700.0
2018-04-03,0.1368055939674377,0.1368055939674377,0.1368055939674377,0.1368055939674377,154000.0
2018-04-04,0.1368055939674377,0.1406590821594742,0.1348788498714195,0.1368055939674377,529025.0
2018-04-05,0.1368055939674377,0.1368055939674377,0.1368055939674377,0.1368055939674377,9100.0
2018-04-06,0.134878858923912,0.134878858923912,0.134878858923912,0.134878858923912,166950.0
2018-04-09,0.134878858923912,0.1368056031492451,0.134878858923912,0.134878858923912,218925.0
2018-04-10,0.134878858923912,0.134878858923912,0.134878858923912,0.134878858923912,320250.0
2018-04-11,0.1368055939674377,0.1368055939674377,0.1368055939674377,0.1368055939674377,372400.0
2018-04-12,0.1368055939674377,0.1368055939674377,0.1368055939674377,0.1368055939674377,0.0
2018-04-13,0.1348788498714195,0.138732338063456,0.1348788498714195,0.1368055939674377,47950.0
2018-04-16,0.1368055850406681,0.1387323290109634,0.1368055850406681,0.1387323290109634,69475.0
2018-04-17,0.1387323290109634,0.1387323290109634,0.1387323290109634,0.1387323290109634,0.0
2018-04-18,0.1387323290109634,0.1387323290109634,0.1387323290109634,0.1387323290109634,0.0
2018-04-19,0.1368055850406681,0.1406590729812587,0.1368055850406681,0.1387323290109634,285250.0
2018-04-20,0.138732338063456,0.138732338063456,0.1368055939674377,0.1368055939674377,106750.0
2018-04-23,0.1368055939674377,0.1368055939674377,0.1368055939674377,0.1368055939674377,0.0
2018-04-24,0.1387323349035179,0.1406590789556503,0.1368055908513856,0.1406590789556503,157500.0
2018-04-25,0.1406590789556503,0.1406590789556503,0.1406590789556503,0.1406590789556503,0.0
2018-04-26,0.1406590789556503,0.1406590789556503,0.1406590789556503,0.1406590789556503,0.0
2018-04-27,0.1368056031492451,0.1387323473745782,0.134878858923912,0.134878858923912,163450.0
2018-04-30,0.1348788410703728,0.1387323290109634,0.1348788410703728,0.1387323290109634,304675.0
2018-05-02,0.1387323290109634,0.1387323290109634,0.1387323290109634,0.1387323290109634,274750.0
2018-05-03,0.1407724306153722,0.1407724306153722,0.1387323439121246,0.1387323439121246,140000.0
2018-05-04,0.1428132355213165,0.1428132355213165,0.1428132355213165,0.1428132355213165,2450.0
2018-05-07,0.1387323439121246,0.1387323439121246,0.1387323439121246,0.1387323439121246,75600.0
2018-05-08,0.1387323439121246,0.1387323439121246,0.1387323439121246,0.1387323439121246,0.0
2018-05-09,0.1366922706365585,0.1366922706365585,0.1366922706365585,0.1366922706365585,17500.0
2018-05-10,0.1366922706365585,0.1366922706365585,0.1366922706365585,0.1366922706365585,0.0
2018-05-11,0.1366922706365585,0.1366922706365585,0.1366922706365585,0.1366922706365585,52500.0
2018-05-14,0.1366922706365585,0.1366922706365585,0.1366922706365585,0.1366922706365585,210875.0
2018-05-15,0.1366922706365585,0.1366922706365585,0.1366922706365585,0.1366922706365585,207725.0
2018-05-16,0.1366922706365585,0.1366922706365585,0.1366922706365585,0.1366922706365585,0.0
2018-05-17,0.1346521837329072,0.1366922706365585,0.1346521837329072,0.1366922706365585,147000.0
2018-05-18,0.1366922572088769,0.1387323439121246,0.1366922572088769,0.1387323439121246,18900.0
2018-05-21,0.1387323439121246,0.1387323439121246,0.1387323439121246,0.1387323439121246,0.0
2018-05-22,0.1366922542172689,0.1366922542172689,0.1326120809000711,0.13465216755867,246575.0
2018-05-23,0.1326120942831039,0.1326120942831039,0.1326120942831039,0.1326120942831039,52500.0
2018-05-24,0.1387323439121246,0.1387323439121246,0.1285319103958864,0.1387323439121246,255150.0
2018-05-25,0.1387323439121246,0.1387323439121246,0.1387323439121246,0.1387323439121246,0.0
2018-05-28,0.1387323439121246,0.1387323439121246,0.1387323439121246,0.1387323439121246,0.0
2018-05-30,0.1305719912052154,0.1305719912052154,0.1305719912052154,0.1305719912052154,17500.0
2018-05-31,0.1305719912052154,0.1305719912052154,0.1305719912052154,0.1305719912052154,0.0
2018-06-01,0.1305719912052154,0.1305719912052154,0.1305719912052154,0.1305719912052154,0.0
2018-06-04,0.1244510078235719,0.1305719912052154,0.1244510078235719,0.1305719912052154,39025.0
2018-06-05,0.1264910905166839,0.1264910905166839,0.1244510039687156,0.1244510039687156,52500.0
2018-06-06,0.1244510129016209,0.1264910995960235,0.1244510129016209,0.1264910995960235,50925.0
2018-06-07,0.1264911075585847,0.1285319179296493,0.1264911075585847,0.1285319179296493,40075.0
2018-06-08,0.12853190983862,0.12853190983862,0.1264910995960235,0.1264910995960235,96425.0
2018-06-11,0.1264910944347316,0.1305719912052154,0.1264910944347316,0.1305719912052154,56525.0
2018-06-12,0.1305719912052154,0.1305719912052154,0.1305719912052154,0.1305719912052154,0.0
2018-06-13,0.1264910995960235,0.1264910995960235,0.1264910995960235,0.1264910995960235,73500.0
2018-06-14,0.1264910995960235,0.1264910995960235,0.1264910995960235,0.1264910995960235,97125.0
2018-06-18,0.1264910995960235,0.1264910995960235,0.1264910995960235,0.1264910995960235,0.0
2018-06-19,0.1264910995960235,0.1264910995960235,0.1264910995960235,0.1264910995960235,3500.0
2018-06-20,0.1264910995960235,0.1264910995960235,0.1264910995960235,0.1264910995960235,73850.0
2018-06-21,0.1264911042314787,0.1285319145488638,0.1224109306931495,0.1224109306931495,249900.0
2018-06-22,0.1224109306931495,0.1224109306931495,0.1224109306931495,0.1224109306931495,91350.0
2018-06-25,0.1224109306931495,0.1224109306931495,0.1224109306931495,0.1224109306931495,35000.0
2018-06-26,0.1244510174623141,0.1244510174623141,0.1224109306931495,0.1224109306931495,17500.0
2018-06-27,0.1224109306931495,0.1224109306931495,0.1224109306931495,0.1224109306931495,0.0
2018-06-28,0.1224109306931495,0.1224109306931495,0.1224109306931495,0.1224109306931495,122500.0
2018-06-29,0.1224109306931495,0.1244510174623141,0.1224109306931495,0.1224109306931495,123725.0
2018-07-02,0.1224109306931495,0.1224109306931495,0.1224109306931495,0.1224109306931495,0.0
2018-07-03,0.1224109306931495,0.1224109306931495,0.1224109306931495,0.1224109306931495,0.0
2018-07-04,0.1224109306931495,0.1224109306931495,0.1224109306931495,0.1224109306931495,122500.0
2018-07-05,0.1224109141080197,0.1224109141080197,0.120370827615261,0.120370827615261,192500.0
2018-07-06,0.120370827615261,0.120370827615261,0.120370827615261,0.120370827615261,0.0
2018-07-09,0.120370827615261,0.120370827615261,0.120370827615261,0.120370827615261,0.0
2018-07-10,0.1122097774264243,0.1122097774264243,0.1020093441726746,0.1060895174741745,907375.0
2018-07-11,0.1060895159182774,0.1060895159182774,0.1040494292974472,0.1040494292974472,132825.0
2018-07-12,0.1040494353100186,0.1040494353100186,0.1020093485713005,0.1020093485713005,376250.0
2018-07-13,0.1020093485713005,0.1020093485713005,0.1020093485713005,0.1020093485713005,0.0
2018-07-16,0.0999692603945732,0.0999692603945732,0.0999692603945732,0.0999692603945732,26250.0
2018-07-17,0.1020093485713005,0.1020093485713005,0.1020093485713005,0.1020093485713005,57750.0
2018-07-18,0.0999692603945732,0.0999692603945732,0.0999692603945732,0.0999692603945732,49000.0
2018-07-19,0.0999692603945732,0.0999692603945732,0.0999692603945732,0.0999692603945732,0.0
2018-07-20,0.0999692641056042,0.0999692641056042,0.0979284644126892,0.0979284644126892,96250.0
2018-07-23,0.0999692560557866,0.1040494292974472,0.0979284565272028,0.1040494292974472,35000.0
2018-07-24,0.1040494292974472,0.1040494292974472,0.1040494292974472,0.1040494292974472,0.0
2018-07-25,0.1040494292974472,0.1040494292974472,0.1040494292974472,0.1040494292974472,0.0
2018-07-26,0.0979284621860694,0.1020093485713005,0.0979284621860694,0.1020093485713005,105175.0
2018-07-27,0.1020093485713005,0.1020093485713005,0.1020093485713005,0.1020093485713005,0.0
2018-07-30,0.1020093485713005,0.1020093485713005,0.1020093485713005,0.1020093485713005,35000.0
2018-07-31,0.1040494292974472,0.1040494292974472,0.0999692560557866,0.1040494292974472,41650.0
2018-08-01,0.1020093485713005,0.1020093485713005,0.1020093485713005,0.1020093485713005,35000.0
2018-08-02,0.1020093485713005,0.1020093485713005,0.1020093485713005,0.1020093485713005,66150.0
2018-08-03,0.1020093485713005,0.1020093485713005,0.1020093485713005,0.1020093485713005,0.0
2018-08-06,0.1020093441726746,0.1060895174741745,0.1020093441726746,0.1060895174741745,52500.0
2018-08-07,0.1020093471039457,0.1020093471039457,0.0999692603945732,0.0999692603945732,199325.0
2018-08-08,0.1020093508907082,0.1020093508907082,0.0979284644126892,0.0979284644126892,58975.0
2018-08-10,0.0979284644126892,0.0979284644126892,0.0979284644126892,0.0979284644126892,0.0
2018-08-13,0.0979284644126892,0.0979284644126892,0.0979284644126892,0.0979284644126892,0.0
2018-08-14,0.0979284644126892,0.0979284644126892,0.0979284644126892,0.0979284644126892,0.0
2018-08-15,0.0979284644126892,0.0979284644126892,0.0979284644126892,0.0979284644126892,43750.0
2018-08-16,0.0979284644126892,0.0979284644126892,0.0979284644126892,0.0979284644126892,0.0
2018-08-17,0.0979284644126892,0.0979284644126892,0.0979284644126892,0.0979284644126892,0.0
2018-08-20,0.08976811170578,0.08976811170578,0.08976811170578,0.08976811170578,175000.0
2018-08-21,0.0877280282970918,0.0918082073330879,0.0877280282970918,0.0918082073330879,72975.0
2018-08-23,0.0918082019699149,0.1020093485713005,0.0918082019699149,0.1020093485713005,14700.0
2018-08-24,0.1020093485713005,0.1020093485713005,0.1020093485713005,0.1020093485713005,0.0
2018-08-27,0.1020093485713005,0.1020093485713005,0.1020093485713005,0.1020093485713005,0.0
2018-08-28,0.1020093485713005,0.1020093485713005,0.1020093485713005,0.1020093485713005,0.0
2018-08-29,0.1020093485713005,0.1020093485713005,0.1020093485713005,0.1020093485713005,0.0
2018-08-30,0.1020093485713005,0.1020093485713005,0.1020093485713005,0.1020093485713005,0.0
2018-08-31,0.0938482908424811,0.0979284644126892,0.0938482908424811,0.0979284644126892,8575.0
2018-09-03,0.0979284644126892,0.0979284644126892,0.0979284644126892,0.0979284644126892,0.0
2018-09-04,0.0979284644126892,0.0979284644126892,0.0979284644126892,0.0979284644126892,0.0
2018-09-05,0.0938482908424811,0.0979284644126892,0.0918082040573771,0.0979284644126892,28350.0
2018-09-06,0.0979284644126892,0.0979284644126892,0.0979284644126892,0.0979284644126892,0.0
2018-09-07,0.0979284644126892,0.0979284644126892,0.0979284644126892,0.0979284644126892,0.0
2018-09-10,0.0979284644126892,0.0979284644126892,0.0979284644126892,0.0979284644126892,0.0
2018-09-11,0.0958883839809445,0.0979284709012203,0.0877280309796333,0.0877280309796333,8750.0
2018-09-12,0.0877280309796333,0.0877280309796333,0.0877280309796333,0.0877280309796333,0.0
2018-09-13,0.0877280309796333,0.0877280309796333,0.0877280309796333,0.0877280309796333,0.0
2018-09-14,0.0877280309796333,0.0877280309796333,0.0877280309796333,0.0877280309796333,0.0
2018-09-17,0.0877280197269739,0.08976811170578,0.0877280197269739,0.08976811170578,120750.0
2018-09-18,0.0877280309796333,0.0877280309796333,0.0877280309796333,0.0877280309796333,52500.0
2018-09-19,0.0877280309796333,0.0877280309796333,0.0877280309796333,0.0877280309796333,0.0
2018-09-20,0.085687933068375,0.08976811170578,0.085687933068375,0.08976811170578,133000.0
2018-09-21,0.0877280197269739,0.08976811170578,0.0877280197269739,0.08976811170578,105000.0
2018-09-24,0.0877280309796333,0.0877280309796333,0.0856879440593575,0.0877280309796333,157500.0
2018-09-25,0.0877280220653013,0.0877280220653013,0.0836471357315637,0.0856879353523254,32375.0
2018-09-26,0.0856879353523254,0.0856879353523254,0.0856879353523254,0.0856879353523254,0.0
2018-09-27,0.0856879440593575,0.0877280309796333,0.0856879440593575,0.0877280309796333,112700.0
2018-09-28,0.0877280309796333,0.0877280309796333,0.0877280309796333,0.0877280309796333,0.0
2018-10-01,0.0877280309796333,0.0877280309796333,0.0877280309796333,0.0877280309796333,52500.0
2018-10-02,0.0877280309796333,0.0877280309796333,0.0877280309796333,0.0877280309796333,35175.0
2018-10-03,0.0877280309796333,0.0877280309796333,0.0877280309796333,0.0877280309796333,87500.0
2018-10-04,0.0856879440593575,0.0877280309796333,0.0856879440593575,0.0877280309796333,58625.0
2018-10-05,0.0877280309796333,0.0877280309796333,0.0877280309796333,0.0877280309796333,0.0
2018-10-08,0.0856879390799834,0.0856879390799834,0.0816070525687162,0.0836471393704414,323575.0
2018-10-09,0.0836471393704414,0.0836471393704414,0.0836471393704414,0.0836471393704414,111475.0
2018-10-10,0.0836471393704414,0.0836471393704414,0.0836471393704414,0.0836471393704414,0.0
2018-10-11,0.0836471393704414,0.0836471393704414,0.0836471393704414,0.0836471393704414,0.0
2018-10-12,0.0811993189671898,0.0856879353523254,0.0811993189671898,0.0856879353523254,119525.0
2018-10-15,0.0856879353523254,0.0856879353523254,0.0856879353523254,0.0856879353523254,0.0
2018-10-16,0.0856879353523254,0.0856879353523254,0.0856879353523254,0.0856879353523254,26250.0
2018-10-17,0.0856879390799834,0.0856879390799834,0.0836471393704414,0.0836471393704414,53900.0
2018-10-18,0.0816070437431335,0.0816070437431335,0.0816070437431335,0.0816070437431335,17500.0
2018-10-19,0.0877280163941593,0.0897681082954616,0.0816070437431335,0.0816070437431335,56000.0
2018-10-22,0.0803831294178962,0.0803831294178962,0.0803831294178962,0.0803831294178962,43750.0
2018-10-23,0.0799754112958908,0.0799754112958908,0.0799754112958908,0.0799754112958908,77350.0
2018-10-24,0.0795669555664062,0.0795669555664062,0.0795669555664062,0.0795669555664062,15575.0
2018-10-25,0.0795669555664062,0.0795669555664062,0.0795669555664062,0.0795669555664062,0.0
2018-10-26,0.0816070437431335,0.0816070437431335,0.0816070437431335,0.0816070437431335,525.0
2018-10-29,0.0816070437431335,0.0816070437431335,0.0816070437431335,0.0816070437431335,21000.0
2018-10-30,0.0779345990430864,0.0795669555664062,0.0779345990430864,0.0795669555664062,75250.0
2018-10-31,0.0795669555664062,0.0795669555664062,0.0795669555664062,0.0795669555664062,0.0
2018-11-01,0.0795669555664062,0.0795669555664062,0.0795669555664062,0.0795669555664062,0.0
2018-11-02,0.0775268704154641,0.0783430486917495,0.0775268704154641,0.0783430486917495,155750.0
2018-11-05,0.0795669645714898,0.0795669645714898,0.0779346078634262,0.0779346078634262,70000.0
2018-11-07,0.0779346078634262,0.0779346078634262,0.0779346078634262,0.0779346078634262,0.0
2018-11-08,0.0816070437431335,0.0816070437431335,0.0816070437431335,0.0816070437431335,14525.0
2018-11-09,0.0816070403839161,0.0816070403839161,0.0775268673896789,0.0775268673896789,30100.0
2018-11-12,0.0816070437431335,0.0816070437431335,0.0816070437431335,0.0816070437431335,49000.0
2018-11-13,0.0816070437431335,0.0816070437431335,0.0816070437431335,0.0816070437431335,0.0
2018-11-14,0.0816070437431335,0.0856879298130639,0.0816070437431335,0.0816070437431335,110775.0
2018-11-15,0.0816070437431335,0.0816070437431335,0.0816070437431335,0.0816070437431335,0.0
2018-11-16,0.0816070437431335,0.0816070437431335,0.0816070437431335,0.0816070437431335,0.0
2018-11-19,0.0816070437431335,0.0816070437431335,0.0816070437431335,0.0816070437431335,0.0
2018-11-20,0.0816070437431335,0.0816070437431335,0.0816070437431335,0.0816070437431335,0.0
2018-11-21,0.0816070437431335,0.0816070437431335,0.0816070437431335,0.0816070437431335,0.0
2018-11-22,0.0816070437431335,0.0816070437431335,0.0816070437431335,0.0816070437431335,0.0
2018-11-23,0.0816070437431335,0.0816070437431335,0.0816070437431335,0.0816070437431335,0.0
2018-11-26,0.0795669615215176,0.0807908698916435,0.0795669615215176,0.0807908698916435,16800.0
2018-11-27,0.0816070490185878,0.0856879353523254,0.0816070490185878,0.0856879353523254,80325.0
2018-11-28,0.0836471393704414,0.0836471393704414,0.0836471393704414,0.0836471393704414,15400.0
2018-11-29,0.0856879390799834,0.0856879390799834,0.0836471393704414,0.0836471393704414,113750.0
2018-11-30,0.0816070437431335,0.0816070437431335,0.0816070437431335,0.0816070437431335,28000.0
2018-12-03,0.0816070437431335,0.0816070437431335,0.0816070437431335,0.0816070437431335,0.0
2018-12-04,0.0758945210923534,0.0779346078634262,0.0754867910293443,0.0779346078634262,67375.0
2018-12-05,0.0779346078634262,0.0779346078634262,0.0779346078634262,0.0779346078634262,0.0
2018-12-06,0.0816070437431335,0.0816070437431335,0.0816070437431335,0.0816070437431335,89250.0
2018-12-07,0.0816070437431335,0.0816070437431335,0.0816070437431335,0.0816070437431335,0.0
2018-12-10,0.0816070437431335,0.0816070437431335,0.0816070437431335,0.0816070437431335,0.0
2018-12-11,0.0816070437431335,0.0816070437431335,0.0816070437431335,0.0816070437431335,0.0
2018-12-12,0.0816070437431335,0.0816070437431335,0.0816070437431335,0.0816070437431335,11200.0
2018-12-13,0.0807908698916435,0.0807908698916435,0.0807908698916435,0.0807908698916435,1750.0
2018-12-14,0.0816070376292709,0.0816070376292709,0.0803831294178962,0.0803831294178962,24150.0
2018-12-17,0.0803831294178962,0.0803831294178962,0.0803831294178962,0.0803831294178962,0.0
2018-12-18,0.0803831294178962,0.0803831294178962,0.0803831294178962,0.0803831294178962,0.0
2018-12-19,0.0803831294178962,0.0803831294178962,0.0803831294178962,0.0803831294178962,0.0
2018-12-20,0.0816070437431335,0.0816070437431335,0.0816070437431335,0.0816070437431335,3500.0
2018-12-21,0.0799754112958908,0.0799754112958908,0.0799754112958908,0.0799754112958908,43750.0
2018-12-24,0.0811993107199668,0.0811993107199668,0.0811993107199668,0.0811993107199668,8750.0
2018-12-26,0.0836471393704414,0.0836471393704414,0.0836471393704414,0.0836471393704414,29750.0
2018-12-27,0.0807908742024212,0.0836471393704414,0.0807908742024212,0.0836471393704414,104125.0
2018-12-28,0.0816070437431335,0.0816070437431335,0.0816070437431335,0.0816070437431335,40250.0
2018-12-31,0.0816070437431335,0.0816070437431335,0.0816070437431335,0.0816070437431335,0.0
2019-01-01,0.0816070437431335,0.0816070437431335,0.0816070437431335,0.0816070437431335,0.0
2019-01-02,0.0816070437431335,0.0816070437431335,0.0816070437431335,0.0816070437431335,0.0
2019-01-03,0.0816070437431335,0.0816070437431335,0.0816070437431335,0.0816070437431335,0.0
2019-01-04,0.0816070437431335,0.0816070437431335,0.0816070437431335,0.0816070437431335,0.0
2019-01-07,0.0795669571620382,0.0816070437431335,0.0795669571620382,0.0816070437431335,112000.0
2019-01-08,0.0816070437431335,0.0816070437431335,0.0816070437431335,0.0816070437431335,0.0
2019-01-09,0.0816070437431335,0.0816070437431335,0.0816070437431335,0.0816070437431335,63175.0
2019-01-10,0.0836471303242289,0.0836471303242289,0.0816070437431335,0.0816070437431335,116550.0
2019-01-11,0.0836471303242289,0.0856879298130639,0.0816070437431335,0.0816070437431335,91350.0
2019-01-14,0.0816070437431335,0.0816070437431335,0.0816070437431335,0.0816070437431335,0.0
2019-01-15,0.0816070437431335,0.0816070437431335,0.0816070437431335,0.0816070437431335,7000.0
2019-01-16,0.0816070437431335,0.0816070437431335,0.0816070437431335,0.0816070437431335,0.0
2019-01-17,0.0816070437431335,0.0816070437431335,0.0816070437431335,0.0816070437431335,0.0
2019-01-18,0.0816070437431335,0.0816070437431335,0.0816070437431335,0.0816070437431335,0.0
2019-01-21,0.0775268705809428,0.0816070437431335,0.0775268705809428,0.0816070437431335,26250.0
2019-01-22,0.0816070437431335,0.0816070437431335,0.0816070437431335,0.0816070437431335,0.0
2019-01-23,0.0816070437431335,0.0816070437431335,0.0816070437431335,0.0816070437431335,81375.0
2019-01-24,0.0816070437431335,0.0816070437431335,0.0816070437431335,0.0816070437431335,0.0
2019-01-25,0.0816070437431335,0.0816070437431335,0.0816070437431335,0.0816070437431335,0.0
2019-01-28,0.0816070437431335,0.0816070437431335,0.0816070437431335,0.0816070437431335,0.0
2019-01-29,0.0877280197269739,0.08976811170578,0.085687933068375,0.08976811170578,80500.0
2019-01-30,0.08976811170578,0.08976811170578,0.08976811170578,0.08976811170578,0.0
2019-01-31,0.0877280197269739,0.0918081983643789,0.0877280197269739,0.08976811170578,112000.0
2019-02-01,0.085687933068375,0.08976811170578,0.085687933068375,0.08976811170578,19250.0
2019-02-04,0.08976811170578,0.08976811170578,0.08976811170578,0.08976811170578,0.0
2019-02-05,0.08976811170578,0.08976811170578,0.08976811170578,0.08976811170578,0.0
2019-02-07,0.0877280309796333,0.089768123220117,0.0877280309796333,0.0877280309796333,78750.0
2019-02-08,0.0877280309796333,0.0877280309796333,0.0877280309796333,0.0877280309796333,0.0
2019-02-11,0.0836471442312234,0.0877280309796333,0.0836471442312234,0.0877280309796333,14525.0
2019-02-12,0.0877280309796333,0.0877280309796333,0.0877280309796333,0.0877280309796333,0.0
2019-02-13,0.0877280309796333,0.0877280309796333,0.0877280309796333,0.0877280309796333,0.0
2019-02-14,0.0877280309796333,0.0877280309796333,0.0877280309796333,0.0877280309796333,0.0
2019-02-15,0.0877280309796333,0.0877280309796333,0.0877280309796333,0.0877280309796333,0.0
2019-02-18,0.0816070525687162,0.0877280258817087,0.0816070525687162,0.0836471393704414,50750.0
2019-02-19,0.0836471393704414,0.0836471393704414,0.0836471393704414,0.0836471393704414,0.0
2019-02-20,0.0836471393704414,0.0836471393704414,0.0836471393704414,0.0836471393704414,0.0
2019-02-21,0.0836471393704414,0.0836471393704414,0.0816070525687162,0.0836471393704414,273525.0
2019-02-22,0.0877280258817087,0.0877280258817087,0.0836471393704414,0.0836471393704414,19950.0
2019-02-25,0.0816070421065898,0.0877280146348658,0.0795669555664062,0.0795669555664062,142100.0
2019-02-26,0.0795669555664062,0.0795669555664062,0.0795669555664062,0.0795669555664062,0.0
2019-02-27,0.0795669555664062,0.0795669555664062,0.0795669555664062,0.0795669555664062,0.0
2019-02-28,0.0799754054150252,0.0816070437431335,0.0799754054150252,0.0816070437431335,44625.0
2019-03-01,0.0816070437431335,0.0816070437431335,0.0816070437431335,0.0816070437431335,0.0
2019-03-04,0.0856879353523254,0.0856879353523254,0.0856879353523254,0.0856879353523254,50225.0
2019-03-05,0.0856879353523254,0.0856879353523254,0.0856879353523254,0.0856879353523254,0.0
2019-03-06,0.0856879353523254,0.0856879353523254,0.0856879353523254,0.0856879353523254,0.0
2019-03-07,0.0856879353523254,0.0856879353523254,0.0856879353523254,0.0856879353523254,0.0
2019-03-08,0.0836471393704414,0.0836471393704414,0.0836471393704414,0.0836471393704414,35000.0
2019-03-11,0.0836471393704414,0.0836471393704414,0.0836471393704414,0.0836471393704414,0.0
2019-03-12,0.0836471393704414,0.0836471393704414,0.0836471393704414,0.0836471393704414,0.0
2019-03-13,0.0836471393704414,0.0836471393704414,0.0836471393704414,0.0836471393704414,0.0
2019-03-14,0.0836471393704414,0.0836471393704414,0.0836471393704414,0.0836471393704414,0.0
2019-03-15,0.0836471393704414,0.0836471393704414,0.0836471393704414,0.0836471393704414,0.0
2019-03-18,0.0836471393704414,0.0836471393704414,0.0836471393704414,0.0836471393704414,0.0
2019-03-19,0.0836471393704414,0.0836471393704414,0.0836471393704414,0.0836471393704414,0.0
2019-03-20,0.0836471393704414,0.0836471393704414,0.0836471393704414,0.0836471393704414,0.0
2019-03-21,0.0836471393704414,0.0836471393704414,0.0836471393704414,0.0836471393704414,0.0
2019-03-22,0.0836471393704414,0.0836471393704414,0.0836471393704414,0.0836471393704414,0.0
2019-03-25,0.0836471393704414,0.0836471393704414,0.0836471393704414,0.0836471393704414,0.0
2019-03-26,0.0836471393704414,0.0836471393704414,0.0836471393704414,0.0836471393704414,0.0
2019-03-27,0.0856879440593575,0.0877280309796333,0.0856879440593575,0.0877280309796333,96250.0
2019-03-28,0.0877280309796333,0.0877280309796333,0.0877280309796333,0.0877280309796333,0.0
2019-03-29,0.0918082073330879,0.0918082073330879,0.0918082073330879,0.0918082073330879,14350.0
2019-04-01,0.0918082008114605,0.0918082008114605,0.0836471357315637,0.0856879353523254,272125.0
2019-04-02,0.0856879353523254,0.0877280220653013,0.0856879353523254,0.0856879353523254,305375.0
2019-04-03,0.0816070437431335,0.0816070437431335,0.0816070437431335,0.0816070437431335,2100.0
2019-04-04,0.0816070437431335,0.0816070437431335,0.0816070437431335,0.0816070437431335,0.0
2019-04-05,0.0816070437431335,0.0816070437431335,0.0816070437431335,0.0816070437431335,0.0
2019-04-08,0.085687933068375,0.08976811170578,0.085687933068375,0.08976811170578,369075.0
2019-04-09,0.08976811170578,0.08976811170578,0.08976811170578,0.08976811170578,189875.0
2019-04-10,0.08976811170578,0.08976811170578,0.0877280197269739,0.08976811170578,493325.0
2019-04-11,0.08976811170578,0.08976811170578,0.08976811170578,0.08976811170578,41475.0
2019-04-12,0.0877280282970918,0.0938482941909821,0.0877280282970918,0.0918082073330879,441000.0
2019-04-15,0.0918082073330879,0.0918082073330879,0.0918082073330879,0.0918082073330879,155750.0
2019-04-16,0.0918081983643789,0.0918081983643789,0.08976811170578,0.08976811170578,134925.0
2019-04-17,0.0897681204751937,0.0918082073330879,0.0897681204751937,0.0918082073330879,106575.0
2019-04-18,0.0897681204751937,0.0918082073330879,0.0897681204751937,0.0918082073330879,88900.0
2019-04-22,0.0938482941909821,0.0938482941909821,0.0918082073330879,0.0918082073330879,56000.0
2019-04-23,0.0938482880592346,0.0938482880592346,0.0938482880592346,0.0938482880592346,24500.0
2019-04-24,0.0938482880592346,0.0938482880592346,0.0938482880592346,0.0938482880592346,37975.0
2019-04-25,0.08976811170578,0.08976811170578,0.08976811170578,0.08976811170578,35000.0
2019-04-26,0.0918082073330879,0.0918082073330879,0.0918082073330879,0.0918082073330879,61250.0
2019-04-29,0.0856879358406215,0.0938482880592346,0.0856879358406215,0.0938482880592346,50400.0
2019-04-30,0.0938482880592346,0.0938482880592346,0.0938482880592346,0.0938482880592346,0.0
2019-05-02,0.0918082013346331,0.0938482880592346,0.0918082013346331,0.0938482880592346,38325.0
2019-05-03,0.0938482880592346,0.0938482880592346,0.0938482880592346,0.0938482880592346,54250.0
2019-05-06,0.0918082013346331,0.0938482880592346,0.0918082013346331,0.0938482880592346,98000.0
2019-05-07,0.0938482842394344,0.0938482842394344,0.0895826518535614,0.0895826518535614,183750.0
2019-05-08,0.0895826518535614,0.0895826518535614,0.0895826518535614,0.0895826518535614,0.0
2019-05-09,0.0895826637127071,0.0917154774069786,0.0895826637127071,0.0917154774069786,111125.0
2019-05-10,0.0917154774069786,0.0917154774069786,0.0917154774069786,0.0917154774069786,0.0
2019-05-13,0.0917154774069786,0.0917154774069786,0.0917154774069786,0.0917154774069786,0.0
2019-05-14,0.0895826518535614,0.0895826518535614,0.0895826518535614,0.0895826518535614,81550.0
2019-05-15,0.0895826518535614,0.0895826518535614,0.0895826518535614,0.0895826518535614,0.0
2019-05-16,0.0853162854909896,0.0853162854909896,0.0853162854909896,0.0853162854909896,13125.0
2019-05-17,0.0853162854909896,0.0853162854909896,0.0853162854909896,0.0853162854909896,179375.0
2019-05-21,0.0874490961432457,0.0874490961432457,0.0874490961432457,0.0874490961432457,70000.0
2019-05-22,0.0874490961432457,0.0874490961432457,0.0874490961432457,0.0874490961432457,17500.0
2019-05-23,0.0874490961432457,0.0874490961432457,0.0874490961432457,0.0874490961432457,26250.0
2019-05-24,0.0874490961432457,0.0874490961432457,0.0874490961432457,0.0874490961432457,0.0
2019-05-27,0.0874490961432457,0.0874490961432457,0.0874490961432457,0.0874490961432457,0.0
2019-05-28,0.0874490961432457,0.0874490961432457,0.0874490961432457,0.0874490961432457,0.0
2019-05-29,0.0853162854909896,0.0853162854909896,0.0853162854909896,0.0853162854909896,17500.0
2019-05-30,0.0874490961432457,0.0874490961432457,0.0874490961432457,0.0874490961432457,70000.0
2019-05-31,0.0874490961432457,0.0874490961432457,0.0874490961432457,0.0874490961432457,0.0
2019-06-03,0.0874490961432457,0.0874490961432457,0.0874490961432457,0.0874490961432457,70000.0
2019-06-04,0.0874490961432457,0.0874490961432457,0.0874490961432457,0.0874490961432457,26250.0
2019-06-06,0.0874490961432457,0.0874490961432457,0.0874490961432457,0.0874490961432457,92750.0
2019-06-07,0.0874490961432457,0.0874490961432457,0.0874490961432457,0.0874490961432457,236250.0
2019-06-10,0.0874490961432457,0.0874490961432457,0.0874490961432457,0.0874490961432457,413000.0
2019-06-11,0.0874490931305291,0.0895826518535614,0.0874490931305291,0.0895826518535614,297500.0
2019-06-12,0.0874490931305291,0.0895826518535614,0.0874490931305291,0.0895826518535614,350000.0
2019-06-13,0.0874490961432457,0.0895826549397813,0.0874490961432457,0.0874490961432457,347900.0
2019-06-14,0.0874490961432457,0.0874490961432457,0.0874490961432457,0.0874490961432457,0.0
2019-06-17,0.0874490961432457,0.0874490961432457,0.0874490961432457,0.0874490961432457,0.0
2019-06-18,0.0874490961432457,0.0874490961432457,0.0874490961432457,0.0874490961432457,31500.0
2019-06-19,0.0874490961432457,0.0874490961432457,0.0874490961432457,0.0874490961432457,71750.0
2019-06-20,0.085316282657843,0.0874490961432457,0.085316282657843,0.0874490961432457,52500.0
2019-06-21,0.085316282657843,0.0874490961432457,0.085316282657843,0.0874490961432457,61250.0
2019-06-24,0.0874490990472179,0.0874490990472179,0.0853162854909896,0.0853162854909896,396375.0
2019-06-25,0.0853162854909896,0.0853162854909896,0.0853162854909896,0.0853162854909896,35000.0
2019-06-26,0.0853162854909896,0.0853162854909896,0.0853162854909896,0.0853162854909896,36225.0
2019-06-27,0.0853162854909896,0.0853162854909896,0.0831834719347614,0.0853162854909896,112000.0
2019-06-28,0.0844630098938621,0.0853162854909896,0.0831834719347614,0.0853162854909896,28000.0
2019-07-01,0.0853162777465779,0.0853162777465779,0.0844630022269047,0.0848900154232978,242550.0
2019-07-02,0.0848900154232978,0.0853162777465779,0.0831834643839514,0.0848900154232978,203000.0
2019-07-03,0.0844630002975463,0.0844630002975463,0.0844630002975463,0.0844630002975463,141750.0
2019-07-04,0.0853162884694194,0.0853162884694194,0.0831834748387336,0.0831834748387336,445025.0
2019-07-05,0.0831834748387336,0.0831834748387336,0.0831834748387336,0.0831834748387336,0.0
2019-07-08,0.0836104880887953,0.0840367504656494,0.0831834748387336,0.0831834748387336,234500.0
2019-07-09,0.0836104750633239,0.0836104750633239,0.0836104750633239,0.0836104750633239,28000.0
2019-07-10,0.0840367373737717,0.0840367373737717,0.0836104750633239,0.0836104750633239,103250.0
2019-07-11,0.0836104851699158,0.0853162854909896,0.0836104851699158,0.0853162854909896,169750.0
2019-07-12,0.0853162854909896,0.0853162854909896,0.0853162854909896,0.0853162854909896,0.0
2019-07-15,0.0831834691724403,0.0874490961432457,0.0831834691724403,0.0874490961432457,98525.0
2019-07-16,0.0853162854909896,0.0853162854909896,0.0853162854909896,0.0853162854909896,13125.0
2019-07-17,0.0853162854909896,0.0853162854909896,0.0853162854909896,0.0853162854909896,0.0
2019-07-18,0.0853162757977285,0.0853162757977285,0.0831834624838211,0.0844630002975463,36750.0
2019-07-19,0.0895826579146039,0.0895826579146039,0.0853162854909896,0.0853162854909896,45500.0
2019-07-22,0.0853162854909896,0.0853162854909896,0.0853162854909896,0.0853162854909896,80500.0
2019-07-23,0.0853162854909896,0.0853162854909896,0.0853162854909896,0.0853162854909896,175.0
2019-07-24,0.0853162854909896,0.0853162854909896,0.0853162854909896,0.0853162854909896,35000.0
2019-07-25,0.0853162854909896,0.0853162854909896,0.0853162854909896,0.0853162854909896,257075.0
2019-07-26,0.0853162854909896,0.0853162854909896,0.0848900231290165,0.0853162854909896,108500.0
2019-07-29,0.0853162854909896,0.0853162854909896,0.0853162854909896,0.0853162854909896,92400.0
2019-07-30,0.0874490961432457,0.0874490961432457,0.0874490961432457,0.0874490961432457,52500.0
2019-07-31,0.0895826626116759,0.0938482955098152,0.0895826626116759,0.0938482955098152,815675.0
2019-08-01,0.0938482842394344,0.0938482842394344,0.0895826518535614,0.0895826518535614,297500.0
2019-08-02,0.0895826637127071,0.0917154774069786,0.0895826637127071,0.0917154774069786,166250.0
2019-08-05,0.0895826518535614,0.0895826518535614,0.0895826518535614,0.0895826518535614,26250.0
2019-08-06,0.0895826579146039,0.0895826579146039,0.0853162854909896,0.0853162854909896,386750.0
2019-08-07,0.0874490961432457,0.0874490961432457,0.0874490961432457,0.0874490961432457,87500.0
2019-08-08,0.0874490961432457,0.0874490961432457,0.0874490961432457,0.0874490961432457,175000.0
2019-08-13,0.0853162854909896,0.0874490990472179,0.0853162854909896,0.0853162854909896,179025.0
2019-08-14,0.0853162854909896,0.0853162854909896,0.0853162854909896,0.0853162854909896,875.0
2019-08-15,0.0844630022269047,0.0848900154232978,0.0844630022269047,0.0848900154232978,33250.0
2019-08-16,0.0848900154232978,0.0848900154232978,0.0848900154232978,0.0848900154232978,0.0
2019-08-19,0.0848900134841854,0.0848900134841854,0.0844630002975463,0.0844630002975463,58100.0
2019-08-20,0.0848900231290165,0.0853162854909896,0.0848900231290165,0.0853162854909896,106750.0
2019-08-21,0.0853162854909896,0.0853162854909896,0.0853162854909896,0.0853162854909896,133000.0
2019-08-22,0.0853162854909896,0.0853162854909896,0.0848900231290165,0.0853162854909896,131250.0
2019-08-23,0.0848900231290165,0.0853162854909896,0.0848900231290165,0.0853162854909896,70000.0
2019-08-26,0.0874490961432457,0.0874490961432457,0.0874490961432457,0.0874490961432457,6825.0
2019-08-27,0.0874490961432457,0.0874490961432457,0.0874490961432457,0.0874490961432457,0.0
2019-08-28,0.0874490961432457,0.0874490961432457,0.0874490961432457,0.0874490961432457,0.0
2019-08-29,0.0874490961432457,0.0874490961432457,0.0874490961432457,0.0874490961432457,0.0
2019-08-30,0.0853162854909896,0.0853162854909896,0.0853162854909896,0.0853162854909896,3500.0
2019-09-02,0.0844630098938621,0.0853162854909896,0.0844630098938621,0.0853162854909896,157500.0
2019-09-03,0.0853162757977285,0.0853162757977285,0.0844630002975463,0.0844630002975463,176750.0
2019-09-04,0.0848900154232978,0.0848900154232978,0.0848900154232978,0.0848900154232978,219100.0
2019-09-05,0.0848900231290165,0.0853162854909896,0.0848900231290165,0.0853162854909896,751450.0
2019-09-06,0.0853162854909896,0.0853162854909896,0.0848900231290165,0.0853162854909896,361725.0
2019-09-09,0.0874490961432457,0.0874490961432457,0.085316282657843,0.0874490961432457,429100.0
2019-09-10,0.0895826549397813,0.0895826549397813,0.0874490961432457,0.0874490961432457,111475.0
2019-09-11,0.0874490961432457,0.0874490961432457,0.0874490961432457,0.0874490961432457,64225.0
2019-09-12,0.0874490961432457,0.0874490961432457,0.0874490961432457,0.0874490961432457,0.0
2019-09-13,0.0874490990472179,0.0874490990472179,0.0853162854909896,0.0853162854909896,89250.0
2019-09-16,0.085316282657843,0.0874490961432457,0.085316282657843,0.0874490961432457,89250.0
2019-09-17,0.0874490961432457,0.0874490961432457,0.0874490961432457,0.0874490961432457,33250.0
2019-09-18,0.0874490961432457,0.0874490961432457,0.0874490961432457,0.0874490961432457,87500.0
2019-09-19,0.0874490961432457,0.0874490961432457,0.0874490961432457,0.0874490961432457,10325.0
2019-09-20,0.0874490961432457,0.0874490961432457,0.0874490961432457,0.0874490961432457,52500.0
2019-09-23,0.085316282657843,0.0874490961432457,0.085316282657843,0.0874490961432457,72975.0
2019-09-24,0.0874490990472179,0.0874490990472179,0.0853162854909896,0.0853162854909896,18025.0
2019-09-25,0.0853162854909896,0.0853162854909896,0.0853162854909896,0.0853162854909896,315000.0
2019-09-26,0.0853162854909896,0.0853162854909896,0.0853162854909896,0.0853162854909896,0.0
2019-09-27,0.0853162777465779,0.0853162777465779,0.0848900154232978,0.0848900154232978,192500.0
2019-09-30,0.0848900154232978,0.0848900154232978,0.0848900154232978,0.0848900154232978,0.0
2019-10-01,0.0848900154232978,0.0848900154232978,0.0848900154232978,0.0848900154232978,0.0
2019-10-02,0.0848900154232978,0.0848900154232978,0.0848900154232978,0.0848900154232978,0.0
2019-10-03,0.0874490990472179,0.0874490990472179,0.0853162854909896,0.0853162854909896,126350.0
2019-10-04,0.0853162854909896,0.0853162854909896,0.0853162854909896,0.0853162854909896,0.0
2019-10-07,0.0853162854909896,0.0853162854909896,0.0853162854909896,0.0853162854909896,17500.0
2019-10-08,0.0853162854909896,0.0853162854909896,0.0853162854909896,0.0853162854909896,161000.0
2019-10-09,0.0853162854909896,0.0853162854909896,0.0853162854909896,0.0853162854909896,120750.0
2019-10-10,0.0853162854909896,0.0853162854909896,0.0853162854909896,0.0853162854909896,83300.0
2019-10-11,0.0874490961432457,0.0874490961432457,0.0874490961432457,0.0874490961432457,87500.0
2019-10-14,0.0874490961432457,0.0874490961432457,0.0874490961432457,0.0874490961432457,50750.0
2019-10-15,0.0874490961432457,0.0874490961432457,0.0874490961432457,0.0874490961432457,0.0
2019-10-16,0.0853162854909896,0.0853162854909896,0.0853162854909896,0.0853162854909896,152075.0
2019-10-17,0.0853162854909896,0.0853162854909896,0.0853162854909896,0.0853162854909896,78750.0
2019-10-18,0.0853162854909896,0.0853162854909896,0.0853162854909896,0.0853162854909896,88375.0
2019-10-21,0.0853162854909896,0.0853162854909896,0.0853162854909896,0.0853162854909896,122500.0
2019-10-22,0.0836104750633239,0.0836104750633239,0.0823301863857995,0.0836104750633239,163800.0
2019-10-23,0.0836104750633239,0.0836104750633239,0.0836104750633239,0.0836104750633239,0.0
2019-10-24,0.0836104750633239,0.0836104750633239,0.0836104750633239,0.0836104750633239,0.0
2019-10-25,0.0840367376804351,0.0840367376804351,0.0840367376804351,0.0840367376804351,17500.0
2019-10-29,0.0840367475318889,0.0853162854909896,0.0840367475318889,0.0853162854909896,126000.0
2019-10-30,0.0853162854909896,0.0853162854909896,0.0853162854909896,0.0853162854909896,0.0
2019-10-31,0.0853162854909896,0.0853162854909896,0.0853162854909896,0.0853162854909896,0.0
2019-11-01,0.0853162854909896,0.0853162854909896,0.0853162854909896,0.0853162854909896,93625.0
2019-11-04,0.0853162854909896,0.0853162854909896,0.0853162854909896,0.0853162854909896,88200.0
2019-11-05,0.0853162854909896,0.0853162854909896,0.0840367475318889,0.0853162854909896,287350.0
2019-11-06,0.0853162854909896,0.0853162854909896,0.0853162854909896,0.0853162854909896,0.0
2019-11-07,0.0840367376804351,0.0840367376804351,0.0840367376804351,0.0840367376804351,45500.0
2019-11-08,0.0840367475318889,0.0853162854909896,0.0836104851699158,0.0853162854909896,159250.0
2019-11-11,0.0853162854909896,0.0853162854909896,0.0853162854909896,0.0853162854909896,0.0
2019-11-12,0.0853162854909896,0.0853162854909896,0.0853162854909896,0.0853162854909896,0.0
2019-11-13,0.0853162854909896,0.0853162854909896,0.0853162854909896,0.0853162854909896,0.0
2019-11-14,0.0853162854909896,0.0853162854909896,0.0853162854909896,0.0853162854909896,0.0
2019-11-15,0.0853162854909896,0.0853162854909896,0.0853162854909896,0.0853162854909896,87500.0
2019-11-18,0.0853162854909896,0.0853162854909896,0.0853162854909896,0.0853162854909896,0.0
2019-11-19,0.0853162854909896,0.0853162854909896,0.0853162854909896,0.0853162854909896,0.0
2019-11-20,0.0853162854909896,0.0853162854909896,0.0853162854909896,0.0853162854909896,132300.0
2019-11-21,0.0874490961432457,0.0874490961432457,0.0874490961432457,0.0874490961432457,43750.0
2019-11-22,0.0874490961432457,0.0874490961432457,0.0874490961432457,0.0874490961432457,0.0
2019-11-25,0.0874490961432457,0.0874490961432457,0.0874490961432457,0.0874490961432457,0.0
2019-11-26,0.0874490961432457,0.0874490961432457,0.0874490961432457,0.0874490961432457,0.0
2019-11-27,0.0874490961432457,0.0874490961432457,0.0874490961432457,0.0874490961432457,101500.0
2019-11-28,0.0874490961432457,0.0874490961432457,0.0874490961432457,0.0874490961432457,0.0
2019-11-29,0.0853162754895383,0.0853162754895383,0.0840367376804351,0.0840367376804351,46025.0
2019-12-02,0.0844630098938621,0.0853162854909896,0.0844630098938621,0.0853162854909896,143500.0
2019-12-03,0.0853162854909896,0.0853162854909896,0.0853162854909896,0.0853162854909896,137900.0
2019-12-04,0.0853162754895383,0.0853162754895383,0.0840367376804351,0.0840367376804351,370825.0
2019-12-05,0.0853162854909896,0.0853162854909896,0.0853162854909896,0.0853162854909896,26250.0
2019-12-06,0.0853162854909896,0.0853162854909896,0.0853162854909896,0.0853162854909896,60900.0
2019-12-09,0.0874490961432457,0.0874490961432457,0.0874490961432457,0.0874490961432457,194775.0
2019-12-10,0.0874490990472179,0.0874490990472179,0.0853162854909896,0.0853162854909896,176750.0
2019-12-11,0.0853162777465779,0.0853162777465779,0.0848900154232978,0.0848900154232978,61250.0
2019-12-12,0.0848900154232978,0.0848900154232978,0.0848900154232978,0.0848900154232978,0.0
2019-12-13,0.085316282657843,0.0874490961432457,0.0848900203100249,0.0874490961432457,183400.0
2019-12-16,0.0874490961432457,0.0874490961432457,0.0874490961432457,0.0874490961432457,2275.0
2019-12-17,0.0874490961432457,0.0874490961432457,0.0874490961432457,0.0874490961432457,0.0
2019-12-18,0.0853162854909896,0.0853162854909896,0.0853162854909896,0.0853162854909896,17500.0
2019-12-19,0.0853162884694194,0.0853162884694194,0.0831834748387336,0.0831834748387336,23625.0
2019-12-20,0.0831834748387336,0.0831834748387336,0.0831834748387336,0.0831834748387336,0.0
2019-12-23,0.0853162854909896,0.0853162854909896,0.0853162854909896,0.0853162854909896,138250.0
2019-12-24,0.0853162854909896,0.0853162854909896,0.0853162854909896,0.0853162854909896,0.0
2019-12-25,0.0853162854909896,0.0853162854909896,0.0853162854909896,0.0853162854909896,0.0
2019-12-26,0.085316282657843,0.0874490961432457,0.085316282657843,0.0874490961432457,243600.0
2019-12-27,0.0874490990472179,0.0874490990472179,0.0853162854909896,0.0853162854909896,94500.0
2019-12-30,0.0874490961432457,0.0874490961432457,0.0874490961432457,0.0874490961432457,145425.0
2019-12-31,0.0874490961432457,0.0874490961432457,0.0874490961432457,0.0874490961432457,0.0
2020-01-02,0.0874490884766256,0.0874490884766256,0.0836104750633239,0.0836104750633239,330575.0
2020-01-03,0.0853162854909896,0.0853162854909896,0.0853162854909896,0.0853162854909896,39375.0
2020-01-06,0.0840367376804351,0.0840367376804351,0.0840367376804351,0.0840367376804351,22225.0
2020-01-07,0.0853162854909896,0.0853162854909896,0.0853162854909896,0.0853162854909896,188125.0
2020-01-08,0.0853162854909896,0.0853162854909896,0.0853162854909896,0.0853162854909896,0.0
2020-01-09,0.0840367475318889,0.0853162854909896,0.0840367475318889,0.0853162854909896,102375.0
2020-01-10,0.0853162854909896,0.0853162854909896,0.0844630098938621,0.0853162854909896,192150.0
2020-01-13,0.0853162754895383,0.0853162754895383,0.0840367376804351,0.0840367376804351,100800.0
2020-01-14,0.0840367376804351,0.0840367376804351,0.0840367376804351,0.0840367376804351,70000.0
2020-01-15,0.0853162854909896,0.0853162854909896,0.0853162854909896,0.0853162854909896,131250.0
2020-01-16,0.0853162854909896,0.0853162854909896,0.0853162854909896,0.0853162854909896,0.0
2020-01-17,0.0853162854909896,0.0853162854909896,0.0853162854909896,0.0853162854909896,83125.0
2020-01-20,0.0853162854909896,0.0853162854909896,0.0853162854909896,0.0853162854909896,17500.0
2020-01-21,0.0853162854909896,0.0853162854909896,0.0853162854909896,0.0853162854909896,92225.0
2020-01-22,0.0853162854909896,0.0853162854909896,0.0853162854909896,0.0853162854909896,17500.0
2020-01-23,0.0853162854909896,0.0853162854909896,0.0853162854909896,0.0853162854909896,26250.0
2020-01-24,0.0853162854909896,0.0853162854909896,0.0853162854909896,0.0853162854909896,17500.0
2020-01-28,0.0840367504656494,0.0840367504656494,0.0831834748387336,0.0831834748387336,462000.0
2020-01-29,0.0831834748387336,0.0831834748387336,0.0831834748387336,0.0831834748387336,90125.0
2020-01-30,0.083183465173058,0.083183465173058,0.0823301896452903,0.0823301896452903,91000.0
2020-01-31,0.0823301896452903,0.0823301896452903,0.0823301896452903,0.0823301896452903,16975.0
2020-02-03,0.0823301896452903,0.0823301896452903,0.0823301896452903,0.0823301896452903,0.0
2020-02-04,0.0823301992118178,0.0831834748387336,0.0810506612080479,0.0831834748387336,108500.0
2020-02-05,0.0831834748387336,0.0831834748387336,0.0831834748387336,0.0831834748387336,0.0
2020-02-06,0.0831834748387336,0.0831834748387336,0.0831834748387336,0.0831834748387336,0.0
2020-02-07,0.0827572028457343,0.0827572028457343,0.0823301896452903,0.0823301896452903,87500.0
2020-02-10,0.0823301989728005,0.0827572122216224,0.0823301989728005,0.0827572122216224,94500.0
2020-02-11,0.0823301896452903,0.0823301896452903,0.0823301896452903,0.0823301896452903,45500.0
2020-02-12,0.0823301896452903,0.0823301896452903,0.0823301896452903,0.0823301896452903,0.0
2020-02-13,0.0823301896452903,0.0823301896452903,0.0823301896452903,0.0823301896452903,17500.0
2020-02-14,0.0836104880887953,0.0836104880887953,0.0831834748387336,0.0831834748387336,87500.0
2020-02-17,0.0831834748387336,0.0831834748387336,0.0831834748387336,0.0831834748387336,10500.0
2020-02-18,0.083183465173058,0.083183465173058,0.0823301896452903,0.0823301896452903,75425.0
2020-02-19,0.0823301896452903,0.0823301896452903,0.0823301896452903,0.0823301896452903,52500.0
2020-02-20,0.0819039344787597,0.0819039344787597,0.0819039344787597,0.0819039344787597,140000.0
2020-02-21,0.0819039398447494,0.0831834778955395,0.0810506641864776,0.0810506641864776,350000.0
2020-02-24,0.0810506641864776,0.0810506641864776,0.0810506641864776,0.0810506641864776,10500.0
2020-02-25,0.0827572155030211,0.0827572155030211,0.0810506641864776,0.0810506641864776,101500.0
2020-02-26,0.0810506641864776,0.0810506641864776,0.0810506641864776,0.0810506641864776,0.0
2020-02-27,0.0810506641864776,0.0810506641864776,0.0810506641864776,0.0810506641864776,0.0
2020-02-28,0.0810506470462731,0.0810506470462731,0.0767850205302238,0.0767850205302238,134750.0
2020-03-02,0.078917846083641,0.078917846083641,0.078917846083641,0.078917846083641,43750.0
2020-03-03,0.078917846083641,0.078917846083641,0.078917846083641,0.078917846083641,0.0
2020-03-04,0.0767850238203241,0.0767850238203241,0.0755047351121902,0.0755047351121902,220150.0
2020-03-05,0.0755047351121902,0.0755047351121902,0.0755047351121902,0.0755047351121902,0.0
2020-03-06,0.0755047351121902,0.0755047351121902,0.0755047351121902,0.0755047351121902,103250.0
2020-03-09,0.0755047453238622,0.0755047453238622,0.0703858424183437,0.0725186616182327,276500.0
2020-03-10,0.0767850342051493,0.0767850342051493,0.0725186616182327,0.0725186616182327,35000.0
2020-03-11,0.0746522173285484,0.0746522173285484,0.0746522173285484,0.0746522173285484,36750.0
2020-03-12,0.0725186592238835,0.0725186592238835,0.0703858400944139,0.0716661289334297,103775.0
2020-03-13,0.0716661199840332,0.0716661199840332,0.0644136592745781,0.0644136592745781,87500.0
2020-03-16,0.0691062957048416,0.0691062957048416,0.0691062957048416,0.0691062957048416,17500.0
2020-03-17,0.0691062859127927,0.0691062859127927,0.0661201974444168,0.0682530105113983,61075.0
2020-03-18,0.0682530105113983,0.0682530105113983,0.0682530105113983,0.0682530105113983,0.0
2020-03-19,0.0661202154076963,0.0661202154076963,0.0618545881148646,0.0627078637480735,396375.0
2020-03-20,0.0627078587285184,0.0635603889822959,0.0627078587285184,0.0635603889822959,67375.0
2020-03-23,0.0541758532218605,0.0639873892068862,0.0541758532218605,0.0639873892068862,38500.0
2020-03-24,0.0703858424183437,0.0725186616182327,0.0703858424183437,0.0725186616182327,326200.0
2020-03-25,0.0725186616182327,0.0725186616182327,0.0725186616182327,0.0725186616182327,0.0
2020-03-26,0.0725186616182327,0.0725186616182327,0.0725186616182327,0.0725186616182327,0.0
2020-03-27,0.0746522173285484,0.0746522173285484,0.0746522173285484,0.0746522173285484,97475.0
2020-03-30,0.0725186476807315,0.0729456552881393,0.0639873892068862,0.0639873892068862,12775.0
2020-03-31,0.0746522173285484,0.0746522173285484,0.0746522173285484,0.0746522173285484,87500.0
2020-04-01,0.0746522173285484,0.0746522173285484,0.0746522173285484,0.0746522173285484,1575.0
2020-04-02,0.0746522173285484,0.0746522173285484,0.0746522173285484,0.0746522173285484,0.0
2020-04-03,0.0746522205672841,0.0746522205672841,0.0725186616182327,0.0725186616182327,65100.0
2020-04-06,0.0725186616182327,0.0725186616182327,0.0725186616182327,0.0725186616182327,18375.0
2020-04-07,0.0725186616182327,0.0725186616182327,0.0725186616182327,0.0725186616182327,93975.0
2020-04-08,0.0597217716380293,0.0746522173285484,0.0597217716380293,0.0746522173285484,30800.0
2020-04-09,0.0682530105113983,0.0686800236486,0.0682530105113983,0.0682530105113983,159775.0
2020-04-13,0.0682530195495681,0.0755047351121902,0.0678267572289291,0.0755047351121902,129150.0
2020-04-14,0.0725186616182327,0.0725186616182327,0.0725186616182327,0.0725186616182327,52500.0
2020-04-15,0.0682530105113983,0.0682530105113983,0.0682530105113983,0.0682530105113983,17500.0
2020-04-16,0.0682530105113983,0.0682530105113983,0.0682530105113983,0.0682530105113983,0.0
2020-04-17,0.0725186594782749,0.0725186594782749,0.0720923915505409,0.0720923915505409,756000.0
2020-04-20,0.0725186616182327,0.0725186616182327,0.0725186616182327,0.0725186616182327,8750.0
2020-04-21,0.0725186616182327,0.0725186616182327,0.0725186616182327,0.0725186616182327,0.0
2020-04-22,0.0725186616182327,0.0725186616182327,0.0725186616182327,0.0725186616182327,0.0
2020-04-23,0.0763580128550529,0.0763580128550529,0.0763580128550529,0.0763580128550529,122500.0
2020-04-24,0.0703858298830735,0.0767850205302238,0.0703858298830735,0.0767850205302238,18375.0
2020-04-27,0.0767850205302238,0.0767850205302238,0.0767850205302238,0.0767850205302238,0.0
2020-04-28,0.0746522072721991,0.0767850205302238,0.072518648703121,0.0767850205302238,81025.0
2020-04-29,0.0767850205302238,0.0767850205302238,0.0767850205302238,0.0767850205302238,0.0
2020-04-30,0.0720923808387238,0.0767850205302238,0.0720923808387238,0.0767850205302238,47775.0
2020-05-04,0.0767850205302238,0.0767850205302238,0.0767850205302238,0.0767850205302238,56000.0
2020-05-05,0.0767850205302238,0.0767850205302238,0.0767850205302238,0.0767850205302238,174475.0
2020-05-06,0.0821110472211222,0.0821110472211222,0.0798919349908828,0.0798919349908828,37625.0
2020-05-08,0.0798919349908828,0.0798919349908828,0.0798919349908828,0.0798919349908828,0.0
2020-05-11,0.0798919349908828,0.0798919349908828,0.0798919349908828,0.0798919349908828,0.0
2020-05-12,0.0794476437916647,0.0798919349908828,0.0794476437916647,0.0798919349908828,36925.0
2020-05-13,0.0798919349908828,0.0798919349908828,0.0798919349908828,0.0798919349908828,122500.0
2020-05-14,0.0714589960138598,0.0798919349908828,0.066576480354163,0.0798919349908828,210175.0
2020-05-15,0.0798919349908828,0.0798919349908828,0.0798919349908828,0.0798919349908828,0.0
2020-05-18,0.0798919349908828,0.0798919349908828,0.0798919349908828,0.0798919349908828,0.0
2020-05-19,0.0798919349908828,0.0798919349908828,0.0798919349908828,0.0798919349908828,0.0
2020-05-20,0.0710147082157644,0.0767850252949727,0.0710147082157644,0.0754529386758804,91875.0
2020-05-21,0.0790041387081146,0.0790041387081146,0.0790041387081146,0.0790041387081146,8750.0
2020-05-22,0.0790041387081146,0.0790041387081146,0.0790041387081146,0.0790041387081146,0.0
2020-05-26,0.0790041387081146,0.0790041387081146,0.0790041387081146,0.0790041387081146,0.0
2020-05-27,0.0714589973965546,0.0776728242635726,0.0714589973965546,0.0776728242635726,82600.0
2020-05-28,0.0776728242635726,0.0776728242635726,0.0776728242635726,0.0776728242635726,0.0
2020-05-29,0.0776728242635726,0.0776728242635726,0.0776728242635726,0.0776728242635726,0.0
2020-06-01,0.0714589935037102,0.0714589935037102,0.0710147023200988,0.0710147023200988,56000.0
2020-06-02,0.0732338204979896,0.0732338204979896,0.0732338204979896,0.0732338204979896,73150.0
2020-06-03,0.0776728242635726,0.0776728242635726,0.0776728242635726,0.0776728242635726,95900.0
2020-06-04,0.0776728242635726,0.0776728242635726,0.0776728242635726,0.0776728242635726,0.0
2020-06-05,0.0776728242635726,0.0776728242635726,0.0776728242635726,0.0776728242635726,0.0
2020-06-08,0.0776728242635726,0.0776728242635726,0.0776728242635726,0.0776728242635726,0.0
2020-06-09,0.0736781109627075,0.0736781109627075,0.0710147074349746,0.0727903097867965,631750.0
2020-06-10,0.0732338204979896,0.0732338204979896,0.0732338204979896,0.0732338204979896,108500.0
2020-06-11,0.0732338204979896,0.0732338204979896,0.0732338204979896,0.0732338204979896,52500.0
2020-06-12,0.0732338204979896,0.0732338204979896,0.0732338204979896,0.0732338204979896,0.0
2020-06-15,0.0745659098029136,0.0745659098029136,0.0745659098029136,0.0745659098029136,52500.0
2020-06-16,0.0745659098029136,0.0745659098029136,0.0745659098029136,0.0745659098029136,0.0
2020-06-17,0.0745659098029136,0.0745659098029136,0.0745659098029136,0.0745659098029136,168000.0
2020-06-18,0.0745659098029136,0.0745659098029136,0.0745659098029136,0.0745659098029136,21000.0
2020-06-19,0.0745659098029136,0.0745659098029136,0.0745659098029136,0.0745659098029136,0.0
2020-06-22,0.0732338144723871,0.0732338144723871,0.0710147023200988,0.0710147023200988,759850.0
2020-06-23,0.0710147023200988,0.0710147023200988,0.0710147023200988,0.0710147023200988,0.0
2020-06-24,0.0710147023200988,0.0710147023200988,0.0710147023200988,0.0710147023200988,0.0
2020-06-25,0.0714589953422546,0.0714589953422546,0.0714589953422546,0.0714589953422546,38500.0
2020-06-26,0.0714589953422546,0.0714589953422546,0.0714589953422546,0.0714589953422546,0.0
2020-06-29,0.0754529350621966,0.0843301594513615,0.0710147048146417,0.0798919349908828,241500.0
2020-06-30,0.0798919349908828,0.0798919349908828,0.0798919349908828,0.0798919349908828,0.0
2020-07-01,0.0798919349908828,0.0798919349908828,0.0798919349908828,0.0798919349908828,0.0
2020-07-02,0.0798919349908828,0.0798919349908828,0.0798919349908828,0.0798919349908828,0.0
2020-07-03,0.0798919349908828,0.0798919349908828,0.0798919349908828,0.0798919349908828,0.0
2020-07-06,0.0798919349908828,0.0798919349908828,0.0798919349908828,0.0798919349908828,0.0
2020-07-07,0.0798919349908828,0.0798919349908828,0.0798919349908828,0.0798919349908828,0.0
2020-07-08,0.0798919349908828,0.0798919349908828,0.0798919349908828,0.0798919349908828,0.0
2020-07-09,0.0798919349908828,0.0798919349908828,0.0798919349908828,0.0798919349908828,0.0
2020-07-13,0.0798919349908828,0.0798919349908828,0.0798919349908828,0.0798919349908828,0.0
2020-07-14,0.0798919349908828,0.0798919349908828,0.0798919349908828,0.0798919349908828,0.0
2020-07-15,0.0798919349908828,0.0798919349908828,0.0798919349908828,0.0798919349908828,0.0
2020-07-16,0.0776728228639733,0.0776728228639733,0.0719025060534477,0.0719025060534477,314125.0
2020-07-17,0.0719025060534477,0.0719025060534477,0.0719025060534477,0.0719025060534477,0.0
2020-07-20,0.0736781109627075,0.0736781109627075,0.0727903097867965,0.0727903097867965,120225.0
2020-07-21,0.0736781032292679,0.0736781032292679,0.0723460167646408,0.0723460167646408,318500.0
2020-07-22,0.0745659129031708,0.0798919387579338,0.0732338204979896,0.0732338204979896,263725.0
2020-07-23,0.0732338204979896,0.0732338204979896,0.0732338204979896,0.0732338204979896,0.0
2020-07-24,0.0732338204979896,0.0732338204979896,0.0732338204979896,0.0732338204979896,0.0
2020-07-27,0.0732338204979896,0.0732338204979896,0.0732338204979896,0.0732338204979896,0.0
2020-07-28,0.0732338204979896,0.0732338204979896,0.0732338204979896,0.0732338204979896,0.0
2020-07-29,0.0723460191474965,0.0723460191474965,0.0710147023200988,0.0710147023200988,525000.0
2020-07-30,0.0710147023200988,0.0710147023200988,0.0710147023200988,0.0710147023200988,0.0
2020-08-03,0.0710147023200988,0.0710147023200988,0.0710147023200988,0.0710147023200988,0.0
2020-08-04,0.0719025060534477,0.0719025060534477,0.0714589961089233,0.0719025060534477,31500.0
2020-08-05,0.0719025060534477,0.0719025060534477,0.0719025060534477,0.0719025060534477,0.0
2020-08-06,0.0741216242313385,0.0741216242313385,0.0741216242313385,0.0741216242313385,211225.0
2020-08-07,0.0741216242313385,0.0741216242313385,0.0741216242313385,0.0741216242313385,52500.0
2020-08-11,0.0741216217379563,0.0754529386758804,0.0741216217379563,0.0754529386758804,311500.0
2020-08-12,0.0754529386758804,0.0754529386758804,0.0754529386758804,0.0754529386758804,17500.0
2020-08-13,0.0772285312414169,0.0772285312414169,0.0772285312414169,0.0772285312414169,5250.0
2020-08-14,0.0719025060534477,0.0719025060534477,0.0719025060534477,0.0719025060534477,2625.0
2020-08-17,0.0723460167646408,0.0723460167646408,0.0723460167646408,0.0723460167646408,40075.0
2020-08-18,0.0723460167646408,0.0723460167646408,0.0723460167646408,0.0723460167646408,0.0
2020-08-19,0.0754529365221721,0.0776728242635726,0.0736781096697327,0.0776728242635726,222950.0
2020-08-20,0.0776728242635726,0.0776728242635726,0.0776728242635726,0.0776728242635726,94500.0
2020-08-21,0.0776728242635726,0.0776728242635726,0.0776728242635726,0.0776728242635726,87500.0
2020-08-24,0.0763407318954268,0.0781163342160887,0.0763407318954268,0.0776728242635726,89250.0
2020-08-25,0.0763407304182729,0.0798919349908828,0.0763407304182729,0.0798919349908828,185500.0
2020-08-26,0.0781163275241851,0.0781163275241851,0.0781163275241851,0.0781163275241851,64750.0
2020-08-27,0.0781163275241851,0.0781163275241851,0.0781163275241851,0.0781163275241851,192500.0
2020-08-28,0.0754529386758804,0.0781163364458203,0.0754529386758804,0.0754529386758804,96250.0
2020-08-31,0.0745659098029136,0.0745659098029136,0.0745659098029136,0.0745659098029136,87500.0
2020-09-01,0.0776728242635726,0.0776728242635726,0.0776728242635726,0.0776728242635726,227500.0
2020-09-02,0.0776728242635726,0.0776728242635726,0.0776728242635726,0.0776728242635726,134400.0
2020-09-03,0.0745659093872516,0.0798919349908828,0.0745659093872516,0.0798919349908828,61775.0
2020-09-04,0.0798919349908828,0.0798919349908828,0.0798919349908828,0.0798919349908828,72625.0
2020-09-07,0.0798919349908828,0.0798919349908828,0.0798919349908828,0.0798919349908828,91000.0
2020-09-08,0.0798919349908828,0.0798919349908828,0.0798919349908828,0.0798919349908828,35000.0
2020-09-09,0.0798919349908828,0.0798919349908828,0.0798919349908828,0.0798919349908828,3500.0
2020-09-10,0.0798919349908828,0.0798919349908828,0.0798919349908828,0.0798919349908828,0.0
2020-09-11,0.0798919349908828,0.0798919349908828,0.0798919349908828,0.0798919349908828,0.0
2020-09-14,0.0798919349908828,0.0798919349908828,0.0798919349908828,0.0798919349908828,0.0
2020-09-15,0.0798919349908828,0.0798919349908828,0.0798919349908828,0.0798919349908828,0.0
2020-09-16,0.0798919349908828,0.0798919349908828,0.0798919349908828,0.0798919349908828,0.0
2020-09-17,0.0798919349908828,0.0798919349908828,0.0798919349908828,0.0798919349908828,0.0
2020-09-18,0.0798919349908828,0.0798919349908828,0.0798919349908828,0.0798919349908828,0.0
2020-09-21,0.0798919349908828,0.0798919349908828,0.0798919349908828,0.0798919349908828,0.0
2020-09-22,0.0776728242635726,0.0776728242635726,0.0776728242635726,0.0776728242635726,437500.0
2020-09-23,0.0776728242635726,0.0776728242635726,0.0776728242635726,0.0776728242635726,250250.0
2020-09-24,0.0776728242635726,0.0776728242635726,0.0776728242635726,0.0776728242635726,4375.0
2020-09-25,0.0776728242635726,0.0776728242635726,0.0776728242635726,0.0776728242635726,0.0
2020-09-28,0.0776728242635726,0.0776728242635726,0.0776728242635726,0.0776728242635726,0.0
2020-09-29,0.0776728242635726,0.0776728242635726,0.0776728242635726,0.0776728242635726,23625.0
2020-09-30,0.0776728242635726,0.0794476453289358,0.0776728242635726,0.0776728242635726,235375.0
2020-10-01,0.0798919349908828,0.0798919349908828,0.0798919349908828,0.0798919349908828,203000.0
2020-10-02,0.0798919349908828,0.0798919349908828,0.0798919349908828,0.0798919349908828,120750.0
2020-10-05,0.0798919349908828,0.0798919349908828,0.0798919349908828,0.0798919349908828,0.0
2020-10-06,0.0798919349908828,0.0798919349908828,0.0798919349908828,0.0798919349908828,0.0
2020-10-07,0.0798919349908828,0.0798919349908828,0.0798919349908828,0.0798919349908828,0.0
2020-10-08,0.0798919349908828,0.0798919349908828,0.0798919349908828,0.0798919349908828,0.0
2020-10-09,0.0798919349908828,0.0798919349908828,0.0798919349908828,0.0798919349908828,0.0
2020-10-12,0.077672826683637,0.0816667601466178,0.077672826683637,0.0816667601466178,147000.0
2020-10-13,0.0816667601466178,0.0816667601466178,0.0816667601466178,0.0816667601466178,0.0
2020-10-14,0.0776728242635726,0.0776728242635726,0.0776728242635726,0.0776728242635726,35000.0
2020-10-15,0.0776728242635726,0.0776728242635726,0.0776728242635726,0.0776728242635726,0.0
2020-10-16,0.0776728242635726,0.0776728242635726,0.0776728242635726,0.0776728242635726,0.0
2020-10-19,0.0776728242635726,0.0776728242635726,0.0776728242635726,0.0776728242635726,35000.0
2020-10-20,0.0798919349908828,0.0798919349908828,0.0798919349908828,0.0798919349908828,52500.0
2020-10-21,0.0798919349908828,0.0798919349908828,0.0798919349908828,0.0798919349908828,0.0
2020-10-22,0.0798919349908828,0.0798919349908828,0.0798919349908828,0.0798919349908828,0.0
2020-10-23,0.0776728242635726,0.0785598441686048,0.0776728242635726,0.0776728242635726,66500.0
2020-10-26,0.0776728242635726,0.0776728242635726,0.0776728242635726,0.0776728242635726,0.0
2020-10-27,0.0776728242635726,0.0776728242635726,0.0776728242635726,0.0776728242635726,90125.0
2020-10-28,0.0776728242635726,0.0776728242635726,0.0776728242635726,0.0776728242635726,129500.0
2020-10-29,0.0776728242635726,0.0776728242635726,0.0776728242635726,0.0776728242635726,106750.0
2020-10-30,0.0776728242635726,0.0776728242635726,0.0776728242635726,0.0776728242635726,0.0
2020-11-02,0.0776728242635726,0.0776728242635726,0.0776728242635726,0.0776728242635726,0.0
2020-11-03,0.0754529365221721,0.0776728242635726,0.0754529365221721,0.0776728242635726,227850.0
2020-11-04,0.0719025073490707,0.0776728242635726,0.0710147061887397,0.0776728242635726,49000.0
2020-11-05,0.0776728242635726,0.0776728242635726,0.0776728242635726,0.0776728242635726,0.0
2020-11-06,0.0776728242635726,0.0776728242635726,0.0776728242635726,0.0776728242635726,0.0
2020-11-09,0.0754529354828033,0.0754529354828033,0.0745659098029136,0.0745659098029136,77000.0
2020-11-10,0.0719025060534477,0.0719025060534477,0.0719025060534477,0.0719025060534477,17500.0
2020-11-11,0.0719025060534477,0.0719025060534477,0.0719025060534477,0.0719025060534477,0.0
2020-11-12,0.0736781135201454,0.0736781135201454,0.0736781135201454,0.0736781135201454,43750.0
2020-11-13,0.0736781135201454,0.0736781135201454,0.0736781135201454,0.0736781135201454,0.0
2020-11-16,0.0736781135201454,0.0736781135201454,0.0736781135201454,0.0736781135201454,0.0
2020-11-17,0.0745659129031708,0.0798919387579338,0.0732338204979896,0.0732338204979896,105000.0
2020-11-18,0.0732338204979896,0.0732338204979896,0.0732338204979896,0.0732338204979896,0.0
2020-11-19,0.0776728242635726,0.0776728242635726,0.0776728242635726,0.0776728242635726,29750.0
2020-11-20,0.0776728242635726,0.0776728242635726,0.0776728242635726,0.0776728242635726,0.0
2020-11-23,0.0776728242635726,0.0776728242635726,0.0776728242635726,0.0776728242635726,87500.0
2020-11-24,0.0776728242635726,0.0776728242635726,0.0776728242635726,0.0776728242635726,35000.0
2020-11-25,0.0781163342160887,0.0781163342160887,0.0776728242635726,0.0776728242635726,183750.0
2020-11-26,0.0758972316980362,0.0776728342469176,0.0754529462201932,0.0758972316980362,130025.0
2020-11-27,0.0754529386758804,0.0754529386758804,0.0754529386758804,0.0754529386758804,87500.0
2020-11-30,0.0754529386758804,0.0754529386758804,0.0754529386758804,0.0754529386758804,35000.0
2020-12-01,0.0754529386758804,0.0754529386758804,0.0754529386758804,0.0754529386758804,0.0
2020-12-02,0.0754529386758804,0.0754529386758804,0.0754529386758804,0.0754529386758804,0.0
2020-12-03,0.0754529386758804,0.0754529386758804,0.0754529386758804,0.0754529386758804,0.0
2020-12-04,0.0776728227606435,0.0798919349908828,0.0776728227606435,0.0798919349908828,109375.0
2020-12-07,0.0798919349908828,0.0798919349908828,0.0798919349908828,0.0798919349908828,245000.0
2020-12-08,0.0798919349908828,0.0798919349908828,0.0798919349908828,0.0798919349908828,122500.0
2020-12-09,0.0798919349908828,0.0798919349908828,0.0798919349908828,0.0798919349908828,0.0
2020-12-10,0.0758972241093006,0.0758972241093006,0.0754529386758804,0.0754529386758804,227500.0
2020-12-11,0.0754529386758804,0.0754529386758804,0.0754529386758804,0.0754529386758804,40425.0
2020-12-14,0.0754529386758804,0.0754529386758804,0.0754529386758804,0.0754529386758804,0.0
2020-12-15,0.0763407367447671,0.0767850279808044,0.0754529413151176,0.0767850279808044,216825.0
2020-12-16,0.0767850279808044,0.0767850279808044,0.0767850279808044,0.0767850279808044,0.0
2020-12-17,0.0767850279808044,0.0767850279808044,0.0767850279808044,0.0767850279808044,0.0
2020-12-18,0.0767850279808044,0.0767850279808044,0.0767850279808044,0.0767850279808044,0.0
2020-12-21,0.0767850279808044,0.0767850279808044,0.0767850279808044,0.0767850279808044,0.0
2020-12-22,0.0767850279808044,0.0767850279808044,0.0767850279808044,0.0767850279808044,0.0
2020-12-23,0.0767850279808044,0.0767850279808044,0.0767850279808044,0.0767850279808044,0.0
2020-12-24,0.0798919349908828,0.0798919349908828,0.0798919349908828,0.0798919349908828,175.0
2020-12-28,0.0798919349908828,0.0798919349908828,0.0798919349908828,0.0798919349908828,0.0
2020-12-29,0.0794476437916647,0.0798919349908828,0.0794476437916647,0.0798919349908828,35000.0
2020-12-30,0.0798919397424669,0.0798919397424669,0.0763407349586486,0.0763407349586486,189000.0
2020-12-31,0.0790041385465124,0.0790041385465124,0.0790041385465124,0.0763407349586486,63000.0
2021-01-04,0.0763407349586486,0.0763407349586486,0.0763407349586486,0.0763407349586486,0.0
2021-01-05,0.0763407349586486,0.0763407349586486,0.0763407349586486,0.0763407349586486,0.0
2021-01-06,0.0763407349586486,0.0763407349586486,0.0763407349586486,0.0763407349586486,0.0
2021-01-07,0.0763407301019431,0.079447643462461,0.0763407301019431,0.0772285312414169,12250.0
2021-01-08,0.0772285330557578,0.0790041353764197,0.0772285330557578,0.0776728242635726,178500.0
2021-01-11,0.0776728282625676,0.0794476494193077,0.0776728282625676,0.0794476494193077,98000.0
2021-01-12,0.0794476494193077,0.0794476494193077,0.0794476494193077,0.0794476494193077,0.0
2021-01-13,0.0794476385229843,0.0798919296927386,0.0781163275241851,0.0781163275241851,196000.0
2021-01-14,0.0781163275241851,0.0781163275241851,0.0781163275241851,0.0781163275241851,61075.0
2021-01-15,0.0781163327045779,0.0798919349908828,0.0781163327045779,0.0798919349908828,102375.0
2021-01-18,0.0794476437916647,0.0798919349908828,0.0794476437916647,0.0798919349908828,175000.0
2021-01-19,0.0798919349908828,0.0798919349908828,0.0798919349908828,0.0798919349908828,227500.0
2021-01-20,0.0776728242635726,0.0776728242635726,0.0776728242635726,0.0776728242635726,31500.0
2021-01-21,0.0776728242635726,0.0776728242635726,0.0776728242635726,0.0776728242635726,17500.0
2021-01-22,0.0785598483389349,0.0821110531687736,0.0785598483389349,0.0821110531687736,10675.0
2021-01-25,0.0798919406499969,0.0798919406499969,0.0794476494193077,0.0794476494193077,122500.0
2021-01-26,0.0785598382353782,0.0785598382353782,0.0785598382353782,0.0785598382353782,52500.0
2021-01-27,0.0785598382353782,0.0785598382353782,0.0785598382353782,0.0785598382353782,52500.0
2021-01-28,0.0781163275241851,0.0781163275241851,0.0781163275241851,0.0781163275241851,163275.0
2021-01-29,0.0781163275241851,0.0781163275241851,0.0781163275241851,0.0781163275241851,0.0
2021-02-01,0.0798919301839161,0.0821110422806351,0.0798919301839161,0.0807797312736511,533925.0
2021-02-02,0.0798919349908828,0.0798919349908828,0.0798919349908828,0.0798919349908828,52500.0
2021-02-03,0.0798919305029179,0.0798919305029179,0.0785598382353782,0.0785598382353782,548625.0
2021-02-04,0.0785598382353782,0.0785598382353782,0.0785598382353782,0.0785598382353782,0.0
2021-02-05,0.0785598426485123,0.0798919349908828,0.0781163327045779,0.0798919349908828,21875.0
2021-02-08,0.0785598382353782,0.0785598382353782,0.0785598382353782,0.0785598382353782,52500.0
2021-02-09,0.0785598382353782,0.0785598382353782,0.0785598382353782,0.0785598382353782,87500.0
2021-02-10,0.0785598382353782,0.0785598382353782,0.0785598382353782,0.0785598382353782,52500.0
2021-02-11,0.0785598382353782,0.0785598382353782,0.0785598382353782,0.0785598382353782,17500.0
2021-02-15,0.0798919349908828,0.0798919349908828,0.0798919349908828,0.0798919349908828,71575.0
2021-02-16,0.0798919349908828,0.0798919349908828,0.0798919349908828,0.0798919349908828,0.0
2021-02-17,0.0798919349908828,0.0798919349908828,0.0798919349908828,0.0798919349908828,0.0
2021-02-18,0.0798919349908828,0.0798919349908828,0.0798919349908828,0.0798919349908828,105000.0
2021-02-19,0.0798919296927386,0.0798919296927386,0.0781163275241851,0.0781163275241851,105000.0
2021-02-22,0.0781163275241851,0.0781163275241851,0.0781163275241851,0.0781163275241851,0.0
2021-02-23,0.0790041387081146,0.0790041387081146,0.0790041387081146,0.0790041387081146,70000.0
2021-02-24,0.0785598426485123,0.0798919349908828,0.0785598426485123,0.0798919349908828,54950.0
2021-02-25,0.0798919349908828,0.0798919349908828,0.0798919349908828,0.0798919349908828,1050.0
2021-02-26,0.0798919349908828,0.0798919349908828,0.0798919349908828,0.0798919349908828,8925.0
2021-03-01,0.0821110531687736,0.0821110531687736,0.0821110531687736,0.0821110531687736,87500.0
2021-03-02,0.0803354449348172,0.0803354449348172,0.0798919349908828,0.0798919349908828,183750.0
2021-03-03,0.0798919349908828,0.0798919349908828,0.0798919349908828,0.0798919349908828,35000.0
2021-03-04,0.0798919349908828,0.0798919349908828,0.0798919349908828,0.0798919349908828,0.0
2021-03-05,0.0821110531687736,0.0821110531687736,0.0821110531687736,0.0821110531687736,8750.0
2021-03-08,0.0821110531687736,0.0821110531687736,0.0821110531687736,0.0821110531687736,0.0
2021-03-09,0.0821110480053391,0.0843301602567725,0.0798919357539057,0.0803354457020759,983850.0
2021-03-10,0.0803354457020759,0.0803354457020759,0.0803354457020759,0.0803354457020759,0.0
2021-03-11,0.0798919357539057,0.0803354457020759,0.0798919357539057,0.0803354457020759,52850.0
2021-03-12,0.0803354457020759,0.0803354457020759,0.0803354457020759,0.0803354457020759,119000.0
2021-03-15,0.0803354457020759,0.0803354457020759,0.0803354457020759,0.0803354457020759,0.0
2021-03-16,0.0803354457020759,0.0803354457020759,0.0803354457020759,0.0803354457020759,0.0
2021-03-17,0.0803354457020759,0.0803354457020759,0.0803354457020759,0.0803354457020759,0.0
2021-03-18,0.0803354457020759,0.0803354457020759,0.0803354457020759,0.0803354457020759,0.0
2021-03-19,0.0803354457020759,0.0803354457020759,0.0803354457020759,0.0803354457020759,0.0
2021-03-22,0.0798919349908828,0.0798919349908828,0.0798919349908828,0.0798919349908828,21000.0
2021-03-23,0.0798919349908828,0.0798919349908828,0.0798919349908828,0.0798919349908828,0.0
2021-03-24,0.0798919349908828,0.0798919349908828,0.0798919349908828,0.0798919349908828,0.0
2021-03-25,0.0798919349908828,0.0798919349908828,0.0798919349908828,0.0798919349908828,0.0
2021-03-26,0.0798919349908828,0.0798919349908828,0.0798919349908828,0.0798919349908828,75250.0
2021-03-29,0.0803354457020759,0.0803354457020759,0.0803354457020759,0.0803354457020759,175000.0
2021-03-30,0.0803354457020759,0.0803354457020759,0.0803354457020759,0.0803354457020759,0.0
2021-03-31,0.0803354457020759,0.0803354457020759,0.0803354457020759,0.0803354457020759,175.0
2021-04-01,0.0803354457020759,0.0803354457020759,0.0803354457020759,0.0803354457020759,0.0
2021-04-05,0.0803354457020759,0.0803354457020759,0.0803354457020759,0.0803354457020759,0.0
2021-04-06,0.0807797419852542,0.0821110531687736,0.0807797419852542,0.0821110531687736,100625.0
2021-04-07,0.0834423604154813,0.0865492738673358,0.0803354469636267,0.0861057639122009,215600.0
2021-04-08,0.0887683861536171,0.0887683861536171,0.0843301615810545,0.0861057639122009,98350.0
2021-04-09,0.0816667619373736,0.0887683903417108,0.0816667619373736,0.0821110531687736,110950.0
2021-04-12,0.0821110531687736,0.0821110531687736,0.0821110531687736,0.0821110531687736,33250.0
2021-04-13,0.082111046489404,0.0869935621055911,0.082111046489404,0.0825545564293861,381675.0
2021-04-14,0.0825545564293861,0.0878805819855553,0.0825545564293861,0.0825545564293861,192500.0
2021-04-15,0.0878805899029787,0.0909875035285949,0.0878805899029787,0.0909875035285949,350000.0
2021-04-16,0.0865492762432841,0.0887683885904844,0.0843301638960838,0.0843301638960838,94500.0
2021-04-19,0.0847736746072769,0.0847736746072769,0.0847736746072769,0.0847736746072769,49000.0
2021-04-20,0.0847736746072769,0.0847736746072769,0.0847736746072769,0.0847736746072769,0.0
2021-04-21,0.0847736746072769,0.0847736746072769,0.0847736746072769,0.0847736746072769,0.0
2021-04-22,0.0847736746072769,0.0847736746072769,0.0847736746072769,0.0847736746072769,0.0
2021-04-23,0.0861057703604707,0.0932073931745014,0.0861057703604707,0.0887683928012847,176750.0
2021-04-26,0.0932073950323706,0.0932073950323706,0.0865492820739746,0.0865492820739746,13300.0
2021-04-27,0.0865492820739746,0.0865492820739746,0.0865492820739746,0.0865492820739746,0.0
2021-04-28,0.0856614758050124,0.0856614758050124,0.0847736746072769,0.0847736746072769,218750.0
2021-04-29,0.0852179676294326,0.0852179676294326,0.0852179676294326,0.0852179676294326,8750.0
2021-04-30,0.0874370783567428,0.0874370783567428,0.0874370783567428,0.0874370783567428,175.0
2021-05-03,0.0874370783567428,0.0874370783567428,0.0874370783567428,0.0874370783567428,0.0
2021-05-04,0.0874370783567428,0.0874370783567428,0.0874370783567428,0.0874370783567428,0.0
2021-05-05,0.0852179650860289,0.0852179650860289,0.0843301638960838,0.0843301638960838,24150.0
2021-05-06,0.0875559242324117,0.0875559242324117,0.0852519273757934,0.0852519273757934,213500.0
2021-05-07,0.0852519273757934,0.0852519273757934,0.0852519273757934,0.0852519273757934,0.0
2021-05-10,0.0852519273757934,0.0852519273757934,0.0852519273757934,0.0852519273757934,0.0
2021-05-11,0.0852519273757934,0.0852519273757934,0.0852519273757934,0.0852519273757934,0.0
2021-05-12,0.0852519273757934,0.0852519273757934,0.0852519273757934,0.0852519273757934,0.0
2021-05-14,0.0834084004163742,0.0834084004163742,0.0834084004163742,0.0834084004163742,131250.0
2021-05-17,0.0834084004163742,0.0834084004163742,0.0834084004163742,0.0834084004163742,82250.0
2021-05-18,0.0834084004163742,0.0834084004163742,0.0834084004163742,0.0834084004163742,0.0
2021-05-19,0.0834084004163742,0.0834084004163742,0.0834084004163742,0.0834084004163742,0.0
2021-05-20,0.0834084004163742,0.0834084004163742,0.0834084004163742,0.0834084004163742,0.0
2021-05-21,0.0834084004163742,0.0834084004163742,0.0834084004163742,0.0834084004163742,0.0
2021-05-24,0.0834084004163742,0.0834084004163742,0.0834084004163742,0.0834084004163742,0.0
2021-05-25,0.084330159830137,0.087555917405807,0.084330159830137,0.0857123956084251,43050.0
2021-05-27,0.0852519322878733,0.0870954543352127,0.0852519322878733,0.0870954543352127,181125.0
2021-05-28,0.0870954543352127,0.0870954543352127,0.0870954543352127,0.0870954543352127,0.0
2021-05-31,0.0870954543352127,0.0870954543352127,0.0870954543352127,0.0870954543352127,0.0
2021-06-01,0.0870954543352127,0.0870954543352127,0.0870954543352127,0.0870954543352127,0.0
2021-06-02,0.0857124072299048,0.0870954543352127,0.0857124072299048,0.0870954543352127,51975.0
2021-06-03,0.0870954543352127,0.0870954543352127,0.0870954543352127,0.0870954543352127,0.0
2021-06-04,0.087555917405807,0.087555917405807,0.0857123956084251,0.0857123956084251,210000.0
2021-06-07,0.0857123956084251,0.0857123956084251,0.0857123956084251,0.0857123956084251,0.0
2021-06-08,0.0857123956084251,0.0857123956084251,0.0857123956084251,0.0857123956084251,0.0
2021-06-09,0.0857124062225121,0.0898599252104759,0.0857124062225121,0.0898599252104759,18550.0
2021-06-10,0.0898599252104759,0.0898599252104759,0.0898599252104759,0.0898599252104759,0.0
2021-06-11,0.0898599252104759,0.0898599252104759,0.0898599252104759,0.0898599252104759,0.0
2021-06-14,0.0857123956084251,0.0857123956084251,0.0857123956084251,0.0857123956084251,43750.0
2021-06-15,0.0857123956084251,0.0857123956084251,0.0857123956084251,0.0857123956084251,0.0
2021-06-16,0.0857124062225121,0.0898599252104759,0.0857124062225121,0.0898599252104759,35175.0
2021-06-17,0.0898599252104759,0.0898599252104759,0.0898599252104759,0.0898599252104759,0.0
2021-06-18,0.0898599252104759,0.0898599252104759,0.0898599252104759,0.0898599252104759,0.0
2021-06-21,0.0898599193806602,0.0898599193806602,0.087095447661099,0.0875559225678443,156625.0
2021-06-22,0.0875559267818091,0.0893994487766062,0.086173690855503,0.086173690855503,56000.0
2021-06-23,0.086173690855503,0.086173690855503,0.086173690855503,0.086173690855503,26250.0
2021-06-24,0.086173690855503,0.086173690855503,0.086173690855503,0.086173690855503,0.0
2021-06-25,0.086173690855503,0.086173690855503,0.086173690855503,0.086173690855503,0.0
2021-06-28,0.086173690855503,0.086173690855503,0.086173690855503,0.086173690855503,0.0
2021-06-29,0.0861736883463527,0.0861736883463527,0.0852519273757934,0.0852519273757934,114100.0
2021-06-30,0.086173690855503,0.086173690855503,0.086173690855503,0.086173690855503,7700.0
2021-07-01,0.0866341516375541,0.0866341516375541,0.0866341516375541,0.0866341516375541,98000.0
2021-07-02,0.0875559225678443,0.0884776835208796,0.0875559225678443,0.0875559225678443,285425.0
2021-07-05,0.0875559225678443,0.0875559225678443,0.0875559225678443,0.0875559225678443,785225.0
2021-07-06,0.0880163999880911,0.088477686047554,0.0880163999880911,0.088477686047554,370125.0
2021-07-07,0.0880163974745897,0.0880163974745897,0.0875559225678443,0.0875559225678443,69825.0
2021-07-08,0.0875559225678443,0.0875559225678443,0.0875559225678443,0.0875559225678443,556500.0
2021-07-09,0.0875559225678443,0.0875559225678443,0.0875559225678443,0.0875559225678443,0.0
2021-07-12,0.0875559225678443,0.0875559225678443,0.0875559225678443,0.0875559225678443,168175.0
2021-07-13,0.0875559225678443,0.0875559225678443,0.0875559225678443,0.0875559225678443,87500.0
2021-07-14,0.0875559225678443,0.0875559225678443,0.0875559225678443,0.0875559225678443,129500.0
2021-07-15,0.089399442076683,0.089399442076683,0.089399442076683,0.089399442076683,52500.0
2021-07-16,0.089399442076683,0.089399442076683,0.089399442076683,0.089399442076683,35000.0
2021-07-19,0.0893994413296152,0.101380711018587,0.0893994413296152,0.0921639129519462,2943850.0
2021-07-21,0.0912421569228172,0.0912421569228172,0.0912421569228172,0.0912421569228172,52500.0
2021-07-22,0.0912421478446536,0.0912421478446536,0.0884776763491713,0.090321198105812,106050.0
2021-07-23,0.0907816734498957,0.0907816734498957,0.0870954410568191,0.088016390800476,460775.0
2021-07-26,0.0880163974745897,0.0880163974745897,0.0875559225678443,0.0875559225678443,92575.0
2021-07-27,0.0898599120969125,0.090321198105812,0.0898599120969125,0.090321198105812,35000.0
2021-07-28,0.090321198105812,0.090321198105812,0.090321198105812,0.090321198105812,0.0
2021-07-29,0.0884776868069189,0.0889381617307663,0.088016400743497,0.0889381617307663,19600.0
2021-07-30,0.0884776835208796,0.0921639161934761,0.0875559225678443,0.0875559225678443,180250.0
2021-08-02,0.0875559225678443,0.0875559225678443,0.0875559225678443,0.0875559225678443,31500.0
2021-08-03,0.0875559225678443,0.0875559225678443,0.0875559225678443,0.0875559225678443,28700.0
2021-08-04,0.0875559159286476,0.088016390800476,0.0875559159286476,0.088016390800476,62650.0
2021-08-05,0.0898599219468074,0.0898599219468074,0.088477686047554,0.088477686047554,105000.0
2021-08-06,0.0884776811483646,0.089399442076683,0.0884776811483646,0.089399442076683,39900.0
2021-08-10,0.089399442076683,0.089399442076683,0.089399442076683,0.089399442076683,0.0
2021-08-11,0.089399442076683,0.089399442076683,0.089399442076683,0.089399442076683,0.0
2021-08-12,0.089399442076683,0.089399442076683,0.089399442076683,0.089399442076683,0.0
2021-08-13,0.089399442076683,0.089399442076683,0.089399442076683,0.089399442076683,0.0
2021-08-16,0.0875559225678443,0.0875559225678443,0.0875559225678443,0.0875559225678443,99050.0
2021-08-17,0.0875559282481843,0.0898599252104759,0.0875559282481843,0.0898599252104759,35175.0
2021-08-18,0.0898599252104759,0.0898599252104759,0.0898599252104759,0.0898599252104759,0.0
2021-08-19,0.088938158427625,0.088938158427625,0.0875559225678443,0.0875559225678443,87500.0
2021-08-20,0.0875559225678443,0.0875559225678443,0.0875559225678443,0.0875559225678443,0.0
2021-08-23,0.0875559225678443,0.0875559225678443,0.0875559225678443,0.0875559225678443,183750.0
2021-08-24,0.0875559225678443,0.0875559225678443,0.0875559225678443,0.0875559225678443,131250.0
2021-08-25,0.0875559225678443,0.0875559225678443,0.0875559225678443,0.0875559225678443,65625.0
2021-08-26,0.0875559225678443,0.0875559225678443,0.0875559225678443,0.0875559225678443,0.0
2021-08-27,0.0875559225678443,0.0875559225678443,0.0875559225678443,0.0875559225678443,0.0
2021-08-30,0.0875559225678443,0.0875559225678443,0.0875559225678443,0.0875559225678443,0.0
2021-08-31,0.0898599252104759,0.0944679191350591,0.0898599252104759,0.0898599252104759,491400.0
2021-09-01,0.0875559225678443,0.0875559225678443,0.0875559225678443,0.0875559225678443,17850.0
2021-09-02,0.0875559225678443,0.0875559225678443,0.0875559225678443,0.0875559225678443,17500.0
2021-09-03,0.0870954543352127,0.0875559292772442,0.0870954543352127,0.0870954543352127,132825.0
2021-09-06,0.087095447661099,0.0875559225678443,0.087095447661099,0.0875559225678443,43750.0
2021-09-07,0.0870954543352127,0.0870954543352127,0.0870954543352127,0.0870954543352127,82250.0
2021-09-08,0.0870954543352127,0.0870954543352127,0.0870954543352127,0.0870954543352127,0.0
2021-09-09,0.0866341632618524,0.0866341632618524,0.0852519273757934,0.0852519273757934,70000.0
2021-09-10,0.0852519273757934,0.0852519273757934,0.0852519273757934,0.0852519273757934,0.0
2021-09-13,0.0852519273757934,0.0852519273757934,0.0852519273757934,0.0852519273757934,0.0
2021-09-14,0.0866341657844105,0.0866341657844105,0.086173690855503,0.086173690855503,367500.0
2021-09-15,0.085712404787012,0.086173690855503,0.085712404787012,0.086173690855503,21000.0
2021-09-16,0.0875559124844344,0.0912421447325046,0.0866341516375541,0.0866341516375541,487725.0
2021-09-17,0.0866341657844105,0.0866341657844105,0.086173690855503,0.086173690855503,63000.0
2021-09-20,0.086173690855503,0.086173690855503,0.086173690855503,0.086173690855503,0.0
2021-09-21,0.086173690855503,0.086173690855503,0.086173690855503,0.086173690855503,0.0
2021-09-22,0.0852519222465765,0.0852519222465765,0.0834084004163742,0.0834084004163742,153475.0
2021-09-23,0.0852519273757934,0.0852519273757934,0.0852519273757934,0.0852519273757934,52500.0
2021-09-24,0.0838696807622909,0.0838696807622909,0.0838696807622909,0.0838696807622909,5250.0
2021-09-27,0.0838696807622909,0.0838696807622909,0.0838696807622909,0.0838696807622909,0.0
2021-09-28,0.0838696807622909,0.0838696807622909,0.0838696807622909,0.0838696807622909,56000.0
2021-09-29,0.0838696807622909,0.0838696807622909,0.0838696807622909,0.0838696807622909,0.0
2021-09-30,0.0838696807622909,0.0838696807622909,0.0838696807622909,0.0838696807622909,0.0
2021-10-01,0.0838696807622909,0.0838696807622909,0.0838696807622909,0.0838696807622909,0.0
2021-10-04,0.0838696807622909,0.0838696807622909,0.0838696807622909,0.0838696807622909,0.0
2021-10-05,0.0838696807622909,0.0838696807622909,0.0838696807622909,0.0838696807622909,0.0
2021-10-06,0.0838696807622909,0.0838696807622909,0.0838696807622909,0.0838696807622909,0.0
2021-10-07,0.0838696807622909,0.0838696807622909,0.0838696807622909,0.0838696807622909,0.0
2021-10-08,0.0870954543352127,0.0870954543352127,0.0870954543352127,0.0870954543352127,10500.0
2021-10-11,0.0843301564455032,0.0843301564455032,0.0843301564455032,0.0843301564455032,10500.0
2021-10-12,0.0843301564455032,0.0843301564455032,0.0843301564455032,0.0843301564455032,0.0
2021-10-13,0.0870954543352127,0.0870954543352127,0.0870954543352127,0.0870954543352127,77000.0
2021-10-14,0.0852519273757934,0.0852519273757934,0.0852519273757934,0.0852519273757934,88025.0
2021-10-15,0.0852519273757934,0.0852519273757934,0.0852519273757934,0.0852519273757934,0.0
2021-10-18,0.0861736865765098,0.0866341614825522,0.0847906395792961,0.0847906395792961,30100.0
2021-10-19,0.0847906395792961,0.0847906395792961,0.0847906395792961,0.0847906395792961,0.0
2021-10-20,0.0875559225678443,0.0875559225678443,0.0875559225678443,0.0875559225678443,44625.0
2021-10-21,0.0875559225678443,0.0875559225678443,0.0875559225678443,0.0875559225678443,87500.0
2021-10-22,0.0870954543352127,0.0903212123482532,0.0870954543352127,0.0870954543352127,195300.0
2021-10-25,0.0870954543352127,0.0870954543352127,0.0870954543352127,0.0870954543352127,0.0
2021-10-26,0.0866341616148091,0.0875559225678443,0.0857124006617738,0.0875559225678443,93625.0
2021-10-27,0.0852519273757934,0.0852519273757934,0.0852519273757934,0.0852519273757934,52500.0
2021-10-28,0.0870954492670158,0.0912421569228172,0.0870954492670158,0.0912421569228172,96250.0
2021-10-29,0.086173690855503,0.086173690855503,0.086173690855503,0.086173690855503,47250.0
2021-11-01,0.086173690855503,0.086173690855503,0.086173690855503,0.086173690855503,0.0
2021-11-02,0.0875559258196497,0.0889381617307663,0.0875559258196497,0.0889381617307663,122500.0
2021-11-03,0.0889381617307663,0.0889381617307663,0.0889381617307663,0.0889381617307663,0.0
2021-11-05,0.0875559225678443,0.0875559225678443,0.0875559225678443,0.0875559225678443,27475.0
2021-11-08,0.0875559242324117,0.0875559242324117,0.0852519273757934,0.0852519273757934,21000.0
2021-11-09,0.088016390800476,0.0884776768117875,0.0875559159286476,0.088016390800476,390600.0
2021-11-10,0.088016390800476,0.088016390800476,0.088016390800476,0.088016390800476,0.0
2021-11-11,0.0866341516375541,0.0866341516375541,0.0866341516375541,0.0866341516375541,700.0
2021-11-12,0.0861736816275189,0.0861736816275189,0.0857123956084251,0.0857123956084251,96250.0
2021-11-15,0.0912421569228172,0.0912421569228172,0.0912421569228172,0.0912421569228172,121100.0
2021-11-16,0.0875559225678443,0.0875559225678443,0.0875559225678443,0.0875559225678443,1750.0
2021-11-17,0.0875559159286476,0.088016390800476,0.0875559159286476,0.088016390800476,92225.0
2021-11-18,0.088016390800476,0.088016390800476,0.088016390800476,0.088016390800476,0.0
2021-11-19,0.088016390800476,0.088016390800476,0.088016390800476,0.088016390800476,8750.0
2021-11-22,0.0903211989154757,0.0907816737890243,0.0903211989154757,0.0907816737890243,143500.0
2021-11-23,0.0907816737890243,0.0907816737890243,0.0907816737890243,0.0907816737890243,189000.0
2021-11-24,0.0875559225678443,0.0875559225678443,0.0875559225678443,0.0875559225678443,8750.0
2021-11-25,0.0875559225678443,0.0875559225678443,0.0875559225678443,0.0875559225678443,0.0
2021-11-26,0.0861736767838395,0.0866341516375541,0.0861736767838395,0.0866341516375541,12425.0
2021-11-29,0.0866341516375541,0.0866341516375541,0.0866341516375541,0.0866341516375541,0.0
2021-11-30,0.0866341516375541,0.0866341516375541,0.0866341516375541,0.0866341516375541,17500.0
2021-12-01,0.0866341516375541,0.0866341516375541,0.0866341516375541,0.0866341516375541,0.0
2021-12-02,0.0866341516375541,0.0866341516375541,0.0866341516375541,0.0866341516375541,0.0
2021-12-03,0.0875559282481843,0.0898599252104759,0.0875559282481843,0.0898599252104759,18375.0
2021-12-06,0.0898599252104759,0.0898599252104759,0.0898599252104759,0.0898599252104759,0.0
2021-12-07,0.0898599252104759,0.0898599252104759,0.0898599252104759,0.0898599252104759,0.0
2021-12-08,0.0898599252104759,0.0898599252104759,0.0898599252104759,0.0898599252104759,0.0
2021-12-09,0.0898599252104759,0.0898599252104759,0.0898599252104759,0.0898599252104759,0.0
2021-12-10,0.0898599252104759,0.0898599252104759,0.0898599252104759,0.0898599252104759,0.0
2021-12-13,0.0898599252104759,0.0898599252104759,0.0898599252104759,0.0898599252104759,0.0
2021-12-14,0.0898599252104759,0.0898599252104759,0.0898599252104759,0.0898599252104759,0.0
2021-12-15,0.0898599252104759,0.0898599252104759,0.0898599252104759,0.0898599252104759,0.0
2021-12-16,0.0898599252104759,0.0898599252104759,0.0898599252104759,0.0898599252104759,0.0
2021-12-17,0.0898599252104759,0.0898599252104759,0.0898599252104759,0.0898599252104759,0.0
2021-12-20,0.0898599252104759,0.0898599252104759,0.0898599252104759,0.0898599252104759,0.0
2021-12-21,0.0898599252104759,0.0898599252104759,0.0898599252104759,0.0898599252104759,0.0
2021-12-22,0.0898599252104759,0.0898599252104759,0.0898599252104759,0.0898599252104759,0.0
2021-12-23,0.0898599252104759,0.0898599252104759,0.0898599252104759,0.0898599252104759,0.0
2021-12-24,0.0898599252104759,0.0898599252104759,0.0898599252104759,0.0898599252104759,0.0
2021-12-27,0.0898599252104759,0.0898599252104759,0.0898599252104759,0.0898599252104759,0.0
2021-12-28,0.0898599252104759,0.0898599252104759,0.0898599252104759,0.0898599252104759,0.0
2021-12-29,0.0898599252104759,0.0898599252104759,0.0898599252104759,0.0898599252104759,0.0
2021-12-30,0.0898599252104759,0.0898599252104759,0.0898599252104759,0.0898599252104759,0.0
2021-12-31,0.0898599252104759,0.0898599252104759,0.0898599252104759,0.0898599252104759,0.0
2022-01-03,0.089859912902441,0.0912421486625729,0.089859912902441,0.0907816737890243,590450.0
2022-01-04,0.0907816737890243,0.0907816737890243,0.0907816737890243,0.0907816737890243,0.0
2022-01-05,0.0907816737890243,0.0907816737890243,0.0907816737890243,0.0907816737890243,0.0
2022-01-06,0.0907816737890243,0.0907816737890243,0.0907816737890243,0.0907816737890243,0.0
2022-01-07,0.0907816737890243,0.0907816737890243,0.0907816737890243,0.0907816737890243,0.0
2022-01-10,0.0907816737890243,0.0907816737890243,0.0907816737890243,0.0907816737890243,0.0
2022-01-11,0.0907816737890243,0.0907816737890243,0.0907816737890243,0.0907816737890243,0.0
2022-01-12,0.088016390800476,0.088016390800476,0.088016390800476,0.088016390800476,47250.0
2022-01-13,0.088016390800476,0.088016390800476,0.088016390800476,0.088016390800476,0.0
2022-01-14,0.088016390800476,0.088016390800476,0.088016390800476,0.088016390800476,0.0
2022-01-17,0.088016390800476,0.088016390800476,0.088016390800476,0.088016390800476,0.0
2022-01-18,0.088016390800476,0.088016390800476,0.088016390800476,0.088016390800476,17500.0
2022-01-19,0.088016390800476,0.088016390800476,0.088016390800476,0.088016390800476,0.0
2022-01-20,0.088016390800476,0.088016390800476,0.088016390800476,0.088016390800476,0.0
2022-01-21,0.088016390800476,0.088016390800476,0.088016390800476,0.088016390800476,0.0
2022-01-24,0.0884776868069189,0.0889381617307663,0.0884776868069189,0.0889381617307663,70175.0
2022-01-25,0.0889381617307663,0.0889381617307663,0.0884776868069189,0.0889381617307663,109375.0
2022-01-26,0.0889381617307663,0.0889381617307663,0.0889381617307663,0.0889381617307663,0.0
2022-01-27,0.0889381617307663,0.0889381617307663,0.0889381617307663,0.0889381617307663,0.0
2022-01-28,0.088016390800476,0.088016390800476,0.088016390800476,0.088016390800476,52500.0
2022-01-31,0.088016390800476,0.088016390800476,0.088016390800476,0.088016390800476,0.0
2022-02-03,0.0875559225678443,0.0875559225678443,0.0875559225678443,0.0875559225678443,62650.0
2022-02-04,0.0898599252104759,0.0898599252104759,0.0898599252104759,0.0898599252104759,126175.0
2022-02-07,0.0898599252104759,0.0898599252104759,0.0898599252104759,0.0898599252104759,52500.0
2022-02-08,0.0898599252104759,0.0898599252104759,0.0898599252104759,0.0898599252104759,0.0
2022-02-09,0.0898599252104759,0.0898599252104759,0.0898599252104759,0.0898599252104759,0.0
2022-02-10,0.0898599252104759,0.0898599252104759,0.0898599252104759,0.0898599252104759,0.0
2022-02-11,0.0898599252104759,0.0898599252104759,0.0898599252104759,0.0898599252104759,0.0
2022-02-14,0.0898599252104759,0.0898599252104759,0.0898599252104759,0.0898599252104759,0.0
2022-02-15,0.0898599252104759,0.0898599252104759,0.0898599252104759,0.0898599252104759,0.0
2022-02-16,0.0898599252104759,0.0898599252104759,0.0898599252104759,0.0898599252104759,17500.0
2022-02-17,0.088477686047554,0.088477686047554,0.088477686047554,0.088477686047554,1750.0
2022-02-18,0.0875559225678443,0.0875559225678443,0.0875559225678443,0.0875559225678443,58625.0
2022-02-21,0.0875559225678443,0.0875559225678443,0.0875559225678443,0.0875559225678443,5250.0
2022-02-22,0.0880163999880911,0.088477686047554,0.0880163999880911,0.088477686047554,35000.0
2022-02-23,0.088477686047554,0.088477686047554,0.088477686047554,0.088477686047554,0.0
2022-02-24,0.088477686047554,0.088477686047554,0.088477686047554,0.088477686047554,0.0
2022-02-25,0.088477686047554,0.088477686047554,0.088477686047554,0.088477686047554,17500.0
2022-02-28,0.088477686047554,0.088477686047554,0.088477686047554,0.088477686047554,0.0
2022-03-01,0.0921639179456482,0.0921639179456482,0.0852519273757934,0.0852519273757934,217525.0
2022-03-02,0.0852519273757934,0.0852519273757934,0.0852519273757934,0.0852519273757934,0.0
2022-03-03,0.0852519273757934,0.0852519273757934,0.0852519273757934,0.0852519273757934,0.0
2022-03-04,0.0875559225678443,0.0875559225678443,0.0875559225678443,0.0875559225678443,27650.0
2022-03-07,0.0875559225678443,0.0875559225678443,0.0875559225678443,0.0875559225678443,0.0
2022-03-08,0.0875559225678443,0.0875559225678443,0.0875559225678443,0.0875559225678443,0.0
2022-03-09,0.0875559225678443,0.0875559225678443,0.0875559225678443,0.0875559225678443,0.0
2022-03-10,0.0875559225678443,0.0875559225678443,0.0875559225678443,0.0875559225678443,0.0
2022-03-11,0.0875559225678443,0.0875559225678443,0.0875559225678443,0.0875559225678443,70000.0
2022-03-14,0.0875559225678443,0.0875559225678443,0.0875559225678443,0.0875559225678443,0.0
2022-03-15,0.0875559225678443,0.0875559225678443,0.0875559225678443,0.0875559225678443,0.0
2022-03-16,0.0870954543352127,0.0870954543352127,0.0870954543352127,0.0870954543352127,92750.0
2022-03-17,0.0898599210375501,0.0912421569228172,0.0898599210375501,0.0912421569228172,113400.0
2022-03-18,0.0912421569228172,0.0912421569228172,0.0912421569228172,0.0912421569228172,0.0
2022-03-21,0.0912421569228172,0.0912421569228172,0.0912421569228172,0.0912421569228172,0.0
2022-03-22,0.0912421569228172,0.0912421569228172,0.0912421569228172,0.0912421569228172,0.0
2022-03-23,0.0912421569228172,0.0912421569228172,0.0912421569228172,0.0912421569228172,0.0
2022-03-24,0.0912421569228172,0.0912421569228172,0.0912421569228172,0.0912421569228172,0.0
2022-03-25,0.0912421569228172,0.0912421569228172,0.0912421569228172,0.0912421569228172,0.0
2022-03-28,0.0912421569228172,0.0912421569228172,0.0912421569228172,0.0912421569228172,0.0
2022-03-29,0.0912421569228172,0.0912421569228172,0.0912421569228172,0.0912421569228172,0.0
2022-03-30,0.0912421569228172,0.0912421569228172,0.0912421569228172,0.0912421569228172,0.0
2022-03-31,0.0912421569228172,0.0912421569228172,0.0912421569228172,0.0912421569228172,0.0
2022-04-01,0.0875559292772442,0.0880164042192757,0.0870954543352127,0.0870954543352127,57750.0
2022-04-04,0.0870954543352127,0.0870954543352127,0.0870954543352127,0.0870954543352127,0.0
2022-04-05,0.0870954543352127,0.0870954543352127,0.0870954543352127,0.0870954543352127,0.0
2022-04-06,0.0870954543352127,0.0870954543352127,0.0870954543352127,0.0870954543352127,0.0
2022-04-07,0.0870954543352127,0.0870954543352127,0.0870954543352127,0.0870954543352127,0.0
2022-04-08,0.0870954543352127,0.0870954543352127,0.0870954543352127,0.0870954543352127,0.0
2022-04-11,0.0870954492670158,0.0912421569228172,0.0870954492670158,0.0912421569228172,26425.0
2022-04-12,0.0912421569228172,0.0912421569228172,0.0912421569228172,0.0912421569228172,0.0
2022-04-13,0.0912421569228172,0.0912421569228172,0.0912421569228172,0.0912421569228172,0.0
2022-04-14,0.0912421569228172,0.0912421569228172,0.0912421569228172,0.0912421569228172,0.0
2022-04-18,0.0912421569228172,0.0912421569228172,0.0912421569228172,0.0912421569228172,0.0
2022-04-19,0.0912421569228172,0.0912421569228172,0.0912421569228172,0.0912421569228172,0.0
2022-04-20,0.0912421569750889,0.0912421569750889,0.0852519273757934,0.0852519273757934,43750.0
2022-04-21,0.0857124022912931,0.0857124022912931,0.0852519273757934,0.0852519273757934,13125.0
2022-04-22,0.0852519273757934,0.0852519273757934,0.0852519273757934,0.0852519273757934,0.0
2022-04-25,0.0852519273757934,0.0852519273757934,0.0852519273757934,0.0852519273757934,0.0
2022-04-26,0.0852519273757934,0.0852519273757934,0.0852519273757934,0.0852519273757934,0.0
2022-04-27,0.0875559225678443,0.0875559225678443,0.0875559225678443,0.0875559225678443,106050.0
2022-04-28,0.0875559225678443,0.0875559225678443,0.0875559225678443,0.0875559225678443,49700.0
2022-04-29,0.0875559225678443,0.0875559225678443,0.0875559225678443,0.0875559225678443,0.0
2022-05-04,0.0866341565071161,0.0912421498610742,0.0852519207288279,0.0857123956084251,115325.0
2022-05-05,0.0890643075108528,0.0890643075108528,0.0890643075108528,0.0890643075108528,0.0
2022-05-06,0.0890643075108528,0.0890643075108528,0.0890643075108528,0.0890643075108528,0.0
2022-05-09,0.0890643075108528,0.0890643075108528,0.0890643075108528,0.0890643075108528,0.0
2022-05-10,0.0890643075108528,0.0890643075108528,0.0890643075108528,0.0890643075108528,0.0
2022-05-11,0.0890643075108528,0.0890643075108528,0.0890643075108528,0.0890643075108528,0.0
2022-05-12,0.0885858214850353,0.0885858214850353,0.0833183005452156,0.0833183005452156,36925.0
2022-05-13,0.0833183005452156,0.0833183005452156,0.0833183005452156,0.0833183005452156,0.0
2022-05-17,0.0833183005452156,0.0833183005452156,0.0833183005452156,0.0833183005452156,35000.0
2022-05-18,0.0833183005452156,0.0833183005452156,0.0833183005452156,0.0833183005452156,0.0
2022-05-19,0.0857124005891906,0.0885858237743377,0.0857124005891906,0.0885858237743377,36750.0
2022-05-20,0.0885858237743377,0.0885858237743377,0.0885858237743377,0.0885858237743377,0.0
2022-05-23,0.0885858237743377,0.0885858237743377,0.0885858237743377,0.0885858237743377,0.0
2022-05-24,0.0881064984799905,0.0885858237743377,0.0881064984799905,0.0885858237743377,262500.0
2022-05-25,0.0885858237743377,0.0885858237743377,0.0885858237743377,0.0885858237743377,0.0
2022-05-26,0.0885858237743377,0.0885858237743377,0.0885858237743377,0.0885858237743377,0.0
2022-05-27,0.0885858237743377,0.0885858237743377,0.0885858237743377,0.0885858237743377,0.0
2022-05-30,0.0885858237743377,0.0885858237743377,0.0885858237743377,0.0885858237743377,0.0
2022-05-31,0.0885858237743377,0.0885858237743377,0.0885858237743377,0.0885858237743377,0.0
2022-06-01,0.0861917208749186,0.0861917208749186,0.0857123956084251,0.0857123956084251,92750.0
2022-06-02,0.0857123956084251,0.0857123956084251,0.0857123956084251,0.0857123956084251,0.0
2022-06-03,0.0857123956084251,0.0857123956084251,0.0857123956084251,0.0857123956084251,0.0
2022-06-06,0.0857123956084251,0.0857123956084251,0.0857123956084251,0.0857123956084251,0.0
2022-06-07,0.0857123956084251,0.0857123956084251,0.0857123956084251,0.0857123956084251,0.0
2022-06-08,0.0857123956084251,0.0857123956084251,0.0857123956084251,0.0857123956084251,0.0
2022-06-09,0.0857123956084251,0.0857123956084251,0.0857123956084251,0.0857123956084251,0.0
2022-06-10,0.0857123956084251,0.0857123956084251,0.0857123956084251,0.0857123956084251,0.0
2022-06-13,0.0881064984799905,0.0885858237743377,0.0881064984799905,0.0885858237743377,26250.0
2022-06-14,0.0881064984799905,0.0885858237743377,0.0881064984799905,0.0885858237743377,10500.0
2022-06-15,0.0885858237743377,0.0885858237743377,0.0885858237743377,0.0885858237743377,0.0
2022-06-16,0.0861917212605476,0.0861917212605476,0.0861917212605476,0.0861917212605476,3500.0
2022-06-17,0.0861917212605476,0.0861917212605476,0.0861917212605476,0.0861917212605476,0.0
2022-06-20,0.0861917212605476,0.0861917212605476,0.0861917212605476,0.0861917212605476,0.0
2022-06-21,0.0857123956084251,0.0857123956084251,0.0857123956084251,0.0857123956084251,5250.0
2022-06-22,0.0857123956084251,0.0857123956084251,0.0857123956084251,0.0857123956084251,0.0
2022-06-23,0.0857123956084251,0.0857123956084251,0.0857123956084251,0.0857123956084251,0.0
2022-06-24,0.0857123956084251,0.0857123956084251,0.0857123956084251,0.0857123956084251,0.0
2022-06-27,0.0833182978567467,0.0857123956084251,0.0828398154505163,0.0857123956084251,54250.0
2022-06-28,0.0857123956084251,0.0857123956084251,0.0857123956084251,0.0857123956084251,0.0
2022-06-29,0.0857123956084251,0.0857123956084251,0.0857123956084251,0.0857123956084251,0.0
2022-06-30,0.0857123956084251,0.0857123956084251,0.0857123956084251,0.0857123956084251,0.0
2022-07-01,0.0857123956084251,0.0857123956084251,0.0857123956084251,0.0857123956084251,0.0
2022-07-04,0.0833183005452156,0.0833183005452156,0.0833183005452156,0.0833183005452156,52500.0
2022-07-05,0.0857123956084251,0.0857123956084251,0.0857123956084251,0.0857123956084251,19600.0
2022-07-06,0.0857123956084251,0.0857123956084251,0.0857123956084251,0.0857123956084251,70000.0
2022-07-07,0.0857123956084251,0.0857123956084251,0.0857123956084251,0.0857123956084251,0.0
2022-07-08,0.0857123956084251,0.0857123956084251,0.0857123956084251,0.0857123956084251,0.0
2022-07-12,0.0833183009132606,0.0837976261973381,0.0833183009132606,0.0837976261973381,22750.0
2022-07-13,0.0852339193224906,0.0852339193224906,0.0852339193224906,0.0852339193224906,64750.0
2022-07-14,0.0852339193224906,0.0852339193224906,0.0852339193224906,0.0852339193224906,0.0
2022-07-15,0.0852339193224906,0.0852339193224906,0.0852339193224906,0.0852339193224906,0.0
2022-07-18,0.0852339193224906,0.0852339193224906,0.0852339193224906,0.0852339193224906,0.0
2022-07-19,0.0852339193224906,0.0852339193224906,0.0852339193224906,0.0852339193224906,0.0
2022-07-20,0.0852339193224906,0.0852339193224906,0.0852339193224906,0.0852339193224906,0.0
2022-07-21,0.0852339193224906,0.0852339193224906,0.0852339193224906,0.0852339193224906,0.0
2022-07-22,0.0852339193224906,0.0852339193224906,0.0852339193224906,0.0852339193224906,0.0
2022-07-25,0.0861917212605476,0.0861917212605476,0.0861917212605476,0.0861917212605476,52150.0
2022-07-26,0.0861917212605476,0.0861917212605476,0.0861917212605476,0.0861917212605476,0.0
2022-07-27,0.0842761024832725,0.0842761024832725,0.0842761024832725,0.0842761024832725,35000.0
2022-07-28,0.0861917212605476,0.0861917212605476,0.0861917212605476,0.0861917212605476,70000.0
2022-07-29,0.086670197546482,0.086670197546482,0.086670197546482,0.086670197546482,97475.0
2022-08-01,0.086670197546482,0.086670197546482,0.086670197546482,0.086670197546482,0.0
2022-08-02,0.086670197546482,0.086670197546482,0.086670197546482,0.086670197546482,0.0
2022-08-03,0.086670197546482,0.086670197546482,0.086670197546482,0.086670197546482,0.0
2022-08-04,0.086670197546482,0.086670197546482,0.086670197546482,0.086670197546482,0.0
2022-08-05,0.0833183005452156,0.0833183005452156,0.0833183005452156,0.0833183005452156,2625.0
2022-08-08,0.0833183005452156,0.0833183005452156,0.0833183005452156,0.0833183005452156,2625.0
2022-08-10,0.0837976261973381,0.0837976261973381,0.0837976261973381,0.0837976261973381,12250.0
2022-08-11,0.0837976261973381,0.0837976261973381,0.0837976261973381,0.0837976261973381,0.0
2022-08-12,0.0837976261973381,0.0837976261973381,0.0837976261973381,0.0837976261973381,0.0
2022-08-15,0.0833183005452156,0.0833183005452156,0.0833183005452156,0.0833183005452156,28000.0
2022-08-16,0.0833183005452156,0.0833183005452156,0.0833183005452156,0.0833183005452156,0.0
2022-08-17,0.0833183005452156,0.0833183005452156,0.0833183005452156,0.0833183005452156,0.0
2022-08-18,0.0833183005452156,0.0833183005452156,0.0833183005452156,0.0833183005452156,0.0
2022-08-19,0.0833183005452156,0.0833183005452156,0.0833183005452156,0.0833183005452156,0.0
2022-08-22,0.0833183005452156,0.0833183005452156,0.0833183005452156,0.0833183005452156,0.0
2022-08-23,0.0833183005452156,0.0833183005452156,0.0833183005452156,0.0833183005452156,0.0
2022-08-24,0.0833183005452156,0.0833183005452156,0.0833183005452156,0.0833183005452156,15750.0
2022-08-25,0.0833183005452156,0.0833183005452156,0.0833183005452156,0.0833183005452156,0.0
2022-08-26,0.0833183005452156,0.0833183005452156,0.0833183005452156,0.0833183005452156,0.0
2022-08-29,0.0833183005452156,0.0833183005452156,0.0833183005452156,0.0833183005452156,0.0
2022-08-30,0.0833183005452156,0.0833183005452156,0.0833183005452156,0.0833183005452156,14875.0
2022-08-31,0.0833183005452156,0.0833183005452156,0.0833183005452156,0.0833183005452156,0.0
2022-09-01,0.0833183005452156,0.0833183005452156,0.0833183005452156,0.0833183005452156,0.0
2022-09-02,0.0833183005452156,0.0833183005452156,0.0828398181235457,0.0833183005452156,258125.0
2022-09-05,0.0833183005452156,0.0833183005452156,0.0833183005452156,0.0833183005452156,0.0
2022-09-06,0.0833183005452156,0.0833183005452156,0.0833183005452156,0.0833183005452156,0.0
2022-09-07,0.0833183005452156,0.0833183005452156,0.0833183005452156,0.0833183005452156,0.0
2022-09-08,0.0833183005452156,0.0833183005452156,0.0833183005452156,0.0833183005452156,0.0
2022-09-09,0.0828398181235457,0.0833183005452156,0.0828398181235457,0.0833183005452156,64750.0
2022-09-12,0.0833183005452156,0.0833183005452156,0.0833183005452156,0.0833183005452156,0.0
2022-09-13,0.0833183005452156,0.0833183005452156,0.0833183005452156,0.0833183005452156,0.0
2022-09-14,0.0833183005452156,0.0833183005452156,0.0833183005452156,0.0833183005452156,0.0
2022-09-15,0.0833183005452156,0.0833183005452156,0.0833183005452156,0.0833183005452156,366275.0
2022-09-16,0.0837976261973381,0.0837976261973381,0.0837976261973381,0.0837976261973381,21000.0
2022-09-19,0.0837976261973381,0.0837976261973381,0.0837976261973381,0.0837976261973381,0.0
2022-09-20,0.0828398168087005,0.0828398168087005,0.0828398168087005,0.0828398168087005,49000.0
2022-09-21,0.0828398168087005,0.0828398168087005,0.0828398168087005,0.0828398168087005,87500.0
2022-09-22,0.0837976261973381,0.0837976261973381,0.0837976261973381,0.0837976261973381,229250.0
2022-09-23,0.0837976261973381,0.0837976261973381,0.0837976261973381,0.0837976261973381,0.0
2022-09-26,0.0842761024832725,0.0842761024832725,0.0842761024832725,0.0842761024832725,49000.0
2022-09-27,0.0842761024832725,0.0842761024832725,0.0842761024832725,0.0842761024832725,0.0
2022-09-28,0.0842761024832725,0.0842761024832725,0.0842761024832725,0.0842761024832725,0.0
2022-09-29,0.0842761024832725,0.0842761024832725,0.0842761024832725,0.0842761024832725,0.0
2022-09-30,0.0842761024832725,0.0842761024832725,0.0842761024832725,0.0842761024832725,0.0
2022-10-03,0.0842761024832725,0.0842761024832725,0.0842761024832725,0.0842761024832725,0.0
2022-10-04,0.0842761024832725,0.0842761024832725,0.0842761024832725,0.0842761024832725,0.0
2022-10-05,0.0842761024832725,0.0842761024832725,0.0842761024832725,0.0842761024832725,0.0
2022-10-06,0.0842761024832725,0.0842761024832725,0.0842761024832725,0.0842761024832725,0.0
2022-10-07,0.0828398168087005,0.0828398168087005,0.0828398168087005,0.0828398168087005,104475.0
2022-10-10,0.0828398168087005,0.0828398168087005,0.0828398168087005,0.0828398168087005,0.0
2022-10-11,0.0828398168087005,0.0828398168087005,0.0828398168087005,0.0828398168087005,0.0
2022-10-12,0.0828398168087005,0.0828398168087005,0.0828398168087005,0.0828398168087005,0.0
2022-10-13,0.0718263015151023,0.0718263015151023,0.0718263015151023,0.0718263015151023,122500.0
2022-10-14,0.0818820148706436,0.0818820148706436,0.0818820148706436,0.0818820148706436,122850.0
2022-10-17,0.0818820148706436,0.0818820148706436,0.0818820148706436,0.0818820148706436,175.0
2022-10-18,0.0818820148706436,0.0818820148706436,0.0818820148706436,0.0818820148706436,0.0
2022-10-19,0.0818820148706436,0.0818820148706436,0.0818820148706436,0.0818820148706436,0.0
2022-10-20,0.0818820148706436,0.0818820148706436,0.0818820148706436,0.0818820148706436,0.0
2022-10-21,0.0818820148706436,0.0818820148706436,0.0818820148706436,0.0818820148706436,0.0
2022-10-25,0.0818820148706436,0.0818820148706436,0.0818820148706436,0.0818820148706436,0.0
2022-10-26,0.0818820148706436,0.0818820148706436,0.0818820148706436,0.0818820148706436,0.0
2022-10-27,0.0818820148706436,0.0818820148706436,0.0818820148706436,0.0818820148706436,0.0
2022-10-28,0.0818820148706436,0.0818820148706436,0.0818820148706436,0.0818820148706436,0.0
2022-10-31,0.0818820148706436,0.0818820148706436,0.0818820148706436,0.0818820148706436,0.0
2022-11-01,0.0818820148706436,0.0818820148706436,0.0818820148706436,0.0818820148706436,0.0
2022-11-02,0.0818820148706436,0.0818820148706436,0.0818820148706436,0.0818820148706436,0.0
2022-11-03,0.0818820148706436,0.0818820148706436,0.0818820148706436,0.0818820148706436,0.0
2022-11-04,0.0818820148706436,0.0818820148706436,0.0818820148706436,0.0818820148706436,0.0
2022-11-07,0.0818820148706436,0.0818820148706436,0.0818820148706436,0.0818820148706436,0.0
2022-11-08,0.080924200566155,0.0818820082443363,0.080924200566155,0.0814026892185211,197575.0
2022-11-09,0.0814026892185211,0.0814026892185211,0.0814026892185211,0.0814026892185211,8750.0
2022-11-10,0.0814026935368748,0.0814026935368748,0.0727841034531593,0.0727841034531593,29750.0
2022-11-11,0.0761360116822407,0.0761360116822407,0.0732625946402549,0.0732625946402549,87675.0
2022-11-14,0.0732625946402549,0.0732625946402549,0.0732625946402549,0.0732625946402549,0.0
2022-11-15,0.0732625946402549,0.0732625946402549,0.0732625946402549,0.0732625946402549,0.0
2022-11-16,0.0732625946402549,0.0732625946402549,0.0732625946402549,0.0732625946402549,0.0
2022-11-17,0.0732625946402549,0.0732625946402549,0.0732625946402549,0.0732625946402549,0.0
2022-11-18,0.0732625946402549,0.0732625946402549,0.0732625946402549,0.0732625946402549,0.0
2022-11-21,0.0732625946402549,0.0732625946402549,0.0732625946402549,0.0732625946402549,0.0
2022-11-22,0.0732625946402549,0.0732625946402549,0.0732625946402549,0.0732625946402549,0.0
2022-11-23,0.0732625946402549,0.0732625946402549,0.0732625946402549,0.0732625946402549,0.0
2022-11-24,0.0770938111801396,0.0775722935795784,0.0770938111801396,0.0775722935795784,180425.0
2022-11-25,0.0775722935795784,0.0775722935795784,0.0775722935795784,0.0775722935795784,0.0
2022-11-28,0.0751781958618826,0.0775722935795784,0.0751781958618826,0.0775722935795784,28875.0
2022-11-29,0.0775722935795784,0.0775722935795784,0.0775722935795784,0.0775722935795784,0.0
2022-11-30,0.0775722935795784,0.0775722935795784,0.0775722935795784,0.0775722935795784,0.0
2022-12-01,0.0775722935795784,0.0775722935795784,0.0775722935795784,0.0775722935795784,0.0
2022-12-02,0.0775722935795784,0.0775722935795784,0.0775722935795784,0.0775722935795784,0.0
2022-12-05,0.0775722935795784,0.0775722935795784,0.0775722935795784,0.0775722935795784,0.0
2022-12-06,0.0775722935795784,0.0775722935795784,0.0775722935795784,0.0775722935795784,0.0
2022-12-07,0.0775722935795784,0.0775722935795784,0.0775722935795784,0.0775722935795784,0.0
2022-12-08,0.0775722935795784,0.0775722935795784,0.0775722935795784,0.0775722935795784,0.0
2022-12-09,0.0775722935795784,0.0775722935795784,0.0775722935795784,0.0775722935795784,0.0
2022-12-12,0.0775722935795784,0.0775722935795784,0.0775722935795784,0.0775722935795784,0.0
2022-12-13,0.0775722935795784,0.0775722935795784,0.0775722935795784,0.0775722935795784,0.0
2022-12-14,0.0775722935795784,0.0775722935795784,0.0775722935795784,0.0775722935795784,0.0
2022-12-15,0.0775722935795784,0.0775722935795784,0.0775722935795784,0.0775722935795784,21700.0
2022-12-16,0.0775722935795784,0.0775722935795784,0.0775722935795784,0.0775722935795784,0.0
2022-12-19,0.0775722935795784,0.0775722935795784,0.0775722935795784,0.0775722935795784,0.0
2022-12-20,0.0775722961082286,0.078050784766674,0.0775722961082286,0.078050784766674,25550.0
2022-12-21,0.078050784766674,0.078050784766674,0.078050784766674,0.078050784766674,0.0
2022-12-22,0.078050784766674,0.078050784766674,0.078050784766674,0.078050784766674,0.0
2022-12-23,0.078050784766674,0.078050784766674,0.078050784766674,0.078050784766674,0.0
2022-12-27,0.078050784766674,0.078050784766674,0.078050784766674,0.078050784766674,0.0
2022-12-28,0.0742203965783119,0.0742203965783119,0.0742203965783119,0.0742203965783119,35000.0
2022-12-29,0.0742203965783119,0.0742203965783119,0.0742203965783119,0.0742203965783119,169925.0
2022-12-30,0.0742203965783119,0.0742203965783119,0.0742203965783119,0.0742203965783119,0.0
2023-01-03,0.0742203965783119,0.0742203965783119,0.0742203965783119,0.0742203965783119,0.0
2023-01-04,0.0742203965783119,0.0742203965783119,0.0742203965783119,0.0742203965783119,0.0
2023-01-05,0.0742203965783119,0.0742203965783119,0.0742203965783119,0.0742203965783119,1750.0
2023-01-06,0.0742203965783119,0.0742203965783119,0.0742203965783119,0.0742203965783119,0.0
2023-01-09,0.0742203965783119,0.0742203965783119,0.0742203965783119,0.0742203965783119,0.0
2023-01-10,0.0742203965783119,0.0742203965783119,0.0742203965783119,0.0742203965783119,0.0
2023-01-11,0.0742203965783119,0.0742203965783119,0.0742203965783119,0.0742203965783119,0.0
2023-01-12,0.07422040278583,0.07422040278583,0.0737419202923774,0.0737419202923774,3150.0
2023-01-13,0.0737419202923774,0.0737419202923774,0.0737419202923774,0.0737419202923774,0.0
2023-01-16,0.0737419202923774,0.0833183130447625,0.0737419202923774,0.0737419202923774,236775.0
2023-01-17,0.0737419202923774,0.0737419202923774,0.0737419202923774,0.0737419202923774,39725.0
2023-01-18,0.0737419202923774,0.0737419202923774,0.0737419202923774,0.0737419202923774,0.0
2023-01-19,0.0756566822528839,0.0756566822528839,0.0756566822528839,0.0756566822528839,28000.0
2023-01-20,0.0756566822528839,0.0756566822528839,0.0756566822528839,0.0756566822528839,0.0
2023-01-25,0.0756566822528839,0.0756566822528839,0.0756566822528839,0.0756566822528839,0.0
2023-01-26,0.0766144916415214,0.0766144916415214,0.0766144916415214,0.0766144916415214,19250.0
2023-01-27,0.0766144916415214,0.0766144916415214,0.0766144916415214,0.0766144916415214,0.0
2023-01-30,0.0790085925540375,0.0790085925540375,0.0742203965783119,0.0742203965783119,275450.0
2023-01-31,0.0742203965783119,0.0742203965783119,0.0742203965783119,0.0742203965783119,0.0
2023-02-01,0.0742203965783119,0.0742203965783119,0.0742203965783119,0.0742203965783119,0.0
2023-02-02,0.0742203965783119,0.0742203965783119,0.0742203965783119,0.0742203965783119,0.0
2023-02-03,0.0751782059669494,0.0751782059669494,0.0751782059669494,0.0751782059669494,23275.0
2023-02-06,0.0790085867047309,0.0790085867047309,0.0790085867047309,0.0790085867047309,175.0
2023-02-07,0.0790085867047309,0.0790085867047309,0.0790085867047309,0.0790085867047309,0.0
2023-02-08,0.0790085867047309,0.0790085867047309,0.0790085867047309,0.0790085867047309,0.0
2023-02-09,0.0790085867047309,0.0790085867047309,0.0790085867047309,0.0790085867047309,0.0
2023-02-10,0.0790085867047309,0.0790085867047309,0.0790085867047309,0.0790085867047309,0.0
2023-02-13,0.0790085883767941,0.0799663960933685,0.0790085883767941,0.0799663960933685,87500.0
2023-02-14,0.0799663960933685,0.0799663960933685,0.0799663960933685,0.0799663960933685,0.0
2023-02-15,0.0799663960933685,0.0799663960933685,0.0799663960933685,0.0799663960933685,0.0
2023-02-16,0.0799663960933685,0.0799663960933685,0.0799663960933685,0.0799663960933685,0.0
2023-02-17,0.0799663960933685,0.0799663960933685,0.0799663960933685,0.0799663960933685,70000.0
2023-02-20,0.0766144888941123,0.0790085867047309,0.0766144888941123,0.0790085867047309,53375.0
2023-02-21,0.0766144888941123,0.0799663944010352,0.0761360064761021,0.0790085867047309,154000.0
2023-02-22,0.0794879136652321,0.0799663960933685,0.0794879136652321,0.0799663960933685,19250.0
2023-02-23,0.0790085883767941,0.0799663960933685,0.0790085883767941,0.0799663960933685,88725.0
2023-02-24,0.0799663960933685,0.0799663960933685,0.0799663960933685,0.0799663960933685,0.0
2023-02-27,0.0804457181571982,0.0814026892185211,0.0804457181571982,0.0814026892185211,96250.0
2023-02-28,0.0814026900893302,0.0833182992227758,0.0814026900893302,0.0828398168087005,102725.0
2023-03-01,0.0828398168087005,0.0828398168087005,0.0828398168087005,0.0828398168087005,0.0
2023-03-02,0.0828398168087005,0.0828398168087005,0.0828398168087005,0.0828398168087005,52500.0
2023-03-03,0.0828398168087005,0.0828398168087005,0.0828398168087005,0.0828398168087005,0.0
2023-03-06,0.0837976291404022,0.0852339193224906,0.0837976291404022,0.0852339193224906,286300.0
2023-03-07,0.1029512463143115,0.1053453504154593,0.0981622139819446,0.1005571484565734,1546125.0
2023-03-08,0.1005571484565734,0.1029512463143115,0.0957681161242065,0.1005571484565734,747950.0
2023-03-09,0.1005571484565734,0.1029512463143115,0.1005571484565734,0.1005571484565734,180600.0
2023-03-10,0.0981622189283371,0.1029512515020233,0.0981622189283371,0.0981622189283371,238875.0
2023-03-13,0.0981622219163802,0.0981622219163802,0.0957681238651275,0.0957681238651275,446250.0
2023-03-14,0.0957681076123513,0.0957681076123513,0.0952896252274513,0.0952896252274513,104300.0
2023-03-15,0.0957681076123513,0.0957681076123513,0.0948102999823258,0.0952896252274513,160650.0
2023-03-16,0.0948103070259094,0.0948103070259094,0.0948103070259094,0.0948103070259094,13125.0
2023-03-17,0.0948103160725528,0.0957681238651275,0.0948103160725528,0.0957681238651275,193725.0
2023-03-20,0.0957681209499604,0.0981622189283371,0.0957681209499604,0.0981622189283371,272650.0
2023-03-21,0.1005571484565734,0.1005571484565734,0.1005571484565734,0.1005571484565734,288750.0
2023-03-22,0.1005571484565734,0.1005571484565734,0.1005571484565734,0.1005571484565734,87500.0
2023-03-23,0.1005571484565734,0.1005571484565734,0.1005571484565734,0.1005571484565734,0.0
2023-03-24,0.1005571535236466,0.1005571535236466,0.0981622189283371,0.0981622189283371,175000.0
2023-03-27,0.1005571484565734,0.1005571484565734,0.0981622139819446,0.1005571484565734,200550.0
2023-03-28,0.1005571484565734,0.1005571484565734,0.0957681161242065,0.1005571484565734,197050.0
2023-03-29,0.1005571484565734,0.1005571484565734,0.1005571484565734,0.1005571484565734,19250.0
2023-03-30,0.1005571484565734,0.1053453504154593,0.1005571484565734,0.1005571484565734,497000.0
2023-03-31,0.1005571484565734,0.1005571484565734,0.1005571484565734,0.1005571484565734,925050.0
2023-04-03,0.1029512420320092,0.1053453460335731,0.1005571442738546,0.1053453460335731,1150100.0
2023-04-04,0.1077394616254133,0.1149217560887336,0.1077394616254133,0.1149217560887336,1088150.0
2023-04-05,0.1125276461243629,0.1125276461243629,0.1125276461243629,0.1125276461243629,267400.0
2023-04-06,0.1125276461243629,0.1125276461243629,0.1125276461243629,0.1125276461243629,350.0
2023-04-10,0.1125276414135229,0.1125276414135229,0.1101335436105728,0.1101335436105728,63525.0
2023-04-11,0.1101335482211866,0.1125276461243629,0.1101335482211866,0.1125276461243629,206150.0
2023-04-12,0.1101335464111936,0.1101335464111936,0.1077394485473632,0.1077394485473632,91700.0
2023-04-13,0.1077394437917276,0.1077394437917276,0.1053453460335731,0.1053453460335731,56875.0
2023-04-14,0.1053453460335731,0.1053453460335731,0.1053453460335731,0.1053453460335731,114975.0
2023-04-17,0.1053453460335731,0.1053453460335731,0.1053453460335731,0.1053453460335731,201250.0
2023-04-18,0.1077394485473632,0.1077394485473632,0.1077394485473632,0.1077394485473632,262500.0
2023-04-19,0.1077394485473632,0.1077394485473632,0.1053453506835328,0.1077394485473632,176400.0
2023-04-20,0.1077394485473632,0.1077394485473632,0.1077394485473632,0.1077394485473632,0.0
2023-04-21,0.1077394485473632,0.1077394485473632,0.1077394485473632,0.1077394485473632,0.0
2023-04-24,0.1101335482211866,0.1125276461243629,0.1101335482211866,0.1125276461243629,44625.0
2023-04-25,0.1125276461243629,0.1125276461243629,0.1125276461243629,0.1125276461243629,17500.0
2023-04-26,0.1125276461243629,0.1125276461243629,0.1125276461243629,0.1125276461243629,25025.0
2023-04-27,0.1125276461243629,0.1125276461243629,0.1125276461243629,0.1125276461243629,0.0
2023-04-28,0.1101335436105728,0.1101335436105728,0.1101335436105728,0.1101335436105728,42525.0
2023-05-02,0.1077394485473632,0.1077394485473632,0.1077394485473632,0.1077394485473632,142450.0
2023-05-03,0.1077394485473632,0.1077394485473632,0.1077394485473632,0.1077394485473632,0.0
2023-05-04,0.1053453506835328,0.1077394485473632,0.1053453506835328,0.1077394485473632,60375.0
2023-05-05,0.1053453460335731,0.1053453460335731,0.1053453460335731,0.1053453460335731,52500.0
2023-05-08,0.1053453460335731,0.1053453460335731,0.1053453460335731,0.1053453460335731,0.0
2023-05-09,0.1125276393080367,0.1125276393080367,0.1053453460335731,0.1053453460335731,1166725.0
2023-05-10,0.1125276579342935,0.1149217560887336,0.1101335597798534,0.1149217560887336,1588650.0
2023-05-11,0.1159083321690559,0.1159083321690559,0.1159083321690559,0.1159083321690559,355425.0
2023-05-12,0.1159083321690559,0.1159083321690559,0.1159083321690559,0.1159083321690559,613725.0
2023-05-15,0.1159083321690559,0.1159083321690559,0.1159083321690559,0.1159083321690559,15575.0
2023-05-16,0.1183743563379069,0.1183743563379069,0.1159083321690559,0.1159083321690559,63000.0
2023-05-17,0.1183743625879287,0.1183743625879287,0.1183743625879287,0.1183743625879287,149975.0
2023-05-18,0.1183743409904573,0.1233072504401207,0.1183743409904573,0.1233072504401207,1068375.0
2023-05-19,0.1183743409904573,0.1233072504401207,0.1183743409904573,0.1233072504401207,48300.0
2023-05-22,0.1183743563379069,0.1183743563379069,0.1159083321690559,0.1159083321690559,87500.0
2023-05-23,0.1183743625879287,0.1183743625879287,0.1183743625879287,0.1183743625879287,274750.0
2023-05-24,0.1183743491517925,0.120841234922409,0.1183743491517925,0.120841234922409,224875.0
2023-05-25,0.1183743625879287,0.1183743625879287,0.1183743625879287,0.1183743625879287,95375.0
2023-05-26,0.1183743625879287,0.1183743625879287,0.1183743625879287,0.1183743625879287,73675.0
2023-05-29,0.120841234922409,0.120841234922409,0.120841234922409,0.120841234922409,8750.0
2023-05-30,0.1183743625879287,0.1183743625879287,0.1183743625879287,0.1183743625879287,199500.0
2023-05-31,0.1183743491517925,0.120841234922409,0.1183743491517925,0.120841234922409,7175.0
2023-06-01,0.120841234922409,0.120841234922409,0.120841234922409,0.120841234922409,0.0
2023-06-05,0.1159083382888746,0.1208412486385503,0.1159083382888746,0.1183743625879287,95725.0
2023-06-06,0.1183743625879287,0.1183743625879287,0.1183743625879287,0.1183743625879287,26250.0
2023-06-07,0.1183743625879287,0.1183743625879287,0.1183743625879287,0.1183743625879287,1575.0
2023-06-08,0.1183743625879287,0.1183743625879287,0.1183743625879287,0.1183743625879287,13825.0
2023-06-09,0.1183743625879287,0.1183743625879287,0.1183743625879287,0.1183743625879287,36750.0
2023-06-12,0.1183743625879287,0.1183743625879287,0.1183743625879287,0.1183743625879287,0.0
2023-06-13,0.1183743625879287,0.1183743625879287,0.1183743625879287,0.1183743625879287,174125.0
2023-06-14,0.1183743625879287,0.1183743625879287,0.1183743625879287,0.1183743625879287,17500.0
2023-06-15,0.1183743625879287,0.1183743625879287,0.1183743625879287,0.1183743625879287,0.0
2023-06-16,0.120841234922409,0.120841234922409,0.120841234922409,0.120841234922409,9625.0
2023-06-19,0.1183743625879287,0.1183743625879287,0.1183743625879287,0.1183743625879287,13650.0
2023-06-20,0.1183743625879287,0.1183743625879287,0.1183743625879287,0.1183743625879287,0.0
2023-06-21,0.1183743563379069,0.1183743563379069,0.1159083321690559,0.1159083321690559,76300.0
2023-06-22,0.1159083321690559,0.1159083321690559,0.1159083321690559,0.1159083321690559,14000.0
2023-06-23,0.1159083321690559,0.1183743563379069,0.1159083321690559,0.1159083321690559,101500.0
2023-06-26,0.1159083321690559,0.1159083321690559,0.1159083321690559,0.1159083321690559,14000.0
2023-06-27,0.1159083321690559,0.1183743563379069,0.1159083321690559,0.1159083321690559,40250.0
2023-06-28,0.1159083321690559,0.1159083321690559,0.1159083321690559,0.1159083321690559,16100.0
2023-06-30,0.1159083321690559,0.1159083321690559,0.1159083321690559,0.1159083321690559,47250.0
2023-07-03,0.1183743563379069,0.1183743563379069,0.1159083321690559,0.1159083321690559,91000.0
2023-07-04,0.1159083321690559,0.1159083321690559,0.1159083321690559,0.1159083321690559,8750.0
2023-07-05,0.1159083321690559,0.1159083321690559,0.1159083321690559,0.1159083321690559,13125.0
2023-07-06,0.1183743563379069,0.1183743563379069,0.1159083321690559,0.1159083321690559,259175.0
2023-07-07,0.1159083321690559,0.1159083321690559,0.1159083321690559,0.1159083321690559,0.0
2023-07-10,0.1159083321690559,0.1159083321690559,0.1159083321690559,0.1159083321690559,0.0
2023-07-11,0.1159083321690559,0.1159083321690559,0.1159083321690559,0.1159083321690559,0.0
2023-07-12,0.110976270428577,0.1134422942996025,0.110976270428577,0.1134422942996025,12250.0
2023-07-13,0.1134422942996025,0.1134422942996025,0.1134422942996025,0.1134422942996025,0.0
2023-07-14,0.1134422942996025,0.1134422942996025,0.1134422942996025,0.1134422942996025,0.0
2023-07-17,0.1134422942996025,0.1134422942996025,0.1134422942996025,0.1134422942996025,229075.0
2023-07-18,0.1134422942996025,0.1134422942996025,0.1134422942996025,0.1134422942996025,38500.0
2023-07-19,0.1134422942996025,0.1134422942996025,0.1134422942996025,0.1134422942996025,0.0
2023-07-20,0.1134422942996025,0.1134422942996025,0.1134422942996025,0.1134422942996025,17500.0
2023-07-21,0.1134422942996025,0.1134422942996025,0.1134422942996025,0.1134422942996025,0.0
2023-07-24,0.1134422942996025,0.1134422942996025,0.1134422942996025,0.1134422942996025,35000.0
2023-07-25,0.1134422942996025,0.1134422942996025,0.1134422942996025,0.1134422942996025,74550.0
2023-07-26,0.1134423104546781,0.1134423104546781,0.1109762862324714,0.1109762862324714,87500.0
2023-07-27,0.1109762862324714,0.1109762862324714,0.1109762862324714,0.1109762862324714,28000.0
2023-07-28,0.1134422942996025,0.1134422942996025,0.1134422942996025,0.1134422942996025,31500.0
2023-07-31,0.1183743625879287,0.1183743625879287,0.1183743625879287,0.1183743625879287,122500.0
2023-08-01,0.1183743420416534,0.1183743420416534,0.1134422942996025,0.1134422942996025,175175.0
2023-08-02,0.1134422942996025,0.1134422942996025,0.1134422942996025,0.1134422942996025,0.0
2023-08-03,0.1134422942996025,0.1134422942996025,0.1134422942996025,0.1134422942996025,0.0
2023-08-04,0.1183743409904573,0.1233072504401207,0.1183743409904573,0.1233072504401207,321825.0
2023-08-07,0.1208412486385503,0.1233072729376044,0.1134423139898205,0.1183743625879287,1015175.0
2023-08-08,0.115908318170628,0.115908318170628,0.110976270428577,0.1134422942996025,330925.0
2023-08-10,0.1134422942996025,0.1134422942996025,0.110976270428577,0.1134422942996025,168000.0
2023-08-11,0.1134422942996025,0.1134422942996025,0.1134422942996025,0.1134422942996025,0.0
2023-08-14,0.1109762862324714,0.1109762862324714,0.1109762862324714,0.1109762862324714,140000.0
2023-08-15,0.1109762732049962,0.1109762732049962,0.1035781949758529,0.1035781949758529,558250.0
2023-08-16,0.1035781949758529,0.1035781949758529,0.1035781949758529,0.1035781949758529,105000.0
2023-08-17,0.1011113226413726,0.1011113226413726,0.0986452983830638,0.1011113226413726,1013075.0
2023-08-18,0.1085102558135986,0.1085102558135986,0.1085102558135986,0.1085102558135986,80500.0
2023-08-21,0.1085102568221864,0.1085102568221864,0.0986452922224998,0.0986452922224998,19250.0
2023-08-22,0.0986452922224998,0.0986452922224998,0.0986452922224998,0.0986452922224998,17500.0
2023-08-23,0.0986452922224998,0.0986452922224998,0.0986452922224998,0.0986452922224998,0.0
2023-08-24,0.0986452922224998,0.0986452922224998,0.0986452922224998,0.0986452922224998,0.0
2023-08-25,0.1085102558135986,0.1085102558135986,0.1085102558135986,0.1085102558135986,1575.0
2023-08-28,0.1085102558135986,0.1085102558135986,0.1085102558135986,0.1085102558135986,87500.0
2023-08-29,0.1085102558135986,0.1109762798949787,0.1085102558135986,0.1085102558135986,63000.0
2023-08-30,0.1109762798949787,0.1109762798949787,0.1085102558135986,0.1085102558135986,179725.0
2023-08-31,0.1085102558135986,0.1085102558135986,0.1085102558135986,0.1085102558135986,0.0
2023-09-04,0.1085102558135986,0.1085102558135986,0.1085102558135986,0.1085102558135986,0.0
2023-09-05,0.110976270428577,0.1134422942996025,0.110976270428577,0.1134422942996025,280000.0
2023-09-06,0.1058798283338546,0.1058798283338546,0.1058798283338546,0.1058798283338546,6125.0
2023-09-07,0.1058798283338546,0.1058798283338546,0.1058798283338546,0.1058798283338546,0.0
2023-09-08,0.1058798283338546,0.1058798283338546,0.1058798283338546,0.1058798283338546,0.0
2023-09-11,0.1058798283338546,0.1058798283338546,0.1058798283338546,0.1058798283338546,0.0
2023-09-12,0.1058798283338546,0.1058798283338546,0.1058798283338546,0.1058798283338546,0.0
2023-09-13,0.1109214788700529,0.1109214788700529,0.1058798283338546,0.1058798283338546,54250.0
2023-09-14,0.1058798283338546,0.1058798283338546,0.1058798283338546,0.1058798283338546,0.0
2023-09-15,0.1058798283338546,0.1058798283338546,0.1058798283338546,0.1058798283338546,0.0
2023-09-18,0.1109214723110199,0.1109214723110199,0.1084006439050403,0.1109214723110199,80500.0
2023-09-19,0.1109214723110199,0.1109214723110199,0.1109214723110199,0.1109214723110199,0.0
2023-09-20,0.1084006577730178,0.1084006577730178,0.1084006577730178,0.1084006577730178,75250.0
2023-09-21,0.1084006577730178,0.1084006577730178,0.1084006577730178,0.1084006577730178,2975.0
2023-09-22,0.1058798301369691,0.1058798301369691,0.100837305188179,0.100837305188179,26250.0
2023-09-25,0.103358119726181,0.105879822468242,0.103358119726181,0.103358119726181,61075.0
2023-09-26,0.1008372975082043,0.1109214723110199,0.1008372975082043,0.1109214723110199,77350.0
2023-09-27,0.1058798301369691,0.1058798301369691,0.100837305188179,0.100837305188179,59500.0
2023-09-28,0.1058798283338546,0.1058798283338546,0.1058798283338546,0.1058798283338546,19250.0
2023-09-29,0.1058798283338546,0.1058798283338546,0.1058798283338546,0.1058798283338546,0.0
2023-10-02,0.1058798283338546,0.1058798283338546,0.1058798283338546,0.1058798283338546,0.0
2023-10-03,0.1058798283338546,0.1058798283338546,0.1058798283338546,0.1058798283338546,0.0
2023-10-04,0.1058798283338546,0.1058798283338546,0.1058798283338546,0.1058798283338546,0.0
2023-10-05,0.1058798283338546,0.1058798283338546,0.1058798283338546,0.1058798283338546,0.0
2023-10-06,0.1058798283338546,0.1058798283338546,0.1058798283338546,0.1058798283338546,8750.0
2023-10-09,0.1058798283338546,0.1058798283338546,0.1058798283338546,0.1058798283338546,0.0
2023-10-10,0.1058798283338546,0.1058798283338546,0.1058798283338546,0.1058798283338546,8750.0
2023-10-11,0.1109214723110199,0.1109214723110199,0.1109214723110199,0.1109214723110199,17500.0
2023-10-12,0.1109214723110199,0.1109214723110199,0.1109214723110199,0.1109214723110199,0.0
2023-10-13,0.1084006577730178,0.1084006577730178,0.1084006577730178,0.1084006577730178,17500.0
2023-10-16,0.1084006577730178,0.1084006577730178,0.1084006577730178,0.1084006577730178,0.0
2023-10-17,0.1084006577730178,0.1084006577730178,0.1084006577730178,0.1084006577730178,0.0
2023-10-18,0.103358119726181,0.103358119726181,0.103358119726181,0.103358119726181,5250.0
2023-10-19,0.1033581304896938,0.1033581304896938,0.09982880204916,0.09982880204916,339500.0
2023-10-20,0.10587983349436,0.10587983349436,0.09982880204916,0.09982880204916,138250.0
2023-10-23,0.103358119726181,0.103358119726181,0.103358119726181,0.103358119726181,5250.0
2023-10-24,0.1008373083856742,0.1008373083856742,0.09982880204916,0.09982880204916,28000.0
2023-10-25,0.09982880204916,0.09982880204916,0.09982880204916,0.09982880204916,0.0
2023-10-26,0.09982880204916,0.09982880204916,0.09982880204916,0.09982880204916,0.0
2023-10-27,0.09982880204916,0.09982880204916,0.09982880204916,0.09982880204916,0.0
2023-10-30,0.09982880204916,0.09982880204916,0.09982880204916,0.09982880204916,5250.0
2023-10-31,0.09982880204916,0.09982880204916,0.09982880204916,0.09982880204916,0.0
2023-11-01,0.09982880204916,0.09982880204916,0.09982880204916,0.09982880204916,0.0
2023-11-02,0.100837305188179,0.100837305188179,0.100837305188179,0.100837305188179,17500.0
2023-11-03,0.100837305188179,0.100837305188179,0.100837305188179,0.100837305188179,15750.0
2023-11-06,0.100837305188179,0.100837305188179,0.100837305188179,0.100837305188179,0.0
2023-11-07,0.100837305188179,0.100837305188179,0.100837305188179,0.100837305188179,0.0
2023-11-08,0.100837305188179,0.100837305188179,0.100837305188179,0.100837305188179,0.0
2023-11-09,0.100837305188179,0.100837305188179,0.100837305188179,0.100837305188179,63000.0
2023-11-10,0.100837305188179,0.100837305188179,0.100837305188179,0.100837305188179,87500.0
2023-11-14,0.100837305188179,0.100837305188179,0.100837305188179,0.100837305188179,86625.0
2023-11-15,0.100837305188179,0.100837305188179,0.100837305188179,0.100837305188179,78925.0
2023-11-16,0.100837305188179,0.100837305188179,0.100837305188179,0.100837305188179,7875.0
2023-11-17,0.100837305188179,0.100837305188179,0.100837305188179,0.100837305188179,80500.0
2023-11-20,0.100837305188179,0.100837305188179,0.100837305188179,0.100837305188179,0.0
2023-11-21,0.100837305188179,0.100837305188179,0.100837305188179,0.100837305188179,0.0
2023-11-22,0.100837305188179,0.100837305188179,0.100837305188179,0.100837305188179,0.0
2023-11-23,0.100837305188179,0.100837305188179,0.100837305188179,0.100837305188179,0.0
2023-11-24,0.100837305188179,0.100837305188179,0.100837305188179,0.100837305188179,0.0
2023-11-27,0.100837305188179,0.100837305188179,0.100837305188179,0.100837305188179,0.0
2023-11-28,0.100837305188179,0.100837305188179,0.100837305188179,0.100837305188179,131250.0
2023-11-29,0.100837305188179,0.100837305188179,0.100837305188179,0.100837305188179,70175.0
2023-11-30,0.1008372978846748,0.103358119726181,0.1008372978846748,0.103358119726181,105000.0
2023-12-01,0.103358119726181,0.103358119726181,0.103358119726181,0.103358119726181,0.0
2023-12-04,0.103358119726181,0.103358119726181,0.103358119726181,0.103358119726181,0.0
2023-12-05,0.103358119726181,0.103358119726181,0.103358119726181,0.103358119726181,0.0
2023-12-06,0.103358119726181,0.103358119726181,0.103358119726181,0.103358119726181,0.0
2023-12-07,0.100837305188179,0.100837305188179,0.100837305188179,0.100837305188179,122500.0
2023-12-08,0.103358119726181,0.103358119726181,0.103358119726181,0.103358119726181,35000.0
2023-12-11,0.103358119726181,0.103358119726181,0.103358119726181,0.103358119726181,67375.0
2023-12-12,0.103358119726181,0.103358119726181,0.103358119726181,0.103358119726181,0.0
2023-12-13,0.103358119726181,0.103358119726181,0.103358119726181,0.103358119726181,0.0
2023-12-14,0.103358119726181,0.1084006443097481,0.103358119726181,0.103358119726181,327775.0
2023-12-15,0.103358119726181,0.103358119726181,0.103358119726181,0.103358119726181,0.0
2023-12-18,0.103358119726181,0.103358119726181,0.103358119726181,0.103358119726181,66500.0
2023-12-19,0.103358119726181,0.103358119726181,0.103358119726181,0.103358119726181,0.0
2023-12-20,0.1058798283338546,0.1058798283338546,0.1058798283338546,0.1058798283338546,78750.0
2023-12-21,0.1058798283338546,0.1058798283338546,0.1058798283338546,0.1058798283338546,35000.0
2023-12-22,0.1058798356184277,0.1084006577730178,0.1058798356184277,0.1084006577730178,153650.0
2023-12-26,0.1084006577730178,0.1084006577730178,0.1084006577730178,0.1084006577730178,0.0
2023-12-27,0.1084006577730178,0.1084006577730178,0.1084006577730178,0.1084006577730178,0.0
2023-12-28,0.1084006577730178,0.1084006577730178,0.1084006577730178,0.1084006577730178,0.0
2023-12-29,0.1084006577730178,0.1084006577730178,0.1084006577730178,0.1084006577730178,0.0
2024-01-02,0.1084006577730178,0.1084006577730178,0.1084006577730178,0.1084006577730178,0.0
2024-01-03,0.1109214788700529,0.1109214788700529,0.1058798283338546,0.1058798283338546,136850.0
2024-01-04,0.1058798283338546,0.1058798283338546,0.1058798283338546,0.1058798283338546,0.0
2024-01-05,0.1058798283338546,0.1058798283338546,0.1058798283338546,0.1058798283338546,0.0
2024-01-08,0.1058798283338546,0.1058798283338546,0.1058798283338546,0.1058798283338546,87500.0
2024-01-09,0.1058798220729455,0.1109214723110199,0.1058798220729455,0.1109214723110199,28875.0
2024-01-10,0.1058798220729455,0.1109214723110199,0.1058798220729455,0.1109214723110199,8750.0
2024-01-11,0.1109214723110199,0.1109214723110199,0.1109214723110199,0.1109214723110199,0.0
2024-01-12,0.1109214723110199,0.1109214723110199,0.1109214723110199,0.1109214723110199,52500.0
2024-01-15,0.1134422941431147,0.1134422941431147,0.1109214723110199,0.1109214723110199,124425.0
2024-01-16,0.1109214723110199,0.1109214723110199,0.1109214723110199,0.1109214723110199,0.0
2024-01-17,0.1109214723110199,0.1109214723110199,0.1109214723110199,0.1109214723110199,0.0
2024-01-18,0.1109214723110199,0.1109214723110199,0.1109214723110199,0.1109214723110199,0.0
2024-01-19,0.1109214865014935,0.1109214865014935,0.1084006577730178,0.1084006577730178,404600.0
2024-01-22,0.1084006577730178,0.1084006577730178,0.1084006577730178,0.1084006577730178,0.0
2024-01-23,0.1084006577730178,0.1084006577730178,0.1084006577730178,0.1084006577730178,8750.0
2024-01-24,0.1084006577730178,0.1084006577730178,0.1084006577730178,0.1084006577730178,0.0
2024-01-25,0.1084006443345512,0.1184839382767677,0.1084006443345512,0.1184839382767677,89775.0
2024-01-26,0.1134423017148854,0.1210047677159309,0.1134423017148854,0.1210047677159309,42525.0
2024-01-29,0.1210047677159309,0.1210047677159309,0.1210047677159309,0.1210047677159309,0.0
2024-01-30,0.1159631237387657,0.1159631237387657,0.1159631237387657,0.1159631237387657,8750.0
2024-01-31,0.1159631237387657,0.1159631237387657,0.1159631237387657,0.1159631237387657,182875.0
2024-02-01,0.1159631237387657,0.1159631237387657,0.1159631237387657,0.1159631237387657,8750.0
2024-02-02,0.1159631237387657,0.1159631237387657,0.1159631237387657,0.1159631237387657,0.0
2024-02-05,0.1159631237387657,0.1159631237387657,0.1159631237387657,0.1159631237387657,175000.0
2024-02-06,0.1184839382767677,0.1210047601188506,0.1184839382767677,0.1184839382767677,104650.0
2024-02-07,0.1184839457396257,0.1184839457396257,0.1159631237387657,0.1159631237387657,96075.0
2024-02-08,0.1134422942996025,0.1134422942996025,0.1134422942996025,0.1134422942996025,12075.0
2024-02-09,0.1134422942996025,0.1134422942996025,0.1134422942996025,0.1134422942996025,0.0
2024-02-13,0.1134422942996025,0.1134422942996025,0.1134422942996025,0.1134422942996025,0.0
2024-02-14,0.1134422942996025,0.1134422942996025,0.1134422942996025,0.1134422942996025,21000.0
2024-02-15,0.1184839379707468,0.1210047598063189,0.1134422942996025,0.1134422942996025,234500.0
2024-02-16,0.1184839583357784,0.1260473060430364,0.1184839583357784,0.1235264837741851,16275.0
2024-02-19,0.1210047677159309,0.1235264706168898,0.1210047677159309,0.1210047677159309,345450.0
2024-02-20,0.1184839382767677,0.1184839382767677,0.1184839382767677,0.1184839382767677,8750.0
2024-02-21,0.1210047677159309,0.1210047677159309,0.1210047677159309,0.1210047677159309,99050.0
2024-02-22,0.1210047677159309,0.1210047677159309,0.1210047677159309,0.1210047677159309,0.0
2024-02-23,0.1210047806046297,0.1235264837741851,0.1210047806046297,0.1235264837741851,17675.0
2024-02-26,0.1210047677159309,0.1210047677159309,0.1184839457155824,0.1210047677159309,155575.0
2024-02-27,0.1260473054934895,0.1336097722670721,0.1235264832356286,0.1285681277513504,3728900.0
2024-02-28,0.1310889273881912,0.1310889273881912,0.1260472837424676,0.1310889273881912,851375.0
2024-02-29,0.1310889270434926,0.1310889270434926,0.126047283411026,0.126047283411026,199850.0
2024-03-01,0.1260473054934895,0.1285681277513504,0.1260473054934895,0.1285681277513504,141575.0
2024-03-04,0.1285681128942365,0.1336097568273544,0.1285681128942365,0.1336097568273544,369775.0
2024-03-05,0.1310889273881912,0.1310889273881912,0.1260472837424676,0.1310889273881912,206675.0
2024-03-06,0.1310889273881912,0.1310889273881912,0.1310889273881912,0.1310889273881912,0.0
2024-03-07,0.1285681277513504,0.1310889500092112,0.1285681277513504,0.1285681277513504,177625.0
2024-03-08,0.1285681052272593,0.1310889270434926,0.126047283411026,0.126047283411026,95900.0
2024-03-11,0.1310889500092112,0.1336097722670721,0.1285681277513504,0.1285681277513504,14700.0
2024-03-12,0.1310889273881912,0.133609749211053,0.1310889273881912,0.1310889273881912,117425.0
2024-03-13,0.1310889273881912,0.1310889273881912,0.1310889273881912,0.1310889273881912,0.0
2024-03-14,0.1285681277513504,0.1310889500092112,0.1285681277513504,0.1285681277513504,118125.0
2024-03-15,0.1285681055653294,0.1310889273881912,0.1285681055653294,0.1310889273881912,8050.0
2024-03-18,0.1285681277513504,0.1310889500092112,0.1285681277513504,0.1285681277513504,99925.0
2024-03-19,0.1260472837424676,0.1310889273881912,0.1260472837424676,0.1310889273881912,17675.0
2024-03-20,0.1310889273881912,0.1310889273881912,0.1310889273881912,0.1310889273881912,26250.0
2024-03-21,0.1285681277513504,0.1310889500092112,0.1285681277513504,0.1285681277513504,55125.0
2024-03-22,0.1285681277513504,0.1285681277513504,0.1285681277513504,0.1285681277513504,78750.0
2024-03-25,0.1285681277513504,0.1285681277513504,0.1285681277513504,0.1285681277513504,0.0
2024-03-26,0.1310889273881912,0.1310889273881912,0.1310889273881912,0.1310889273881912,26775.0
2024-03-27,0.1310889273881912,0.1310889273881912,0.1310889273881912,0.1310889273881912,0.0
2024-03-28,0.1310889273881912,0.1310889273881912,0.1310889273881912,0.1310889273881912,175000.0
2024-04-01,0.1260472837424676,0.1310889273881912,0.1260472837424676,0.1310889273881912,119000.0
2024-04-02,0.1310889273881912,0.1310889273881912,0.1310889273881912,0.1310889273881912,0.0
2024-04-03,0.1285681128942365,0.1336097568273544,0.1285681128942365,0.1336097568273544,171500.0
2024-04-04,0.133609749211053,0.133609749211053,0.1310889273881912,0.1310889273881912,215600.0
2024-04-05,0.1310889273881912,0.1310889273881912,0.1310889273881912,0.1310889273881912,507850.0
2024-04-08,0.1310889273881912,0.133609749211053,0.1285681055653294,0.1310889273881912,218925.0
2024-04-09,0.1310889420566492,0.1361305862665176,0.1310889420566492,0.1361305862665176,476525.0
2024-04-11,0.1361305934674029,0.1386514157056808,0.1336097712291251,0.1386514157056808,632625.0
2024-04-12,0.1386514083714518,0.1386514083714518,0.1361305862665176,0.1361305862665176,295750.0
2024-04-15,0.1386514083714518,0.1386514083714518,0.1361305862665176,0.1361305862665176,166950.0
2024-04-16,0.1361305862665176,0.1386514083714518,0.1336097641615834,0.1361305862665176,272125.0
2024-04-17,0.1361305862665176,0.1386514083714518,0.1336097641615834,0.1361305862665176,435750.0
2024-04-18,0.1361305787939133,0.1386514007604723,0.1336097568273544,0.1336097568273544,53550.0
2024-04-19,0.1361305787939133,0.1386514007604723,0.1336097568273544,0.1336097568273544,54425.0
2024-04-22,0.1361305934674029,0.1386514157056808,0.1336097712291251,0.1386514157056808,107275.0
2024-04-23,0.1361305934674029,0.1411731188446522,0.1361305934674029,0.1386514157056808,127050.0
2024-04-24,0.1411731188446522,0.1411731188446522,0.1386514157056808,0.1386514157056808,65975.0
2024-04-25,0.141173116252544,0.1487355828285217,0.141173116252544,0.1487355828285217,873775.0
2024-04-26,0.1487355828285217,0.1487355828285217,0.1436939384445366,0.1487355828285217,289275.0
2024-04-29,0.1487355828285217,0.1487355828285217,0.1487355828285217,0.1487355828285217,87500.0
2024-04-30,0.1487355753020917,0.1537772194309557,0.1487355753020917,0.1512563973665237,961800.0
2024-05-02,0.1537772194309557,0.1537772194309557,0.1512563973665237,0.1512563973665237,111300.0
2024-05-03,0.1537772194309557,0.1537772194309557,0.1512563973665237,0.1512563973665237,305900.0
2024-05-06,0.1487355828285217,0.1487355828285217,0.1487355828285217,0.1487355828285217,391650.0
2024-05-07,0.1487355754564059,0.1487355754564059,0.1436939313223111,0.1462147533893585,395500.0
2024-05-08,0.1512564050205142,0.1512564050205142,0.1462147606365292,0.1487355828285217,264250.0
2024-05-09,0.1567031592130661,0.1567031592130661,0.1567031592130661,0.1567031592130661,0.0
2024-05-10,0.1487355828285217,0.1513914423001109,0.1487355828285217,0.1487355828285217,79975.0
2024-05-13,0.148735557764069,0.1513914167881012,0.148735557764069,0.1513914167881012,49000.0
2024-05-14,0.1487355828285217,0.1513914423001109,0.1487355828285217,0.1487355828285217,321650.0
2024-05-15,0.1487355828285217,0.1487355828285217,0.1487355828285217,0.1487355828285217,0.0
2024-05-16,0.1540472758121333,0.1567031348361654,0.1460787706507728,0.1513914167881012,367850.0
2024-05-17,0.1513914423001109,0.1540473017717001,0.1487355828285217,0.1487355828285217,29400.0
2024-05-20,0.1513914167881012,0.1540472758121333,0.1513914167881012,0.1513914167881012,21175.0
2024-05-21,0.1513914423001109,0.1513914423001109,0.1487355828285217,0.1487355828285217,145250.0
2024-05-23,0.1513914302910631,0.1593590080738067,0.1513914302910631,0.1593590080738067,143675.0
2024-05-24,0.1567031548137839,0.1567031548137839,0.1540472954511642,0.1540472954511642,127225.0
2024-05-27,0.1567031488128922,0.1593590080738067,0.1567031488128922,0.1593590080738067,70350.0
2024-05-28,0.1567031488128922,0.1620148673347212,0.1567031488128922,0.1593590080738067,674450.0
2024-05-29,0.1593590125010107,0.1620148718357086,0.1593590125010107,0.1620148718357086,51800.0
2024-05-30,0.1620148672723076,0.1859194706421031,0.1620148672723076,0.1699833869934082,367325.0
2024-05-31,0.1699833856607439,0.1779509633779525,0.1673275264216743,0.1779509633779525,830550.0
2024-06-03,0.1779509633779525,0.1806068226170221,0.1726392448998134,0.1779509633779525,163800.0
2024-06-04,0.1779509587865957,0.1779509587865957,0.1752950996160507,0.1752950996160507,20825.0
2024-06-05,0.1752951100844598,0.1779509694136095,0.17263925075531,0.17263925075531,138250.0
2024-06-06,0.17263925075531,0.1752951100844598,0.17263925075531,0.17263925075531,156100.0
2024-06-07,0.1726392404455056,0.1752950996160507,0.1726392404455056,0.1752950996160507,84000.0
2024-06-10,0.175295105513191,0.175295105513191,0.1699833869934082,0.1699833869934082,1750.0
2024-06-11,0.1726392462532996,0.1726392462532996,0.1699833869934082,0.1699833869934082,155750.0
2024-06-12,0.1699833869934082,0.1699833869934082,0.1699833869934082,0.1699833869934082,75250.0
2024-06-13,0.1699833869934082,0.1699833869934082,0.1699833869934082,0.1699833869934082,0.0
2024-06-14,0.1699833869934082,0.1699833869934082,0.1699833869934082,0.1699833869934082,0.0
2024-06-18,0.1699833812749605,0.1806068179571408,0.1673275221044155,0.1752950996160507,601125.0
2024-06-19,0.1806068226170221,0.1806068226170221,0.1779509633779525,0.1779509633779525,291900.0
2024-06-20,0.1779509633779525,0.1779509633779525,0.175295104138883,0.1779509633779525,588525.0
2024-06-21,0.1779509587865957,0.1779509587865957,0.1752950996160507,0.1752950996160507,178675.0
2024-06-24,0.1752950996160507,0.1779509587865957,0.1752950996160507,0.1752950996160507,209475.0
2024-06-25,0.1752950996160507,0.1752950996160507,0.1699833812749605,0.1752950996160507,668325.0
2024-06-26,0.1779509694136095,0.1779509694136095,0.1699833914261603,0.17263925075531,14350.0
2024-06-27,0.1779509633779525,0.1779509633779525,0.175295104138883,0.1779509633779525,35350.0
2024-06-28,0.1779509633779525,0.1779509633779525,0.1779509633779525,0.1779509633779525,175.0
2024-07-01,0.1752950996160507,0.1752950996160507,0.1752950996160507,0.1752950996160507,17500.0
2024-07-02,0.17263925075531,0.17263925075531,0.1699833914261603,0.17263925075531,642775.0
2024-07-03,0.17263925075531,0.17263925075531,0.17263925075531,0.17263925075531,147350.0
2024-07-04,0.1726392404455056,0.1779509587865957,0.1726392404455056,0.1752950996160507,74025.0
2024-07-05,0.175295105513191,0.175295105513191,0.1699833869934082,0.1699833869934082,192500.0
2024-07-08,0.1726392262341851,0.1726392262341851,0.1673275083303451,0.1673275083303451,700000.0
2024-07-09,0.1699833869934082,0.1699833869934082,0.1699833869934082,0.1699833869934082,60200.0
2024-07-10,0.1699833869934082,0.1699833869934082,0.1699833869934082,0.1699833869934082,70525.0
2024-07-11,0.1699833812749605,0.1752950996160507,0.1699833812749605,0.1752950996160507,43575.0
2024-07-12,0.1699833914261603,0.17263925075531,0.1699833914261603,0.17263925075531,37975.0
2024-07-15,0.17263925075531,0.1752951100844598,0.17263925075531,0.17263925075531,63525.0
2024-07-16,0.175295104138883,0.1779509633779525,0.175295104138883,0.1779509633779525,51625.0
2024-07-17,0.1779509633779525,0.1779509633779525,0.1779509633779525,0.1779509633779525,42000.0
2024-07-18,0.1779509576921727,0.1832626760005951,0.1779509576921727,0.1832626760005951,402150.0
2024-07-19,0.1832626818560916,0.1859194691845005,0.175295104138883,0.1779509633779525,225400.0
2024-07-22,0.1752950996160507,0.1752950996160507,0.1752950996160507,0.1752950996160507,100800.0
2024-07-23,0.1832626771276859,0.1832626771276859,0.1752950996160507,0.1752950996160507,145250.0
2024-07-24,0.175295108528697,0.1806068271398544,0.175295108528697,0.1806068271398544,61075.0
2024-07-25,0.1726392462532996,0.1726392462532996,0.1699833869934082,0.1699833869934082,109375.0
2024-07-26,0.1699833869934082,0.1699833869934082,0.1699833869934082,0.1699833869934082,0.0
2024-07-29,0.1779509633779525,0.1779509633779525,0.1779509633779525,0.1779509633779525,18200.0
2024-07-30,0.1779509678342757,0.1806068271398544,0.1779509678342757,0.1806068271398544,3675.0
2024-07-31,0.1806068271398544,0.1806068271398544,0.1806068271398544,0.1806068271398544,0.0
2024-08-01,0.1806068271398544,0.1806068271398544,0.1806068271398544,0.1806068271398544,0.0
2024-08-02,0.1726392462532996,0.1726392462532996,0.1673275277335167,0.1699833869934082,223300.0
2024-08-05,0.1673275324465571,0.1673275324465571,0.1620148718357086,0.1620148718357086,6475.0
2024-08-06,0.1620148615306786,0.1646707206964492,0.1593590023649079,0.1646707206964492,99225.0
2024-08-07,0.162014848485188,0.1673275083303451,0.162014848485188,0.1673275083303451,38850.0
2024-08-08,0.1673275221044155,0.1779509587865957,0.1673275221044155,0.1752950996160507,624925.0
2024-08-12,0.1752950996160507,0.1752950996160507,0.1726392404455056,0.1752950996160507,352275.0
2024-08-13,0.1673275083303451,0.1673275083303451,0.1673275083303451,0.1673275083303451,98000.0
2024-08-14,0.1699833672822651,0.1699833672822651,0.1673275083303451,0.1673275083303451,204750.0
2024-08-15,0.1673275083303451,0.1699833672822651,0.1673275083303451,0.1673275083303451,275100.0
2024-08-16,0.1673275083303451,0.1673275083303451,0.1673275083303451,0.1673275083303451,0.0
2024-08-19,0.1699833869934082,0.1699833869934082,0.1699833869934082,0.1699833869934082,86625.0
2024-08-20,0.1699833869934082,0.1699833869934082,0.1699833869934082,0.1699833869934082,0.0
2024-08-21,0.17263925075531,0.17263925075531,0.17263925075531,0.17263925075531,11900.0
2024-08-22,0.1752950851861051,0.1752950851861051,0.1673275083303451,0.1673275083303451,376600.0
2024-08-23,0.1673275083303451,0.1673275083303451,0.1673275083303451,0.1673275083303451,0.0
2024-08-26,0.1726392448998134,0.18857532842357,0.1726392448998134,0.1779509633779525,221550.0
2024-08-27,0.1806068226170221,0.1806068226170221,0.1779509633779525,0.1779509633779525,175525.0
2024-08-28,0.1752950996160507,0.1752950996160507,0.1752950996160507,0.1752950996160507,52500.0
2024-08-29,0.1779509587865957,0.1806068179571408,0.1752950996160507,0.1752950996160507,223300.0
2024-08-30,0.1806068271398544,0.1806068271398544,0.175295108528697,0.1806068271398544,21700.0
2024-09-02,0.1779509678342757,0.1806068271398544,0.1779509678342757,0.1806068271398544,51450.0
2024-09-03,0.1779509678342757,0.1806068271398544,0.175295108528697,0.1806068271398544,123900.0
2024-09-04,0.175295104138883,0.1779509633779525,0.175295104138883,0.1779509633779525,27125.0
2024-09-05,0.1779509580658163,0.1859194636344909,0.172639239746241,0.1859194636344909,749525.0
2024-09-06,0.1859194738403743,0.1859194738403743,0.1806068271398544,0.1806068271398544,117425.0
2024-09-09,0.1806068271398544,0.1806068271398544,0.1806068271398544,0.1806068271398544,102900.0
2024-09-10,0.1806068271398544,0.1806068271398544,0.1806068271398544,0.1806068271398544,31500.0
2024-09-11,0.1779509633779525,0.1832626818560916,0.1779509633779525,0.1779509633779525,54250.0
2024-09-12,0.1806068271398544,0.1806068271398544,0.1806068271398544,0.1806068271398544,2450.0
2024-09-13,0.1806068168463839,0.1832626760005951,0.1779509576921727,0.1832626760005951,4725.0
2024-09-16,0.1806068271398544,0.1806068271398544,0.1806068271398544,0.1806068271398544,2100.0
2024-09-17,0.180606817225604,0.1859194636344909,0.180606817225604,0.1859194636344909,35700.0
2024-09-18,0.1832626864454331,0.1859194738403743,0.1806068271398544,0.1806068271398544,28525.0
2024-09-19,0.1859194828630859,0.188575342297554,0.1832626953392102,0.188575342297554,296100.0
2024-09-20,0.1832626760005951,0.1832626760005951,0.1832626760005951,0.1832626760005951,17500.0
2024-09-23,0.1859194632441158,0.188575322398327,0.1832626760005951,0.1832626760005951,158025.0
2024-09-24,0.1859194828630859,0.188575342297554,0.1859194828630859,0.188575342297554,213325.0
2024-09-25,0.188575342297554,0.188575342297554,0.188575342297554,0.188575342297554,0.0
2024-09-26,0.1859194636344909,0.1859194636344909,0.1859194636344909,0.1859194636344909,3850.0
2024-09-27,0.1912312017320221,0.1912312017320221,0.1859194828630859,0.188575342297554,53025.0
2024-09-30,0.188575322398327,0.188575322398327,0.1832626760005951,0.1832626760005951,5775.0
2024-10-01,0.1832626864454331,0.188575333145953,0.1806068271398544,0.1806068271398544,116550.0
2024-10-02,0.1832626760005951,0.1832626760005951,0.1832626760005951,0.1832626760005951,87500.0
2024-10-03,0.1832626864454331,0.1832626864454331,0.1779509678342757,0.1806068271398544,107625.0
2024-10-04,0.1806068271398544,0.1806068271398544,0.1806068271398544,0.1806068271398544,8750.0
2024-10-07,0.1779509633779525,0.1779509633779525,0.1779509633779525,0.1779509633779525,19075.0
2024-10-08,0.1779509633779525,0.1779509633779525,0.1779509633779525,0.1779509633779525,0.0
2024-10-09,0.1779509633779525,0.1779509633779525,0.1779509633779525,0.1779509633779525,0.0
2024-10-10,0.1779509633779525,0.1779509633779525,0.1779509633779525,0.1779509633779525,0.0
2024-10-11,0.1779509633779525,0.1779509633779525,0.1779509633779525,0.1779509633779525,0.0
2024-10-14,0.1806068226170221,0.1806068226170221,0.1779509633779525,0.1779509633779525,17500.0
2024-10-15,0.1779509633779525,0.1779509633779525,0.1779509633779525,0.1779509633779525,6125.0
2024-10-16,0.1806068271398544,0.1806068271398544,0.1726392492231183,0.1806068271398544,275975.0
2024-10-17,0.1806068271398544,0.1806068271398544,0.1806068271398544,0.1806068271398544,0.0
2024-10-18,0.1806068271398544,0.1806068271398544,0.1806068271398544,0.1806068271398544,0.0
2024-10-21,0.1779509633779525,0.1806068226170221,0.1779509633779525,0.1779509633779525,175000.0
2024-10-22,0.1779509633779525,0.1779509633779525,0.1779509633779525,0.1779509633779525,70525.0
2024-10-23,0.1779509633779525,0.1779509633779525,0.1779509633779525,0.1779509633779525,35000.0
2024-10-24,0.175295104138883,0.1779509633779525,0.175295104138883,0.1779509633779525,17500.0
2024-10-25,0.1752950996160507,0.1752950996160507,0.1752950996160507,0.1752950996160507,1050.0
2024-10-28,0.1779509587865957,0.1806068179571408,0.1752950996160507,0.1752950996160507,55825.0
2024-10-29,0.1752950996160507,0.1779509587865957,0.1752950996160507,0.1752950996160507,83475.0
2024-10-30,0.1752951100844598,0.1752951100844598,0.17263925075531,0.17263925075531,179900.0
2024-11-01,0.17263925075531,0.17263925075531,0.17263925075531,0.17263925075531,0.0
2024-11-04,0.1726392462532996,0.1726392462532996,0.1673275277335167,0.1699833869934082,66325.0
2024-11-05,0.1699833869934082,0.1699833869934082,0.1699833869934082,0.1699833869934082,0.0
2024-11-06,0.1699833869934082,0.1699833869934082,0.1699833869934082,0.1699833869934082,0.0
2024-11-07,0.1673275324465571,0.1726392511159527,0.1593590125010107,0.1620148718357086,440300.0
2024-11-08,0.164670707437108,0.1673275083303451,0.164670707437108,0.1673275083303451,29750.0
2024-11-11,0.1673275277335167,0.1726392462532996,0.1673275277335167,0.1699833869934082,30275.0
2024-11-12,0.1699833672822651,0.1699833672822651,0.1673275083303451,0.1673275083303451,11725.0
2024-11-13,0.1699833672822651,0.1699833672822651,0.1673275083303451,0.1673275083303451,92575.0
2024-11-14,0.1673275083303451,0.1673275083303451,0.1673275083303451,0.1673275083303451,1750.0
2024-11-15,0.1699833869934082,0.1699833869934082,0.1699833869934082,0.1699833869934082,51625.0
2024-11-18,0.1699833869934082,0.1699833869934082,0.1699833869934082,0.1699833869934082,0.0
2024-11-19,0.1699833869934082,0.1699833869934082,0.1699833869934082,0.1699833869934082,0.0
2024-11-20,0.1699833869934082,0.1699833869934082,0.1699833869934082,0.1699833869934082,0.0
2024-11-21,0.1699833914261603,0.17263925075531,0.1699833914261603,0.17263925075531,123375.0
2024-11-22,0.1699833869934082,0.1699833869934082,0.1699833869934082,0.1699833869934082,77000.0
2024-11-25,0.1699833869934082,0.1699833869934082,0.1673275277335167,0.1699833869934082,100625.0
2024-11-26,0.1699833869934082,0.1699833869934082,0.1699833869934082,0.1699833869934082,0.0
2024-11-27,0.1699833869934082,0.1699833869934082,0.1673275277335167,0.1699833869934082,25375.0
2024-11-28,0.1699833869934082,0.1699833869934082,0.1699833869934082,0.1699833869934082,0.0
2024-11-29,0.1699833869934082,0.1699833869934082,0.1699833869934082,0.1699833869934082,0.0
2024-12-02,0.1699833869934082,0.1699833869934082,0.1699833869934082,0.1699833869934082,0.0
2024-12-03,0.1699833869934082,0.175295105513191,0.1673275277335167,0.1699833869934082,228025.0
2024-12-04,0.1699833869934082,0.1699833869934082,0.1699833869934082,0.1699833869934082,0.0
2024-12-05,0.1699833869934082,0.1699833869934082,0.1699833869934082,0.1699833869934082,0.0
2024-12-06,0.1699833869934082,0.175295105513191,0.1699833869934082,0.1699833869934082,35175.0
2024-12-09,0.17263925075531,0.17263925075531,0.17263925075531,0.17263925075531,10850.0
2024-12-10,0.1699833869934082,0.1699833869934082,0.1699833869934082,0.1699833869934082,122500.0
2024-12-11,0.1699833914261603,0.17263925075531,0.1699833914261603,0.17263925075531,185850.0
2024-12-12,0.1699833869934082,0.1699833869934082,0.1699833869934082,0.1699833869934082,16100.0
2024-12-13,0.1726392462532996,0.1726392462532996,0.1699833869934082,0.1699833869934082,210000.0
2024-12-16,0.1699833869934082,0.1699833869934082,0.1699833869934082,0.1699833869934082,413875.0
2024-12-17,0.1699833869934082,0.1699833869934082,0.1699833869934082,0.1699833869934082,0.0
2024-12-18,0.1699833869934082,0.1699833869934082,0.1699833869934082,0.1699833869934082,0.0
2024-12-19,0.1699833869934082,0.1699833869934082,0.1699833869934082,0.1699833869934082,26425.0
2024-12-20,0.1699833869934082,0.1699833869934082,0.1699833869934082,0.1699833869934082,0.0
2024-12-23,0.1699833869934082,0.1699833869934082,0.1699833869934082,0.1699833869934082,8750.0
2024-12-24,0.1699833869934082,0.1699833869934082,0.1699833869934082,0.1699833869934082,0.0
2024-12-26,0.1752950996160507,0.1752950996160507,0.1752950996160507,0.1752950996160507,23450.0
2024-12-27,0.1699833914261603,0.17263925075531,0.1620148714972602,0.17263925075531,279300.0
2024-12-30,0.1699833914261603,0.1752951100844598,0.1699833914261603,0.17263925075531,141750.0
2024-12-31,0.17263925075531,0.17263925075531,0.17263925075531,0.17263925075531,133350.0
2025-01-02,0.1726392462532996,0.1726392462532996,0.1699833869934082,0.1699833869934082,84175.0
2025-01-03,0.1752950996160507,0.1752950996160507,0.1752950996160507,0.1752950996160507,2625.0
2025-01-06,0.1752950996160507,0.1752950996160507,0.1752950996160507,0.1752950996160507,7175.0
2025-01-07,0.1752950996160507,0.1752950996160507,0.1752950996160507,0.1752950996160507,0.0
2025-01-08,0.1726392448998134,0.1779509633779525,0.1699833856607439,0.1779509633779525,52675.0
2025-01-09,0.175295104138883,0.1779509633779525,0.175295104138883,0.1779509633779525,176750.0
2025-01-10,0.1779509633779525,0.1779509633779525,0.1779509633779525,0.1779509633779525,0.0
2025-01-13,0.1779509633779525,0.1779509633779525,0.1779509633779525,0.1779509633779525,0.0
2025-01-14,0.1779509694136095,0.1779509694136095,0.17263925075531,0.17263925075531,64050.0
2025-01-15,0.17263925075531,0.17263925075531,0.17263925075531,0.17263925075531,8750.0
2025-01-16,0.1752950996160507,0.1752950996160507,0.1752950996160507,0.1752950996160507,175.0
2025-01-17,0.1752950996160507,0.1779509587865957,0.1752950996160507,0.1752950996160507,93450.0
2025-01-20,0.175295108528697,0.1806068271398544,0.175295108528697,0.1806068271398544,161875.0
2025-01-21,0.1806068226170221,0.1806068226170221,0.175295104138883,0.1779509633779525,86975.0
2025-01-22,0.1752951100844598,0.1752951100844598,0.17263925075531,0.17263925075531,7175.0
2025-01-23,0.1752950996160507,0.1806068179571408,0.1726392404455056,0.1752950996160507,50400.0
2025-01-24,0.1779509633779525,0.1779509633779525,0.175295104138883,0.1779509633779525,189525.0
2025-01-27,0.1779509633779525,0.1779509633779525,0.1779509633779525,0.1779509633779525,0.0
2025-01-28,0.1779509633779525,0.1779509633779525,0.1779509633779525,0.1779509633779525,0.0
2025-01-31,0.1779509576921727,0.1832626760005951,0.1779509576921727,0.1832626760005951,145950.0
2025-02-03,0.1806068271398544,0.1806068271398544,0.1806068271398544,0.1806068271398544,214375.0
2025-02-04,0.1832626852060845,0.1912311911582946,0.1832626852060845,0.1912311911582946,446950.0
2025-02-05,0.1912311955712899,0.1965429142691031,0.1912311955712899,0.1938870549201965,221725.0
2025-02-06,0.1938870549201965,0.1938870549201965,0.1938870549201965,0.1938870549201965,26250.0
2025-02-07,0.1938870504459126,0.1938870504459126,0.1912311911582946,0.1912311911582946,155225.0
2025-02-10,0.1938870533236303,0.2018546313047409,0.1938870533236303,0.2018546313047409,493675.0
2025-02-11,0.2018546315194045,0.207167278268498,0.196542912859682,0.2045114189386367,223825.0
2025-02-12,0.2045114187211477,0.2045114187211477,0.1965429126506672,0.2018546313047409,192850.0
2025-02-13,0.2018546268107471,0.2018546268107471,0.199198767542839,0.199198767542839,22400.0
2025-02-14,0.1965429037809372,0.1991987629881185,0.1965429037809372,0.1965429037809372,77875.0
2025-02-17,0.1965429037809372,0.1965429037809372,0.1965429037809372,0.1965429037809372,21000.0
2025-02-18,0.2018546268107471,0.2018546268107471,0.199198767542839,0.199198767542839,328300.0
2025-02-19,0.199198771977704,0.2071672780481846,0.199198771977704,0.2018546313047409,501550.0
2025-02-20,0.199198767542839,0.2018546268107471,0.199198767542839,0.199198767542839,107100.0
2025-02-21,0.2018546315194045,0.207167278268498,0.2018546315194045,0.2045114189386367,766675.0
2025-02-24,0.2018546315194045,0.2045114189386367,0.2018546315194045,0.2045114189386367,283850.0
2025-02-25,0.2045114130543868,0.2124789908147255,0.2045114130543868,0.2098231315612793,971075.0
2025-02-26,0.2310709454392247,0.2602872687449519,0.2310709454392247,0.2576304674148559,5553625.0
2025-02-27,0.254974608026232,0.2602872687449519,0.249662889248984,0.2576304674148559,2231075.0
2025-02-28,0.2576304538584555,0.2629431142976257,0.2523187353607079,0.2602872550487518,1107575.0
2025-03-03,0.2602872681857044,0.2735665651002927,0.2602872681857044,0.2682548463344574,1714650.0
2025-03-04,0.2709107012508154,0.2709107012508154,0.2655989825725555,0.2655989825725555,677075.0
2025-03-05,0.2655989869515397,0.2682548463344574,0.2655989869515397,0.2682548463344574,338800.0
2025-03-06,0.2655989665200989,0.276222403234552,0.2655989665200989,0.2735665440559387,1922900.0
2025-03-07,0.2735665645572985,0.2788792252540588,0.2735665645572985,0.2788792252540588,631050.0
2025-03-10,0.2788792000757733,0.2815350592136383,0.2735665398586604,0.2815350592136383,1775375.0
2025-03-11,0.2815350846317049,0.2815350846317049,0.2762224239349446,0.2788792252540588,809900.0
2025-03-12,0.2815350637944621,0.2895026413376964,0.2815350637944621,0.2841909229755401,1279250.0
2025-03-13,0.2841909570403393,0.2895026760391894,0.2841909570403393,0.2868468165397644,347025.0
2025-03-14,0.2868468165397644,0.2895026760391894,0.2868468165397644,0.2868468165397644,440825.0
2025-03-17,0.286846813533347,0.2974711656570434,0.286846813533347,0.2974711656570434,748300.0
2025-03-18,0.2948143780231476,0.297471151606589,0.2921585186770026,0.2948143780231476,572425.0
2025-03-19,0.2921584844589233,0.2948143434940098,0.2921584844589233,0.2921584844589233,207375.0
2025-03-20,0.2921584844589233,0.2948143434940098,0.284190907353664,0.2921584844589233,405125.0
2025-03-21,0.2948143690295956,0.29747114253199,0.2895026504993438,0.2895026504993438,298375.0
2025-03-24,0.2895026254238368,0.2974711167662856,0.2895026254238368,0.2921584844589233,1109500.0
2025-03-25,0.2921584844589233,0.2948143434940098,0.2921584844589233,0.2921584844589233,168875.0
2025-03-26,0.2921584844589233,0.2974711167662856,0.2921584844589233,0.2921584844589233,579950.0
2025-03-27,0.2948143919481146,0.2974711656570434,0.2921585324765254,0.2974711656570434,1198050.0
2025-03-28,0.2974711403707925,0.3054387181082837,0.2974711403707925,0.3001269996166229,1119475.0
2025-04-01,0.2974711618030505,0.3134063184261322,0.2974711618030505,0.3134063184261322,1378475.0
2025-04-02,0.3160630620559331,0.3346550166606903,0.3160630620559331,0.3346550166606903,1598975.0
2025-04-03,0.3346550425392019,0.3638704075066752,0.3346550425392019,0.3612145483493805,2033500.0
2025-04-04,0.3585587299373446,0.3585587299373446,0.3266865602493538,0.3373109400272369,1715350.0
2025-04-07,0.321374817859551,0.321374817859551,0.2709106937020346,0.2895026504993438,4594100.0
2025-04-08,0.2895026839623301,0.3160631358623504,0.2868468243902192,0.3160631358623504,2161425.0
2025-04-09,0.3187189446327252,0.3213748037815094,0.3027828477986334,0.3213748037815094,1955450.0
2025-04-10,0.3319982157674532,0.3399667345645303,0.3293423568155331,0.3346550166606903,1075025.0
2025-04-11,0.3319982543276014,0.3373109147898008,0.3160630987652826,0.3293423950672149,1435175.0
2025-04-14,0.3399667739868164,0.3452784925065992,0.3346550554670335,0.3399667739868164,772275.0
2025-04-15,0.3399667739868164,0.3426226332467078,0.3346550554670335,0.3399667739868164,405125.0
2025-04-16,0.3399667740501873,0.3399667740501873,0.324030676546442,0.3293423950672149,574000.0
2025-04-17,0.3293423568155331,0.3399667345645303,0.3293423568155331,0.3346550166606903,286475.0
2025-04-21,0.3373108756126103,0.3373108756126103,0.3346550166606903,0.3346550166606903,320075.0
2025-04-22,0.3346550166606903,0.3452784524683703,0.3346550166606903,0.3346550166606903,948675.0
2025-04-23,0.3426226332467078,0.3452784925065992,0.3399667739868164,0.3399667739868164,402325.0
2025-04-24,0.3426226072001078,0.3426226072001078,0.3319982290267944,0.3319982290267944,758450.0
2025-04-25,0.3346550554670335,0.3399667739868164,0.3346550554670335,0.3399667739868164,248675.0
2025-04-28,0.3373109400272369,0.34262265894543,0.3319982791675469,0.3373109400272369,774900.0
2025-04-29,0.334655044208831,0.3505901992321014,0.334655044208831,0.3505901992321014,778750.0
2025-04-30,0.3505901992321014,0.3559028318104276,0.3426226217204662,0.3505901992321014,525000.0
2025-05-02,0.3505901992321014,0.3532469726398825,0.3452784808910112,0.3505901992321014,407400.0
2025-05-05,0.3559028318104276,0.3559028318104276,0.3505901992321014,0.3505901992321014,319550.0
2025-05-06,0.3505902246355079,0.3505902246355079,0.345278505909536,0.347934365272522,269500.0
2025-05-07,0.3505902246355079,0.353246998235796,0.345278505909536,0.347934365272522,310100.0
2025-05-08,0.3479353229377447,0.3479353229377447,0.3451730906963348,0.3451730906963348,261450.0
2025-05-09,0.3424118377758375,0.3451730906963348,0.3424118377758375,0.3451730906963348,92925.0
2025-05-13,0.3451730867371119,0.3506965718356634,0.3451730867371119,0.3479353189468384,449750.0
2025-05-14,0.3479353295218969,0.3755488097667694,0.3479353295218969,0.3755488097667694,1188950.0
2025-05-15,0.3755488180263839,0.3755488180263839,0.3700263119594253,0.3727875649929046,309575.0
2025-05-16,0.3672650506835551,0.3727875566265742,0.3645028471946716,0.3645028471946716,333200.0
2025-05-19,0.3645028421918804,0.3700262985764642,0.3645028421918804,0.3672650456428528,247275.0
2025-05-20,0.3672650590063703,0.3672650590063703,0.3617416024208069,0.3617416024208069,167650.0
2025-05-21,0.3617416057613579,0.3617416057613579,0.3506965935230255,0.3506965935230255,656075.0
2025-05-22,0.3506965853020361,0.3562190912917444,0.3506965853020361,0.3534578382968902,361900.0
2025-05-23,0.3562190833910462,0.3672650456428528,0.3562190833910462,0.3672650456428528,589925.0
2025-05-26,0.3645028421918804,0.3672650456428528,0.361741589258269,0.3672650456428528,776475.0
2025-05-27,0.3700262971341993,0.3893560469150543,0.3700262971341993,0.3893560469150543,2980600.0
2025-05-28,0.3893560592320282,0.3893560592320282,0.3810713208804872,0.383832573890686,1655850.0
2025-05-29,0.3865948072132656,0.3948785662651062,0.3865948072132656,0.3948785662651062,1087800.0
2025-05-30,0.389356044198502,0.4004010558128357,0.3865947912949186,0.4004010558128357,971950.0
2025-06-02,0.4197308337973476,0.4335380497648224,0.4169695519037776,0.4224920868873596,2181900.0
2025-06-03,0.4252542760444754,0.4280155290406589,0.4142082847388018,0.4169695377349853,596750.0
2025-06-04,0.4197308337973476,0.4280155435847984,0.4197308337973476,0.4224920868873596,270375.0
2025-06-05,0.4224920725309094,0.4252542760444754,0.4169695377349853,0.4169695377349853,365750.0
2025-06-06,0.4169695305589534,0.4197308123111725,0.4086857717129661,0.4197308123111725,771575.0
2025-06-09,0.4224920817616254,0.4252542853355407,0.4224920817616254,0.4252542853355407,495600.0
2025-06-10,0.4280155383920528,0.4280155383920528,0.4252542853355407,0.4252542853355407,385700.0
2025-06-11,0.4224920575467753,0.433538019657135,0.4224920575467753,0.433538019657135,566475.0
2025-06-12,0.4335380420814094,0.4528677926898932,0.4335380420814094,0.4473452866077423,2225475.0
2025-06-13,0.4473452866077423,0.4501065396488177,0.4418218012046359,0.4473452866077423,530075.0
2025-06-16,0.4501065218985184,0.4501065218985184,0.4390605308488683,0.4418217837810516,186375.0
2025-06-17,0.4418218012046359,0.4501065396488177,0.4418218012046359,0.4473452866077423,385175.0
2025-06-18,0.4473452689663351,0.4473452689663351,0.4418217837810516,0.4418217837810516,753550.0
2025-06-19,0.4418217980561836,0.4694362581085092,0.4418217980561836,0.4583902955055237,4318125.0
2025-06-20,0.4611515352681968,0.4666749916695785,0.458390282326188,0.4639137387275696,599025.0
2025-06-23,0.4611515352681968,0.4666749916695785,0.458390282326188,0.4639137387275696,538125.0
2025-06-24,0.4639137387275696,0.4694362446115873,0.4639137387275696,0.4639137387275696,606900.0
2025-06-25,0.4666749888493844,0.4749587476253509,0.4666749888493844,0.4749587476253509,1612800.0
2025-06-26,0.4749587476253509,0.4777200005506731,0.4721974947000288,0.4749587476253509,1119475.0
2025-06-27,0.4721975194437874,0.4721975194437874,0.4639137602337413,0.4666750133037567,1797250.0
2025-06-30,0.4694362498784971,0.4860047758409201,0.4666749969055079,0.4721975028514862,1451625.0
2025-07-01,0.4804812530385555,0.4970497786998749,0.4777200001157472,0.4970497786998749,2203425.0
2025-07-02,0.4970497786998749,0.5053344879856569,0.4887659911278938,0.4970497786998749,1726025.0
2025-07-03,0.4998110100491906,0.4998110100491906,0.4887659981981849,0.4942885041236877,739200.0
2025-07-04,0.4970497555180669,0.5191406995840386,0.4942884739204852,0.5163794755935669,2519825.0
2025-07-07,0.5219029936349704,0.5246642178007357,0.4998110112385338,0.5053344964981079,2081275.0
2025-07-08,0.5053344920096172,0.5384705066680908,0.5053344920096172,0.5384705066680908,3222800.0
2025-07-09,0.538470485635843,0.5495164186973897,0.5329479799619559,0.5467551946640015,1303050.0
2025-07-10,0.5467551806677398,0.5633236765861511,0.5357091902818462,0.5633236765861511,3650150.0
2025-07-11,0.563323691006546,0.563323691006546,0.5412326889901143,0.5467551946640015,1961050.0
2025-07-14,0.5467551718105741,0.557800182696686,0.5439938902854919,0.5439938902854919,635600.0
2025-07-15,0.5439939558498421,0.5578002499250264,0.5439939558498421,0.5522777438163757,1212400.0
2025-07-16,0.5578001917327754,0.5743686876511868,0.5578001917327754,0.5633236765861511,2167200.0
2025-07-17,0.5633236893406411,0.6019831299781799,0.5633236893406411,0.6019831299781799,3162075.0
2025-07-18,0.5909372300466686,0.5909372300466686,0.5688462268582875,0.5798922181129456,1449175.0
2025-07-21,0.5798921552322416,0.5964596713363249,0.5163794550201609,0.5246641635894775,3960775.0
2025-07-22,0.5301866761605643,0.5467551718105741,0.5301866761605643,0.5439938902854919,1707125.0
2025-07-23,0.5439938902854919,0.5495163957285479,0.5412326663675182,0.5439938902854919,1845375.0
2025-07-24,0.5439939396988256,0.5743687305191036,0.5439939396988256,0.5578002333641052,1702575.0
2025-07-25,0.5522777211825847,0.5578002270649085,0.5439939335555424,0.5495164394378662,624050.0
2025-07-28,0.5439939396988256,0.5633237186297254,0.5412327155300378,0.5578002333641052,1368150.0
2025-07-29,0.5522777388440083,0.5522777388440083,0.5274255110614319,0.5329480171203613,1197700.0
2025-07-30,0.538470483921288,0.5412326872667641,0.5329479782649852,0.5357092022895813,523775.0
2025-07-31,0.5357092140608265,0.5357092140608265,0.5191407174069752,0.5219029784202576,1293425.0
2025-08-01,0.5219029669523795,0.546755192923067,0.5219029669523795,0.5357092022895813,1124200.0
2025-08-04,0.532948007186277,0.5688462257385254,0.532948007186277,0.5688462257385254,1912225.0
2025-08-05,0.5633237197825348,0.5798922169714398,0.5633237197825348,0.5688462257385254,780150.0
2025-08-06,0.5633237197825348,0.5854147229274304,0.5633237197825348,0.5688462257385254,749000.0
2025-08-07,0.5633236765861511,0.568846182118669,0.5522776862002575,0.5633236765861511,427350.0
2025-08-08,0.5578002499250264,0.5578002499250264,0.546755237707725,0.5522777438163757,554575.0
2025-08-11,0.5495164619584927,0.5633237353546372,0.5495164619584927,0.5522777438163757,380100.0
2025-08-12,0.5522777127724434,0.5743687152862549,0.5522777127724434,0.5743687152862549,984900.0
2025-08-13,0.5743687167158239,0.5964597192846186,0.5688462109038521,0.585414707660675,3429300.0
2025-08-14,0.5854147217294131,0.5909372276741022,0.5495164456435147,0.5578002333641052,2143050.0
2025-08-15,0.5578001917327754,0.568846182118669,0.549516404630444,0.5633236765861511,747250.0
2025-08-18,0.5688462245744146,0.5688462245744146,0.5578002333641052,0.5578002333641052,599900.0
2025-08-19,0.5633237122681525,0.5688462181504763,0.5495164394378662,0.5495164394378662,1439550.0
2025-08-20,0.5522777438163757,0.5633237353546372,0.546755237707725,0.5522777438163757,1556800.0
2025-08-21,0.5522777285496204,0.5743687316945161,0.5522777285496204,0.5688462257385254,1360450.0
2025-08-22,0.5743687316945161,0.5798922169714398,0.5633237197825348,0.5688462257385254,870275.0
2025-08-25,0.5743687316945161,0.5798922169714398,0.5633237197825348,0.5688462257385254,753375.0
2025-08-26,0.5688462109038521,0.585414707660675,0.5633237050918803,0.585414707660675,1518300.0
2025-08-27,0.5854147229274304,0.5854147229274304,0.5688462257385254,0.5688462257385254,416500.0
2025-08-28,0.5688462414632879,0.5743687475719386,0.5246642339521622,0.5522777438163757,1029700.0
2025-08-29,0.5522777285496204,0.5743687316945161,0.5495164467680683,0.5688462257385254,513800.0
2025-09-01,0.5688462245744146,0.5743687305191036,0.5578002333641052,0.5578002333641052,314825.0
2025-09-02,0.5578001917327754,0.5633236765861511,0.5578001917327754,0.5633236765861511,193550.0
2025-09-03,0.5578001917327754,0.5633236765861511,0.549516404630444,0.5633236765861511,339850.0
2025-09-04,0.5633237197825348,0.5688462257385254,0.5578002345056111,0.5688462257385254,368375.0
2025-09-05,0.568846182118669,0.568846182118669,0.5578001917327754,0.5633236765861511,293475.0
2025-09-08,0.5688462094880283,0.5743687152862549,0.5633237036898017,0.5743687152862549,781375.0
2025-09-09,0.5743687588410629,0.5909372568130493,0.5688462526240606,0.5909372568130493,1747550.0
2025-09-10,0.5909372245263323,0.629596666967976,0.5909372245263323,0.6240741610527039,1945125.0
2025-09-11,0.624074144828729,0.6351191563721377,0.6185516390570247,0.6295966506004333,561575.0
2025-09-12,0.6351191896891852,0.6461651811329443,0.6075056800612153,0.6185516715049744,2026850.0
2025-09-15,0.6185516390570247,0.6351191563721377,0.6185516390570247,0.6295966506004333,723450.0
2025-09-16,0.6351191728832483,0.6351191728832483,0.6130281699012337,0.6240741610527039,1000825.0
2025-09-17,0.6240741777088917,0.6240741777088917,0.5798922281727846,0.5964597463607788,2028425.0
2025-09-18,0.6075056195259094,0.6185516098689833,0.5964596867899445,0.6075056195259094,378175.0
2025-09-19,0.6075056800612153,0.6185516715049744,0.6075056800612153,0.6185516715049744,493850.0
2025-09-22,0.6240741610527039,0.6351191728832483,0.6075056639859615,0.6240741610527039,909300.0
2025-09-23,0.624074144828729,0.6295966506004333,0.6185516390570247,0.6295966506004333,729400.0
2025-09-24,0.6295966362638519,0.6737786400732161,0.6295966362638519,0.646165132522583,1771000.0
2025-09-25,0.6516876975205023,0.6516876975205023,0.6185516813060803,0.6351191997528076,479500.0
2025-09-26,0.629596620891203,0.629596620891203,0.5909371812788348,0.6075056195259094,869050.0
2025-09-29,0.6075056801999456,0.6075056801999456,0.5854147342354493,0.5964597463607788,494025.0
2025-09-30,0.5964597192846186,0.5964597192846186,0.5798922018487033,0.585414707660675,329175.0
2025-10-01,0.5909372233474524,0.6185516539034628,0.5909372233474524,0.6130281686782837,886025.0
2025-10-02,0.6130281250370193,0.6130281250370193,0.6019831140147995,0.6075056195259094,374150.0
2025-10-03,0.6130281412932911,0.6130281412932911,0.5964597026068548,0.6019831299781799,261625.0
2025-10-06,0.6075056526223576,0.6075056526223576,0.585414707660675,0.585414707660675,1113875.0
2025-10-07,0.5854147342354493,0.6019831741372808,0.5854147342354493,0.5964597463607788,483350.0
2025-10-08,0.5909371812788348,0.6075056195259094,0.5854146757677249,0.6075056195259094,450275.0
2025-10-09,0.6019831741372808,0.6075056801999456,0.5909372402981141,0.5964597463607788,158725.0
2025-10-10,0.6019831909609169,0.6019831909609169,0.5798922443790446,0.5909372568130493,492800.0
2025-10-13,0.5798922004053867,0.5854147062036132,0.5633237036898017,0.5743687152862549,793275.0
2025-10-14,0.5743687316945161,0.590937228883421,0.5688462257385254,0.5688462257385254,894075.0
2025-10-15,0.5743687316945161,0.5743687316945161,0.5688462257385254,0.5688462257385254,270900.0
2025-10-16,0.5688462257385254,0.5688462257385254,0.5522777285496204,0.5688462257385254,206325.0
2025-10-17,0.5633237186297254,0.5688462245744146,0.5412327155300378,0.5578002333641052,246400.0
2025-10-21,0.55780021857067,0.5798922004053867,0.55780021857067,0.5743687152862549,260750.0
2025-10-22,0.568846182118669,0.5743686876511868,0.5522776862002575,0.5633236765861511,109025.0
2025-10-23,0.5633237197825348,0.5743687316945161,0.5578002345056111,0.5688462257385254,51100.0
2025-10-24,0.5688462257385254,0.5743687316945161,0.5578002345056111,0.5688462257385254,94325.0
2025-10-27,0.568846182118669,0.5798921725045626,0.5578001917327754,0.5633236765861511,146475.0
2025-10-28,0.5633237353546372,0.5633237353546372,0.5522777438163757,0.5522777438163757,224350.0
2025-10-29,0.5495164186973897,0.5522777003378886,0.538470485635843,0.5467551946640015,409850.0
2025-10-30,0.5467552109547036,0.5495164350703631,0.5384705016797002,0.541232705116272,405825.0
2025-10-31,0.5412326872667641,0.5412326872667641,0.5329479782649852,0.5357092022895813,252875.0
2025-11-03,0.5384704718516596,0.568846182118669,0.5384704718516596,0.5633236765861511,677600.0
2025-11-04,0.5688461966804332,0.5688461966804332,0.5467551946640015,0.5467551946640015,712075.0
2025-11-05,0.5522777438163757,0.5578002499250264,0.5439939558498421,0.5522777438163757,250600.0
2025-11-06,0.5522777438163757,0.5633237353546372,0.5522777438163757,0.5522777438163757,288400.0
2025-11-07,0.5578002345056111,0.5854147229274304,0.5578002345056111,0.5688462257385254,1792700.0
2025-11-10,0.5743687152862549,0.5854147062036132,0.5688462094880283,0.5743687152862549,501375.0
2025-11-11,0.5854147062036132,0.5854147062036132,0.5688462094880283,0.5743687152862549,259175.0
2025-11-12,0.574368732825149,0.5798922181129456,0.5688462268582875,0.5798922181129456,348775.0
2025-11-13,0.5798922169714398,0.5798922169714398,0.5688462257385254,0.5688462257385254,307825.0
2025-11-14,0.568846182118669,0.5743686876511868,0.5633236765861511,0.5633236765861511,415975.0
2025-11-17,0.5743687152862549,0.5743687152862549,0.5633237036898017,0.5743687152862549,116375.0
2025-11-18,0.5633237186297254,0.5688462245744146,0.5578002333641052,0.5578002333641052,287175.0
2025-11-19,0.5578002499250264,0.5633237353546372,0.5522777438163757,0.5522777438163757,176575.0
2025-11-20,0.5522776862002575,0.568846182118669,0.5522776862002575,0.5633236765861511,237125.0
2025-11-21,0.5633237353546372,0.5688462414632879,0.5522777438163757,0.5522777438163757,295750.0
2025-11-24,0.55780021857067,0.5798922004053867,0.55780021857067,0.5743687152862549,868000.0
2025-11-25,0.5798922181129456,0.5854147240798071,0.5688462268582875,0.5798922181129456,421050.0
2025-11-26,0.5798922181129456,0.5798922181129456,0.574368732825149,0.5798922181129456,286475.0
2025-11-27,0.5798922018487033,0.5964597192846186,0.5798922018487033,0.585414707660675,773850.0
2025-11-28,0.6075056639859615,0.629596666967976,0.6075056639859615,0.6240741610527039,2752575.0
2025-12-01,0.6240741610527039,0.629596666967976,0.6130281699012337,0.6240741610527039,1488025.0
2025-12-02,0.6295966936038986,0.6461651913715932,0.6240741874549894,0.6351191997528076,1341725.0
2025-12-03,0.6406426429748535,0.6406426429748535,0.6295966520845071,0.6406426429748535,537425.0
2025-12-04,0.6406426414647424,0.6406426414647424,0.6295966506004333,0.6295966506004333,358400.0
2025-12-05,0.6351191578692289,0.6406426429748535,0.6351191578692289,0.6406426429748535,464275.0
2025-12-08,0.6406426429748535,0.6461651487595753,0.6351191578692289,0.6406426429748535,521500.0
2025-12-09,0.6351191997528076,0.6406426852226841,0.6351191997528076,0.6351191997528076,259175.0
2025-12-10,0.6406426852226841,0.6406426852226841,0.6351191997528076,0.6351191997528076,114800.0
2025-12-11,0.6351191728832483,0.6351191728832483,0.6185516551374317,0.6240741610527039,256025.0
2025-12-12,0.6130281958362038,0.6351191997528076,0.6130281958362038,0.6351191997528076,148400.0
2025-12-15,0.624074144828729,0.6351191563721377,0.624074144828729,0.6295966506004333,296975.0
2025-12-16,0.6240741462997852,0.6406426429748535,0.6240741462997852,0.6406426429748535,295925.0
2025-12-17,0.6351191578692289,0.6406426429748535,0.6351191578692289,0.6406426429748535,420875.0
2025-12-18,0.6351191578692289,0.6461651487595753,0.6351191578692289,0.6406426429748535,148400.0
2025-12-19,0.640642670635768,0.6682561800725436,0.6351191852916569,0.6627336740493774,1245650.0
2025-12-22,0.6737786388386143,0.6903471350669861,0.6682561332027825,0.6903471350669861,1355025.0
2025-12-23,0.6903471350669861,0.7069156312953578,0.6848246294311543,0.6903471350669861,767375.0
2025-12-24,0.6903471527951254,0.6958706378936768,0.6848246470174754,0.6958706378936768,255500.0
2025-12-26,0.6958706363712922,0.7013931421368604,0.6793021397536885,0.6848246455192566,346150.0
2025-12-29,0.6848246455192566,0.6903471512848247,0.6848246455192566,0.6848246455192566,368900.0
2025-12-30,0.6848246294311543,0.7069156312953578,0.6793021237953225,0.6903471350669861,751100.0
2025-12-31,0.6903471954867566,0.701393187046051,0.6903471954867566,0.701393187046051,52150.0
2026-01-02,0.7013931706040722,0.7234841162767303,0.7013931706040722,0.7069156765937805,654850.0
2026-01-05,0.701393125659526,0.7124381369311897,0.6848246294311543,0.6903471350669861,641900.0
2026-01-06,0.6903471350669861,0.6958706200236943,0.6737786388386143,0.6903471350669861,199325.0
2026-01-07,0.6848246455192566,0.7013931421368604,0.6793021397536885,0.6848246455192566,536725.0
2026-01-08,0.6903471512848247,0.6958706363712922,0.6793021397536885,0.6848246455192566,203700.0
2026-01-09,0.6848246455192566,0.6848246455192566,0.6793021397536885,0.6848246455192566,194425.0
2026-01-12,0.6793021397536885,0.6958706363712922,0.6793021397536885,0.6848246455192566,364350.0
2026-01-13,0.6793021237953225,0.6958706200236943,0.6793021237953225,0.6903471350669861,320075.0
2026-01-14,0.6848246470174754,0.6958706378936768,0.6848246470174754,0.6958706378936768,336875.0
2026-01-15,0.6903471350669861,0.701393125659526,0.6903471350669861,0.6903471350669861,299600.0
2026-01-16,0.6903471350669861,0.6903471350669861,0.6848246294311543,0.6903471350669861,107275.0
2026-01-19,0.6848246294311543,0.6958706200236943,0.6848246294311543,0.6903471350669861,459900.0
2026-01-20,0.695870664614364,0.7124381825834888,0.695870664614364,0.7069156765937805,708050.0
2026-01-21,0.7124381495444205,0.7345300735135125,0.7069156438108165,0.7290065884590149,1150975.0
2026-01-22,0.7345301178518922,0.7566211214406793,0.7345301178518922,0.7455751299858093,1135225.0
2026-01-23,0.7510975777960863,0.7566210627555847,0.7455750721574647,0.7566210627555847,465150.0
2026-01-26,0.7566210897838911,0.7787120924483976,0.7566210897838911,0.7676661014556885,958650.0
2026-01-27,0.7731896031367378,0.7731896031367378,0.756621105954036,0.762143611907959,556850.0
2026-01-28,0.7621436230364635,0.7952806178857198,0.7621436230364635,0.7897571325302124,842625.0
2026-01-29,0.789757149133142,0.789757149133142,0.7621436390588789,0.7842346429824829,1815625.0
2026-01-30,0.8601734193756844,0.8601734193756844,0.7828544752179109,0.811849057674408,2660000.0
2026-02-02,0.8118490357992644,0.8166815236855844,0.7828544541240217,0.7876868844032288,625600.0
2026-02-03,0.7973517283639087,0.7973517283639087,0.7780220076494491,0.782854437828064,792800.0
2026-02-04,0.7828544649747529,0.8070166167056873,0.7635247435900054,0.7731896042823792,1625600.0
2026-02-05,0.7731896042823792,0.7731896042823792,0.7586923132438186,0.7731896042823792,484200.0
2026-02-06,0.7635247111320496,0.7683571412728065,0.7586922809912926,0.7635247111320496,486600.0
2026-02-09,0.7683571530215403,0.8118490249533751,0.7683571530215403,0.8021841645240784,729100.0
2026-02-10,0.8070166496812451,0.8408437210938771,0.8070166496812451,0.8360112905502319,974600.0
2026-02-11,0.8456761353263832,0.8456761353263832,0.8215139830741897,0.8311788439750671,523200.0
2026-02-12,0.8311788277560445,0.8311788277560445,0.8118490487243619,0.8263463973999023,366100.0
2026-02-13,0.8166815127751356,0.8166815127751356,0.7973517343094301,0.8021841645240784,324100.0
2026-02-16,0.8021841917355388,0.8166815404783708,0.7925193309783936,0.7925193309783936,542800.0
2026-02-19,0.7973517576559356,0.8263463973999023,0.7925193272997934,0.8263463973999023,866200.0
2026-02-20,0.8263464248879997,0.8311788554048908,0.8118490757302106,0.8166815638542175,803100.0
2026-02-23,0.8166815456909388,0.8263464065097711,0.811849057674408,0.811849057674408,346800.0
2026-02-24,0.8118490645661973,0.8311788439750671,0.8070166341157585,0.8311788439750671,701400.0
2026-02-25,0.8311788202694335,0.8360112505820488,0.7925193201613969,0.8070166110992432,1790900.0
2026-02-26,0.8118490414118585,0.8118490414118585,0.7925193201613969,0.8070166110992432,702100.0
2026-02-27,0.8070166110992432,0.8215139596442027,0.8070166110992432,0.8070166110992432,400500.0
2026-03-02,0.8118490639864592,0.8118490639864592,0.773189620410556,0.778022050857544,805500.0
2026-03-03,0.7925193421985076,0.8021842030924834,0.778022050857544,0.778022050857544,641800.0
2026-03-04,0.7780220270855115,0.7828544573848472,0.7490273876823844,0.75385981798172,869500.0
2026-03-05,0.7731895909981,0.7731895909981,0.7345300912857056,0.7345300912857056,1004500.0
2026-03-06,0.744194951812026,0.7490273820751862,0.7296976610225453,0.7345300912857056,595600.0
2026-03-09,0.724865198135376,0.729697628181043,0.6958706178613738,0.724865198135376,965800.0
2026-03-10,0.73453005822671,0.739362488272377,0.7152003380440419,0.724865198135376,593700.0
2026-03-11,0.7200327743915832,0.7441949248313904,0.7200327743915832,0.7441949248313904,372200.0
2026-03-12,0.744194951812026,0.744194951812026,0.7345300912857056,0.7345300912857056,130000.0
2026-03-13,0.7345300912857056,0.7393625215488657,0.7296976610225453,0.7345300912857056,126000.0
2026-03-16,0.729697628181043,0.729697628181043,0.7103679079983749,0.724865198135376,466500.0
2026-03-17,0.7296976552647793,0.7345300854898086,0.7152003645896912,0.7152003645896912,286600.0
2026-03-18,0.7152003702330647,0.744194951812026,0.7152003702330647,0.7345300912857056,469100.0
2026-03-19,0.7248652250397498,0.7345300854898086,0.7103679343646618,0.7152003645896912,679400.0
2026-03-20,0.7152003314414718,0.7200327614425269,0.6958706114372514,0.7055354714393616,871000.0
2026-03-23,0.7055355352987466,0.7055355352987466,0.6620436037456021,0.6717084646224976,1070700.0
2026-03-24,0.676540922990649,0.6813733536285944,0.6572112004388674,0.6620436310768127,756700.0
2026-03-25,0.6717084923527036,0.676540922990649,0.6620436310768127,0.6620436310768127,384700.0
2026-03-26,0.6668760574147273,0.6668760574147273,0.6427139043807983,0.6427139043807983,931300.0
2026-03-27,0.642713861070176,0.6620435821947455,0.642713861070176,0.6475462913513184,624500.0
2026-03-30,0.6523787492630736,0.6523787492630736,0.6282165392268914,0.6378814578056335,1152400.0
2026-03-31,0.6427138812774731,0.6427138812774731,0.6137192410718977,0.6185516715049744,1045900.0
2026-04-01,0.6378814361182421,0.676540878690363,0.6282165178680985,0.6668760180473328,1519100.0
2026-04-02,0.676540878690363,0.700703087905052,0.6620435877258176,0.6668760180473328,596000.0
2026-04-06,0.676540841545287,0.6958706193771709,0.6620435513767069,0.6910381317138672,529600.0
2026-04-07,0.6813732981681824,0.6958706465091236,0.6717084376789633,0.6813732981681824,457400.0
2026-04-08,0.7007030844688416,0.7152003753622929,0.691038166266094,0.7007030844688416,499300.0
2026-04-09,0.7007030494333643,0.7152003396019444,0.6862057016576738,0.6910381317138672,324500.0
2026-04-10,0.6910381317138672,0.7152003396019444,0.6910381317138672,0.6910381317138672,425400.0
2026-04-13,0.7055354625052621,0.7055354625052621,0.676540825258977,0.6862056851387024,286400.0
2026-04-14,0.6862057359682769,0.7055355147666587,0.6813733056704598,0.7007030844688416,443800.0
2026-04-15,0.7007030577869182,0.7248652083559385,0.7007030577869182,0.7103679180145264,815100.0
2026-04-16,0.7103679399699045,0.744194951812026,0.7103679399699045,0.7345300912857056,961400.0
2026-04-17,0.7345300912857056,0.744194951812026,0.720032800496225,0.7345300912857056,941500.0
2026-04-20,0.7345301039057703,0.7828544649747529,0.7345301039057703,0.7731896042823792,1926400.0
2026-04-21,0.7731895774708342,0.7973517283639087,0.7635247171136045,0.782854437828064,50140700.0
2026-04-22,0.7780220292235508,0.8311788202694335,0.7780220292235508,0.8070166110992432,3308000.0
2026-04-23,0.8166815467573605,0.8166815467573605,0.7586923241615295,0.7586923241615295,2296100.0
2026-04-24,0.7683571899635682,0.7876869117515197,0.7538598410154895,0.778022050857544,1390500.0
2026-04-27,0.7828544484395681,0.792519308927804,0.7635247274630964,0.7683571577072144,873000.0
2026-04-28,0.7731895967861758,0.7828544573848472,0.75385981798172,0.75385981798172,596900.0
2026-04-29,0.7586923058881688,0.7586923058881688,0.7490273876823844,0.75385981798172,742800.0
2026-04-30,0.753859809367748,0.7780220181954502,0.753859809367748,0.7683571577072144,1094900.0
2026-05-04,0.7683571790855305,0.8166815404783708,0.7683571790855305,0.7925193309783936,2378700.0
2026-05-05,0.787686878683686,0.787686878683686,0.7683571577072144,0.7683571577072144,1028400.0
2026-05-06,0.787686878683686,0.792519308927804,0.7683571577072144,0.7683571577072144,849700.0
2026-05-07,0.7881857106973825,0.7881857106973825,0.7633999615885834,0.7733142375946045,541400.0
2026-05-08,0.7832285899795641,0.847671444534647,0.7683571165485853,0.8327999711036682,3911400.0
2026-05-11,0.8228856907148898,0.8327999668895426,0.8129714145402371,0.8179285526275635,987300.0
2026-05-12,0.8327999683111753,0.8427143035964997,0.8129714159280216,0.8228856921195984,680000.0
2026-05-13,0.8228856921195984,0.8327999683111753,0.8179285540238099,0.8228856921195984,337100.0
2026-05-14,0.8228856878537657,0.8278428259238564,0.803057135573403,0.8080142736434937,569400.0
2026-05-15,0.8129714172991857,0.8625428574344252,0.8080142791950365,0.8278428316116333,2888300.0
2026-05-18,0.8278428302153868,0.8278428302153868,0.8080142778322331,0.8228856921195984,1103300.0
2026-05-19,0.8129714186540266,0.8377571683098263,0.7881857280919745,0.8327999711036682,2162200.0
2026-05-20,0.8327999729830032,0.8377571702003479,0.8129714204886156,0.8377571702003479,1123900.0
2026-05-21,0.8377571683098263,0.8625428588718783,0.8278428329912578,0.8327999711036682,1801700.0
2026-05-22,0.8278428273718118,0.8278428273718118,0.8080142750567675,0.8129714131355286,1191100.0
2026-05-25,0.8228856892930507,0.8278428273718118,0.7931428608204844,0.8129714131355286,1435800.0
2026-05-26,0.8129714117135843,0.8228856878537657,0.803057135573403,0.8080142736434937,362400.0
2026-05-27,0.8080142736434937,0.8080142736434937,0.8080142736434937,0.8080142736434937,0.0
2026-05-28,0.8179285554033349,0.8427143050178284,0.8129714172991857,0.8278428316116333,1938000.0
2026-05-29,0.8526285826470575,0.8625428588718783,0.8129714186540266,0.8327999711036682,3753100.0
2026-06-02,0.8377571596743986,0.8377571596743986,0.8030571341514587,0.8030571341514587,1780200.0
2026-06-03,0.8030571312542474,0.8080142692976767,0.7931428551673889,0.7931428551673889,1213500.0
2026-06-04,0.7931428487003931,0.8030571247064142,0.7733142375946045,0.7733142375946045,1094900.0
2026-06-05,0.7782714346913614,0.7881857106973825,0.7633999615885834,0.7733142375946045,530100.0
2026-06-08,0.7782714346913614,0.7782714346913614,0.7386142715735305,0.7733142375946045,1952400.0
2026-06-09,0.7633999601091657,0.7683570981025696,0.7485285461289537,0.7683570981025696,712800.0
2026-06-10,0.7683570950661278,0.7683570950661278,0.7435714051970577,0.7584428191184998,566000.0
2026-06-11,0.7534856875187932,0.7782714366912842,0.7435714114872953,0.7782714366912842,664400.0
2026-06-12,0.7733142466898322,0.8030571341514587,0.7733142466898322,0.8030571341514587,917800.0
2026-06-15,0.8030571397364447,0.8278428302153868,0.7981000016406562,0.8228856921195984,1114600.0
2026-06-16,0.817928546869131,0.8228856849215578,0.7980999946594238,0.7980999946594238,432400.0
2026-06-17,0.8030571383655845,0.8228856907148898,0.7981000002782581,0.8179285526275635,555700.0
2026-06-18,0.8129714102740853,0.8129714102740853,0.7931428580288322,0.8030571341514587,514700.0
2026-06-19,0.7980999975033123,0.8129714117135843,0.7881857213631309,0.8080142736434937,444500.0
2026-06-22,0.8080142707642775,0.8080142707642775,0.7832285805021434,0.7980999946594238,563100.0
2026-06-23,0.788185712722782,0.793142850738531,0.7733142395817888,0.7782714366912842,829100.0
2026-06-24,0.7782714331831238,0.7881857091699317,0.7633999601091657,0.7683570981025696,901500.0
2026-06-25,0.7733142375946045,0.7782714346913614,0.7633999615885834,0.7733142375946045,218900.0
2026-06-26,0.7633999570923138,0.7683570950661278,0.7485285431708717,0.7584428191184998,1235000.0
2026-06-29,0.7584428221157616,0.7683570981025696,0.7534856841223577,0.7683570981025696,258000.0
2026-06-30,0.7683570965942073,0.7733142345778798,0.7534856826431895,0.7633999586105347,339000.0
2026-07-01,0.7633999601091657,0.7683570981025696,0.7485285461289537,0.7683570981025696,328900.0
2026-07-02,0.7633999570923138,0.7733142330399418,0.7534856811446857,0.7584428191184998,75100.0
2026-07-03,0.7584428235855728,0.783228572694372,0.7584428235855728,0.7733142375946045,436600.0
2026-07-06,0.7733142375946045,0.7782714346913614,0.7683570995915939,0.7733142375946045,35800.0
2026-07-07,0.7683570981025696,0.7832285711765277,0.7683570981025696,0.7683570981025696,132400.0
2026-07-08,0.7683570965942073,0.7733142345778798,0.7633999586105347,0.7633999586105347,175200.0
2026-07-09,0.7633999601091657,0.7733142360959736,0.7633999601091657,0.7683570981025696,158000.0
2026-07-10,0.7683571015660399,0.793142850738531,0.7683571015660399,0.7782714366912842,560500.0
2026-07-13,0.7733142360959736,0.7782714331831238,0.7584428221157616,0.7683570981025696,337400.0
2026-07-14,0.7633999570923138,0.7633999570923138,0.7584428191184998,0.7584428191184998,429000.0
2026-07-15,0.7633999615885834,0.7782714346913614,0.7633999615885834,0.7733142375946045,349300.0
2026-07-16,0.7733142345778798,0.7782714316552986,0.7633999586105347,0.7633999586105347,136900.0
2026-07-17,0.7633999491934622,0.768357087115985,0.7286999837358024,0.7336571216583252,730000.0
2026-07-20,0.7336571247554957,0.743571400642395,0.7286999868120461,0.743571400642395,347100.0
2026-07-21,0.7435714081355498,0.7782714331831238,0.7435714081355498,0.7683570981025696,603400.0
2026-07-22,0.7683570965942073,0.7733142345778798,0.7584428206268621,0.7633999586105347,563200.0
2026-07-23,0.7584428235855728,0.7733142375946045,0.7534856855825622,0.7733142375946045,611900.0
2026-07-24,0.7584428206268621,0.7782714316552986,0.7584428206268621,0.7633999586105347,205500.0
2026-07-27,0.7683571015660399,0.788185712722782,0.7633999635502909,0.7782714366912842,606000.0
2026-07-28,0.7733142375946045,0.7733142375946045,0.7584428235855728,0.7733142375946045,96300.0
2026-07-29,0.7633999586105347,0.7733142345778798,0.7584428206268621,0.7633999586105347,186100.0
2026-07-30,0.7584428191184998,0.7683570950661278,0.7485285431708717,0.7584428191184998,534100.0
2026-07-31,0.7633999570923138,0.7683570950661278,0.7534856811446857,0.7584428191184998,418600.0
2026-08-03,0.7633999570923138,0.7733142330399418,0.7485285431708717,0.7584428191184998,891400.0
2026-08-04,0.7683571015660399,0.7782714366912842,0.7683571015660399,0.7782714366912842,382300.0
2026-08-05,0.7782714381582266,0.7881857142084115,0.768357103014295,0.7832285761833191,667800.0
2026-08-06,0.7782714381582266,0.7832285761833191,0.7733142410393875,0.7832285761833191,222100.0
2026-08-07,0.7683571015660399,0.7782714366912842,0.758442825534542,0.7782714366912842,529900.0
2026-08-11,0.778271439606717,0.798099991743991,0.778271439606717,0.788185715675354,1347500.0
2026-08-12,0.7931428424308168,0.7931428424308168,0.7534856796264648,0.7534856796264648,2917500.0
2026-08-13,0.7633999508156424,0.7633999508156424,0.7386142611503601,0.7386142611503601,1519600.0
2026-08-14,0.7435713990834165,0.7435713990834165,0.7336571232173036,0.7386142611503601,984200.0
2026-08-17,0.7386142563773235,0.7435713942783462,0.7237428426742554,0.7237428426742554,1332900.0
2026-08-18,0.7237428394480362,0.7286999773269616,0.70391422883859,0.7138285636901855,1669700.0
2026-08-19,0.7039142822319145,0.7138286178355324,0.6940000057220459,0.6940000057220459,1325800.0
2026-08-20,0.698957085609436,0.7039142234504165,0.6890428099274751,0.698957085609436,679300.0
2026-08-21,0.6989570872488634,0.703914225101471,0.6989570872488634,0.703914225101471,85700.0
2026-08-24,0.7039142822319145,0.7039142822319145,0.6840857292121773,0.6940000057220459,466100.0
2026-08-25,0.6940000044760453,0.6989571427220796,0.6840857279839767,0.689042866230011,278400.0
2026-08-26,0.6939999477684556,0.698957085609436,0.6939999477684556,0.698957085609436,126000.0
2026-08-27,0.6939999477684556,0.698957085609436,0.6890428099274751,0.698957085609436,832700.0
2026-08-28,0.698957085609436,0.698957085609436,0.6890428099274751,0.698957085609436,101400.0
2026-08-31,0.6989570909596647,0.7138285636901855,0.6939999530807394,0.7138285636901855,1110800.0
2026-09-01,0.7138285599004307,0.7187856977530384,0.703914225101471,0.703914225101471,154500.0
2026-09-02,0.7039142267294337,0.7138285615513226,0.7039142267294337,0.7088713645935059,72500.0
2026-09-03,0.7039142822319145,0.7039142822319145,0.6940000057220459,0.6940000057220459,182900.0
2026-09-04,0.6949999928474426,0.7049999833106995,0.6949999928474426,0.6949999928474426,209700.0
2026-09-07,0.6949999928474426,0.7099999785423279,0.6949999928474426,0.6949999928474426,257700.0
2026-09-08,0.6949999928474426,0.6949999928474426,0.6800000071525574,0.6800000071525574,739800.0
2026-09-09,0.6850000023841858,0.7200000286102295,0.6800000071525574,0.7099999785423279,677700.0
2026-09-10,0.7099999785423279,0.7149999737739563,0.699999988079071,0.7099999785423279,246300.0
2026-09-11,0.7049999833106995,0.7049999833106995,0.6949999928474426,0.699999988079071,152600.0
2026-09-14,0.699999988079071,0.7049999833106995,0.6899999976158142,0.6949999928474426,380600.0
2026-09-15,0.699999988079071,0.699999988079071,0.6800000071525574,0.6800000071525574,247600.0
2026-09-16,0.6850000023841858,0.6899999976158142,0.6850000023841858,0.6850000023841858,95000.0
2026-09-17,0.6899999976158142,0.6949999928474426,0.6800000071525574,0.6949999928474426,333500.0
2026-09-18,0.6949999928474426,0.699999988079071,0.6800000071525574,0.6850000023841858,163300.0
2026-09-21,0.6800000071525574,0.6949999928474426,0.6800000071525574,0.6850000023841858,202730.0
2026-09-22,0.6899999976158142,0.7049999833106995,0.6850000023841858,0.6949999928474426,509800.0
2026-09-23,0.6949999928474426,0.7149999737739563,0.6949999928474426,0.699999988079071,635400.0
2026-09-24,0.699999988079071,0.7049999833106995,0.699999988079071,0.7049999833106995,46700.0
2026-09-25,0.7049999833106995,0.7099999785423279,0.6899999976158142,0.699999988079071,113100.0
2026-09-28,0.6899999976158142,0.6949999928474426,0.6850000023841858,0.6850000023841858,160000.0
2026-09-29,0.6850000023841858,0.6899999976158142,0.6800000071525574,0.6899999976158142,272400.0
2026-09-30,0.6899999976158142,0.6899999976158142,0.6800000071525574,0.6800000071525574,37000.0
2026-10-01,0.6800000071525574,0.6899999976158142,0.6800000071525574,0.6800000071525574,108000.0
2026-10-02,0.6800000071525574,0.6899999976158142,0.6800000071525574,0.6899999976158142,115900.0
