date,open,high,low,close,volume
2016-10-03,0.5339420015060165,0.5339420015060165,0.5277692675590515,0.5277692675590515,18300.0
2016-10-04,0.5339420406518581,0.5339420406518581,0.5246829390525818,0.5246829390525818,111200.0
2016-10-05,0.5277692504300103,0.5339419841766357,0.5277692504300103,0.5339419841766357,135800.0
2016-10-06,0.5308555364608765,0.5308555364608765,0.5308555364608765,0.5308555364608765,80200.0
2016-10-07,0.5370282692674744,0.5401146356707733,0.5308555364608765,0.5308555364608765,53900.0
2016-10-10,0.5339419028641754,0.5339419028641754,0.5308555364608765,0.5308555364608765,25100.0
2016-10-11,0.530855634532534,0.530855634532534,0.5277692675590515,0.5277692675590515,74000.0
2016-10-12,0.5462874516698867,0.5462874516698867,0.5339419841766357,0.5339419841766357,23000.0
2016-10-13,0.5370283684794989,0.5370283684794989,0.5246829005855691,0.5277692675590515,88000.0
2016-10-14,0.533941886768202,0.5370282530784607,0.533941886768202,0.5370282530784607,11000.0
2016-10-17,0.5308555364608765,0.5308555364608765,0.5308555364608765,0.5308555364608765,15800.0
2016-10-18,0.5308555364608765,0.5308555364608765,0.5308555364608765,0.5308555364608765,30000.0
2016-10-19,0.5370282530784607,0.5370282530784607,0.5370282530784607,0.5370282530784607,22500.0
2016-10-20,0.5370282530784607,0.5370282530784607,0.5370282530784607,0.5370282530784607,4000.0
2016-10-21,0.5370282530784607,0.5370282530784607,0.5370282530784607,0.5370282530784607,0.0
2016-10-24,0.5586328172502719,0.5586328172502719,0.5370282530784607,0.5370282530784607,8500.0
2016-10-25,0.5370283932828346,0.5493738617469555,0.5370283932828346,0.5401147603988647,19300.0
2016-10-26,0.543201127514895,0.543201127514895,0.5401147603988647,0.5401147603988647,47000.0
2016-10-27,0.5524601289746762,0.5524601289746762,0.5432010293006897,0.5432010293006897,3000.0
2016-10-28,0.5432010293006897,0.5432010293006897,0.5401146627426943,0.5432010293006897,32000.0
2016-10-31,0.5432010293006897,0.5432010293006897,0.5432010293006897,0.5432010293006897,0.0
2016-11-01,0.5462874387227535,0.5524601723230839,0.5462874387227535,0.5493738055229187,131400.0
2016-11-02,0.5493737624166808,0.5493737624166808,0.5432010293006897,0.5432010293006897,138700.0
2016-11-03,0.5432011692678311,0.5462875366210938,0.5432011692678311,0.5462875366210938,80300.0
2016-11-04,0.559217418238432,0.559217418238432,0.5495200157165527,0.5495200157165527,62500.0
2016-11-07,0.552752340839719,0.5592172741889954,0.552752340839719,0.5592172741889954,42500.0
2016-11-08,0.5689146264867436,0.5689146264867436,0.5592172272763426,0.5624496936798096,26700.0
2016-11-09,0.5592172616959605,0.5592172616959605,0.5559847950935364,0.5559847950935364,31000.0
2016-11-10,0.5559847950935364,0.5624497282983847,0.5559847950935364,0.5559847950935364,38900.0
2016-11-11,0.562449901651936,0.562449901651936,0.5430550575256348,0.5430550575256348,23700.0
2016-11-14,0.5430550575256348,0.5430550575256348,0.5430550575256348,0.5430550575256348,0.0
2016-11-15,0.5430550575256348,0.5430550575256348,0.5365901223282188,0.5430550575256348,53700.0
2016-11-16,0.539822518825531,0.539822518825531,0.539822518825531,0.539822518825531,25000.0
2016-11-17,0.5398225632095941,0.5462875366210938,0.5398225632095941,0.5462875366210938,45100.0
2016-11-18,0.5624497762365134,0.5624497762365134,0.5462874418468614,0.5527523756027222,2700.0
2016-11-21,0.5495200157165527,0.5495200157165527,0.5495200157165527,0.5495200157165527,6000.0
2016-11-22,0.5495200157165527,0.5495200157165527,0.5495200157165527,0.5495200157165527,0.0
2016-11-23,0.5495200157165527,0.5495200157165527,0.5495200157165527,0.5495200157165527,0.0
2016-11-24,0.5495200157165527,0.5495200157165527,0.5495200157165527,0.5495200157165527,5900.0
2016-11-25,0.5495200157165527,0.5495200157165527,0.5495200157165527,0.5495200157165527,8400.0
2016-11-28,0.562449901651936,0.562449901651936,0.5430550575256348,0.5430550575256348,9800.0
2016-11-29,0.5430549859984825,0.5495199588784337,0.539822518825531,0.539822518825531,17500.0
2016-11-30,0.536590039730072,0.5398225068312013,0.536590039730072,0.536590039730072,49000.0
2016-12-01,0.5430550306483182,0.5495200040598178,0.5430550306483182,0.5462875366210938,8700.0
2016-12-02,0.5495200157165527,0.5495200157165527,0.5495200157165527,0.5495200157165527,12500.0
2016-12-05,0.5495200157165527,0.5495200157165527,0.5495200157165527,0.5495200157165527,12000.0
2016-12-06,0.5527524832238458,0.5527524832238458,0.5495200157165527,0.5495200157165527,15000.0
2016-12-07,0.5495198618886881,0.5559847950935364,0.5495198618886881,0.5559847950935364,5200.0
2016-12-08,0.5559849507311388,0.5559849507311388,0.5495200157165527,0.5495200157165527,31100.0
2016-12-09,0.5559847950935364,0.5592172616959605,0.5559847950935364,0.5559847950935364,35400.0
2016-12-12,0.5559847950935364,0.5559847950935364,0.5559847950935364,0.5559847950935364,0.0
2016-12-13,0.5559847950935364,0.5559847950935364,0.5559847950935364,0.5559847950935364,0.0
2016-12-14,0.5592172616959605,0.5592172616959605,0.5559847950935364,0.5559847950935364,14000.0
2016-12-15,0.539822518825531,0.539822518825531,0.539822518825531,0.539822518825531,5000.0
2016-12-16,0.5527524832238458,0.5527524832238458,0.5430550421679143,0.5495200157165527,2700.0
2016-12-19,0.5495200157165527,0.5495200157165527,0.5495200157165527,0.5495200157165527,900.0
2016-12-20,0.5495200157165527,0.5495200157165527,0.5462875482092597,0.5495200157165527,1200.0
2016-12-21,0.5624496936798096,0.5689146264867436,0.5624496936798096,0.5624496936798096,32000.0
2016-12-22,0.5753797540825596,0.5753797540825596,0.5656823515892029,0.5656823515892029,3100.0
2016-12-23,0.5689146742129099,0.5689146742129099,0.5592172741889954,0.5592172741889954,13500.0
2016-12-27,0.5721471281056572,0.5850769945153539,0.5559847950935364,0.5559847950935364,40500.0
2016-12-28,0.5592172272763426,0.5624496936798096,0.5592172272763426,0.5624496936798096,22700.0
2016-12-29,0.5656822075382717,0.5656822075382717,0.5592172741889954,0.5592172741889954,63200.0
2016-12-30,0.5624497408636335,0.5624497408636335,0.5592172741889954,0.5592172741889954,13600.0
2017-01-03,0.568914661503233,0.568914661503233,0.5559847950935364,0.5559847950935364,34800.0
2017-01-04,0.5559847950935364,0.5624497282983847,0.5559847950935364,0.5559847950935364,52500.0
2017-01-05,0.5624497282983847,0.5624497282983847,0.5559847950935364,0.5559847950935364,96600.0
2017-01-06,0.5559847950935364,0.5559847950935364,0.5559847950935364,0.5559847950935364,0.0
2017-01-09,0.5559847950935364,0.5592172616959605,0.5559847950935364,0.5559847950935364,18400.0
2017-01-10,0.5559847950935364,0.5559847950935364,0.5527523284911122,0.5559847950935364,62000.0
2017-01-11,0.5624496936798096,0.5624496936798096,0.5624496936798096,0.5624496936798096,34500.0
2017-01-12,0.5624496936798096,0.5624496936798096,0.5624496936798096,0.5624496936798096,0.0
2017-01-13,0.5818444921006117,0.5818444921006117,0.5624496936798096,0.5624496936798096,18900.0
2017-01-16,0.5689146264867436,0.5689146264867436,0.5624496936798096,0.5624496936798096,65500.0
2017-01-17,0.5818446520517265,0.5818446520517265,0.5721472501754761,0.5721472501754761,8300.0
2017-01-18,0.5689146518707275,0.5753795849661156,0.5689146518707275,0.5689146518707275,116000.0
2017-01-19,0.5689146518707275,0.5753795849661156,0.5689146518707275,0.5689146518707275,19900.0
2017-01-20,0.5656822075382717,0.5656822075382717,0.5495198741650809,0.5592172741889954,23300.0
2017-01-23,0.5624496936798096,0.5624496936798096,0.5624496936798096,0.5624496936798096,30000.0
2017-01-24,0.5624496936798096,0.5624496936798096,0.5624496936798096,0.5624496936798096,0.0
2017-01-25,0.5624496936798096,0.5624496936798096,0.5624496936798096,0.5624496936798096,0.0
2017-01-26,0.5721471184184216,0.5721471184184216,0.5689146518707275,0.5689146518707275,105000.0
2017-01-27,0.5721471184184216,0.5721471184184216,0.5656821853230334,0.5689146518707275,60800.0
2017-01-31,0.5624497187753393,0.5689146518707275,0.5559847856799512,0.5689146518707275,50300.0
2017-02-01,0.5753795849661156,0.5753795849661156,0.5689146518707275,0.5689146518707275,12500.0
2017-02-02,0.5689146518707275,0.5689146518707275,0.5689146518707275,0.5689146518707275,72700.0
2017-02-03,0.5786122215803452,0.5786122215803452,0.5656823515892029,0.5656823515892029,87600.0
2017-02-06,0.5850770699708703,0.6174017786979675,0.5786121359322601,0.6174017786979675,182500.0
2017-02-07,0.6335641523285395,0.6335641523285395,0.6141693116786625,0.6174017786979675,354200.0
2017-02-08,0.6206342937460628,0.6206342937460628,0.6077044246682437,0.6141693592071533,408100.0
2017-02-09,0.6141693116786625,0.6174017786979675,0.6141693116786625,0.6174017786979675,250000.0
2017-02-10,0.6141693116786625,0.6174017786979675,0.6141693116786625,0.6174017786979675,324500.0
2017-02-13,0.6274136900901794,0.6274136900901794,0.6207390827142943,0.6274136900901794,49100.0
2017-02-14,0.6240764660822697,0.6240764660822697,0.6207391619682312,0.6207391619682312,24900.0
2017-02-15,0.6207391586350032,0.6574495434761047,0.6207391586350032,0.6574495434761047,93500.0
2017-02-16,0.6541122409530333,0.6541122409530333,0.640762984752655,0.640762984752655,3900.0
2017-02-17,0.640762984752655,0.640762984752655,0.640762984752655,0.640762984752655,19400.0
2017-02-20,0.6441002888567988,0.6441002888567988,0.6374256806485112,0.640762984752655,67000.0
2017-02-21,0.6374256806485112,0.640762984752655,0.6374256806485112,0.640762984752655,52000.0
2017-02-22,0.6441002088617152,0.6441002088617152,0.6374256014823914,0.6374256014823914,32000.0
2017-02-23,0.637425641319651,0.637425641319651,0.6340883374214172,0.6340883374214172,100900.0
2017-02-24,0.6340883374214172,0.6340883374214172,0.6340883374214172,0.6340883374214172,74800.0
2017-02-27,0.6340883374214172,0.6340883374214172,0.6340883374214172,0.6340883374214172,44100.0
2017-02-28,0.6340882977927295,0.6374256014823914,0.6340882977927295,0.6374256014823914,45200.0
2017-03-01,0.6340882207314025,0.6707985966400354,0.6340882207314025,0.6507747769355774,348200.0
2017-03-02,0.6607868475722228,0.6674614557644589,0.6541122393799867,0.6574495434761047,58000.0
2017-03-03,0.6641241516683408,0.6674614557644589,0.6574495434761047,0.6574495434761047,81300.0
2017-03-06,0.6641239746208619,0.6774731874465942,0.6641239746208619,0.6774731874465942,226700.0
2017-03-07,0.6707986990572863,0.6741360028509007,0.6674613952636719,0.6674613952636719,250000.0
2017-03-08,0.664124071598053,0.6707986789855633,0.664124071598053,0.664124071598053,541300.0
2017-03-09,0.6707986990572863,0.6741360028509007,0.6674613952636719,0.6674613952636719,233300.0
2017-03-10,0.6674613952636719,0.6674613952636719,0.6674613952636719,0.6674613952636719,27600.0
2017-03-13,0.667461277827295,0.6774731874465942,0.667461277827295,0.6774731874465942,47800.0
2017-03-14,0.6774731874465942,0.6774731874465942,0.6707985810337281,0.6774731874465942,59900.0
2017-03-15,0.6707985810337281,0.6774731874465942,0.6707985810337281,0.6774731874465942,85000.0
2017-03-16,0.6774732671179554,0.6974970887113703,0.674135963519053,0.6808105707168579,344800.0
2017-03-17,0.6874853564573902,0.6941599653886181,0.6874853564573902,0.6908226609230042,63300.0
2017-03-20,0.694159767177174,0.7175209713334922,0.694159767177174,0.7075089812278748,247200.0
2017-03-21,0.7075090208665505,0.7141837078334469,0.7041717171669006,0.7041717171669006,188300.0
2017-03-22,0.700834574319846,0.700834574319846,0.6874853564573902,0.6908226609230042,240500.0
2017-03-23,0.694159767177174,0.710846364308142,0.694159767177174,0.7075089812278748,174600.0
2017-03-24,0.7075091812273523,0.710846565251035,0.697497267859148,0.7008345723152161,194000.0
2017-03-27,0.6941599653886181,0.700834574319846,0.6841480519917762,0.6908226609230042,179200.0
2017-03-28,0.6908224037842206,0.6974970102310181,0.6908224037842206,0.6974970102310181,130500.0
2017-03-29,0.7008343134544168,0.7008343134544168,0.6941597070076193,0.6974970102310181,61700.0
2017-03-30,0.6974970102310181,0.7008343134544168,0.6941597070076193,0.6974970102310181,30100.0
2017-03-31,0.6974972292553393,0.6974972292553393,0.6874853164412562,0.6941599249839783,146800.0
2017-04-03,0.69415996340308,0.710846565251035,0.69415996340308,0.7008345723152161,591000.0
2017-04-04,0.7041716166778155,0.7075089199012142,0.6974970102310181,0.6974970102310181,145600.0
2017-04-05,0.7008345723152161,0.7075091812273523,0.7008345723152161,0.7008345723152161,371800.0
2017-04-06,0.7008345723152161,0.7008345723152161,0.7008345723152161,0.7008345723152161,60500.0
2017-04-07,0.6974970102310181,0.6974970102310181,0.6941597070076193,0.6974970102310181,89900.0
2017-04-10,0.697497267859148,0.7041718767712842,0.697497267859148,0.7008345723152161,24300.0
2017-04-11,0.7008343134544168,0.7041716166778155,0.6974970102310181,0.6974970102310181,86300.0
2017-04-12,0.7041717754282416,0.7308702868020026,0.7041717754282416,0.7275329828262329,162600.0
2017-04-13,0.7208583555409255,0.7275329633134487,0.7108464438821405,0.7141837477684021,78000.0
2017-04-17,0.7275331922638928,0.774255461374781,0.7275331922638928,0.7542316317558289,360200.0
2017-04-18,0.7609058602537289,0.780929679836504,0.7408820406709538,0.7508939504623413,152600.0
2017-04-19,0.7475567462798558,0.7575686573982239,0.7408821388676103,0.7575686573982239,63200.0
2017-04-20,0.7542313928454684,0.7742552161216736,0.7542313928454684,0.7742552161216736,50500.0
2017-04-21,0.7742552346021788,0.8076283537600295,0.7742552346021788,0.80095374584198,202400.0
2017-04-24,0.8009537662031125,0.8009537662031125,0.7909417745039196,0.794279158115387,92300.0
2017-04-25,0.8009537458419799,0.8042910498010047,0.7909417543973029,0.80095374584198,113200.0
2017-04-26,0.8009536859808715,0.8009536859808715,0.7876043915748596,0.7876043915748596,68500.0
2017-04-27,0.7942791581153871,0.8009537662031125,0.7876044704600568,0.794279158115387,136100.0
2017-04-28,0.7942789513859032,0.8576877117156982,0.7942789513859032,0.8576877117156982,154400.0
2017-05-02,0.8543506677668913,0.8543506677668913,0.834326842639763,0.8410014510154724,78100.0
2017-05-03,0.8243146930406671,0.8276519962688647,0.8209773898124694,0.8209773898124695,54700.0
2017-05-04,0.8209775289161864,0.8443386554718018,0.8209775289161864,0.8443386554718018,33900.0
2017-05-05,0.8476759592423566,0.8476759592423566,0.8243148326873779,0.8243148326873779,39700.0
2017-05-08,0.8243146930406671,0.8243146930406671,0.8176400865842718,0.8209773898124695,26400.0
2017-05-09,0.8209773898124694,0.8276519962688647,0.8209773898124694,0.8209773898124695,20500.0
2017-05-11,0.8243148326873779,0.8243148326873779,0.8243148326873779,0.8243148326873779,18000.0
2017-05-12,0.8309895384519081,0.8910610934009014,0.8276522342640534,0.8410014510154724,84000.0
2017-05-15,0.8576878706464391,0.8576878706464391,0.8343267440908237,0.8443386554718018,81900.0
2017-05-16,0.84100137139363,0.851013283009316,0.84100137139363,0.8476759791374207,58400.0
2017-05-17,0.8543505864411393,0.8676998019218445,0.8476759787007866,0.8676998019218445,136400.0
2017-05-18,0.8543505058061214,0.8543505058061214,0.8343266844749451,0.8343266844749451,52700.0
2017-05-19,0.8476758801117192,0.85101318359375,0.8410012731476577,0.85101318359375,43300.0
2017-05-22,0.8510133635790366,0.8510133635790366,0.8176403217004893,0.8410014510154724,87100.0
2017-05-23,0.8243147931149956,0.8309894003817085,0.8176401858482827,0.827652096748352,65500.0
2017-05-24,0.8343267440908237,0.8476759592654611,0.8343267440908237,0.8443386554718018,138000.0
2017-05-25,0.8443386554718018,0.8443386554718018,0.8443386554718018,0.8443386554718018,8100.0
2017-05-26,0.8443387552033271,0.8443387552033271,0.8410014510154724,0.8410014510154724,37000.0
2017-05-29,0.8410013516781425,0.8443386554718018,0.8410013516781425,0.8443386554718018,53400.0
2017-05-30,0.8443386752655253,0.8476759791374207,0.84100137139363,0.8476759791374207,83500.0
2017-05-31,0.8476758801117192,0.85101318359375,0.8476758801117192,0.85101318359375,116100.0
2017-06-01,0.8443386554718018,0.8443386554718018,0.8443386554718018,0.8443386554718018,26300.0
2017-06-02,0.8443386752655253,0.8476759791374207,0.8443386752655253,0.8476759791374207,11000.0
2017-06-05,0.85101318359375,0.85101318359375,0.85101318359375,0.85101318359375,24600.0
2017-06-06,0.8476760593911818,0.8476760593911818,0.8410014510154724,0.8410014510154724,119000.0
2017-06-07,0.8476760593911818,0.8476760593911818,0.8376641468276177,0.8410014510154724,73900.0
2017-06-08,0.8410013117758811,0.8410013117758811,0.8343267045052467,0.837664008140564,35400.0
2017-06-09,0.8410014510154724,0.8443387552033271,0.8410014510154724,0.8410014510154724,16600.0
2017-06-12,0.8410014333908401,0.8410014333908401,0.8143030004475139,0.8176403045654297,166500.0
2017-06-13,0.8143027833560742,0.8209773898124694,0.8143027833560742,0.8209773898124695,51800.0
2017-06-14,0.8209773898124694,0.8209773898124694,0.8143027833560742,0.8209773898124695,11500.0
2017-06-15,0.8176400865842718,0.8209773898124694,0.8176400865842718,0.8209773898124695,5100.0
2017-06-16,0.8176403045654297,0.8176403045654297,0.8176403045654297,0.8176403045654297,11900.0
2017-06-19,0.8276520972346123,0.8476759190465155,0.8276520972346123,0.837664008140564,20700.0
2017-06-20,0.837664008140564,0.837664008140564,0.8309894008699296,0.837664008140564,6600.0
2017-06-21,0.8343268251550086,0.8343268251550086,0.8176403045654297,0.8176403045654297,40600.0
2017-06-22,0.8209775288822084,0.8243148326757297,0.814302921295166,0.814302921295166,61000.0
2017-06-23,0.8143028414913591,0.8143028414913591,0.8109655380249023,0.8109655380249023,8400.0
2017-06-27,0.8143030014169959,0.8143030014169959,0.8076283931732178,0.8076283931732178,50200.0
2017-06-28,0.8076283537600295,0.8076283537600295,0.7809298425202285,0.80095374584198,117600.0
2017-06-29,0.7976164808075507,0.8076283931732178,0.7976164808075507,0.8076283931732178,26100.0
2017-06-30,0.8009536859808715,0.8009536859808715,0.7876043915748596,0.7876043915748596,28600.0
2017-07-03,0.7942790785616639,0.7942790785616639,0.7876043915748596,0.7876043915748596,10500.0
2017-07-04,0.7942792781703243,0.7942792781703243,0.7909418940544127,0.7909418940544128,4100.0
2017-07-05,0.7909417745039196,0.7942791581153871,0.7909417745039196,0.794279158115387,23500.0
2017-07-06,0.7942791766856615,0.8076283931732178,0.7876044888742769,0.8076283931732178,52300.0
2017-07-07,0.8076283137081236,0.877711772939668,0.8076283137081236,0.814302921295166,43400.0
2017-07-10,0.834326682213668,0.834326682213668,0.8042909502983094,0.8042909502983093,14000.0
2017-07-11,0.8076283931732178,0.8076283931732178,0.8076283931732178,0.8076283931732178,18000.0
2017-07-12,0.8176400865842718,0.8209773898124694,0.8176400865842718,0.8209773898124695,26000.0
2017-07-13,0.8243147738093568,0.8343266844749451,0.8243147738093568,0.8343266844749451,23000.0
2017-07-14,0.8610251330819166,0.8610251330819166,0.827652096748352,0.827652096748352,33400.0
2017-07-17,0.834326842639763,0.8410014510154724,0.8309895384519081,0.8410014510154724,50700.0
2017-07-18,0.8576878907531066,0.8576878907531066,0.8476759791374207,0.8476759791374207,47200.0
2017-07-19,0.8476759791374207,0.851013283009316,0.8476759791374207,0.8476759791374207,51300.0
2017-07-20,0.8510133635790366,0.8510133635790366,0.8410014510154724,0.8410014510154724,31000.0
2017-07-21,0.8476758801117192,0.85101318359375,0.8476758801117192,0.85101318359375,96800.0
2017-07-24,0.8476758801117192,0.85101318359375,0.8243147557375041,0.85101318359375,21100.0
2017-07-25,0.8476759791374207,0.8476759791374207,0.8476759791374207,0.8476759791374207,9000.0
2017-07-26,0.8410012915853371,0.8410012915853371,0.8343266844749451,0.8343266844749451,61100.0
2017-07-27,0.8443385951405332,0.8443385951405332,0.8343266844749451,0.8343266844749451,29700.0
2017-07-28,0.8343266642837576,0.837663967758189,0.8309893608093262,0.8309893608093262,15100.0
2017-07-31,0.8309893608093262,0.8309893608093262,0.8309893608093262,0.8309893608093262,0.0
2017-08-01,0.8376640675217346,0.8476759791374207,0.8376640675217346,0.8476759791374207,15700.0
2017-08-02,0.8410012915853371,0.8410012915853371,0.8343266844749451,0.8343266844749451,37500.0
2017-08-03,0.8410013117758811,0.8410013117758811,0.8343267045052467,0.837664008140564,26100.0
2017-08-04,0.8410014510154724,0.8410014510154724,0.8410014510154724,0.8410014510154724,300.0
2017-08-07,0.8476758801117192,0.85101318359375,0.8476758801117192,0.85101318359375,63400.0
2017-08-08,0.8576878508738833,0.8643624583073302,0.8576878508738833,0.8610251545906067,53400.0
2017-08-10,0.8643623975218729,0.8643623975218729,0.85101318359375,0.85101318359375,71900.0
2017-08-11,0.8576878706577169,0.8576878706577169,0.8543505668640137,0.8543505668640137,30800.0
2017-08-14,0.8543505079607433,0.8643624186515809,0.8543505079607433,0.8643624186515808,116700.0
2017-08-15,0.8676996212414553,0.8676996212414553,0.8510131053651935,0.8576877117156982,62500.0
2017-08-16,0.8576877117156982,0.8576877117156982,0.8576877117156982,0.8576877117156982,0.0
2017-08-17,0.8576877117156982,0.8610250148909506,0.8510131053651935,0.8576877117156982,50700.0
2017-08-18,0.85101318359375,0.8610250940398422,0.85101318359375,0.85101318359375,31700.0
2017-08-21,0.85101318359375,0.85101318359375,0.85101318359375,0.85101318359375,0.0
2017-08-22,0.8676998019218445,0.8676998019218445,0.8610251941814918,0.8676998019218445,66200.0
2017-08-23,0.8676998585269042,0.9010729789733888,0.8676998585269042,0.9010729789733888,179500.0
2017-08-24,0.9077474873797522,0.9711563376480384,0.9077474873797522,0.91442209482193,77400.0
2017-08-25,0.9277713097062856,0.9277713097062856,0.9077474873797522,0.91442209482193,87400.0
2017-08-28,0.9578071827609638,0.9711564791580812,0.9344460533093232,0.9611445665359496,132400.0
2017-08-29,0.9611445057380864,0.9845056337120026,0.94112060219284,0.9811683297157288,146500.0
2017-08-30,0.98784285804843,0.9978547692298888,0.9845055543212772,0.9978547692298888,62400.0
2017-08-31,0.9978548280751988,1.0278905633908368,0.9978548280751988,1.0178786516189575,71600.0
2017-09-04,1.0112039841385003,1.0112039841385003,0.9845055543212772,0.9978547692298888,148800.0
2017-09-05,0.994517446370979,1.0212158756745986,0.9811682317191692,1.0145412683486938,80200.0
2017-09-06,1.0078667398470782,1.0212159555429174,1.0045294359231185,1.0178786516189575,100000.0
2017-09-07,1.011204081991704,1.0345652103424072,1.0078667779416035,1.0345652103424072,59500.0
2017-09-08,1.034565010087107,1.034565010087107,1.007866582854177,1.021215796470642,11600.0
2017-09-11,1.021215796470642,1.034565010087107,1.001191976045945,1.021215796470642,48000.0
2017-09-12,1.021215796470642,1.021215796470642,1.021215796470642,1.021215796470642,0.0
2017-09-13,1.0145413860418044,1.0345652103424072,1.0145413860418044,1.0345652103424072,44400.0
2017-09-14,1.0278904032788745,1.0278904032788745,1.0145411896624097,1.021215796470642,31100.0
2017-09-15,1.021215796470642,1.021215796470642,1.017878493066526,1.021215796470642,43400.0
2017-09-18,1.0212159948976256,1.024553298950195,1.0212159948976256,1.024553298950195,9900.0
2017-09-19,1.021215796470642,1.021215796470642,1.021215796470642,1.021215796470642,10200.0
2017-09-20,1.017878533194827,1.02789044380188,1.0145412296591425,1.02789044380188,38500.0
2017-09-21,1.0278905232784188,1.0345651308658683,1.0278905232784188,1.0312278270721436,30900.0
2017-09-22,1.0312276763844943,1.1013111253794032,1.0312276763844943,1.0879619121551514,237700.0
2017-09-25,1.0679383978956976,1.1880814308589438,1.0679383978956976,1.1346845626831057,203700.0
2017-09-26,1.1346845626831057,1.1613829967710247,1.1346845626831057,1.1346845626831057,101300.0
2017-09-27,1.13802170753479,1.1580455302958763,1.13802170753479,1.13802170753479,64400.0
2017-09-28,1.1480335392185763,1.1480335392185763,1.1413589320949002,1.1446962356567385,16500.0
2017-09-29,1.1513709227088476,1.1513709227088476,1.1346844037412755,1.13802170753479,23500.0
2017-10-02,1.1446963542056834,1.1680574815579132,1.1446963542056834,1.1647201776504517,96500.0
2017-10-03,1.1613828737429903,1.1647201776504517,1.1547082659280674,1.1647201776504517,65000.0
2017-10-04,1.1680574815579132,1.1680574815579132,1.151370962020606,1.1647201776504517,34000.0
2017-10-05,1.1647199785077509,1.1647199785077509,1.1613826751708984,1.1613826751708984,77100.0
2017-10-06,1.1647199785077509,1.1680572818446031,1.1613826751708984,1.1613826751708984,119200.0
2017-10-09,1.1647198981136289,1.1647198981136289,1.1547079887941376,1.1580452919006348,68500.0
2017-10-10,1.161382993973431,1.161382993973431,1.1547083854675293,1.1547083854675293,71300.0
2017-10-11,1.1613826751708984,1.1647199785077509,1.1613826751708984,1.1613826751708984,33600.0
2017-10-12,1.1647202182929273,1.1647202182929273,1.1513710021972656,1.1513710021972656,12900.0
2017-10-13,1.15804568972048,1.15804568972048,1.1513710812145783,1.1547083854675293,87000.0
2017-10-16,1.1613826751708984,1.1680572818446031,1.1613826751708984,1.1613826751708984,63200.0
2017-10-17,1.1613826751708984,1.1647199785077509,1.158045371834046,1.1613826751708984,65200.0
2017-10-19,1.1613825950071317,1.1647198981136289,1.1580452919006348,1.1580452919006348,116000.0
2017-10-20,1.1580452919006348,1.1580452919006348,1.1580452919006348,1.1580452919006348,37500.0
2017-10-23,1.1613826805132956,1.2281288271249675,1.1613826805132956,1.201430320739746,310100.0
2017-10-24,1.201430245103957,1.2314660529504848,1.201430245103957,1.22145414352417,136400.0
2017-10-25,1.2247916460037231,1.2314662533742395,1.2214543423184647,1.2247916460037231,83700.0
2017-10-26,1.2247919631431683,1.2314665722419635,1.221454658593771,1.228129267692566,82000.0
2017-10-27,1.2314660957315342,1.2381407022476196,1.2314660957315342,1.2381407022476196,93700.0
2017-10-30,1.244815289513312,1.368295587718921,1.244815289513312,1.3549463748931885,399600.0
2017-10-31,1.3749703973373024,1.4350420230661936,1.3749703973373024,1.4083434343338013,290100.0
2017-11-01,1.4350420634489531,1.4951135317330908,1.4350420634489531,1.481764316558838,332400.0
2017-11-02,1.4750897895070842,1.4750897895070842,1.4483913577009262,1.4550659656524658,164100.0
2017-11-03,1.4892221682102835,1.5028847434614174,1.468728305333583,1.4823908805847168,99800.0
2017-11-06,1.4823912401018229,1.4892225293841488,1.4618973722548445,1.4687286615371704,95300.0
2017-11-07,1.4823909996304632,1.4823909996304632,1.455065846933806,1.4755597114562988,154600.0
2017-11-08,1.489222653325361,1.489222653325361,1.455066204071045,1.455066204071045,45900.0
2017-11-09,1.441403275450471,1.4550660162594868,1.3662590967901542,1.3799216747283936,139600.0
2017-11-10,1.3525966418394135,1.3560122866345476,1.2979462436818732,1.3457653522491455,241400.0
2017-11-13,1.3662589786802362,1.4004154205730897,1.3662589786802362,1.393584132194519,127800.0
2017-11-14,1.3935840124390566,1.3935840124390566,1.386752724647522,1.386752724647522,35200.0
2017-11-15,1.379921555560577,1.3867528439397576,1.366258978802216,1.3730902671813965,80700.0
2017-11-16,1.3730903870284124,1.38675296497928,1.3525965201021108,1.3662590980529783,32600.0
2017-11-17,1.366258861272918,1.4004153002305917,1.366258861272918,1.386752724647522,70600.0
2017-11-20,1.3867530763437934,1.4482346820600362,1.3867530763437934,1.4209095239639282,131200.0
2017-11-21,1.4277405738040416,1.4414031505584717,1.4277405738040416,1.4414031505584717,32500.0
2017-11-22,1.4414034614985212,1.4687287837727714,1.4345721716476578,1.455066204071045,88600.0
2017-11-23,1.4345722251524533,1.4345722251524533,1.4140783548355105,1.4140783548355105,37800.0
2017-11-24,1.4209095919459314,1.461897493921908,1.4209095919459314,1.455066204071045,31800.0
2017-11-27,1.4550662583402,1.4550662583402,1.4140783548355105,1.4140783548355105,47600.0
2017-11-28,1.414077879059339,1.427740454673767,1.393584015637696,1.427740454673767,98200.0
2017-11-29,1.407247059527067,1.4482348000094158,1.407247059527067,1.4345722198486328,13900.0
2017-11-30,1.407246708869934,1.407246708869934,1.3867528437354122,1.407246708869934,93300.0
2017-12-01,1.3935841319179665,1.4414031505584717,1.3935841319179665,1.4414031505584717,49600.0
2017-12-04,1.43457186238263,1.43457186238263,1.3935841321135862,1.407246708869934,12100.0
2017-12-05,1.4004154207835655,1.4072467091631633,1.3594276905059814,1.3594276905059814,105000.0
2017-12-06,1.3594276906335745,1.366258979013813,1.3321025371126205,1.3389338254928589,61200.0
2017-12-07,1.3321024179458618,1.3662588567914995,1.325271130176734,1.3321024179458618,87500.0
2017-12-08,1.3321025369875918,1.3594276905059814,1.3321025369875918,1.3594276905059814,35500.0
2017-12-11,1.3730902671813965,1.3730902671813965,1.3389338252854937,1.3730902671813965,18200.0
2017-12-12,1.3525966418394135,1.3525966418394135,1.3457653522491455,1.3457653522491455,35800.0
2017-12-13,1.338933825408656,1.352596402168274,1.338933825408656,1.352596402168274,12000.0
2017-12-14,1.352596402168274,1.352596402168274,1.352596402168274,1.352596402168274,7700.0
2017-12-15,1.345765231126677,1.3662590980529783,1.345765231126677,1.3662590980529783,43200.0
2017-12-18,1.3662589786008903,1.414077997248108,1.3662589786008903,1.407246708869934,90700.0
2017-12-19,1.4072465912521244,1.44823431809541,1.4072465912521244,1.427740454673767,42600.0
2017-12-20,1.42090963968785,1.4482348000094158,1.42090963968785,1.4345722198486328,65300.0
2017-12-21,1.4345722198486328,1.4414035099290243,1.4277409297682415,1.4345722198486328,19300.0
2017-12-22,1.4345718621812569,1.4414031505584717,1.4209092854268266,1.4414031505584717,67100.0
2017-12-26,1.4345717424809814,1.461897056580587,1.427740454673767,1.427740454673767,50500.0
2017-12-27,1.4277405738040416,1.4482344389356867,1.4277405738040416,1.4414031505584717,38900.0
2017-12-28,1.4482345136600263,1.4687285427198613,1.4482345136600263,1.4618972539901731,66000.0
2017-12-29,1.461897178560879,1.461897178560879,1.4414031505584717,1.4414031505584717,42400.0
2018-01-02,1.4482345136600263,1.4755598314495493,1.4482345136600263,1.4618972539901731,89300.0
2018-01-03,1.4823911178594256,1.5233788501734116,1.4823911178594256,1.5028849840164185,129800.0
2018-01-04,1.516547558844172,1.5780291572093306,1.516547558844172,1.550704002380371,154900.0
2018-01-05,1.5711981003026334,1.5985232591629026,1.5711981003026334,1.5985232591629028,126700.0
2018-01-08,1.5985232591629026,1.6600050294693027,1.5985232591629026,1.5985232591629028,168500.0
2018-01-09,1.6121855977766917,1.6121855977766917,1.5985230203873713,1.6053543090820312,37300.0
2018-01-10,1.6121855532533793,1.6395108701481529,1.6121855532533793,1.6326795816421509,68000.0
2018-01-11,1.6463422048591778,1.6668360709523498,1.591691732406616,1.5916917324066162,125000.0
2018-01-12,1.6053542647473773,1.6326795816421509,1.6053542647473773,1.6326795816421509,52600.0
2018-01-15,1.639510989189148,1.6531735671931596,1.639510989189148,1.639510989189148,32900.0
2018-01-16,1.6600046157836914,1.6736671918090096,1.6463420397583732,1.6600046157836914,61800.0
2018-01-17,1.6531734471601571,1.6600047356661591,1.6326795816421509,1.6326795816421509,36300.0
2018-01-18,1.6531733277710323,1.6600046157836914,1.632679463733055,1.6600046157836914,43600.0
2018-01-19,1.6531734471601571,1.6600047356661591,1.6326795816421509,1.6326795816421509,55300.0
2018-01-22,1.639510989189148,1.6600048561951652,1.6326797001871425,1.639510989189148,90100.0
2018-01-23,1.6531734463255816,1.673667311833242,1.6531734463255816,1.6668360233306885,41000.0
2018-01-24,1.6600046157836914,1.6736671918090096,1.6600046157836914,1.6600046157836914,40500.0
2018-01-25,1.660004974562968,1.660004974562968,1.646342395584737,1.6531736850738523,21500.0
2018-01-26,1.6531736850738523,1.6668362640520835,1.6531736850738523,1.6531736850738523,43700.0
2018-01-29,1.6736673126781634,1.6941611781961696,1.6053542647473773,1.6326795816421509,416100.0
2018-01-30,1.5985230203873713,1.6190168864713514,1.5985230203873713,1.6053543090820312,96700.0
2018-01-31,1.605354188947187,1.605354188947187,1.5507038834796,1.5643664598464966,211400.0
2018-02-01,1.5365555270829343,1.5643664598464966,1.5365555270829343,1.5643664598464966,87200.0
2018-02-02,1.5643666164565904,1.5643666164565904,1.508744745361112,1.5156974792480469,157800.0
2018-02-05,1.4739807549673327,1.4809336538884603,1.404453423418396,1.467028021812439,237900.0
2018-02-06,1.3766425504165098,1.4253116846084597,1.369689816960517,1.4253116846084597,275500.0
2018-02-07,1.453122615814209,1.4948391822412426,1.439217148927278,1.453122615814209,146200.0
2018-02-08,1.4600755605280562,1.4600755605280562,1.4461700916290283,1.4461700916290283,36900.0
2018-02-09,1.439217092076232,1.439217092076232,1.390547959894471,1.41140615940094,138700.0
2018-02-12,1.453122954963508,1.453122954963508,1.4114065445663806,1.4183592796325684,61900.0
2018-02-13,1.43226432800293,1.4461697940405325,1.4114061289465256,1.4322643280029297,42400.0
2018-02-14,1.473980818800409,1.473980818800409,1.411406217696474,1.4253116846084597,68900.0
2018-02-15,1.4322646163242685,1.4739810228347778,1.4322646163242685,1.4739810228347778,9100.0
2018-02-19,1.4739807252380015,1.4739807252380015,1.439217060164696,1.4600752592086792,27400.0
2018-02-20,1.460075442386317,1.5365556809088512,1.460075442386317,1.5156974792480469,135500.0
2018-02-21,1.5156974708714648,1.633893946296137,1.5156974708714648,1.571319341659546,171600.0
2018-02-22,1.585224818117395,1.585224818117395,1.5156974792480469,1.5156974792480469,85000.0
2018-02-23,1.5296029710688397,1.564366641050034,1.5156975030763618,1.5504611730575562,33200.0
2018-02-26,1.5643665866810816,1.5643665866810816,1.4948392491350886,1.508744716644287,28400.0
2018-02-27,1.5087450193638745,1.5087450193638745,1.480934078765398,1.4948395490646362,42900.0
2018-02-28,1.460075386548051,1.5435083557667584,1.460075386548051,1.5017919540405271,37200.0
2018-03-01,1.494839012326287,1.515697210285779,1.4809335470199585,1.4809335470199585,33400.0
2018-03-02,1.494839549064636,1.5087450193638745,1.494839549064636,1.4948395490646362,28700.0
2018-03-05,1.494839549064636,1.5087450193638745,1.494839549064636,1.4948395490646362,102400.0
2018-03-06,1.508744716644287,1.5365556516626844,1.5017919828896875,1.508744716644287,119700.0
2018-03-07,1.522650122642517,1.5365555895899723,1.508744655695062,1.522650122642517,101000.0
2018-03-08,1.5087448606931333,1.5156975951115514,1.4739810228347778,1.4739810228347778,37400.0
2018-03-09,1.467027915947408,1.5087444776326149,1.460075183294244,1.4809335470199585,19900.0
2018-03-12,1.480934078765398,1.5296032248127316,1.480934078765398,1.4948395490646362,118600.0
2018-03-13,1.508744716644287,1.5504611191718831,1.4948392491350886,1.508744716644287,143600.0
2018-03-14,1.5156974212826042,1.5156974212826042,1.4878864867984505,1.5017919540405271,61300.0
2018-03-15,1.487886813915017,1.494839549064636,1.487886813915017,1.4948395490646362,43000.0
2018-03-16,1.487886813915017,1.494839549064636,1.487886813915017,1.4948395490646362,22600.0
2018-03-19,1.494839549064636,1.5017922842142553,1.494839549064636,1.4948395490646362,7500.0
2018-03-20,1.494839012326287,1.494839012326287,1.4739806486005722,1.4809335470199585,25800.0
2018-03-21,1.4809335470199585,1.494839012326287,1.4739806486005722,1.4809335470199585,15300.0
2018-03-22,1.4809335470199585,1.4809335470199585,1.4809335470199585,1.4809335470199585,1000.0
2018-03-23,1.4739808161446053,1.4739808161446053,1.439217148927278,1.453122615814209,56300.0
2018-03-26,1.446169884976438,1.446169884976438,1.411406217696474,1.4253116846084597,95900.0
2018-03-27,1.418359243566379,1.453122918013344,1.418359243566379,1.439217448234558,38700.0
2018-03-28,1.4253118378259428,1.4253118378259428,1.4044536352157593,1.4044536352157593,69600.0
2018-03-29,1.362737027219179,1.418358892569763,1.362737027219179,1.41140615940094,93600.0
2018-04-02,1.411406369419154,1.4183591036225482,1.3905481668089703,1.4044536352157593,16300.0
2018-04-03,1.3905481668089703,1.4044536352157593,1.3696899641987867,1.4044536352157593,56700.0
2018-04-04,1.3627372698145734,1.3835954730342337,1.3488318010014666,1.35578453540802,87800.0
2018-04-05,1.3557844123034852,1.38359534740448,1.327973394319366,1.38359534740448,76100.0
2018-04-06,1.3835954382417266,1.3905481724734434,1.3766427040100098,1.3766427040100098,67600.0
2018-04-09,1.3557844404112842,1.3905481100082395,1.3557844404112842,1.3905481100082395,52900.0
2018-04-10,1.4044534262321169,1.4253116257385858,1.4044534262321169,1.41140615940094,16300.0
2018-04-11,1.411406340736198,1.411406340736198,1.3975008726119995,1.3975008726119995,12300.0
2018-04-12,1.3835954382417266,1.3835954382417266,1.3766427040100098,1.3766427040100098,7200.0
2018-04-13,1.383595226725648,1.418358892569763,1.383595226725648,1.41140615940094,7500.0
2018-04-16,1.41140615940094,1.41140615940094,1.41140615940094,1.41140615940094,0.0
2018-04-17,1.3905481100082395,1.3905481100082395,1.3905481100082395,1.3905481100082395,5000.0
2018-04-18,1.3975008439276309,1.3975008439276309,1.3905481100082395,1.3905481100082395,15700.0
2018-04-19,1.3905481100082395,1.3905481100082395,1.3905481100082395,1.3905481100082395,0.0
2018-04-20,1.3766426136292311,1.38359534740448,1.3488316785282364,1.38359534740448,80200.0
2018-04-23,1.3766425262611934,1.3766425262611934,1.362737059593201,1.362737059593201,52500.0
2018-04-24,1.35578453540802,1.35578453540802,1.3418789837117813,1.35578453540802,111600.0
2018-04-25,1.3557844417266098,1.3557844417266098,1.3210206892128018,1.341878890991211,159900.0
2018-04-26,1.327973394610677,1.3349261283874512,1.3071151932803555,1.3349261283874512,134700.0
2018-04-27,1.3210207276982362,1.3210207276982362,1.2862570570547809,1.2932097911834717,59700.0
2018-04-30,1.293209674779897,1.3001624082827627,1.2514931908795794,1.2653987407684326,170800.0
2018-05-02,1.2723515321567724,1.286256999795132,1.258445981635288,1.279304265975952,108200.0
2018-05-03,1.279304265975952,1.286256999795132,1.2723515321567724,1.279304265975952,57400.0
2018-05-04,1.265398674979891,1.279304141262673,1.2584458589553833,1.2584458589553833,112600.0
2018-05-07,1.2653987093792285,1.2862569093704224,1.2653987093792285,1.2862569093704224,18000.0
2018-05-08,1.2862570570547809,1.2932097911834717,1.2862570570547809,1.2932097911834717,19000.0
2018-05-09,1.2862569957891246,1.321020664776753,1.2862569957891246,1.3071151971817017,55600.0
2018-05-10,1.293209757935643,1.3210206937354008,1.293209757935643,1.3140679597854614,8900.0
2018-05-11,1.3140677511247263,1.321020483970642,1.3140677511247263,1.321020483970642,30400.0
2018-05-14,1.321020402622218,1.3488314151763916,1.321020402622218,1.3488314151763916,36100.0
2018-05-15,1.3418786825083886,1.3418786825083886,1.3140677511247263,1.321020483970642,19000.0
2018-05-16,1.3210206608339037,1.3349261283874512,1.3210206608339037,1.3349261283874512,6700.0
2018-05-17,1.3349261283874512,1.3349261283874512,1.3349261283874512,1.3349261283874512,0.0
2018-05-18,1.3349261283874512,1.3349261283874512,1.3349261283874512,1.3349261283874512,13500.0
2018-05-21,1.3279732168165574,1.3279732168165574,1.3140677511247263,1.321020483970642,15200.0
2018-05-22,1.3140679053435151,1.3140679053435151,1.2723515033721924,1.2723515033721924,12000.0
2018-05-23,1.2723515033721924,1.2862569706959668,1.2653987697103053,1.2723515033721924,28600.0
2018-05-24,1.2862569706959668,1.300162438019741,1.2723515033721924,1.2723515033721924,27500.0
2018-05-25,1.2723516205601062,1.2723516205601062,1.2514933347702026,1.2514933347702026,59900.0
2018-05-28,1.25844606907246,1.2793043548623635,1.2514933347702026,1.2514933347702026,39700.0
2018-05-30,1.2862570004226213,1.2862570004226213,1.2167295793137802,1.2306350469589231,90800.0
2018-05-31,1.2236822237242957,1.2514931569824916,1.2236822237242957,1.2375876903533936,33200.0
2018-06-01,1.251493248426638,1.251493248426638,1.2236823131363517,1.2306350469589231,21000.0
2018-06-04,1.2306350388527183,1.3349261283874512,1.2236823050759449,1.3349261283874512,23600.0
2018-06-05,1.2653987093792285,1.2862569093704224,1.251493159835313,1.2862569093704224,22400.0
2018-06-06,1.286256999795132,1.286256999795132,1.258445981635288,1.279304265975952,8900.0
2018-06-07,1.265398674979891,1.265398674979891,1.2584458589553833,1.2584458589553833,6600.0
2018-06-08,1.25844606907246,1.25844606907246,1.2514933347702026,1.2514933347702026,7700.0
2018-06-11,1.2653987983375927,1.286256999795132,1.251493247816108,1.279304265975952,55700.0
2018-06-12,1.2723515321567724,1.279304265975952,1.2653987983375927,1.279304265975952,162200.0
2018-06-13,1.2653988862578485,1.2653988862578485,1.2514933347702026,1.2514933347702026,23600.0
2018-06-14,1.2653988862578485,1.2653988862578485,1.2514933347702026,1.2514933347702026,17900.0
2018-06-18,1.251493252676445,1.251493252676445,1.2028241157531738,1.2028241157531738,45000.0
2018-06-19,1.1958711746558854,1.2097766399383545,1.1819657093734166,1.2097766399383545,13300.0
2018-06-20,1.2097768495993555,1.2236823172917186,1.2028241157531738,1.2028241157531738,26800.0
2018-06-21,1.195871353149414,1.195871353149414,1.195871353149414,1.195871353149414,7500.0
2018-06-22,1.209776928956657,1.2514933347702026,1.209776928956657,1.2514933347702026,30500.0
2018-06-25,1.244540600467945,1.2514933347702026,1.2375878661656874,1.2514933347702026,13400.0
2018-06-26,1.3210207606759097,1.3210207606759097,1.209776928956657,1.2514933347702026,13400.0
2018-06-27,1.2445405721664429,1.2445405721664429,1.2445405721664429,1.2445405721664429,30000.0
2018-06-28,1.2445405721664429,1.2445405721664429,1.2445405721664429,1.2445405721664429,0.0
2018-06-29,1.2445405721664429,1.2445405721664429,1.2445405721664429,1.2445405721664429,0.0
2018-07-02,1.2306350469589231,1.2306350469589231,1.2306350469589231,1.2306350469589231,3300.0
2018-07-03,1.216729372579589,1.216729372579589,1.20282390729712,1.2097766399383545,62200.0
2018-07-04,1.2097768495993555,1.2097768495993555,1.2028241157531738,1.2028241157531738,23000.0
2018-07-05,1.1819658570358182,1.1958713240554903,1.1819658570358182,1.1889185905456543,43800.0
2018-07-06,1.1889186194704275,1.195871353149414,1.1889186194704275,1.195871353149414,6200.0
2018-07-09,1.195871353149414,1.195871353149414,1.195871353149414,1.195871353149414,0.0
2018-07-10,1.209776906785854,1.2236823751355328,1.209776906785854,1.2167296409606934,12500.0
2018-07-11,1.2236823131363517,1.2306350469589231,1.2236823131363517,1.2306350469589231,6000.0
2018-07-12,1.2167294904097463,1.2375876903533936,1.2028240237806485,1.2375876903533936,3200.0
2018-07-13,1.2375877238738473,1.2653987407684326,1.2375877238738473,1.2653987407684326,16900.0
2018-07-16,1.2862570891646214,1.2862570891646214,1.2514933347702026,1.2514933347702026,13600.0
2018-07-17,1.2514931908795794,1.2653987407684326,1.2375877238738473,1.2653987407684326,10100.0
2018-07-18,1.2514933063105915,1.2514933063105915,1.2445405721664429,1.2445405721664429,1000.0
2018-07-19,1.2445405721664429,1.2445405721664429,1.2445405721664429,1.2445405721664429,0.0
2018-07-20,1.2445405721664429,1.2445405721664429,1.2445405721664429,1.2445405721664429,0.0
2018-07-23,1.2375878661656874,1.2514933347702026,1.2375878661656874,1.2514933347702026,900.0
2018-07-24,1.2445404236679427,1.2445404236679427,1.2306349570388446,1.2375876903533936,1300.0
2018-07-25,1.2375877521796337,1.300162438019741,1.2375877521796337,1.2723515033721924,31100.0
2018-07-26,1.25844606907246,1.2793043548623635,1.244540600467945,1.2514933347702026,8400.0
2018-07-27,1.2514933347702026,1.2514933347702026,1.244540600467945,1.2514933347702026,12800.0
2018-07-30,1.2653988862578485,1.2653988862578485,1.2514933347702026,1.2514933347702026,2100.0
2018-07-31,1.2445405721664429,1.2445405721664429,1.237587838022294,1.2445405721664429,2000.0
2018-08-01,1.2375876903533936,1.2514931569824916,1.2236822237242957,1.2375876903533936,57900.0
2018-08-02,1.237587838022294,1.2514933063105915,1.237587838022294,1.2445405721664429,33900.0
2018-08-03,1.2514931569824916,1.2514931569824916,1.2375876903533936,1.2375876903533936,11500.0
2018-08-06,1.2445404236679427,1.2445404236679427,1.2375876903533936,1.2375876903533936,9700.0
2018-08-07,1.2375876903533936,1.2375876903533936,1.2375876903533936,1.2375876903533936,0.0
2018-08-08,1.2514933063105915,1.2514933063105915,1.2445405721664429,1.2445405721664429,16700.0
2018-08-10,1.2584460404547404,1.265398857482018,1.2445405721664429,1.2445405721664429,15700.0
2018-08-13,1.2445405721664429,1.2445405721664429,1.2445405721664429,1.2445405721664429,0.0
2018-08-14,1.2514931258139923,1.2584458589553833,1.2445403926726015,1.2584458589553833,5200.0
2018-08-15,1.265398857482018,1.265398857482018,1.2445405721664429,1.2445405721664429,32100.0
2018-08-16,1.2514933347702026,1.2653988862578485,1.2514933347702026,1.2514933347702026,33700.0
2018-08-17,1.265398674979891,1.265398674979891,1.2514931258139923,1.2584458589553833,2200.0
2018-08-20,1.2584458589553833,1.2584458589553833,1.2514931258139923,1.2584458589553833,5400.0
2018-08-21,1.2514933347702026,1.25844606907246,1.244540600467945,1.2514933347702026,37600.0
2018-08-23,1.2445404573767134,1.2653987407684326,1.2375877238738473,1.2653987407684326,61800.0
2018-08-24,1.2653987407684326,1.2653987407684326,1.2653987407684326,1.2653987407684326,0.0
2018-08-27,1.279304265975952,1.3001624674334915,1.2723515321567724,1.279304265975952,124000.0
2018-08-28,1.2862569706959668,1.293209704357854,1.2723515033721924,1.2723515033721924,68900.0
2018-08-29,1.2793043257703158,1.2793043257703158,1.2306351038781451,1.2445405721664429,144300.0
2018-08-30,1.2445405721664429,1.2445405721664429,1.2445405721664429,1.2445405721664429,0.0
2018-08-31,1.2514931258139923,1.2584458589553833,1.2514931258139923,1.2584458589553833,900.0
2018-09-03,1.2584459243824453,1.2653987407684326,1.2514931908795794,1.2653987407684326,43400.0
2018-09-04,1.2653987407684326,1.2793042077741643,1.2653987407684326,1.2653987407684326,11800.0
2018-09-05,1.2514931258139923,1.2584458589553833,1.2445403926726015,1.2584458589553833,78800.0
2018-09-06,1.2584458589553833,1.2584458589553833,1.2584458589553833,1.2584458589553833,0.0
2018-09-07,1.2584460404547404,1.2584460404547404,1.237587838022294,1.2445405721664429,19700.0
2018-09-10,1.2862569706959668,1.2862569706959668,1.2653987697103053,1.2723515033721924,18600.0
2018-09-11,1.2723514398092577,1.2723514398092577,1.2306349570388446,1.2375876903533936,14900.0
2018-09-12,1.2653987064947088,1.2723514398092577,1.2375876903533936,1.2375876903533936,73600.0
2018-09-13,1.2375876903533936,1.2375876903533936,1.2375876903533936,1.2375876903533936,4100.0
2018-09-14,1.2306350469589231,1.251493248426638,1.2306350469589231,1.2306350469589231,24200.0
2018-09-17,1.244540600467945,1.2514933347702026,1.244540600467945,1.2514933347702026,17200.0
2018-09-18,1.2514933347702026,1.2514933347702026,1.2514933347702026,1.2514933347702026,0.0
2018-09-19,1.2514931908795794,1.2653987407684326,1.2514931908795794,1.2653987407684326,70900.0
2018-09-20,1.2584458589553833,1.2584458589553833,1.2584458589553833,1.2584458589553833,3000.0
2018-09-21,1.2514933347702026,1.25844606907246,1.2514933347702026,1.2514933347702026,47900.0
2018-09-24,1.2514933063105915,1.2514933063105915,1.237587838022294,1.2445405721664429,16000.0
2018-09-25,1.2514933347702026,1.2514933347702026,1.2514933347702026,1.2514933347702026,1000.0
2018-09-26,1.2375876903533936,1.2375876903533936,1.2375876903533936,1.2375876903533936,1000.0
2018-09-27,1.2445405721664429,1.2514933063105915,1.2445405721664429,1.2445405721664429,35600.0
2018-09-28,1.2584459243824453,1.2653987407684326,1.2584459243824453,1.2653987407684326,52200.0
2018-10-01,1.2653987697103053,1.2723515033721924,1.2653987697103053,1.2723515033721924,1800.0
2018-10-02,1.2375877238738473,1.2653987407684326,1.2375877238738473,1.2653987407684326,38000.0
2018-10-03,1.2653987407684326,1.2653987407684326,1.2653987407684326,1.2653987407684326,0.0
2018-10-04,1.2653987407684326,1.2653987407684326,1.2653987407684326,1.2653987407684326,5000.0
2018-10-05,1.2653987407684326,1.2653987407684326,1.2653987407684326,1.2653987407684326,50300.0
2018-10-08,1.2723515033721924,1.2793042370340797,1.2723515033721924,1.2723515033721924,47300.0
2018-10-09,1.2862569093704224,1.2932096427008204,1.2862569093704224,1.2862569093704224,72600.0
2018-10-10,1.2932096427008204,1.2932096427008204,1.2862569093704224,1.2862569093704224,34600.0
2018-10-11,1.272351591626167,1.272351591626167,1.2445405721664429,1.2445405721664429,135600.0
2018-10-12,1.2306351318634297,1.2514933347702026,1.2306351318634297,1.2514933347702026,53600.0
2018-10-15,1.2584460404547404,1.2584460404547404,1.2445405721664429,1.2445405721664429,16700.0
2018-10-16,1.2445405721664429,1.2445405721664429,1.2445405721664429,1.2445405721664429,10000.0
2018-10-17,1.2445405721664429,1.2445405721664429,1.2445405721664429,1.2445405721664429,0.0
2018-10-18,1.2514931258139923,1.2584458589553833,1.2514931258139923,1.2584458589553833,24300.0
2018-10-19,1.2584458589553833,1.2584458589553833,1.2584458589553833,1.2584458589553833,0.0
2018-10-22,1.2584458589553833,1.2584458589553833,1.2514931258139923,1.2584458589553833,11700.0
2018-10-23,1.2445405721664429,1.2584460404547404,1.237587838022294,1.2445405721664429,44100.0
2018-10-24,1.2445405721664429,1.2445405721664429,1.237587838022294,1.2445405721664429,51500.0
2018-10-25,1.2584459822492098,1.2584459822492098,1.2306350469589231,1.2306350469589231,167000.0
2018-10-26,1.2445404236679427,1.2445404236679427,1.2236822237242957,1.2375876903533936,87000.0
2018-10-29,1.2236823751355328,1.230635109310372,1.2167296409606934,1.2167296409606934,79200.0
2018-10-30,1.2167296409606934,1.230635109310372,1.2167296409606934,1.2167296409606934,35200.0
2018-10-31,1.2306351318634297,1.2514933347702026,1.2306351318634297,1.2514933347702026,42800.0
2018-11-01,1.2445407278148186,1.2514934628285108,1.223682522773743,1.223682522773743,34300.0
2018-11-02,1.2596730585354814,1.2596730585354814,1.2452768087387085,1.2452768087387085,64400.0
2018-11-05,1.2452768087387085,1.2452768087387085,1.2452768087387085,1.2452768087387085,14000.0
2018-11-07,1.2380785942077637,1.2380785942077637,1.2380785942077637,1.2380785942077637,10900.0
2018-11-08,1.2236822843551636,1.2236822843551636,1.2236822843551636,1.2236822843551636,3500.0
2018-11-09,1.2236822843551636,1.2380785323908985,1.2236822843551636,1.2236822843551636,34400.0
2018-11-12,1.2236822843551636,1.2236822843551636,1.2236822843551636,1.2236822843551636,10800.0
2018-11-13,1.2236822843551636,1.2236822843551636,1.2236822843551636,1.2236822843551636,20000.0
2018-11-14,1.2236822843551636,1.2236822843551636,1.2236822843551636,1.2236822843551636,9200.0
2018-11-15,1.2236824292607753,1.2236824292607753,1.209286093711853,1.209286093711853,92800.0
2018-11-16,1.209286093711853,1.209286093711853,1.209286093711853,1.209286093711853,8000.0
2018-11-19,1.209286093711853,1.209286093711853,1.209286093711853,1.209286093711853,0.0
2018-11-20,1.209286093711853,1.209286093711853,1.209286093711853,1.209286093711853,0.0
2018-11-21,1.209286062592656,1.209286062592656,1.1876916885375977,1.1876916885375977,2600.0
2018-11-22,1.1948897482441705,1.202087872537754,1.1301066296019202,1.144502878189087,112300.0
2018-11-23,1.1445027928828528,1.1660971641540527,1.1445027928828528,1.1660971641540527,30800.0
2018-11-26,1.1660973728489814,1.1804936229395928,1.1660973728489814,1.173295497894287,49800.0
2018-11-27,1.1660973424351644,1.1732954672927307,1.1517010927200315,1.1517010927200315,50900.0
2018-11-28,1.1517010927200315,1.158899217577598,1.1517010927200315,1.1517010927200315,73500.0
2018-11-29,1.1517010927200315,1.1517010927200315,1.1517010927200315,1.1517010927200315,0.0
2018-11-30,1.1517011227583698,1.173295497894287,1.1373048726677584,1.173295497894287,9600.0
2018-12-03,1.1732954103348574,1.194889783859253,1.1732954103348574,1.194889783859253,24000.0
2018-12-04,1.194889843971348,1.209286093711853,1.1876917191010954,1.209286093711853,27700.0
2018-12-05,1.2020879688416006,1.216484304390523,1.2020879688416006,1.209286093711853,9500.0
2018-12-06,1.2164840930190912,1.2164840930190912,1.187691512732548,1.2020877599716189,5600.0
2018-12-07,1.2020877599716189,1.2020877599716189,1.2020877599716189,1.2020877599716189,0.0
2018-12-10,1.2020877599716189,1.2020877599716189,1.2020877599716189,1.2020877599716189,0.0
2018-12-11,1.209286093711853,1.209286093711853,1.209286093711853,1.209286093711853,1500.0
2018-12-12,1.209286093711853,1.209286093711853,1.209286093711853,1.209286093711853,0.0
2018-12-13,1.209286097541333,1.216484308242798,1.209286097541333,1.216484308242798,4600.0
2018-12-14,1.2164840930190912,1.2236822166386263,1.2020877599716189,1.2020877599716189,22200.0
2018-12-17,1.2020879083673848,1.2020879083673848,1.1804935348429892,1.194889783859253,5700.0
2018-12-18,1.216484243192061,1.216484243192061,1.1732954103348574,1.194889783859253,3700.0
2018-12-19,1.2164840930190912,1.2164840930190912,1.1660971418739423,1.2020877599716189,40600.0
2018-12-20,1.2020879083673848,1.2020879083673848,1.187691659351121,1.194889783859253,19700.0
2018-12-21,1.209286062592656,1.209286062592656,1.15889918979752,1.1876916885375977,5900.0
2018-12-24,1.216484304390523,1.216484304390523,1.1876917191010954,1.209286093711853,8700.0
2018-12-26,1.209286092672199,1.209286092672199,1.1804935932159424,1.1804935932159424,8700.0
2018-12-27,1.209286062592656,1.209286062592656,1.1876916885375977,1.1876916885375977,1300.0
2018-12-28,1.2092860328755166,1.2092860328755166,1.187691659351121,1.194889783859253,15400.0
2018-12-31,1.194889843971348,1.216484304390523,1.1876917191010954,1.209286093711853,15400.0
2019-01-01,1.209286093711853,1.209286093711853,1.209286093711853,1.209286093711853,0.0
2019-01-02,1.209286092672199,1.209286092672199,1.1804935932159424,1.1804935932159424,5800.0
2019-01-03,1.1876917191010954,1.209286093711853,1.1732954693605904,1.209286093711853,18800.0
2019-01-04,1.209286093711853,1.209286093711853,1.209286093711853,1.209286093711853,0.0
2019-01-07,1.209286093711853,1.209286093711853,1.209286093711853,1.209286093711853,0.0
2019-01-08,1.2092860328755166,1.2092860328755166,1.194889783859253,1.194889783859253,3200.0
2019-01-09,1.194889783859253,1.194889783859253,1.194889783859253,1.194889783859253,4900.0
2019-01-10,1.2020877599716189,1.2020877599716189,1.187691512732548,1.2020877599716189,7800.0
2019-01-11,1.2020877599716189,1.2020877599716189,1.2020877599716189,1.2020877599716189,0.0
2019-01-14,1.2020877599716189,1.2020877599716189,1.2020877599716189,1.2020877599716189,0.0
2019-01-15,1.2020877599716189,1.2020877599716189,1.2020877599716189,1.2020877599716189,0.0
2019-01-16,1.2020877599716189,1.2020877599716189,1.2020877599716189,1.2020877599716189,5000.0
2019-01-17,1.2020877599716189,1.2020877599716189,1.2020877599716189,1.2020877599716189,0.0
2019-01-18,1.216484304390523,1.216484304390523,1.209286093711853,1.209286093711853,45900.0
2019-01-21,1.2020879083673848,1.2020879083673848,1.194889783859253,1.194889783859253,22000.0
2019-01-22,1.194889783859253,1.194889783859253,1.194889783859253,1.194889783859253,3000.0
2019-01-23,1.1948898477552392,1.216484308242798,1.1948898477552392,1.216484308242798,300.0
2019-01-24,1.216484160337296,1.2236822843551636,1.216484160337296,1.2236822843551636,4100.0
2019-01-25,1.223682433135845,1.230880558028892,1.2020879726482865,1.216484308242798,43100.0
2019-01-28,1.2020879688416006,1.209286093711853,1.1876917191010954,1.209286093711853,55000.0
2019-01-29,1.2020877599716189,1.2020877599716189,1.1948896363520831,1.2020877599716189,10000.0
2019-01-30,1.209285883591154,1.2236822166386263,1.2020877599716189,1.2020877599716189,22700.0
2019-01-31,1.2020879688416006,1.209286093711853,1.2020879688416006,1.209286093711853,22900.0
2019-02-01,1.2020877599716189,1.2020877599716189,1.1948896363520831,1.2020877599716189,45000.0
2019-02-04,1.2242121749409782,1.2242121749409782,1.2020878791809082,1.2020878791809082,4500.0
2019-02-05,1.2020878791809082,1.2020878791809082,1.2020878791809082,1.2020878791809082,0.0
2019-02-07,1.2094627618789673,1.2168375278484496,1.2094627618789673,1.2094627618789673,35900.0
2019-02-08,1.2020881208466851,1.2020881208466851,1.1947133541107178,1.1947133541107178,19500.0
2019-02-11,1.194713229940003,1.2094627618789673,1.187338463970521,1.2094627618789673,6500.0
2019-02-12,1.2168376414080742,1.224212408065796,1.2168376414080742,1.224212408065796,49700.0
2019-02-13,1.2242124049158194,1.2463367927462103,1.2242124049158194,1.2315871715545654,100300.0
2019-02-14,1.2315871715545654,1.2315871715545654,1.2315871715545654,1.2315871715545654,8300.0
2019-02-15,1.224212408065796,1.224212408065796,1.224212408065796,1.224212408065796,14500.0
2019-02-18,1.224212408065796,1.224212408065796,1.224212408065796,1.224212408065796,0.0
2019-02-19,1.2242122938179316,1.2242122938179316,1.2094627618789673,1.2094627618789673,23200.0
2019-02-20,1.2094627618789673,1.2094627618789673,1.2094627618789673,1.2094627618789673,0.0
2019-02-21,1.22421228401321,1.2389618158340454,1.22421228401321,1.2389618158340454,27800.0
2019-02-22,1.2315871715545654,1.2389619381933117,1.2315871715545654,1.2315871715545654,26700.0
2019-02-25,1.2463367959531142,1.2463367959531142,1.224212408065796,1.224212408065796,15200.0
2019-02-26,1.2242124049158194,1.2389619381933117,1.2242124049158194,1.2315871715545654,23300.0
2019-02-27,1.2389618419746944,1.2979600584169737,1.2389618419746944,1.253711462020874,65300.0
2019-02-28,1.2463366985321045,1.2463366985321045,1.2463366985321045,1.2463366985321045,3500.0
2019-03-01,1.2463366959548572,1.253711462020874,1.2463366959548572,1.253711462020874,20100.0
2019-03-04,1.2537114594586984,1.268460991560589,1.2537114594586984,1.2610862255096436,22800.0
2019-03-05,1.2684609941529073,1.2684609941529073,1.253711462020874,1.253711462020874,17200.0
2019-03-06,1.253711464613371,1.253711464613371,1.2463366985321045,1.2463366985321045,32000.0
2019-03-07,1.2463366985321045,1.2463366985321045,1.2463366985321045,1.2463366985321045,0.0
2019-03-08,1.253711462020874,1.253711462020874,1.2463366959548572,1.253711462020874,5000.0
2019-03-11,1.2315870759086778,1.2610862280868906,1.2315870759086778,1.253711462020874,13800.0
2019-03-12,1.2610862255096436,1.2610862255096436,1.2537114594586984,1.2610862255096436,11100.0
2019-03-13,1.253711464613371,1.253711464613371,1.2463366985321045,1.2463366985321045,3600.0
2019-03-14,1.253711435569025,1.253711435569025,1.2389618158340454,1.2389618158340454,19500.0
2019-03-15,1.2389618158340454,1.2389618158340454,1.2389618158340454,1.2389618158340454,0.0
2019-03-18,1.2389618158340454,1.2389618158340454,1.2389618158340454,1.2389618158340454,0.0
2019-03-19,1.2389618158340454,1.2389618158340454,1.2389618158340454,1.2389618158340454,0.0
2019-03-20,1.2315870784554248,1.2610862306946375,1.2315870784554248,1.2463366985321045,1800.0
2019-03-21,1.2389618158340454,1.2389618158340454,1.2389618158340454,1.2389618158340454,6000.0
2019-03-22,1.253711462020874,1.2610862280868906,1.253711462020874,1.253711462020874,8900.0
2019-03-25,1.2389619381933117,1.2389619381933117,1.2315871715545654,1.2315871715545654,50300.0
2019-03-26,1.2315871715545654,1.2315871715545654,1.2315871715545654,1.2315871715545654,0.0
2019-03-27,1.2315871715545654,1.2315871715545654,1.2315871715545654,1.2315871715545654,0.0
2019-03-28,1.2463366934077535,1.2610862255096436,1.2463366934077535,1.2610862255096436,3200.0
2019-03-29,1.2610862255096436,1.2610862255096436,1.2610862255096436,1.2610862255096436,0.0
2019-04-01,1.2610862255096436,1.2610862255096436,1.2610862255096436,1.2610862255096436,0.0
2019-04-02,1.268461101801482,1.2905854018771217,1.268461101801482,1.2832106351852417,18700.0
2019-04-03,1.2905851639424013,1.2905851639424013,1.275835633277893,1.275835633277893,4100.0
2019-04-04,1.253711464613371,1.2684609967759042,1.2463366985321045,1.2463366985321045,62000.0
2019-04-05,1.253711462020874,1.253711462020874,1.253711462020874,1.253711462020874,5200.0
2019-04-08,1.2463366985321045,1.2463366985321045,1.2463366985321045,1.2463366985321045,9900.0
2019-04-09,1.2463366985321045,1.2463366985321045,1.2463366985321045,1.2463366985321045,5000.0
2019-04-10,1.2389618419746944,1.253711462020874,1.2389618419746944,1.253711462020874,28000.0
2019-04-11,1.253711462020874,1.253711462020874,1.253711462020874,1.253711462020874,0.0
2019-04-12,1.253711435569025,1.253711435569025,1.2389618158340454,1.2389618158340454,2500.0
2019-04-15,1.2389618232310795,1.2389618232310795,1.2168375253677368,1.2168375253677368,16200.0
2019-04-16,1.224212408065796,1.2315871747235176,1.2168376414080742,1.224212408065796,24800.0
2019-04-17,1.2389618394426625,1.268460991560589,1.2389618394426625,1.2610862255096436,9400.0
2019-04-18,1.2610862255096436,1.2610862255096436,1.2610862255096436,1.2610862255096436,0.0
2019-04-22,1.2537115593849564,1.2537115593849564,1.2315871715545654,1.2315871715545654,7800.0
2019-04-23,1.2315871715545654,1.2315871715545654,1.2242124049158194,1.2315871715545654,13500.0
2019-04-24,1.2315871747235176,1.2315871747235176,1.224212408065796,1.224212408065796,20400.0
2019-04-25,1.253711456926316,1.2832105210705105,1.231587070904024,1.268460988998413,34700.0
2019-04-26,1.268460988998413,1.268460988998413,1.268460988998413,1.268460988998413,1300.0
2019-04-29,1.2684608543752545,1.2684608543752545,1.2020878791809082,1.2020878791809082,153500.0
2019-04-30,1.2020878791809082,1.2020878791809082,1.2020878791809082,1.2020878791809082,0.0
2019-05-02,1.2168375278484496,1.2168375278484496,1.2094627618789673,1.2094627618789673,22700.0
2019-05-03,1.2094628875826523,1.21683765431862,1.1947133541107178,1.1947133541107178,15600.0
2019-05-06,1.194713229940003,1.2094627618789673,1.187338463970521,1.2094627618789673,34400.0
2019-05-07,1.2168375253677368,1.2168375253677368,1.2094627594132892,1.2168375253677368,13200.0
2019-05-08,1.2168375253677368,1.2168375253677368,1.2168375253677368,1.2168375253677368,0.0
2019-05-09,1.2094627618789673,1.2094627618789673,1.2094627618789673,1.2094627618789673,1000.0
2019-05-10,1.194713237428365,1.194713237428365,1.1873384714126587,1.1873384714126587,19200.0
2019-05-13,1.1873384714126587,1.1873384714126587,1.179963705396952,1.1873384714126587,48500.0
2019-05-14,1.1873384714126587,1.1873384714126587,1.1873384714126587,1.1873384714126587,0.0
2019-05-15,1.194713341434909,1.224212408065796,1.194713341434909,1.224212408065796,11200.0
2019-05-16,1.2094628875826523,1.2094628875826523,1.1873385873747504,1.1947133541107178,17000.0
2019-05-17,1.1947133541107178,1.1947133541107178,1.1947133541107178,1.1947133541107178,0.0
2019-05-21,1.202087886416825,1.202087886416825,1.1652140599280814,1.17258882522583,42000.0
2019-05-22,1.1799635905235788,1.1799635905235788,1.17258882522583,1.17258882522583,16800.0
2019-05-23,1.1652142883901455,1.1652142883901455,1.1135908332700233,1.120965600013733,28200.0
2019-05-24,1.1283402418546302,1.1357150077819824,1.1283402418546302,1.1357150077819824,24400.0
2019-05-27,1.120965475927278,1.1357150077819824,1.1135907099999258,1.1357150077819824,21000.0
2019-05-28,1.1357150077819824,1.1357150077819824,1.1357150077819824,1.1357150077819824,0.0
2019-05-29,1.1357150077819824,1.1430897737093348,1.1357150077819824,1.1357150077819824,6500.0
2019-05-30,1.1357150102365037,1.1357150102365037,1.1209654783499223,1.128340244293213,8900.0
2019-05-31,1.1430897761797945,1.150464542123085,1.1135907124066315,1.128340244293213,12700.0
2019-06-03,1.1283403667574428,1.1283403667574428,1.120965600013733,1.120965600013733,4400.0
2019-06-04,1.1209654909542195,1.1209654909542195,1.0914664268493652,1.0914664268493652,48100.0
2019-06-06,1.0914664268493652,1.0914664268493652,1.0914664268493652,1.0914664268493652,15000.0
2019-06-07,1.0767168973171206,1.0914664294040708,1.0767168973171206,1.0840916633605957,125400.0
2019-06-10,1.0840916608231517,1.0914664268493652,1.0840916608231517,1.0914664268493652,69100.0
2019-06-11,1.091466536229167,1.1283403700554948,1.091466536229167,1.1135908365249634,108600.0
2019-06-12,1.0988411805200502,1.128340244293213,1.0988411805200502,1.128340244293213,13800.0
2019-06-13,1.128340244293213,1.128340244293213,1.1135907124066315,1.128340244293213,23300.0
2019-06-14,1.120965600013733,1.120965600013733,1.120965600013733,1.120965600013733,7100.0
2019-06-17,1.1283403700554948,1.1283403700554948,1.1135908365249634,1.1135908365249634,3100.0
2019-06-18,1.128340244293213,1.1357150102365037,1.128340244293213,1.128340244293213,38600.0
2019-06-19,1.143089771270752,1.1504645371823714,1.143089771270752,1.143089771270752,31400.0
2019-06-20,1.1430897737093348,1.1430897737093348,1.1357150077819824,1.1357150077819824,36000.0
2019-06-21,1.1357150053591325,1.143089771270752,1.1357150053591325,1.143089771270752,14800.0
2019-06-24,1.150464539636687,1.150464539636687,1.1357150077819824,1.1357150077819824,6900.0
2019-06-25,1.1357150053591325,1.143089771270752,1.1357150053591325,1.143089771270752,12400.0
2019-06-26,1.143089887308561,1.150464653968811,1.143089887308561,1.150464653968811,31400.0
2019-06-27,1.150464653968811,1.150464653968811,1.150464653968811,1.150464653968811,4600.0
2019-06-28,1.150464563463347,1.187338481777929,1.1357150313031728,1.1578394174575806,14800.0
2019-07-01,1.1578392946303326,1.202087886416825,1.1578392946303326,1.17258882522583,77900.0
2019-07-02,1.1873383558213275,1.1947131211190762,1.17258882522583,1.17258882522583,12400.0
2019-07-03,1.17258882522583,1.17258882522583,1.17258882522583,1.17258882522583,0.0
2019-07-04,1.17258882522583,1.1799635905235788,1.17258882522583,1.17258882522583,42100.0
2019-07-05,1.1725889470100366,1.1725889470100366,1.16521418094635,1.16521418094635,7600.0
2019-07-08,1.16521418094635,1.16521418094635,1.1578394148826638,1.16521418094635,15500.0
2019-07-09,1.179963713073723,1.179963713073723,1.16521418094635,1.16521418094635,10000.0
2019-07-10,1.179963713073723,1.179963713073723,1.16521418094635,1.16521418094635,5600.0
2019-07-11,1.1799635905235788,1.1799635905235788,1.17258882522583,1.17258882522583,28200.0
2019-07-12,1.17258882522583,1.1799635905235788,1.17258882522583,1.17258882522583,16400.0
2019-07-15,1.1725889470100366,1.1725889470100366,1.16521418094635,1.16521418094635,10200.0
2019-07-16,1.17258882522583,1.17258882522583,1.17258882522583,1.17258882522583,14500.0
2019-07-17,1.17258882522583,1.17258882522583,1.17258882522583,1.17258882522583,0.0
2019-07-18,1.1578394174575806,1.1578394174575806,1.1578394174575806,1.1578394174575806,600.0
2019-07-19,1.1578394174575806,1.1578394174575806,1.1578394174575806,1.1578394174575806,1700.0
2019-07-22,1.1578394174575806,1.1578394174575806,1.1578394174575806,1.1578394174575806,4300.0
2019-07-23,1.17258882522583,1.1873383558213275,1.1578392946303326,1.17258882522583,19100.0
2019-07-24,1.17258882522583,1.1799635905235788,1.17258882522583,1.17258882522583,15500.0
2019-07-25,1.1725889470100366,1.1725889470100366,1.1578394148826638,1.16521418094635,22600.0
2019-07-26,1.150464653968811,1.157839508543214,1.143089887308561,1.150464653968811,82500.0
2019-07-29,1.1652140581417143,1.1799635887145996,1.150464439654692,1.1799635887145996,2300.0
2019-07-30,1.16521418094635,1.16521418094635,1.16521418094635,1.16521418094635,8400.0
2019-07-31,1.16521418094635,1.16521418094635,1.16521418094635,1.16521418094635,1800.0
2019-08-01,1.17258882522583,1.1799635905235788,1.17258882522583,1.17258882522583,7200.0
2019-08-02,1.113590707624274,1.1652141569197547,1.113590707624274,1.143089771270752,11700.0
2019-08-05,1.150464425803534,1.150464425803534,1.1062158346176147,1.1062158346176147,41500.0
2019-08-06,1.0988410711288452,1.0988410711288452,1.091466305919723,1.0988410711288452,16300.0
2019-08-07,1.113590599815268,1.113590599815268,1.1062158346176147,1.1062158346176147,5900.0
2019-08-08,1.120965600013733,1.1283403667574428,1.1135908332700233,1.120965600013733,15400.0
2019-08-13,1.1357150256649218,1.1357150256649218,1.0840916633605957,1.0840916633605957,21500.0
2019-08-14,1.0988410711288452,1.0988410711288452,1.0988410711288452,1.0988410711288452,24800.0
2019-08-15,1.0988412997826036,1.120965600013733,1.091466533038894,1.120965600013733,27000.0
2019-08-16,1.120965600013733,1.120965600013733,1.120965600013733,1.120965600013733,1300.0
2019-08-19,1.135715021388567,1.1873384714126587,1.135715021388567,1.1873384714126587,25600.0
2019-08-20,1.194713237428365,1.202088003444072,1.1873384714126587,1.1873384714126587,13200.0
2019-08-21,1.172588823428157,1.1799635887145996,1.172588823428157,1.1799635887145996,7400.0
2019-08-22,1.1652141835376677,1.1652141835376677,1.1578394174575806,1.1578394174575806,31300.0
2019-08-23,1.1578394174575806,1.1578394174575806,1.1578394174575806,1.1578394174575806,0.0
2019-08-26,1.1578394148826638,1.16521418094635,1.1578394148826638,1.16521418094635,10500.0
2019-08-27,1.1578394148826638,1.16521418094635,1.1578394148826638,1.16521418094635,1300.0
2019-08-28,1.1652140599280814,1.1799635905235788,1.1652140599280814,1.17258882522583,300.0
2019-08-29,1.172588823428157,1.187338354001042,1.172588823428157,1.1799635887145996,45100.0
2019-08-30,1.1947131192874847,1.1947131192874847,1.1799635887145996,1.1799635887145996,58500.0
2019-09-02,1.1799635905235788,1.1799635905235788,1.17258882522583,1.17258882522583,50200.0
2019-09-03,1.172588823428157,1.1799635887145996,1.172588823428157,1.1799635887145996,19500.0
2019-09-04,1.1799635887145996,1.1799635887145996,1.1799635887145996,1.1799635887145996,9600.0
2019-09-05,1.1799635905235788,1.1947131211190762,1.17258882522583,1.17258882522583,61200.0
2019-09-06,1.1873384714126587,1.202088003444072,1.1873384714126587,1.1873384714126587,23900.0
2019-09-09,1.1799635905235788,1.1799635905235788,1.17258882522583,1.17258882522583,38400.0
2019-09-10,1.187338354001042,1.187338354001042,1.1799635887145996,1.1799635887145996,8400.0
2019-09-11,1.1947131192874847,1.2020878845739271,1.1799635887145996,1.1799635887145996,60000.0
2019-09-12,1.1799635887145996,1.1799635887145996,1.1799635887145996,1.1799635887145996,0.0
2019-09-13,1.1799638050833436,1.2315871715545654,1.1799638050833436,1.2315871715545654,57800.0
2019-09-16,1.224212408065796,1.224212408065796,1.2168376414080742,1.224212408065796,29000.0
2019-09-17,1.2094628875826523,1.2094628875826523,1.1947133541107178,1.1947133541107178,4800.0
2019-09-18,1.187338463970521,1.2094627618789673,1.187338463970521,1.2094627618789673,3800.0
2019-09-19,1.202088108092631,1.224212408065796,1.202088108092631,1.224212408065796,54200.0
2019-09-20,1.22421228401321,1.2389618158340454,1.2168375181027924,1.2389618158340454,30700.0
2019-09-23,1.2389618158340454,1.2389618158340454,1.2389618158340454,1.2389618158340454,16700.0
2019-09-24,1.2389618419746944,1.253711462020874,1.2389618419746944,1.253711462020874,29600.0
2019-09-25,1.2389618158340454,1.2463366696586071,1.2389618158340454,1.2389618158340454,51700.0
2019-09-26,1.2537114594586984,1.327459119968149,1.2537114594586984,1.2610862255096436,43600.0
2019-09-27,1.290585292350957,1.290585292350957,1.253711462020874,1.253711462020874,31000.0
2019-09-30,1.2463366985321045,1.2684609967759042,1.2463366985321045,1.2463366985321045,23400.0
2019-10-01,1.253711462020874,1.2610862280868906,1.253711462020874,1.253711462020874,21300.0
2019-10-02,1.253711435569025,1.253711435569025,1.2389618158340454,1.2389618158340454,28000.0
2019-10-03,1.253711462020874,1.253711462020874,1.253711462020874,1.253711462020874,11300.0
2019-10-04,1.253711462020874,1.253711462020874,1.253711462020874,1.253711462020874,20000.0
2019-10-07,1.253711456926316,1.268460988998413,1.253711456926316,1.268460988998413,4800.0
2019-10-08,1.253711456926316,1.275835755034462,1.253711456926316,1.268460988998413,9000.0
2019-10-09,1.268460988998413,1.275835755034462,1.268460988998413,1.268460988998413,28400.0
2019-10-10,1.275835755034462,1.275835755034462,1.268460988998413,1.268460988998413,10000.0
2019-10-11,1.275835755034462,1.275835755034462,1.2610862229623645,1.268460988998413,9300.0
2019-10-14,1.275835633277893,1.275835633277893,1.2684608679456388,1.275835633277893,74500.0
2019-10-15,1.268460988998413,1.268460988998413,1.268460988998413,1.268460988998413,21000.0
2019-10-16,1.275835633277893,1.275835633277893,1.2684608679456388,1.275835633277893,25600.0
2019-10-17,1.268460988998413,1.268460988998413,1.268460988998413,1.268460988998413,10000.0
2019-10-18,1.268460988998413,1.268460988998413,1.2610862229623645,1.268460988998413,9600.0
2019-10-21,1.2758356278417082,1.2979599237442017,1.2758356278417082,1.2979599237442017,56400.0
2019-10-22,1.2979601653475876,1.2979601653475876,1.2905853986740112,1.2905853986740112,19700.0
2019-10-23,1.2905853986740112,1.2905853986740112,1.283210632000435,1.2905853986740112,26700.0
2019-10-24,1.2905853923763706,1.3127096922891404,1.2905853923763706,1.3053349256515503,50500.0
2019-10-25,1.3127095859187667,1.3717078021529452,1.3127095859187667,1.356958270072937,85600.0
2019-10-29,1.3569583861004086,1.3717079194415838,1.3569583861004086,1.364333152770996,95300.0
2019-10-30,1.364333036112941,1.3717078021529452,1.3348338840387788,1.356958270072937,41600.0
2019-10-31,1.3274590969085691,1.3569582485140594,1.3274590969085691,1.3274590969085691,42200.0
2019-11-01,1.327459231503905,1.364333152770996,1.3200844648333177,1.364333152770996,52200.0
2019-11-04,1.3790825531272377,1.4012068510055542,1.3790825531272377,1.4012068510055542,91000.0
2019-11-05,1.4012068559994602,1.4012068559994602,1.3864573240280151,1.3864573240280151,116800.0
2019-11-06,1.3407500391673557,1.3788394927978516,1.3407500391673557,1.3788394927978516,73000.0
2019-11-07,1.378839432752757,1.378839432752757,1.3636036519640398,1.3712215423583984,24300.0
2019-11-08,1.3712214209188829,1.3712214209188829,1.3559856414794922,1.3559856414794922,28300.0
2019-11-11,1.3559856414794922,1.3559856414794922,1.3559856414794922,1.3559856414794922,5000.0
2019-11-12,1.3407498620401015,1.3636035311991874,1.3331319723204065,1.3559856414794922,59300.0
2019-11-13,1.3559856414794922,1.3559856414794922,1.3331319723204065,1.3559856414794922,12000.0
2019-11-14,1.3559856414794922,1.3559856414794922,1.3559856414794922,1.3559856414794922,14300.0
2019-11-15,1.3559859067932842,1.3864575624465942,1.3559859067932842,1.3864575624465942,41000.0
2019-11-18,1.3940753936767578,1.3940753936767578,1.3864575027942965,1.3940753936767578,43800.0
2019-11-19,1.3940753650624709,1.3940753650624709,1.3788394927978516,1.3788394927978516,27000.0
2019-11-20,1.3636037980035052,1.3864575624465942,1.3636037980035052,1.3864575624465942,23500.0
2019-11-21,1.3712216020717525,1.3788394927978516,1.3636037113456532,1.3788394927978516,3700.0
2019-11-22,1.3712215423583984,1.3712215423583984,1.3636036519640398,1.3712215423583984,21900.0
2019-11-25,1.3712215423583984,1.3712215423583984,1.3712215423583984,1.3712215423583984,0.0
2019-11-26,1.3788394927978516,1.3864574743363716,1.3712216020717525,1.3788394927978516,22000.0
2019-11-27,1.3864574743363716,1.3864574743363716,1.3712216020717525,1.3788394927978516,44100.0
2019-11-28,1.378839432752757,1.378839432752757,1.3636036519640398,1.3712215423583984,37300.0
2019-11-29,1.3712215423583984,1.3712215423583984,1.355985761569681,1.3712215423583984,7700.0
2019-12-02,1.371221689213726,1.3864575624465942,1.371221689213726,1.3864575624465942,52600.0
2019-12-03,1.3940752756619406,1.409311056137085,1.3940752756619406,1.409311056137085,83600.0
2019-12-04,1.3940753043538914,1.3940753043538914,1.3712215423583984,1.3712215423583984,5100.0
2019-12-05,1.3864574437903927,1.4245468965817143,1.3864574437903927,1.4016932249069214,12600.0
2019-12-06,1.4016932249069214,1.4093111154651858,1.4016932249069214,1.4016932249069214,27100.0
2019-12-09,1.4016932249069214,1.4016932249069214,1.4016932249069214,1.4016932249069214,6100.0
2019-12-10,1.40169325578857,1.40169325578857,1.3788394927978516,1.3788394927978516,7400.0
2019-12-11,1.3864575027942965,1.3940753936767578,1.3864575027942965,1.3940753936767578,18700.0
2019-12-12,1.3940754536568152,1.3940754536568152,1.3864575624465942,1.3864575624465942,1100.0
2019-12-13,1.3864575027942965,1.3940753936767578,1.3864575027942965,1.3940753936767578,28000.0
2019-12-16,1.3940754536568152,1.401693344867036,1.3864575624465942,1.3864575624465942,44400.0
2019-12-17,1.4016932249069214,1.4093111154651858,1.4016932249069214,1.4016932249069214,34600.0
2019-12-18,1.416929006576538,1.424546897137776,1.416929006576538,1.416929006576538,21200.0
2019-12-19,1.4093111154651858,1.4093111154651858,1.4016932249069214,1.4016932249069214,15000.0
2019-12-20,1.409311056137085,1.409311056137085,1.4016931658995126,1.409311056137085,5000.0
2019-12-23,1.409311056137085,1.4169289463746573,1.409311056137085,1.409311056137085,23400.0
2019-12-24,1.409311056137085,1.409311056137085,1.409311056137085,1.409311056137085,0.0
2019-12-25,1.409311056137085,1.409311056137085,1.409311056137085,1.409311056137085,0.0
2019-12-26,1.409311056137085,1.409311056137085,1.4016931658995126,1.409311056137085,19500.0
2019-12-27,1.4169289463746573,1.4169289463746573,1.409311056137085,1.409311056137085,22400.0
2019-12-30,1.4093111160153002,1.416929006576538,1.4093111160153002,1.416929006576538,22700.0
2019-12-31,1.4169289463746573,1.4169289463746573,1.409311056137085,1.409311056137085,8200.0
2020-01-02,1.4169287517429794,1.4931077344670454,1.409310862551813,1.485489845275879,88600.0
2020-01-03,1.485490054152623,1.5235795054642636,1.4550184022908954,1.4702541828155518,97500.0
2020-01-06,1.4474004524782869,1.4626362323760986,1.4474004524782869,1.4626362323760986,14400.0
2020-01-07,1.4702541523381771,1.4854900233594193,1.4702541523381771,1.4778721332550049,33900.0
2020-01-08,1.477871956084713,1.485489845275879,1.4626360868899777,1.485489845275879,111600.0
2020-01-09,1.4931078563418094,1.5007257461547852,1.4931078563418094,1.5007257461547852,30500.0
2020-01-10,1.508343635967761,1.5235794155937126,1.5007257461547852,1.5007257461547852,44300.0
2020-01-13,1.508343661035538,1.508343661035538,1.447400450706482,1.447400450706482,24700.0
2020-01-14,1.470254181658602,1.470254181658602,1.455018401145935,1.455018401145935,59000.0
2020-01-15,1.447400450706482,1.447400450706482,1.4169288909481597,1.447400450706482,58000.0
2020-01-16,1.4474005108896015,1.455018401145935,1.4474005108896015,1.455018401145935,7800.0
2020-01-17,1.455018401145935,1.455018401145935,1.455018401145935,1.455018401145935,11800.0
2020-01-20,1.4854900529836843,1.4854900529836843,1.455018401145935,1.455018401145935,24600.0
2020-01-21,1.4474004488969792,1.4474004488969792,1.4321646690368652,1.4321646690368652,31900.0
2020-01-22,1.4321647303769345,1.455018401145935,1.4321647303769345,1.455018401145935,9500.0
2020-01-23,1.4474003898865049,1.4474003898865049,1.4321646106475532,1.4397825002670288,28000.0
2020-01-24,1.4245468378067017,1.4550183987825407,1.4245468378067017,1.4245468378067017,6400.0
2020-01-28,1.4093111754416805,1.4093111754416805,1.371221630216951,1.3940753936767578,84400.0
2020-01-29,1.4093111754416805,1.4093111754416805,1.3940753936767578,1.3940753936767578,12400.0
2020-01-30,1.3940753936767578,1.3940753936767578,1.3788395210994129,1.3940753936767578,43900.0
2020-01-31,1.3864574139595327,1.3864574139595327,1.333132090386605,1.3712215423583984,12200.0
2020-02-03,1.355985759787862,1.355985759787862,1.340749979019165,1.340749979019165,64500.0
2020-02-04,1.3559856414794922,1.3940751808903775,1.3559856414794922,1.3559856414794922,15300.0
2020-02-05,1.371221630216951,1.3940753936767578,1.371221630216951,1.3940753936767578,11700.0
2020-02-06,1.3940752756619406,1.409311056137085,1.3940752756619406,1.409311056137085,3800.0
2020-02-07,1.3940753650624709,1.3940753650624709,1.3788394927978516,1.3788394927978516,16500.0
2020-02-10,1.4245468366122294,1.4245468366122294,1.3940752756619406,1.409311056137085,70700.0
2020-02-11,1.4169288891767515,1.4397825589669222,1.4169288891767515,1.4321646690368652,54200.0
2020-02-12,1.439782678260252,1.439782678260252,1.416929006576538,1.416929006576538,43200.0
2020-02-13,1.4169289475627418,1.4321647280506613,1.4169289475627418,1.4245468378067017,27800.0
2020-02-14,1.4169289475627418,1.4245468378067017,1.409311057318782,1.4245468378067017,68800.0
2020-02-17,1.4245467210280771,1.4397825002670288,1.4245467210280771,1.4397825002670288,5000.0
2020-02-18,1.4710823347122102,1.4710823347122102,1.4084830526869558,1.4241329431533811,56100.0
2020-02-19,1.4241329186085665,1.4241329186085665,1.4084830284118652,1.4084830284118652,50600.0
2020-02-20,1.4241329179125786,1.4241329179125786,1.4084830277235258,1.4163079261779783,19100.0
2020-02-21,1.416307807028803,1.416307807028803,1.4006580114364624,1.4006580114364624,48000.0
2020-02-24,1.400658011559439,1.400658011559439,1.3693584203720093,1.3693584203720093,34400.0
2020-02-25,1.3693584203414395,1.392833113731488,1.3693584203414395,1.3771833181381226,32100.0
2020-02-26,1.4006580115281708,1.4006580115281708,1.3693584203414395,1.3771833181381226,46600.0
2020-02-27,1.3693585402973298,1.3693585402973298,1.3537087433330413,1.3615336418151855,43200.0
2020-02-28,1.3458837004017865,1.3458837004017865,1.2989342212677002,1.2989342212677002,150200.0
2020-03-02,1.2989343398862094,1.3145841365999964,1.2989343398862094,1.306759238243103,92300.0
2020-03-03,1.306759238243103,1.3302340265939296,1.306759238243103,1.306759238243103,89100.0
2020-03-04,1.298934364194485,1.3224091529846191,1.2911094656911564,1.3224091529846191,39600.0
2020-03-05,1.338058947792489,1.3928332372257806,1.338058947792489,1.345883846282959,48600.0
2020-03-06,1.3537086249027095,1.3537086249027095,1.322409033712403,1.3380588293075562,14700.0
2020-03-09,1.3302341547898733,1.3302341547898733,1.2598099695108398,1.2676348686218262,115600.0
2020-03-10,1.2519850664874947,1.291109561920166,1.2519850664874947,1.291109561920166,20900.0
2020-03-11,1.3693583929300552,1.4084828811302874,1.251984835049221,1.2754595279693604,53300.0
2020-03-12,1.25980985226305,1.25980985226305,1.22851025873209,1.25198495388031,75800.0
2020-03-13,1.2128603463127343,1.2519849307848467,1.2050354480743408,1.2050354480743408,75000.0
2020-03-16,1.2519850572625872,1.2519850572625872,1.1815608727225253,1.1893857717514038,31600.0
2020-03-17,1.18156099319458,1.1893858930212862,1.150261393887756,1.18156099319458,91800.0
2020-03-18,1.18156099319458,1.18156099319458,1.18156099319458,1.18156099319458,0.0
2020-03-19,1.1659109366816809,1.1659109366816809,1.087661862373352,1.087661862373352,98400.0
2020-03-20,1.0954867835606388,1.1346113681793213,1.0954867835606388,1.1346113681793213,37400.0
2020-03-23,1.0563622720126888,1.0954867626027298,1.032887577658664,1.0407124757766724,140000.0
2020-03-24,1.0485372553983072,1.0720119470994305,1.0485372553983072,1.0641870498657229,40800.0
2020-03-25,1.0954867835606388,1.142436266447029,1.0954867835606388,1.1346113681793213,42100.0
2020-03-26,1.165910961250151,1.165910961250151,1.1033116818283462,1.1346113681793213,15600.0
2020-03-27,1.142436264962581,1.173735857992741,1.134611366705041,1.1580860614776611,70300.0
2020-03-30,1.1580860614776611,1.1580860614776611,1.1502611632201212,1.1580860614776611,16400.0
2020-03-31,1.1580859428880783,1.1893855327131178,1.1580859428880783,1.173735737800598,11300.0
2020-04-01,1.158086061972431,1.158086061972431,1.1346113671897815,1.150261163711548,50000.0
2020-04-02,1.142436147975559,1.173735737800598,1.142436147975559,1.173735737800598,7700.0
2020-04-03,1.1580860614776611,1.1580860614776611,1.1580860614776611,1.1580860614776611,100.0
2020-04-06,1.1659108403443383,1.173735737800598,1.1659108403443383,1.173735737800598,4100.0
2020-04-07,1.1972105489095517,1.2206852436065674,1.189385650677213,1.2206852436065674,44100.0
2020-04-08,1.2285102360696665,1.2363351343080595,1.2050354480743408,1.2050354480743408,21200.0
2020-04-09,1.2911094457940102,1.3067592425594905,1.2128603686864634,1.25198495388031,53000.0
2020-04-13,1.25198495388031,1.25980985226305,1.24416005549757,1.25198495388031,32100.0
2020-04-14,1.2598097326892674,1.2832844256094067,1.251984835049221,1.2754595279693604,63500.0
2020-04-15,1.2911093232494533,1.2989342208894996,1.2754595279693604,1.2754595279693604,48400.0
2020-04-16,1.2754596490285302,1.2754596490285302,1.25198495388031,1.25198495388031,43600.0
2020-04-17,1.2676348686218262,1.298934465065772,1.2676348686218262,1.2676348686218262,81600.0
2020-04-20,1.291109561920166,1.291109561920166,1.283284662833632,1.291109561920166,34400.0
2020-04-21,1.2832845474112702,1.2832845474112702,1.22851025873209,1.25198495388031,51800.0
2020-04-22,1.25198495388031,1.25198495388031,1.25198495388031,1.25198495388031,0.0
2020-04-23,1.24416005549757,1.25980985226305,1.2206852670692034,1.25198495388031,27100.0
2020-04-24,1.2911094433124637,1.338058926798812,1.2519849514739618,1.2832845449447632,147400.0
2020-04-27,1.3145840167999268,1.3302339053676615,1.3145840167999268,1.3145840167999268,75600.0
2020-04-28,1.3302339315414429,1.3380588293392044,1.3224090337436811,1.3302339315414429,92000.0
2020-04-29,1.3380589463687524,1.392833235743763,1.3302340478866082,1.3615336418151855,43900.0
2020-04-30,1.3850082159657242,1.400658011559439,1.3693584203720093,1.3693584203720093,100200.0
2020-05-04,1.3537085982990569,1.3537085982990569,1.3145840167999268,1.3145840167999268,43500.0
2020-05-05,1.3458839488060608,1.3458839488060608,1.291109561920166,1.291109561920166,64800.0
2020-05-06,1.3224090337436811,1.345883727136966,1.3145840426657798,1.3302339315414429,23000.0
2020-05-08,1.3615336432638996,1.36935854175437,1.3302340493020184,1.345883846282959,26600.0
2020-05-11,1.3537086247480743,1.3850082159348054,1.3537086247480743,1.3771833181381226,116200.0
2020-05-12,1.3850082161257746,1.3850082161257746,1.3302339315414429,1.3302339315414429,34500.0
2020-05-13,1.3693585402973298,1.377183438779474,1.3615336418151855,1.3615336418151855,57800.0
2020-05-14,1.3615334027386357,1.3615334027386357,1.3145839268096493,1.3537085056304932,39000.0
2020-05-15,1.4084830342067212,1.4084830342067212,1.345883846282959,1.345883846282959,29500.0
2020-05-18,1.3693585402973298,1.3850083372616186,1.3537087433330413,1.3615336418151855,13600.0
2020-05-19,1.37718344024484,1.37718344024484,1.3302340493020184,1.345883846282959,22500.0
2020-05-20,1.345883727105133,1.361533522700286,1.3302339315099796,1.3380588293075562,45700.0
2020-05-21,1.3537087216646098,1.3537087216646098,1.306759238243103,1.306759238243103,64700.0
2020-05-22,1.3145842591797687,1.3302341506329922,1.291109561920166,1.291109561920166,161600.0
2020-05-26,1.3380589463687524,1.3615336418151855,1.3067592591600272,1.3615336418151855,43500.0
2020-05-27,1.3615334027386357,1.3615334027386357,1.3537085056304932,1.3537085056304932,11000.0
2020-05-28,1.353708746997934,1.353708746997934,1.3224091529846191,1.3224091529846191,12600.0
2020-05-29,1.3302338143060657,1.3537085056304932,1.3302338143060657,1.3537085056304932,9200.0
2020-06-01,1.3615336418151855,1.3693585402973298,1.3615336418151855,1.3615336418151855,30200.0
2020-06-02,1.3615335225147058,1.3850082159042358,1.3615335225147058,1.3850082159042358,35800.0
2020-06-03,1.3850082159042358,1.392833113700746,1.3771833181077258,1.3850082159042358,29500.0
2020-06-04,1.392833113700746,1.400658011497256,1.3850082159042358,1.3850082159042358,26500.0
2020-06-05,1.392833232879639,1.392833232879639,1.3693585374814774,1.392833232879639,26600.0
2020-06-08,1.3928331136402918,1.4084829092326328,1.3928331136402918,1.4006580114364624,46100.0
2020-06-09,1.392833113700746,1.400658011497256,1.3850082159042358,1.3850082159042358,40600.0
2020-06-10,1.385008334413585,1.392833232879639,1.3771834359475312,1.392833232879639,21200.0
2020-06-11,1.3928329911712056,1.3928329911712056,1.3537085056304932,1.3537085056304932,42100.0
2020-06-12,1.31458415904093,1.345883846282959,1.31458415904093,1.345883846282959,45000.0
2020-06-15,1.4006581357162509,1.4006581357162509,1.345883846282959,1.345883846282959,36500.0
2020-06-16,1.3693584203720093,1.3693584203720093,1.3693584203720093,1.3693584203720093,8600.0
2020-06-17,1.392833232879639,1.4006581313456925,1.392833232879639,1.392833232879639,21000.0
2020-06-18,1.3771833181381226,1.3850082159348054,1.3771833181381226,1.3771833181381226,5600.0
2020-06-19,1.400658011497256,1.400658011497256,1.3850082159042358,1.3850082159042358,36100.0
2020-06-22,1.4084830298117463,1.4084830298117463,1.392833232879639,1.392833232879639,52700.0
2020-06-23,1.392833232879639,1.4006581313456925,1.3771834359475312,1.392833232879639,54400.0
2020-06-24,1.392833113700746,1.400658011497256,1.3850082159042358,1.3850082159042358,13100.0
2020-06-25,1.3850083387353105,1.3850083387353105,1.345883846282959,1.345883846282959,15800.0
2020-06-26,1.392833113700746,1.392833113700746,1.3850082159042358,1.3850082159042358,5900.0
2020-06-29,1.3771833181688666,1.3771833181688666,1.3693584203720093,1.3693584203720093,1700.0
2020-06-30,1.3693584203720093,1.3693584203720093,1.3693584203720093,1.3693584203720093,0.0
2020-07-01,1.3850083330370353,1.557156285679417,1.3850083330370353,1.4084830284118652,32000.0
2020-07-02,1.4084830298117463,1.4084830298117463,1.3771834359475312,1.392833232879639,10800.0
2020-07-03,1.4084830284118652,1.4084830284118652,1.4084830284118652,1.4084830284118652,19900.0
2020-07-06,1.4163079261779783,1.4241329179125786,1.4084830277235258,1.4163079261779783,28600.0
2020-07-07,1.416307807028803,1.416307807028803,1.4006580114364624,1.4006580114364624,7100.0
2020-07-08,1.392833232879639,1.392833232879639,1.392833232879639,1.392833232879639,300.0
2020-07-09,1.4084830277235258,1.4163079261779783,1.4006581292690734,1.4163079261779783,20700.0
2020-07-13,1.4241329431533811,1.4319578417465195,1.416307951280094,1.4241329431533811,69000.0
2020-07-14,1.4319578170668428,1.4319578170668428,1.4084830284118652,1.4084830284118652,63200.0
2020-07-15,1.416307951280094,1.4241329431533811,1.416307951280094,1.4241329431533811,2300.0
2020-07-16,1.4084830510688635,1.439782738685608,1.4084830510688635,1.439782738685608,23900.0
2020-07-17,1.43978285643691,1.4710824533333131,1.43978285643691,1.4476077556610107,32400.0
2020-07-20,1.43978285643691,1.4710824533333131,1.3615337709157445,1.4476077556610107,72900.0
2020-07-21,1.439782848009589,1.5258568322510475,1.439782848009589,1.4945571422576904,198300.0
2020-07-22,1.494556783227165,1.502381680525726,1.471082091331482,1.471082091331482,63200.0
2020-07-23,1.4945570453581012,1.5258567333221436,1.4945570453581012,1.5258567333221436,63800.0
2020-07-24,1.510206577824287,1.510206577824287,1.4476073994357987,1.471082091331482,34100.0
2020-07-27,1.4710823347122102,1.4789072333053483,1.369358559721265,1.4241329431533811,33600.0
2020-07-28,1.4476077556610107,1.4632575541092123,1.4476077556610107,1.4476077556610107,7100.0
2020-07-29,1.4710822102111991,1.486732006072998,1.4554324143494006,1.486732006072998,12900.0
2020-07-30,1.478907107657986,1.510206699371338,1.4632573118013104,1.510206699371338,42600.0
2020-08-03,1.518031690579817,1.518031690579817,1.510206699371338,1.510206699371338,5900.0
2020-08-04,1.5102067241382822,1.5493313077017443,1.4945569280249542,1.5415064096450806,118000.0
2020-08-05,1.5493314293350626,1.5493314293350626,1.5102068427000472,1.5258567333221436,26100.0
2020-08-06,1.5336815118789673,1.54933130799526,1.5336815118789673,1.5336815118789673,22900.0
2020-08-07,1.5336815110160755,1.564981103231051,1.5336815110160755,1.5571562051773071,171500.0
2020-08-11,1.5493313074111938,1.5571562054663903,1.5415064093559974,1.5493313074111938,8700.0
2020-08-12,1.5336816319931166,1.5336816319931166,1.5180318346511703,1.5258567333221436,61900.0
2020-08-13,1.5493313074111938,1.6041055937975697,1.5493313074111938,1.5493313074111938,36600.0
2020-08-14,1.5493314248560068,1.56498122215271,1.5493314248560068,1.56498122215271,69100.0
2020-08-17,1.56498122215271,1.580631019449413,1.5571563235043584,1.56498122215271,44300.0
2020-08-18,1.56498122215271,1.56498122215271,1.5571563235043584,1.56498122215271,60400.0
2020-08-19,1.56498122215271,1.56498122215271,1.56498122215271,1.56498122215271,700.0
2020-08-20,1.549331306556888,1.5728060007095337,1.5415064085060062,1.5728060007095337,74400.0
2020-08-21,1.5728060007095337,1.5884557968112971,1.549331306556888,1.5728060007095337,22600.0
2020-08-24,1.5728060012847949,1.5728060012847949,1.5571562051773071,1.5571562051773071,33700.0
2020-08-25,1.5649811026586518,1.5728060007095337,1.5571562046077698,1.5728060007095337,15600.0
2020-08-26,1.56498122215271,1.580631019449413,1.5415065262076553,1.56498122215271,60200.0
2020-08-27,1.5649811026586518,1.5728060007095337,1.5649811026586518,1.5728060007095337,41300.0
2020-08-28,1.5571563175673633,1.6510551009895726,1.5571563175673633,1.619755506515503,339500.0
2020-08-31,1.6354053028960356,1.643230201510455,1.6197555056671968,1.6275804042816162,259900.0
2020-09-01,1.6275803333786285,1.6901797061272386,1.619755435105089,1.6823548078536987,164700.0
2020-09-02,1.6823546887376113,1.721479177335172,1.666704893298587,1.6980044841766355,158500.0
2020-09-03,1.705829616247708,1.7449541102202994,1.705829616247708,1.7371292114257812,164700.0
2020-09-04,1.7371292135012897,1.7371292135012897,1.6980047194819528,1.721479415893555,142600.0
2020-09-07,1.7684285644589404,1.854502439412838,1.7214791781204508,1.8388526439666748,157900.0
2020-09-08,1.8701525440924192,1.877977442328777,1.7684286804594775,1.8153780698776243,147400.0
2020-09-09,1.8075530527691632,1.8075530527691632,1.7762534618821215,1.7840783596038818,100500.0
2020-09-10,1.7997285220724168,1.8388530186600165,1.7371293275322577,1.7527791261672974,125700.0
2020-09-11,1.7527791261672974,1.784078723437377,1.7371293275322577,1.7527791261672974,45100.0
2020-09-14,1.760603666305542,1.7840783594690492,1.7449538708632035,1.760603666305542,53900.0
2020-09-15,1.7919033775404891,1.7919033775404891,1.776253581047058,1.776253581047058,18000.0
2020-09-16,1.784078479778629,1.784078479778629,1.744953988534418,1.7684286832809448,16500.0
2020-09-17,1.7606036664386004,1.7840783596038818,1.7606036664386004,1.7840783596038818,21500.0
2020-09-18,1.7840784792937736,1.7919033775404891,1.776253581047058,1.776253581047058,28600.0
2020-09-21,1.768428564026711,1.7919032571902185,1.7527787685843728,1.760603666305542,23100.0
2020-09-22,1.7684286847486137,1.7684286847486137,1.744953989982605,1.744953989982605,78400.0
2020-09-23,1.7371289731420347,1.768428564026711,1.7293040754208655,1.760603666305542,51000.0
2020-09-24,1.760603666305542,1.760603666305542,1.760603666305542,1.760603666305542,0.0
2020-09-25,1.7527788867832603,1.7762535815297869,1.737129090285576,1.7684286832809448,7000.0
2020-09-28,1.7684289248023373,1.7919036227548968,1.7449542268497775,1.7527791261672974,39000.0
2020-09-29,1.768428564026711,1.7840783594690492,1.760603666305542,1.760603666305542,9200.0
2020-09-30,1.7606036664386004,1.7840783596038818,1.7606036664386004,1.7840783596038818,16300.0
2020-10-01,1.7840783596918162,1.8075530528582544,1.7762534619696702,1.7997281551361084,50500.0
2020-10-02,1.7997281550474027,1.7997281550474027,1.768428564160361,1.7840783596038818,59000.0
2020-10-05,1.7919030211031977,1.8075528144836424,1.7919030211031977,1.8075528144836424,21700.0
2020-10-06,1.8075528144836424,1.815377711173865,1.8075528144836424,1.8075528144836424,31400.0
2020-10-07,1.8075528144836424,1.8232026078640873,1.8075528144836424,1.8075528144836424,26500.0
2020-10-08,1.8075531716412667,1.83102786635034,1.8075531716412667,1.8153780698776243,9400.0
2020-10-09,1.8232030868530271,1.8310279855989944,1.8232030868530271,1.8232030868530271,23400.0
2020-10-12,1.831027746243593,1.8388526439666748,1.831027746243593,1.8388526439666748,27400.0
2020-10-13,1.8388529284067736,1.8779776096343992,1.8388529284067736,1.8779776096343992,107900.0
2020-10-14,1.8936272859573364,1.8936272859573364,1.88580238752612,1.8936272859573364,49300.0
2020-10-15,1.8936272866251995,1.8936272866251995,1.8858023881912231,1.8858023881912231,43200.0
2020-10-16,1.893627278353164,1.987526059150696,1.893627278353164,1.987526059150696,164500.0
2020-10-19,1.9797012730509904,2.034475564956665,1.9797012730509904,2.034475564956665,95300.0
2020-10-20,2.026650473920297,2.190973520614429,2.0110006777170732,2.1831486225128174,112200.0
2020-10-21,2.1753234825875345,2.1753234825875345,2.1127243047335886,2.120549201965332,105400.0
2020-10-22,2.1048994031293575,2.1048994031293575,2.0344751416296947,2.057950019836426,65100.0
2020-10-23,2.0736007258526863,2.0814256265081164,2.05012583732605,2.05012583732605,61400.0
2020-10-26,2.050125172521025,2.1361992383794024,2.050125172521025,2.0814249515533447,53200.0
2020-10-27,2.1048994058927537,2.128374097570038,2.097074508666992,2.097074508666992,39500.0
2020-10-28,2.1048998882819228,2.1048998882819228,2.0579504941677547,2.0736002922058105,75400.0
2020-10-29,2.05012517217572,2.104899645552839,2.034475375942339,2.089249849319458,182300.0
2020-10-30,2.097074747789361,2.1127245440253777,2.0736000534353365,2.0814249515533447,191500.0
2020-11-02,2.0814251912248385,2.0892500902438664,2.0736002922058105,2.0736002922058105,75500.0
2020-11-03,2.081424714215469,2.1048994058927537,2.0735998169897076,2.097074508666992,73900.0
2020-11-04,2.104899645552839,2.112724543669529,2.081424951202768,2.089249849319458,59200.0
2020-11-05,2.137463478916875,2.145499047982676,2.089249872938992,2.129427909851074,89600.0
2020-11-06,2.1294279779842085,2.1294279779842085,2.0812143704636834,2.097285509109497,30900.0
2020-11-09,2.1294274717279316,2.1615697413779618,2.1133563369029167,2.153534173965454,99200.0
2020-11-10,2.1535341891991653,2.161569756668515,2.113356351852417,2.113356351852417,52700.0
2020-11-11,2.105320802823237,2.113356562677261,2.049071824926487,2.07317852973938,87800.0
2020-11-12,2.0892495736939187,2.097285141608778,2.033000598289904,2.065142869949341,52100.0
2020-11-13,2.0731788584031445,2.105321136582559,2.0731788584031445,2.081214427947998,54300.0
2020-11-16,2.0972854182944145,2.105320987269371,2.0651431423945885,2.089249849319458,92800.0
2020-11-17,2.105320987269371,2.113356747827404,2.089249849319458,2.089249849319458,81600.0
2020-11-18,2.089249837696918,2.1133567360707577,2.008894148394374,2.024965286254883,60300.0
2020-11-19,2.081214695583532,2.1053214073181152,2.041036842692559,2.1053214073181152,57400.0
2020-11-20,2.121392740057619,2.1294283106358134,2.0892502661617263,2.1053214073181152,42400.0
2020-11-23,2.121392408661302,2.121392408661302,2.0892499397865905,2.097285509109497,33100.0
2020-11-24,2.1213919193217667,2.1213919193217667,2.097285025330677,2.113356351852417,23000.0
2020-11-25,2.1213923407852735,2.153534617048477,2.113356771719473,2.129427909851074,63300.0
2020-11-26,2.1294274717279316,2.153534173965454,2.1294274717279316,2.153534173965454,63500.0
2020-11-27,2.1615697413779618,2.1696053087904694,2.1374630391404392,2.153534173965454,46300.0
2020-11-30,2.153534173965454,2.1856764436154843,2.153534173965454,2.153534173965454,25800.0
2020-12-01,2.153534617048477,2.153534617048477,2.113356771719473,2.129427909851074,48000.0
2020-12-02,2.1133569188543655,2.1213924884796143,2.1133569188543655,2.1213924884796143,7100.0
2020-12-03,2.1213923407852735,2.137463478916875,2.113356771719473,2.129427909851074,25100.0
2020-12-04,2.1294278533077136,2.1454989910125732,2.1053209551673504,2.1454989910125732,24800.0
2020-12-07,2.145499047982676,2.145499047982676,2.113356771719473,2.129427909851074,47900.0
2020-12-08,2.0972858367399208,2.1053214073181152,2.0892502661617263,2.1053214073181152,43100.0
2020-12-09,2.089249457861327,2.113356351852417,2.089249457861327,2.113356351852417,3100.0
2020-12-10,2.0972858367399208,2.1133571694794244,2.0972858367399208,2.1053214073181152,13100.0
2020-12-11,2.105321157646025,2.1294280581048626,2.097285588020777,2.1213924884796143,18100.0
2020-12-14,2.1213919193217667,2.1213919193217667,2.097285025330677,2.113356351852417,19500.0
2020-12-15,2.113356715602854,2.1454989910125732,2.113356715602854,2.1454989910125732,24800.0
2020-12-16,2.153534741064106,2.177641449649742,2.145499171535561,2.1615703105926514,56100.0
2020-12-17,2.1615699254487475,2.177641061642317,2.1615699254487475,2.169605493545532,41800.0
2020-12-18,2.185676629739102,2.185676629739102,2.1615699254487475,2.169605493545532,47900.0
2020-12-21,2.153534741064106,2.1696058801211966,2.153534741064106,2.1615703105926514,17800.0
2020-12-22,2.153534173965454,2.1615697413779618,2.121391904315424,2.153534173965454,52500.0
2020-12-23,2.169605493545532,2.177641061642317,2.1294276530616076,2.169605493545532,27400.0
2020-12-24,2.177641061642317,2.177641061642317,2.1615699254487475,2.169605493545532,10200.0
2020-12-28,2.1696058801211966,2.1696058801211966,2.1615703105926514,2.1615703105926514,33000.0
2020-12-29,2.177640914916992,2.185676482472356,2.161569779806265,2.177640914916992,57400.0
2020-12-30,2.177640914916992,2.185676482472356,2.169605347361629,2.177640914916992,21700.0
2020-12-31,2.177640914916992,2.185676482472356,2.169605347361629,2.177640914916992,7200.0
2021-01-04,2.17764116847222,2.257996853382128,2.17764116847222,2.2419257164001465,82100.0
2021-01-05,2.2338901685480343,2.2579968742437284,2.169605620026184,2.20174789428711,116300.0
2021-01-06,2.209783407086163,2.233890112173499,2.209783407086163,2.2178189754486084,11900.0
2021-01-07,2.225854579418165,2.2499612848911372,2.2178190109271743,2.2419257164001465,67700.0
2021-01-08,2.2499612996586,2.330317176678983,2.2419257311148684,2.3062102794647217,179300.0
2021-01-11,2.3142460996812417,2.394601787205005,2.3142460996812417,2.370495080947876,93800.0
2021-01-12,2.346388121558448,2.410672664642334,2.346388121558448,2.410672664642334,102700.0
2021-01-13,2.434779532624196,2.482992943191076,2.434779532624196,2.466921806335449,134300.0
2021-01-14,2.4910284640881457,2.57138433841609,2.4910284640881457,2.5633487701416016,161200.0
2021-01-15,2.6115621854199373,2.7963804477147622,2.6035266171281215,2.748167037963867,341300.0
2021-01-18,2.8044159788662975,2.8124515470516944,2.699953400873081,2.724060297012329,241000.0
2021-01-19,2.7401313966177585,2.8124515093159843,2.7401313966177585,2.8044159412384033,130700.0
2021-01-20,2.8044160486255,2.892807300863577,2.8044160486255,2.8767361640930176,175100.0
2021-01-21,2.8928073626516273,2.957092102689998,2.8928073626516273,2.941020965576172,243500.0
2021-01-22,2.965127392901335,3.1981590507594855,2.965127392901335,3.1419100761413574,429000.0
2021-01-25,3.149945643943947,3.2383370813554824,3.1338745083387676,3.1419100761413574,377600.0
2021-01-26,3.206194662155166,3.222265989561908,2.7722736117494073,3.045483112335205,367000.0
2021-01-27,3.0374475444233595,3.077625383982587,3.0133408406878233,3.045483112335205,95500.0
2021-01-28,3.029411901281313,3.029411901281313,2.9008426263015297,2.997269630432129,194700.0
2021-01-29,3.0133411402315815,3.0936968273378627,2.8928074179890904,2.924949884414673,373300.0
2021-02-01,2.941020836181815,3.013340950012207,2.941020836181815,3.013340950012207,199000.0
2021-02-02,3.0133408035708,3.0374475070094005,2.9811985323193326,3.021376371383667,163700.0
2021-02-03,3.013340765856721,3.021376333569017,2.9811984950075368,2.997269630432129,125300.0
2021-02-04,2.997270095885996,2.997270095885996,2.9088786457411544,2.932985544204712,150500.0
2021-02-05,2.941020902758318,2.941020902758318,2.836558322166619,2.8767361640930176,201800.0
2021-02-08,2.884771716084986,2.884771716084986,2.7963804643492107,2.8124516010284424,114400.0
2021-02-09,2.8124514912476135,2.860664899403354,2.8124514912476135,2.8445937633514404,85200.0
2021-02-10,2.8445937633514404,2.860664899403354,2.7963803551957,2.8445937633514404,95500.0
2021-02-11,2.844593945848549,2.8606650829315186,2.8204872402240944,2.8606650829315186,25200.0
2021-02-15,2.893358272481861,2.893358272481861,2.8443183480015373,2.868838310241699,45000.0
2021-02-16,2.86883839548086,2.86883839548086,2.819798469543457,2.819798469543457,91100.0
2021-02-17,2.811624990773497,2.811624990773497,2.7380649111280317,2.7462382316589355,143700.0
2021-02-18,2.7298920154571533,2.803452106550962,2.7298920154571533,2.7298920154571533,65900.0
2021-02-19,2.738065242767334,2.7544118858090756,2.713545278204722,2.738065242767334,46600.0
2021-02-22,2.78710512555705,2.78710512555705,2.7380650058085205,2.762585163116455,33100.0
2021-02-23,2.7462382339461704,2.7707583904266357,2.615465105342797,2.7707583904266357,112000.0
2021-02-24,2.7544115617731006,2.7544115617731006,2.5827718300269487,2.59911847114563,149700.0
2021-02-25,2.5909455271465873,2.599118848893814,2.5337320800486385,2.5664255619049072,147100.0
2021-02-26,2.550078381901866,2.574598538725873,2.501038457988523,2.509211778640747,102900.0
2021-03-01,2.52555844137973,2.6154651641845703,2.52555844137973,2.6154651641845703,154700.0
2021-03-02,2.6399850739423325,2.6399850739423325,2.574598509467608,2.59911847114563,112900.0
2021-03-03,2.574598509467608,2.59911847114563,2.517385070684891,2.59911847114563,58400.0
2021-03-04,2.574598496447231,2.582771816965237,2.525558378471862,2.533731698989868,90500.0
2021-03-05,2.525558419945195,2.533731740597419,2.45199853407518,2.509211778640747,170300.0
2021-03-08,2.541905050820904,2.5827718487816935,2.4519985240153037,2.4683451652526855,138200.0
2021-03-09,2.4683452167134443,2.4928651790807166,2.4683452167134443,2.484691858291626,126600.0
2021-03-10,2.5010384060844095,2.5255583675322177,2.484691765119204,2.492865085601806,199900.0
2021-03-11,2.5010385092207397,2.5337317924993368,2.4928651884010904,2.5255584716796875,127300.0
2021-03-12,2.533731740597419,2.5827718593780973,2.501038457988523,2.509211778640747,206800.0
2021-03-15,2.517385482788086,2.525558804685423,2.501038838993413,2.517385482788086,19300.0
2021-03-16,2.517385482788086,2.541905448480096,2.5092121608907494,2.517385482788086,53200.0
2021-03-17,2.525558419945195,2.525558419945195,2.4928651373362993,2.509211778640747,52500.0
2021-03-18,2.5337317924993368,2.59911855392387,2.5173851508600382,2.5255584716796875,229000.0
2021-03-19,2.5827721111101156,2.5827721111101156,2.5255586661008573,2.5500786304473877,73100.0
2021-03-22,2.5337317924993368,2.566425270645273,2.5173851508600382,2.5255584716796875,44700.0
2021-03-23,2.574598496447231,2.574598496447231,2.525558378471862,2.533731698989868,36200.0
2021-03-24,2.5337320813856676,2.5664255632591884,2.5337320813856676,2.541905403137207,54000.0
2021-03-25,2.541905021839231,2.5582518577575684,2.533731701313729,2.5582518577575684,35800.0
2021-03-26,2.5664255619049072,2.574598883652134,2.5255587583014116,2.5664255619049072,51600.0
2021-03-29,2.582771973831139,2.6399852209320565,2.5664253318023063,2.6072919368743896,209700.0
2021-03-30,2.6072918855424527,2.6072918855424527,2.5827719229819475,2.590945243835449,56000.0
2021-03-31,2.599118615859973,2.6072919368743896,2.5909452948455565,2.6072919368743896,50900.0
2021-04-01,2.615465408564817,2.6645053374764895,2.6072920870795384,2.656332015991211,94700.0
2021-04-05,2.6890254564599805,2.836145446516757,2.6890254564599805,2.8116254806518555,330600.0
2021-04-06,2.81979846097911,2.836145102908596,2.754411698393824,2.7789318561553955,74400.0
2021-04-07,2.7789317109643465,2.795278352039768,2.762585069888925,2.7707583904266357,39100.0
2021-04-08,2.7707583904266357,2.795278352039768,2.762585069888925,2.7707583904266357,50200.0
2021-04-09,2.7952784041556726,2.803451724845769,2.7789317627754797,2.787105083465576,54100.0
2021-04-12,2.795278497063826,2.8034518180255827,2.7135450925789084,2.7544116973876953,127800.0
2021-04-13,2.7544116058378543,2.787105083465576,2.7544116058378543,2.787105083465576,38600.0
2021-04-14,2.795278549194336,2.8034518703085216,2.7871052280801503,2.795278549194336,114100.0
2021-04-15,2.7952784556638117,2.8034517765045166,2.7871051348231073,2.8034517765045166,40600.0
2021-04-16,2.8034517765045166,2.8116250973452215,2.7952784556638117,2.8034517765045166,35500.0
2021-04-19,2.8116249931151898,2.8116249931151898,2.7462382339461704,2.7707583904266357,91000.0
2021-04-20,2.7707584839299866,2.7707584839299866,2.754411647435584,2.762585163116455,57600.0
2021-04-21,2.762585351449392,2.762585351449392,2.7217185497283936,2.7217185497283936,80000.0
2021-04-22,2.713545322418213,2.729891965726301,2.713545322418213,2.713545322418213,23900.0
2021-04-23,2.7135453718512763,2.74623865906303,2.7135453718512763,2.7298920154571533,33500.0
2021-04-26,2.7298919212464634,2.762585402197302,2.713545278204722,2.738065242767334,22000.0
2021-04-27,2.729891684994989,2.7789318047435185,2.729891684994989,2.762585163116455,39800.0
2021-04-28,2.7789319069659646,2.795278549194336,2.7625852647375932,2.795278549194336,80800.0
2021-04-29,2.7871052280801503,2.811625191422707,2.7789319069659646,2.795278549194336,67500.0
2021-04-30,2.7952786369323084,2.7952786369323084,2.7217185497283936,2.7217185497283936,154500.0
2021-05-03,2.7380649750084385,2.7380649750084385,2.607291843462979,2.6154651641845703,141300.0
2021-05-04,2.6154651014360852,2.6154651014360852,2.533731701313729,2.5582518577575684,80600.0
2021-05-05,2.558252287142135,2.558252287142135,2.517385482788086,2.517385482788086,139800.0
2021-05-06,2.5255584716796875,2.550078434138635,2.5173851508600382,2.5255584716796875,94600.0
2021-05-07,2.558252146320234,2.574598789215088,2.5419053085580257,2.574598789215088,61400.0
2021-05-10,2.5909454321099417,2.5909454321099417,2.533731987110599,2.574598789215088,33100.0
2021-05-11,2.590945432558959,2.590945432558959,2.5255586661008573,2.5500786304473877,29700.0
2021-05-12,2.5255586661008573,2.566425468212429,2.5255586661008573,2.5500786304473877,21000.0
2021-05-14,2.550078381901866,2.5827718593780973,2.4846918166840757,2.509211778640747,90600.0
2021-05-17,2.50921173743585,2.574598496447231,2.492865096399838,2.533731698989868,32200.0
2021-05-18,2.541905021839231,2.5827718193340754,2.541905021839231,2.5582518577575684,66300.0
2021-05-19,2.5582521467635857,2.5827721111101156,2.5500786304473877,2.5500786304473877,83700.0
2021-05-20,2.5582521467635857,2.566425468212429,2.5500786304473877,2.5500786304473877,16600.0
2021-05-21,2.5500783400258804,2.5500783400258804,2.50921173743585,2.533731698989868,20000.0
2021-05-24,2.550078724888747,2.5664255632591884,2.509212116131048,2.541905403137207,83000.0
2021-05-25,2.5337321265827595,2.541905448480096,2.5092121608907494,2.517385482788086,84500.0
2021-05-27,2.525558759634128,2.541905403137207,2.525558759634128,2.541905403137207,57000.0
2021-05-28,2.533731701313729,2.574598498808573,2.533731701313729,2.5582518577575684,63800.0
2021-05-31,2.582772205399361,2.5909455271465873,2.5664255619049072,2.5664255619049072,36900.0
2021-06-01,2.582772110662515,2.582772110662515,2.533731987110599,2.574598789215088,15800.0
2021-06-02,2.574598496447231,2.574598496447231,2.525558378471862,2.533731698989868,78500.0
2021-06-03,2.5664251759292247,2.5664251759292247,2.517385057953856,2.533731698989868,63600.0
2021-06-04,2.533731987549701,2.5582521467635857,2.517385344652014,2.5500786304473877,22600.0
2021-06-07,2.533731987549701,2.5500786304473877,2.5255586661008573,2.5500786304473877,47900.0
2021-06-08,2.574598496447231,2.574598496447231,2.525558378471862,2.533731698989868,41100.0
2021-06-09,2.533731701313729,2.5582518577575684,2.533731701313729,2.5582518577575684,60700.0
2021-06-10,2.5582521467635857,2.5582521467635857,2.5255586661008573,2.5500786304473877,98400.0
2021-06-11,2.5500783400258804,2.5500783400258804,2.533731698989868,2.533731698989868,43000.0
2021-06-14,2.550078724888747,2.550078724888747,2.525558759634128,2.541905403137207,18700.0
2021-06-15,2.5582518577575684,2.5582518577575684,2.541905021839231,2.5582518577575684,46300.0
2021-06-16,2.5582518554112186,2.5664251759292247,2.533731698989868,2.533731698989868,38900.0
2021-06-17,2.5419053089985444,2.566425468212429,2.5419053089985444,2.5500786304473877,5900.0
2021-06-18,2.5664251782830707,2.5664251782830707,2.541905021839231,2.5582518577575684,94200.0
2021-06-21,2.5664251782830707,2.5664251782830707,2.5500783423647335,2.5582518577575684,18600.0
2021-06-22,2.5664251782830707,2.5664251782830707,2.533731701313729,2.5582518577575684,23900.0
2021-06-23,2.5582518577575684,2.5582518577575684,2.533731701313729,2.5582518577575684,23300.0
2021-06-24,2.5582522415076485,2.5664255632591884,2.541905403137207,2.541905403137207,15900.0
2021-06-25,2.5419053089985444,2.5500786304473877,2.5419053089985444,2.5500786304473877,5300.0
2021-06-28,2.5500783400258804,2.5500783400258804,2.517385057953856,2.533731698989868,59900.0
2021-06-29,2.5255584716796875,2.5255584716796875,2.5255584716796875,2.5255584716796875,2000.0
2021-06-30,2.5255586661008573,2.566425468212429,2.5255586661008573,2.5500786304473877,29900.0
2021-07-01,2.541905403137207,2.5582522415076485,2.541905403137207,2.541905403137207,6100.0
2021-07-02,2.5419051133189856,2.550078434138635,2.5255584716796875,2.5255584716796875,21600.0
2021-07-05,2.5582518577575684,2.5582518577575684,2.5500783423647335,2.5582518577575684,24500.0
2021-07-06,2.5582522401576804,2.5664255619049072,2.550078723543092,2.5664255619049072,22800.0
2021-07-07,2.5664255619049072,2.5664255619049072,2.5582522401576804,2.5664255619049072,42700.0
2021-07-08,2.574598498808573,2.574598498808573,2.5582518577575684,2.5582518577575684,40200.0
2021-07-09,2.5582522401576804,2.574598883652134,2.550078723543092,2.5664255619049072,30900.0
2021-07-12,2.574598509467608,2.6318117533829923,2.574598509467608,2.59911847114563,80600.0
2021-07-13,2.623638578903223,2.623638578903223,2.6072919368743896,2.6072919368743896,35200.0
2021-07-14,2.6154652063959545,2.6154652063959545,2.5827719229819475,2.590945243835449,23200.0
2021-07-15,2.6154650710641607,2.623638391494751,2.59094510977239,2.623638391494751,46500.0
2021-07-16,2.6318118999176394,2.6318118999176394,2.599118615859973,2.6072919368743896,34600.0
2021-07-19,2.5745989330398347,2.5909455768478606,2.5745989330398347,2.5827722549438477,21100.0
2021-07-21,2.5827718193340754,2.6154651014360852,2.5500783423647335,2.5582518577575684,37700.0
2021-07-22,2.5582519604214427,2.6318118481029575,2.5582519604214427,2.590945243835449,68900.0
2021-07-23,2.6072919368743896,2.623638578903223,2.599118615859973,2.6072919368743896,22200.0
2021-07-26,2.607291843462979,2.631811805627753,2.607291843462979,2.6154651641845703,32400.0
2021-07-27,2.623638527249456,2.623638527249456,2.590945243835449,2.590945243835449,43500.0
2021-07-28,2.5909455768478606,2.5909455768478606,2.5745989330398347,2.5827722549438477,11300.0
2021-07-29,2.5827722549438477,2.5909455768478606,2.5664256111358217,2.5827722549438477,25700.0
2021-07-30,2.5827719229819475,2.590945243835449,2.5827719229819475,2.590945243835449,12200.0
2021-08-02,2.5909451505862893,2.6072917917049705,2.5827718300269487,2.59911847114563,23100.0
2021-08-03,2.59911843020298,2.623638391494751,2.59911843020298,2.623638391494751,33200.0
2021-08-04,2.623638391494751,2.6318117119253412,2.623638391494751,2.623638391494751,58800.0
2021-08-05,2.623638391494751,2.6318117119253412,2.623638391494751,2.623638391494751,20200.0
2021-08-06,2.6318116188049316,2.6318116188049316,2.615464978522138,2.6318116188049316,13200.0
2021-08-10,2.6318117119253412,2.6318117119253412,2.6154650710641607,2.623638391494751,33700.0
2021-08-11,2.6154651641845703,2.6154651641845703,2.599118522741388,2.6154651641845703,16800.0
2021-08-12,2.623638391494751,2.6318117119253412,2.6154650710641607,2.623638391494751,37100.0
2021-08-13,2.6236384849061616,2.6236384849061616,2.607291843462979,2.6154651641845703,18700.0
2021-08-16,2.607292170641041,2.607292170641041,2.5664255619049072,2.5664255619049072,21200.0
2021-08-17,2.566425468212429,2.566425468212429,2.5092120232031707,2.5500786304473877,26300.0
2021-08-18,2.5500786300054528,2.5909454321099417,2.5500786300054528,2.574598789215088,25700.0
2021-08-19,2.550078444700601,2.590945243835449,2.550078444700601,2.590945243835449,22900.0
2021-08-20,2.5827722549438477,2.5991188987518736,2.5745989330398347,2.5827722549438477,28100.0
2021-08-23,2.59911847114563,2.59911847114563,2.5827718300269487,2.59911847114563,23500.0
2021-08-24,2.5827719229819475,2.6072918855424527,2.5827719229819475,2.590945243835449,9900.0
2021-08-25,2.6072919368743896,2.6072919368743896,2.5909452948455565,2.6072919368743896,33600.0
2021-08-26,2.6072918855424527,2.6072918855424527,2.590945243835449,2.590945243835449,15300.0
2021-08-27,2.59911847114563,2.6072917917049705,2.5909451505862893,2.59911847114563,36200.0
2021-08-30,2.639985186974433,2.6971984333394268,2.639985186974433,2.6726784706115723,244100.0
2021-08-31,2.6726785644977897,2.6726785644977897,2.6154653161230015,2.6645052433013916,86300.0
2021-09-01,2.6563315792291218,2.6563315792291218,2.623638298663535,2.6318116188049316,48700.0
2021-09-02,2.6318117119253412,2.6318117119253412,2.6154650710641607,2.623638391494751,71500.0
2021-09-03,2.6236384849061616,2.6236384849061616,2.6154651641845703,2.6154651641845703,28000.0
2021-09-06,2.631812001622002,2.672678608273344,2.615465358961466,2.6399853229522705,39200.0
2021-09-07,2.6399853229522705,2.6399853229522705,2.6236386802917337,2.6399853229522705,61700.0
2021-09-08,2.631811805627753,2.639985126349344,2.6154651641845703,2.6154651641845703,63300.0
2021-09-09,2.623638391494751,2.6318117119253412,2.623638391494751,2.623638391494751,19400.0
2021-09-10,2.6236385871422017,2.656331871302535,2.6236385871422017,2.648158550262451,38800.0
2021-09-13,2.6563315792291218,2.6645048993705185,2.615464978522138,2.6318116188049316,58000.0
2021-09-14,2.639985229222368,2.648158550262451,2.6236385871422017,2.648158550262451,10600.0
2021-09-15,2.6236386802917337,2.6563319656128073,2.6236386802917337,2.6399853229522705,2100.0
2021-09-16,2.6318117119253412,2.6481583527865213,2.6154650710641607,2.623638391494751,26500.0
2021-09-17,2.6236386802917337,2.6563319656128073,2.6236386802917337,2.6399853229522705,14200.0
2021-09-20,2.639985032355931,2.664504993647702,2.623638391494751,2.623638391494751,32500.0
2021-09-21,2.6154650710641607,2.639985032355931,2.57459846891121,2.623638391494751,67400.0
2021-09-22,2.6154650710641607,2.6318117119253412,2.6154650710641607,2.623638391494751,7000.0
2021-09-23,2.6154650710641607,2.639985032355931,2.6154650710641607,2.623638391494751,14800.0
2021-09-24,2.6154650710641607,2.6318117119253412,2.6154650710641607,2.623638391494751,3300.0
2021-09-27,2.6154652661021185,2.648158550262451,2.6154652661021185,2.648158550262451,64100.0
2021-09-28,2.6154652661021185,2.648158550262451,2.6154652661021185,2.648158550262451,19900.0
2021-09-29,2.623638578903223,2.623638578903223,2.6072919368743896,2.6072919368743896,67100.0
2021-09-30,2.6154650710641607,2.6318117119253412,2.6072917506335704,2.623638391494751,12000.0
2021-10-01,2.6481584470709354,2.6481584470709354,2.607291843462979,2.6154651641845703,5700.0
2021-10-04,2.6318116188049316,2.6318116188049316,2.6318116188049316,2.6318116188049316,18800.0
2021-10-05,2.6154655425598996,2.6154655425598996,2.5827722549438477,2.5827722549438477,37600.0
2021-10-06,2.599118564688951,2.6154652063959545,2.590945243835449,2.590945243835449,11800.0
2021-10-07,2.59911843020298,2.6318117119253412,2.59911843020298,2.623638391494751,27200.0
2021-10-08,2.6072917917049705,2.6072917917049705,2.59911847114563,2.59911847114563,5900.0
2021-10-11,2.599118522741388,2.631811805627753,2.599118522741388,2.6154651641845703,17800.0
2021-10-12,2.59911843020298,2.623638391494751,2.59911843020298,2.623638391494751,12700.0
2021-10-13,2.6072917506335704,2.623638391494751,2.6072917506335704,2.623638391494751,24200.0
2021-10-14,2.6154650710641607,2.623638391494751,2.6154650710641607,2.623638391494751,14700.0
2021-10-15,2.6236386802917337,2.648158644282539,2.6236386802917337,2.6399853229522705,61100.0
2021-10-18,2.6318117119253412,2.639985032355931,2.59911843020298,2.623638391494751,10800.0
2021-10-19,2.623638391494751,2.623638391494751,2.623638391494751,2.623638391494751,2500.0
2021-10-20,2.6236384849061616,2.6236384849061616,2.6154651641845703,2.6154651641845703,11500.0
2021-10-21,2.6154651641845703,2.6154651641845703,2.6154651641845703,2.6154651641845703,900.0
2021-10-22,2.623638391494751,2.639985032355931,2.6154650710641607,2.623638391494751,46400.0
2021-10-25,2.623638298663535,2.6318116188049316,2.623638298663535,2.6318116188049316,44000.0
2021-10-26,2.631812001622002,2.648158644282539,2.631812001622002,2.6399853229522705,40600.0
2021-10-27,2.6399849389463284,2.648158259087725,2.6318116188049316,2.6318116188049316,31700.0
2021-10-28,2.6318120515353747,2.672678658961768,2.6236387300500956,2.656332015991211,52100.0
2021-10-29,2.6563319293768144,2.705371856689453,2.6563319293768144,2.705371856689453,109700.0
2021-11-01,2.7135451779082262,2.7135451779082262,2.6808518930331338,2.705371856689453,49400.0
2021-11-02,2.7053716597935185,2.7053716597935185,2.664505056673909,2.680851697921753,72100.0
2021-11-03,2.6808518425855428,2.6890251636505127,2.664505200455604,2.6890251636505127,24300.0
2021-11-05,2.6808518425855428,2.697198484715482,2.656331879390634,2.6890251636505127,42800.0
2021-11-08,2.689025229125354,2.689025229125354,2.647140141388355,2.6638941764831543,52300.0
2021-11-09,2.6638941764831543,2.672271194030554,2.6638941764831543,2.6638941764831543,15800.0
2021-11-10,2.6638945403127208,2.6638945403127208,2.638763484238171,2.6471405029296875,10000.0
2021-11-11,2.6471405029296875,2.655517521621204,2.638763484238171,2.6471405029296875,33000.0
2021-11-12,2.6471398997312696,2.7057790172099088,2.638762882948607,2.697402000427246,96500.0
2021-11-15,2.697402000427246,2.714156033992571,2.663893933296595,2.697402000427246,32800.0
2021-11-16,2.663893933296595,2.714156033992571,2.663893933296595,2.697402000427246,51000.0
2021-11-17,2.6806481962122057,2.730910301208496,2.6638941612134426,2.730910301208496,182700.0
2021-11-18,2.722533454692498,2.7727955628454013,2.6974024006160464,2.7560415267944336,242800.0
2021-11-19,2.764418498529744,2.8565658949909234,2.739287444874112,2.848188877105713,294600.0
2021-11-22,2.848188580504677,2.848188580504677,2.8398115634918213,2.8398115634918213,21800.0
2021-11-23,2.7895494740677265,2.7895494740677265,2.7392873681639855,2.7727954387664795,29600.0
2021-11-24,2.7644184294312737,2.7644184294312737,2.7392873764038086,2.7392873764038086,27100.0
2021-11-25,2.739287196056241,2.764418247429143,2.739287196056241,2.747664213180542,17900.0
2021-11-26,2.764418554709017,2.806303644986271,2.7225334644317627,2.7225334644317627,41100.0
2021-11-29,2.7225333494444257,2.7225333494444257,2.7057793140411377,2.7057793140411377,35200.0
2021-11-30,2.7057791399431244,2.7057791399431244,2.655517036967276,2.6806480884552,30200.0
2021-12-01,2.7141562228466576,2.7141562228466576,2.655517101287842,2.655517101287842,13700.0
2021-12-02,2.655517101287842,2.655517101287842,2.655517101287842,2.655517101287842,1200.0
2021-12-03,2.680648577695754,2.680648577695754,2.6471405029296875,2.6471405029296875,12200.0
2021-12-06,2.6471400839222965,2.6638941186533867,2.638763066556751,2.655517101287842,24300.0
2021-12-07,2.6806483177200766,2.7727955143901037,2.6806483177200766,2.71415638923645,92400.0
2021-12-08,2.722533236492976,2.8565657138824463,2.722533236492976,2.8565657138824463,152800.0
2021-12-09,2.8649427242441496,2.890073776245117,2.8146804205183673,2.890073776245117,287700.0
2021-12-10,2.8816968319916763,2.8816968319916763,2.831434726715088,2.831434726715088,30200.0
2021-12-13,2.8314348692113223,2.8314348692113223,2.8230576515197754,2.8230576515197754,33600.0
2021-12-14,2.848189030960219,2.848189030960219,2.797926721210006,2.8063037395477295,38400.0
2021-12-15,2.7895494159999044,2.7895494159999044,2.7225332761899383,2.764418363571167,23700.0
2021-12-16,2.7225332761899383,2.764418363571167,2.6890252062849553,2.764418363571167,34100.0
2021-12-17,2.714156446376312,2.772795572764468,2.714156446376312,2.7225334644317627,14000.0
2021-12-20,2.6806482694065807,2.6806482694065807,2.638763180766011,2.672271251678467,21300.0
2021-12-21,2.6722713560990576,2.7225334644317627,2.647140301932705,2.7225334644317627,18400.0
2021-12-22,2.6806483177200766,2.71415638923645,2.6806483177200766,2.71415638923645,4300.0
2021-12-23,2.6974023534782634,2.7225334071155434,2.68902533559917,2.71415638923645,600.0
2021-12-24,2.7225332837091143,2.7476643362072593,2.7225332837091143,2.730910301208496,1300.0
2021-12-27,2.739287490743466,2.7560415267944336,2.722533454692498,2.7560415267944336,21400.0
2021-12-28,2.7644185351683936,2.8481889148546258,2.722533445187209,2.7895495891571045,47800.0
2021-12-29,2.7392871841158137,2.8230573549936695,2.7392871841158137,2.814680337905884,11000.0
2021-12-30,2.814680491899039,2.831434726715088,2.814680491899039,2.831434726715088,4400.0
2021-12-31,2.806303474352941,2.831434726715088,2.806303474352941,2.831434726715088,1900.0
2022-01-03,2.831434726715088,2.831434726715088,2.7895494392607447,2.831434726715088,12100.0
2022-01-04,2.8314347758162333,2.8733198642730713,2.8314347758162333,2.8733198642730713,35300.0
2022-01-05,2.8733196572442243,2.8733196572442243,2.7644182353791704,2.814680337905884,46000.0
2022-01-06,2.814680337905884,2.831434571805296,2.806303320818098,2.814680337905884,9400.0
2022-01-07,2.814680757885453,2.814680757885453,2.772795666196835,2.8063037395477295,15400.0
2022-01-10,2.806303808006606,2.806303808006606,2.7644187152962147,2.781172752380371,18400.0
2022-01-11,2.781172456417103,2.7895494740677265,2.7727954387664795,2.7727954387664795,7500.0
2022-01-12,2.747664385814609,2.7727954387664795,2.747664385814609,2.7727954387664795,12400.0
2022-01-13,2.7727954387664795,2.7727954387664795,2.764418421115856,2.7727954387664795,11800.0
2022-01-14,2.7727954387664795,2.7727954387664795,2.7727954387664795,2.7727954387664795,18700.0
2022-01-17,2.7727954387664795,2.7727954387664795,2.764418421115856,2.7727954387664795,5300.0
2022-01-18,2.7727952645534435,2.7727952645534435,2.747664213180542,2.747664213180542,9300.0
2022-01-19,2.730910350513362,2.7727954387664795,2.730910350513362,2.7727954387664795,16500.0
2022-01-20,2.7392873111424296,2.764418363571167,2.7392873111424296,2.764418363571167,19700.0
2022-01-21,2.747664385814609,2.7727954387664795,2.747664385814609,2.7727954387664795,34300.0
2022-01-24,2.7476643286186757,2.764418363571167,2.7392873111424296,2.764418363571167,39900.0
2022-01-25,2.7392873764038086,2.7811724647829172,2.7392873764038086,2.7392873764038086,11200.0
2022-01-26,2.73928765966998,2.781172752380371,2.73928765966998,2.781172752380371,19600.0
2022-01-27,2.7309106411279016,2.7895497709224495,2.680648529875432,2.781172752380371,35200.0
2022-01-28,2.7811726280174343,2.8063036825199084,2.772795609849943,2.797926664352417,10700.0
2022-01-31,2.8063035093689734,2.8063035093689734,2.697402279910869,2.7727954387664795,20500.0
2022-02-03,2.7727957338382927,2.814680826548684,2.7309106411279016,2.781172752380371,19500.0
2022-02-04,2.7644185351683936,2.806303625149578,2.7644185351683936,2.7895495891571045,12500.0
2022-02-07,2.789549702872282,2.8063037395477295,2.7644186478591113,2.8063037395477295,27600.0
2022-02-08,2.772795609849943,2.8063036825199084,2.772795609849943,2.797926664352417,36500.0
2022-02-09,2.755275269435937,2.8235173158887044,2.755275269435937,2.8064568042755127,8600.0
2022-02-10,2.806456920512316,2.814987176672215,2.755275383552922,2.797926664352417,19500.0
2022-02-11,2.7979266760991095,2.832047700881958,2.789396419903398,2.832047700881958,9600.0
2022-02-14,2.8149871826171875,2.8149871826171875,2.780866157905531,2.8149871826171875,25600.0
2022-02-15,2.8149870600821085,2.8405778275018965,2.7808660368557248,2.8064568042755127,5500.0
2022-02-16,2.814987176672215,2.832047688992013,2.797926664352417,2.797926664352417,15200.0
2022-02-17,2.8149871884905338,2.832047700881958,2.8064569322948216,2.832047700881958,15700.0
2022-02-18,2.8235174387951014,2.8235174387951014,2.8149871826171875,2.8149871826171875,20300.0
2022-02-21,2.8149871826171875,2.8149871826171875,2.8149871826171875,2.8149871826171875,11700.0
2022-02-22,2.8149869217283525,2.8149869217283525,2.755275134016954,2.763805389404297,57400.0
2022-02-23,2.763805749665293,2.789396519163067,2.763805749665293,2.772336006164551,23200.0
2022-02-24,2.755275118896345,2.7979263955989926,2.7211540975342263,2.729684352874756,36900.0
2022-02-25,2.7467450070794683,2.789396286010742,2.7296844955069584,2.789396286010742,14200.0
2022-02-28,2.7979263955989926,2.7979263955989926,2.729684352874756,2.729684352874756,22800.0
2022-03-01,2.72968472366826,2.772336006164551,2.72968472366826,2.772336006164551,7100.0
2022-03-02,2.72968472366826,2.772336006164551,2.72968472366826,2.772336006164551,12500.0
2022-03-03,2.772336006164551,2.772336006164551,2.7552754931660344,2.772336006164551,16400.0
2022-03-04,2.7723358778716385,2.789396390080661,2.7467451095581055,2.7467451095581055,47500.0
2022-03-07,2.729684352874756,2.772335629577404,2.712623842193697,2.729684352874756,17900.0
2022-03-08,2.7211541990572523,2.7211541990572523,2.652911950409649,2.687033176422119,65500.0
2022-03-09,2.7296845851614138,2.7296845851614138,2.652912077186244,2.7126240730285645,32100.0
2022-03-10,2.729684352874756,2.729684352874756,2.7211540975342263,2.729684352874756,8000.0
2022-03-11,2.72968470240389,2.72968470240389,2.695563676672662,2.7040939331054688,20200.0
2022-03-14,2.7040933231882045,2.7126235776969843,2.6699723051530855,2.6785025596618652,20800.0
2022-03-15,2.687033176422119,2.712623943398469,2.669972665104553,2.687033176422119,40600.0
2022-03-16,2.687033298716774,2.704093810810814,2.661442327198368,2.695563554763794,44600.0
2022-03-17,2.6699729073742406,2.7382149588366973,2.6699729073742406,2.7040939331054688,20600.0
2022-03-18,2.721154341244572,2.7467451095581055,2.7126240851400607,2.7467451095581055,14200.0
2022-03-21,2.789396286010742,2.8149870533695065,2.7467450070794683,2.789396286010742,103100.0
2022-03-22,2.8064567975832517,2.8064567975832517,2.7296844955069584,2.789396286010742,44600.0
2022-03-23,2.738214737991568,2.8064567839501016,2.729684482246751,2.755275249481201,62600.0
2022-03-24,2.7552754931660344,2.772336006164551,2.738214980167518,2.772336006164551,6900.0
2022-03-25,2.72968447549272,2.746744986940141,2.72968447549272,2.7382147312164307,37000.0
2022-03-28,2.738214853453594,2.7467451095581055,2.7126240851400607,2.7467451095581055,14500.0
2022-03-29,2.729684482246751,2.772335760970835,2.7211542265019344,2.755275249481201,27600.0
2022-03-30,2.721154329094989,2.7723358654935373,2.7126240730285645,2.7126240730285645,35500.0
2022-03-31,2.7211540975342263,2.746744863555815,2.7040935868531673,2.729684352874756,21000.0
2022-04-01,2.729684482246751,2.755275249481201,2.7211542265019344,2.755275249481201,12500.0
2022-04-04,2.755275249481201,2.755275249481201,2.712623970757118,2.755275249481201,15300.0
2022-04-05,2.7638054983875615,2.7638054983875615,2.7126239640452994,2.7382147312164307,6500.0
2022-04-06,2.738214853453594,2.7467451095581055,2.738214853453594,2.7467451095581055,12900.0
2022-04-07,2.721154341244572,2.7467451095581055,2.7126240851400607,2.7467451095581055,57500.0
2022-04-08,2.7126239640452994,2.746744986940141,2.7040937083215892,2.7382147312164307,5100.0
2022-04-11,2.6955633315126377,2.729684352874756,2.6955633315126377,2.729684352874756,13100.0
2022-04-12,2.695563676672662,2.7126241895382757,2.6699729073742406,2.7040939331054688,50500.0
2022-04-13,2.7296844686539994,2.7296844686539994,2.687033190142303,2.72115421295166,15700.0
2022-04-14,2.72115421295166,2.72115421295166,2.695563445844642,2.72115421295166,1800.0
2022-04-18,2.712623957249321,2.72115421295166,2.695563445844642,2.72115421295166,35900.0
2022-04-19,2.695563676672662,2.7040939331054688,2.6699729073742406,2.7040939331054688,42200.0
2022-04-20,2.704093687739686,2.704093687739686,2.652911950409649,2.687033176422119,37100.0
2022-04-21,2.6785025596618652,2.6785025596618652,2.661441847266996,2.6785025596618652,2700.0
2022-04-22,2.6699723051530855,2.6785025596618652,2.6529115927582163,2.6785025596618652,25800.0
2022-04-25,2.6785029207633357,2.687033176422119,2.652911950409649,2.687033176422119,12000.0
2022-04-26,2.669972665104553,2.687033176422119,2.669972665104553,2.687033176422119,12500.0
2022-04-27,2.6699723051530855,2.6785025596618652,2.6699723051530855,2.6785025596618652,6800.0
2022-04-28,2.6785025596618652,2.6785025596618652,2.661441847266996,2.6785025596618652,8300.0
2022-04-29,2.6785031638070476,2.7126241895382757,2.6785031638070476,2.7040939331054688,13800.0
2022-05-04,2.7126241371462982,2.7126241371462982,2.62732137108842,2.652912139892578,30700.0
2022-05-05,2.652911894165094,2.652911894165094,2.6358513832092285,2.6358513832092285,33400.0
2022-05-06,2.6273213595937692,2.635851615824502,2.6017305909015724,2.618791103363037,69800.0
2022-05-09,2.6187907334150866,2.6187907334150866,2.5931999683380127,2.5931999683380127,18400.0
2022-05-10,2.5846697133123215,2.5931999683380127,2.57613945828663,2.5931999683380127,27200.0
2022-05-11,2.5931999683380127,2.601730223363704,2.5931999683380127,2.5931999683380127,7200.0
2022-05-12,2.601730223363704,2.601730223363704,2.5931999683380127,2.5931999683380127,3400.0
2022-05-13,2.584669828414917,2.5932000838204843,2.584669828414917,2.584669828414917,11200.0
2022-05-17,2.584669729472429,2.6273210048675537,2.584669729472429,2.6273210048675537,20900.0
2022-05-18,2.6443817615509033,2.6443817615509033,2.6443817615509033,2.6443817615509033,200.0
2022-05-19,2.6443817615509033,2.6443817615509033,2.6443817615509033,2.6443817615509033,0.0
2022-05-20,2.6529121282859665,2.6529121282859665,2.610260847132305,2.618791103363037,17300.0
2022-05-23,2.6273210048675537,2.6273210048675537,2.6273210048675537,2.6273210048675537,3400.0
2022-05-24,2.6273215944970594,2.635851851490464,2.6017308235168457,2.6017308235168457,8500.0
2022-05-25,2.627321256235064,2.661442279815674,2.627321256235064,2.661442279815674,300.0
2022-05-26,2.661442622470678,2.661442622470678,2.6017308235168457,2.6017308235168457,18100.0
2022-05-27,2.6102610805102504,2.6102610805102504,2.6017308235168457,2.6017308235168457,11500.0
2022-05-30,2.6273211054427543,2.6273211054427543,2.584669828414917,2.584669828414917,49800.0
2022-05-31,2.5846703095300363,2.6273215944970594,2.5846703095300363,2.6017308235168457,80200.0
2022-06-01,2.6017308235168457,2.6017308235168457,2.5846703095300363,2.6017308235168457,25500.0
2022-06-02,2.593199984551454,2.6273210048675537,2.584669729472429,2.6273210048675537,6500.0
2022-06-03,2.6273215944970594,2.6273215944970594,2.567609795543227,2.6017308235168457,36700.0
2022-06-06,2.59320020006774,2.59320020006774,2.5761396884918213,2.5761396884918213,600.0
2022-06-07,2.584669828414917,2.5932000838204843,2.5590790621982147,2.584669828414917,27000.0
2022-06-08,2.58467005491634,2.58467005491634,2.542018774150859,2.550549030303955,20500.0
2022-06-09,2.5505486684867074,2.5590789234297135,2.542018413543701,2.542018413543701,23400.0
2022-06-10,2.5590791769159025,2.5761396884918213,2.5590791769159025,2.5761396884918213,4000.0
2022-06-13,2.5761400525366316,2.6017308235168457,2.5761400525366316,2.6017308235168457,10000.0
2022-06-14,2.5676095426101475,2.6017305672225324,2.550549030303955,2.550549030303955,12500.0
2022-06-15,2.55907940864563,2.55907940864563,2.55907940864563,2.55907940864563,3000.0
2022-06-16,2.5590792804382856,2.5846700488373866,2.5249582559061508,2.533488512039185,39500.0
2022-06-17,2.5334882959815124,2.584669828414917,2.516427785170378,2.584669828414917,5600.0
2022-06-20,2.584670178326803,2.584670178326803,2.5164281258436745,2.55907940864563,5700.0
2022-06-21,2.55907940864563,2.55907940864563,2.55907940864563,2.55907940864563,0.0
2022-06-22,2.55907940864563,2.55907940864563,2.55907940864563,2.55907940864563,3300.0
2022-06-23,2.542018413543701,2.5590789234297135,2.542018413543701,2.542018413543701,4100.0
2022-06-24,2.542018645137844,2.542018645137844,2.5249581336975098,2.5249581336975098,3600.0
2022-06-27,2.5249583824040656,2.55907940864563,2.5249583824040656,2.55907940864563,24400.0
2022-06-28,2.55907940864563,2.55907940864563,2.55907940864563,2.55907940864563,0.0
2022-06-29,2.533488265964838,2.533488265964838,2.516427755355835,2.516427755355835,9500.0
2022-06-30,2.559079135398893,2.559079135398893,2.4737765789031982,2.4737765789031982,10000.0
2022-07-01,2.490837090202337,2.490837090202337,2.4737765789031982,2.4737765789031982,1800.0
2022-07-04,2.55907940864563,2.55907940864563,2.5164281258436745,2.55907940864563,2200.0
2022-07-05,2.5590792864570515,2.5590792864570515,2.51642800569157,2.550549030303955,6400.0
2022-07-06,2.550548900858011,2.550548900858011,2.5249581336975098,2.5249581336975098,2500.0
2022-07-07,2.5249581336975098,2.5249581336975098,2.5249581336975098,2.5249581336975098,0.0
2022-07-08,2.524957903657689,2.5505486684867074,2.516427648714682,2.542018413543701,8000.0
2022-07-12,2.542018413543701,2.542018413543701,2.542018413543701,2.542018413543701,0.0
2022-07-13,2.5420188955248477,2.55907940864563,2.5420188955248477,2.55907940864563,5400.0
2022-07-14,2.5334886389644566,2.55907940864563,2.5249583824040656,2.55907940864563,26000.0
2022-07-15,2.5590790240396717,2.5590790240396717,2.4993672370910645,2.4993672370910645,6400.0
2022-07-18,2.4993672370910645,2.4993672370910645,2.4993672370910645,2.4993672370910645,0.0
2022-07-19,2.4993675920764735,2.5164281050563244,2.482307079096622,2.490837335586548,13100.0
2022-07-20,2.533488158600695,2.542018413543701,2.533488158600695,2.542018413543701,200.0
2022-07-21,2.49936713882867,2.542018413543701,2.4823066289426574,2.542018413543701,2800.0
2022-07-22,2.533488512039185,2.533488512039185,2.516427999773118,2.533488512039185,8400.0
2022-07-25,2.533488512039185,2.533488512039185,2.533488512039185,2.533488512039185,0.0
2022-07-26,2.5249583824040656,2.55907940864563,2.5164281258436745,2.55907940864563,3600.0
2022-07-27,2.5590792864570515,2.5590792864570515,2.5249582618446667,2.550549030303955,6300.0
2022-07-28,2.5505486684867074,2.5505486684867074,2.542018413543701,2.542018413543701,3000.0
2022-07-29,2.542018413543701,2.542018413543701,2.524957903657689,2.542018413543701,12400.0
2022-08-01,2.542018413543701,2.542018413543701,2.524957903657689,2.542018413543701,3500.0
2022-08-02,2.542018413543701,2.542018413543701,2.542018413543701,2.542018413543701,5700.0
2022-08-03,2.5420188955248477,2.55907940864563,2.5420188955248477,2.55907940864563,4800.0
2022-08-04,2.55907940864563,2.55907940864563,2.55907940864563,2.55907940864563,13400.0
2022-08-05,2.5590791769159025,2.5761396884918213,2.5590791769159025,2.5761396884918213,1400.0
2022-08-08,2.584669944279781,2.584669944279781,2.5761396884918213,2.5761396884918213,500.0
2022-08-10,2.576139921766412,2.576139921766412,2.55907940864563,2.55907940864563,25700.0
2022-08-11,2.5761400525366316,2.6017308235168457,2.5761400525366316,2.6017308235168457,6400.0
2022-08-12,2.601730573260294,2.6102608294331864,2.5676095485687256,2.5676095485687256,4600.0
2022-08-15,2.57613945828663,2.5931999683380127,2.57613945828663,2.5931999683380127,6700.0
2022-08-16,2.5761396884918213,2.5761396884918213,2.5761396884918213,2.5761396884918213,400.0
2022-08-17,2.55907940864563,2.576139921766412,2.55907940864563,2.55907940864563,23200.0
2022-08-18,2.55907940864563,2.55907940864563,2.55907940864563,2.55907940864563,3000.0
2022-08-19,2.57613945828663,2.5931999683380127,2.57613945828663,2.5931999683380127,3600.0
2022-08-22,2.55907940864563,2.567609665206021,2.55907940864563,2.55907940864563,17700.0
2022-08-23,2.55907940864563,2.576139921766412,2.55907940864563,2.55907940864563,12700.0
2022-08-24,2.5761396884918213,2.5761396884918213,2.5761396884918213,2.5761396884918213,5300.0
2022-08-25,2.593199984551454,2.6273210048675537,2.593199984551454,2.6273210048675537,43900.0
2022-08-26,2.610260738053835,2.6443817615509033,2.610260738053835,2.6443817615509033,16600.0
2022-08-29,2.6699723051530855,2.687032814170645,2.6699723051530855,2.6785025596618652,41600.0
2022-08-30,2.661442279815674,2.669972739088169,2.661442279815674,2.661442279815674,29000.0
2022-08-31,2.687032814170645,2.687032814170645,2.661441847266996,2.6785025596618652,75700.0
2022-09-01,2.678503184672711,2.780866262663809,2.678503184672711,2.772336006164551,101400.0
2022-09-02,2.7552754931660344,2.789396519163067,2.738214980167518,2.772336006164551,57600.0
2022-09-05,2.7638056217671276,2.7638056217671276,2.7467451095581055,2.7467451095581055,6500.0
2022-09-06,2.7382149588366973,2.746745215269504,2.7040939331054688,2.7040939331054688,32000.0
2022-09-07,2.7296845851614138,2.7296845851614138,2.7126240730285645,2.7126240730285645,14100.0
2022-09-08,2.7126240730285645,2.721154329094989,2.7040938169621396,2.7126240730285645,21300.0
2022-09-09,2.7126241895382757,2.721154445971083,2.7040939331054688,2.7040939331054688,25700.0
2022-09-12,2.7040937626687787,2.721154274459084,2.661442279815674,2.661442279815674,47300.0
2022-09-13,2.7211541990572523,2.7211541990572523,2.687033176422119,2.687033176422119,2500.0
2022-09-14,2.687032814170645,2.687032814170645,2.6785025596618652,2.6785025596618652,4200.0
2022-09-15,2.6785031638070476,2.7040939331054688,2.6785031638070476,2.7040939331054688,1900.0
2022-09-16,2.7211541990572523,2.7211541990572523,2.661442206068432,2.687033176422119,3000.0
2022-09-19,2.687033250878474,2.687033250878474,2.661442279815674,2.661442279815674,13500.0
2022-09-20,2.661442206068432,2.687033176422119,2.661442206068432,2.687033176422119,500.0
2022-09-21,2.687033176422119,2.6955634320809025,2.687033176422119,2.687033176422119,6300.0
2022-09-22,2.695563445844642,2.7296844686539994,2.678502934439963,2.72115421295166,11900.0
2022-09-23,2.721154274459084,2.721154274459084,2.661442279815674,2.661442279815674,19000.0
2022-09-26,2.6614422732994374,2.687033244299581,2.4737766440655617,2.6443817615509033,28500.0
2022-09-27,2.6870333565862468,2.6870333565862468,2.6017305909015724,2.618791103363037,7400.0
2022-09-28,2.661442622470678,2.661442622470678,2.6017308235168457,2.6017308235168457,24500.0
2022-09-29,2.6102609634399414,2.6102609634399414,2.6102609634399414,2.6102609634399414,7000.0
2022-09-30,2.6017306914475853,2.6017306914475853,2.55907940864563,2.55907940864563,11700.0
2022-10-03,2.550548768761299,2.550548768761299,2.473776471255947,2.4993672370910645,120200.0
2022-10-04,2.4993675161327844,2.644381872055234,2.4993675161327844,2.618791103363037,8700.0
2022-10-05,2.6102609634399414,2.6102609634399414,2.6102609634399414,2.6102609634399414,12300.0
2022-10-06,2.618791337503655,2.618791337503655,2.6017308235168457,2.6017308235168457,6200.0
2022-10-07,2.6017304558556997,2.6017304558556997,2.5761396884918213,2.5761396884918213,7600.0
2022-10-10,2.567609665206021,2.6102609480079764,2.473776843041719,2.55907940864563,45100.0
2022-10-11,2.5590790240396717,2.567609279318044,2.4481855020435015,2.4993672370910645,185400.0
2022-10-12,2.4567162526546618,2.4567162526546618,2.388473998940464,2.4225950241088867,153500.0
2022-10-13,2.431125498848058,2.4652467304597723,2.141096555478766,2.3372926712036133,103300.0
2022-10-14,2.3714133664630346,2.414064645767212,2.345822598880528,2.414064645767212,34400.0
2022-10-17,2.4225951156195236,2.4225951156195236,2.3202320362476128,2.3287622928619385,35500.0
2022-10-18,2.371413098985613,2.371413098985613,2.345822334289551,2.345822334289551,16100.0
2022-10-19,2.3458225520572333,2.3543528077478024,2.234929024702496,2.2946410179138184,68200.0
2022-10-20,2.3117015292949565,2.3202317849855256,2.2946410179138184,2.2946410179138184,8700.0
2022-10-21,2.303171502494402,2.303171502494402,2.14109642488917,2.2605202198028564,53800.0
2022-10-25,2.277580753175983,2.4737768586828395,2.269050496561657,2.3287622928619385,44000.0
2022-10-26,2.354352727560622,2.3970040045608028,2.354352727560622,2.3884737491607666,13100.0
2022-10-27,2.3884737340150024,2.3884737340150024,2.3543527126312256,2.3543527126312256,9000.0
2022-10-28,2.3543527126312256,2.36288296797717,2.3543527126312256,2.3543527126312256,17200.0
2022-10-31,2.345822334289551,2.345822334289551,2.3372920793908634,2.345822334289551,18800.0
2022-11-01,2.3458227006221612,2.37994372554538,2.328762188160552,2.371413469314575,20600.0
2022-11-02,2.354352841795876,2.379943609237671,2.354352841795876,2.379943609237671,7400.0
2022-11-03,2.379943478669058,2.379943478669058,2.3458224572852813,2.3543527126312256,26500.0
2022-11-04,2.3631376022159274,2.3631376022159274,2.3367829334618224,2.3543527126312256,17500.0
2022-11-07,2.3543527126312256,2.3543527126312256,2.3543527126312256,2.3543527126312256,0.0
2022-11-08,2.363137721723585,2.363137721723585,2.3455679416656494,2.3455679416656494,17000.0
2022-11-09,2.336783287684862,2.36313796043396,2.336783287684862,2.36313796043396,3600.0
2022-11-10,2.354352951653221,2.354352951653221,2.3367831707000732,2.3367831707000732,3500.0
2022-11-11,2.345568178601228,2.4158473059321555,2.345568178601228,2.36313796043396,46600.0
2022-11-14,2.3543528322717493,2.3807075023651123,2.3543528322717493,2.3807075023651123,7300.0
2022-11-15,2.4070620548265356,2.433416723631959,2.4070620548265356,2.4246318340301514,16500.0
2022-11-16,2.389492867773173,2.398277759552002,2.3719230842155157,2.398277759552002,6000.0
2022-11-17,2.398277759552002,2.398277759552002,2.398277759552002,2.398277759552002,4600.0
2022-11-18,2.3894925094562853,2.459771633148194,2.3894925094562853,2.459771633148194,10800.0
2022-11-21,2.415846824645996,2.415846824645996,2.415846824645996,2.415846824645996,2500.0
2022-11-22,2.415847182566764,2.415847182566764,2.407062292098999,2.407062292098999,7300.0
2022-11-23,2.398277759552002,2.398277759552002,2.398277759552002,2.398277759552002,3000.0
2022-11-24,2.4158469444283437,2.4246318340301514,2.4158469444283437,2.4246318340301514,1100.0
2022-11-25,2.424632073628942,2.424632073628942,2.3894925117492676,2.3894925117492676,800.0
2022-11-28,2.3894925117492676,2.3894925117492676,2.3894925117492676,2.3894925117492676,0.0
2022-11-29,2.424631953380072,2.433416843414306,2.424631953380072,2.433416843414306,1100.0
2022-11-30,2.4246318340301514,2.4246318340301514,2.4246318340301514,2.4246318340301514,500.0
2022-12-01,2.424631713812232,2.424631713812232,2.3719223788148156,2.415846824645996,7400.0
2022-12-02,2.415846824645996,2.415846824645996,2.415846824645996,2.415846824645996,0.0
2022-12-05,2.424632434888488,2.424632434888488,2.398277759552002,2.398277759552002,21100.0
2022-12-06,2.3719226117525523,2.41584706189739,2.3455679416656494,2.3455679416656494,38800.0
2022-12-07,2.3719226114552505,2.3719226114552505,2.3192132712880515,2.327998161315918,18000.0
2022-12-08,2.3192132712880515,2.3367830513437844,2.3192132712880515,2.327998161315918,3100.0
2022-12-09,2.327998161315918,2.327998161315918,2.327998161315918,2.327998161315918,10100.0
2022-12-12,2.3367831707000732,2.3367831707000732,2.3367831707000732,2.3367831707000732,4600.0
2022-12-13,2.371922492980957,2.371922492980957,2.35435271380281,2.371922492980957,14200.0
2022-12-14,2.36313796043396,2.36313796043396,2.36313796043396,2.36313796043396,1800.0
2022-12-15,2.36313796043396,2.36313796043396,2.36313796043396,2.36313796043396,6400.0
2022-12-16,2.363137842129795,2.363137842129795,2.327998280223499,2.3367831707000732,18400.0
2022-12-19,2.327998161019684,2.327998161019684,2.3104283809661865,2.3104283809661865,13800.0
2022-12-20,2.3104283809661865,2.3104283809661865,2.3016432814911383,2.3104283809661865,13900.0
2022-12-21,2.3104283809661865,2.3104283809661865,2.3104283809661865,2.3104283809661865,30000.0
2022-12-22,2.3016432814911383,2.319213270992935,2.3016432814911383,2.3104283809661865,8000.0
2022-12-23,2.327998161315918,2.327998161315918,2.327998161315918,2.327998161315918,1400.0
2022-12-27,2.301643281784019,2.327998161315918,2.301643281784019,2.327998161315918,4400.0
2022-12-28,2.32799852015088,2.32799852015088,2.319213628768921,2.319213628768921,2000.0
2022-12-29,2.3104283809661865,2.3104283809661865,2.3104283809661865,2.3104283809661865,600.0
2022-12-30,2.319213628768921,2.319213628768921,2.319213628768921,2.319213628768921,10700.0
2023-01-03,2.319213121532964,2.319213121532964,2.301643133163452,2.301643133163452,4800.0
2023-01-04,2.301643612229091,2.301643612229091,2.2665040470726665,2.284073829650879,14100.0
2023-01-05,2.2752885807826537,2.2752885807826537,2.2401490211486816,2.2401490211486816,22900.0
2023-01-06,2.301643372784003,2.301643372784003,2.248934030532837,2.248934030532837,4900.0
2023-01-09,2.248933796399774,2.301643133163452,2.2401489069391616,2.301643133163452,10200.0
2023-01-10,2.301643612229091,2.301643612229091,2.284073829650879,2.284073829650879,4500.0
2023-01-11,2.284073351363068,2.284073351363068,2.2665035724639893,2.2665035724639893,2600.0
2023-01-12,2.2840735920336144,2.2840735920336144,2.248934030532837,2.248934030532837,4200.0
2023-01-13,2.284073829650879,2.284073829650879,2.240149373205349,2.284073829650879,8200.0
2023-01-16,2.248933674096966,2.257718563079834,2.248933674096966,2.257718563079834,15500.0
2023-01-17,2.2665038112832256,2.2665038112832256,2.248934030532837,2.248934030532837,5700.0
2023-01-18,2.257718563079834,2.266503452062702,2.257718563079834,2.257718563079834,9300.0
2023-01-19,2.2665035724639893,2.2665035724639893,2.2665035724639893,2.2665035724639893,3600.0
2023-01-20,2.2752884619135285,2.2752884619135285,2.2665035724639893,2.2665035724639893,12000.0
2023-01-25,2.284073351363068,2.292858240812607,2.2401489041153715,2.2665035724639893,31700.0
2023-01-26,2.2840732300284383,2.2928581190113064,2.248933674096966,2.257718563079834,25300.0
2023-01-27,2.2577189209080313,2.2577189209080313,2.248934030532837,2.248934030532837,29600.0
2023-01-30,2.2928581190113064,2.2928581190113064,2.248933674096966,2.257718563079834,9000.0
2023-01-31,2.257718922568821,2.257718922568821,2.178654909133911,2.178654909133911,144000.0
2023-02-01,2.1962246894836426,2.205009579863645,2.1962246894836426,2.1962246894836426,50200.0
2023-02-02,2.205009704480746,2.205009704480746,2.125945686592388,2.134730577468872,71100.0
2023-02-03,2.1786549104054185,2.1786549104054185,2.125945568084717,2.125945568084717,150300.0
2023-02-06,2.1709868661494407,2.1709868661494407,1.9998301797997464,2.008838415145874,131200.0
2023-02-07,1.9998297505987128,2.062887384488252,1.9998297505987128,2.035862684249878,99200.0
2023-02-08,2.035863309905678,2.0628880184492098,1.9818138928186149,1.9998303651809692,31300.0
2023-02-09,1.9998299761993064,1.9998299761993064,1.9547888040542605,1.9547888040542605,82000.0
2023-02-10,1.954788976423696,1.9998301525403843,1.954788976423696,1.9637972116470337,27700.0
2023-02-13,1.9637971740157645,2.0178465843200684,1.9637971740157645,2.0178465843200684,16000.0
2023-02-14,2.0268547534942627,2.0448712230101287,2.0268547534942627,2.0268547534942627,28400.0
2023-02-15,2.0268548193707856,2.071895994624372,2.0178465843200684,2.0178465843200684,45900.0
2023-02-16,2.089912464725807,2.089912464725807,2.008838349269351,2.0178465843200684,18900.0
2023-02-17,2.0178465187363295,2.071895927283928,2.0178465187363295,2.0268547534942627,25800.0
2023-02-20,2.098920674138847,2.1169371440202163,2.053879499435425,2.053879499435425,13300.0
2023-02-21,2.1259452643851375,2.1439619480687773,2.08991232656436,2.134953498840332,12300.0
2023-02-22,2.134953455718913,2.134953455718913,2.10792875289917,2.10792875289917,13400.0
2023-02-23,2.134953545837578,2.134953545837578,2.062887668609619,2.062887668609619,17300.0
2023-02-24,2.0718955993652344,2.0718955993652344,2.0628873660330336,2.0718955993652344,22300.0
2023-02-27,2.1169367660262393,2.1169367660262393,2.0538791327008323,2.0718955993652344,63000.0
2023-02-28,2.053879499435425,2.053879499435425,2.053879499435425,2.053879499435425,5900.0
2023-03-01,2.053879499435425,2.053879499435425,2.053879499435425,2.053879499435425,1800.0
2023-03-02,2.05387964759155,2.05387964759155,1.9367725849151611,1.9367725849151611,65200.0
2023-03-03,1.9637971164693608,1.9818135860428472,1.9277641773223877,1.9277641773223877,80700.0
2023-03-06,1.9367724783377596,1.9367724783377596,1.9187560081481936,1.9187560081481936,81900.0
2023-03-07,1.918755756351879,1.918755756351879,1.900739073753357,1.900739073753357,20000.0
2023-03-08,1.9367721684093908,1.9637968693691623,1.891730785369873,1.891730785369873,47800.0
2023-03-09,1.891730785369873,1.891730785369873,1.891730785369873,1.891730785369873,15000.0
2023-03-10,1.891731035923511,1.963797129467721,1.873714566230774,1.873714566230774,47000.0
2023-03-13,1.891731035923511,1.891731035923511,1.873714566230774,1.873714566230774,9400.0
2023-03-14,1.8286731497970723,1.891730785369873,1.8286731497970723,1.891730785369873,17600.0
2023-03-15,1.891731035923511,1.891731035923511,1.873714566230774,1.873714566230774,26100.0
2023-03-16,1.891731035923511,1.891731035923511,1.873714566230774,1.873714566230774,3000.0
2023-03-17,1.8827226924435805,1.8827226924435805,1.8556979894638064,1.8556979894638064,46700.0
2023-03-20,1.8556981747248171,1.8647064099507331,1.8376817042729856,1.8466899394989016,9800.0
2023-03-21,1.855698146534479,1.855698146534479,1.801648736000061,1.801648736000061,79800.0
2023-03-22,1.8286734690470696,1.9367725065313288,1.810656998595238,1.8466899394989016,27700.0
2023-03-23,1.8466899114454096,1.8466899114454096,1.801648736000061,1.801648736000061,63100.0
2023-03-24,1.82867344126727,1.82867344126727,1.801648736000061,1.801648736000061,40400.0
2023-03-27,1.82867344126727,1.82867344126727,1.801648736000061,1.801648736000061,60500.0
2023-03-28,1.8106569710891307,1.8196652061782004,1.801648736000061,1.801648736000061,94100.0
2023-03-29,1.801648736000061,1.801648736000061,1.801648736000061,1.801648736000061,3600.0
2023-03-30,1.8016487487480015,1.8106569839008109,1.7836322784423828,1.7836322784423828,43700.0
2023-03-31,1.80164867041312,1.8196651399353907,1.7926404356519847,1.8106569051742551,107800.0
2023-04-03,1.801648736000061,1.82867344126727,1.7926405009109914,1.801648736000061,68100.0
2023-04-04,1.8016487235045548,1.8196651935577393,1.8016487235045548,1.8196651935577393,134400.0
2023-04-05,1.8196652061782004,1.8196652061782004,1.801648736000061,1.801648736000061,85400.0
2023-04-06,1.801648736000061,1.8106569710891307,1.801648736000061,1.801648736000061,36400.0
2023-04-10,1.792640405504334,1.792640405504334,1.765615701675415,1.765615701675415,93100.0
2023-04-11,1.7746238708496094,1.7746238708496094,1.765615636572129,1.7746238708496094,46500.0
2023-04-12,1.765615636572129,1.7746238708496094,1.765615636572129,1.7746238708496094,32600.0
2023-04-13,1.7656157674464266,1.7656157674464266,1.747599297556015,1.7566075325012207,104700.0
2023-04-14,1.7566075325012207,1.7656157674464266,1.7566075325012207,1.7566075325012207,80000.0
2023-04-17,1.756607572983955,1.8016487487480015,1.756607572983955,1.7836322784423828,15000.0
2023-04-18,1.7836322784423828,1.7836322784423828,1.7836322784423828,1.7836322784423828,10500.0
2023-04-19,1.7836320941850698,1.7926403284072876,1.774623859962852,1.7926403284072876,13700.0
2023-04-20,1.7926405009109914,1.8106569710891307,1.7926405009109914,1.801648736000061,21500.0
2023-04-21,1.8016487760729216,1.8286734819412231,1.792640540783488,1.8286734819412231,14200.0
2023-04-24,1.8286731497970723,1.9097472526763877,1.819664916143815,1.891730785369873,137200.0
2023-04-25,1.90073901902313,1.90073901902313,1.8737143180633584,1.891730785369873,20500.0
2023-04-26,1.891731035923511,1.891731035923511,1.873714566230774,1.873714566230774,10300.0
2023-04-27,1.8737144581169891,1.891730926770172,1.8556979894638064,1.8556979894638064,29800.0
2023-04-28,1.8737143180633584,1.891730785369873,1.8737143180633584,1.891730785369873,8600.0
2023-05-02,1.8647063948176668,1.8647063948176668,1.7836322784423828,1.7836322784423828,116100.0
2023-05-03,1.7836320941850698,1.8016485626295051,1.7836320941850698,1.7926403284072876,22400.0
2023-05-04,1.7926403284072876,1.8016485626295051,1.7926403284072876,1.7926403284072876,17300.0
2023-05-05,1.837681499518376,1.837681499518376,1.7926403284072876,1.7926403284072876,12400.0
2023-05-08,1.79264033940457,1.8016485736820504,1.7746238708496094,1.7746238708496094,63500.0
2023-05-09,1.7746240432895737,1.7926405135951922,1.7746240432895737,1.7836322784423828,14700.0
2023-05-10,1.7836322784423828,1.7836322784423828,1.7746240432895737,1.7836322784423828,36300.0
2023-05-11,1.7746238708496094,1.7746238708496094,1.7746238708496094,1.7746238708496094,7600.0
2023-05-12,1.8016485736820504,1.8016485736820504,1.765615636572129,1.7746238708496094,39600.0
2023-05-15,1.7656158351083715,1.7656158351083715,1.7025580806888003,1.7295827865600586,67800.0
2023-05-16,1.73859104858952,1.73859104858952,1.693549871444702,1.693549871444702,28700.0
2023-05-17,1.7025581068736657,1.7025581068736657,1.6845416360157386,1.693549871444702,31600.0
2023-05-18,1.6845416360157386,1.693549871444702,1.6845416360157386,1.693549871444702,14100.0
2023-05-19,1.7115663423026293,1.7115663423026293,1.6845416360157386,1.693549871444702,31100.0
2023-05-22,1.6935496869619338,1.71156615585728,1.6935496869619338,1.702557921409607,31200.0
2023-05-23,1.7025581068736657,1.7115663423026293,1.693549871444702,1.693549871444702,35100.0
2023-05-24,1.6845416360157386,1.693549871444702,1.6845416360157386,1.693549871444702,16600.0
2023-05-25,1.693549871444702,1.7926405685499385,1.6845416360157386,1.693549871444702,60400.0
2023-05-26,1.6845416360157386,1.7025581068736657,1.6845416360157386,1.693549871444702,76000.0
2023-05-29,1.693549698360231,1.693549698360231,1.6845414638519287,1.6845414638519287,59000.0
2023-05-30,1.675533306971367,1.6845415418970222,1.6575168371200562,1.6575168371200562,62900.0
2023-05-31,1.6665250720457114,1.6665250720457114,1.6575168371200562,1.6575168371200562,11000.0
2023-06-01,1.6485086145555807,1.6575168495487835,1.639500379562378,1.639500379562378,25100.0
2023-06-05,1.657516863022956,1.657516863022956,1.603467345237732,1.603467345237732,52200.0
2023-06-06,1.6214838153705955,1.6395003928900922,1.5944591101713002,1.603467345237732,66200.0
2023-06-07,1.5944591760635376,1.6034674115022416,1.5944591760635376,1.5944591760635376,38200.0
2023-06-08,1.5944589805832308,1.6214836835861206,1.5764425119146377,1.6214836835861206,142900.0
2023-06-09,1.594459189535493,1.6034674250503096,1.5674344829910427,1.5764427185058594,87900.0
2023-06-12,1.5764427185058594,1.585450954020676,1.5674344829910427,1.5764427185058594,24300.0
2023-06-13,1.5764426115461294,1.5764426115461294,1.5584261417388916,1.5584261417388916,43200.0
2023-06-14,1.576442678421996,1.576442678421996,1.5314015019931646,1.5494179725646973,103300.0
2023-06-15,1.5494177445081547,1.6755331273327787,1.53140127658844,1.53140127658844,150500.0
2023-06-16,1.5314015019931646,1.5944591489935287,1.5314015019931646,1.5494179725646973,156600.0
2023-06-19,1.5764426115461294,1.5854508464497483,1.5584261417388916,1.5584261417388916,73000.0
2023-06-20,1.5584259784680123,1.5674342124278695,1.53140127658844,1.53140127658844,118400.0
2023-06-21,1.53140127658844,1.5404095105482971,1.5133847012821056,1.53140127658844,89700.0
2023-06-22,1.5314013417574497,1.5314013417574497,1.5223931074142456,1.5223931074142456,14200.0
2023-06-23,1.5223931067119996,1.5223931067119996,1.5043765306472778,1.5043765306472778,75800.0
2023-06-26,1.50437658437002,1.5133848190307615,1.4953683497092785,1.5133848190307615,63800.0
2023-06-27,1.5133848190307615,1.5133848190307615,1.5133848190307615,1.5133848190307615,3100.0
2023-06-28,1.5133848598341666,1.5584261417388916,1.5133848598341666,1.5584261417388916,10800.0
2023-06-30,1.558426247476226,1.5764427185058594,1.558426247476226,1.5764427185058594,36000.0
2023-07-03,1.5764426154025266,1.6665250720457114,1.5764426154025266,1.6575168371200562,45800.0
2023-07-04,1.66652512550354,1.6845415959327728,1.6575168902889237,1.66652512550354,30600.0
2023-07-05,1.66652512550354,1.66652512550354,1.6575168902889237,1.66652512550354,5900.0
2023-07-06,1.6845414638519287,1.693549698360231,1.6755332293436265,1.6845414638519287,26700.0
2023-07-07,1.6935497174116705,1.765615701675415,1.6845414828020306,1.765615701675415,52200.0
2023-07-10,1.7656157674464266,1.7746240023916322,1.711566250388561,1.7566075325012207,63400.0
2023-07-11,1.7566075330165811,1.7566075330165811,1.738590955734253,1.738590955734253,20100.0
2023-07-12,1.7385908904598686,1.7836321708946945,1.7385908904598686,1.765615701675415,16400.0
2023-07-13,1.765615636572129,1.79264033940457,1.765615636572129,1.7746238708496094,28100.0
2023-07-14,1.7836322658219217,1.8106569710891307,1.774624030732852,1.801648736000061,27600.0
2023-07-17,1.8016485626295051,1.8196650310739408,1.7926403284072876,1.7926403284072876,32200.0
2023-07-18,1.80164867041312,1.8286733746965256,1.80164867041312,1.8106569051742551,18700.0
2023-07-19,1.8106569839008109,1.81966521905362,1.7836322784423828,1.7836322784423828,26300.0
2023-07-20,1.7836321051270896,1.7836321051270896,1.7746238708496094,1.7746238708496094,6500.0
2023-07-21,1.7746240432895737,1.7836322784423828,1.7746240432895737,1.7836322784423828,6200.0
2023-07-24,1.7836322784423828,1.7836322784423828,1.7836322784423828,1.7836322784423828,6700.0
2023-07-25,1.7836322378601273,1.7836322378601273,1.711566250890707,1.738590955734253,18700.0
2023-07-26,1.7475992980687327,1.7566075330165811,1.738590955734253,1.738590955734253,10800.0
2023-07-27,1.747599168017168,1.7836321051270896,1.747599168017168,1.7746238708496094,1600.0
2023-07-28,1.76561576796443,1.76561576796443,1.7205744858385557,1.738590955734253,4700.0
2023-07-31,1.747599201034598,1.7566074354822712,1.6935496869619338,1.702557921409607,47400.0
2023-08-01,1.7115662097930908,1.729582679256182,1.7025579750615452,1.7115662097930908,7500.0
2023-08-02,1.71156615585728,1.71156615585728,1.702557921409607,1.702557921409607,19500.0
2023-08-03,1.7025580806888003,1.7295827865600586,1.7025580806888003,1.7295827865600586,11100.0
2023-08-04,1.7205744445246365,1.7205744445246365,1.7115662097930908,1.7115662097930908,6500.0
2023-08-07,1.711566263164129,1.7205744981765747,1.7025580281516837,1.7205744981765747,8000.0
2023-08-08,1.729582679256182,1.729582679256182,1.7115662097930908,1.7115662097930908,15800.0
2023-08-10,1.71156615585728,1.7295826247526265,1.702557921409607,1.702557921409607,11300.0
2023-08-11,1.6935496656471172,1.7115661343157105,1.6214836835861206,1.6214836835861206,52600.0
2023-08-14,1.6304919898225518,1.7475992561059015,1.4593354225365571,1.7115662097930908,29300.0
2023-08-15,1.693549698360231,1.693549698360231,1.6845414638519287,1.6845414638519287,3200.0
2023-08-16,1.6485085487365725,1.6575167833701088,1.6485085487365725,1.6485085487365725,8300.0
2023-08-17,1.6485085487365725,1.6485085487365725,1.6485085487365725,1.6485085487365725,500.0
2023-08-18,1.6485085486220532,1.6485085486220532,1.6304919719696045,1.6304919719696045,11000.0
2023-08-21,1.6304920765991942,1.6304920765991942,1.558426194911401,1.5674344301223757,13500.0
2023-08-22,1.6034672680708726,1.6304919719696045,1.6034672680708726,1.6304919719696045,4200.0
2023-08-23,1.630492024956459,1.6575168371200562,1.630492024956459,1.6575168371200562,12100.0
2023-08-24,1.6575168371200562,1.6575168371200562,1.6575168371200562,1.6575168371200562,3900.0
2023-08-25,1.630492037182543,1.6485086145555807,1.6214838021893407,1.639500379562378,3200.0
2023-08-28,1.6214837550910062,1.7115662097930908,1.6214837550910062,1.7115662097930908,7100.0
2023-08-29,1.7385908592002997,1.7566074354822712,1.702557921409607,1.702557921409607,23400.0
2023-08-30,1.71156615585728,1.71156615585728,1.702557921409607,1.702557921409607,6600.0
2023-08-31,1.7385908592002997,1.7566074354822712,1.6935496869619338,1.702557921409607,10200.0
2023-09-04,1.702557921409607,1.71156615585728,1.6935496869619338,1.702557921409607,23300.0
2023-09-05,1.7295827865600586,1.7295827865600586,1.7115663159792198,1.7295827865600586,20000.0
2023-09-06,1.7205744445246365,1.729582679256182,1.6935497403299995,1.7115662097930908,33700.0
2023-09-07,1.711566263164129,1.7205744981765747,1.711566263164129,1.7205744981765747,900.0
2023-09-08,1.720574551269639,1.7295827865600586,1.7115663159792198,1.7295827865600586,11100.0
2023-09-11,1.7295827865600586,1.7295827865600586,1.7025580806888003,1.7295827865600586,10700.0
2023-09-12,1.729582679256182,1.729582679256182,1.7115662097930908,1.7115662097930908,800.0
2023-09-13,1.711566250890707,1.738590955734253,1.711566250890707,1.738590955734253,9400.0
2023-09-14,1.7385909682014655,1.7746240156378796,1.7205744981765747,1.7205744981765747,5000.0
2023-09-15,1.7295827853719288,1.7566075986112577,1.711566314803466,1.7475993633270264,22600.0
2023-09-18,1.7475993645275327,1.7566075998179522,1.720574551269639,1.7295827865600586,32200.0
2023-09-19,1.7295827207864043,1.738590955734253,1.7295827207864043,1.738590955734253,1600.0
2023-09-20,1.76561576796443,1.7746240029122786,1.738590955734253,1.738590955734253,8200.0
2023-09-21,1.7385909139877276,1.7385909139877276,1.7115662097930908,1.7115662097930908,6200.0
2023-09-22,1.7205744981765747,1.7205744981765747,1.7205744981765747,1.7205744981765747,1200.0
2023-09-25,1.7205744445246365,1.7205744445246365,1.7115662097930908,1.7115662097930908,13200.0
2023-09-26,1.7115662097930908,1.7115662097930908,1.7115662097930908,1.7115662097930908,0.0
2023-09-27,1.7205745500876974,1.7475993633270264,1.7205745500876974,1.7475993633270264,200.0
2023-09-28,1.7475992561059015,1.7475992561059015,1.7115662097930908,1.7115662097930908,2600.0
2023-09-29,1.7115662097930908,1.7115662097930908,1.7115662097930908,1.7115662097930908,1600.0
2023-10-02,1.729582679256182,1.729582679256182,1.7115662097930908,1.7115662097930908,17400.0
2023-10-03,1.7115662097930908,1.7115662097930908,1.7115662097930908,1.7115662097930908,0.0
2023-10-04,1.7025581068736657,1.756607626834084,1.693549871444702,1.693549871444702,24700.0
2023-10-05,1.7115662097930908,1.7115662097930908,1.7115662097930908,1.7115662097930908,5000.0
2023-10-06,1.7295827865600586,1.7295827865600586,1.6935498453983808,1.7295827865600586,5600.0
2023-10-09,1.7115663015766218,1.7115663015766218,1.66652512550354,1.66652512550354,15600.0
2023-10-10,1.66652512550354,1.66652512550354,1.66652512550354,1.66652512550354,0.0
2023-10-11,1.66652512550354,1.66652512550354,1.66652512550354,1.66652512550354,0.0
2023-10-12,1.7205743903049533,1.7205743903049533,1.702557921409607,1.702557921409607,1000.0
2023-10-13,1.7205744981765747,1.7205744981765747,1.7205744981765747,1.7205744981765747,200.0
2023-10-16,1.7205744981765747,1.7205744981765747,1.7205744981765747,1.7205744981765747,0.0
2023-10-17,1.6845415581267926,1.7205744981765747,1.675533323114347,1.7205744981765747,13100.0
2023-10-18,1.6755332293436265,1.6845414638519287,1.666524994835324,1.6845414638519287,15600.0
2023-10-19,1.702558011748333,1.702558011748333,1.6575168371200562,1.6575168371200562,18500.0
2023-10-20,1.6575167491712413,1.702557921409607,1.648508514723568,1.702557921409607,3100.0
2023-10-23,1.702557921409607,1.702557921409607,1.702557921409607,1.702557921409607,500.0
2023-10-24,1.702557921409607,1.702557921409607,1.702557921409607,1.702557921409607,0.0
2023-10-25,1.7025579565377906,1.7025579565377906,1.6214837374493356,1.6485085487365725,9400.0
2023-10-26,1.6755332946777344,1.6845415295372952,1.6755332946777344,1.6755332946777344,33200.0
2023-10-27,1.6755333607181564,1.6755333607181564,1.621483842043824,1.66652512550354,5100.0
2023-10-30,1.6665250720457114,1.6665250720457114,1.6214837900308037,1.6575168371200562,8900.0
2023-10-31,1.6575167283099308,1.675533196978524,1.6214836835861206,1.6214836835861206,13600.0
2023-11-01,1.648508682465021,1.6575169178293132,1.6124756336212158,1.6124756336212158,25400.0
2023-11-02,1.621483868985508,1.621483868985508,1.6124756336212158,1.6124756336212158,1500.0
2023-11-03,1.6124754873909437,1.6307990550994873,1.6124754873909437,1.6307990550994873,22100.0
2023-11-06,1.6399608389537592,1.6399608389537592,1.6307990550994873,1.6307990550994873,4000.0
2023-11-07,1.6307990824275262,1.6307990824275262,1.6124755144119265,1.6124755144119265,33500.0
2023-11-08,1.6124755144119265,1.6124755144119265,1.6124755144119265,1.6124755144119265,15900.0
2023-11-09,1.6124755144119265,1.6216372984197265,1.6124755144119265,1.6124755144119265,700.0
2023-11-10,1.612475441557209,1.6307990087449151,1.612475441557209,1.621637225151062,10400.0
2023-11-14,1.621637225151062,1.621637225151062,1.612475441557209,1.621637225151062,33100.0
2023-11-15,1.6124755059372318,1.6582844257354736,1.6124755059372318,1.6582844257354736,1100.0
2023-11-16,1.6491225957870483,1.6491225957870483,1.6399608120828928,1.6491225957870483,3500.0
2023-11-17,1.6399608850479126,1.6399608850479126,1.6399608850479126,1.6399608850479126,6600.0
2023-11-20,1.62163728989688,1.6582844257354736,1.62163728989688,1.6582844257354736,5200.0
2023-11-21,1.667446272412436,1.667446272412436,1.6399608120828928,1.6491225957870483,15300.0
2023-11-22,1.6399609128743973,1.6674463748931885,1.6399609128743973,1.6674463748931885,14100.0
2023-11-23,1.6582843794912037,1.6582843794912037,1.6399608120828928,1.6491225957870483,18900.0
2023-11-24,1.6491225957870483,1.667446272412436,1.6491225957870483,1.6491225957870483,18700.0
2023-11-27,1.621637316824351,1.6491226691596936,1.621637316824351,1.6399608850479126,5000.0
2023-11-28,1.6399607923387682,1.6766080359312563,1.621637225151062,1.621637225151062,20700.0
2023-11-29,1.6216372712452156,1.6307990550994873,1.6216372712452156,1.6307990550994873,400.0
2023-11-30,1.6307990738565286,1.6582844257354736,1.6124755059372318,1.6582844257354736,18300.0
2023-12-01,1.6124755059372318,1.6582844257354736,1.6124755059372318,1.6582844257354736,6300.0
2023-12-04,1.6582844257354736,1.6582844257354736,1.62163728989688,1.6582844257354736,5900.0
2023-12-05,1.6307990283787377,1.6491225957870483,1.6307990283787377,1.6491225957870483,12200.0
2023-12-06,1.6307990738565286,1.6582844257354736,1.62163728989688,1.6582844257354736,8000.0
2023-12-07,1.621637244674582,1.6582843794912037,1.621637244674582,1.6491225957870483,7400.0
2023-12-08,1.6399608578161768,1.667446318912202,1.6399608578161768,1.6582844257354736,8700.0
2023-12-11,1.6582843794912037,1.667446272412436,1.6399608120828928,1.6491225957870483,9900.0
2023-12-12,1.6399609575570888,1.6766082048416138,1.6307991730402291,1.6766082048416138,10000.0
2023-12-13,1.6307991286071613,1.6674463748931885,1.6307991286071613,1.6674463748931885,1100.0
2023-12-14,1.6674464203247543,1.6766082048416138,1.6491227420739485,1.6766082048416138,2200.0
2023-12-15,1.6766080070778993,1.731578707695007,1.6491225475522715,1.731578707695007,14900.0
2023-12-18,1.7315789586088894,1.7315789586088894,1.639961001754099,1.685770034790039,73800.0
2023-12-19,1.639961001754099,1.685770034790039,1.639961001754099,1.685770034790039,8400.0
2023-12-20,1.6857699434276603,1.704093511962132,1.658284481408869,1.6674463748931885,17100.0
2023-12-21,1.6857698883326964,1.7224170242039247,1.6766081043648895,1.7040934562683103,12700.0
2023-12-22,1.7040934562683103,1.7315788081717316,1.7040934562683103,1.7040934562683103,42100.0
2023-12-26,1.7040933573864532,1.731578707695007,1.7040933573864532,1.731578707695007,48300.0
2023-12-27,1.7224171161651611,1.7407406850790854,1.713255331708199,1.7224171161651611,7400.0
2023-12-28,1.7224171161651611,1.7224171161651611,1.713255331708199,1.7224171161651611,28700.0
2023-12-29,1.7315788898880362,1.7682260274887085,1.7224171054878683,1.7682260274887085,34500.0
2024-01-02,1.7682259821941129,1.80487322807312,1.7682259821941129,1.80487322807312,24700.0
2024-01-03,1.777387732413748,1.8231966495513916,1.777387732413748,1.8231966495513916,21500.0
2024-01-04,1.8231968709542996,1.8415204400345095,1.7957115173339844,1.7957115173339844,11300.0
2024-01-05,1.7957113964250544,1.8048731803482776,1.749902367591858,1.749902367591858,12700.0
2024-01-08,1.749902367591858,1.749902367591858,1.6949316640525176,1.749902367591858,50600.0
2024-01-09,1.749902413377345,1.777387875083241,1.749902413377345,1.7590641975402832,12800.0
2024-01-10,1.7590641800760956,1.7773878574371338,1.7590641800760956,1.7773878574371338,12500.0
2024-01-11,1.7773878755766763,1.80487322807312,1.7682259821941129,1.80487322807312,11200.0
2024-01-12,1.7865496945915265,1.8598439693450928,1.7865496945915265,1.8598439693450928,20100.0
2024-01-15,1.859843783261507,1.859843783261507,1.8231966495513916,1.8231966495513916,41400.0
2024-01-16,1.8231966495513916,1.8323584329789204,1.8231966495513916,1.8231966495513916,25900.0
2024-01-17,1.8231968424182536,1.8231968424182536,1.8140350580215456,1.8140350580215456,8900.0
2024-01-18,1.8140350122386015,1.8231967964040827,1.80487322807312,1.80487322807312,4600.0
2024-01-19,1.795711443907639,1.80487322807312,1.7865496597421575,1.80487322807312,4100.0
2024-01-22,1.80487322807312,1.80487322807312,1.7865496597421575,1.80487322807312,11400.0
2024-01-23,1.8048730826963344,1.8231966495513916,1.8048730826963344,1.8231966495513916,3100.0
2024-01-24,1.8231966495513916,1.850681999833978,1.7957112992688056,1.8231966495513916,27800.0
2024-01-25,1.8415203094482424,1.8415203094482424,1.8415203094482424,1.8415203094482424,3200.0
2024-01-26,1.8415203829652853,1.850682167221464,1.8231968144529276,1.8323585987091064,30600.0
2024-01-29,1.8323585255578192,1.8415203094482424,1.814034957776974,1.8415203094482424,25500.0
2024-01-30,1.7957113009653736,1.7957113009653736,1.7224169242588223,1.731578707695007,88700.0
2024-01-31,1.7315788948605637,1.7315788948605637,1.6033138036727903,1.6033138036727903,158300.0
2024-02-01,1.5849900907756491,1.621637225151062,1.5849900907756491,1.621637225151062,44500.0
2024-02-02,1.6491226417758251,1.667446318912202,1.62163728989688,1.6582844257354736,38000.0
2024-02-05,1.6676005367782716,1.6676005367782716,1.5744385824783311,1.5837547779083252,124300.0
2024-02-06,1.5837548872121785,1.5930710832851356,1.5651223840084465,1.5744386911392212,50900.0
2024-02-07,1.5837548587475148,1.5837548587475148,1.5558061599731443,1.5558061599731443,26200.0
2024-02-08,1.5558062697670063,1.5558062697670063,1.5371738766410747,1.5464900732040403,85500.0
2024-02-09,1.5371737273762331,1.5371737273762331,1.5092251404012391,1.5185413360595703,57200.0
2024-02-13,1.5185413463167057,1.527857542037964,1.5185413463167057,1.527857542037964,18400.0
2024-02-14,1.527857542037964,1.527857542037964,1.5185413463167057,1.527857542037964,18900.0
2024-02-15,1.5278575317179015,1.5278575317179015,1.5185413360595703,1.5185413360595703,29700.0
2024-02-16,1.518541483515143,1.5464900732040403,1.518541483515143,1.5464900732040403,64000.0
2024-02-19,1.555806129201739,1.565122324922998,1.5185413463167057,1.527857542037964,73400.0
2024-02-20,1.537173867225647,1.5558062602374525,1.5185414742138414,1.537173867225647,56300.0
2024-02-21,1.5464900637315495,1.5744387643070803,1.5278576707197442,1.537173867225647,48400.0
2024-02-22,1.5464900637315495,1.5464900637315495,1.537173867225647,1.537173867225647,17500.0
2024-02-23,1.537173768162108,1.5651223558786629,1.52785757225659,1.5558061599731443,25200.0
2024-02-26,1.555806129201739,1.565122324922998,1.527857542037964,1.527857542037964,14100.0
2024-02-27,1.5371737377592225,1.5371737377592225,1.527857542037964,1.527857542037964,30000.0
2024-02-28,1.527857542037964,1.527857542037964,1.527857542037964,1.527857542037964,3700.0
2024-02-29,1.565122365951538,1.565122365951538,1.565122365951538,1.565122365951538,4700.0
2024-03-01,1.5558062697670063,1.5558062697670063,1.5371738766410747,1.5464900732040403,21300.0
2024-03-04,1.5371738766410747,1.5464900732040403,1.5371738766410747,1.5464900732040403,6700.0
2024-03-05,1.5464900732040403,1.5558062697670063,1.5464900732040403,1.5464900732040403,4400.0
2024-03-06,1.537173867225647,1.537173867225647,1.5278576707197442,1.537173867225647,22100.0
2024-03-07,1.5278576419514391,1.5278576419514391,1.49990905295998,1.5092252492904663,107900.0
2024-03-08,1.5092251090540505,1.5092251090540505,1.4905927181243896,1.4905927181243896,49300.0
2024-03-11,1.4905927181243896,1.5278574999837111,1.4812765226595592,1.4905927181243896,50600.0
2024-03-12,1.4905927785011606,1.4905927785011606,1.444011688232422,1.444011688232422,104300.0
2024-03-13,1.4440117884625852,1.4533279849514156,1.4253793954849243,1.4253793954849243,63800.0
2024-03-14,1.4346955919737547,1.4346955919737547,1.3881146095296026,1.4253793954849243,89000.0
2024-03-15,1.4160631701478223,1.4160631701478223,1.3974307775497437,1.3974307775497437,25100.0
2024-03-18,1.397430737771577,1.397430737771577,1.3508497576023175,1.3601659536361694,81200.0
2024-03-19,1.3601659436230449,1.3601659436230449,1.341533551692507,1.350849747657776,28200.0
2024-03-20,1.3415335416793823,1.3415335416793823,1.3229010388301004,1.3415335416793823,63900.0
2024-03-21,1.341533523317735,1.3974306979270672,1.3135848249552553,1.3322172164916992,96600.0
2024-03-22,1.341533523317735,1.341533523317735,1.3229010207234773,1.3322172164916992,5900.0
2024-03-25,1.3322172164916992,1.3322172164916992,1.3322172164916992,1.3322172164916992,8400.0
2024-03-26,1.341533523317735,1.341533523317735,1.3322172164916992,1.3322172164916992,38500.0
2024-03-27,1.3229011202130538,1.3415336242085805,1.3135849237442017,1.3135849237442017,34900.0
2024-03-28,1.313584884595434,1.3229010807866357,1.2763200998306274,1.2763200998306274,153700.0
2024-04-01,1.2763201470434915,1.3229011297225952,1.2763201470434915,1.3229011297225952,29600.0
2024-04-02,1.3135849237442017,1.3135849237442017,1.3042687272753497,1.3135849237442017,34300.0
2024-04-03,1.3135848249552553,1.3508497190859572,1.3135848249552553,1.3322172164916992,13400.0
2024-04-04,1.332217254476797,1.4067469338054286,1.332217254476797,1.3601659536361694,106300.0
2024-04-05,1.3601660200631114,1.4253793954849243,1.3601660200631114,1.4253793954849243,48200.0
2024-04-08,1.397430737771577,1.4067469338054286,1.3508497576023175,1.3601659536361694,123400.0
2024-04-09,1.3787982356958284,1.3787982356958284,1.3694820404052734,1.3694820404052734,20200.0
2024-04-11,1.3601659436230449,1.3601659436230449,1.350849747657776,1.350849747657776,21800.0
2024-04-12,1.3787983655929563,1.3787983655929563,1.360165973256482,1.3787983655929563,4200.0
2024-04-15,1.3415334545336086,1.3787982356958284,1.3415334545336086,1.3694820404052734,16100.0
2024-04-16,1.369482110622401,1.369482110622401,1.3322172164916992,1.3322172164916992,12200.0
2024-04-17,1.3322172164916992,1.3322172164916992,1.3322172164916992,1.3322172164916992,0.0
2024-04-18,1.350849747657776,1.3601659436230449,1.341533551692507,1.350849747657776,16000.0
2024-04-19,1.3508497375751156,1.3508497375751156,1.3415335416793823,1.3415335416793823,10600.0
2024-04-22,1.3415336338520596,1.3415336338520596,1.3229011297225952,1.3229011297225952,5700.0
2024-04-23,1.3042686291870331,1.3322172164916992,1.3042686291870331,1.3322172164916992,17000.0
2024-04-24,1.3415336242085805,1.3508498206774326,1.3135849237442017,1.3135849237442017,7300.0
2024-04-25,1.3135849237442017,1.3135849237442017,1.3135849237442017,1.3135849237442017,0.0
2024-04-26,1.3415334545336086,1.3694820404052734,1.3415334545336086,1.3694820404052734,900.0
2024-04-29,1.360165871956766,1.360165871956766,1.294952392578125,1.294952392578125,30300.0
2024-04-30,1.3042687272753497,1.332217316681906,1.3042687272753497,1.3135849237442017,66800.0
2024-05-02,1.3229010207234773,1.341533523317735,1.3135848249552553,1.3322172164916992,68200.0
2024-05-03,1.3508497866350409,1.38811457157135,1.3415335904009635,1.38811457157135,37800.0
2024-05-06,1.3881145021588452,1.3974306979270672,1.3322172164916992,1.3322172164916992,15700.0
2024-05-07,1.332217244669422,1.3787983355535824,1.332217244669422,1.350849747657776,12200.0
2024-05-08,1.3601658451147185,1.3694820404052734,1.3601658451147185,1.3694820404052734,12900.0
2024-05-09,1.3508497576023175,1.3694821496700211,1.3415335615684658,1.3601659536361694,14200.0
2024-05-10,1.3601659436230449,1.3601659436230449,1.3229010487041533,1.350849747657776,7000.0
2024-05-13,1.3508496498241636,1.388114430986383,1.3508496498241636,1.3694820404052734,32900.0
2024-05-14,1.3601659436230449,1.3601659436230449,1.350849747657776,1.350849747657776,13800.0
2024-05-15,1.3601659436230449,1.3601659436230449,1.350849747657776,1.350849747657776,32100.0
2024-05-16,1.3694821886526256,1.3974307775497437,1.3694821886526256,1.3974307775497437,16300.0
2024-05-17,1.3881146002273332,1.42537938593293,1.3881146002273332,1.4160631895065308,26000.0
2024-05-20,1.425379286477663,1.4346954822540283,1.4160630907012977,1.4346954822540283,68100.0
2024-05-21,1.4346955919737547,1.4533279849514156,1.4253793954849243,1.4253793954849243,18600.0
2024-05-23,1.4346954822540283,1.4719603764173037,1.4346954822540283,1.4346954822540283,41500.0
2024-05-24,1.481276621463128,1.481276621463128,1.471960425376892,1.471960425376892,23200.0
2024-05-27,1.4905927888972728,1.4905927888972728,1.4533278942108154,1.4533278942108154,12300.0
2024-05-28,1.4533278942108154,1.4533278942108154,1.4533278942108154,1.4533278942108154,0.0
2024-05-29,1.4812765826589758,1.4905927785011606,1.444011688232422,1.444011688232422,15000.0
2024-05-30,1.4719604062967806,1.565122365951538,1.4719604062967806,1.565122365951538,26500.0
2024-05-31,1.5558062309428984,1.5558062309428984,1.49990905295998,1.5092252492904663,5900.0
2024-06-03,1.5092252492904663,1.5185414456209527,1.5092252492904663,1.5092252492904663,5100.0
2024-06-04,1.5092252395826344,1.5092252395826344,1.4999090433120728,1.4999090433120728,7000.0
2024-06-05,1.49990891358922,1.49990891358922,1.4905927181243896,1.4905927181243896,13900.0
2024-06-06,1.49990891358922,1.49990891358922,1.4905927181243896,1.4905927181243896,3200.0
2024-06-07,1.4905927181243896,1.4905927181243896,1.4905927181243896,1.4905927181243896,7800.0
2024-06-10,1.4812765929901122,1.4812765929901122,1.4533278942108154,1.4533278942108154,14900.0
2024-06-11,1.4626442193984983,1.4905928074681842,1.4533279123174532,1.4626442193984983,9400.0
2024-06-12,1.4626442193984983,1.4626442193984983,1.4626442193984983,1.4626442193984983,0.0
2024-06-13,1.4626442292906563,1.471960425376892,1.4440117260603669,1.471960425376892,24000.0
2024-06-14,1.471960386816791,1.4812765826589758,1.444011688232422,1.444011688232422,7200.0
2024-06-18,1.4533279318521155,1.4812766313552856,1.4533279318521155,1.4812766313552856,7300.0
2024-06-19,1.481276621463128,1.4905928175493637,1.453327922146603,1.471960425376892,12200.0
2024-06-20,1.4719603970829518,1.4719603970829518,1.4533278942108154,1.4533278942108154,19600.0
2024-06-21,1.471960435206835,1.4812766313552856,1.471960435206835,1.4812766313552856,1800.0
2024-06-24,1.4626442390583845,1.4812766313552856,1.4533279318521155,1.4812766313552856,18800.0
2024-06-25,1.453327922146603,1.471960425376892,1.4440117260603669,1.471960425376892,24300.0
2024-06-26,1.4626442390583845,1.4812766313552856,1.4626442390583845,1.4812766313552856,7500.0
2024-06-27,1.4812766313552856,1.4812766313552856,1.4812766313552856,1.4812766313552856,0.0
2024-06-28,1.4626442193984983,1.4626442193984983,1.4626442193984983,1.4626442193984983,10000.0
2024-07-01,1.4626442292906563,1.471960425376892,1.4626442292906563,1.471960425376892,18600.0
2024-07-02,1.4812765929901122,1.4812765929901122,1.444011698303655,1.4533278942108154,12200.0
2024-07-03,1.4533278942108154,1.4719603970829518,1.4533278942108154,1.4533278942108154,7100.0
2024-07-04,1.471960425376892,1.471960425376892,1.4626442292906563,1.471960425376892,21100.0
2024-07-05,1.444011688232422,1.444011688232422,1.444011688232422,1.444011688232422,100.0
2024-07-08,1.444011698303655,1.4533278942108154,1.444011698303655,1.4533278942108154,900.0
2024-07-09,1.4533278942108154,1.4533278942108154,1.4533278942108154,1.4533278942108154,0.0
2024-07-10,1.4626441909746062,1.4626441909746062,1.444011688232422,1.444011688232422,25200.0
2024-07-11,1.444011688232422,1.453327884074607,1.444011688232422,1.444011688232422,13100.0
2024-07-12,1.471960435206835,1.4812766313552856,1.4626442390583845,1.4812766313552856,22000.0
2024-07-15,1.4905927181243896,1.4905927181243896,1.471960327194729,1.4905927181243896,42700.0
2024-07-16,1.5092252492904663,1.5092252492904663,1.5092252492904663,1.5092252492904663,32200.0
2024-07-17,1.49990891358922,1.5092251090540505,1.4905927181243896,1.4905927181243896,13200.0
2024-07-18,1.4905928566294937,1.5092252492904663,1.481276660299007,1.5092252492904663,3800.0
2024-07-19,1.49990891358922,1.49990891358922,1.4905927181243896,1.4905927181243896,3300.0
2024-07-22,1.4905928566294937,1.5092252492904663,1.453327960249727,1.5092252492904663,46300.0
2024-07-23,1.5092251090540505,1.5092251090540505,1.4626441317298986,1.4905927181243896,8600.0
2024-07-24,1.4905928175493637,1.4999090136355997,1.471960425376892,1.471960425376892,17300.0
2024-07-25,1.4626441317298986,1.4905927181243896,1.4626441317298986,1.4905927181243896,13700.0
2024-07-26,1.4905927181243896,1.4905927181243896,1.4905927181243896,1.4905927181243896,200.0
2024-07-29,1.4719604154217272,1.4812766114449556,1.4533279123174532,1.4626442193984983,25200.0
2024-07-30,1.4626442292906563,1.481276621463128,1.4626442292906563,1.471960425376892,10900.0
2024-07-31,1.471960425376892,1.471960425376892,1.4626442292906563,1.471960425376892,34100.0
2024-08-01,1.4719603970829518,1.4812765929901122,1.425379306489334,1.4533278942108154,121700.0
2024-08-02,1.4533279752121273,1.4533279752121273,1.4067469930801315,1.4160631895065308,8000.0
2024-08-05,1.4160631088452489,1.4160631088452489,1.3322172347258336,1.3415335416793823,64400.0
2024-08-06,1.3508497770882444,1.388114561761194,1.3508497770882444,1.3787983655929563,42300.0
2024-08-07,1.3601659436230449,1.3601659436230449,1.350849747657776,1.350849747657776,1200.0
2024-08-08,1.3601658451147185,1.3694820404052734,1.3322171481852456,1.3694820404052734,12200.0
2024-08-12,1.3601659536361694,1.3694821496700211,1.3601659536361694,1.3601659536361694,8800.0
2024-08-13,1.350849747657776,1.3601659436230449,1.350849747657776,1.350849747657776,11500.0
2024-08-14,1.3508497375751156,1.3508497375751156,1.3229010388301004,1.3415335416793823,23500.0
2024-08-15,1.3415335416793823,1.360165933470849,1.3415335416793823,1.3415335416793823,8400.0
2024-08-16,1.3601660017124324,1.43469557261756,1.3415336089861505,1.4067469835281372,6500.0
2024-08-19,1.3694821496700211,1.3881145417377247,1.3508497576023175,1.3601659536361694,7200.0
2024-08-20,1.3601658451147185,1.3694820404052734,1.3415334545336086,1.3694820404052734,9300.0
2024-08-21,1.3694820404052734,1.3694820404052734,1.3694820404052734,1.3694820404052734,0.0
2024-08-22,1.3508497866350409,1.38811457157135,1.3508497866350409,1.38811457157135,29700.0
2024-08-23,1.3881145417377247,1.3881145417377247,1.3601659536361694,1.3601659536361694,17700.0
2024-08-26,1.3601658451147185,1.388114430986383,1.3601658451147185,1.3694820404052734,38800.0
2024-08-27,1.3787982356958284,1.3787982356958284,1.3508496498241636,1.3694820404052734,10300.0
2024-08-28,1.3694821395883137,1.3694821395883137,1.350849747657776,1.350849747657776,10000.0
2024-08-29,1.3508496498241636,1.3694820404052734,1.3508496498241636,1.3694820404052734,19100.0
2024-08-30,1.3787983075958363,1.4346954822540283,1.3787983075958363,1.4346954822540283,47900.0
2024-09-02,1.434695562745901,1.434695562745901,1.3974307775497437,1.3974307775497437,10700.0
2024-09-03,1.3974307579294314,1.3974307579294314,1.3787983655929563,1.3787983655929563,25200.0
2024-09-04,1.38811457157135,1.3974307678054274,1.38811457157135,1.38811457157135,12900.0
2024-09-05,1.388114561761194,1.388114561761194,1.3787983655929563,1.3787983655929563,2800.0
2024-09-06,1.3974307775497437,1.3974307775497437,1.3881145812507043,1.3974307775497437,33500.0
2024-09-09,1.4067469930801315,1.4160631895065308,1.4067469930801315,1.4160631895065308,17200.0
2024-09-10,1.4067470025072637,1.4253793954849243,1.3787984130407722,1.4253793954849243,42400.0
2024-09-11,1.4067469930801315,1.4160631895065308,1.4067469930801315,1.4160631895065308,18000.0
2024-09-12,1.4160631701478223,1.4160631701478223,1.3974307775497437,1.3974307775497437,20400.0
2024-09-13,1.397430699148567,1.4346954822540283,1.397430699148567,1.4346954822540283,6400.0
2024-09-16,1.4346955023964945,1.4533278942108154,1.4346955023964945,1.4533278942108154,18600.0
2024-09-17,1.4440116780303938,1.453327873806759,1.4346954822540283,1.4346954822540283,13500.0
2024-09-18,1.4533279123174532,1.4905928074681842,1.4533279123174532,1.4626442193984983,47800.0
2024-09-19,1.4626442582298265,1.5092252395826344,1.4626442582298265,1.4999090433120728,61400.0
2024-09-20,1.4999090433120728,1.518541435853196,1.4999090433120728,1.4999090433120728,17700.0
2024-09-23,1.5092251995146413,1.5092251995146413,1.4626442193984983,1.4626442193984983,13500.0
2024-09-24,1.471960454500388,1.4999090433120728,1.471960454500388,1.4999090433120728,3000.0
2024-09-25,1.5092251090540505,1.5185413045188807,1.4905927181243896,1.4905927181243896,6500.0
2024-09-26,1.4999090433120728,1.5092252395826344,1.4812766507709496,1.4999090433120728,8700.0
2024-09-27,1.4999090433120728,1.4999090433120728,1.4905928470415113,1.4999090433120728,12000.0
2024-09-30,1.4999090433120728,1.4999090433120728,1.4999090433120728,1.4999090433120728,1000.0
2024-10-01,1.499909081202036,1.537173867225647,1.499909081202036,1.537173867225647,18300.0
2024-10-02,1.537173867225647,1.537173867225647,1.537173867225647,1.537173867225647,10500.0
2024-10-03,1.5464900637315495,1.5651224567433553,1.537173867225647,1.537173867225647,10800.0
2024-10-04,1.5278574942705512,1.5837547779083252,1.5278574942705512,1.5837547779083252,15200.0
2024-10-07,1.5837549705137273,1.5837549705137273,1.5464900732040403,1.5464900732040403,26000.0
2024-10-08,1.5464900732040403,1.5464900732040403,1.5464900732040403,1.5464900732040403,0.0
2024-10-09,1.5464900732040403,1.5464900732040403,1.5464900732040403,1.5464900732040403,15100.0
2024-10-10,1.537173867225647,1.537173867225647,1.537173867225647,1.537173867225647,300.0
2024-10-11,1.5464900205422245,1.611703505320128,1.5464900205422245,1.602387309074402,34100.0
2024-10-14,1.6023873563630686,1.6489683389663696,1.5930711598424083,1.6489683389663696,22700.0
2024-10-15,1.6489683101039767,1.6582845064615728,1.621019721031189,1.621019721031189,17500.0
2024-10-16,1.6303359270095823,1.6303359270095823,1.6303359270095823,1.6303359270095823,9200.0
2024-10-17,1.6210195703617605,1.630335765853441,1.5558060908621862,1.5930709838867188,23200.0
2024-10-18,1.630335765853441,1.648968156836802,1.5930709838867188,1.5930709838867188,35700.0
2024-10-21,1.5930710832851356,1.5930710832851356,1.5651223840084465,1.5744386911392212,27400.0
2024-10-22,1.5744387739507617,1.5837549705137273,1.5464900732040403,1.5464900732040403,28600.0
2024-10-23,1.5558062602374525,1.5558062602374525,1.537173867225647,1.537173867225647,18200.0
2024-10-24,1.537173867225647,1.537173867225647,1.537173867225647,1.537173867225647,0.0
2024-10-25,1.537173867225647,1.537173867225647,1.5278576707197442,1.537173867225647,24000.0
2024-10-28,1.5371738382819256,1.5371738382819256,1.5092252492904663,1.5092252492904663,30300.0
2024-10-29,1.5278576707197442,1.537173867225647,1.5278576707197442,1.537173867225647,8000.0
2024-10-30,1.5371736897005452,1.5837547779083252,1.5371736897005452,1.5837547779083252,53400.0
2024-11-01,1.6117034754310502,1.6303358675769648,1.5744386911392212,1.5744386911392212,118000.0
2024-11-04,1.5744386628419964,1.6117034464640694,1.5558061599731443,1.5558061599731443,11600.0
2024-11-05,1.5464900732040403,1.5464900732040403,1.5464900732040403,1.5464900732040403,600.0
2024-11-06,1.5837549356008052,1.621019721031189,1.574438739243209,1.621019721031189,4200.0
2024-11-07,1.6115399355399818,1.6115399355399818,1.5451823609210074,1.5736212730407717,15700.0
2024-11-08,1.5831010185910406,1.5831010185910406,1.545182466506958,1.545182466506958,19200.0
2024-11-11,1.5167435447055666,1.535702820650879,1.459865603863431,1.5262231826782229,33100.0
2024-11-12,1.5262231865956026,1.5357028245925903,1.4977842726046395,1.5357028245925903,52600.0
2024-11-13,1.5167435327307468,1.5167435327307468,1.488304619037306,1.4977842569351196,15000.0
2024-11-14,1.4977842609264125,1.5072638988494873,1.4977842609264125,1.5072638988494873,5300.0
2024-11-15,1.4883046230033374,1.5072638988494873,1.4883046230033374,1.5072638988494873,6400.0
2024-11-18,1.4977842569351196,1.5167435327307468,1.4977842569351196,1.4977842569351196,22900.0
2024-11-19,1.478824887353614,1.545182466506958,1.478824887353614,1.545182466506958,9600.0
2024-11-20,1.5357028245925903,1.5357028245925903,1.5357028245925903,1.5357028245925903,4900.0
2024-11-21,1.5262230587575285,1.5262230587575285,1.5072637843516024,1.5167434215545654,7200.0
2024-11-22,1.5167434215545654,1.5167434215545654,1.5167434215545654,1.5167434215545654,12000.0
2024-11-25,1.5167435447055666,1.5262231826782229,1.5167435447055666,1.5262231826782229,6600.0
2024-11-26,1.5357028245925903,1.545182462589578,1.5357028245925903,1.5357028245925903,16000.0
2024-11-27,1.5357028284859373,1.545182466506958,1.5262231904649166,1.545182466506958,14300.0
2024-11-28,1.5546621122674806,1.5641417503356934,1.5546621122674806,1.5641417503356934,4500.0
2024-11-29,1.5357027235477525,1.5736212730407717,1.5357027235477525,1.5736212730407717,15300.0
2024-12-02,1.5831010225556073,1.5831010225556073,1.5546621084213257,1.5546621084213257,8000.0
2024-12-03,1.5641417425489992,1.5641417425489992,1.545182466506958,1.545182466506958,5100.0
2024-12-04,1.554662002753798,1.592580552355586,1.554662002753798,1.5831009149551392,12000.0
2024-12-05,1.5925806760787964,1.5925806760787964,1.5736213998050084,1.5925806760787964,36800.0
2024-12-06,1.5925806760787964,1.6020604272218908,1.5925806760787964,1.5925806760787964,32200.0
2024-12-09,1.6020603223909389,1.639978872457311,1.6020603223909389,1.6115399599075315,18100.0
2024-12-10,1.6115399599075315,1.630499234940718,1.5925805718681525,1.6115399599075315,24500.0
2024-12-11,1.6020603027622249,1.6020603027622249,1.5831009149551392,1.5831009149551392,8400.0
2024-12-12,1.5736213845108469,1.5736213845108469,1.5546621084213257,1.5546621084213257,6700.0
2024-12-13,1.5641417503356934,1.5641417503356934,1.5641417503356934,1.5641417503356934,1000.0
2024-12-16,1.5641417464660865,1.5736213845108469,1.5546621084213257,1.5546621084213257,18300.0
2024-12-17,1.545182458623535,1.5641417345688473,1.5167435447055666,1.5262231826782229,6900.0
2024-12-18,1.5641417345688473,1.5641417345688473,1.5262231826782229,1.5262231826782229,4400.0
2024-12-19,1.5262231826782229,1.5262231826782229,1.5262231826782229,1.5262231826782229,0.0
2024-12-20,1.545182466506958,1.545182466506958,1.5357028284859373,1.545182466506958,15300.0
2024-12-23,1.545182474199268,1.5641417503356934,1.545182474199268,1.5641417503356934,3000.0
2024-12-24,1.5641417503356934,1.5641417503356934,1.5641417503356934,1.5641417503356934,0.0
2024-12-26,1.5641416356675166,1.5736212730407717,1.5641416356675166,1.5736212730407717,14000.0
2024-12-27,1.5736212730407717,1.5736212730407717,1.5736212730407717,1.5736212730407717,2800.0
2024-12-30,1.5736212925152588,1.602060317993164,1.5736212925152588,1.602060317993164,8400.0
2024-12-31,1.602060317993164,1.602060317993164,1.602060317993164,1.602060317993164,500.0
2025-01-02,1.602060317993164,1.602060317993164,1.602060317993164,1.602060317993164,0.0
2025-01-03,1.592580552355586,1.592580552355586,1.5831009149551392,1.5831009149551392,15300.0
2025-01-06,1.5925806760787964,1.5925806760787964,1.5925806760787964,1.5925806760787964,9200.0
2025-01-07,1.5925806760787964,1.5925806760787964,1.5831010379419024,1.5925806760787964,5100.0
2025-01-08,1.5831010379419024,1.5925806760787964,1.5641417616681144,1.5925806760787964,2800.0
2025-01-09,1.5925806645403315,1.5925806645403315,1.5641417503356934,1.5641417503356934,3100.0
2025-01-10,1.5641416356675166,1.5736212730407717,1.5641416356675166,1.5736212730407717,14900.0
2025-01-13,1.545182470376565,1.5831010225556073,1.545182470376565,1.5546621084213257,7100.0
2025-01-14,1.5546621122674806,1.5641417503356934,1.545182474199268,1.5641417503356934,24100.0
2025-01-15,1.5641417464660865,1.5641417464660865,1.5546621084213257,1.5546621084213257,6000.0
2025-01-16,1.5641417464660865,1.5641417464660865,1.5546621084213257,1.5546621084213257,10400.0
2025-01-17,1.5546621045279787,1.5546621045279787,1.545182466506958,1.545182466506958,5500.0
2025-01-20,1.554662002753798,1.5831009149551392,1.554662002753798,1.5831009149551392,38200.0
2025-01-21,1.583100910414026,1.583100910414026,1.5641416356675166,1.5736212730407717,15800.0
2025-01-22,1.5736212730407717,1.583100910414026,1.5736212730407717,1.5736212730407717,4100.0
2025-01-23,1.5641416356675166,1.5736212730407717,1.5641416356675166,1.5736212730407717,13100.0
2025-01-24,1.583100910414026,1.583100910414026,1.5736212730407717,1.5736212730407717,24100.0
2025-01-27,1.6494585484482909,1.6968567371368408,1.6304992729728705,1.6968567371368408,248100.0
2025-01-28,1.6873770780357675,1.6873770780357675,1.6494585275650024,1.6494585275650024,5600.0
2025-01-31,1.6494585360607037,1.687377086726772,1.6494585360607037,1.6684178113937378,79000.0
2025-02-03,1.6778974447638575,1.6778974447638575,1.6494585318371264,1.65893816947937,27900.0
2025-02-04,1.65893816947937,1.65893816947937,1.6115399812681517,1.65893816947937,51100.0
2025-02-05,1.6494586431418496,1.6494586431418496,1.6210197282960734,1.6399790048599243,21600.0
2025-02-06,1.6689196177969086,1.697860392498488,1.6689196177969086,1.6882134675979614,9700.0
2025-02-07,1.6882136536392736,1.6882136536392736,1.668919801712036,1.668919801712036,2000.0
2025-02-10,1.668919801712036,1.668919801712036,1.5820973530390392,1.668919801712036,15400.0
2025-02-11,1.668919801712036,1.668919801712036,1.668919801712036,1.668919801712036,0.0
2025-02-12,1.649625843790567,1.649625843790567,1.6303319931030271,1.6303319931030271,1500.0
2025-02-13,1.6303319931030271,1.6303319931030271,1.6303319931030271,1.6303319931030271,5100.0
2025-02-14,1.6592728230648508,1.6592728230648508,1.6399789717502125,1.6496258974075315,23700.0
2025-02-17,1.6496258108014863,1.6496258108014863,1.6399788856506348,1.6399788856506348,12100.0
2025-02-18,1.6399788856506348,1.6399788856506348,1.6303319604997832,1.6399788856506348,5100.0
2025-02-19,1.6303319931030271,1.6399789184467974,1.601391102071296,1.6303319931030271,71700.0
2025-02-20,1.601391102071296,1.6303319931030271,1.601391102071296,1.6303319931030271,15800.0
2025-02-21,1.6303319345846663,1.6303319345846663,1.5917441195942177,1.6110379695892334,46700.0
2025-02-24,1.6110380352756977,1.6206849606665372,1.5820972591031788,1.5917441844940186,38400.0
2025-02-25,1.601391077041626,1.611038002234615,1.601391077041626,1.601391077041626,26400.0
2025-02-26,1.601391077041626,1.601391077041626,1.582097226655648,1.601391077041626,28900.0
2025-02-27,1.601391077041626,1.601391077041626,1.601391077041626,1.601391077041626,24400.0
2025-02-28,1.5724503663553082,1.5820972919464111,1.5724503663553082,1.5820972919464111,35100.0
2025-03-03,1.5820973251926274,1.5820973251926274,1.56280347360498,1.5724503993988037,21100.0
2025-03-04,1.5724502913126717,1.5724502913126717,1.533862590789795,1.533862590789795,54400.0
2025-03-05,1.533862644161519,1.553156495094299,1.533862644161519,1.553156495094299,24500.0
2025-03-06,1.5242156334832524,1.553156408264477,1.5145687085561776,1.5435094833374023,50400.0
2025-03-07,1.553156408264477,1.553156408264477,1.5145687085561776,1.5435094833374023,20100.0
2025-03-10,1.543509515920514,1.543509515920514,1.533862590789795,1.533862590789795,26000.0
2025-03-11,1.533862590789795,1.533862590789795,1.533862590789795,1.533862590789795,22000.0
2025-03-12,1.533862590789795,1.533862590789795,1.5242156656590755,1.533862590789795,25500.0
2025-03-13,1.543509515920514,1.543509515920514,1.533862590789795,1.533862590789795,47100.0
2025-03-14,1.533862590789795,1.543509515920514,1.533862590789795,1.533862590789795,49800.0
2025-03-17,1.543509515920514,1.543509515920514,1.533862590789795,1.533862590789795,73300.0
2025-03-18,1.5435094833374023,1.5435094833374023,1.5338625584103274,1.5435094833374023,10800.0
2025-03-19,1.5338625584103274,1.5435094833374023,1.5338625584103274,1.5435094833374023,5500.0
2025-03-20,1.5435095696279093,1.553156495094299,1.533862644161519,1.553156495094299,31200.0
2025-03-21,1.5531564410512333,1.5628033661819525,1.533862590789795,1.533862590789795,25700.0
2025-03-24,1.533862611852343,1.5628033876419067,1.533862611852343,1.5628033876419067,28300.0
2025-03-25,1.5628033876419067,1.5628033876419067,1.533862611852343,1.5628033876419067,25200.0
2025-03-26,1.5628033876419067,1.5724503129050946,1.5628033876419067,1.5628033876419067,20900.0
2025-03-27,1.5628033331915523,1.5628033331915523,1.5435094833374023,1.5435094833374023,5800.0
2025-03-28,1.5531564623787188,1.5628033876419067,1.543509537115531,1.5628033876419067,29100.0
2025-04-01,1.5628033331915523,1.5724502581186273,1.5435094833374023,1.5435094833374023,25100.0
2025-04-02,1.543509537115531,1.5628033876419067,1.543509537115531,1.5628033876419067,1500.0
2025-04-03,1.543509537115531,1.5628033876419067,1.5049217210623589,1.5628033876419067,43100.0
2025-04-04,1.5628033331915523,1.5628033331915523,1.5338625584103274,1.5435094833374023,16300.0
2025-04-07,1.5145688069239942,1.5145688069239942,1.3795116191724537,1.4084525108337402,54600.0
2025-04-08,1.4084524665302052,1.485627868531584,1.4084524665302052,1.456687092781067,23500.0
2025-04-09,1.4373932324502152,1.4373932324502152,1.3698646411604247,1.3891586065292358,42900.0
2025-04-10,1.4277463819967195,1.4952748618206473,1.4277463819967195,1.437393307685852,22800.0
2025-04-11,1.4373932965247365,1.4373932965247365,1.35057085099628,1.3698647022247314,82300.0
2025-04-14,1.3891586684536077,1.3891586684536077,1.3698647022247314,1.3698647022247314,28400.0
2025-04-15,1.3795115663446205,1.3891586065292358,1.3795115663446205,1.3891586065292358,12500.0
2025-04-16,1.398805457656863,1.44704008102417,1.398805457656863,1.44704008102417,10000.0
2025-04-17,1.418099489225183,1.4277464151382446,1.4084525633121217,1.4277464151382446,25900.0
2025-04-21,1.4856278353987225,1.4856278353987225,1.4277462851885778,1.4663339853286743,32300.0
2025-04-22,1.4663339853286743,1.4663339853286743,1.4663339853286743,1.4663339853286743,5100.0
2025-04-23,1.4663339853286743,1.4663339853286743,1.4663339853286743,1.4663339853286743,7400.0
2025-04-24,1.4663339853286743,1.4663339853286743,1.4663339853286743,1.4663339853286743,15500.0
2025-04-25,1.4759809642459831,1.4856278896331787,1.4663340388587875,1.4856278896331787,47300.0
2025-04-28,1.5145687085561776,1.611037957826927,1.4952747437016114,1.5435094833374023,33300.0
2025-04-29,1.5435094833374023,1.5435094833374023,1.5338625584103274,1.5435094833374023,7500.0
2025-04-30,1.5724503663553082,1.6399789604934536,1.562803440764205,1.5820972919464111,124800.0
2025-05-02,1.5820973251926274,1.5820973251926274,1.5724503993988037,1.5724503993988037,7600.0
2025-05-05,1.5820972919464111,1.5917442175375145,1.562803440764205,1.5820972919464111,27900.0
2025-05-06,1.5724503460270796,1.5917441969598596,1.553156495094299,1.553156495094299,31700.0
2025-05-07,1.553156495094299,1.553156495094299,1.553156495094299,1.553156495094299,10000.0
2025-05-08,1.5435095696279093,1.553156495094299,1.533862644161519,1.553156495094299,20700.0
2025-05-09,1.5628033876419067,1.5628033876419067,1.5628033876419067,1.5628033876419067,22900.0
2025-05-13,1.5917442175375145,1.6013911431286172,1.5820972919464111,1.5820972919464111,15400.0
2025-05-14,1.5820972381682823,1.5820972381682823,1.543509537115531,1.5628033876419067,11000.0
2025-05-15,1.5628033876419067,1.5724503129050946,1.5628033876419067,1.5628033876419067,17000.0
2025-05-16,1.5628033995899524,1.5724503249268935,1.5242156982421875,1.5242156982421875,27900.0
2025-05-19,1.56280347360498,1.5820973251926274,1.56280347360498,1.5724503993988037,5200.0
2025-05-20,1.5724502581186273,1.582097183045702,1.5435094833374023,1.5435094833374023,22700.0
2025-05-21,1.5435094833374023,1.582097183045702,1.5435094833374023,1.5435094833374023,24800.0
2025-05-22,1.5435094833374023,1.553156408264477,1.5435094833374023,1.5435094833374023,22200.0
2025-05-23,1.533862644161519,1.553156495094299,1.485627901829146,1.553156495094299,82000.0
2025-05-26,1.5242156334832524,1.5435094833374023,1.5242156334832524,1.5435094833374023,34400.0
2025-05-27,1.54350954891607,1.54350954891607,1.5242156982421875,1.5242156982421875,23700.0
2025-05-28,1.5531564410512333,1.5531564410512333,1.533862590789795,1.533862590789795,400.0
2025-05-29,1.591744240511142,1.591744240511142,1.504921793937683,1.504921793937683,67300.0
2025-05-30,1.504921732567884,1.5338626235791286,1.504921732567884,1.5242156982421875,19500.0
2025-06-02,1.5338626235791286,1.54350954891607,1.5145687729052464,1.5242156982421875,10900.0
2025-06-03,1.51456880569458,1.543509582331951,1.51456880569458,1.51456880569458,7100.0
2025-06-04,1.54350954891607,1.54350954891607,1.5242156982421875,1.5242156982421875,600.0
2025-06-05,1.543509582331951,1.553156507877741,1.504921765148366,1.51456880569458,79300.0
2025-06-06,1.5145687405283563,1.5628033661819525,1.5145687405283563,1.533862590789795,96100.0
2025-06-09,1.5435094833374023,1.5435094833374023,1.5145687085561776,1.5435094833374023,12800.0
2025-06-10,1.54350954891607,1.54350954891607,1.5145687729052464,1.5242156982421875,18600.0
2025-06-11,1.533862590789795,1.543509515920514,1.5242156656590755,1.533862590789795,46400.0
2025-06-12,1.5338626235791286,1.54350954891607,1.5242156982421875,1.5242156982421875,30000.0
2025-06-13,1.5338626235791286,1.54350954891607,1.5242156982421875,1.5242156982421875,9800.0
2025-06-16,1.5242157312403704,1.5242157312403704,1.51456880569458,1.51456880569458,17400.0
2025-06-17,1.5242156982421875,1.54350954891607,1.5242156982421875,1.5242156982421875,14800.0
2025-06-18,1.5242156982421875,1.5242156982421875,1.5242156982421875,1.5242156982421875,0.0
2025-06-19,1.5338626235791286,1.5338626235791286,1.5242156982421875,1.5242156982421875,32200.0
2025-06-20,1.504921793937683,1.504921793937683,1.504921793937683,1.504921793937683,100.0
2025-06-23,1.504921765148366,1.543509582331951,1.4952748396025757,1.51456880569458,8200.0
2025-06-24,1.533862644161519,1.553156495094299,1.533862644161519,1.553156495094299,10000.0
2025-06-25,1.533862590789795,1.533862590789795,1.533862590789795,1.533862590789795,15500.0
2025-06-26,1.5435094833374023,1.553156408264477,1.5338625584103274,1.5435094833374023,16000.0
2025-06-27,1.5435096220173328,1.5724503993988037,1.5435096220173328,1.5724503993988037,41900.0
2025-06-30,1.5820972381682823,1.5820972381682823,1.543509537115531,1.5628033876419067,4500.0
2025-07-01,1.5724503993988037,1.5724503993988037,1.5724503993988037,1.5724503993988037,7400.0
2025-07-02,1.5628033876419067,1.5820972381682823,1.5628033876419067,1.5628033876419067,4900.0
2025-07-03,1.5628033876419067,1.5628033876419067,1.5628033876419067,1.5628033876419067,0.0
2025-07-04,1.5917441969598596,1.5917441969598596,1.553156495094299,1.553156495094299,19700.0
2025-07-07,1.553156495094299,1.553156495094299,1.553156495094299,1.553156495094299,3500.0
2025-07-08,1.5628033876419067,1.5628033876419067,1.5628033876419067,1.5628033876419067,1300.0
2025-07-09,1.553156495094299,1.5724503460270796,1.553156495094299,1.553156495094299,29500.0
2025-07-10,1.5628033876419067,1.5724503129050946,1.5628033876419067,1.5628033876419067,59600.0
2025-07-11,1.5628033876419067,1.5628033876419067,1.543509537115531,1.5628033876419067,17100.0
2025-07-14,1.5724503129050946,1.5724503129050946,1.543509537115531,1.5628033876419067,35400.0
2025-07-15,1.5724503129050946,1.5820972381682823,1.5628033876419067,1.5628033876419067,92700.0
2025-07-16,1.5724503337123392,1.5917441844940186,1.5724503337123392,1.5917441844940186,133700.0
2025-07-17,1.6013910796090376,1.755742112945162,1.6013910796090376,1.7075073719024658,295600.0
2025-07-18,1.7171543506974671,1.7364482017164733,1.7171543506974671,1.7268012762069702,130100.0
2025-07-21,1.7268012042652106,1.7846828699111938,1.7268012042652106,1.7846828699111938,137700.0
2025-07-22,1.7846829026481368,1.832917529070889,1.7557421267944855,1.7750359773635864,169200.0
2025-07-23,1.7750359230376844,1.7846828480269858,1.755742073059082,1.755742073059082,138500.0
2025-07-24,1.7653891049477404,1.7943298816680908,1.7557421793742902,1.7943298816680908,41500.0
2025-07-25,1.7750359773635864,1.8039767532172375,1.7750359773635864,1.7750359773635864,65700.0
2025-07-28,1.7846828699111938,1.7846828699111938,1.7750359448035995,1.7846828699111938,78100.0
2025-07-29,1.7846829026481368,1.7846829026481368,1.765389052079036,1.7750359773635864,30200.0
2025-07-30,1.7750359773635864,1.7846829026481368,1.765389052079036,1.7750359773635864,45500.0
2025-07-31,1.7846829026481368,1.7943298279326874,1.765389052079036,1.7750359773635864,83800.0
2025-08-01,1.7750360528278806,1.7750360528278806,1.7171543836593628,1.7171543836593628,106000.0
2025-08-04,1.7171544315301297,1.7171544315301297,1.668919801712036,1.668919801712036,110700.0
2025-08-05,1.707507360721051,1.7750359517384546,1.6978604355757674,1.746095061302185,22000.0
2025-08-06,1.7364481361569015,1.746095061302185,1.7364481361569015,1.746095061302185,300.0
2025-08-07,1.736448161224964,1.7750359773635864,1.736448161224964,1.7750359773635864,44300.0
2025-08-08,1.7750359773635864,1.7750359773635864,1.7460950865095146,1.7750359773635864,33200.0
2025-08-11,1.765389052079036,1.7846829026481368,1.765389052079036,1.7750359773635864,41400.0
2025-08-12,1.7846829026481368,1.7846829026481368,1.765389052079036,1.7750359773635864,30300.0
2025-08-13,1.7750360102794196,1.7750360102794196,1.66891971518115,1.765389084815979,48300.0
2025-08-14,1.765389026593171,1.765389026593171,1.746095061302185,1.746095061302185,3100.0
2025-08-15,1.7364482017164733,1.7653890932454055,1.7268012762069702,1.7268012762069702,25100.0
2025-08-18,1.7268013093540449,1.736448235048727,1.7171543836593628,1.7171543836593628,60600.0
2025-08-19,1.7171542858663345,1.746095061302185,1.7171542858663345,1.746095061302185,24100.0
2025-08-20,1.7460950330693636,1.7653889980483832,1.7460950330693636,1.755742073059082,49200.0
2025-08-21,1.7750359773635864,1.7750359773635864,1.765389052079036,1.7750359773635864,85400.0
2025-08-22,1.7750359773635864,1.7846829026481368,1.7557421267944855,1.7750359773635864,67400.0
2025-08-25,1.7846828699111938,1.794329795018788,1.7750359448035995,1.7846828699111938,98000.0
2025-08-26,1.784682956094641,1.803976807241541,1.784682956094641,1.7943298816680908,177900.0
2025-08-27,1.803976807241541,1.803976807241541,1.7943298816680908,1.7943298816680908,47700.0
2025-08-28,1.8039768299119268,1.8039768299119268,1.7075074579646807,1.7171543836593628,297300.0
2025-08-29,1.7364481361569015,1.7557421014478876,1.7171542858663345,1.746095061302185,43900.0
2025-09-01,1.7557421014478876,1.765389026593171,1.746095061302185,1.746095061302185,86400.0
2025-09-02,1.755742073059082,1.755742073059082,1.7364481080800624,1.755742073059082,70300.0
2025-09-03,1.7653890932454055,1.7653890932454055,1.697860499678461,1.7268012762069702,201400.0
2025-09-04,1.7364482017164733,1.7460951272259762,1.7268012762069702,1.7268012762069702,17100.0
2025-09-05,1.7364481687545776,1.7364481687545776,1.726801243428196,1.7364481687545776,51000.0
2025-09-08,1.755742134407762,1.755742134407762,1.7364481687545776,1.7364481687545776,23400.0
2025-09-09,1.7364481687545776,1.7364481687545776,1.7364481687545776,1.7364481687545776,21200.0
2025-09-10,1.7364481687545776,1.7364481687545776,1.7364481687545776,1.7364481687545776,5400.0
2025-09-11,1.746095061302185,1.746095061302185,1.7171542858663345,1.746095061302185,134500.0
2025-09-12,1.7557421593525384,1.765389084815979,1.7460951188886749,1.765389084815979,199600.0
2025-09-15,1.765389084815979,1.7750360102794196,1.7364481934252345,1.765389084815979,91200.0
2025-09-16,1.765389084815979,1.7750360102794196,1.7460951188886749,1.765389084815979,152400.0
2025-09-17,1.765389026593171,1.765389026593171,1.746095061302185,1.746095061302185,74200.0
2025-09-18,1.7460950940809592,1.7460950940809592,1.726801243428196,1.7364481687545776,94500.0
2025-09-19,1.7460950330693636,1.755742073059082,1.7364481080800624,1.755742073059082,78300.0
2025-09-22,1.7557421014478876,1.7557421014478876,1.746095061302185,1.746095061302185,18000.0
2025-09-23,1.7460950330693636,1.755742073059082,1.7364481080800624,1.755742073059082,44700.0
2025-09-24,1.746095061302185,1.7557421014478876,1.7364481361569015,1.746095061302185,49000.0
2025-09-25,1.7460950940809592,1.7460950940809592,1.7364481687545776,1.7364481687545776,52500.0
2025-09-26,1.726801243428196,1.755742134407762,1.7171543181018143,1.7364481687545776,86200.0
2025-09-29,1.7364481475278315,1.7364481475278315,1.6689196710686445,1.7075073719024658,340600.0
2025-09-30,1.7075074579646807,1.7171543836593628,1.6882136065753166,1.7171543836593628,15800.0
2025-10-01,1.717154342498353,1.765389084815979,1.717154342498353,1.765389084815979,150000.0
2025-10-02,1.7557421593525384,1.765389084815979,1.7557421593525384,1.765389084815979,59700.0
2025-10-03,1.7653889980483832,1.7653889980483832,1.7460950330693636,1.755742073059082,52200.0
2025-10-06,1.755742134407762,1.755742134407762,1.726801243428196,1.7364481687545776,48900.0
2025-10-07,1.7364481361569015,1.746095061302185,1.726801211011618,1.746095061302185,41400.0
2025-10-08,1.7364482017164733,1.7364482017164733,1.7268012762069702,1.7268012762069702,46300.0
2025-10-09,1.726801211011618,1.746095061302185,1.726801211011618,1.746095061302185,44700.0
2025-10-10,1.7364481361569015,1.746095061302185,1.7364481361569015,1.746095061302185,46500.0
2025-10-13,1.7268013093540449,1.7268013093540449,1.7171543836593628,1.7171543836593628,3900.0
2025-10-14,1.717154297110921,1.7268012223193765,1.7075073719024658,1.7075073719024658,87300.0
2025-10-15,1.6978604918144231,1.6978604918144231,1.649625864490318,1.6592727899551392,239300.0
2025-10-16,1.6785666743794891,1.6785666743794891,1.6303320460928934,1.6496258974075315,195600.0
2025-10-17,1.6496258974075315,1.6496258974075315,1.6399789717502125,1.6496258974075315,37700.0
2025-10-21,1.649625949784799,1.6785667276756548,1.649625949784799,1.668919801712036,103200.0
2025-10-22,1.6689196499638914,1.678566575050354,1.6689196499638914,1.678566575050354,50500.0
2025-10-23,1.6689196177969086,1.6882134675979614,1.6689196177969086,1.6882134675979614,98300.0
2025-10-24,1.6882135214855551,1.7075073719024658,1.6882135214855551,1.7075073719024658,50700.0
2025-10-27,1.707507425187964,1.7268012762069702,1.707507425187964,1.7268012762069702,84400.0
2025-10-28,1.726801243428196,1.755742134407762,1.726801243428196,1.7364481687545776,158700.0
2025-10-29,1.736448235048727,1.736448235048727,1.7075074579646807,1.7171543836593628,49500.0
2025-10-30,1.7171543836593628,1.7268013093540449,1.6882136065753166,1.7171543836593628,152200.0
2025-10-31,1.7171543836593628,1.7268013093540449,1.6785666808806343,1.7171543836593628,181000.0
2025-11-03,1.7171543506974671,1.7364482017164733,1.707507425187964,1.7268012762069702,180100.0
2025-11-04,1.717154297110921,1.7268012223193765,1.7075073719024658,1.7075073719024658,82100.0
2025-11-05,1.7171543427440654,1.7171543427440654,1.6592727899551392,1.6592727899551392,149800.0
2025-11-06,1.6985454559326172,1.7083636282872228,1.6985454559326172,1.6985454559326172,15100.0
2025-11-07,1.6887273306413135,1.718181848526001,1.6887273306413135,1.718181848526001,53600.0
2025-11-10,1.7280000448226929,1.7280000448226929,1.718181872059984,1.7280000448226929,51400.0
2025-11-11,1.7280000448226929,1.7280000448226929,1.718181872059984,1.7280000448226929,59200.0
2025-11-12,1.7280000448226929,1.7476363903481107,1.7280000448226929,1.7280000448226929,36700.0
2025-11-13,1.72800002115423,1.72800002115423,1.718181848526001,1.718181848526001,16000.0
2025-11-14,1.6690909624484485,1.6690909624484485,1.6592727899551392,1.6592727899551392,285900.0
2025-11-17,1.669090986251831,1.669090986251831,1.669090986251831,1.669090986251831,127600.0
2025-11-18,1.6690909624484485,1.6690909624484485,1.6494545004199817,1.6592727899551392,521600.0
2025-11-19,1.6592727899551392,1.6592727899551392,1.6494545004199817,1.6592727899551392,54000.0
2025-11-20,1.6494544744491575,1.6494544744491575,1.6396363021104363,1.6494544744491575,121300.0
2025-11-21,1.6396363973617554,1.6396363973617554,1.6298182244526676,1.6396363973617554,40800.0
2025-11-24,1.6396363973617554,1.6396363973617554,1.6396363973617554,1.6396363973617554,59200.0
2025-11-25,1.6396363279266724,1.6690909624484485,1.6396363279266724,1.6592727899551392,87700.0
2025-11-26,1.6592727899551392,1.6690909624484485,1.6396363279266724,1.6592727899551392,106700.0
2025-11-27,1.659272763829725,1.659272763829725,1.6494544744491575,1.6494544744491575,31100.0
2025-11-28,1.6298181773939735,1.6298181773939735,1.6200000047683716,1.6200000047683716,239400.0
2025-12-01,1.6298182010650637,1.6396363738332622,1.6298182010650637,1.6298182010650637,39000.0
2025-12-02,1.6298181773939735,1.6298181773939735,1.6101818321427697,1.6200000047683716,129200.0
2025-12-03,1.6200000047683716,1.6298181773939735,1.6101818321427697,1.6200000047683716,264600.0
2025-12-04,1.6200000047683716,1.6200000047683716,1.6200000047683716,1.6200000047683716,245300.0
2025-12-05,1.6003636121749878,1.6101817845101472,1.5905454398398284,1.6003636121749878,76100.0
2025-12-08,1.6003636843467546,1.610181857124685,1.5807273387908936,1.5807273387908936,172400.0
2025-12-09,1.5807273621644775,1.5905455350875854,1.5807273621644775,1.5905455350875854,20800.0
2025-12-10,1.590545511568824,1.590545511568824,1.5807273387908936,1.5807273387908936,60400.0
2025-12-11,1.580727267504669,1.6003636121749878,1.580727267504669,1.6003636121749878,91600.0
2025-12-12,1.5905455350875854,1.6003637080106934,1.5905455350875854,1.5905455350875854,27800.0
2025-12-15,1.590545511568824,1.590545511568824,1.570909166012963,1.5807273387908936,72100.0
2025-12-16,1.5807272911617043,1.590545463643802,1.5610909461975098,1.5610909461975098,131300.0
2025-12-17,1.5512727737154124,1.5709091186796071,1.5512727737154124,1.5610909461975098,64900.0
2025-12-18,1.5610910186894578,1.5610910186894578,1.5414546728134155,1.5414546728134155,26600.0
2025-12-19,1.551272749900818,1.5709090945635622,1.551272749900818,1.551272749900818,107200.0
2025-12-22,1.56109092223219,1.56109092223219,1.551272749900818,1.551272749900818,13300.0
2025-12-23,1.5610909932350323,1.590545511568824,1.5610909932350323,1.5807273387908936,64900.0
2025-12-24,1.5807273387908936,1.590545511568824,1.5807273387908936,1.5807273387908936,26000.0
2025-12-26,1.5905455350875854,1.5905455350875854,1.5709091892413696,1.5905455350875854,59800.0
2025-12-29,1.5807273621644775,1.5905455350875854,1.5807273621644775,1.5905455350875854,14300.0
2025-12-30,1.5905455350875854,1.5905455350875854,1.5709091892413696,1.5905455350875854,16200.0
2025-12-31,1.5807273621644775,1.5905455350875854,1.5807273621644775,1.5905455350875854,18400.0
2026-01-02,1.5905454398398284,1.6101817845101472,1.5905454398398284,1.6003636121749878,116000.0
2026-01-05,1.6003637080106934,1.6003637080106934,1.5709091892413696,1.5905455350875854,45600.0
2026-01-06,1.5905455350875854,1.5905455350875854,1.5807273621644775,1.5905455350875854,26600.0
2026-01-07,1.5905455350875854,1.5905455350875854,1.5807273621644775,1.5905455350875854,60800.0
2026-01-08,1.590545511568824,1.590545511568824,1.5807273387908936,1.5807273387908936,33000.0
2026-01-09,1.5807273621644775,1.610181880933801,1.5709091892413696,1.5905455350875854,43300.0
2026-01-12,1.5905455350875854,1.6003637080106934,1.5709091892413696,1.5905455350875854,111000.0
2026-01-13,1.590545511568824,1.590545511568824,1.5807273387908936,1.5807273387908936,92400.0
2026-01-14,1.5807273621644775,1.5905455350875854,1.5807273621644775,1.5905455350875854,99900.0
2026-01-15,1.590545511568824,1.590545511568824,1.5807273387908936,1.5807273387908936,49800.0
2026-01-16,1.5905454398398284,1.6003636121749878,1.5905454398398284,1.6003636121749878,116400.0
2026-01-19,1.6003637080106934,1.6003637080106934,1.5709091892413696,1.5905455350875854,72600.0
2026-01-20,1.5905454877560783,1.5905454877560783,1.5709091424942017,1.5709091424942017,95900.0
2026-01-21,1.5709091424942017,1.5807273151251402,1.5709091424942017,1.5709091424942017,162400.0
2026-01-22,1.580727267504669,1.6003636121749878,1.580727267504669,1.6003636121749878,34900.0
2026-01-23,1.6003636359904134,1.6101818084716797,1.5905454635091474,1.6101818084716797,16800.0
2026-01-26,1.6101818084716797,1.629818153434212,1.6101818084716797,1.6101818084716797,261500.0
2026-01-27,1.6101818084716797,1.6101818084716797,1.6003636359904134,1.6101818084716797,235900.0
2026-01-28,1.590545511568824,1.6003636843467546,1.5807273387908936,1.5807273387908936,392900.0
2026-01-29,1.5905454398398284,1.6003636121749878,1.580727267504669,1.6003636121749878,219600.0
2026-01-30,1.610181785094273,1.6690909361684465,1.610181785094273,1.6494544744491575,839500.0
2026-02-02,1.649454523943323,1.669090986251831,1.629818178676665,1.669090986251831,463000.0
2026-02-03,1.6887273789490478,1.6887273789490478,1.6396363973617554,1.6396363973617554,515800.0
2026-02-04,1.6396363500195754,1.6396363500195754,1.6200000047683716,1.6200000047683716,256300.0
2026-02-05,1.590000033378601,1.6299999952316284,1.590000033378601,1.6200000047683716,86000.0
2026-02-06,1.6100000143051147,1.6299999952316284,1.6100000143051147,1.6200000047683716,101400.0
2026-02-09,1.6299999952316284,1.649999976158142,1.6200000047683716,1.6299999952316284,76500.0
2026-02-10,1.6299999952316284,1.649999976158142,1.6299999952316284,1.649999976158142,188300.0
2026-02-11,1.6399999856948853,1.649999976158142,1.6399999856948853,1.649999976158142,306300.0
2026-02-12,1.649999976158142,1.659999966621399,1.6399999856948853,1.659999966621399,304000.0
2026-02-13,1.649999976158142,1.7200000286102295,1.6399999856948853,1.7200000286102295,748100.0
2026-02-16,1.7200000286102295,1.7200000286102295,1.649999976158142,1.7000000476837158,602800.0
2026-02-19,1.7000000476837158,1.7899999618530271,1.7000000476837158,1.7699999809265137,483900.0
2026-02-20,1.7599999904632568,1.7699999809265137,1.7300000190734863,1.7400000095367432,212500.0
2026-02-23,1.7599999904632568,1.7599999904632568,1.7300000190734863,1.75,87800.0
2026-02-24,1.75,1.7899999618530271,1.7400000095367432,1.7799999713897705,257300.0
2026-02-25,1.7799999713897705,1.7899999618530271,1.7599999904632568,1.7599999904632568,101400.0
2026-02-26,1.7799999713897705,1.899999976158142,1.7599999904632568,1.899999976158142,1152800.0
2026-02-27,1.909999966621399,1.9900000095367432,1.909999966621399,1.9800000190734863,725600.0
2026-03-02,1.919999957084656,1.9600000381469729,1.8600000143051147,1.940000057220459,423000.0
2026-03-03,1.919999957084656,1.9800000190734863,1.899999976158142,1.899999976158142,212200.0
2026-03-04,1.909999966621399,1.909999966621399,1.7799999713897705,1.8200000524520872,243500.0
2026-03-05,1.830000042915344,1.919999957084656,1.830000042915344,1.8600000143051147,167200.0
2026-03-06,1.8600000143051147,1.909999966621399,1.8600000143051147,1.8899999856948853,156900.0
2026-03-09,1.850000023841858,1.850000023841858,1.7999999523162842,1.830000042915344,219200.0
2026-03-10,1.850000023841858,1.9600000381469729,1.850000023841858,1.909999966621399,102800.0
2026-03-11,1.909999966621399,1.9299999475479128,1.899999976158142,1.919999957084656,109100.0
2026-03-12,1.919999957084656,1.9299999475479128,1.8899999856948853,1.8899999856948853,176000.0
2026-03-13,1.850000023841858,1.9600000381469729,1.850000023841858,1.919999957084656,436000.0
2026-03-16,1.919999957084656,1.9299999475479128,1.7999999523162842,1.8799999952316284,338400.0
2026-03-17,1.8899999856948853,1.909999966621399,1.850000023841858,1.909999966621399,151200.0
2026-03-18,1.899999976158142,1.950000047683716,1.8899999856948853,1.950000047683716,278700.0
2026-03-19,1.919999957084656,1.950000047683716,1.840000033378601,1.8799999952316284,254300.0
2026-03-20,1.8700000047683716,1.9600000381469729,1.8700000047683716,1.9299999475479128,312200.0
2026-03-23,1.899999976158142,1.899999976158142,1.830000042915344,1.850000023841858,258900.0
2026-03-24,1.8600000143051147,1.919999957084656,1.8600000143051147,1.909999966621399,170000.0
2026-03-25,1.899999976158142,2.059999942779541,1.899999976158142,2.059999942779541,925400.0
2026-03-26,2.059999942779541,2.2799999713897705,2.059999942779541,2.200000047683716,1395000.0
2026-03-27,2.200000047683716,2.380000114440918,2.200000047683716,2.3399999141693115,835400.0
2026-03-30,2.299999952316284,2.3399999141693115,2.2799999713897705,2.299999952316284,357900.0
2026-03-31,2.309999942779541,2.3399999141693115,2.240000009536743,2.2899999618530273,343600.0
2026-04-01,2.309999942779541,2.509999990463257,2.309999942779541,2.490000009536743,533000.0
2026-04-02,2.5,2.5,2.380000114440918,2.430000066757202,324300.0
2026-04-06,2.4000000953674316,2.5899999141693115,2.4000000953674316,2.5799999237060547,513100.0
2026-04-07,2.569999933242798,2.5799999237060547,2.4700000286102295,2.559999942779541,505300.0
2026-04-08,2.559999942779541,2.7200000286102295,2.559999942779541,2.630000114440918,418700.0
2026-04-09,2.630000114440918,2.75,2.619999885559082,2.6600000858306885,393700.0
2026-04-10,2.6600000858306885,2.7100000381469727,2.5799999237060547,2.6700000762939453,399300.0
2026-04-13,2.6700000762939453,2.799999952316284,2.6500000953674316,2.7899999618530273,702500.0
2026-04-14,2.799999952316284,2.930000066757202,2.7799999713897705,2.8399999141693115,638400.0
2026-04-15,2.8499999046325684,2.940000057220459,2.799999952316284,2.890000104904175,784200.0
2026-04-16,2.9100000858306885,2.9600000381469727,2.859999895095825,2.869999885559082,263400.0
2026-04-17,2.880000114440918,3.2200000286102295,2.869999885559082,3.180000066757202,1294300.0
2026-04-20,3.180000066757202,3.180000066757202,3.009999990463257,3.059999942779541,645000.0
2026-04-21,3.059999942779541,3.140000104904175,3.059999942779541,3.0899999141693115,138000.0
2026-04-22,3.059999942779541,3.25,3.059999942779541,3.2200000286102295,754400.0
2026-04-23,3.25,3.2899999618530273,3.0799999237060547,3.1500000953674316,507600.0
2026-04-24,3.1500000953674316,3.369999885559082,3.130000114440918,3.240000009536743,894500.0
2026-04-27,3.25,3.3399999141693115,3.25,3.2899999618530273,399100.0
2026-04-28,3.2899999618530273,3.450000047683716,3.2699999809265137,3.4000000953674316,640700.0
2026-04-29,3.369999885559082,3.559999942779541,3.0,3.5199999809265137,1712600.0
2026-04-30,3.5199999809265137,3.549999952316284,3.2200000286102295,3.3399999141693115,548200.0
2026-05-04,3.390000104904175,3.390000104904175,3.130000114440918,3.130000114440918,348000.0
2026-05-05,3.119999885559082,3.130000114440918,2.869999885559082,3.0299999713897705,1051900.0
2026-05-06,3.0299999713897705,3.140000104904175,2.9600000381469727,3.0899999141693115,363100.0
2026-05-07,3.0799999237060547,3.200000047683716,3.0799999237060547,3.1700000762939453,447700.0
2026-05-08,3.130000114440918,3.3299999237060547,3.119999885559082,3.200000047683716,510300.0
2026-05-11,3.200000047683716,3.2100000381469727,3.069999933242798,3.190000057220459,278600.0
2026-05-12,3.190000057220459,3.380000114440918,3.190000057220459,3.359999895095825,758600.0
2026-05-13,3.3499999046325684,3.660000085830689,3.2699999809265137,3.5999999046325684,999500.0
2026-05-14,3.619999885559082,3.869999885559082,3.490000009536743,3.859999895095825,1381800.0
2026-05-15,3.880000114440918,3.890000104904175,3.5199999809265137,3.569999933242798,963100.0
2026-05-18,3.569999933242798,3.5999999046325684,3.4000000953674316,3.549999952316284,757700.0
2026-05-19,3.619999885559082,3.619999885559082,3.200000047683716,3.2699999809265137,425400.0
2026-05-20,3.25,3.2699999809265137,3.1600000858306885,3.2200000286102295,170600.0
2026-05-21,3.240000009536743,3.450000047683716,3.2300000190734863,3.3399999141693115,261400.0
2026-05-22,3.3299999237060547,3.390000104904175,3.200000047683716,3.2200000286102295,280900.0
2026-05-25,3.2300000190734863,3.4800000190734863,3.2300000190734863,3.4000000953674316,264400.0
2026-05-26,3.4000000953674316,3.4000000953674316,3.1700000762939453,3.259999990463257,343800.0
2026-05-27,3.259999990463257,3.259999990463257,3.259999990463257,3.259999990463257,0.0
2026-05-28,3.259999990463257,3.259999990463257,3.0999999046325684,3.140000104904175,354600.0
2026-05-29,3.109999895095825,3.2200000286102295,3.109999895095825,3.190000057220459,247900.0
2026-06-02,3.180000066757202,3.180000066757202,2.940000057220459,2.990000009536743,482900.0
2026-06-03,2.9600000381469727,3.1500000953674316,2.950000047683716,2.9800000190734863,212600.0
2026-06-04,2.9700000286102295,3.0299999713897705,2.890000104904175,2.890000104904175,273400.0
2026-06-05,2.9000000953674316,2.9100000858306885,2.759999990463257,2.819999933242798,482700.0
2026-06-08,2.759999990463257,2.7899999618530273,2.7200000286102295,2.7799999713897705,386800.0
2026-06-09,2.7899999618530273,2.8399999141693115,2.740000009536743,2.7899999618530273,161900.0
2026-06-10,2.7899999618530273,2.8499999046325684,2.75,2.7799999713897705,338600.0
2026-06-11,2.75,2.8399999141693115,2.7200000286102295,2.7899999618530273,369700.0
2026-06-12,2.819999933242798,2.9600000381469727,2.819999933242798,2.930000066757202,244900.0
2026-06-15,2.930000066757202,3.069999933242798,2.930000066757202,3.059999942779541,176400.0
2026-06-16,3.0399999618530273,3.0399999618530273,2.930000066757202,2.940000057220459,142600.0
2026-06-17,2.9200000762939453,3.0199999809265137,2.9200000762939453,2.9600000381469727,44800.0
2026-06-18,2.9600000381469727,3.009999990463257,2.940000057220459,3.009999990463257,93800.0
2026-06-19,2.990000009536743,3.009999990463257,2.890000104904175,2.9700000286102295,83800.0
2026-06-22,2.9600000381469727,3.1500000953674316,2.9100000858306885,3.140000104904175,237600.0
2026-06-23,3.140000104904175,3.140000104904175,2.809999942779541,2.8299999237060547,332300.0
2026-06-24,2.8399999141693115,2.880000114440918,2.7899999618530273,2.8499999046325684,180700.0
2026-06-25,2.859999895095825,2.9800000190734863,2.859999895095825,2.9700000286102295,189500.0
2026-06-26,2.9600000381469727,2.9600000381469727,2.7899999618530273,2.859999895095825,133600.0
2026-06-29,2.8399999141693115,3.0799999237060547,2.8299999237060547,2.890000104904175,45700.0
2026-06-30,2.9600000381469727,2.9600000381469727,2.799999952316284,2.8499999046325684,155900.0
2026-07-01,2.869999885559082,2.950000047683716,2.869999885559082,2.880000114440918,79300.0
2026-07-02,2.869999885559082,2.869999885559082,2.759999990463257,2.759999990463257,188400.0
2026-07-03,2.759999990463257,2.859999895095825,2.759999990463257,2.819999933242798,80500.0
2026-07-06,2.859999895095825,2.869999885559082,2.7899999618530273,2.819999933242798,75900.0
2026-07-07,2.819999933242798,2.8499999046325684,2.7799999713897705,2.8499999046325684,96100.0
2026-07-08,2.8499999046325684,2.859999895095825,2.700000047683716,2.7200000286102295,254100.0
2026-07-09,2.740000009536743,2.809999942779541,2.740000009536743,2.7899999618530273,89100.0
2026-07-10,2.7899999618530273,2.8299999237060547,2.7799999713897705,2.819999933242798,34400.0
2026-07-13,2.819999933242798,2.819999933242798,2.75,2.75,95000.0
2026-07-14,2.75,2.7799999713897705,2.6500000953674316,2.7799999713897705,69900.0
2026-07-15,2.7899999618530273,2.9100000858306885,2.75,2.859999895095825,99100.0
2026-07-16,2.799999952316284,2.799999952316284,2.7300000190734863,2.759999990463257,56600.0
2026-07-17,2.740000009536743,2.740000009536743,2.6500000953674316,2.6600000858306885,109100.0
2026-07-20,2.6600000858306885,2.680000066757202,2.5999999046325684,2.6500000953674316,52900.0
2026-07-21,2.6500000953674316,2.740000009536743,2.6500000953674316,2.700000047683716,50100.0
2026-07-22,2.700000047683716,2.799999952316284,2.700000047683716,2.740000009536743,107300.0
2026-07-23,2.75,2.7699999809265137,2.7300000190734863,2.7300000190734863,28800.0
2026-07-24,2.7200000286102295,2.7300000190734863,2.680000066757202,2.680000066757202,34300.0
2026-07-27,2.680000066757202,2.759999990463257,2.680000066757202,2.7300000190734863,45700.0
2026-07-28,2.700000047683716,2.7300000190734863,2.6700000762939453,2.7300000190734863,63200.0
2026-07-29,2.6700000762939453,2.7100000381469727,2.619999885559082,2.6500000953674316,141800.0
2026-07-30,2.619999885559082,2.619999885559082,2.509999990463257,2.5799999237060547,170200.0
2026-07-31,2.6600000858306885,2.799999952316284,2.6600000858306885,2.680000066757202,109500.0
2026-08-03,2.450000047683716,2.7200000286102295,2.450000047683716,2.680000066757202,72900.0
2026-08-04,2.700000047683716,2.75,2.700000047683716,2.740000009536743,32200.0
2026-08-05,2.740000009536743,2.7699999809265137,2.7200000286102295,2.740000009536743,25500.0
2026-08-06,2.7200000286102295,2.7200000286102295,2.690000057220459,2.700000047683716,23100.0
2026-08-07,2.6700000762939453,2.759999990463257,2.6700000762939453,2.7300000190734863,21900.0
2026-08-11,2.740000009536743,2.7799999713897705,2.7300000190734863,2.7699999809265137,78200.0
2026-08-12,2.7699999809265137,2.8299999237060547,2.75,2.799999952316284,82400.0
2026-08-13,2.799999952316284,2.8499999046325684,2.7699999809265137,2.8299999237060547,71200.0
2026-08-14,2.8399999141693115,2.8499999046325684,2.799999952316284,2.799999952316284,138800.0
2026-08-17,2.799999952316284,2.869999885559082,2.799999952316284,2.819999933242798,93500.0
2026-08-18,2.859999895095825,2.859999895095825,2.75,2.7799999713897705,77700.0
2026-08-19,2.740000009536743,2.809999942779541,2.740000009536743,2.7799999713897705,162900.0
2026-08-20,2.7799999713897705,2.799999952316284,2.75,2.759999990463257,36600.0
2026-08-21,2.75,2.7899999618530273,2.7200000286102295,2.759999990463257,107200.0
2026-08-24,2.7799999713897705,2.8399999141693115,2.7699999809265137,2.809999942779541,74100.0
2026-08-25,2.819999933242798,2.819999933242798,2.809999942779541,2.809999942779541,58900.0
2026-08-26,2.799999952316284,2.8299999237060547,2.7799999713897705,2.7899999618530273,63600.0
2026-08-27,2.8499999046325684,3.0,2.7200000286102295,2.799999952316284,539200.0
2026-08-28,2.8299999237060547,2.8299999237060547,2.740000009536743,2.799999952316284,140500.0
2026-08-31,2.799999952316284,2.799999952316284,2.7300000190734863,2.75,79100.0
2026-09-01,2.75,2.75,2.700000047683716,2.7200000286102295,144300.0
2026-09-02,2.690000057220459,2.700000047683716,2.6600000858306885,2.6600000858306885,80000.0
2026-09-03,2.6600000858306885,2.6600000858306885,2.609999895095825,2.630000114440918,27500.0
2026-09-04,2.619999885559082,2.6600000858306885,2.619999885559082,2.640000104904175,26900.0
2026-09-07,2.6500000953674316,2.6700000762939453,2.619999885559082,2.6500000953674316,85600.0
2026-09-08,2.619999885559082,2.690000057220459,2.619999885559082,2.630000114440918,21200.0
2026-09-09,2.630000114440918,2.680000066757202,2.630000114440918,2.6500000953674316,38900.0
2026-09-10,2.6500000953674316,2.6700000762939453,2.6500000953674316,2.6700000762939453,7800.0
2026-09-11,2.6700000762939453,2.6700000762939453,2.640000104904175,2.640000104904175,13500.0
2026-09-14,2.690000057220459,2.740000009536743,2.640000104904175,2.640000104904175,11800.0
2026-09-15,2.6500000953674316,2.6500000953674316,2.5999999046325684,2.5999999046325684,82100.0
2026-09-16,2.609999895095825,2.609999895095825,2.5999999046325684,2.609999895095825,11600.0
2026-09-17,2.6500000953674316,2.6500000953674316,2.619999885559082,2.619999885559082,1600.0
2026-09-18,2.609999895095825,2.6500000953674316,2.609999895095825,2.630000114440918,27800.0
2026-09-21,2.6600000858306885,2.680000066757202,2.6500000953674316,2.6600000858306885,11000.0
2026-09-22,2.700000047683716,2.819999933242798,2.690000057220459,2.7100000381469727,226800.0
2026-09-23,2.7200000286102295,2.75,2.700000047683716,2.7200000286102295,44800.0
2026-09-24,2.7200000286102295,2.7200000286102295,2.6500000953674316,2.7200000286102295,32600.0
2026-09-25,2.7200000286102295,2.7200000286102295,2.700000047683716,2.7200000286102295,16600.0
2026-09-28,2.7200000286102295,2.7200000286102295,2.6500000953674316,2.6600000858306885,13300.0
2026-09-29,2.700000047683716,2.7200000286102295,2.6600000858306885,2.700000047683716,27300.0
2026-09-30,2.700000047683716,2.7100000381469727,2.680000066757202,2.680000066757202,11400.0
2026-10-01,2.680000066757202,2.7200000286102295,2.6600000858306885,2.7200000286102295,32600.0
2026-10-02,2.7100000381469727,2.75,2.7100000381469727,2.7300000190734863,40200.0
