date,open,high,low,close,volume
2016-10-03,0.2854239827330441,0.2891307842603387,0.2817171812057495,0.2817171812057495,568000.0
2016-10-04,0.2780103728133118,0.2891307771205902,0.2780103728133118,0.2891307771205902,432700.0
2016-10-05,0.2854239642620086,0.2854239642620086,0.2817171629745974,0.2854239642620086,90000.0
2016-10-06,0.2854239642620086,0.2854239642620086,0.2817171629745974,0.2854239642620086,80000.0
2016-10-07,0.2817171812057495,0.2817171812057495,0.2817171812057495,0.2817171812057495,116000.0
2016-10-10,0.2854239764080193,0.3076648071732078,0.2817171749628678,0.2965444028377533,2216800.0
2016-10-11,0.2965443902185209,0.3039579927933434,0.2854239642620086,0.2854239642620086,583500.0
2016-10-12,0.2854239764080193,0.3187852336029417,0.2854239764080193,0.2965444028377533,4549200.0
2016-10-13,0.303957998752594,0.3076648001126789,0.296544396032424,0.303957998752594,1932100.0
2016-10-14,0.3039580172823928,0.3076648188684507,0.292837612524219,0.3002512156963348,546400.0
2016-10-17,0.3002511925805274,0.3002511925805274,0.2928375899791717,0.2928375899791717,525600.0
2016-10-18,0.2965443912798496,0.3002511925805274,0.2928375899791717,0.2928375899791717,236000.0
2016-10-19,0.2965444020863885,0.2965444020863885,0.2891307771205902,0.2891307771205902,260100.0
2016-10-20,0.2965443912798496,0.2965443912798496,0.2891307665842154,0.2928375899791717,159500.0
2016-10-21,0.2891307771205902,0.2891307771205902,0.2891307771205902,0.2891307771205902,100300.0
2016-10-24,0.2891307771205902,0.292837600650629,0.2891307771205902,0.2891307771205902,50100.0
2016-10-25,0.2928376013926018,0.3002512042829048,0.2928376013926018,0.2965444028377533,858600.0
2016-10-26,0.2965444028377533,0.2965444028377533,0.2928376013926018,0.2965444028377533,499400.0
2016-10-27,0.2928375899791717,0.2965443912798496,0.2928375899791717,0.2928375899791717,358600.0
2016-10-28,0.2928375899791717,0.2965443912798496,0.2928375899791717,0.2928375899791717,381300.0
2016-10-31,0.2928376013926018,0.2965444028377533,0.2928376013926018,0.2965444028377533,101300.0
2016-11-01,0.2928375899791717,0.2928375899791717,0.2928375899791717,0.2928375899791717,275200.0
2016-11-02,0.2891307665842154,0.2965443912798496,0.2854239652835375,0.2928375899791717,511600.0
2016-11-03,0.2928376163004648,0.3150784481978961,0.2928376163004648,0.3113716244697571,1637700.0
2016-11-04,0.3113716432711826,0.318785269080834,0.3039580395558132,0.3076648414134979,4508800.0
2016-11-07,0.3113716432711826,0.3113716432711826,0.3039580395558132,0.3076648414134979,531500.0
2016-11-08,0.3113716219671912,0.3484396821964122,0.3076648203631252,0.3447328805923462,8589900.0
2016-11-09,0.3447328847450569,0.3669737167316503,0.3336124577046199,0.3632669150829315,3443600.0
2016-11-10,0.3669737052906566,0.3669737052906566,0.3558532785969167,0.35956010222435,1363500.0
2016-11-11,0.3595601625155379,0.3595601625155379,0.3373193274929863,0.3521465361118316,1200900.0
2016-11-14,0.355853338266543,0.355853338266543,0.344732931802409,0.3521465361118316,323500.0
2016-11-15,0.3558532826039204,0.3855077172973438,0.3558532826039204,0.3706805109977722,6122400.0
2016-11-16,0.3669737167316503,0.3706805183803691,0.3632669150829315,0.3632669150829315,355200.0
2016-11-17,0.3595601244176138,0.3706805297034626,0.3595601244176138,0.366973727941513,493600.0
2016-11-18,0.3632669295303693,0.3780941367149353,0.3632669295303693,0.3780941367149353,1104300.0
2016-11-21,0.3780940954455716,0.3818008968371119,0.3706804926624911,0.3743872940540313,1216800.0
2016-11-22,0.381800975443806,0.381800975443806,0.3484397339571203,0.3521465361118316,2710300.0
2016-11-23,0.3521464650553544,0.3558532664621036,0.3410260608351071,0.3484396636486053,2453700.0
2016-11-24,0.352146472178968,0.352146472178968,0.3373192662520302,0.3410260677337646,848900.0
2016-11-25,0.3410260608351071,0.3484396636486053,0.337319259428358,0.3484396636486053,135300.0
2016-11-28,0.3447328805923462,0.3558532854045443,0.3447328805923462,0.3447328805923462,520300.0
2016-11-29,0.3447328805923462,0.3484396821964122,0.3410260789882802,0.3447328805923462,468300.0
2016-11-30,0.3484396622189704,0.3743872940540313,0.3484396622189704,0.3743872940540313,4344900.0
2016-12-01,0.3706805068238099,0.3706805068238099,0.3558532785969167,0.35956010222435,1429400.0
2016-12-02,0.3632669261795634,0.3743873314654122,0.3558533005613828,0.366973727941513,1131800.0
2016-12-05,0.3632669150829315,0.3706805183803691,0.3632669150829315,0.3632669150829315,795400.0
2016-12-06,0.366973727941513,0.3743873314654122,0.3595601244176138,0.366973727941513,1004700.0
2016-12-07,0.3669737052906566,0.3669737052906566,0.35956010222435,0.35956010222435,904700.0
2016-12-08,0.3706805297034626,0.3818009349893115,0.366973727941513,0.366973727941513,2015200.0
2016-12-09,0.3669737167316503,0.3669737167316503,0.3632669150829315,0.3632669150829315,355300.0
2016-12-12,0.3706804926624911,0.3743872940540313,0.3706804926624911,0.3743872940540313,1084100.0
2016-12-13,0.3743872940540313,0.3743872940540313,0.3743872940540313,0.3743872940540313,0.0
2016-12-14,0.3743872940540313,0.3743872940540313,0.3743872940540313,0.3743872940540313,0.0
2016-12-15,0.3818008968371119,0.396628146591831,0.3743872940540313,0.3743872940540313,7060800.0
2016-12-16,0.378094114147558,0.378094114147558,0.3706805109977722,0.3706805109977722,555700.0
2016-12-19,0.3706805183803691,0.3706805183803691,0.3632669150829315,0.3632669150829315,354500.0
2016-12-20,0.3632669078479864,0.3743873125726651,0.3632669078479864,0.3706805109977722,572500.0
2016-12-21,0.3706804926624911,0.3855076982286521,0.3706804926624911,0.3743872940540313,1601600.0
2016-12-22,0.3706805297034626,0.3780941332273619,0.3632669261795634,0.366973727941513,1140300.0
2016-12-23,0.3632669295303693,0.3780941367149353,0.3632669295303693,0.3780941367149353,513100.0
2016-12-27,0.3743873349187938,0.3780941367149353,0.3743873349187938,0.3780941367149353,151400.0
2016-12-28,0.3780941367149353,0.3855077403072182,0.3780941367149353,0.3780941367149353,516400.0
2016-12-29,0.3743873349187938,0.3818009385110767,0.3743873349187938,0.3780941367149353,227100.0
2016-12-30,0.3743873349187938,0.3855077403072182,0.3743873349187938,0.3780941367149353,164500.0
2017-01-03,0.381800930907456,0.3892145343520959,0.381800930907456,0.385507732629776,535800.0
2017-01-04,0.3892145454230886,0.4077485987504416,0.3892145454230886,0.4040417969226837,2770200.0
2017-01-05,0.4040417934764886,0.4040417934764886,0.3743873349187938,0.3780941367149353,7302000.0
2017-01-06,0.378094129185136,0.3892145343520959,0.374387327462816,0.385507732629776,2390900.0
2017-01-09,0.3780941367149353,0.3818009385110767,0.3743873349187938,0.3780941367149353,551900.0
2017-01-10,0.374387327462816,0.385507732629776,0.374387327462816,0.385507732629776,489700.0
2017-01-11,0.3818009197711944,0.3855077213853955,0.3743873165427924,0.3818009197711944,677400.0
2017-01-12,0.3855077213853955,0.3855077213853955,0.3780941181569934,0.3818009197711944,756900.0
2017-01-13,0.3818009197711944,0.3855077213853955,0.3780941181569934,0.3818009197711944,486600.0
2017-01-16,0.3855077511189769,0.4040418048080442,0.3855077511189769,0.396628201007843,2695000.0
2017-01-17,0.4114553743027412,0.4188689774848259,0.4077485727116989,0.4151621758937835,4928300.0
2017-01-18,0.4151621507648522,0.4299893562315605,0.407748548031498,0.4262825548648834,4984000.0
2017-01-19,0.4299894273281097,0.444816679434986,0.4299894273281097,0.4299894273281097,4650000.0
2017-01-20,0.4299894273281097,0.4336962293076875,0.4225758233689541,0.4299894273281097,1060600.0
2017-01-23,0.4299894381141306,0.4411098885203788,0.4299894381141306,0.4336962401866913,882800.0
2017-01-24,0.4374029761798238,0.4596438294437794,0.4374029761798238,0.4559370279312134,2859500.0
2017-01-25,0.4522302700159372,0.4818846849753009,0.4522302700159372,0.4707642793655395,1724800.0
2017-01-26,0.4818846341982113,0.5152458917007211,0.4781778327188835,0.5078322887420654,5705800.0
2017-01-27,0.5078323592115883,0.5115391612052917,0.5041255572178849,0.5115391612052917,969700.0
2017-01-31,0.5189527343746694,0.5560207962989807,0.5189527343746694,0.5560207962989807,6261800.0
2017-02-01,0.5560206530091485,0.5745546571006996,0.5374866489175975,0.5486070513725281,6800400.0
2017-02-02,0.5523138521908383,0.5560206530091485,0.5411934497359077,0.5486070513725281,3463900.0
2017-02-03,0.5523139238357544,0.5634343277331987,0.5486071225366063,0.5523139238357544,2637900.0
2017-02-06,0.5597276091575623,0.5597276091575623,0.5523140054635914,0.5597276091575623,689100.0
2017-02-07,0.5597275266650414,0.5893819812590214,0.5523139240636857,0.5856751799583435,5536900.0
2017-02-08,0.5856752027852036,0.6005024085658096,0.5782615557063416,0.5930888056755066,3226200.0
2017-02-09,0.5967955823746888,0.6561044472264456,0.5967955823746888,0.6375704407691956,4636000.0
2017-02-10,0.6486909437347222,0.6523977455924069,0.6153296828269958,0.6153296828269958,2989700.0
2017-02-13,0.6190364473056558,0.6375704996635091,0.6190364473056558,0.6227432489395142,2203100.0
2017-02-14,0.6227433575706942,0.633863808600679,0.6153297530097502,0.6190365552902222,1201600.0
2017-02-15,0.6190364370372151,0.6338636875152588,0.6153296354648442,0.6338636875152588,2702200.0
2017-02-16,0.6301570063202071,0.6375706108811511,0.6079161484488061,0.6190365552902222,2475000.0
2017-02-17,0.6190364015854429,0.6190364015854429,0.607915997505188,0.607915997505188,1224900.0
2017-02-20,0.6079160424040804,0.6301568963957922,0.6079160424040804,0.6227432489395142,1136700.0
2017-02-21,0.6227432146530878,0.6227432146530878,0.6042092075042239,0.6116228103637695,674500.0
2017-02-22,0.6116227988652729,0.6153296002253579,0.607915997505188,0.607915997505188,354800.0
2017-02-23,0.6079160089339967,0.6264500602714193,0.6079160089339967,0.6116228103637695,1209800.0
2017-02-24,0.6116229078976695,0.6153297099185563,0.604209303855896,0.604209303855896,980200.0
2017-02-27,0.6005024313926697,0.6116228361508435,0.6005024313926697,0.6005024313926697,378300.0
2017-02-28,0.5967956322694832,0.5967956322694832,0.5671411752700806,0.5671411752700806,1751700.0
2017-03-01,0.567141149933902,0.5782615542411804,0.5560207456266236,0.5782615542411804,1076300.0
2017-03-02,0.5856752506733292,0.6153296646592541,0.5856752506733292,0.5893820524215698,1656600.0
2017-03-03,0.5782616029882856,0.5967956559180511,0.5782616029882856,0.5893820524215698,1276600.0
2017-03-06,0.5930888541698104,0.5967956559180511,0.5856752506733292,0.5893820524215698,118000.0
2017-03-07,0.585675225048438,0.6079160345647856,0.585675225048438,0.6005024313926697,614400.0
2017-03-08,0.6005023836661387,0.6449840433520956,0.5967955823746888,0.6375704407691956,3411600.0
2017-03-09,0.6412774131616231,0.6486910177225672,0.6190365552902222,0.6190365552902222,893500.0
2017-03-10,0.6190364473056558,0.6301568963957922,0.6079160424040804,0.6227432489395142,172800.0
2017-03-13,0.6042093461683341,0.6412774131616231,0.6005025438878621,0.6190365552902222,2014700.0
2017-03-14,0.6190365552902222,0.6227433575706942,0.6116229507292782,0.6190365552902222,30800.0
2017-03-15,0.6153297099185563,0.6153297099185563,0.5893820957723489,0.604209303855896,1033900.0
2017-03-16,0.5967956298066118,0.6005024313926697,0.5893820266344959,0.6005024313926697,298300.0
2017-03-17,0.5930887825596992,0.5967955838603771,0.5856751799583435,0.5856751799583435,690200.0
2017-03-20,0.5893820155020035,0.607916023082215,0.5856752139859612,0.5967956185340881,700200.0
2017-03-21,0.6005024200501304,0.6116228245982573,0.5930888170180458,0.5967956185340881,407700.0
2017-03-22,0.5930888541698104,0.5930888541698104,0.5893820524215698,0.5893820524215698,35700.0
2017-03-23,0.5893820155020035,0.6005024200501304,0.5893820155020035,0.5967956185340881,459900.0
2017-03-24,0.5930888056755066,0.596795607120658,0.589382004230355,0.5930888056755066,395400.0
2017-03-27,0.5930888056755066,0.596795607120658,0.5782615557063416,0.5930888056755066,1462800.0
2017-03-28,0.5930888170180458,0.6042092215661727,0.5856752139859612,0.5967956185340881,1596500.0
2017-03-29,0.5967956046446784,0.6153296117935423,0.5967956046446784,0.6116228103637695,898100.0
2017-03-30,0.6116228103637695,0.6153296117935423,0.6079160089339967,0.6116228103637695,190000.0
2017-03-31,0.619036413223315,0.619036413223315,0.6005024060744512,0.6116228103637695,587400.0
2017-04-03,0.6079161058767827,0.6079161058767827,0.5967956998141224,0.604209303855896,119200.0
2017-04-04,0.6005024085658096,0.6005024085658096,0.5930888056755066,0.5930888056755066,2090600.0
2017-04-05,0.596795607120658,0.6005024085658096,0.589382004230355,0.5930888056755066,641200.0
2017-04-06,0.589382004230355,0.596795607120658,0.5856752027852036,0.5930888056755066,449600.0
2017-04-07,0.5893820524215698,0.5893820524215698,0.5819684489250886,0.5893820524215698,597500.0
2017-04-10,0.5893820524215698,0.5930888541698104,0.5856752506733292,0.5893820524215698,512800.0
2017-04-11,0.589382004230355,0.5930888056755066,0.5856752027852036,0.5930888056755066,810700.0
2017-04-12,0.5893820524215698,0.5893820524215698,0.5856752506733292,0.5893820524215698,58700.0
2017-04-13,0.585675201301258,0.585675201301258,0.5745547528054209,0.5782615542411804,652300.0
2017-04-17,0.5782615716493901,0.5782615716493901,0.5300731073452742,0.5449003577232361,2013500.0
2017-04-18,0.5486071478044072,0.5560207507441599,0.5374867433947782,0.5411935448646545,811500.0
2017-04-19,0.5374867186391619,0.5560207251349025,0.5263662705531604,0.5523139238357544,748800.0
2017-04-20,0.5486071563023206,0.5671411639387937,0.544900354775026,0.563434362411499,346900.0
2017-04-21,0.5671411639387937,0.5708479654660883,0.5597275608842044,0.563434362411499,167700.0
2017-04-24,0.5560207593569098,0.563434362411499,0.5560207593569098,0.563434362411499,56000.0
2017-04-25,0.5486070513725281,0.5560206530091485,0.5486070513725281,0.5486070513725281,176500.0
2017-04-26,0.5486071225366063,0.5671411290323468,0.5486071225366063,0.5523139238357544,399500.0
2017-04-27,0.5560207507441599,0.5560207507441599,0.5374867433947782,0.5411935448646545,404800.0
2017-04-28,0.5411936047435588,0.5411936047435588,0.5263663530349731,0.5263663530349731,742800.0
2017-05-02,0.5300730833305782,0.5337799288985519,0.5189526791923312,0.5226594805717468,442500.0
2017-05-03,0.5152459473949569,0.5263663530349731,0.5152459473949569,0.5263663530349731,192300.0
2017-05-04,0.5263662819511625,0.5263662819511625,0.5189526791923312,0.5226594805717468,111600.0
2017-05-05,0.5226595782076091,0.5226595782076091,0.5115391719920054,0.5152459740638733,166300.0
2017-05-08,0.515245984773539,0.5263663912202865,0.515245984773539,0.5189527869224548,127300.0
2017-05-09,0.5189527761357412,0.5189527761357412,0.5078323699201374,0.5152459740638733,418500.0
2017-05-11,0.5115390902213932,0.5152458917007211,0.5041254872627375,0.5078322887420654,260200.0
2017-05-12,0.5115390764334998,0.5337799288985519,0.5078322750540842,0.5226594805717468,482800.0
2017-05-15,0.5374868418556011,0.5486072483023486,0.5189527869224548,0.5189527869224548,448700.0
2017-05-16,0.5374868028635534,0.5374868028635534,0.5152459473949569,0.5263663530349731,207900.0
2017-05-17,0.5337799787521362,0.5337799787521362,0.5226595293867118,0.5337799787521362,100200.0
2017-05-18,0.5337799419249019,0.5411935448646545,0.5189526918568373,0.5411935448646545,469500.0
2017-05-19,0.5374867186391619,0.5523139238357544,0.5300730718523086,0.5523139238357544,104200.0
2017-05-22,0.54119351993831,0.5523139238357544,0.54119351993831,0.5523139238357544,10300.0
2017-05-23,0.5411935333974066,0.5523139375714075,0.5226594822521803,0.537486732006073,259800.0
2017-05-24,0.5486071856546193,0.5486071856546193,0.5337799787521362,0.5337799787521362,41500.0
2017-05-25,0.526366363936776,0.5486072198660126,0.526366363936776,0.5300731658935547,130900.0
2017-05-26,0.5300730962664664,0.5411935448646545,0.52636629479659,0.5411935448646545,100800.0
2017-05-29,0.5449003426999781,0.596795607120658,0.5374867398096751,0.5930888056755066,1199100.0
2017-05-30,0.5967956559180511,0.6005024576662916,0.5745548012400449,0.5893820524215698,1255300.0
2017-05-31,0.5745548165455039,0.5782616183924894,0.5597276091575623,0.5597276091575623,954700.0
2017-06-01,0.5560208073105768,0.5708480146985185,0.5449004017696205,0.5597276091575623,445400.0
2017-06-02,0.5745547316306431,0.5745547316306431,0.5523139238357544,0.5523139238357544,80500.0
2017-06-05,0.5411935892046813,0.574554805166855,0.5411935892046813,0.5560207962989807,828900.0
2017-06-06,0.5597275403540747,0.5597275403540747,0.5300730850348476,0.537486732006073,803100.0
2017-06-07,0.5449004066235642,0.5449004066235642,0.5189527492749624,0.5263663530349731,893000.0
2017-06-08,0.5300730833305782,0.5300730833305782,0.5152458778129155,0.5226594805717468,1150500.0
2017-06-09,0.5226595619799974,0.5337800120388982,0.5189527600232189,0.5300731658935547,410500.0
2017-06-12,0.5263663912202865,0.5300731933692023,0.5189527869224548,0.5189527869224548,144600.0
2017-06-13,0.5189527492749624,0.5300731549149785,0.5189527492749624,0.5263663530349731,618300.0
2017-06-14,0.5263663802794771,0.5263663802794771,0.5041255678482695,0.5152459740638733,479400.0
2017-06-15,0.5078323592115883,0.5189527651926986,0.5078323592115883,0.5115391612052917,231100.0
2017-06-16,0.5078323592115883,0.5152459631989952,0.5078323592115883,0.5115391612052917,102300.0
2017-06-19,0.5189527761357412,0.530073182351345,0.5152459740638733,0.5152459740638733,272200.0
2017-06-20,0.5226595782076091,0.5226595782076091,0.5115391719920054,0.5152459740638733,119900.0
2017-06-21,0.5115391612052917,0.5152459631989952,0.5078323592115883,0.5115391612052917,103400.0
2017-06-22,0.5078323804757073,0.5189527869224548,0.5078323804757073,0.5189527869224548,93900.0
2017-06-23,0.5115391391559806,0.5115391391559806,0.5041255354881287,0.5041255354881287,84100.0
2017-06-27,0.5078323373220546,0.5152459409899065,0.5041255354881287,0.5041255354881287,164500.0
2017-06-28,0.5004187336542026,0.5115391391559806,0.5004187336542026,0.5041255354881287,58100.0
2017-06-29,0.5041255572178849,0.5115391612052917,0.5041255572178849,0.5115391612052917,65300.0
2017-06-30,0.5078322656463953,0.5078322656463953,0.5004186630249023,0.5004186630249023,90400.0
2017-07-03,0.5078322887420654,0.5078322887420654,0.5041254872627375,0.5078322887420654,100600.0
2017-07-04,0.5078322887420654,0.5078322887420654,0.5078322887420654,0.5078322887420654,0.0
2017-07-05,0.5078322887420654,0.5078322887420654,0.5078322887420654,0.5078322887420654,0.0
2017-07-06,0.5078322887420654,0.5078322887420654,0.5078322887420654,0.5078322887420654,0.0
2017-07-07,0.5078322887420654,0.5078322887420654,0.5078322887420654,0.5078322887420654,0.0
2017-07-10,0.5078322887420654,0.5078322887420654,0.5078322887420654,0.5078322887420654,0.0
2017-07-11,0.4855914135933593,0.5189526695786347,0.4855914135933593,0.5004186630249023,46400.0
2017-07-12,0.4967119318202767,0.5078323373220546,0.4930051299863507,0.5041255354881287,155500.0
2017-07-13,0.5189526695786347,0.5189526695786347,0.4930050604034094,0.5004186630249023,7400.0
2017-07-14,0.5004186630249023,0.5004186630249023,0.5004186630249023,0.5004186630249023,0.0
2017-07-17,0.5189527869224548,0.5300731933692023,0.5078323804757073,0.5189527869224548,82300.0
2017-07-18,0.5263662819511625,0.5411935316573832,0.5152458778129155,0.5226594805717468,316900.0
2017-07-19,0.5189527869224548,0.5226595890713707,0.515245984773539,0.5189527869224548,98600.0
2017-07-20,0.5189527600232189,0.5300731658935547,0.5152459580664402,0.5300731658935547,103700.0
2017-07-21,0.5300731658935547,0.5300731658935547,0.5300731658935547,0.5300731658935547,0.0
2017-07-24,0.5189527761357412,0.5189527761357412,0.5152459740638733,0.5152459740638733,10300.0
2017-07-25,0.5152459409899065,0.5189527428238325,0.5004187336542026,0.5041255354881287,62100.0
2017-07-26,0.5004187552241814,0.5115391612052917,0.496711953230478,0.5115391612052917,37500.0
2017-07-27,0.5041255436930638,0.5041255436930638,0.4707642824561929,0.4818846881389618,307200.0
2017-07-28,0.4818847010670989,0.5115391612052917,0.4818847010670989,0.5115391612052917,75400.0
2017-07-31,0.5189527869224548,0.5189527869224548,0.5189527869224548,0.5189527869224548,1000.0
2017-08-01,0.5189527869224548,0.5189527869224548,0.5189527869224548,0.5189527869224548,0.0
2017-08-02,0.5189527761357412,0.5189527761357412,0.4930051616326656,0.5152459740638733,900.0
2017-08-03,0.5152459740638733,0.5152459740638733,0.5152459740638733,0.5152459740638733,0.0
2017-08-04,0.5189526766382683,0.5189526766382683,0.4930050671100616,0.4930050671100616,6600.0
2017-08-07,0.4930051299863507,0.5041255354881287,0.4818846802960094,0.5041255354881287,300.0
2017-08-08,0.4818846122826128,0.5115390669571418,0.4818846122826128,0.5004186630249023,59800.0
2017-08-10,0.4892983281524248,0.5041255354881287,0.4818846802960094,0.5041255354881287,25500.0
2017-08-11,0.4967119740289599,0.5189527869224548,0.4967119740289599,0.5189527869224548,395900.0
2017-08-14,0.5041254828625908,0.5041254828625908,0.4855914314391628,0.4967118799686432,147500.0
2017-08-15,0.4892982657488893,0.496711868471234,0.4707642147544696,0.4930050671100616,176200.0
2017-08-16,0.4707643494073357,0.489298405703057,0.4707643494073357,0.4744711518287658,315900.0
2017-08-17,0.4670574324689113,0.4670574324689113,0.4448166233935154,0.4559370279312134,335700.0
2017-08-18,0.4596438784935329,0.4596438784935329,0.4448166708610203,0.4522302746772766,434200.0
2017-08-21,0.4522302746772766,0.4522302746772766,0.4448166708610203,0.4522302746772766,36300.0
2017-08-22,0.452230252411355,0.4559370541369758,0.4448166489601135,0.4448166489601135,94000.0
2017-08-23,0.4522302636363237,0.4522302636363237,0.437403012177246,0.448523461818695,67500.0
2017-08-24,0.455936991609201,0.4633505940437317,0.455936991609201,0.4633505940437317,31200.0
2017-08-25,0.4781777989127931,0.4781777989127931,0.455936991609201,0.4633505940437317,156100.0
2017-08-28,0.4633505940437317,0.4633505940437317,0.4633505940437317,0.4633505940437317,0.0
2017-08-29,0.4559370718858576,0.4967119366435468,0.4003349996484865,0.4707642793655395,433900.0
2017-08-30,0.4707642082119699,0.4892982589488105,0.4596438042829999,0.4670574069023132,79100.0
2017-08-31,0.4670575469859055,0.4744711518287658,0.4596439421430452,0.4744711518287658,104500.0
2017-09-04,0.47447108123546,0.47447108123546,0.4448166662760962,0.4707642793655395,139900.0
2017-09-05,0.4448166233935154,0.4633506309563454,0.4411098218809494,0.4559370279312134,87300.0
2017-09-06,0.4559370279312134,0.4596438294437794,0.4485234249060814,0.4559370279312134,14600.0
2017-09-07,0.4448166233935154,0.4559370279312134,0.4411098218809494,0.4559370279312134,18400.0
2017-09-08,0.4559370279312134,0.4559370279312134,0.4559370279312134,0.4559370279312134,0.0
2017-09-11,0.4559370279312134,0.4559370279312134,0.4559370279312134,0.4559370279312134,0.0
2017-09-12,0.4411098472344927,0.4448166489601135,0.4374030013203098,0.4448166489601135,108100.0
2017-09-13,0.4448166489601135,0.4448166489601135,0.4448166489601135,0.4448166489601135,400.0
2017-09-14,0.4448166489601135,0.4448166489601135,0.4448166489601135,0.4448166489601135,0.0
2017-09-15,0.4596437821528257,0.4596437821528257,0.4411097764968872,0.4411097764968872,20700.0
2017-09-18,0.4485234506857343,0.4596438558625966,0.4448166489601135,0.4448166489601135,12300.0
2017-09-19,0.4448165776280748,0.4448165776280748,0.4374029311771444,0.4411097764968872,78700.0
2017-09-20,0.4596438162645562,0.4633506176708383,0.4374029636383056,0.4374029636383056,54200.0
2017-09-21,0.4374029761798238,0.4596438294437794,0.4336961746672578,0.4559370279312134,55600.0
2017-09-22,0.4559370541369758,0.4596438558625966,0.4411098472344927,0.4448166489601135,27700.0
2017-09-25,0.4448166489601135,0.4448166489601135,0.4448166489601135,0.4448166489601135,0.0
2017-09-26,0.4448166058868266,0.4448166058868266,0.4262825548648834,0.4262825548648834,21200.0
2017-09-27,0.4374030013203098,0.4559370541369758,0.4299893978690683,0.4448166489601135,48800.0
2017-09-28,0.4670574069023133,0.4670574069023133,0.4670574069023133,0.4670574069023132,2000.0
2017-09-29,0.4670574069023133,0.4670574069023133,0.4670574069023133,0.4670574069023132,0.0
2017-10-02,0.4670574069023133,0.4670574069023133,0.4670574069023133,0.4670574069023132,0.0
2017-10-03,0.4411097977347165,0.4707642082119699,0.4299893496171893,0.4670574069023132,131400.0
2017-10-04,0.4670574069023133,0.4670574069023133,0.4670574069023133,0.4670574069023132,0.0
2017-10-05,0.4299893496171893,0.4670574069023133,0.4299893496171893,0.4670574069023132,10400.0
2017-10-06,0.4670574069023133,0.4670574069023133,0.4670574069023133,0.4670574069023132,0.0
2017-10-09,0.4670574069023133,0.4670574069023133,0.4670574069023133,0.4670574069023132,0.0
2017-10-10,0.4670574069023133,0.4670574069023133,0.4670574069023133,0.4670574069023132,0.0
2017-10-11,0.4485233891746703,0.4633505940437317,0.4485233891746703,0.4633505940437317,31900.0
2017-10-12,0.448523461818695,0.4633506690892095,0.437403012177246,0.448523461818695,94200.0
2017-10-13,0.4411098689528922,0.4596438784935329,0.4374030228561997,0.4522302746772766,41400.0
2017-10-16,0.4522302746772766,0.4522302746772766,0.4522302746772766,0.4522302746772766,0.0
2017-10-17,0.448523461818695,0.448523461818695,0.4336962103596173,0.448523461818695,40700.0
2017-10-19,0.4411098327694648,0.4596438407897949,0.437402986976838,0.4596438407897949,38700.0
2017-10-20,0.4596438407897949,0.4596438407897949,0.4596438407897949,0.4596438407897949,0.0
2017-10-23,0.4336961995946891,0.4448166489601135,0.4299893978690683,0.4448166489601135,12500.0
2017-10-24,0.4448166489601135,0.4448166489601135,0.4448166489601135,0.4448166489601135,0.0
2017-10-25,0.4448166489601135,0.4448166489601135,0.4448166489601135,0.4448166489601135,0.0
2017-10-26,0.4374030013203098,0.4448166489601135,0.4374030013203098,0.4448166489601135,2800.0
2017-10-27,0.4485234120457101,0.4485234120457101,0.4374029636383056,0.4374029636383056,4600.0
2017-10-30,0.4374029636383056,0.4374029636383056,0.4374029636383056,0.4374029636383056,0.0
2017-10-31,0.4411097764968872,0.4411097764968872,0.4374029311771444,0.4411097764968872,51000.0
2017-11-01,0.4374030422592519,0.4374030422592519,0.42628263604157,0.4336962401866913,103600.0
2017-11-02,0.42628263604157,0.4374030422592519,0.42628263604157,0.4336962401866913,55300.0
2017-11-03,0.4336962401866913,0.4336962401866913,0.4336962401866913,0.4336962401866913,0.0
2017-11-06,0.4262826253485319,0.4299894273281097,0.4262826253485319,0.4299894273281097,75700.0
2017-11-07,0.4336961622320237,0.4374029636383056,0.4151621552006134,0.4374029636383056,80900.0
2017-11-08,0.4374029636383056,0.4374029636383056,0.4374029636383056,0.4374029636383056,0.0
2017-11-09,0.4374029636383056,0.4374029636383056,0.4374029636383056,0.4374029636383056,0.0
2017-11-10,0.4262825277835813,0.4411097764968872,0.4151621243900182,0.4411097764968872,25200.0
2017-11-13,0.4299893608257416,0.4374029636383056,0.4262825594194596,0.4374029636383056,4500.0
2017-11-14,0.4262825806669105,0.4262825806669105,0.4114553743027412,0.4151621758937835,71800.0
2017-11-15,0.4262825548648834,0.4262825548648834,0.4262825548648834,0.4262825548648834,1000.0
2017-11-16,0.4411097764968872,0.4411097764968872,0.4411097764968872,0.4411097764968872,500.0
2017-11-17,0.4262825548648834,0.4262825548648834,0.4262825548648834,0.4262825548648834,9600.0
2017-11-20,0.4411098472344927,0.4448166489601135,0.4411098472344927,0.4448166489601135,40500.0
2017-11-21,0.4225757944178268,0.4781778644907004,0.4003349840641022,0.4003349840641022,322500.0
2017-11-22,0.404041746664821,0.4485234072535037,0.404041746664821,0.4262825548648834,36000.0
2017-11-23,0.4262825548648834,0.4262825548648834,0.4262825548648834,0.4262825548648834,0.0
2017-11-24,0.4262825548648834,0.4262825548648834,0.4262825548648834,0.4262825548648834,0.0
2017-11-27,0.437402988172771,0.437402988172771,0.3706805149285913,0.3818009197711944,145300.0
2017-11-28,0.3818009417675728,0.4040417969226837,0.3780941399398149,0.4040417969226837,270900.0
2017-11-29,0.3892145205679268,0.4262825806669105,0.3818009173858422,0.4151621758937835,225800.0
2017-11-30,0.3780941295218154,0.4225757944178268,0.3780941295218154,0.4003349840641022,472100.0
2017-12-01,0.4151622273129853,0.422575831413269,0.4151622273129853,0.422575831413269,8700.0
2017-12-04,0.422575831413269,0.422575831413269,0.422575831413269,0.422575831413269,0.0
2017-12-05,0.422575831413269,0.422575831413269,0.422575831413269,0.422575831413269,0.0
2017-12-06,0.4003349840641022,0.4003349840641022,0.3706805260705739,0.4003349840641022,178400.0
2017-12-07,0.3966281823384814,0.4003349840641022,0.3855077329730569,0.4003349840641022,8500.0
2017-12-08,0.4003349840641022,0.4003349840641022,0.4003349840641022,0.4003349840641022,0.0
2017-12-11,0.3855077329730569,0.4003349840641022,0.3780941295218154,0.4003349840641022,37600.0
2017-12-12,0.3892145564145011,0.3929213583469391,0.3780941506171873,0.3929213583469391,70000.0
2017-12-13,0.3892144996201924,0.3929213010117326,0.355853265002051,0.3743872940540313,115500.0
2017-12-14,0.3780941367149353,0.3780941367149353,0.3595601277342278,0.3780941367149353,127700.0
2017-12-15,0.3780941367149353,0.3966281898842057,0.3595601277342278,0.3780941367149353,38600.0
2017-12-18,0.3706805331226523,0.3780941367149353,0.3669737313265108,0.3780941367149353,11800.0
2017-12-19,0.363266922295856,0.385507732629776,0.3595601205735361,0.385507732629776,38500.0
2017-12-20,0.3855077403072182,0.3855077403072182,0.3669737313265108,0.3780941367149353,35500.0
2017-12-21,0.3855076982286521,0.3855076982286521,0.3706804926624911,0.3743872940540313,105800.0
2017-12-22,0.3780941332273619,0.3780941332273619,0.3632669261795634,0.366973727941513,115500.0
2017-12-26,0.366973727941513,0.366973727941513,0.366973727941513,0.366973727941513,0.0
2017-12-27,0.3669737052906566,0.3706805068238099,0.35956010222435,0.35956010222435,298100.0
2017-12-28,0.3558533191680908,0.3558533191680908,0.3447329133007829,0.3558533191680908,163900.0
2017-12-29,0.3484396700085116,0.3484396700085116,0.3261988390677863,0.3336124420166015,342900.0
2018-01-02,0.3299056457705636,0.35956010222435,0.3261988442374103,0.35956010222435,626700.0
2018-01-03,0.366973727941513,0.3818009349893115,0.366973727941513,0.366973727941513,650800.0
2018-01-04,0.3706805109977722,0.3706805109977722,0.3706805109977722,0.3706805109977722,120000.0
2018-01-05,0.3743873095078426,0.411455369141884,0.3743873095078426,0.3892145156860351,1393100.0
2018-01-08,0.3966282039971511,0.4188690155653794,0.3966282039971511,0.4077486097812652,1262100.0
2018-01-09,0.4077485615456689,0.4151621645247351,0.4077485615456689,0.411455363035202,214100.0
2018-01-10,0.4077485987504416,0.4077485987504416,0.4003349950949257,0.4040417969226837,46800.0
2018-01-11,0.4040418078532272,0.4151622136373413,0.3929213578805485,0.4077486097812652,1054200.0
2018-01-12,0.4077485727116989,0.4151621758937835,0.4077485727116989,0.4151621758937835,142200.0
2018-01-15,0.4225758174934174,0.4262826194214554,0.4077486097812652,0.4077486097812652,353000.0
2018-01-16,0.4114554117093033,0.4188690155653794,0.4077486097812652,0.4077486097812652,43700.0
2018-01-17,0.4077486097812652,0.4077486097812652,0.4077486097812652,0.4077486097812652,20900.0
2018-01-18,0.4077485875153437,0.4114553892409645,0.4003349840641022,0.4003349840641022,330800.0
2018-01-19,0.4077486097812652,0.4188690155653794,0.3966282039971511,0.4077486097812652,196700.0
2018-01-22,0.4040417819893453,0.426282592133875,0.4040417819893453,0.4188689887523651,288000.0
2018-01-23,0.4225758339690094,0.4485234926655001,0.4225758339690094,0.4336962401866913,1453500.0
2018-01-24,0.4448166489601135,0.452230252411355,0.4411098472344927,0.4448166489601135,494000.0
2018-01-25,0.4448166600010664,0.4522302636363237,0.437403012177246,0.448523461818695,279800.0
2018-01-26,0.4485233787592625,0.4485233787592625,0.4374029311771444,0.4411097764968872,109200.0
2018-01-29,0.4411098092331461,0.4411098092331461,0.4374029636383056,0.4374029636383056,35000.0
2018-01-30,0.4374030312872652,0.444816679434986,0.4299894273281097,0.4299894273281097,432500.0
2018-01-31,0.4299894085419887,0.4522302636363237,0.4262826067243601,0.448523461818695,417400.0
2018-02-01,0.4485234926655001,0.4485234926655001,0.4299894381141306,0.4336962401866913,238100.0
2018-02-02,0.4411098092331461,0.4485234120457101,0.4374029636383056,0.4374029636383056,1233100.0
2018-02-05,0.4336961622320237,0.4411098092331461,0.4262825594194596,0.4374029636383056,301100.0
2018-02-06,0.4374029972061399,0.4374029972061399,0.4077485836801003,0.4188689887523651,647900.0
2018-02-07,0.4225757675038011,0.4262825689933342,0.411455363035202,0.411455363035202,29600.0
2018-02-08,0.3484396598818282,0.4262825548648834,0.3484396598818282,0.4262825548648834,85700.0
2018-02-09,0.4188689774848259,0.4188689774848259,0.3892145205679268,0.4151621758937835,149500.0
2018-02-12,0.4077485615456689,0.411455363035202,0.4003349585666029,0.411455363035202,2200.0
2018-02-13,0.4336961719724003,0.4336961719724003,0.4040417600561359,0.411455363035202,48400.0
2018-02-14,0.4040417969226837,0.4077485987504416,0.4040417969226837,0.4040417969226837,24100.0
2018-02-15,0.411455363035202,0.411455363035202,0.3966281570770698,0.411455363035202,20400.0
2018-02-19,0.411455363035202,0.411455363035202,0.411455363035202,0.411455363035202,0.0
2018-02-20,0.4151622273129853,0.4299894355135528,0.4114554252628434,0.422575831413269,94700.0
2018-02-21,0.4262825594194596,0.4485234120457101,0.4262825594194596,0.4374029636383056,253200.0
2018-02-22,0.4448166489601135,0.452230252411355,0.4411098472344927,0.4448166489601135,1158900.0
2018-02-23,0.4411097764968872,0.4448165776280748,0.4411097764968872,0.4411097764968872,70300.0
2018-02-26,0.4485234249060814,0.4633506309563454,0.4448166233935154,0.4559370279312134,1229500.0
2018-02-27,0.4596438672715809,0.4596438672715809,0.4411098581834378,0.448523461818695,702100.0
2018-02-28,0.4411098092331461,0.4485234120457101,0.4374029636383056,0.4374029636383056,316600.0
2018-03-01,0.4448165776280748,0.4448165776280748,0.4411097764968872,0.4411097764968872,197000.0
2018-03-02,0.4411098472344927,0.4448166489601135,0.4299893978690683,0.4448166489601135,39300.0
2018-03-05,0.4448166732502102,0.4448166732502102,0.4077486097812652,0.4077486097812652,75900.0
2018-03-06,0.4151622194097986,0.4411098774554082,0.4151622194097986,0.4299894273281097,343300.0
2018-03-07,0.422575831413269,0.4262826334634109,0.4003350191124177,0.422575831413269,958200.0
2018-03-08,0.4151621758937835,0.4225757790758682,0.4040417711206566,0.4151621758937835,380100.0
2018-03-09,0.4151621645247351,0.4262825689933342,0.411455363035202,0.411455363035202,356700.0
2018-03-12,0.4077485836801003,0.4188689887523651,0.4077485836801003,0.4188689887523651,63700.0
2018-03-13,0.4114553853708552,0.4225757904431201,0.4077485836801003,0.4188689887523651,367700.0
2018-03-14,0.4188689887523651,0.4188689887523651,0.4077485836801003,0.4188689887523651,81300.0
2018-03-15,0.4188689887523651,0.4188689887523651,0.4188689887523651,0.4188689887523651,0.0
2018-03-16,0.4151622273129853,0.422575831413269,0.4114554252628434,0.422575831413269,17000.0
2018-03-19,0.4225757534982063,0.4262825548648834,0.4151621507648522,0.4262825548648834,81800.0
2018-03-20,0.4262826334634109,0.4262826334634109,0.4151622273129853,0.422575831413269,63500.0
2018-03-21,0.426282592133875,0.4374029972061399,0.4188689887523651,0.4188689887523651,176800.0
2018-03-22,0.4225758233689541,0.4299894273281097,0.4225758233689541,0.4299894273281097,20800.0
2018-03-23,0.4225758060614732,0.4225758060614732,0.4003349950949257,0.4040417969226837,354000.0
2018-03-26,0.4114554252628434,0.422575831413269,0.4077486232127015,0.422575831413269,17700.0
2018-03-27,0.4151622136373413,0.4151622136373413,0.4077486097812652,0.4077486097812652,58200.0
2018-03-28,0.3706805126127153,0.4151621758937835,0.3706805126127153,0.4151621758937835,103400.0
2018-03-29,0.4077485727116989,0.4151621758937835,0.4003349695296143,0.4151621758937835,6400.0
2018-04-02,0.4077485875153437,0.4077485875153437,0.3966281823384814,0.4003349840641022,51500.0
2018-04-03,0.4077485675973358,0.4299893768646247,0.385507714141487,0.3892145156860351,179900.0
2018-04-04,0.3966281741099619,0.4077485790561182,0.3558532896912132,0.3632669150829315,143300.0
2018-04-05,0.3706805079632944,0.3929213172305833,0.3706805079632944,0.3892145156860351,65200.0
2018-04-06,0.3929213583469391,0.3929213583469391,0.3780941506171873,0.3929213583469391,17600.0
2018-04-09,0.3929213583469391,0.3929213583469391,0.3929213583469391,0.3929213583469391,0.0
2018-04-10,0.4003350029079436,0.4040418048080442,0.3892145530190776,0.396628201007843,82300.0
2018-04-11,0.3966281629636914,0.3966281629636914,0.3632669048741981,0.3892145156860351,126100.0
2018-04-12,0.4040418083328175,0.4040418083328175,0.3892145564145011,0.3929213583469391,9600.0
2018-04-13,0.392921336074416,0.392921336074416,0.370680525740496,0.385507732629776,24900.0
2018-04-16,0.4188689801017657,0.4188689801017657,0.3743873165427924,0.3818009197711944,16800.0
2018-04-17,0.3743873125726651,0.3818009157224509,0.3706805109977722,0.3706805109977722,453100.0
2018-04-18,0.3632669037575033,0.3743873083569632,0.3484396755306101,0.35956010222435,1176900.0
2018-04-19,0.35956010222435,0.35956010222435,0.3558532785969167,0.35956010222435,143700.0
2018-04-20,0.3558533191680908,0.3558533191680908,0.3410261113450135,0.3558533191680908,834700.0
2018-04-23,0.3632669037575033,0.3632669037575033,0.3484396755306101,0.35956010222435,667200.0
2018-04-24,0.3669737052906566,0.3669737052906566,0.3447328739974568,0.35956010222435,876700.0
2018-04-25,0.352146472178968,0.352146472178968,0.3410260677337646,0.3410260677337646,144900.0
2018-04-26,0.3410260830963381,0.3780941216778066,0.3410260830963381,0.3632669150829315,1164100.0
2018-04-27,0.3632668898794106,0.3743872940540313,0.3521464636105107,0.3743872940540313,138400.0
2018-04-30,0.3669737167316503,0.3669737167316503,0.3632669150829315,0.3632669150829315,7000.0
2018-05-02,0.3669737471296811,0.3669737471296811,0.3521465172123215,0.3558533191680908,280400.0
2018-05-03,0.3558532664621036,0.3558532664621036,0.3484396636486053,0.3484396636486053,463200.0
2018-05-04,0.3484396821964122,0.3558532854045443,0.3373192773842141,0.3447328805923462,410300.0
2018-05-07,0.3410260608351071,0.3484396636486053,0.337319259428358,0.3484396636486053,344800.0
2018-05-08,0.3447328805923462,0.3447328805923462,0.3373192773842141,0.3447328805923462,416200.0
2018-05-09,0.3484397152565521,0.3632669451739119,0.3410261113450135,0.3558533191680908,1905300.0
2018-05-10,0.3558532785969167,0.35956010222435,0.3484396755306101,0.35956010222435,736400.0
2018-05-11,0.3595601244176138,0.366973727941513,0.3595601244176138,0.366973727941513,350300.0
2018-05-14,0.3669736912709508,0.3818008968371119,0.3669736912709508,0.3743872940540313,519500.0
2018-05-15,0.3780941332273619,0.3780941332273619,0.3632669261795634,0.366973727941513,280100.0
2018-05-16,0.3632669150829315,0.3632669150829315,0.3632669150829315,0.3632669150829315,28000.0
2018-05-17,0.35956010222435,0.3632669037575033,0.3521464770637634,0.35956010222435,158000.0
2018-05-18,0.3595601062730935,0.3706805109977722,0.3595601062730935,0.3706805109977722,316100.0
2018-05-21,0.3706805109977722,0.3706805109977722,0.3706805109977722,0.3706805109977722,0.0
2018-05-22,0.3706805109977722,0.3706805109977722,0.3706805109977722,0.3706805109977722,0.0
2018-05-23,0.3706805068238099,0.3780941098901165,0.35956010222435,0.35956010222435,1294900.0
2018-05-24,0.3669737094228793,0.378094114147558,0.3632669078479864,0.3706805109977722,1173000.0
2018-05-25,0.366973727941513,0.3706805297034626,0.366973727941513,0.366973727941513,48700.0
2018-05-28,0.3632669037575033,0.3632669037575033,0.3558532785969167,0.35956010222435,37200.0
2018-05-30,0.3558532826039204,0.3706805109977722,0.3521464810290275,0.3706805109977722,69600.0
2018-05-31,0.3706805109977722,0.3706805109977722,0.3521464810290275,0.3706805109977722,107800.0
2018-06-01,0.3669737167316503,0.3669737167316503,0.3521464880424945,0.3632669150829315,698700.0
2018-06-04,0.3632669150829315,0.3632669150829315,0.3632669150829315,0.3632669150829315,0.0
2018-06-05,0.3632669451739119,0.3632669451739119,0.3558533191680908,0.3558533191680908,99400.0
2018-06-06,0.374387327462816,0.3892145343520959,0.3669737240181761,0.385507732629776,5897000.0
2018-06-07,0.3892145156860351,0.4003349645082396,0.385507714141487,0.3892145156860351,6384300.0
2018-06-08,0.3892145343520959,0.392921336074416,0.378094129185136,0.385507732629776,686000.0
2018-06-11,0.3855077544820632,0.3929213583469391,0.3706805467523114,0.3929213583469391,984400.0
2018-06-12,0.3929213172305833,0.4003349645082396,0.3892145156860351,0.3892145156860351,968200.0
2018-06-13,0.3892145156860351,0.3966281629636914,0.3818009125969389,0.3892145156860351,1419000.0
2018-06-14,0.3929213327285187,0.4188689887523651,0.3929213327285187,0.4188689887523651,3195200.0
2018-06-18,0.4151621552006134,0.4374029636383056,0.4151621552006134,0.4374029636383056,2316700.0
2018-06-19,0.4345800633934767,0.4457231760025024,0.4345800633934767,0.4457231760025024,1405400.0
2018-06-20,0.4494375551962069,0.4605806240989344,0.4494375551962069,0.4531519114971161,1692100.0
2018-06-21,0.4531519149804314,0.4605806276393532,0.4494375586509705,0.4494375586509704,567200.0
2018-06-22,0.4531519171791152,0.4531519171791152,0.4308657348155975,0.4308657348155975,644300.0
2018-06-25,0.4420088459920487,0.4568662713098922,0.4420088459920487,0.4494375586509704,665400.0
2018-06-26,0.4457232353416096,0.4791524447832628,0.4420088787369814,0.4754380881786346,9788800.0
2018-06-27,0.4754380386895377,0.4754380386895377,0.460580613817558,0.464294970035553,1466300.0
2018-06-28,0.4680093491306079,0.479152418329284,0.4680093491306079,0.4717237055301666,605800.0
2018-06-29,0.4680093262535478,0.4717236824715428,0.460580613817558,0.464294970035553,481500.0
2018-07-02,0.464295014320908,0.464295014320908,0.4308657608917882,0.4345801174640655,1004300.0
2018-07-03,0.4382944856069623,0.4382944856069623,0.4197227022552952,0.4234370589256286,754400.0
2018-07-04,0.4160082970192584,0.4234370094926814,0.4011508720724125,0.412293940782547,833300.0
2018-07-05,0.4197226602859503,0.4197226602859503,0.3900077656159413,0.4048652350902557,503500.0
2018-07-06,0.3974365209486398,0.3974365209486398,0.3751503389630447,0.3900077641010284,770400.0
2018-07-09,0.397436519133797,0.4085795879364013,0.3937221185876428,0.4085795879364013,388100.0
2018-07-10,0.4085796322442949,0.4308657722662954,0.4085796322442949,0.4234370589256286,819400.0
2018-07-11,0.4160082970192584,0.4197226532559699,0.397436515835701,0.412293940782547,238300.0
2018-07-12,0.4197226464748382,0.4234370026515398,0.4160082902981367,0.4197226464748382,133800.0
2018-07-13,0.423437020066124,0.4494375586509705,0.423437020066124,0.4494375586509704,1721500.0
2018-07-16,0.4494375224798861,0.4680093026325192,0.4494375224798861,0.4568662345409393,930300.0
2018-07-17,0.4568662713098922,0.4568662713098922,0.4420088459920487,0.4494375586509704,318000.0
2018-07-18,0.4531518882227746,0.4605806004430466,0.4420088198923664,0.4457231760025024,383000.0
2018-07-19,0.4531518882227746,0.4605806004430466,0.4420088198923664,0.4457231760025024,609700.0
2018-07-20,0.4457232023215096,0.4531519149804314,0.4382944453839676,0.4494375586509704,1186000.0
2018-07-23,0.4494375230909123,0.4494375230909123,0.4382944107055664,0.4382944107055664,685100.0
2018-07-24,0.4420088459920487,0.4568662713098922,0.4382944453839676,0.4494375586509704,1229900.0
2018-07-25,0.4494375321126385,0.4642949565531827,0.4457231760025024,0.4457231760025024,1469500.0
2018-07-26,0.4531519171791152,0.4531519171791152,0.4160083094256659,0.4308657348155975,1296800.0
2018-07-27,0.4234369665051786,0.4308656782244356,0.4197226106455501,0.4271513223648071,302700.0
2018-07-30,0.4271513588282413,0.4271513588282413,0.4197226464748382,0.4197226464748382,407100.0
2018-07-31,0.4197226106455501,0.4382943899436926,0.4197226106455501,0.4271513223648071,1189000.0
2018-08-01,0.427151415595962,0.4308657722662954,0.4197227022552952,0.4234370589256286,335900.0
2018-08-02,0.4271513657293929,0.4271513657293929,0.4085795845458355,0.412293940782547,824700.0
2018-08-03,0.4160083004714709,0.4234370130065405,0.4048652316688665,0.4085795879364013,1110000.0
2018-08-06,0.4122939512367914,0.4122939512367914,0.3937221253037024,0.4011508822441101,475000.0
2018-08-07,0.4011508720724125,0.4197226532559699,0.397436515835701,0.412293940782547,1142700.0
2018-08-08,0.4160082547859216,0.4308656782244356,0.4085795430666646,0.4271513223648071,361200.0
2018-08-10,0.4271513511732046,0.4457231760025024,0.4271513511732046,0.4457231760025024,1179900.0
2018-08-13,0.4420088110197595,0.4494375230909123,0.43458005466999,0.4382944107055664,456300.0
2018-08-14,0.438294474036343,0.438294474036343,0.4234370477472333,0.4345801174640655,523300.0
2018-08-15,0.4271513831280425,0.456866278510695,0.4085796011880228,0.4420088529586792,3460900.0
2018-08-16,0.4420088529586792,0.4494375657346871,0.4271513831280425,0.4420088529586792,930200.0
2018-08-17,0.4457232314595208,0.4457232314595208,0.4308657608917882,0.4345801174640655,346000.0
2018-08-20,0.4308657608917882,0.4345801174640656,0.4234370477472333,0.4345801174640655,133900.0
2018-08-21,0.4308657608917882,0.4345801174640656,0.4234370477472333,0.4345801174640655,65300.0
2018-08-23,0.427151415595962,0.427151415595962,0.4197227022552952,0.4234370589256286,244000.0
2018-08-24,0.4197226498351312,0.4197226498351312,0.412293937422254,0.4160082936286926,648100.0
2018-08-27,0.4234370060415698,0.4271513622480085,0.4160082936286926,0.4160082936286926,343400.0
2018-08-28,0.4234370060415698,0.4234370060415698,0.412293937422254,0.4160082936286926,368800.0
2018-08-29,0.4197226464748382,0.4271513588282413,0.4160082902981367,0.4197226464748382,314700.0
2018-08-30,0.4197226498351312,0.430865718454447,0.4160082936286926,0.4160082936286926,228600.0
2018-08-31,0.4122939442039361,0.4160083004714709,0.4048652316688665,0.4085795879364013,300700.0
2018-09-03,0.4085795949058977,0.4085795949058977,0.4011508822441101,0.4011508822441101,292400.0
2018-09-04,0.4011508688029381,0.4197226498351312,0.4011508688029381,0.4160082936286926,713800.0
2018-09-05,0.4160083039870267,0.4197226602859503,0.4048652350902557,0.4048652350902557,531100.0
2018-09-06,0.412293937422254,0.4234370060415698,0.412293937422254,0.4160082936286926,287600.0
2018-09-07,0.4085795913891794,0.4160083039870267,0.4011508787913321,0.4048652350902557,315000.0
2018-09-10,0.4011508737299106,0.4011508737299106,0.3900077606951154,0.3937221169471741,550900.0
2018-09-11,0.3937221253037024,0.4011508822441101,0.3862934126419148,0.4011508822441101,432300.0
2018-09-12,0.4011508787913321,0.4048652350902557,0.3900077656159413,0.4048652350902557,297200.0
2018-09-13,0.3937221253037024,0.4048652385750039,0.3937221253037024,0.4011508822441101,232200.0
2018-09-14,0.4011508822441101,0.4085795949058977,0.4011508822441101,0.4011508822441101,151900.0
2018-09-17,0.3937220992320894,0.4011508556805774,0.3937220992320894,0.3974364995956421,46300.0
2018-09-18,0.3937221153203705,0.412293940782547,0.3937221153203705,0.412293940782547,165400.0
2018-09-19,0.4122939341214351,0.4197226464748382,0.4048652217680321,0.4197226464748382,243300.0
2018-09-20,0.4122939341214351,0.4234370026515398,0.4085795779447336,0.4197226464748382,78500.0
2018-09-21,0.4122939442039361,0.4122939442039361,0.4085795879364013,0.4085795879364013,31800.0
2018-09-24,0.4085795845458355,0.4160082970192584,0.4085795845458355,0.412293940782547,15900.0
2018-09-25,0.4085795879364013,0.4122939442039361,0.4085795879364013,0.4085795879364013,36900.0
2018-09-26,0.4048652316688665,0.4085795879364013,0.4048652316688665,0.4085795879364013,38400.0
2018-09-27,0.4085795913891794,0.4085795913891794,0.3974365224924084,0.4048652350902557,74800.0
2018-09-28,0.4011508720724125,0.412293940782547,0.4011508720724125,0.412293940782547,28200.0
2018-10-01,0.4122939530781831,0.4345800911630804,0.4122939530781831,0.4308657348155975,194900.0
2018-10-02,0.427151415595962,0.427151415595962,0.4160083455849618,0.4234370589256286,62700.0
2018-10-03,0.4271513784681146,0.4308657348155975,0.4271513784681146,0.4308657348155975,27800.0
2018-10-04,0.4234370026515398,0.4271513588282413,0.4160082902981367,0.4197226464748382,23200.0
2018-10-05,0.4160082936286926,0.4160082936286926,0.4160082936286926,0.4160082936286926,1400.0
2018-10-08,0.4160083039870267,0.4160083039870267,0.4048652350902557,0.4048652350902557,60600.0
2018-10-09,0.4048652217680321,0.4197226464748382,0.4048652217680321,0.4197226464748382,62100.0
2018-10-10,0.4197226567390057,0.4197226567390057,0.4048652316688665,0.4085795879364013,107000.0
2018-10-11,0.3974364995956421,0.4048652117655128,0.3974364995956421,0.3974364995956421,119000.0
2018-10-12,0.4011508787913321,0.4048652350902557,0.4011508787913321,0.4048652350902557,116000.0
2018-10-15,0.3974364995956421,0.4085795678504482,0.3974364995956421,0.3974364995956421,7100.0
2018-10-16,0.3974365174778519,0.3974365174778519,0.3862934044430567,0.3937221169471741,261900.0
2018-10-17,0.4011508498551627,0.4048652058861591,0.3862933814525604,0.3862933814525604,53200.0
2018-10-18,0.3862934078165325,0.4011508772331358,0.3862934078165325,0.3900077641010284,92000.0
2018-10-19,0.3900077606951154,0.3937221169471741,0.3751503356868806,0.3937221169471741,87300.0
2018-10-22,0.3862933668735801,0.3862933668735801,0.3640072315286958,0.3677215874195099,710600.0
2018-10-23,0.3714359944055475,0.3714359944055475,0.3342923861092685,0.3380067646503448,500700.0
2018-10-24,0.3342923717007466,0.3342923717007466,0.2822913400387299,0.304577499628067,5033400.0
2018-10-25,0.3045775058506998,0.3045775058506998,0.2822913458060482,0.2897200584411621,1601400.0
2018-10-26,0.2897200451434817,0.2934344234298647,0.2674339082610376,0.2711482644081116,1220300.0
2018-10-29,0.2785769669297741,0.2897200349800971,0.2785769669297741,0.2822913229465484,531200.0
2018-10-30,0.2711482939588893,0.2785770070626469,0.2562908456120627,0.2637195587158203,912300.0
2018-10-31,0.2637195220583168,0.2637195220583168,0.2117184932816303,0.2191472053527832,4265700.0
2018-11-01,0.2154328592272235,0.2191472154336621,0.200575434401469,0.2080041468143463,3453200.0
2018-11-02,0.211718497290128,0.2525764587336551,0.211718497290128,0.2488621026277542,11925400.0
2018-11-05,0.2488621026277542,0.2488621026277542,0.2488621026277542,0.2488621026277542,0.0
2018-11-07,0.2488621026277542,0.2488621026277542,0.2488621026277542,0.2488621026277542,0.0
2018-11-08,0.2488621026277542,0.2488621026277542,0.2488621026277542,0.2488621026277542,0.0
2018-11-09,0.2711482713137161,0.326863659217404,0.2525764679660503,0.304577499628067,10560500.0
2018-11-12,0.3157205678760891,0.3231492798272838,0.2860056757926941,0.2860056757926941,3817700.0
2018-11-13,0.2748626306574726,0.3082918593491039,0.263719539667389,0.3008631467819214,2520100.0
2018-11-14,0.2860056789633228,0.297148769152954,0.2711482548962254,0.2822913229465484,821300.0
2018-11-15,0.2822913181780229,0.3045774760415146,0.2785769622239923,0.2971487641334533,2431500.0
2018-11-16,0.2971487974602452,0.3045775102014755,0.2897200625797047,0.2934344410896301,994700.0
2018-11-19,0.297148793215586,0.3045775058506998,0.2860057021236051,0.2897200584411621,1081100.0
2018-11-20,0.2822913563591385,0.289720069271965,0.2785769999027252,0.2785769999027252,897300.0
2018-11-21,0.2748626078659019,0.2860056757926941,0.2748626078659019,0.2860056757926941,199800.0
2018-11-22,0.2822913328493336,0.2822913328493336,0.2600051738275805,0.2711482644081116,721800.0
2018-11-23,0.2748625874519348,0.2822912988514012,0.2748625874519348,0.2748625874519348,373700.0
2018-11-26,0.2785769801407265,0.2785769801407265,0.2674339115619659,0.2674339115619659,585100.0
2018-11-27,0.2711482702700119,0.2711482702700119,0.2488621107664587,0.2562908232212066,1631900.0
2018-11-28,0.2562908492648569,0.2600052058696747,0.2525764926600391,0.2600052058696747,336800.0
2018-11-29,0.2711482978234398,0.2711482978234398,0.2525764926600391,0.2600052058696747,701500.0
2018-11-30,0.2562908148395559,0.2600051709454568,0.2451477465218533,0.2488621026277542,337500.0
2018-12-03,0.2562908176805065,0.2748626205551856,0.2488621053863584,0.2711482644081116,1529600.0
2018-12-04,0.263719570323484,0.263719570323484,0.2525765001773834,0.2525765001773834,278300.0
2018-12-05,0.2488621360552213,0.2637195624744925,0.2451477794504035,0.2600052058696747,612000.0
2018-12-06,0.2562908338259677,0.2600051902070337,0.2451477646827697,0.2451477646827697,503400.0
2018-12-07,0.2525764751612479,0.2600051878562137,0.2191472237552816,0.2154328674077987,3235800.0
2018-12-10,0.2191472154336621,0.2228615937794101,0.2042897906079077,0.2080041468143463,1514700.0
2018-12-11,0.2080041727924809,0.2117185294628143,0.2042898161221474,0.2117185294628143,355000.0
2018-12-12,0.211718512974555,0.2525764774449017,0.208004156593489,0.2451477646827697,2407000.0
2018-12-13,0.2451477557147621,0.2488621119599493,0.2302903085947036,0.2302903085947036,964400.0
2018-12-14,0.2302903002215233,0.2302903002215233,0.2191472097518064,0.2228615880012512,604400.0
2018-12-17,0.2228615994476488,0.2377190246512855,0.2228615994476488,0.226575955748558,553800.0
2018-12-18,0.2302903085947036,0.2340046648398908,0.2228615961043292,0.2302903085947036,819500.0
2018-12-19,0.2265759567640739,0.2488621168087256,0.2265759567640739,0.2414333820343017,1269300.0
2018-12-20,0.2377190511766035,0.2525765001773834,0.2377190511766035,0.2525765001773834,838700.0
2018-12-21,0.2525764587336551,0.2637195270513577,0.2488621026277542,0.2488621026277542,1260300.0
2018-12-24,0.2488621434620165,0.2562908568927503,0.2488621434620165,0.2525765001773834,120500.0
2018-12-26,0.2488621168087256,0.2525764731262826,0.2414333820343017,0.2414333820343017,1076500.0
2018-12-27,0.2525764587336551,0.2525764587336551,0.2451477465218533,0.2488621026277542,524300.0
2018-12-28,0.2488621210638357,0.2562908338259677,0.2451477646827697,0.2451477646827697,1107100.0
2018-12-31,0.2451477604911687,0.2451477604911687,0.2340046693991878,0.2414333820343017,615400.0
2019-01-01,0.2414333820343017,0.2414333820343017,0.2414333820343017,0.2414333820343017,0.0
2019-01-02,0.2451477365431202,0.2451477365431202,0.2265759346302719,0.2340046465396881,1393700.0
2019-01-03,0.2302903085947036,0.2340046648398908,0.2265759523495164,0.2302903085947036,892800.0
2019-01-04,0.2265759567640739,0.2414333820343017,0.2228616004465169,0.2414333820343017,1594900.0
2019-01-07,0.2414334006939454,0.2414334006939454,0.2340046874846892,0.2377190440893173,1259800.0
2019-01-08,0.2377190297813274,0.2488621210638357,0.2377190297813274,0.2451477646827697,1184800.0
2019-01-09,0.2488620938974123,0.2860056757926941,0.2488620938974123,0.2860056757926941,5317200.0
2019-01-10,0.2897200317682915,0.2971487658587942,0.2748626078659019,0.2860056757926941,3830100.0
2019-01-11,0.2897200349800971,0.297148769152954,0.2785769669297741,0.2822913229465484,1883800.0
2019-01-14,0.2860057128155517,0.289720069271965,0.2785769999027252,0.2785769999027252,1079900.0
2019-01-15,0.2785769934678592,0.3008631538308604,0.2785769934678592,0.2934344410896301,4310700.0
2019-01-16,0.2971487641334533,0.3082918319955453,0.2897200300860842,0.2971487641334533,5032600.0
2019-01-17,0.297148793215586,0.3008631495331429,0.2897200584411621,0.2897200584411621,2237500.0
2019-01-18,0.2934344081794227,0.300863120087484,0.2934344081794227,0.2971487641334533,950700.0
2019-01-21,0.300863120087484,0.3082918319955453,0.2971487641334533,0.2971487641334533,2329600.0
2019-01-22,0.300863120087484,0.3120061879495759,0.2971487641334533,0.2971487641334533,4383600.0
2019-01-23,0.3008631538308604,0.3045775102014755,0.2934344410896301,0.2934344410896301,2816500.0
2019-01-24,0.2971487641334533,0.3045774760415146,0.2934344081794227,0.2971487641334533,947900.0
2019-01-25,0.2971487974602452,0.3008631538308604,0.2934344410896301,0.2934344410896301,1259900.0
2019-01-28,0.2934344098831968,0.2934344098831968,0.2860056757926941,0.2860056757926941,1680800.0
2019-01-29,0.2822913563591385,0.2822913563591385,0.2748626434463119,0.2785769999027252,1721900.0
2019-01-30,0.2822913458060482,0.293434436898029,0.2822913458060482,0.2897200584411621,1940400.0
2019-01-31,0.2934344081794227,0.2971487641334533,0.2897200300860842,0.2971487641334533,1176600.0
2019-02-01,0.293434436898029,0.293434436898029,0.2897200584411621,0.2897200584411621,537400.0
2019-02-04,0.2934344410896301,0.2934344410896301,0.2860057062090895,0.2934344410896301,1036300.0
2019-02-05,0.2934344410896301,0.2934344410896301,0.2934344410896301,0.2934344410896301,0.0
2019-02-07,0.2934344309030532,0.3120062121114095,0.2934344309030532,0.304577499628067,4394600.0
2019-02-08,0.3008631526574132,0.3342923820018768,0.3008631526574132,0.3342923820018768,6704300.0
2019-02-11,0.3342923726353397,0.3528641760349273,0.3342923726353397,0.3528641760349273,6045800.0
2019-02-12,0.3528641417169462,0.3677215874195099,0.3528641417169462,0.3677215874195099,5418600.0
2019-02-13,0.3714359748728106,0.4271513622480085,0.367721618666372,0.4160082936286926,13370700.0
2019-02-14,0.419722654990204,0.4234370112422627,0.3937221169471741,0.3937221169471741,13073500.0
2019-02-15,0.3937221203855243,0.4011508772331358,0.3751503389630447,0.3900077641010284,5692300.0
2019-02-18,0.3900077508599295,0.3937221070183199,0.3714359700679779,0.3714359700679779,2145700.0
2019-02-19,0.3751503196668247,0.3900077440406024,0.3751503196668247,0.3788646757602691,2690600.0
2019-02-20,0.3825790497850384,0.4160083004714709,0.3825790497850384,0.4085795879364013,11986800.0
2019-02-21,0.4122939460866235,0.4160083023711194,0.3900077641010284,0.3900077641010284,5192400.0
2019-02-22,0.3862934060525732,0.4122939442039361,0.3862934060525732,0.4085795879364013,6859300.0
2019-02-25,0.412293947688103,0.4160083039870267,0.4011508787913321,0.4048652350902557,6194800.0
2019-02-26,0.4085795879364013,0.4122939442039361,0.397436519133797,0.4085795879364013,2993300.0
2019-02-27,0.4085795706225243,0.4494375321126385,0.4085795706225243,0.4457231760025024,20867500.0
2019-02-28,0.4605806577486305,0.4605806577486305,0.4308657608917882,0.4345801174640655,18186700.0
2019-03-01,0.4382944522920544,0.4457232093466832,0.4308657395160465,0.4420088529586792,4575900.0
2019-03-04,0.4494375230909123,0.4568662351620651,0.4382944107055664,0.4382944107055664,5723800.0
2019-03-05,0.4382944107055664,0.4457231670553359,0.43458005466999,0.4382944107055664,2906100.0
2019-03-06,0.4420088110197595,0.4494375230909123,0.43458005466999,0.4382944107055664,5446300.0
2019-03-07,0.4382944273583459,0.4420088278136658,0.4197226464748382,0.4197226464748382,4493200.0
2019-03-08,0.4197226532559699,0.4234370094926814,0.4011508720724125,0.412293940782547,12308500.0
2019-03-11,0.4085795779447336,0.4197226464748382,0.4048652217680321,0.4197226464748382,1965800.0
2019-03-12,0.4197226305276843,0.4457231670553359,0.4197226305276843,0.4382944107055664,9371600.0
2019-03-13,0.4382944273583459,0.4420088278136658,0.4197226464748382,0.4197226464748382,4648900.0
2019-03-14,0.4197227022552952,0.4308657722662954,0.4197227022552952,0.4234370589256286,2122800.0
2019-03-15,0.4271513223648071,0.4308656782244356,0.4234369665051786,0.4271513223648071,1177300.0
2019-03-18,0.4271513223648071,0.4382943899436926,0.4271513223648071,0.4271513223648071,4504400.0
2019-03-19,0.427151415595962,0.4308657722662954,0.4197227022552952,0.4234370589256286,1250600.0
2019-03-20,0.4234370026515398,0.4271513588282413,0.4197226464748382,0.4197226464748382,1106100.0
2019-03-21,0.4234369665051786,0.4308656782244356,0.4197226106455501,0.4271513223648071,1332400.0
2019-03-22,0.4308657348155975,0.4382944475105633,0.4308657348155975,0.4308657348155975,3828300.0
2019-03-25,0.427151415595962,0.427151415595962,0.4197227022552952,0.4234370589256286,1285700.0
2019-03-26,0.4271513223648071,0.4308656782244356,0.4234369665051786,0.4271513223648071,805400.0
2019-03-27,0.4271514043195107,0.4420088748872434,0.4271514043195107,0.4345801174640655,6338500.0
2019-03-28,0.4308656782244356,0.4382943899436926,0.4271513223648071,0.4271513223648071,1337200.0
2019-03-29,0.4308656782244356,0.4308656782244356,0.4234369665051786,0.4271513223648071,794900.0
2019-04-01,0.427151415595962,0.4308657722662954,0.4197227022552952,0.4234370589256286,2873100.0
2019-04-02,0.4271513588282413,0.4271513588282413,0.4197226464748382,0.4197226464748382,2367600.0
2019-04-03,0.4160083455849618,0.427151415595962,0.4160083455849618,0.4234370589256286,2292400.0
2019-04-04,0.4234370589256286,0.4308657722662954,0.4197227022552952,0.4234370589256286,5649300.0
2019-04-05,0.4234370094926814,0.4271513657293929,0.412293940782547,0.412293940782547,5193700.0
2019-04-08,0.412293937422254,0.4197226498351312,0.4085795812158154,0.4160082936286926,3893000.0
2019-04-09,0.4160082936286926,0.4197226498351312,0.412293937422254,0.4160082936286926,977300.0
2019-04-10,0.412293940782547,0.4160082970192584,0.4085795845458355,0.412293940782547,1116500.0
2019-04-11,0.412293947688103,0.4160083039870267,0.4048652350902557,0.4048652350902557,7281900.0
2019-04-12,0.4085795898021276,0.4085795898021276,0.3900077641010284,0.3900077641010284,1835600.0
2019-04-15,0.3937220992320894,0.3974364995956421,0.390007743147154,0.3974364995956421,760200.0
2019-04-16,0.3900077606951154,0.3974365174778519,0.3900077606951154,0.3937221169471741,924800.0
2019-04-17,0.3937220992320894,0.4122939239353836,0.390007743147154,0.3974364995956421,1725600.0
2019-04-18,0.3974364995956421,0.4048652117655128,0.390007743147154,0.3974364995956421,817400.0
2019-04-22,0.4011508772331358,0.4011508772331358,0.3900077641010284,0.3900077641010284,295100.0
2019-04-23,0.3937221203855243,0.3974365209486398,0.3900077641010284,0.3900077641010284,554100.0
2019-04-24,0.3900077641010284,0.3974365209486398,0.3862934078165325,0.3900077641010284,879500.0
2019-04-25,0.3862933846683321,0.3937220967921666,0.3825790286064148,0.3825790286064148,625700.0
2019-04-26,0.3825790286064148,0.3862933846683321,0.3825790286064148,0.3825790286064148,292300.0
2019-04-29,0.3825790286064148,0.3862933846683321,0.3825790286064148,0.3825790286064148,384700.0
2019-04-30,0.3900077641010284,0.3974365209486398,0.3862934078165325,0.3900077641010284,1074500.0
2019-05-02,0.3862933846683321,0.3900077407302493,0.3751503164825802,0.3825790286064148,570500.0
2019-05-03,0.3788646693905676,0.3862933814525604,0.3714359573285747,0.3862933814525604,506400.0
2019-05-06,0.3825790385431489,0.3825790385431489,0.3640072577511972,0.3714359700679779,855100.0
2019-05-07,0.3788646757602691,0.3825790318537135,0.3677216074799359,0.3788646757602691,977100.0
2019-05-08,0.3751503262263682,0.3751503262263682,0.3677216139095876,0.3714359700679779,332200.0
2019-05-09,0.3714359448426055,0.3751503007487424,0.3528641431726138,0.3565784990787506,521800.0
2019-05-10,0.360292877124195,0.3714359448426055,0.3528641431726138,0.3565784990787506,485600.0
2019-05-13,0.3602929141929575,0.3602929141929575,0.3491498231887817,0.3491498231887817,389000.0
2019-05-14,0.3454354669004931,0.3491498231887817,0.3380067543239157,0.3491498231887817,428700.0
2019-05-15,0.3491497858261322,0.3714359433103239,0.3491497858261322,0.3677215874195099,1128000.0
2019-05-16,0.3714359700679779,0.3714359700679779,0.3640072577511972,0.3714359700679779,292800.0
2019-05-17,0.371435979434515,0.371435979434515,0.3454354635308161,0.3528641760349273,493500.0
2019-05-21,0.3528641865858438,0.3528641865858438,0.3380067611333727,0.3417211174964905,304100.0
2019-05-22,0.3454354806283983,0.3454354806283983,0.3231493198736851,0.3268636763095855,492200.0
2019-05-23,0.3208202830831591,0.3245507478713989,0.3096288664831157,0.3245507478713989,1219800.0
2019-05-24,0.3208202864664283,0.3357421457767486,0.3208202864664283,0.3357421457767486,476300.0
2019-05-27,0.3320116736230128,0.3506640195846557,0.3320116736230128,0.3506640195846557,429800.0
2019-05-28,0.350664041434356,0.3581249713897705,0.3432031114789416,0.3581249713897705,752900.0
2019-05-29,0.3581249713897705,0.3618554586028029,0.350664041434356,0.3581249713897705,526000.0
2019-05-30,0.3506640231441429,0.3805077636445122,0.3506640231441429,0.3693163692951202,2271500.0
2019-05-31,0.3693163834005874,0.3916991729542473,0.3693163834005874,0.3842382431030273,2910100.0
2019-06-03,0.3805077830899743,0.3805077830899743,0.361855458221113,0.3655859231948852,637400.0
2019-06-04,0.3655859422629949,0.3655859422629949,0.35066405935429,0.3618554770946502,487300.0
2019-06-06,0.365585973797563,0.3693164392876886,0.3543945550918579,0.3543945550918579,660500.0
2019-06-07,0.3543945550918579,0.3581250205819835,0.3469336241116066,0.3543945550918579,471600.0
2019-06-10,0.361855458221113,0.3730468531424298,0.3581249710120155,0.3655859231948852,1100100.0
2019-06-11,0.3655859045119896,0.3693163692951202,0.3618554397288589,0.3693163692951202,287800.0
2019-06-12,0.3655859235805101,0.3655859235805101,0.3543945064120632,0.3581249713897705,537200.0
2019-06-13,0.3581249713897705,0.3581249713897705,0.3469335764566488,0.3581249713897705,661200.0
2019-06-14,0.3618554865868804,0.3618554865868804,0.3469336032867431,0.3469336032867431,450000.0
2019-06-17,0.3506640195846557,0.3543944843299195,0.3506640195846557,0.3506640195846557,119900.0
2019-06-18,0.3506640685529457,0.3543945338191483,0.3469336032867431,0.3469336032867431,483700.0
2019-06-19,0.3506640896017323,0.3543945550918579,0.3469336241116066,0.3543945550918579,280900.0
2019-06-20,0.3543945268029347,0.3805078053846955,0.3543945268029347,0.373046875,1820100.0
2019-06-21,0.3805077830899743,0.3805077830899743,0.361855458221113,0.3655859231948852,510700.0
2019-06-24,0.365585973797563,0.3693164392876886,0.3543945550918579,0.3543945550918579,425000.0
2019-06-25,0.3581249490751834,0.3581249490751834,0.3506640195846557,0.3506640195846557,338600.0
2019-06-26,0.3543945064120632,0.3618554586028029,0.350664041434356,0.3581249713897705,511400.0
2019-06-27,0.3655859422629949,0.3730468725996841,0.3618554770946502,0.3618554770946502,1246200.0
2019-06-28,0.3655859422629949,0.3655859422629949,0.3618554770946502,0.3618554770946502,219600.0
2019-07-01,0.3655859045119896,0.3767772988613815,0.3655859045119896,0.3693163692951202,409500.0
2019-07-02,0.3693163881686575,0.3693163881686575,0.361855458221113,0.3655859231948852,103900.0
2019-07-03,0.3655859045119896,0.3693163692951202,0.3581249527104042,0.3693163692951202,383300.0
2019-07-04,0.3693164074313395,0.3730468725996841,0.3618554770946502,0.3618554770946502,262100.0
2019-07-05,0.3655859231948852,0.3655859231948852,0.3581249710120155,0.3655859231948852,276200.0
2019-07-08,0.3618554586028029,0.3655859235805101,0.3543945064120632,0.3581249713897705,237900.0
2019-07-09,0.3581249896909793,0.3618554770946502,0.3581249896909793,0.3618554770946502,246800.0
2019-07-10,0.3655859235805101,0.3655859235805101,0.3581249713897705,0.3581249713897705,121600.0
2019-07-11,0.3581249713897705,0.3618554586028029,0.3581249713897705,0.3581249713897705,155200.0
2019-07-12,0.3618554770946502,0.3655859422629949,0.3581249896909793,0.3618554770946502,142300.0
2019-07-15,0.3618554770946502,0.3618554770946502,0.3581249896909793,0.3618554770946502,266200.0
2019-07-16,0.361855458221113,0.3693163881686575,0.361855458221113,0.3655859231948852,300600.0
2019-07-17,0.3618554586028029,0.3655859235805101,0.3581249713897705,0.3581249713897705,175900.0
2019-07-18,0.3581249713897705,0.3581249713897705,0.3543945064120632,0.3581249713897705,274300.0
2019-07-19,0.3618554586028029,0.3618554586028029,0.3581249713897705,0.3581249713897705,152700.0
2019-07-22,0.3618554535493674,0.3842382431030273,0.3581249663884325,0.3842382431030273,2783200.0
2019-07-23,0.384238264638753,0.3991601696481833,0.384238264638753,0.3916991949081421,3434000.0
2019-07-24,0.3916991501308922,0.3991601240180292,0.3730468265896677,0.3767772912979126,21757714.0
2019-07-25,0.3805078053846955,0.3805078053846955,0.3693164098076522,0.373046875,457500.0
2019-07-26,0.3805077560061575,0.3842382207144024,0.3693163618814228,0.3767772912979126,686300.0
2019-07-29,0.3730468535359245,0.3767773185136318,0.3581249713897705,0.3581249713897705,1242700.0
2019-07-30,0.3618554586028029,0.3693163885582173,0.3581249713897705,0.3581249713897705,893000.0
2019-07-31,0.3618554586028029,0.3693163885582173,0.3581249713897705,0.3581249713897705,566400.0
2019-08-01,0.3581250205819835,0.3581250205819835,0.3543945550918579,0.3543945550918579,624500.0
2019-08-02,0.3543944843299195,0.3543944843299195,0.3506640195846557,0.3506640195846557,661900.0
2019-08-05,0.3506640471018367,0.3506640471018367,0.3320116996765136,0.3320116996765136,1346500.0
2019-08-06,0.3282812346385141,0.3357421647145132,0.3208203045625151,0.3320116996765136,831600.0
2019-08-07,0.3357421457767486,0.3432030976672331,0.3282812161215884,0.3357421457767486,738400.0
2019-08-08,0.3282812346385141,0.3320116996765136,0.3245507696005146,0.3320116996765136,654900.0
2019-08-13,0.3320116656790813,0.3320116656790813,0.3133593201637268,0.3133593201637268,1027300.0
2019-08-14,0.3170898216388482,0.339472632839653,0.3170898216388482,0.3357421457767486,720600.0
2019-08-15,0.3282812535762787,0.3320117188294798,0.3208203230698763,0.3282812535762787,1240200.0
2019-08-16,0.3320117188294798,0.3320117188294798,0.3208203230698763,0.3282812535762787,615200.0
2019-08-19,0.3282812160399304,0.3432030975818634,0.3282812160399304,0.3432030975818634,1403600.0
2019-08-20,0.3394726514816284,0.3394726514816284,0.3357421642138661,0.3394726514816284,455000.0
2019-08-21,0.3357421642138661,0.3394726514816284,0.3320116991814293,0.3394726514816284,377000.0
2019-08-22,0.3394726327552112,0.3543944920618199,0.3357421456932348,0.3432030975818634,1355200.0
2019-08-23,0.3432030976672331,0.3432030976672331,0.3282812161215884,0.3357421457767486,502500.0
2019-08-26,0.3282812535762787,0.3282812535762787,0.3245507883230775,0.3282812535762787,311800.0
2019-08-27,0.3282812317822479,0.3357421617933318,0.3208203017711639,0.3208203017711639,832500.0
2019-08-28,0.3245507441219732,0.3245507441219732,0.3058983981609344,0.3058983981609344,881600.0
2019-08-29,0.3096288664831157,0.3245507478713989,0.3021679369066361,0.3245507478713989,595300.0
2019-08-30,0.3170898070550563,0.3245507363670687,0.3133593201637268,0.3133593201637268,591700.0
2019-09-02,0.3096288555077205,0.3133593201637268,0.3058983908517143,0.3133593201637268,835500.0
2019-09-03,0.3133593682076451,0.320820320898886,0.3133593682076451,0.3170898556709289,281800.0
2019-09-04,0.3170898395245156,0.3320116996765136,0.3170898395245156,0.3320116996765136,470500.0
2019-09-05,0.3357421422361183,0.3357421422361183,0.3208202830831591,0.3245507478713989,99900.0
2019-09-06,0.3282812346385141,0.3320116996765136,0.3208203045625151,0.3320116996765136,251200.0
2019-09-09,0.3320116991814293,0.3394726514816284,0.3320116991814293,0.3394726514816284,632900.0
2019-09-10,0.3394726514816284,0.3432031165140652,0.3357421642138661,0.3394726514816284,584200.0
2019-09-11,0.3394726931313554,0.3543945550918579,0.3394726931313554,0.3543945550918579,1419300.0
2019-09-12,0.3543944920618199,0.3618554439504485,0.3394726327552112,0.3432030975818634,1027200.0
2019-09-13,0.3432030900941281,0.3543944843299195,0.3394726253488643,0.3506640195846557,375900.0
2019-09-16,0.3432031165140652,0.3432031165140652,0.3394726514816284,0.3394726514816284,204700.0
2019-09-17,0.3394726519878382,0.3394726519878382,0.3245507696005146,0.3320116996765136,1219100.0
2019-09-18,0.3320116967877898,0.3320116967877898,0.3170898367656219,0.3208203017711639,671500.0
2019-09-19,0.3208202830831591,0.3282812126596387,0.3208202830831591,0.3245507478713989,228500.0
2019-09-20,0.3208202864664283,0.339472632839653,0.3208202864664283,0.3357421457767486,1298000.0
2019-09-23,0.3357421647145132,0.3357421647145132,0.3245507696005146,0.3320116996765136,227800.0
2019-09-24,0.3320116809491685,0.3357421457767486,0.3282812161215884,0.3357421457767486,218400.0
2019-09-25,0.3282812346385141,0.3357421647145132,0.3282812346385141,0.3320116996765136,663700.0
2019-09-26,0.3320116996765136,0.3394726519878382,0.3320116996765136,0.3320116996765136,588600.0
2019-09-27,0.3394726514816284,0.3432031165140652,0.3282812341489926,0.3394726514816284,673000.0
2019-09-30,0.3394726253488643,0.3543944843299195,0.3394726253488643,0.3506640195846557,798000.0
2019-10-01,0.3506640272351677,0.3506640272351677,0.3432030975818634,0.3432030975818634,611400.0
2019-10-02,0.3432030976672331,0.3432030976672331,0.3357421457767486,0.3357421457767486,516200.0
2019-10-03,0.3320117199866059,0.3469336032867431,0.3320117199866059,0.3469336032867431,764900.0
2019-10-04,0.3469335815465019,0.3469335815465019,0.3357421642138661,0.3394726514816284,373500.0
2019-10-07,0.3432031165140652,0.3469335815465019,0.3357421642138661,0.3394726514816284,341100.0
2019-10-08,0.339472672754338,0.3506640685529457,0.339472672754338,0.3469336032867431,410100.0
2019-10-09,0.3432031380205406,0.3469336032867431,0.339472672754338,0.3469336032867431,132200.0
2019-10-10,0.3432031380205406,0.3469336032867431,0.339472672754338,0.3469336032867431,267100.0
2019-10-11,0.3469335548393919,0.3581249490751834,0.3432030900941281,0.3506640195846557,1049000.0
2019-10-14,0.3543945550918579,0.3581250205819835,0.3506640896017323,0.3543945550918579,471100.0
2019-10-15,0.3543945064120632,0.3581249713897705,0.350664041434356,0.3581249713897705,450900.0
2019-10-16,0.3581249896909793,0.3655859422629949,0.3543945245226347,0.3618554770946502,842900.0
2019-10-17,0.3618554586028029,0.3618554586028029,0.3543945064120632,0.3581249713897705,444800.0
2019-10-18,0.3618554586028029,0.3618554586028029,0.3543945064120632,0.3581249713897705,335700.0
2019-10-21,0.3581249713897705,0.3618554586028029,0.350664041434356,0.3581249713897705,1369800.0
2019-10-22,0.3543944843299195,0.3581249490751834,0.3506640195846557,0.3506640195846557,132500.0
2019-10-23,0.3543945268029347,0.373046875,0.3506640616105869,0.373046875,3108800.0
2019-10-24,0.3730468265896677,0.3805077560061575,0.3655858971731779,0.3767772912979126,1147800.0
2019-10-25,0.3767773132518073,0.3879687080286373,0.3767773132518073,0.3842382431030273,1430200.0
2019-10-29,0.3842382284276429,0.3879686932107735,0.3693163692951202,0.3693163692951202,748800.0
2019-10-30,0.3693163692951202,0.3730468340782509,0.3581249527104042,0.3693163692951202,1426300.0
2019-10-31,0.373046875,0.3842382705770433,0.3693164098076522,0.373046875,549800.0
2019-11-01,0.3693164305980597,0.3805078268051147,0.3655859651957081,0.3805078268051147,593500.0
2019-11-04,0.3805077889432697,0.3916991840367422,0.3805077889432697,0.3879687190055847,1554100.0
2019-11-05,0.3916991949081421,0.3954296600428366,0.3879687297734476,0.3916991949081421,1253300.0
2019-11-06,0.3916991949081421,0.3916991949081421,0.384238264638753,0.3916991949081421,647500.0
2019-11-07,0.3916992038509552,0.414082039640793,0.3916992038509552,0.4103515744209289,5398500.0
2019-11-08,0.4066210803444001,0.4103515452995244,0.3916991760532528,0.3954296410083771,2131300.0
2019-11-11,0.3954296600428366,0.3991601696481833,0.3805077995040585,0.3916991949081421,1394300.0
2019-11-12,0.387968736448299,0.3991601765155792,0.3842382712494233,0.3991601765155792,582800.0
2019-11-13,0.39542964810109,0.4103515526598875,0.3916991830790534,0.4028906226158142,1317400.0
2019-11-14,0.4028906226158142,0.4066210876378509,0.3991601575937776,0.4028906226158142,673200.0
2019-11-15,0.4103515786801244,0.4401953007487965,0.4103515786801244,0.4327343702316284,6195300.0
2019-11-18,0.4327343807846277,0.4439258213039567,0.4252734500855116,0.4364648461341858,2894300.0
2019-11-19,0.4290038724759581,0.432734337451959,0.4178124775479553,0.4215429425239563,1695200.0
2019-11-20,0.4215429590058028,0.4252734241276606,0.4066210985183716,0.4066210985183716,1714900.0
2019-11-21,0.3991601696481833,0.3991601696481833,0.3805077995040585,0.3916991949081421,1818800.0
2019-11-22,0.395429658682146,0.4103515636402294,0.3916991935602881,0.4066210985183716,1078000.0
2019-11-25,0.4066210985183716,0.417812493883945,0.4066210985183716,0.4066210985183716,1088000.0
2019-11-26,0.414082039640793,0.4178125048606571,0.4028906439812008,0.4103515744209289,951500.0
2019-11-27,0.4103515526598875,0.4103515526598875,0.4028906226158142,0.4028906226158142,444600.0
2019-11-28,0.4103515536631805,0.4103515536631805,0.3842382539744272,0.3879687190055847,1268600.0
2019-11-29,0.3879687110981284,0.4028906153892758,0.3842382461430041,0.3954296410083771,525300.0
2019-12-02,0.395429658682146,0.4103515636402294,0.395429658682146,0.4066210985183716,793800.0
2019-12-03,0.4028906226158142,0.4103515526598875,0.3991601575937776,0.4028906226158142,877600.0
2019-12-04,0.3991601575937776,0.4103515526598875,0.3991601575937776,0.4028906226158142,1864200.0
2019-12-05,0.4066211092010648,0.414082039640793,0.4066211092010648,0.4103515744209289,950900.0
2019-12-06,0.4103515661346525,0.4178124964237213,0.4103515661346525,0.4178124964237213,2072300.0
2019-12-09,0.4178125175622932,0.4327343788953789,0.4103515868957503,0.425273448228836,3218000.0
2019-12-10,0.4215429425239563,0.4290038724759581,0.4215429425239563,0.4215429425239563,1824100.0
2019-12-11,0.4215429377627657,0.4439257718366147,0.4178124728288992,0.4401952624320984,6389900.0
2019-12-12,0.4401952286676073,0.4439257377859808,0.4252733700766992,0.4290038347244262,2385000.0
2019-12-13,0.4327343325643653,0.4476562367704813,0.4327343325643653,0.4401952624320984,7341700.0
2019-12-16,0.436464825507681,0.4625781261911769,0.436464825507681,0.4551171958446502,8322500.0
2019-12-17,0.4551172043274466,0.458847669570241,0.4439258085990635,0.4476562738418579,4222700.0
2019-12-18,0.4476562548575013,0.4551171850266844,0.4439257897729098,0.4513867199420929,2046100.0
2019-12-19,0.4513867017043478,0.4588476315720808,0.4364647974982318,0.4401952624320984,3007400.0
2019-12-20,0.4401953095619219,0.4439258193658479,0.4215429828955646,0.425273448228836,3531700.0
2019-12-23,0.4290039049730444,0.4364648354902124,0.4252734397144604,0.4327343702316284,2111100.0
2019-12-24,0.4327342993721533,0.4364647640198803,0.4290038347244262,0.4290038347244262,475800.0
2019-12-25,0.4290038347244262,0.4290038347244262,0.4290038347244262,0.4290038347244262,0.0
2019-12-26,0.4290038494646899,0.4588476121425628,0.4290038494646899,0.4588476121425628,5514200.0
2019-12-27,0.4588476501112759,0.4588476501112759,0.4476562548575013,0.4513867199420929,2846400.0
2019-12-30,0.4588476610179136,0.4588476610179136,0.4513867306713869,0.4551171958446502,2312100.0
2019-12-31,0.4551172462787727,0.4625781774520874,0.4551172462787727,0.4625781774520874,2024700.0
2020-01-02,0.4625780912754154,0.4774999508421548,0.4588476263837305,0.4737694859504699,3956200.0
2020-01-03,0.4737695742120594,0.4737695742120594,0.45884771186543,0.4625781774520874,1569800.0
2020-01-06,0.45884771186543,0.4663086430387447,0.4513867806921153,0.4625781774520874,1366500.0
2020-01-07,0.4625781097685886,0.4737695048910582,0.4625781097685886,0.470039039850235,1268400.0
2020-01-08,0.4588476610179136,0.4625781261911769,0.4476562654981236,0.4551171958446502,3313300.0
2020-01-09,0.4588476121425628,0.4663085416943691,0.4588476121425628,0.4588476121425628,2072500.0
2020-01-10,0.4663086430387447,0.4700391086254021,0.4625781774520874,0.4625781774520874,832900.0
2020-01-13,0.4663085639476776,0.4737694938555364,0.4625780989937482,0.4663085639476776,2109300.0
2020-01-14,0.4663086430387447,0.4737695742120594,0.4625781774520874,0.4625781774520874,1680300.0
2020-01-15,0.4588476121425628,0.4663085416943691,0.4551171473666597,0.4588476121425628,776000.0
2020-01-16,0.4625780989937482,0.470039028901607,0.4588476340398187,0.4663085639476776,1580100.0
2020-01-17,0.470039039850235,0.470039039850235,0.4625781097685886,0.470039039850235,530200.0
2020-01-20,0.4663086430387447,0.4700391086254021,0.4551172462787727,0.4625781774520874,1171100.0
2020-01-21,0.4588476610179136,0.4588476610179136,0.4476562654981236,0.4551171958446502,1355200.0
2020-01-22,0.4551171958446502,0.4551171958446502,0.4439258003248603,0.4551171958446502,1015800.0
2020-01-23,0.4513867520030728,0.4513867520030728,0.4327343807846277,0.4364648461341858,1053800.0
2020-01-24,0.4401952624320984,0.4401952624320984,0.4327343325643653,0.4401952624320984,267100.0
2020-01-28,0.4252734241276606,0.4252734241276606,0.3916991935602881,0.4066210985183716,1674600.0
2020-01-29,0.4066210985183716,0.417812493883945,0.3991601682746559,0.4066210985183716,1008600.0
2020-01-30,0.4103515536631805,0.4103515536631805,0.3805077889432697,0.3879687190055847,1463000.0
2020-01-31,0.3879687576098181,0.3916992230121698,0.3767773614027631,0.3805078268051147,577800.0
2020-02-03,0.3730469047778142,0.3730469047778142,0.3506640896017323,0.3543945550918579,1344000.0
2020-02-04,0.3618554794229567,0.3767773401923477,0.3581249919952824,0.373046875,1775200.0
2020-02-05,0.3730468265896677,0.3767772912979126,0.3655858971731779,0.3767772912979126,627500.0
2020-02-06,0.3767773408516718,0.4066211069133306,0.3767773408516718,0.3991601765155792,2927200.0
2020-02-07,0.3954296148391371,0.3954296148391371,0.3730468265896677,0.3767772912979126,1411200.0
2020-02-10,0.3730468960004114,0.3842382922074664,0.3655859651957081,0.3805078268051147,425000.0
2020-02-11,0.3879687190055847,0.3954296490678996,0.3805077889432697,0.3879687190055847,649600.0
2020-02-12,0.3954296668460504,0.3991601765155792,0.3842382712494233,0.3991601765155792,1176300.0
2020-02-13,0.3916991949081421,0.3991601696481833,0.3916991949081421,0.3916991949081421,538400.0
2020-02-14,0.39542964810109,0.4066210876378509,0.39542964810109,0.4028906226158142,757400.0
2020-02-17,0.4066211009901182,0.4178124964237213,0.4028906358455838,0.4178124964237213,1220700.0
2020-02-18,0.4215429506163946,0.4215429506163946,0.4066210904259332,0.4140820205211639,736800.0
2020-02-19,0.4103515661346525,0.4215429615682557,0.4066211009901182,0.4178124964237213,512800.0
2020-02-20,0.4178124964237213,0.42527342671279,0.4140820312791869,0.4178124964237213,1018800.0
2020-02-21,0.4103515636402294,0.4215429590058028,0.4066210985183716,0.4066210985183716,852200.0
2020-02-24,0.3991601504341515,0.3991601504341515,0.3879687110981284,0.3954296410083771,718500.0
2020-02-25,0.4028906439812008,0.4103515744209289,0.3879687386310911,0.4103515744209289,732100.0
2020-02-26,0.4028906333965137,0.4066210985183716,0.395429658682146,0.4066210985183716,279600.0
2020-02-27,0.4028906333965137,0.4066210985183716,0.395429658682146,0.4066210985183716,868300.0
2020-02-28,0.3991601696481833,0.4028906347828779,0.384238264638753,0.3916991949081421,1010700.0
2020-03-02,0.3879687110981284,0.3954296410083771,0.3842382461430041,0.3954296410083771,489000.0
2020-03-03,0.3954296490678996,0.3991601585697081,0.3879687190055847,0.3879687190055847,1416700.0
2020-03-04,0.3879687080286373,0.3879687080286373,0.3730468483261974,0.3842382431030273,343600.0
2020-03-05,0.3879687190055847,0.3879687190055847,0.3805077889432697,0.3879687190055847,518100.0
2020-03-06,0.3805078053846955,0.3842382705770433,0.3693164098076522,0.373046875,879700.0
2020-03-09,0.3730468302915624,0.3730468302915624,0.3506640195846557,0.3506640195846557,1902600.0
2020-03-10,0.3432031290176008,0.3655859422629949,0.3432031290176008,0.3618554770946502,830000.0
2020-03-11,0.358124956888472,0.358124956888472,0.3432030975818634,0.3432030975818634,926000.0
2020-03-12,0.3282812317822479,0.3320116967877898,0.3170898367656219,0.3208203017711639,617800.0
2020-03-13,0.2984374686706484,0.3208202793768302,0.2947070039255055,0.3058983981609344,1621400.0
2020-03-16,0.3021679294715902,0.3021679294715902,0.2835155837540207,0.2872460484504699,2599900.0
2020-03-17,0.2872460595129102,0.2909765243530273,0.2723242001524418,0.2909765243530273,1077700.0
2020-03-18,0.2909765243530273,0.2909765243530273,0.2909765243530273,0.2909765243530273,0.0
2020-03-19,0.2797851546285008,0.2797851546285008,0.2238281325969312,0.2611328065395355,1864300.0
2020-03-20,0.2611327875128075,0.2723242044448852,0.2499413928160546,0.2723242044448852,875100.0
2020-03-23,0.2574023432257077,0.2574023432257077,0.2312890646069056,0.2462109476327896,893700.0
2020-03-24,0.253671894992189,0.261132825886412,0.246210964097966,0.2574023604393005,642200.0
2020-03-25,0.2685937395459676,0.2723242044448852,0.2574023226138899,0.2723242044448852,1062400.0
2020-03-26,0.2685937591163174,0.2685937591163174,0.2574023413688077,0.2611328065395355,526600.0
2020-03-27,0.2685937591163174,0.276054689457773,0.2536718761980799,0.2611328065395355,1458100.0
2020-03-30,0.261132825886412,0.261132825886412,0.2499414295450775,0.2574023604393005,484400.0
2020-03-31,0.2611328057893036,0.2685937583446502,0.2574023406292933,0.2685937583446502,100800.0
2020-04-01,0.2611328065395355,0.2685937591163174,0.2536718761980799,0.2611328065395355,408300.0
2020-04-02,0.2499414211545721,0.2685937699993003,0.2499414211545721,0.2648632824420929,315400.0
2020-04-03,0.2648632804168084,0.2685937679454905,0.2499414192433881,0.2536718845367431,307500.0
2020-04-06,0.2574023413688077,0.2648632717102633,0.2499414110273521,0.2611328065395355,176600.0
2020-04-07,0.26486325540923,0.287246067291371,0.26486325540923,0.283515602350235,1043900.0
2020-04-08,0.2685937353123246,0.2947070114284688,0.2685937353123246,0.2909765243530273,927200.0
2020-04-09,0.2984374794247832,0.3170898260579555,0.2984374794247832,0.3096288740634918,850200.0
2020-04-13,0.3096288820113531,0.3096288820113531,0.2984374870853726,0.3021679520606994,348900.0
2020-04-14,0.3021679369066361,0.3320116774478785,0.3021679369066361,0.3245507478713989,870700.0
2020-04-15,0.3320116656790813,0.3320116656790813,0.3096288555077205,0.3133593201637268,775200.0
2020-04-16,0.3133593495247546,0.3245507667767059,0.3133593495247546,0.3208203017711639,228400.0
2020-04-17,0.3245507861268432,0.3320117165827574,0.3133593682076451,0.3170898556709289,873800.0
2020-04-20,0.3245507729006933,0.3245507729006933,0.2872460776707162,0.2947070300579071,1102900.0
2020-04-21,0.2909765427466488,0.2984374951338396,0.2797851475188511,0.2947070300579071,788100.0
2020-04-22,0.2835156049487402,0.3096288820113531,0.2835156049487402,0.3021679520606994,520000.0
2020-04-23,0.2984374870853726,0.3096288820113531,0.2984374870853726,0.3021679520606994,625400.0
2020-04-24,0.3021679409968786,0.3021679409968786,0.2947070113194055,0.2984374761581421,104300.0
2020-04-27,0.3058984058356152,0.3058984058356152,0.2947070113194055,0.2984374761581421,443400.0
2020-04-28,0.3021679602097722,0.3021679602097722,0.2909765427466488,0.2947070300579071,194600.0
2020-04-29,0.2984374870853726,0.3021679520606994,0.2947070221100458,0.3021679520606994,170700.0
2020-04-30,0.3021679443043527,0.320820290937525,0.3021679443043527,0.3096288740634918,1071100.0
2020-05-04,0.3058984252857047,0.3058984252857047,0.2947070300579071,0.2947070300579071,246500.0
2020-05-05,0.2984374870853726,0.3021679520606994,0.2984374870853726,0.3021679520606994,36500.0
2020-05-06,0.3021679443043527,0.3096288740634918,0.3021679443043527,0.3096288740634918,192400.0
2020-05-08,0.3096288629060774,0.3096288629060774,0.3021679334157914,0.3058983981609344,109500.0
2020-05-11,0.3096288820113531,0.3096288820113531,0.2984374870853726,0.3021679520606994,160200.0
2020-05-12,0.2984374870853726,0.3058984170360262,0.2947070221100458,0.3021679520606994,360000.0
2020-05-13,0.3021679520606994,0.3058984170360262,0.2984374870853726,0.3021679520606994,736600.0
2020-05-14,0.3058983981609344,0.3058983981609344,0.2984374686706484,0.3058983981609344,133200.0
2020-05-15,0.3133593495247546,0.3245507667767059,0.3058984195136707,0.3208203017711639,1286700.0
2020-05-18,0.3282812547204033,0.3506640685529457,0.3245507894542008,0.3469336032867431,2800800.0
2020-05-19,0.3506640471018367,0.3581249771778357,0.3320116996765136,0.3320116996765136,1845800.0
2020-05-20,0.3320116991814293,0.3432031165140652,0.3320116991814293,0.3394726514816284,522500.0
2020-05-21,0.339472671571209,0.339472671571209,0.3245507883230775,0.3282812535762787,726500.0
2020-05-22,0.3282812513548003,0.3282812513548003,0.309628902979688,0.3170898556709289,1487100.0
2020-05-26,0.3245507667767059,0.3282812317822479,0.3208203017711639,0.3208203017711639,248600.0
2020-05-27,0.3245507512940084,0.3357421457767486,0.3245507512940084,0.3357421457767486,830300.0
2020-05-28,0.3357421642138661,0.3469335815465019,0.3320116991814293,0.3394726514816284,898900.0
2020-05-29,0.3357421647145132,0.3394726519878382,0.3320116996765136,0.3320116996765136,557000.0
2020-06-01,0.3394726514816284,0.3469335815465019,0.3357421642138661,0.3394726514816284,790800.0
2020-06-02,0.335742159288202,0.3618554586028029,0.335742159288202,0.3581249713897705,1708700.0
2020-06-03,0.3581249490751834,0.361855436055771,0.3506640195846557,0.3506640195846557,616500.0
2020-06-04,0.3543945121398362,0.3543945121398362,0.3320116996765136,0.3320116996765136,1240700.0
2020-06-05,0.3320116991814293,0.3469335815465019,0.3320116991814293,0.3394726514816284,511400.0
2020-06-08,0.3432030976672331,0.3432030976672331,0.3357421457767486,0.3357421457767486,472300.0
2020-06-09,0.3357421456932348,0.3506640272351677,0.3357421456932348,0.3432030975818634,1050900.0
2020-06-10,0.3506640685529457,0.3506640685529457,0.339472672754338,0.3469336032867431,166800.0
2020-06-11,0.339472671571209,0.339472671571209,0.3245507883230775,0.3282812535762787,834800.0
2020-06-12,0.3208203040841191,0.3394726514816284,0.3170898390516823,0.3394726514816284,511100.0
2020-06-15,0.335742184082681,0.339472671571209,0.3282812535762787,0.3282812535762787,216400.0
2020-06-16,0.3320116991814293,0.3394726514816284,0.3320116991814293,0.3394726514816284,441000.0
2020-06-17,0.3357421642138661,0.3394726514816284,0.3357421642138661,0.3394726514816284,338000.0
2020-06-18,0.3320116809491685,0.339472632839653,0.3320116809491685,0.3357421457767486,91300.0
2020-06-19,0.3357421457767486,0.339472632839653,0.3357421457767486,0.3357421457767486,130500.0
2020-06-22,0.3394726253488643,0.3506640195846557,0.3394726253488643,0.3506640195846557,1139700.0
2020-06-23,0.3506640195846557,0.3581249490751834,0.3357421383682766,0.3506640195846557,1149100.0
2020-06-24,0.3506640465789387,0.3506640465789387,0.3394726514816284,0.3394726514816284,191100.0
2020-06-25,0.3394726514816284,0.3469335815465019,0.3320116991814293,0.3394726514816284,358200.0
2020-06-26,0.3394726327552112,0.3432030975818634,0.3357421456932348,0.3432030975818634,415600.0
2020-06-29,0.3432031165140652,0.3432031165140652,0.3357421642138661,0.3394726514816284,338900.0
2020-06-30,0.3357421642138661,0.3394726514816284,0.3320116991814293,0.3394726514816284,259900.0
2020-07-01,0.3320116809491685,0.339472632839653,0.3320116809491685,0.3357421457767486,196500.0
2020-07-02,0.3282812341489926,0.3394726514816284,0.3282812341489926,0.3394726514816284,160100.0
2020-07-03,0.3394726514816284,0.3394726514816284,0.3357421642138661,0.3394726514816284,13500.0
2020-07-06,0.3394726465012344,0.3581249713897705,0.335742159288202,0.3581249713897705,2891600.0
2020-07-07,0.365585973797563,0.3693164392876886,0.3469336241116066,0.3543945550918579,1111600.0
2020-07-08,0.3469335548393919,0.3543944843299195,0.3469335548393919,0.3506640195846557,275600.0
2020-07-09,0.3469335548393919,0.3506640195846557,0.3432030900941281,0.3506640195846557,250800.0
2020-07-13,0.3543945338191483,0.3655859518530829,0.3469336032867431,0.3469336032867431,1360300.0
2020-07-14,0.3469335624948132,0.3506640273223933,0.3357421457767486,0.3357421457767486,430600.0
2020-07-15,0.339472632839653,0.3469335624948132,0.3357421457767486,0.3357421457767486,318500.0
2020-07-16,0.3357421647145132,0.3394726519878382,0.3320116996765136,0.3320116996765136,576500.0
2020-07-17,0.33763902893752,0.33763902893752,0.3338874876499176,0.3338874876499176,128900.0
2020-07-20,0.3338874827378428,0.3376390239702534,0.3301359415054321,0.3301359415054321,612900.0
2020-07-21,0.3338874876499176,0.33763902893752,0.3338874876499176,0.3338874876499176,34600.0
2020-07-22,0.3338874876499176,0.3451421338736749,0.3301359463623151,0.3338874876499176,547800.0
2020-07-23,0.3451421309717991,0.3488936722278595,0.3376390260987287,0.3488936722278595,335000.0
2020-07-24,0.3488936722278595,0.3526452134839198,0.3376390260987287,0.3488936722278595,65000.0
2020-07-27,0.3413905673634601,0.3451421083738913,0.3338874629816495,0.3376390039920807,139500.0
2020-07-28,0.3413905925860724,0.3413905925860724,0.3338874876499176,0.3338874876499176,309200.0
2020-07-29,0.3338874629816495,0.3376390039920807,0.3338874629816495,0.3376390039920807,161900.0
2020-07-30,0.3338874876499176,0.33763902893752,0.3338874876499176,0.3338874876499176,149200.0
2020-08-03,0.3338874801136485,0.35639674969215,0.3338874801136485,0.345142126083374,818000.0
2020-08-04,0.3488936647810702,0.3864090989018938,0.3488936647810702,0.3826575577259063,1756700.0
2020-08-05,0.3864090846813044,0.4126699166686664,0.3864090846813044,0.4051668345928192,4285000.0
2020-08-06,0.4051668294385325,0.4089183704287312,0.3826575387754437,0.4014152884483337,1069100.0
2020-08-07,0.3939122009403705,0.3976637423038482,0.3901606595768927,0.3976637423038482,970900.0
2020-08-11,0.3976637021825046,0.4051668288743505,0.38640907922758,0.3901606202125549,866900.0
2020-08-12,0.3901606623456026,0.435179203748703,0.3864091209555026,0.435179203748703,3721000.0
2020-08-13,0.4426822865289029,0.4464338726409039,0.4164214967982033,0.435179203748703,5041000.0
2020-08-14,0.4389306796604862,0.4539368877042075,0.427676057169116,0.4314275979995727,6766700.0
2020-08-17,0.4314276828301678,0.4351792243982812,0.4201730581258277,0.4276761412620544,1414500.0
2020-08-18,0.4201730581258277,0.4314276828301678,0.4164215165577143,0.4276761412620544,967900.0
2020-08-19,0.4314276670317171,0.4501854189072971,0.4239245841702457,0.4389307498931885,3256900.0
2020-08-20,0.4314276623586031,0.4426822865289029,0.4276761209685031,0.435179203748703,1864600.0
2020-08-21,0.435179203748703,0.4464338726409039,0.4314276623586031,0.435179203748703,3585300.0
2020-08-24,0.4389307498931885,0.4426822913239241,0.4389307498931885,0.4389307498931885,1217400.0
2020-08-25,0.4501853773917021,0.4539369184764749,0.405166839652532,0.4089183807373047,6256800.0
2020-08-26,0.4089183955098592,0.4239245603910617,0.4051668542895585,0.4201730191707611,2489800.0
2020-08-27,0.4239245450763956,0.4239245450763956,0.4089183807373047,0.4089183807373047,415100.0
2020-08-28,0.4126699166686664,0.4201729987445136,0.4051668345928192,0.4051668345928192,902700.0
2020-08-31,0.4089183704287312,0.4164214524091288,0.4014152884483337,0.4014152884483337,744300.0
2020-09-01,0.4014152985677592,0.4164214629068501,0.4014152985677592,0.4089183807373047,1052800.0
2020-09-02,0.4089183807373047,0.4126699218220774,0.405166839652532,0.4089183807373047,431200.0
2020-09-03,0.4089183906743984,0.4201730142022143,0.4051668494984597,0.4164214730262756,810600.0
2020-09-04,0.4089183906743984,0.4164214730262756,0.4051668494984597,0.4164214730262756,677300.0
2020-09-07,0.412669931850337,0.4201730142022143,0.412669931850337,0.4164214730262756,529800.0
2020-09-08,0.420173019170761,0.420173019170761,0.4126699367301598,0.4201730191707611,448800.0
2020-09-09,0.4126699566841125,0.4164214980858126,0.4126699566841125,0.4126699566841125,214400.0
2020-09-10,0.4126699166686664,0.4201729987445136,0.4051668345928192,0.4051668345928192,491100.0
2020-09-11,0.405166839652532,0.4126699218220774,0.405166839652532,0.4089183807373047,86400.0
2020-09-14,0.4089183756307428,0.4126699166686664,0.4051668345928192,0.4051668345928192,255600.0
2020-09-15,0.4051668294385325,0.4089183704287312,0.39391216174604,0.4014152884483337,368800.0
2020-09-16,0.3976637077950752,0.4051668345928192,0.3976637077950752,0.4051668345928192,207800.0
2020-09-17,0.4014152884483337,0.4051668294385325,0.3976637027362387,0.4014152884483337,115400.0
2020-09-18,0.4126699566841125,0.4164214980858126,0.4051668738807125,0.4126699566841125,1241800.0
2020-09-21,0.4126699166686664,0.4126699166686664,0.4014152935548956,0.4051668345928192,125400.0
2020-09-22,0.3976637423038482,0.4014153283892267,0.3976637423038482,0.3976637423038482,91200.0
2020-09-23,0.4014152884483337,0.4089183704287312,0.4014152884483337,0.4014152884483337,247200.0
2020-09-24,0.3976637423038482,0.4014153283892267,0.3901606595768927,0.3976637423038482,184500.0
2020-09-25,0.3939122009403705,0.4014153283892267,0.3901606595768927,0.3976637423038482,100600.0
2020-09-28,0.3939121961593628,0.3976637374773071,0.3826575722055296,0.3939121961593628,352700.0
2020-09-29,0.3976637077950752,0.4089183756307428,0.3939121667571516,0.4051668345928192,1095200.0
2020-09-30,0.4051668697527045,0.4164214938431377,0.3976637423038482,0.3976637423038482,577900.0
2020-10-01,0.4051668294385325,0.4051668294385325,0.4014152884483337,0.4014152884483337,76500.0
2020-10-02,0.4051668648350961,0.4051668648350961,0.3901606548414184,0.3939121961593628,363600.0
2020-10-05,0.3976637077950752,0.4051668345928192,0.3976637077950752,0.4051668345928192,186900.0
2020-10-06,0.4051668738807125,0.4164214980858126,0.4051668738807125,0.4126699566841125,963700.0
2020-10-07,0.4126699367301598,0.420173019170761,0.4126699367301598,0.4201730191707611,299700.0
2020-10-08,0.4201730240513691,0.4314276478430014,0.4126699415236143,0.4239245653152466,790100.0
2020-10-09,0.427676106579124,0.4314276478430014,0.4164214827874917,0.4239245653152466,741000.0
2020-10-12,0.4239245553781529,0.4239245553781529,0.412669931850337,0.4164214730262756,193200.0
2020-10-13,0.4201730233202229,0.4651915631303145,0.4201730233202229,0.4576884806156158,5817500.0
2020-10-14,0.4576884655845925,0.4576884655845925,0.4351791740578283,0.4464338421821594,1833700.0
2020-10-15,0.4501853630860432,0.4501853630860432,0.4351791545019111,0.4426822364330292,821600.0
2020-10-16,0.4426822364330292,0.4501853630860432,0.4351791545019111,0.4426822364330292,1014600.0
2020-10-19,0.4464338726409039,0.4464338726409039,0.4276761209685031,0.435179203748703,1216700.0
2020-10-20,0.4351792084624528,0.4464338774765614,0.4351792084624528,0.4389307498931885,1000100.0
2020-10-21,0.4464338726409039,0.4539369554211038,0.4314276623586031,0.435179203748703,1509600.0
2020-10-22,0.438930745138803,0.4426822865289029,0.435179203748703,0.435179203748703,177300.0
2020-10-23,0.4389306954674701,0.4464338221204842,0.4351791545019111,0.4426822364330292,621400.0
2020-10-26,0.4389307498931885,0.4426822913239241,0.4351792084624528,0.4389307498931885,243400.0
2020-10-27,0.435179203748703,0.438930745138803,0.4314276623586031,0.435179203748703,431000.0
2020-10-28,0.4351792084624528,0.4464338774765614,0.4314276670317171,0.4389307498931885,682100.0
2020-10-29,0.4389307498931885,0.4389307498931885,0.4314276670317171,0.4389307498931885,153300.0
2020-10-30,0.4389307200770549,0.4501853883266449,0.4351791789011577,0.4501853883266449,1776600.0
2020-11-02,0.4539369344711303,0.4614400169050501,0.4464338520372107,0.4539369344711303,2509800.0
2020-11-03,0.4539369344711303,0.4576884756880902,0.4501853932541705,0.4539369344711303,628500.0
2020-11-04,0.4501853833163037,0.4576884655845925,0.4464338421821594,0.4464338421821594,928500.0
2020-11-05,0.446433869726366,0.4952039522011715,0.446433869726366,0.4914523661136627,8215400.0
2020-11-06,0.4952038959474731,0.4952038959474731,0.4689430646494688,0.4726946055889129,3862500.0
2020-11-09,0.4801977574825287,0.4914523819418296,0.4764462159960951,0.4801977574825287,2259600.0
2020-11-10,0.4801977574825287,0.4839492989689624,0.4726946745096614,0.4801977574825287,1276700.0
2020-11-11,0.4801977420168385,0.5064585762979956,0.4726946592856224,0.4914523661136627,6408100.0
2020-11-12,0.4952039681501655,0.4989555096365991,0.4726946745096614,0.4801977574825287,1813600.0
2020-11-13,0.4839492795854571,0.4914523622578052,0.4614400315684128,0.4651915729045868,2514000.0
2020-11-16,0.4689430594444275,0.4764461412400351,0.4614399776488199,0.4689430594444275,1070600.0
2020-11-17,0.4689431330232277,0.487700840455396,0.4651915915367941,0.4801977574825287,2022200.0
2020-11-18,0.4839492541309584,0.5027070045471191,0.4839492541309584,0.5027070045471191,3645000.0
2020-11-19,0.5027070731392673,0.5214647813929361,0.4952039898377999,0.5102101564407349,4144600.0
2020-11-20,0.5064585208892822,0.5177131437548028,0.5064585208892822,0.5064585208892822,1072600.0
2020-11-23,0.5102101564407349,0.5139616980914686,0.5027070731392673,0.5102101564407349,719500.0
2020-11-24,0.5139616573538937,0.5364709054741704,0.5139616573538937,0.525216281414032,4906700.0
2020-11-25,0.5289677666203235,0.5289677666203235,0.5027069799341087,0.5064585208892822,1897800.0
2020-11-26,0.5064586147900011,0.5139616980914686,0.5027070731392673,0.5102101564407349,648200.0
2020-11-27,0.5139616478411178,0.5289678129768907,0.5139616478411178,0.517713189125061,1700300.0
2020-11-30,0.5177131437548028,0.5177131437548028,0.5027069799341087,0.5064585208892822,831700.0
2020-12-01,0.5139616573538937,0.5289678227674115,0.5102101160005141,0.525216281414032,1783200.0
2020-12-02,0.52146466810444,0.5477254986763,0.52146466810444,0.5477254986763,2881900.0
2020-12-03,0.5439740512676857,0.5552286757077862,0.5364709235857166,0.5514771342277527,1553000.0
2020-12-04,0.5477255434842405,0.5702347903399171,0.5439740023416277,0.5589801669120789,3263700.0
2020-12-07,0.5589802171878198,0.5589802171878198,0.5477255927477191,0.5514771342277527,616900.0
2020-12-08,0.5514769908559104,0.5552285313606262,0.5477254503511946,0.5552285313606262,987300.0
2020-12-09,0.5552286012996888,0.5739863061860717,0.5552286012996888,0.5627316832542419,2293300.0
2020-12-10,0.5589801669120789,0.5627317080546916,0.5552286257694661,0.5589801669120789,800300.0
2020-12-11,0.5589802171878198,0.5627317586678533,0.5514771342277527,0.5514771342277527,540900.0
2020-12-14,0.5514769908559104,0.5627316123700579,0.5514769908559104,0.5552285313606262,373000.0
2020-12-15,0.5589801422769654,0.5627316832542419,0.5514770603224122,0.5627316832542419,796900.0
2020-12-16,0.5627317179921871,0.5739863416187752,0.5627317179921871,0.5664832592010498,1326100.0
2020-12-17,0.5627317080546916,0.5664832491973044,0.5514770846268533,0.5589801669120789,1085800.0
2020-12-18,0.5552285313606262,0.5627316123700579,0.5514769908559104,0.5552285313606262,491500.0
2020-12-21,0.5552286053480275,0.5589801463526578,0.5327193145983499,0.543973982334137,2930700.0
2020-12-22,0.5439740172580342,0.5477255585035187,0.5327193487996816,0.536470890045166,1620800.0
2020-12-23,0.5402224611990151,0.5589801669120789,0.5364708753345042,0.5589801669120789,2894400.0
2020-12-24,0.5627317035576379,0.5889925360679626,0.5627317035576379,0.5889925360679626,1602400.0
2020-12-28,0.5927441464107807,0.6077503126139715,0.5889926048599828,0.5964956879615784,3115400.0
2020-12-29,0.5964955933659831,0.6002471343218406,0.5927440524101257,0.5927440524101257,837600.0
2020-12-30,0.5964955444462654,0.6152532476871982,0.5964955444462654,0.6002470850944519,3437800.0
2020-12-31,0.6002470850944519,0.6002470850944519,0.6002470850944519,0.6002470850944519,0.0
2021-01-04,0.6077502676723454,0.6265079740392482,0.5477255625763569,0.5739863514900208,10671000.0
2021-01-05,0.5702348004099125,0.5702348004099125,0.5552286355744618,0.5664832592010498,2183500.0
2021-01-06,0.5702348197702912,0.588992571173359,0.5627317370978243,0.5814894437789917,4966500.0
2021-01-07,0.5889925556953154,0.6039987206459045,0.5739863460228269,0.6039987206459045,5399500.0
2021-01-08,0.6039987058399832,0.6227564115684088,0.6039987058399832,0.6152533292770386,8695800.0
2021-01-11,0.619004889790468,0.6452657233538246,0.619004889790468,0.6415141820907593,5506600.0
2021-01-12,0.6527687454784632,0.7465573578205195,0.6527687454784632,0.7165449857711792,16227100.0
2021-01-13,0.7202965619333543,0.7503089354512891,0.7165450208338497,0.7315512299537659,13154600.0
2021-01-14,0.7353027710532705,0.7390543121527752,0.7202965619333543,0.7315512299537659,4906700.0
2021-01-15,0.7277997036886027,0.7315512448645729,0.7015388707349125,0.709041953086853,5160000.0
2021-01-18,0.7090419039393179,0.7240480676030404,0.6940357402755954,0.7165449857711792,5461700.0
2021-01-19,0.7165450452083447,0.7465574197472012,0.7165450452083447,0.7277997136116028,7234900.0
2021-01-20,0.7277996888542613,0.7390543121527752,0.7165450208338497,0.7315512299537659,4618300.0
2021-01-21,0.7277997391914595,0.7277997391914595,0.7090419876746864,0.7127935290336609,4596900.0
2021-01-22,0.7165450354387936,0.7202965766147638,0.709041953086853,0.709041953086853,2618900.0
2021-01-25,0.7090419181310643,0.7240480820951409,0.7052903771400452,0.7052903771400452,2294200.0
2021-01-26,0.7090419682239001,0.7127935094799605,0.6902842619435983,0.697787344455719,2519100.0
2021-01-27,0.7052903917145401,0.7090419327830831,0.6902842274403682,0.6940357685089111,1616700.0
2021-01-28,0.6790295991626426,0.6902842677473497,0.6565203514370278,0.6677749752998352,3617100.0
2021-01-29,0.6752780578750401,0.6902842677473497,0.6602718927246303,0.6677749752998352,2812800.0
2021-02-01,0.6640234191171707,0.6827811698563176,0.6565203367102713,0.6790295839309692,2412600.0
2021-02-02,0.6790295595128419,0.7015388506459971,0.6790295595128419,0.6940357685089111,4451100.0
2021-02-03,0.7090419181310643,0.7202965411041218,0.701538836149026,0.7052903771400452,5158400.0
2021-02-04,0.7052904169784494,0.7052904169784494,0.6827811697608973,0.690284252166748,2474600.0
2021-02-05,0.6827811697608973,0.6940357933696734,0.6827811697608973,0.690284252166748,1739200.0
2021-02-08,0.7015388656208899,0.7015388656208899,0.6790295740072564,0.6827811598777771,2217700.0
2021-02-09,0.6827811453032822,0.6977873095774542,0.675278018444299,0.6940357685089111,3480300.0
2021-02-10,0.6940357934666667,0.6940357934666667,0.6790295839309692,0.6790295839309692,2264500.0
2021-02-11,0.6790295839309692,0.6827811698563176,0.6790295839309692,0.6790295839309692,574200.0
2021-02-15,0.6827811697608973,0.6940357933696734,0.6827811697608973,0.690284252166748,1573600.0
2021-02-16,0.690284252263217,0.690284252263217,0.6790295839309692,0.6790295839309692,1168700.0
2021-02-17,0.6827811347269203,0.6827811347269203,0.6677749259632991,0.6752780079841614,2479500.0
2021-02-18,0.6715264320373535,0.6752779728526096,0.6640233504068414,0.6715264320373535,1516900.0
2021-02-19,0.6677749809772194,0.6715265222967173,0.6452657330602324,0.6490172743797302,2559900.0
2021-02-22,0.6452656626118904,0.6452656626118904,0.622756372430506,0.6302594542503357,2746600.0
2021-02-23,0.6340111481914587,0.6340111481914587,0.5889926048599828,0.5964956879615784,4512200.0
2021-02-24,0.5964956381706099,0.6115018031211992,0.5927440969329626,0.6039987206459045,3578300.0
2021-02-25,0.6152533391541863,0.6265079627719211,0.6077502567423632,0.6227564215660095,2861300.0
2021-02-26,0.6077501663908251,0.6077501663908251,0.5964955444462654,0.6002470850944519,4150400.0
2021-03-01,0.6002472295123761,0.6077503126139715,0.5927441464107807,0.5964956879615784,2131500.0
2021-03-02,0.5964955565716666,0.6002470972961135,0.5739862675030921,0.5777378082275391,2028700.0
2021-03-03,0.5777378680081676,0.5964956182932275,0.5777378680081676,0.5889925360679626,2339200.0
2021-03-04,0.5814894437789917,0.5852409851152252,0.5739863611065248,0.5814894437789917,1483000.0
2021-03-05,0.5739862565916988,0.5814893378979601,0.5664831752854375,0.5702347159385681,1471200.0
2021-03-08,0.5739863314825299,0.5777378726251426,0.5514770846268533,0.5589801669120789,3404600.0
2021-03-09,0.5589801211834281,0.5589801211834281,0.5477254986763,0.5477254986763,2269600.0
2021-03-10,0.5514769908559104,0.5627316123700579,0.5514769908559104,0.5552285313606262,1851000.0
2021-03-11,0.5627316338906939,0.6077501663908251,0.5627316338906939,0.6002470850944519,9364100.0
2021-03-12,0.6077501663908251,0.6115017070390117,0.5927440037980788,0.6002470850944519,5597400.0
2021-03-15,0.6039987005184924,0.6039987005184924,0.5814894091208,0.5889925360679626,2796300.0
2021-03-16,0.5927440524101257,0.5927440524101257,0.5814893848206575,0.5927440524101257,937500.0
2021-03-17,0.5852409457623405,0.6152533191560108,0.5814894046783688,0.6077502369880676,4989400.0
2021-03-18,0.6152532476871982,0.6152532476871982,0.6002470850944519,0.6002470850944519,3368300.0
2021-03-19,0.5927440037980788,0.6039986257426385,0.5927440037980788,0.6002470850944519,836500.0
2021-03-22,0.6002472295123761,0.6077503126139715,0.5964956879615784,0.5964956879615784,793100.0
2021-03-23,0.6002471594058599,0.6039987005184924,0.5889925360679626,0.5889925360679626,3027600.0
2021-03-24,0.5889924860323384,0.5964955676202074,0.5814893597225755,0.58524090051651,1477900.0
2021-03-25,0.58524090051651,0.5889924860323384,0.577737818928641,0.58524090051651,728100.0
2021-03-26,0.5852409851152252,0.5852409851152252,0.5739863611065248,0.5814894437789917,698100.0
2021-03-29,0.5964955444462654,0.6115017070390117,0.5927440037980788,0.6002470850944519,3528200.0
2021-03-30,0.5964955933659831,0.6002471343218406,0.5852409257765149,0.5927440524101257,1038000.0
2021-03-31,0.5927441464107807,0.5964956879615784,0.5889926048599828,0.5964956879615784,405800.0
2021-04-01,0.596495609772576,0.6415141472029949,0.596495609772576,0.6377626061439514,6986200.0
2021-04-05,0.6377626504212367,0.6640234396577216,0.6377626504212367,0.6490172743797302,6210700.0
2021-04-06,0.6527687907218933,0.6565203318978434,0.6452657083699932,0.6527687907218933,2726600.0
2021-04-07,0.6527687660300134,0.6677749301661849,0.6527687660300134,0.6565203070640564,4223100.0
2021-04-08,0.6602718730737935,0.6602718730737935,0.6490172495459433,0.6527687907218933,1336900.0
2021-04-09,0.6602718830108643,0.6677749654756856,0.6565203417784536,0.6602718830108643,4571100.0
2021-04-12,0.6640234396577216,0.6640234396577216,0.6452657330602324,0.6490172743797302,2842000.0
2021-04-13,0.6527687660300134,0.6602718480980992,0.6452656839619277,0.6565203070640564,2171800.0
2021-04-14,0.6565203271155211,0.6865327010263996,0.6565203271155211,0.6827811598777771,8844500.0
2021-04-15,0.6827811698563176,0.6827811698563176,0.6677749603206203,0.6790295839309692,4739000.0
2021-04-16,0.6752779728526096,0.6827810992050158,0.6640233504068414,0.6715264320373535,3054300.0
2021-04-19,0.6715264320373535,0.6790295136678657,0.6640233504068414,0.6715264320373535,3647800.0
2021-04-20,0.6677749654756856,0.6752780479405069,0.6602718830108643,0.6602718830108643,2081800.0
2021-04-21,0.6565203070640564,0.6640233891321421,0.6490172249959706,0.6565203070640564,3528700.0
2021-04-22,0.6602718927246303,0.6752780578750401,0.6602718927246303,0.6677749752998352,2778900.0
2021-04-23,0.6640233504068414,0.6715264320373535,0.6640233504068414,0.6715264320373535,1572800.0
2021-04-26,0.6677749752998352,0.6715265165874377,0.6640234340122327,0.6677749752998352,1285900.0
2021-04-27,0.6715264320373535,0.6827810992050158,0.6640233504068414,0.6715264320373535,5173200.0
2021-04-28,0.6752780377812223,0.7165450354387936,0.6752780377812223,0.709041953086853,14442000.0
2021-04-29,0.7090419682239001,0.7090419682239001,0.6902842619435983,0.697787344455719,3560700.0
2021-04-30,0.6940357933696734,0.6977873345725988,0.6865327109638226,0.690284252166748,1893500.0
2021-05-03,0.6865327264597473,0.6865327264597473,0.6640234340122327,0.6677749752998352,2773100.0
2021-05-04,0.6677749752998352,0.6752780578750401,0.6602718927246303,0.6677749752998352,2341100.0
2021-05-05,0.6640233891321421,0.6677749301661849,0.6527687660300134,0.6565203070640564,3769800.0
2021-05-06,0.6640234340122327,0.6827811851721448,0.6565203514370278,0.6677749752998352,3500700.0
2021-05-07,0.6677749654756856,0.6715265067080962,0.6602718830108643,0.6602718830108643,1369300.0
2021-05-10,0.6640234142497436,0.6640234142497436,0.6527687907218933,0.6527687907218933,1888600.0
2021-05-11,0.6527687959352011,0.6527687959352011,0.6152533391541863,0.6227564215660095,3947100.0
2021-05-12,0.6302594793039673,0.6527687703801254,0.6265079382449239,0.6377626061439514,3609400.0
2021-05-14,0.6377626103817379,0.6377626103817379,0.5889925315682095,0.6077502369880676,3364600.0
2021-05-17,0.6077502567423632,0.6265079627719211,0.6039987155364516,0.6227564215660095,1238700.0
2021-05-18,0.6265079577683443,0.6527687907218933,0.6227564165923942,0.6527687907218933,3302000.0
2021-05-19,0.6452657493044224,0.649017290718363,0.6227564560988766,0.6265079975128174,1818900.0
2021-05-20,0.6340111091017387,0.6602718983382238,0.6302595230603407,0.6490172743797302,4349500.0
2021-05-21,0.6527687623804292,0.6865326762199402,0.6527687623804292,0.6865326762199402,6927800.0
2021-05-24,0.6977873095774542,0.7052903917145401,0.6865326863718252,0.6940357685089111,6990100.0
2021-05-25,0.6940357833236448,0.6977873244722673,0.6715264917100113,0.6827811598777771,4521100.0
2021-05-27,0.6865326963065577,0.7127934841663753,0.6865326963065577,0.7015388607978821,10417900.0
2021-05-28,0.7015388707349125,0.7165450354387936,0.6977873295589423,0.709041953086853,3336200.0
2021-05-31,0.7165450206196041,0.7353027708334163,0.7090419384228382,0.7202965617179871,6852500.0
2021-06-01,0.7202965963858503,0.7277997236656392,0.7165450551069058,0.7240481376647949,2762000.0
2021-06-02,0.72404810281637,0.7353027708334163,0.7165450206196041,0.7202965617179871,3145700.0
2021-06-03,0.7202965864354643,0.7277997136116028,0.7202965864354643,0.7277997136116028,1933500.0
2021-06-04,0.7240481376647949,0.7277997236656392,0.7202965963858503,0.7240481376647949,1826300.0
2021-06-07,0.7277997036919384,0.7653151154518127,0.7277997036919384,0.7653151154518127,11618100.0
2021-06-08,0.7653150594340162,0.7728181412367975,0.746557354927063,0.746557354927063,5711600.0
2021-06-09,0.7514505593091241,0.7864017142007761,0.7470816649476676,0.7645572423934937,6895100.0
2021-06-10,0.7601883271177733,0.7601883271177733,0.7470816443939942,0.7514505386352539,1660500.0
2021-06-11,0.7514506175580628,0.7514506175580628,0.725237197276053,0.7296060919761658,3372100.0
2021-06-14,0.7252371705831158,0.7296060651224279,0.7077615924258673,0.7121304869651794,3647900.0
2021-06-15,0.7121304733715172,0.7121304733715172,0.7033926844596863,0.7033926844596863,2009500.0
2021-06-16,0.7033926978865551,0.7296060651224279,0.7033926978865551,0.7121304869651794,2606200.0
2021-06-17,0.7121304413471337,0.7252371241254749,0.7077615470876866,0.7208682298660278,1728400.0
2021-06-18,0.7252370859605466,0.747081608189562,0.7252370859605466,0.7339748740196228,4501300.0
2021-06-21,0.729606018384922,0.7339749126443691,0.7164993356065807,0.7208682298660278,1789700.0
2021-06-22,0.7322688211021706,0.7366536602732718,0.7191143035888672,0.7191143035888672,988800.0
2021-06-23,0.7191143160847245,0.7366536730739058,0.7191143160847245,0.7278839945793152,1608800.0
2021-06-24,0.7234991427599684,0.7278839819310695,0.710344625246665,0.7191143035888672,2007800.0
2021-06-25,0.7147294878959656,0.7234991665262437,0.7103446485808266,0.7147294878959656,1482500.0
2021-06-28,0.745423401604523,0.7717324370093992,0.732268831630678,0.7629627585411072,9738000.0
2021-06-29,0.7673475850346878,0.7717324241960307,0.7498082283893163,0.7541930675506592,2235900.0
2021-06-30,0.7541931034779831,0.7761173003290954,0.7541931034779831,0.7585779428482056,2801900.0
2021-07-01,0.7585779428482056,0.7629627822184281,0.7454234247375382,0.7585779428482056,1154000.0
2021-07-02,0.7585779544771817,0.7585779544771817,0.741038596727414,0.745423436164856,1763800.0
2021-07-05,0.7673475731757738,0.8068111772893785,0.7673475731757738,0.8024263381958008,12343900.0
2021-07-06,0.8111959823390021,0.8155808212485587,0.7805020577007035,0.78488689661026,8723500.0
2021-07-07,0.7848869674474389,0.7892718067527336,0.7673476102262606,0.7717324495315552,4776200.0
2021-07-08,0.7761172746693269,0.780502113894579,0.7366536693706507,0.7410385608673096,5983900.0
2021-07-09,0.7410385172034082,0.7498081951371804,0.7322687869982323,0.7366536259651184,4929200.0
2021-07-12,0.7472143163859677,0.7472143163859677,0.7023814407754972,0.7123442888259888,9899000.0
2021-07-13,0.7173257541690805,0.7272886019686637,0.6924185752868652,0.6924185752868652,5682300.0
2021-07-14,0.6973999830695464,0.712344254423555,0.6924185592848769,0.7073628306388855,3549000.0
2021-07-15,0.712344272662748,0.7272886037826538,0.7023814248383156,0.7272886037826538,3600100.0
2021-07-16,0.7272886202849846,0.7272886202849846,0.7073628648007431,0.7123442888259888,2667100.0
2021-07-19,0.712344254423555,0.712344254423555,0.6973999830695464,0.7073628306388855,2445400.0
2021-07-21,0.7023814489541579,0.7073628730374083,0.6824557526211563,0.6874371767044067,2589200.0
2021-07-22,0.6924185661859382,0.6973999900202557,0.6824557185173035,0.6824557185173035,2545600.0
2021-07-23,0.6874371679748302,0.6874371679748302,0.6724928959148523,0.677474319934845,1731400.0
2021-07-26,0.677474319934845,0.6824557439548377,0.662530047874867,0.677474319934845,1770500.0
2021-07-27,0.687437185310906,0.687437185310906,0.6625300645828247,0.6625300645828247,1673500.0
2021-07-28,0.6675114541711744,0.6724928780589009,0.6475856992370116,0.6575486063957214,2502300.0
2021-07-29,0.6675114718948596,0.677474319934845,0.6575486238548743,0.677474319934845,1744800.0
2021-07-30,0.682455735029823,0.682455735029823,0.6675114631652832,0.6675114631652832,641600.0
2021-08-02,0.6774742879308683,0.7073628306388855,0.6625300165768597,0.7073628306388855,3868900.0
2021-08-03,0.7073628306388855,0.7223071613761497,0.6973999830695464,0.7073628306388855,4025800.0
2021-08-04,0.7073628469862402,0.7123442708860318,0.6924185752868652,0.6924185752868652,1732200.0
2021-08-05,0.6924186093292677,0.7023814576186692,0.6924186093292677,0.6974000334739685,1263600.0
2021-08-06,0.7023814576186692,0.7023814576186692,0.6924186093292677,0.6974000334739685,516900.0
2021-08-10,0.6974000243047341,0.6974000243047341,0.6525671482086182,0.6525671482086182,6663700.0
2021-08-11,0.6575486228596746,0.6625300468721279,0.6276600194016966,0.6426042914390564,4249500.0
2021-08-12,0.6525671044883453,0.6575485876170646,0.6376228332519531,0.6376228332519531,2242700.0
2021-08-13,0.6376228495175497,0.6376228495175497,0.612715730154855,0.6226785778999329,2214700.0
2021-08-16,0.622678586782299,0.6426042825566902,0.6127157388951034,0.6326414346694946,2675900.0
2021-08-17,0.6376228586130924,0.6426042825566902,0.6176971628387012,0.6326414346694946,2617600.0
2021-08-18,0.6326414434141499,0.6475857154515097,0.6226785953892433,0.6426042914390564,2519600.0
2021-08-19,0.6376228495175497,0.6376228495175497,0.617697154027394,0.6226785778999329,1904700.0
2021-08-20,0.6226786033939653,0.6276600274704563,0.6127157552409833,0.6176971793174744,1110400.0
2021-08-23,0.6176971355309315,0.6226785592543056,0.6027528643608093,0.6027528643608093,1060000.0
2021-08-24,0.6027528803540492,0.6077343042095986,0.5778457016930454,0.5878085494041443,2518600.0
2021-08-25,0.5878085597938569,0.6426042825566902,0.5878085597938569,0.6326414346694946,3819600.0
2021-08-26,0.6376228495175497,0.6376228495175497,0.6226785778999329,0.6226785778999329,1157300.0
2021-08-27,0.6226786033939653,0.6326414515469473,0.6127157552409833,0.6176971793174744,1073200.0
2021-08-30,0.632641416327048,0.632641416327048,0.6127157211303711,0.6127157211303711,396900.0
2021-08-31,0.6226786033939653,0.6226786033939653,0.5977714830115104,0.6176971793174744,901200.0
2021-09-01,0.6176971355309315,0.6176971355309315,0.6027528643608093,0.6027528643608093,544600.0
2021-09-02,0.6027528643608093,0.6176971355309315,0.6027528643608093,0.6027528643608093,793000.0
2021-09-03,0.6027528670337046,0.6426042569974172,0.6027528670337046,0.6376228332519531,2261500.0
2021-09-06,0.6426042684595079,0.6824557185173035,0.6426042684595079,0.6824557185173035,6620400.0
2021-09-07,0.6824557092815481,0.6824557092815481,0.6625300142139353,0.6724928617477417,2121900.0
2021-09-08,0.6724929039087025,0.6724929039087025,0.6525671482086182,0.6525671482086182,1313800.0
2021-09-09,0.6575486316710836,0.6625300557502899,0.6525671482086182,0.6525671482086182,1183900.0
2021-09-10,0.6575486404372084,0.6675114887284409,0.6525671569083321,0.6625300645828247,1591200.0
2021-09-13,0.6575486228596746,0.6625300468721279,0.6376228674266031,0.6426042914390564,1215200.0
2021-09-14,0.6426043085216655,0.6475857326665421,0.6276600360870361,0.6276600360870361,625400.0
2021-09-15,0.6326414515469473,0.6326414515469473,0.6176971793174744,0.6176971793174744,812100.0
2021-09-16,0.6226785687287095,0.6226785687287095,0.6077342973312019,0.6127157211303711,1068100.0
2021-09-17,0.6127157388951034,0.6326414346694946,0.6027528910079079,0.6326414346694946,1787100.0
2021-09-20,0.6276600017724718,0.6326414256450107,0.6077343062823161,0.6226785778999329,1788700.0
2021-09-21,0.6176971793174744,0.6276600274704563,0.6127157552409833,0.6176971793174744,780900.0
2021-09-22,0.6226785687287095,0.6226785687287095,0.6077342973312019,0.6127157211303711,951600.0
2021-09-23,0.612715730154855,0.6426042733900886,0.612715730154855,0.6226785778999329,1508900.0
2021-09-24,0.6226786033939653,0.6276600274704563,0.6176971793174744,0.6176971793174744,694700.0
2021-09-27,0.6176971705596392,0.6176971705596392,0.6077343225479126,0.6077343225479126,875600.0
2021-09-28,0.6127157211303711,0.6176971449295403,0.6077342973312019,0.6127157211303711,432600.0
2021-09-29,0.6127157465537759,0.6176971705596392,0.6077343225479126,0.6077343225479126,711000.0
2021-09-30,0.6077342973312019,0.6176971449295403,0.6077342973312019,0.6127157211303711,763800.0
2021-10-01,0.6127157465537759,0.6127157465537759,0.6027528985420492,0.6077343225479126,465200.0
2021-10-04,0.6127157465537759,0.6176971705596392,0.6027528985420492,0.6077343225479126,581700.0
2021-10-05,0.6077343136441138,0.6077343136441138,0.5927900418454694,0.5977714657783508,752500.0
2021-10-06,0.6077343225479126,0.6077343225479126,0.6027528985420492,0.6077343225479126,722200.0
2021-10-07,0.6077343311644924,0.6276600274704563,0.6077343311644924,0.6176971793174744,1931900.0
2021-10-08,0.6176971449295403,0.6226785687287095,0.6077342973312019,0.6127157211303711,721700.0
2021-10-11,0.6127157465537759,0.6127157465537759,0.6077343225479126,0.6077343225479126,421100.0
2021-10-12,0.6127157118075575,0.6127157118075575,0.6027528643608093,0.6027528643608093,1850700.0
2021-10-13,0.6077342880841834,0.6127157118075575,0.5977714406374353,0.6027528643608093,2341400.0
2021-10-14,0.6077343311644924,0.6276600274704563,0.6027529070880013,0.6176971793174744,2968900.0
2021-10-15,0.6226786033939653,0.6326414515469473,0.6127157552409833,0.6176971793174744,1357700.0
2021-10-18,0.6226785592543056,0.6226785592543056,0.6027528643608093,0.6027528643608093,2265100.0
2021-10-19,0.6077343225479126,0.6127157465537759,0.5977714745361858,0.6077343225479126,2660600.0
2021-10-20,0.6077343136441138,0.6077343136441138,0.5927900418454694,0.5977714657783508,2503800.0
2021-10-21,0.5977714913418024,0.5977714913418024,0.5878085836667224,0.5927900671958923,1937800.0
2021-10-22,0.592790058348062,0.592790058348062,0.5778457267501272,0.5828271508216858,1598300.0
2021-10-25,0.5778456832582792,0.5778456832582792,0.5629014121683916,0.5678828358650208,4509200.0
2021-10-26,0.5678828612014405,0.5778457090391971,0.557920013363684,0.5629014372825623,1654400.0
2021-10-27,0.5629014354912102,0.5629014354912102,0.5280314087867737,0.5280314087867737,6799900.0
2021-10-28,0.5230499783997632,0.5379943093068399,0.4831985876695756,0.488180011510849,12875600.0
2021-10-29,0.488180011510849,0.4981428591933959,0.4582914387715801,0.488180011510849,8913100.0
2021-11-01,0.4981428806565352,0.4981428806565352,0.4682543066294779,0.4782171547412872,2637000.0
2021-11-02,0.4831986084888213,0.4881800325447259,0.4682543066294779,0.4782171547412872,2181500.0
2021-11-03,0.4782171503668438,0.4831986040688106,0.4682543023461687,0.4732357263565063,2074100.0
2021-11-05,0.4732357263565063,0.4782171503668438,0.4682543023461687,0.4732357263565063,1776500.0
2021-11-08,0.4782171341366739,0.4931614353521225,0.4732357102954004,0.488180011510849,2559500.0
2021-11-09,0.493161424065838,0.5230499664294622,0.493161424065838,0.5081056952476501,5577100.0
2021-11-10,0.5081057161446978,0.5081057161446978,0.4931614443482672,0.4981428682804107,1370300.0
2021-11-11,0.5081057043835358,0.5280313996508882,0.5081057043835358,0.5180685520172119,3436000.0
2021-11-12,0.528031425620249,0.528031425620249,0.5130871534347534,0.5130871534347534,2041400.0
2021-11-15,0.5180685685938786,0.5230499925701076,0.5031242966651917,0.5031242966651917,2080600.0
2021-11-16,0.5081056952476501,0.5180685427021915,0.4981428477931087,0.5081056952476501,996800.0
2021-11-17,0.5081057161446978,0.5130871400768413,0.4981428682804107,0.4981428682804107,1274800.0
2021-11-18,0.4981428591933959,0.4981428591933959,0.4831985876695756,0.488180011510849,2111500.0
2021-11-19,0.4931614443482672,0.5031242922125543,0.4931614443482672,0.4981428682804107,728900.0
2021-11-22,0.5031242805666976,0.52304997583405,0.4931614329330213,0.5180685520172119,3584300.0
2021-11-23,0.5180685774965853,0.5230500015584171,0.5081057293729215,0.5130871534347534,1100900.0
2021-11-24,0.5180685774965853,0.5180685774965853,0.5031243053110896,0.5130871534347534,578800.0
2021-11-25,0.5081057206414207,0.5081057206414207,0.5031242966651917,0.5031242966651917,97200.0
2021-11-26,0.5031242783038009,0.5081057020982341,0.478217129640007,0.4831985831260681,2475400.0
2021-11-29,0.4881800069205013,0.4881800069205013,0.4732357058455738,0.4831985831260681,910200.0
2021-11-30,0.4831986084888213,0.4931614566006306,0.4782171547412872,0.4782171547412872,4145400.0
2021-12-01,0.478217129640007,0.4831985831260681,0.4732357058455738,0.4831985831260681,687200.0
2021-12-02,0.4831986040688106,0.4831986040688106,0.453310030315156,0.4732357263565063,1869100.0
2021-12-03,0.4782171458993274,0.4782171458993274,0.4632728740079244,0.4682542979717254,1011400.0
2021-12-06,0.4682542979717254,0.4732357219355264,0.4582914500441234,0.4682542979717254,792000.0
2021-12-07,0.4682542935032082,0.4732357174194718,0.4632728695869446,0.4632728695869446,539500.0
2021-12-08,0.4682542979717254,0.4782171458993274,0.4632728740079244,0.4682542979717254,700000.0
2021-12-09,0.4732357231161888,0.5031242966651917,0.4732357231161888,0.5031242966651917,2958200.0
2021-12-10,0.4931614353521225,0.4981428591933959,0.4831985876695756,0.488180011510849,822100.0
2021-12-13,0.4881800069205013,0.4931614307149345,0.478217129640007,0.4831985831260681,599600.0
2021-12-14,0.4732357263565063,0.4782171503668438,0.4682543023461687,0.4732357263565063,777500.0
2021-12-15,0.4782171458993274,0.4782171458993274,0.4682542979717254,0.4682542979717254,308300.0
2021-12-16,0.4682543023461687,0.4782171503668438,0.4682543023461687,0.4732357263565063,467600.0
2021-12-17,0.4782171503668438,0.4782171503668438,0.4682543023461687,0.4732357263565063,449700.0
2021-12-20,0.4732357174194718,0.4732357174194718,0.458291445670681,0.4632728695869446,1272400.0
2021-12-21,0.4682542979717254,0.4782171458993274,0.4632728740079244,0.4682542979717254,825800.0
2021-12-22,0.4682542935032082,0.4682542935032082,0.458291445670681,0.4632728695869446,432300.0
2021-12-23,0.4682543023461687,0.4732357263565063,0.4632728783358312,0.4732357263565063,92300.0
2021-12-24,0.4732357174194718,0.4732357174194718,0.4632728695869446,0.4632728695869446,16300.0
2021-12-27,0.4632728825735733,0.4782171547412872,0.4632728825735733,0.4782171547412872,414000.0
2021-12-28,0.4782171547412872,0.4831986084888213,0.4732357306853825,0.4782171547412872,711800.0
2021-12-29,0.4782171458993274,0.4782171458993274,0.4682542979717254,0.4682542979717254,531700.0
2021-12-30,0.4732357263565063,0.4732357263565063,0.4682543023461687,0.4732357263565063,164000.0
2021-12-31,0.4732357306853825,0.4831986084888213,0.4732357306853825,0.4782171547412872,277300.0
2022-01-03,0.4831985876695756,0.4931614353521225,0.4782171341366739,0.488180011510849,1308800.0
2022-01-04,0.488180011510849,0.4981428591933959,0.488180011510849,0.488180011510849,2299300.0
2022-01-05,0.4931614307149345,0.4931614307149345,0.4831985831260681,0.4831985831260681,254300.0
2022-01-06,0.4831985876695756,0.488180011510849,0.4782171341366739,0.488180011510849,358000.0
2022-01-07,0.4831986084888213,0.4831986084888213,0.4782171547412872,0.4782171547412872,207100.0
2022-01-10,0.4782171458993274,0.4782171458993274,0.4632728740079244,0.4682542979717254,1033800.0
2022-01-11,0.4682543066294779,0.4782171547412872,0.4632728825735733,0.4782171547412872,464300.0
2022-01-12,0.4682543066294779,0.4782171547412872,0.4682543066294779,0.4782171547412872,189600.0
2022-01-13,0.4732357058455738,0.4881800069205013,0.4732357058455738,0.4831985831260681,797000.0
2022-01-14,0.4782171547412872,0.4782171547412872,0.4732357306853825,0.4782171547412872,77500.0
2022-01-17,0.4732357219355264,0.4782171458993274,0.4682542979717254,0.4682542979717254,85800.0
2022-01-18,0.4732357263565063,0.4732357263565063,0.4632728783358312,0.4732357263565063,351100.0
2022-01-19,0.4682543023461687,0.4782171503668438,0.4632728783358312,0.4732357263565063,572800.0
2022-01-20,0.4732357263565063,0.4732357263565063,0.4632728783358312,0.4732357263565063,182500.0
2022-01-21,0.4682542935032082,0.4682542935032082,0.4632728695869446,0.4632728695869446,180500.0
2022-01-24,0.4632728695869446,0.4632728695869446,0.4533100217544173,0.4632728695869446,910300.0
2022-01-25,0.4533100382214515,0.4582914623186713,0.4483285844326019,0.4483285844326019,794500.0
2022-01-26,0.4483285844326019,0.4533100382214515,0.4383657362381622,0.4483285844326019,442300.0
2022-01-27,0.4383657232276323,0.4383657232276323,0.4234214513795132,0.4333842992782593,632900.0
2022-01-28,0.4284028708934784,0.4383657186890756,0.4234214469956798,0.4284028708934784,366700.0
2022-01-31,0.4184399889720587,0.4284028663537081,0.4184399889720587,0.4234214425086975,195700.0
2022-02-03,0.4284028753288862,0.4433471471770054,0.4284028753288862,0.4333842992782593,368200.0
2022-02-04,0.4284028683043784,0.4582914412021637,0.4284028683043784,0.4582914412021637,719800.0
2022-02-07,0.4483285844326019,0.4582914623186713,0.4433471603353821,0.4483285844326019,693900.0
2022-02-08,0.4483285766131893,0.4782171503668438,0.4483285766131893,0.4732357263565063,1956300.0
2022-02-09,0.478217129640007,0.4931614307149345,0.478217129640007,0.4831985831260681,2036500.0
2022-02-10,0.4881800069205013,0.4981428545093677,0.478217129640007,0.4831985831260681,1254900.0
2022-02-11,0.4831986084888213,0.4881800325447259,0.4782171547412872,0.4782171547412872,289800.0
2022-02-14,0.4732357219355264,0.4782171458993274,0.4682542979717254,0.4682542979717254,167300.0
2022-02-15,0.4632728740079244,0.4782171458993274,0.4632728740079244,0.4682542979717254,284200.0
2022-02-16,0.4632728695869446,0.4682542935032082,0.458291445670681,0.4632728695869446,444200.0
2022-02-17,0.4632728740079244,0.4732357219355264,0.4632728740079244,0.4682542979717254,181100.0
2022-02-18,0.4682542979717254,0.4682542979717254,0.4632728740079244,0.4682542979717254,84800.0
2022-02-21,0.4632728740079244,0.4831985995547572,0.4582914500441234,0.4682542979717254,271700.0
2022-02-22,0.4632728650698565,0.4632728650698565,0.4582914412021637,0.4582914412021637,87300.0
2022-02-23,0.4582914412021637,0.4632728650698565,0.4483285637751497,0.4582914412021637,139200.0
2022-02-24,0.4533100293539954,0.4533100293539954,0.4333843036632648,0.4383657276630401,568300.0
2022-02-25,0.4433471603353821,0.4533100382214515,0.4433471603353821,0.4483285844326019,375600.0
2022-02-28,0.4533100382214515,0.4632728864158911,0.4483285844326019,0.4483285844326019,297300.0
2022-03-01,0.4632728695869446,0.4732357174194718,0.4632728695869446,0.4632728695869446,898100.0
2022-03-02,0.4732357306853825,0.4881800325447259,0.4682543066294779,0.4782171547412872,1216000.0
2022-03-03,0.4831986040688106,0.4831986040688106,0.4732357263565063,0.4732357263565063,352200.0
2022-03-04,0.4682543066294779,0.4831986084888213,0.4682543066294779,0.4782171547412872,426400.0
2022-03-07,0.4782171503668438,0.4831986040688106,0.4682543023461687,0.4732357263565063,868400.0
2022-03-08,0.4682542889375493,0.4732357128052421,0.4483285637751497,0.4582914412021637,540900.0
2022-03-09,0.4533100382214515,0.4582914623186713,0.4433471603353821,0.4483285844326019,642100.0
2022-03-10,0.4582914366354373,0.4632728604534918,0.4533100128173828,0.4533100128173828,446600.0
2022-03-11,0.4533100173344708,0.4632728650698565,0.4533100173344708,0.4582914412021637,136500.0
2022-03-14,0.4533100173344708,0.4632728650698565,0.4433471399074569,0.4582914412021637,423800.0
2022-03-15,0.4582914533537707,0.4582914533537707,0.4333843036632648,0.4383657276630401,1216100.0
2022-03-16,0.438365731998776,0.4483285800968661,0.4333843079497309,0.443347156047821,198700.0
2022-03-17,0.4533100173344708,0.4632728650698565,0.4533100173344708,0.4582914412021637,320100.0
2022-03-18,0.4533100128173828,0.4533100128173828,0.4433471354896457,0.4533100128173828,128500.0
2022-03-21,0.4533100382214515,0.4533100382214515,0.4433471603353821,0.4483285844326019,202500.0
2022-03-22,0.4483285593077002,0.4582914366354373,0.4433471354896457,0.4533100128173828,170300.0
2022-03-23,0.4533100217544173,0.4682542935032082,0.4533100217544173,0.4632728695869446,1567400.0
2022-03-24,0.4632728740079244,0.4682542979717254,0.4582914500441234,0.4682542979717254,223800.0
2022-03-25,0.4582914412021637,0.4632728650698565,0.4582914412021637,0.4582914412021637,343300.0
2022-03-28,0.4582914412021637,0.4632728650698565,0.4582914412021637,0.4582914412021637,184000.0
2022-03-29,0.4582914623186713,0.468254310513111,0.4483285844326019,0.4483285844326019,732400.0
2022-03-30,0.4483285593077002,0.4582914366354373,0.4433471354896457,0.4533100128173828,1031200.0
2022-03-31,0.4483285637751497,0.4582914412021637,0.4483285637751497,0.4582914412021637,314800.0
2022-04-01,0.4533100217544173,0.4632728695869446,0.4533100217544173,0.4632728695869446,245800.0
2022-04-04,0.4582914366354373,0.4582914366354373,0.4533100128173828,0.4533100128173828,190500.0
2022-04-05,0.4533100260803225,0.4732357219355264,0.4533100260803225,0.4682542979717254,1953600.0
2022-04-06,0.4682542889375493,0.4682542889375493,0.4582914412021637,0.4582914412021637,139600.0
2022-04-07,0.4582914412021637,0.4582914412021637,0.4533100173344708,0.4582914412021637,111400.0
2022-04-08,0.4582914412021637,0.4632728650698565,0.4582914412021637,0.4582914412021637,97600.0
2022-04-11,0.4533100382214515,0.4533100382214515,0.4433471603353821,0.4483285844326019,696600.0
2022-04-12,0.4483285844326019,0.4533100382214515,0.4483285844326019,0.4483285844326019,252000.0
2022-04-13,0.4533100173344708,0.4632728650698565,0.4533100173344708,0.4582914412021637,80100.0
2022-04-14,0.4582914366354373,0.4582914366354373,0.4533100128173828,0.4533100128173828,120400.0
2022-04-18,0.4533100382214515,0.4582914623186713,0.4483285844326019,0.4483285844326019,361300.0
2022-04-19,0.4533100382214515,0.4533100382214515,0.4483285844326019,0.4483285844326019,275900.0
2022-04-20,0.4483285844326019,0.4533100382214515,0.4483285844326019,0.4483285844326019,135300.0
2022-04-21,0.4483285593077002,0.4582914366354373,0.4483285593077002,0.4533100128173828,89800.0
2022-04-22,0.4483285844326019,0.4533100382214515,0.4433471603353821,0.4483285844326019,391300.0
2022-04-25,0.4483285800968661,0.4483285800968661,0.443347156047821,0.443347156047821,96800.0
2022-04-26,0.443347156047821,0.4483285800968661,0.443347156047821,0.443347156047821,189800.0
2022-04-27,0.438365731998776,0.443347156047821,0.438365731998776,0.443347156047821,463400.0
2022-04-28,0.4383657276630401,0.4483285756625909,0.4333843036632648,0.4383657276630401,683000.0
2022-04-29,0.4383657140437293,0.4383657140437293,0.4234214425086975,0.4234214425086975,548100.0
2022-05-04,0.4234214425086975,0.4234214425086975,0.4184399889720587,0.4234214425086975,328900.0
2022-05-05,0.423421455663714,0.4383657276630401,0.423421455663714,0.4383657276630401,505700.0
2022-05-06,0.4383657186890756,0.4383657186890756,0.4284028708934784,0.4284028708934784,221500.0
2022-05-09,0.433384294791277,0.433384294791277,0.4284028708934784,0.4284028708934784,100400.0
2022-05-10,0.423421463617463,0.423421463617463,0.4134585857391357,0.4134585857391357,291800.0
2022-05-11,0.4184400098324845,0.4184400098324845,0.4134585857391357,0.4134585857391357,96800.0
2022-05-12,0.4134585769443492,0.4184400009317368,0.403495728969574,0.403495728969574,200700.0
2022-05-13,0.4034957103498127,0.4034957103498127,0.383569985628128,0.383569985628128,283800.0
2022-05-17,0.3935328766523728,0.4134585723820538,0.3935328766523728,0.3985143005847931,678800.0
2022-05-18,0.4084771616457869,0.4184400098324845,0.4034957375524381,0.4134585857391357,589600.0
2022-05-19,0.4084771438281961,0.4084771438281961,0.3935328722000122,0.3935328722000122,220800.0
2022-05-20,0.3985143092723262,0.4084771573543548,0.3985143092723262,0.4084771573543548,134900.0
2022-05-23,0.4084771529569616,0.4084771529569616,0.3985143049821864,0.403495728969574,27900.0
2022-05-24,0.4034957245172133,0.4084771484496335,0.3985143005847931,0.3985143005847931,179900.0
2022-05-25,0.3985143049821864,0.403495728969574,0.3885514273157821,0.403495728969574,99100.0
2022-05-26,0.4084771484496335,0.4084771484496335,0.3935328766523728,0.3985143005847931,135000.0
2022-05-27,0.3985143005847931,0.3985143005847931,0.3985143005847931,0.3985143005847931,21400.0
2022-05-30,0.3985143005847931,0.4034957245172133,0.3935328766523728,0.3985143005847931,139500.0
2022-05-31,0.3985143049821864,0.4084771529569616,0.3935328809947988,0.403495728969574,158800.0
2022-06-01,0.4084771484496335,0.4084771484496335,0.3935328766523728,0.3985143005847931,76100.0
2022-06-02,0.3935328766523728,0.4034957245172133,0.3935328766523728,0.3985143005847931,70200.0
2022-06-03,0.3935328722000122,0.4034957199521348,0.3935328722000122,0.3935328722000122,47700.0
2022-06-06,0.3935328766523728,0.3985143005847931,0.3935328766523728,0.3985143005847931,65100.0
2022-06-07,0.3985142913382132,0.3985142913382132,0.3785885663792327,0.3885514140129089,231200.0
2022-06-08,0.3885514186323225,0.3935328722000122,0.3885514186323225,0.3935328722000122,65800.0
2022-06-09,0.393532867521375,0.3985142913382132,0.3885514140129089,0.3885514140129089,89600.0
2022-06-10,0.3885514140129089,0.393532867521375,0.3785885663792327,0.3885514140129089,174200.0
2022-06-13,0.383569985628128,0.383569985628128,0.3785885618706138,0.383569985628128,241300.0
2022-06-14,0.3785885826923731,0.3785885826923731,0.3686257346294042,0.3736071586608886,349000.0
2022-06-15,0.3636443147793756,0.3835700111344342,0.3636443147793756,0.3785885870456695,204500.0
2022-06-16,0.3686257302761078,0.3785885782214202,0.3686257302761078,0.3686257302761078,30500.0
2022-06-17,0.3636443018913269,0.3686257258035431,0.3586628779791107,0.3636443018913269,154700.0
2022-06-20,0.3586628779791107,0.3686257258035431,0.3586628779791107,0.3636443018913269,132500.0
2022-06-21,0.3586628823307953,0.3686257302761078,0.3586628823307953,0.3686257302761078,78600.0
2022-06-22,0.3686257258035431,0.3835699975401918,0.3636443018913269,0.3636443018913269,310300.0
2022-06-23,0.3636443105979197,0.3785885826923731,0.3636443105979197,0.3736071586608886,134300.0
2022-06-24,0.3785885870456695,0.3785885870456695,0.3736071629569049,0.3785885870456695,154300.0
2022-06-27,0.383569985628128,0.3935328628347841,0.3785885618706138,0.383569985628128,105100.0
2022-06-28,0.3835699901960708,0.4034957151550513,0.3835699901960708,0.3885514140129089,466900.0
2022-06-29,0.3885514140129089,0.3985142913382132,0.3885514140129089,0.3885514140129089,57300.0
2022-06-30,0.3885514093856423,0.3885514093856423,0.3785885618706138,0.383569985628128,53000.0
2022-07-01,0.3835700067238576,0.3885514307553421,0.3736071586608886,0.3736071586608886,55200.0
2022-07-04,0.3686257346294042,0.3835700067238576,0.3686257346294042,0.3736071586608886,34100.0
2022-07-05,0.3785885870456695,0.3985143130923578,0.3686257388681402,0.3785885870456695,75300.0
2022-07-06,0.3785885826923731,0.3835700067238576,0.3736071586608886,0.3736071586608886,75900.0
2022-07-07,0.373607154248764,0.3835700021940764,0.3686257302761078,0.3686257302761078,43700.0
2022-07-08,0.3785885826923731,0.3835700067238576,0.3736071586608886,0.3736071586608886,44600.0
2022-07-12,0.3835700111344342,0.3835700111344342,0.3736071629569049,0.3785885870456695,11900.0
2022-07-13,0.3736071586608886,0.3835700067238576,0.3736071586608886,0.3736071586608886,33800.0
2022-07-14,0.3736071629569049,0.3835700111344342,0.3736071629569049,0.3785885870456695,63100.0
2022-07-15,0.3785885782214202,0.3835700021940764,0.3686257302761078,0.3686257302761078,175200.0
2022-07-18,0.3686257302761078,0.3686257302761078,0.3686257302761078,0.3686257302761078,0.0
2022-07-19,0.3686257346294042,0.3785885826923731,0.3686257346294042,0.3736071586608886,36300.0
2022-07-20,0.3686257346294042,0.3736071586608886,0.3686257346294042,0.3736071586608886,56500.0
2022-07-21,0.3736071497157593,0.3736071497157593,0.3636443018913269,0.3636443018913269,39300.0
2022-07-22,0.3636443105979197,0.3736071586608886,0.3636443105979197,0.3736071586608886,95300.0
2022-07-25,0.3736071586608886,0.3736071586608886,0.3736071586608886,0.3736071586608886,0.0
2022-07-26,0.3686257258035431,0.3736071497157593,0.3636443018913269,0.3636443018913269,62900.0
2022-07-27,0.3686257346294042,0.3736071586608886,0.3636443105979197,0.3736071586608886,50500.0
2022-07-28,0.373607154248764,0.373607154248764,0.3686257302761078,0.3686257302761078,79500.0
2022-07-29,0.3736071586608886,0.3785885826923731,0.3686257346294042,0.3736071586608886,111100.0
2022-08-01,0.373607154248764,0.373607154248764,0.3686257302761078,0.3686257302761078,53300.0
2022-08-02,0.3636443063034515,0.3686257302761078,0.3636443063034515,0.3686257302761078,37400.0
2022-08-03,0.3636443063034515,0.3686257302761078,0.3636443063034515,0.3686257302761078,11100.0
2022-08-04,0.3686257388681402,0.3785885870456695,0.3686257388681402,0.3785885870456695,74400.0
2022-08-05,0.3785885826923731,0.3785885826923731,0.3736071586608886,0.3736071586608886,173700.0
2022-08-08,0.3736071629569049,0.3785885870456695,0.3686257388681402,0.3785885870456695,114800.0
2022-08-10,0.3686257388681402,0.3785885870456695,0.3636443147793756,0.3785885870456695,76400.0
2022-08-11,0.3835700067238576,0.3835700067238576,0.3736071586608886,0.3736071586608886,192800.0
2022-08-12,0.3785885618706138,0.383569985628128,0.3785885618706138,0.383569985628128,202300.0
2022-08-15,0.383569985628128,0.3885514093856423,0.3736071381130996,0.383569985628128,465800.0
2022-08-16,0.3785885870456695,0.3885514352231988,0.3487000128214519,0.3785885870456695,273600.0
2022-08-17,0.3785885618706138,0.3885514093856423,0.3686257143555853,0.383569985628128,379300.0
2022-08-18,0.383569985628128,0.3885514093856423,0.383569985628128,0.383569985628128,245400.0
2022-08-19,0.3835699901960708,0.3885514140129089,0.3736071425623946,0.3885514140129089,306700.0
2022-08-22,0.3835700021940764,0.3885514261667326,0.3686257302761078,0.3686257302761078,138900.0
2022-08-23,0.3785885618706138,0.3885514093856423,0.3736071381130996,0.383569985628128,585800.0
2022-08-24,0.3736071425623946,0.3885514140129089,0.3736071425623946,0.3885514140129089,307100.0
2022-08-25,0.3686257346294042,0.3885514307553421,0.3686257346294042,0.3736071586608886,94500.0
2022-08-26,0.3736071629569049,0.3785885870456695,0.3736071629569049,0.3785885870456695,79000.0
2022-08-29,0.3736071629569049,0.3785885870456695,0.3636443147793756,0.3785885870456695,116400.0
2022-08-30,0.3785885618706138,0.383569985628128,0.3785885618706138,0.383569985628128,8500.0
2022-08-31,0.3785885870456695,0.3785885870456695,0.3686257388681402,0.3785885870456695,1300.0
2022-09-01,0.3686257302761078,0.3785885782214202,0.3686257302761078,0.3686257302761078,12000.0
2022-09-02,0.3686257212067407,0.3785885689069353,0.358662873506546,0.358662873506546,90200.0
2022-09-05,0.3636443018913269,0.3686257258035431,0.3586628779791107,0.3636443018913269,358200.0
2022-09-06,0.3636442973566434,0.3636442973566434,0.358662873506546,0.358662873506546,185200.0
2022-09-07,0.3686257258035431,0.3736071497157593,0.3636443018913269,0.3636443018913269,195900.0
2022-09-08,0.373607154248764,0.373607154248764,0.3686257302761078,0.3686257302761078,2600.0
2022-09-09,0.3686257258035431,0.3686257258035431,0.3636443018913269,0.3636443018913269,8400.0
2022-09-12,0.3636442973566434,0.373607145056838,0.358662873506546,0.358662873506546,152500.0
2022-09-13,0.358662873506546,0.3686257212067407,0.358662873506546,0.358662873506546,71700.0
2022-09-14,0.3586628947180157,0.3636443188627165,0.3487000167369842,0.3487000167369842,172000.0
2022-09-15,0.3487000167369842,0.3636443188627165,0.3487000167369842,0.3487000167369842,147200.0
2022-09-16,0.3486999915347732,0.3586628687957401,0.3486999915347732,0.3536814153194427,132000.0
2022-09-19,0.3487000124354538,0.3487000124354538,0.3437185883522033,0.3437185883522033,31800.0
2022-09-20,0.3487000080074078,0.3487000080074078,0.3387371599674225,0.3387371599674225,208100.0
2022-09-21,0.3387371509733137,0.3437185748610401,0.3287743031978607,0.3287743031978607,259200.0
2022-09-22,0.3287743031978607,0.3337557270855872,0.3237928496185058,0.3287743031978607,420800.0
2022-09-23,0.3237928403714406,0.3237928403714406,0.3188114166259765,0.3188114166259765,387800.0
2022-09-26,0.3188114286207013,0.3188114286207013,0.2839414313989023,0.2988857328891754,633500.0
2022-09-27,0.2939042700947506,0.2988857235638377,0.2889228463172912,0.2889228463172912,265700.0
2022-09-28,0.2988857456220663,0.2988857456220663,0.2789600193500519,0.2789600193500519,326900.0
2022-09-29,0.2789600009675864,0.2789600009675864,0.2590342760086059,0.2590342760086059,525000.0
2022-09-30,0.2590342760086059,0.2640156998254441,0.2490714283749297,0.2590342760086059,318300.0
2022-10-03,0.2490714295966979,0.2540528534379714,0.2391085670683369,0.2440900057554245,189700.0
2022-10-04,0.2440900162723629,0.2540528643841722,0.2391085773706436,0.2391085773706436,159100.0
2022-10-05,0.2440900102080618,0.2540528580723489,0.2440900102080618,0.2490714341402053,100300.0
2022-10-06,0.2540528521917679,0.2640156998254441,0.2490714283749297,0.2590342760086059,185300.0
2022-10-07,0.2540528521917679,0.2640156998254441,0.2490714283749297,0.2590342760086059,98100.0
2022-10-10,0.2490714238965543,0.2590342713510957,0.2490714238965543,0.2540528476238251,101200.0
2022-10-11,0.2590342820044924,0.2590342820044924,0.2490714341402053,0.2490714341402053,32100.0
2022-10-12,0.2490714341402053,0.2490714341402053,0.239108571430104,0.2490714341402053,108200.0
2022-10-13,0.2490714341402053,0.2490714341402053,0.2490714341402053,0.2490714341402053,0.0
2022-10-14,0.2490714341402053,0.2490714341402053,0.239108571430104,0.2490714341402053,1200.0
2022-10-17,0.2440900001692836,0.2590342713510957,0.2440900001692836,0.2540528476238251,4800.0
2022-10-18,0.2540528476238251,0.2540528476238251,0.2391085615961992,0.2540528476238251,31100.0
2022-10-19,0.2540528615215768,0.2590342855213521,0.2142014398317447,0.21918286383152,370400.0
2022-10-20,0.21918286383152,0.2241642878312954,0.2092200009861547,0.21918286383152,275300.0
2022-10-21,0.2191828593445378,0.2191828593445378,0.2092199967031263,0.2142014354467392,197900.0
2022-10-25,0.2092200050788265,0.2540528664912497,0.2092200050788265,0.2241642922163009,42000.0
2022-10-26,0.2241642878312954,0.2241642878312954,0.21918286383152,0.21918286383152,38900.0
2022-10-27,0.21918286383152,0.21918286383152,0.2092200009861547,0.21918286383152,52200.0
2022-10-28,0.2191828593445378,0.2191828593445378,0.2092199967031263,0.2142014354467392,77200.0
2022-10-31,0.214201430796259,0.219182854585907,0.2092199921607971,0.2092199921607971,156600.0
2022-11-01,0.21918286383152,0.2241642878312954,0.2142014398317447,0.21918286383152,150800.0
2022-11-02,0.2191828593445378,0.2191828593445378,0.2142014354467392,0.2142014354467392,50800.0
2022-11-03,0.2092199921607971,0.214201430796259,0.2092199921607971,0.2092199921607971,11700.0
2022-11-04,0.2092199954386822,0.2341271444687746,0.2092199954386822,0.2291457206010818,123100.0
2022-11-07,0.2291457311593356,0.2341271552565555,0.2241642922163009,0.2241642922163009,149300.0
2022-11-08,0.2241642922163009,0.2241642922163009,0.2241642922163009,0.2241642922163009,76300.0
2022-11-09,0.2241642818875748,0.2291457206010818,0.2241642818875748,0.2291457206010818,261500.0
2022-11-10,0.2241642832423364,0.2291457219859492,0.2092199967031263,0.2142014354467392,159700.0
2022-11-11,0.2440900001692836,0.2540528476238251,0.2341271378689285,0.2540528476238251,735800.0
2022-11-14,0.2590342739609075,0.2889228463172912,0.2590342739609075,0.2889228463172912,1580700.0
2022-11-15,0.2889228416291396,0.2889228416291396,0.2789599942358812,0.2839414179325104,432200.0
2022-11-16,0.293904287237315,0.293904287237315,0.273978590965271,0.273978590965271,127000.0
2022-11-17,0.2739785818910666,0.2739785818910666,0.2640157043933868,0.2640157043933868,187400.0
2022-11-18,0.2640156998254441,0.2689971533339102,0.2590342760086059,0.2590342760086059,195000.0
2022-11-21,0.2590342760086059,0.2590342760086059,0.2590342760086059,0.2590342760086059,150800.0
2022-11-22,0.2590342849127193,0.273978586568561,0.2590342849127193,0.2689971625804901,36300.0
2022-11-23,0.2590342804903612,0.2739785818910666,0.2590342804903612,0.2640157043933868,53000.0
2022-11-24,0.268997157988041,0.268997157988041,0.2590342804903612,0.2640157043933868,153700.0
2022-11-25,0.2689971533339102,0.2739785771507483,0.2590342760086059,0.2590342760086059,151200.0
2022-11-28,0.2590342713510957,0.2590342713510957,0.2540528476238251,0.2540528476238251,208600.0
2022-11-29,0.2540528476238251,0.2540528476238251,0.2540528476238251,0.2540528476238251,0.0
2022-11-30,0.2540528476238251,0.2590342713510957,0.2540528476238251,0.2540528476238251,84400.0
2022-12-01,0.2590342760086059,0.2640156998254441,0.2590342760086059,0.2590342760086059,156100.0
2022-12-02,0.2590342760086059,0.2590342760086059,0.2590342760086059,0.2590342760086059,65400.0
2022-12-05,0.2540528460611078,0.2839414179325104,0.2540528460611078,0.2839414179325104,837300.0
2022-12-06,0.273978586568561,0.2839414345447028,0.2689971625804901,0.2689971625804901,324500.0
2022-12-07,0.26899716689726,0.283941439101293,0.26899716689726,0.273978590965271,220300.0
2022-12-08,0.273978590965271,0.273978590965271,0.273978590965271,0.273978590965271,69800.0
2022-12-09,0.273978587547147,0.3088485852798196,0.273978587547147,0.3038671612739563,1945900.0
2022-12-12,0.3038671655822462,0.3138300137352282,0.2939042877376346,0.3088485896587372,777300.0
2022-12-13,0.3138300060716262,0.3387371555374882,0.3138300060716262,0.3337557315826416,2268800.0
2022-12-14,0.3337557315826416,0.3437185794923348,0.3337557315826416,0.3337557315826416,990900.0
2022-12-15,0.3287743031978607,0.3287743031978607,0.3188114257307793,0.3287743031978607,744400.0
2022-12-16,0.3237928403714406,0.3237928403714406,0.3188114166259765,0.3188114166259765,144100.0
2022-12-19,0.3237928403714406,0.3237928403714406,0.3138299928805125,0.3188114166259765,152100.0
2022-12-20,0.3188114378117191,0.3188114378117191,0.3038671655822462,0.3088485896587372,248800.0
2022-12-21,0.3088485852798196,0.3088485852798196,0.3038671612739563,0.3038671612739563,81800.0
2022-12-22,0.3088485896587372,0.3088485896587372,0.3088485896587372,0.3088485896587372,14900.0
2022-12-23,0.3088485938986415,0.3188114421883945,0.3088485938986415,0.313830018043518,77000.0
2022-12-27,0.313830018043518,0.3188114421883945,0.313830018043518,0.313830018043518,78300.0
2022-12-28,0.3138299928805125,0.3337557175539963,0.3138299928805125,0.3188114166259765,307500.0
2022-12-29,0.3237928403714406,0.3287742938085323,0.3138299928805125,0.3188114166259765,67700.0
2022-12-30,0.3188114211939193,0.3237928450107574,0.3188114211939193,0.3237928450107574,157300.0
2023-01-03,0.3237928450107574,0.3237928450107574,0.3138299973770812,0.3237928450107574,192800.0
2023-01-04,0.3188114300264728,0.3337557315826416,0.3138300060716262,0.3337557315826416,544300.0
2023-01-05,0.3337557443028819,0.353681440881685,0.3337557443028819,0.3487000167369842,1994100.0
2023-01-06,0.3437185925922835,0.3636443188627165,0.3387371684475826,0.3487000167369842,2356700.0
2023-01-09,0.3586628902935841,0.3636443143768346,0.3437185883522033,0.3437185883522033,452300.0
2023-01-10,0.3437185794923348,0.3487000034471815,0.3337557315826416,0.3337557315826416,397500.0
2023-01-11,0.3337557359474298,0.3387371599674225,0.3337557359474298,0.3387371599674225,183000.0
2023-01-12,0.3437185883522033,0.3536814365187041,0.3437185883522033,0.3437185883522033,305300.0
2023-01-13,0.3437185839874151,0.3437185839874151,0.3337557359474298,0.3387371599674225,424200.0
2023-01-16,0.3437185794923348,0.3437185794923348,0.3337557315826416,0.3337557315826416,38400.0
2023-01-17,0.3387371509733137,0.3387371509733137,0.3287743031978607,0.3287743031978607,381200.0
2023-01-18,0.3287743161024521,0.3437185883522033,0.3287743161024521,0.3437185883522033,216300.0
2023-01-19,0.3387371555374882,0.3387371555374882,0.3337557315826416,0.3337557315826416,80000.0
2023-01-20,0.3337557443028819,0.3487000167369842,0.3337557443028819,0.3487000167369842,326200.0
2023-01-25,0.3536814199648205,0.3636442973566434,0.3536814199648205,0.358662873506546,736300.0
2023-01-26,0.3636443147793756,0.3785885870456695,0.3636443147793756,0.3785885870456695,1890500.0
2023-01-27,0.373607154248764,0.3835700021940764,0.3686257302761078,0.3686257302761078,348500.0
2023-01-30,0.3536814153194427,0.3785885639344182,0.3536814153194427,0.3536814153194427,349500.0
2023-01-31,0.3486999961147232,0.3636442973566434,0.3437185722646258,0.358662873506546,396900.0
2023-02-01,0.3586628687957401,0.3586628687957401,0.3536814153194427,0.3536814153194427,343100.0
2023-02-02,0.3586628823307953,0.373607154248764,0.3586628823307953,0.3686257302761078,296400.0
2023-02-03,0.373607154248764,0.373607154248764,0.3636443063034515,0.3686257302761078,316000.0
2023-02-06,0.3636443105979197,0.3785885826923731,0.3636443105979197,0.3736071586608886,282800.0
2023-02-07,0.3736071470041385,0.3985142960760734,0.3736071470041385,0.3935328722000122,2600800.0
2023-02-08,0.3885514307553421,0.3935328844784559,0.3736071586608886,0.3736071586608886,708900.0
2023-02-09,0.3736071629569049,0.3835700111344342,0.3736071629569049,0.3785885870456695,137300.0
2023-02-10,0.3785885618706138,0.383569985628128,0.3736071381130996,0.383569985628128,227800.0
2023-02-13,0.3835699975401918,0.3835699975401918,0.3636443018913269,0.3636443018913269,765000.0
2023-02-14,0.3785885826923731,0.3785885826923731,0.3686257346294042,0.3736071586608886,123500.0
2023-02-15,0.3785885736279755,0.3785885736279755,0.3636443018913269,0.3636443018913269,97800.0
2023-02-16,0.3636443105979197,0.3736071586608886,0.3636443105979197,0.3736071586608886,60900.0
2023-02-17,0.3736071497157593,0.3736071497157593,0.3636443018913269,0.3636443018913269,62300.0
2023-02-20,0.3736071497157593,0.3736071497157593,0.3636443018913269,0.3636443018913269,198200.0
2023-02-21,0.3636443063034515,0.373607154248764,0.3636443063034515,0.3686257302761078,307400.0
2023-02-22,0.3686257258035431,0.3686257258035431,0.3636443018913269,0.3636443018913269,128100.0
2023-02-23,0.373607154248764,0.373607154248764,0.3686257302761078,0.3686257302761078,28900.0
2023-02-24,0.3736071497157593,0.3736071497157593,0.3636443018913269,0.3636443018913269,115900.0
2023-02-27,0.3686257258035431,0.3736071497157593,0.3636443018913269,0.3636443018913269,235700.0
2023-02-28,0.3686257212067407,0.3686257212067407,0.358662873506546,0.358662873506546,91500.0
2023-03-01,0.3835699927570326,0.3835699927570326,0.3337557245644312,0.358662873506546,450500.0
2023-03-02,0.3636443018913269,0.3686257258035431,0.3536814243752659,0.3636443018913269,217800.0
2023-03-03,0.3636443188627165,0.3636443188627165,0.3487000167369842,0.3487000167369842,269400.0
2023-03-06,0.358662873506546,0.3636442973566434,0.3486999961147232,0.358662873506546,257900.0
2023-03-07,0.3536814153194427,0.3586628687957401,0.3536814153194427,0.3536814153194427,473300.0
2023-03-08,0.3536814199648205,0.358662873506546,0.3536814199648205,0.358662873506546,65100.0
2023-03-09,0.3536814199648205,0.358662873506546,0.3486999961147232,0.358662873506546,26000.0
2023-03-10,0.3487000124354538,0.3487000124354538,0.3337557401857026,0.3437185883522033,185900.0
2023-03-13,0.3387371484145285,0.358662873506546,0.3387371484145285,0.358662873506546,100000.0
2023-03-14,0.3486999961147232,0.358662873506546,0.3387371484145285,0.358662873506546,146900.0
2023-03-15,0.3586628823307953,0.373607154248764,0.3536814286665102,0.3686257302761078,462400.0
2023-03-16,0.3736071497157593,0.3736071497157593,0.3586628779791107,0.3636443018913269,460400.0
2023-03-17,0.3636443063034515,0.3785885782214202,0.3636443063034515,0.3686257302761078,539900.0
2023-03-20,0.3686257212067407,0.3686257212067407,0.358662873506546,0.358662873506546,272200.0
2023-03-21,0.3586628779791107,0.3636443018913269,0.3586628779791107,0.3636443018913269,28500.0
2023-03-22,0.3636443063034515,0.3686257302761078,0.3586628823307953,0.3686257302761078,104100.0
2023-03-23,0.3686257302761078,0.3686257302761078,0.3636443063034515,0.3686257302761078,69000.0
2023-03-24,0.3686257346294042,0.3785885826923731,0.3636443105979197,0.3736071586608886,351900.0
2023-03-27,0.3736071586608886,0.3736071586608886,0.3736071586608886,0.3736071586608886,0.0
2023-03-28,0.3686257302761078,0.373607154248764,0.3536814286665102,0.3686257302761078,489700.0
2023-03-29,0.3636443018913269,0.3686257258035431,0.3636443018913269,0.3636443018913269,202100.0
2023-03-30,0.3636443063034515,0.3686257302761078,0.3636443063034515,0.3686257302761078,54500.0
2023-03-31,0.3686257302761078,0.3686257302761078,0.3686257302761078,0.3686257302761078,426100.0
2023-04-03,0.3686257346294042,0.3736071586608886,0.3686257346294042,0.3736071586608886,19600.0
2023-04-04,0.373607154248764,0.373607154248764,0.3686257302761078,0.3686257302761078,3000.0
2023-04-05,0.3686257258035431,0.3686257258035431,0.3636443018913269,0.3636443018913269,32000.0
2023-04-06,0.3636443018913269,0.3636443018913269,0.3586628779791107,0.3636443018913269,74700.0
2023-04-10,0.3636443018913269,0.3636443018913269,0.3636443018913269,0.3636443018913269,0.0
2023-04-11,0.3686257302761078,0.3686257302761078,0.3586628823307953,0.3686257302761078,58400.0
2023-04-12,0.3686257346294042,0.3835700067238576,0.3686257346294042,0.3736071586608886,1881100.0
2023-04-13,0.3736071629569049,0.3785885870456695,0.3736071629569049,0.3785885870456695,239300.0
2023-04-14,0.3785885870456695,0.3785885870456695,0.3736071629569049,0.3785885870456695,51300.0
2023-04-17,0.3785885870456695,0.3785885870456695,0.3736071629569049,0.3785885870456695,74600.0
2023-04-18,0.3736071586608886,0.3785885826923731,0.3736071586608886,0.3736071586608886,210600.0
2023-04-19,0.3736071497157593,0.3736071497157593,0.3586628779791107,0.3636443018913269,350400.0
2023-04-20,0.3636442973566434,0.3636442973566434,0.358662873506546,0.358662873506546,33000.0
2023-04-21,0.3636443018913269,0.3636443018913269,0.3586628779791107,0.3636443018913269,55300.0
2023-04-24,0.3636442973566434,0.3636442973566434,0.358662873506546,0.358662873506546,35000.0
2023-04-25,0.3636442973566434,0.3636442973566434,0.358662873506546,0.358662873506546,59300.0
2023-04-26,0.3586628779791107,0.3686257258035431,0.3586628779791107,0.3636443018913269,50700.0
2023-04-27,0.3636443018913269,0.3636443018913269,0.3636443018913269,0.3636443018913269,0.0
2023-04-28,0.3636443018913269,0.3636443018913269,0.3636443018913269,0.3636443018913269,52000.0
2023-05-02,0.3636442973566434,0.3636442973566434,0.358662873506546,0.358662873506546,6700.0
2023-05-03,0.3586628779791107,0.3636443018913269,0.3586628779791107,0.3636443018913269,52100.0
2023-05-04,0.3636443018913269,0.3636443018913269,0.3636443018913269,0.3636443018913269,700.0
2023-05-05,0.3636442973566434,0.3636442973566434,0.358662873506546,0.358662873506546,95600.0
2023-05-08,0.3686257212067407,0.3686257212067407,0.3486999961147232,0.358662873506546,103900.0
2023-05-09,0.3586628687957401,0.3586628687957401,0.3437185677501037,0.3536814153194427,48900.0
2023-05-10,0.353681440881685,0.353681440881685,0.3437185925922835,0.3487000167369842,36600.0
2023-05-11,0.3487000167369842,0.3487000167369842,0.3487000167369842,0.3487000167369842,4700.0
2023-05-12,0.3487000124354538,0.3487000124354538,0.3437185883522033,0.3437185883522033,18000.0
2023-05-15,0.3437185839874151,0.3437185839874151,0.3387371599674225,0.3387371599674225,26300.0
2023-05-16,0.3387371461528998,0.3387371461528998,0.3138299973770812,0.3237928450107574,29500.0
2023-05-17,0.3188114211939193,0.348699993786576,0.3188114211939193,0.3237928450107574,17400.0
2023-05-18,0.3387371461528998,0.3387371461528998,0.3138299973770812,0.3237928450107574,14000.0
2023-05-19,0.3237928539813194,0.3337557315826416,0.3237928539813194,0.3337557315826416,143000.0
2023-05-22,0.3337557315826416,0.3337557315826416,0.3337557315826416,0.3337557315826416,3000.0
2023-05-23,0.3287743201581811,0.3487000167369842,0.3287743201581811,0.3487000167369842,36000.0
2023-05-24,0.3487000167369842,0.3487000167369842,0.3487000167369842,0.3487000167369842,0.0
2023-05-25,0.3449999988079071,0.3499999940395355,0.3449999988079071,0.3499999940395355,78700.0
2023-05-26,0.324999988079071,0.324999988079071,0.324999988079071,0.324999988079071,16000.0
2023-05-29,0.324999988079071,0.3300000131130218,0.324999988079071,0.3300000131130218,32000.0
2023-05-30,0.324999988079071,0.3300000131130218,0.3199999928474426,0.3199999928474426,102600.0
2023-05-31,0.3449999988079071,0.3449999988079071,0.3199999928474426,0.3300000131130218,40500.0
2023-06-01,0.3300000131130218,0.3300000131130218,0.3149999976158142,0.3199999928474426,32900.0
2023-06-05,0.324999988079071,0.324999988079071,0.324999988079071,0.324999988079071,23200.0
2023-06-06,0.324999988079071,0.324999988079071,0.324999988079071,0.324999988079071,40500.0
2023-06-07,0.324999988079071,0.324999988079071,0.3199999928474426,0.3199999928474426,59400.0
2023-06-08,0.324999988079071,0.324999988079071,0.324999988079071,0.324999988079071,24300.0
2023-06-09,0.3199999928474426,0.3300000131130218,0.3100000023841858,0.3100000023841858,68800.0
2023-06-12,0.324999988079071,0.324999988079071,0.3149999976158142,0.3199999928474426,68800.0
2023-06-13,0.3149999976158142,0.3300000131130218,0.3149999976158142,0.3300000131130218,89400.0
2023-06-14,0.324999988079071,0.3300000131130218,0.324999988079071,0.3300000131130218,600.0
2023-06-15,0.3300000131130218,0.3350000083446502,0.3300000131130218,0.3350000083446502,89300.0
2023-06-16,0.3300000131130218,0.3300000131130218,0.3300000131130218,0.3300000131130218,26700.0
2023-06-19,0.3300000131130218,0.3300000131130218,0.3300000131130218,0.3300000131130218,0.0
2023-06-20,0.3300000131130218,0.3300000131130218,0.3300000131130218,0.3300000131130218,4000.0
2023-06-21,0.324999988079071,0.3300000131130218,0.324999988079071,0.3300000131130218,3300.0
2023-06-22,0.3350000083446502,0.3350000083446502,0.3199999928474426,0.3199999928474426,19600.0
2023-06-23,0.3199999928474426,0.3199999928474426,0.3199999928474426,0.3199999928474426,80000.0
2023-06-26,0.3199999928474426,0.3199999928474426,0.3199999928474426,0.3199999928474426,20000.0
2023-06-27,0.3199999928474426,0.3199999928474426,0.3149999976158142,0.3149999976158142,79400.0
2023-06-28,0.3300000131130218,0.3300000131130218,0.3199999928474426,0.3199999928474426,59000.0
2023-06-30,0.3199999928474426,0.3199999928474426,0.3149999976158142,0.3149999976158142,8500.0
2023-07-03,0.3199999928474426,0.324999988079071,0.3199999928474426,0.3199999928474426,53600.0
2023-07-04,0.3199999928474426,0.3199999928474426,0.3149999976158142,0.3149999976158142,20100.0
2023-07-05,0.3149999976158142,0.3149999976158142,0.3149999976158142,0.3149999976158142,10000.0
2023-07-06,0.3199999928474426,0.3199999928474426,0.3199999928474426,0.3199999928474426,200.0
2023-07-07,0.3149999976158142,0.3199999928474426,0.3050000071525574,0.3149999976158142,73300.0
2023-07-10,0.3149999976158142,0.3149999976158142,0.3050000071525574,0.3050000071525574,20000.0
2023-07-11,0.3050000071525574,0.3149999976158142,0.3050000071525574,0.3100000023841858,17200.0
2023-07-12,0.3100000023841858,0.324999988079071,0.3100000023841858,0.324999988079071,7500.0
2023-07-13,0.324999988079071,0.324999988079071,0.3100000023841858,0.3149999976158142,62700.0
2023-07-14,0.3149999976158142,0.3149999976158142,0.3050000071525574,0.3100000023841858,44200.0
2023-07-17,0.3100000023841858,0.3100000023841858,0.3050000071525574,0.3050000071525574,76400.0
2023-07-18,0.3100000023841858,0.3100000023841858,0.3100000023841858,0.3100000023841858,2600.0
2023-07-19,0.3199999928474426,0.3199999928474426,0.3199999928474426,0.3199999928474426,10000.0
2023-07-20,0.3199999928474426,0.3199999928474426,0.3199999928474426,0.3199999928474426,0.0
2023-07-21,0.3100000023841858,0.3199999928474426,0.3050000071525574,0.3199999928474426,36100.0
2023-07-24,0.3199999928474426,0.3199999928474426,0.2949999868869781,0.3199999928474426,66900.0
2023-07-25,0.3199999928474426,0.3199999928474426,0.3199999928474426,0.3199999928474426,0.0
2023-07-26,0.3199999928474426,0.3199999928474426,0.3199999928474426,0.3199999928474426,0.0
2023-07-27,0.2949999868869781,0.3149999976158142,0.2949999868869781,0.3100000023841858,37200.0
2023-07-28,0.3100000023841858,0.3100000023841858,0.3100000023841858,0.3100000023841858,10000.0
2023-07-31,0.3050000071525574,0.3100000023841858,0.3050000071525574,0.3100000023841858,29900.0
2023-08-01,0.3100000023841858,0.3100000023841858,0.3050000071525574,0.3050000071525574,67000.0
2023-08-02,0.3000000119209289,0.3100000023841858,0.3000000119209289,0.3050000071525574,115900.0
2023-08-03,0.3050000071525574,0.3100000023841858,0.3050000071525574,0.3100000023841858,100000.0
2023-08-04,0.3100000023841858,0.3149999976158142,0.3100000023841858,0.3100000023841858,47500.0
2023-08-07,0.3100000023841858,0.3100000023841858,0.3100000023841858,0.3100000023841858,43000.0
2023-08-08,0.3050000071525574,0.3050000071525574,0.3050000071525574,0.3050000071525574,63100.0
2023-08-10,0.3149999976158142,0.3199999928474426,0.3100000023841858,0.3199999928474426,152800.0
2023-08-11,0.3149999976158142,0.3149999976158142,0.3100000023841858,0.3100000023841858,42700.0
2023-08-14,0.3050000071525574,0.3100000023841858,0.3000000119209289,0.3050000071525574,62600.0
2023-08-15,0.3050000071525574,0.3050000071525574,0.3000000119209289,0.3000000119209289,15400.0
2023-08-16,0.3000000119209289,0.3000000119209289,0.2949999868869781,0.2949999868869781,158100.0
2023-08-17,0.2949999868869781,0.2949999868869781,0.2949999868869781,0.2949999868869781,0.0
2023-08-18,0.2949999868869781,0.2949999868869781,0.2800000011920929,0.2800000011920929,30200.0
2023-08-21,0.2800000011920929,0.2849999964237213,0.2750000059604645,0.2800000011920929,196000.0
2023-08-22,0.2750000059604645,0.2949999868869781,0.2750000059604645,0.2849999964237213,75000.0
2023-08-23,0.2849999964237213,0.2849999964237213,0.2849999964237213,0.2849999964237213,0.0
2023-08-24,0.2899999916553497,0.2899999916553497,0.2899999916553497,0.2899999916553497,10400.0
2023-08-25,0.2899999916553497,0.2899999916553497,0.2899999916553497,0.2899999916553497,34700.0
2023-08-28,0.2949999868869781,0.3100000023841858,0.2949999868869781,0.3000000119209289,26800.0
2023-08-29,0.2849999964237213,0.3100000023841858,0.2800000011920929,0.2800000011920929,75600.0
2023-08-30,0.2899999916553497,0.2949999868869781,0.2899999916553497,0.2899999916553497,41600.0
2023-08-31,0.2750000059604645,0.3100000023841858,0.2750000059604645,0.3000000119209289,28600.0
2023-09-04,0.3000000119209289,0.3000000119209289,0.2800000011920929,0.2899999916553497,68000.0
2023-09-05,0.2949999868869781,0.2949999868869781,0.2849999964237213,0.2849999964237213,24600.0
2023-09-06,0.2800000011920929,0.2800000011920929,0.2800000011920929,0.2800000011920929,500.0
2023-09-07,0.2800000011920929,0.2800000011920929,0.2800000011920929,0.2800000011920929,100.0
2023-09-08,0.2800000011920929,0.2800000011920929,0.2800000011920929,0.2800000011920929,0.0
2023-09-11,0.2800000011920929,0.2800000011920929,0.2800000011920929,0.2800000011920929,0.0
2023-09-12,0.2899999916553497,0.2899999916553497,0.2750000059604645,0.2750000059604645,68400.0
2023-09-13,0.270000010728836,0.2849999964237213,0.270000010728836,0.2849999964237213,13300.0
2023-09-14,0.2849999964237213,0.3000000119209289,0.2849999964237213,0.3000000119209289,3000.0
2023-09-15,0.3000000119209289,0.3000000119209289,0.3000000119209289,0.3000000119209289,0.0
2023-09-18,0.3000000119209289,0.3000000119209289,0.3000000119209289,0.3000000119209289,0.0
2023-09-19,0.3000000119209289,0.3000000119209289,0.270000010728836,0.3000000119209289,35300.0
2023-09-20,0.2949999868869781,0.2949999868869781,0.2949999868869781,0.2949999868869781,500.0
2023-09-21,0.2949999868869781,0.2949999868869781,0.2949999868869781,0.2949999868869781,0.0
2023-09-22,0.2949999868869781,0.2949999868869781,0.2949999868869781,0.2949999868869781,0.0
2023-09-25,0.2949999868869781,0.2949999868869781,0.2949999868869781,0.2949999868869781,0.0
2023-09-26,0.2949999868869781,0.2949999868869781,0.2949999868869781,0.2949999868869781,0.0
2023-09-27,0.2949999868869781,0.2949999868869781,0.2949999868869781,0.2949999868869781,0.0
2023-09-28,0.270000010728836,0.2949999868869781,0.2599999904632568,0.2949999868869781,20500.0
2023-09-29,0.2949999868869781,0.2949999868869781,0.2949999868869781,0.2949999868869781,0.0
2023-10-02,0.2949999868869781,0.3000000119209289,0.2949999868869781,0.2949999868869781,151000.0
2023-10-03,0.2849999964237213,0.2949999868869781,0.2849999964237213,0.2949999868869781,12000.0
2023-10-04,0.2949999868869781,0.2949999868869781,0.2949999868869781,0.2949999868869781,0.0
2023-10-05,0.2750000059604645,0.2899999916553497,0.2750000059604645,0.2899999916553497,8800.0
2023-10-06,0.2899999916553497,0.2899999916553497,0.2899999916553497,0.2899999916553497,200.0
2023-10-09,0.2899999916553497,0.2899999916553497,0.2899999916553497,0.2899999916553497,0.0
2023-10-10,0.270000010728836,0.2750000059604645,0.2649999856948852,0.2750000059604645,46500.0
2023-10-11,0.270000010728836,0.2849999964237213,0.2549999952316284,0.2549999952316284,62400.0
2023-10-12,0.2549999952316284,0.2849999964237213,0.2549999952316284,0.2849999964237213,35600.0
2023-10-13,0.270000010728836,0.270000010728836,0.2599999904632568,0.2649999856948852,14300.0
2023-10-16,0.270000010728836,0.2800000011920929,0.2649999856948852,0.2649999856948852,161000.0
2023-10-17,0.2649999856948852,0.2750000059604645,0.2599999904632568,0.2750000059604645,132700.0
2023-10-18,0.2599999904632568,0.270000010728836,0.2300000041723251,0.2599999904632568,201000.0
2023-10-19,0.2399999946355819,0.25,0.2399999946355819,0.25,41100.0
2023-10-20,0.25,0.25,0.2349999994039535,0.2399999946355819,15000.0
2023-10-23,0.2249999940395355,0.2599999904632568,0.2249999940395355,0.25,76700.0
2023-10-24,0.25,0.2549999952316284,0.25,0.25,65400.0
2023-10-25,0.2450000047683715,0.25,0.2450000047683715,0.25,2300.0
2023-10-26,0.2399999946355819,0.2549999952316284,0.2300000041723251,0.25,80000.0
2023-10-27,0.2549999952316284,0.270000010728836,0.2549999952316284,0.2549999952316284,105100.0
2023-10-30,0.2549999952316284,0.2549999952316284,0.2549999952316284,0.2549999952316284,0.0
2023-10-31,0.25,0.25,0.25,0.25,1100.0
2023-11-01,0.25,0.25,0.25,0.25,2200.0
2023-11-02,0.25,0.2649999856948852,0.25,0.2599999904632568,27800.0
2023-11-03,0.2649999856948852,0.2649999856948852,0.2599999904632568,0.2649999856948852,57100.0
2023-11-06,0.25,0.2549999952316284,0.2399999946355819,0.2399999946355819,52500.0
2023-11-07,0.25,0.2750000059604645,0.25,0.2649999856948852,182000.0
2023-11-08,0.2599999904632568,0.2599999904632568,0.2549999952316284,0.2599999904632568,206200.0
2023-11-09,0.270000010728836,0.270000010728836,0.270000010728836,0.270000010728836,500.0
2023-11-10,0.2649999856948852,0.2649999856948852,0.2549999952316284,0.2549999952316284,700.0
2023-11-14,0.2599999904632568,0.2599999904632568,0.2599999904632568,0.2599999904632568,600.0
2023-11-15,0.2549999952316284,0.2549999952316284,0.2450000047683715,0.25,73000.0
2023-11-16,0.25,0.25,0.25,0.25,0.0
2023-11-17,0.2450000047683715,0.2549999952316284,0.2349999994039535,0.2549999952316284,7900.0
2023-11-20,0.2549999952316284,0.2549999952316284,0.2549999952316284,0.2549999952316284,0.0
2023-11-21,0.2549999952316284,0.2549999952316284,0.2549999952316284,0.2549999952316284,0.0
2023-11-22,0.2399999946355819,0.2399999946355819,0.2399999946355819,0.2399999946355819,13100.0
2023-11-23,0.2399999946355819,0.2399999946355819,0.2399999946355819,0.2399999946355819,64000.0
2023-11-24,0.2399999946355819,0.2399999946355819,0.2300000041723251,0.2300000041723251,320300.0
2023-11-27,0.2300000041723251,0.2300000041723251,0.2300000041723251,0.2300000041723251,72400.0
2023-11-28,0.2349999994039535,0.2399999946355819,0.2349999994039535,0.2399999946355819,266300.0
2023-11-29,0.2399999946355819,0.2450000047683715,0.2349999994039535,0.2399999946355819,36400.0
2023-11-30,0.2399999946355819,0.2399999946355819,0.2300000041723251,0.2300000041723251,3000.0
2023-12-01,0.2399999946355819,0.2450000047683715,0.2349999994039535,0.2399999946355819,108600.0
2023-12-04,0.2399999946355819,0.2399999946355819,0.2399999946355819,0.2399999946355819,10100.0
2023-12-05,0.2399999946355819,0.25,0.2399999946355819,0.25,88400.0
2023-12-06,0.25,0.25,0.2399999946355819,0.2399999946355819,28700.0
2023-12-07,0.2399999946355819,0.2399999946355819,0.2399999946355819,0.2399999946355819,50000.0
2023-12-08,0.2450000047683715,0.2450000047683715,0.2349999994039535,0.2349999994039535,12900.0
2023-12-11,0.2450000047683715,0.2450000047683715,0.2450000047683715,0.2450000047683715,2700.0
2023-12-12,0.2450000047683715,0.2450000047683715,0.2450000047683715,0.2450000047683715,0.0
2023-12-13,0.2349999994039535,0.2450000047683715,0.2349999994039535,0.2450000047683715,200.0
2023-12-14,0.2399999946355819,0.2549999952316284,0.2399999946355819,0.2549999952316284,207100.0
2023-12-15,0.2549999952316284,0.2599999904632568,0.2549999952316284,0.2549999952316284,144000.0
2023-12-18,0.2549999952316284,0.2549999952316284,0.2549999952316284,0.2549999952316284,0.0
2023-12-19,0.2549999952316284,0.2549999952316284,0.2549999952316284,0.2549999952316284,4000.0
2023-12-20,0.25,0.25,0.2399999946355819,0.2399999946355819,2400.0
2023-12-21,0.2399999946355819,0.2399999946355819,0.2399999946355819,0.2399999946355819,18500.0
2023-12-22,0.2399999946355819,0.2399999946355819,0.2399999946355819,0.2399999946355819,58100.0
2023-12-26,0.2450000047683715,0.2450000047683715,0.2300000041723251,0.2450000047683715,14000.0
2023-12-27,0.2399999946355819,0.2399999946355819,0.2300000041723251,0.2300000041723251,10000.0
2023-12-28,0.2399999946355819,0.2450000047683715,0.2399999946355819,0.2450000047683715,64400.0
2023-12-29,0.2349999994039535,0.2450000047683715,0.2249999940395355,0.2450000047683715,179000.0
2024-01-02,0.2450000047683715,0.2849999964237213,0.2450000047683715,0.2800000011920929,357400.0
2024-01-03,0.2599999904632568,0.2750000059604645,0.2599999904632568,0.2649999856948852,3700.0
2024-01-04,0.2599999904632568,0.2649999856948852,0.2599999904632568,0.2649999856948852,5100.0
2024-01-05,0.2649999856948852,0.2649999856948852,0.2549999952316284,0.2599999904632568,64000.0
2024-01-08,0.2599999904632568,0.270000010728836,0.2549999952316284,0.2549999952316284,77300.0
2024-01-09,0.2599999904632568,0.2599999904632568,0.2549999952316284,0.2599999904632568,35000.0
2024-01-10,0.2599999904632568,0.2599999904632568,0.2599999904632568,0.2599999904632568,47900.0
2024-01-11,0.2599999904632568,0.2599999904632568,0.2599999904632568,0.2599999904632568,13000.0
2024-01-12,0.2599999904632568,0.2649999856948852,0.25,0.25,21400.0
2024-01-15,0.2549999952316284,0.2549999952316284,0.2549999952316284,0.2549999952316284,3400.0
2024-01-16,0.2549999952316284,0.2549999952316284,0.2549999952316284,0.2549999952316284,40000.0
2024-01-17,0.2450000047683715,0.25,0.2399999946355819,0.2450000047683715,4300.0
2024-01-18,0.2450000047683715,0.2450000047683715,0.2450000047683715,0.2450000047683715,10000.0
2024-01-19,0.2450000047683715,0.2549999952316284,0.2349999994039535,0.2349999994039535,15900.0
2024-01-22,0.2399999946355819,0.2450000047683715,0.2399999946355819,0.2450000047683715,6200.0
2024-01-23,0.2450000047683715,0.2450000047683715,0.2399999946355819,0.2399999946355819,13600.0
2024-01-24,0.2399999946355819,0.2399999946355819,0.2399999946355819,0.2399999946355819,0.0
2024-01-25,0.2399999946355819,0.2450000047683715,0.2349999994039535,0.2349999994039535,75100.0
2024-01-26,0.2349999994039535,0.2399999946355819,0.2349999994039535,0.2399999946355819,69200.0
2024-01-29,0.2399999946355819,0.2399999946355819,0.2349999994039535,0.2349999994039535,151700.0
2024-01-30,0.2349999994039535,0.2349999994039535,0.2349999994039535,0.2349999994039535,4000.0
2024-01-31,0.2349999994039535,0.2349999994039535,0.2349999994039535,0.2349999994039535,98100.0
2024-02-01,0.2349999994039535,0.2349999994039535,0.2349999994039535,0.2349999994039535,5700.0
2024-02-02,0.2349999994039535,0.2349999994039535,0.2349999994039535,0.2349999994039535,0.0
2024-02-05,0.2349999994039535,0.2450000047683715,0.2249999940395355,0.2249999940395355,7400.0
2024-02-06,0.2300000041723251,0.2300000041723251,0.2300000041723251,0.2300000041723251,20000.0
2024-02-07,0.2300000041723251,0.2300000041723251,0.2300000041723251,0.2300000041723251,500.0
2024-02-08,0.2300000041723251,0.2300000041723251,0.2249999940395355,0.2249999940395355,1600.0
2024-02-09,0.2300000041723251,0.2349999994039535,0.2249999940395355,0.2300000041723251,72700.0
2024-02-13,0.2300000041723251,0.2399999946355819,0.2300000041723251,0.2349999994039535,105400.0
2024-02-14,0.2349999994039535,0.2349999994039535,0.2349999994039535,0.2349999994039535,4000.0
2024-02-15,0.2249999940395355,0.2300000041723251,0.2249999940395355,0.2300000041723251,76600.0
2024-02-16,0.2300000041723251,0.2300000041723251,0.2000000029802322,0.2249999940395355,328200.0
2024-02-19,0.2249999940395355,0.2249999940395355,0.209999993443489,0.2150000035762787,133100.0
2024-02-20,0.2150000035762787,0.2150000035762787,0.209999993443489,0.209999993443489,125000.0
2024-02-21,0.209999993443489,0.2150000035762787,0.2049999982118606,0.209999993443489,236100.0
2024-02-22,0.209999993443489,0.2150000035762787,0.209999993443489,0.2150000035762787,243000.0
2024-02-23,0.2150000035762787,0.2199999988079071,0.2049999982118606,0.2150000035762787,37300.0
2024-02-26,0.209999993443489,0.2150000035762787,0.209999993443489,0.2150000035762787,73700.0
2024-02-27,0.2199999988079071,0.2300000041723251,0.2199999988079071,0.2199999988079071,124600.0
2024-02-28,0.2249999940395355,0.2349999994039535,0.2249999940395355,0.2249999940395355,93300.0
2024-02-29,0.2199999988079071,0.2349999994039535,0.2199999988079071,0.2300000041723251,362000.0
2024-03-01,0.2300000041723251,0.2300000041723251,0.2199999988079071,0.2199999988079071,5800.0
2024-03-04,0.2249999940395355,0.2249999940395355,0.2199999988079071,0.2199999988079071,45100.0
2024-03-05,0.2199999988079071,0.2199999988079071,0.2199999988079071,0.2199999988079071,14000.0
2024-03-06,0.2150000035762787,0.2199999988079071,0.209999993443489,0.2199999988079071,53600.0
2024-03-07,0.2199999988079071,0.2199999988079071,0.209999993443489,0.209999993443489,8500.0
2024-03-08,0.2150000035762787,0.2150000035762787,0.2150000035762787,0.2150000035762787,17000.0
2024-03-11,0.2150000035762787,0.2150000035762787,0.209999993443489,0.209999993443489,28500.0
2024-03-12,0.2199999988079071,0.2249999940395355,0.2150000035762787,0.2150000035762787,73100.0
2024-03-13,0.2150000035762787,0.2199999988079071,0.209999993443489,0.2199999988079071,67300.0
2024-03-14,0.2199999988079071,0.2199999988079071,0.2049999982118606,0.2049999982118606,29100.0
2024-03-15,0.209999993443489,0.209999993443489,0.209999993443489,0.209999993443489,13000.0
2024-03-18,0.209999993443489,0.209999993443489,0.2049999982118606,0.2049999982118606,62200.0
2024-03-19,0.209999993443489,0.209999993443489,0.2049999982118606,0.2049999982118606,92900.0
2024-03-20,0.2049999982118606,0.2049999982118606,0.2049999982118606,0.2049999982118606,0.0
2024-03-21,0.209999993443489,0.209999993443489,0.2049999982118606,0.209999993443489,39800.0
2024-03-22,0.209999993443489,0.209999993443489,0.209999993443489,0.209999993443489,20000.0
2024-03-25,0.209999993443489,0.2150000035762787,0.209999993443489,0.209999993443489,22400.0
2024-03-26,0.2150000035762787,0.2150000035762787,0.2150000035762787,0.2150000035762787,19000.0
2024-03-27,0.2150000035762787,0.2150000035762787,0.2150000035762787,0.2150000035762787,20500.0
2024-03-28,0.2150000035762787,0.2150000035762787,0.2150000035762787,0.2150000035762787,16000.0
2024-04-01,0.2150000035762787,0.2150000035762787,0.2150000035762787,0.2150000035762787,100500.0
2024-04-02,0.2300000041723251,0.2300000041723251,0.2199999988079071,0.2199999988079071,49700.0
2024-04-03,0.2199999988079071,0.2249999940395355,0.2199999988079071,0.2199999988079071,66300.0
2024-04-04,0.2199999988079071,0.2300000041723251,0.2199999988079071,0.2300000041723251,30900.0
2024-04-05,0.2300000041723251,0.2300000041723251,0.2300000041723251,0.2300000041723251,0.0
2024-04-08,0.209999993443489,0.2199999988079071,0.209999993443489,0.209999993443489,324600.0
2024-04-09,0.209999993443489,0.2199999988079071,0.209999993443489,0.2199999988079071,26300.0
2024-04-11,0.2199999988079071,0.2199999988079071,0.2199999988079071,0.2199999988079071,30100.0
2024-04-12,0.2199999988079071,0.2199999988079071,0.2199999988079071,0.2199999988079071,58000.0
2024-04-15,0.2199999988079071,0.2199999988079071,0.2150000035762787,0.2150000035762787,45500.0
2024-04-16,0.2199999988079071,0.2199999988079071,0.209999993443489,0.209999993443489,86000.0
2024-04-17,0.209999993443489,0.209999993443489,0.209999993443489,0.209999993443489,29300.0
2024-04-18,0.209999993443489,0.209999993443489,0.209999993443489,0.209999993443489,0.0
2024-04-19,0.2049999982118606,0.2049999982118606,0.2049999982118606,0.2049999982118606,30000.0
2024-04-22,0.2049999982118606,0.2049999982118606,0.2049999982118606,0.2049999982118606,4200.0
2024-04-23,0.2049999982118606,0.2049999982118606,0.2000000029802322,0.2000000029802322,209300.0
2024-04-24,0.209999993443489,0.209999993443489,0.209999993443489,0.209999993443489,7000.0
2024-04-25,0.2049999982118606,0.209999993443489,0.2049999982118606,0.2049999982118606,53300.0
2024-04-26,0.2150000035762787,0.2150000035762787,0.209999993443489,0.209999993443489,3800.0
2024-04-29,0.209999993443489,0.209999993443489,0.2000000029802322,0.2000000029802322,10200.0
2024-04-30,0.2000000029802322,0.2049999982118606,0.2000000029802322,0.2049999982118606,177500.0
2024-05-02,0.2049999982118606,0.2150000035762787,0.2049999982118606,0.2150000035762787,120000.0
2024-05-03,0.2150000035762787,0.2150000035762787,0.2150000035762787,0.2150000035762787,5000.0
2024-05-06,0.209999993443489,0.209999993443489,0.2049999982118606,0.209999993443489,230000.0
2024-05-07,0.2049999982118606,0.2049999982118606,0.2049999982118606,0.2049999982118606,50000.0
2024-05-08,0.2049999982118606,0.2049999982118606,0.2049999982118606,0.2049999982118606,160000.0
2024-05-09,0.2049999982118606,0.2049999982118606,0.2049999982118606,0.2049999982118606,50000.0
2024-05-10,0.2049999982118606,0.2049999982118606,0.2049999982118606,0.2049999982118606,11000.0
2024-05-13,0.2049999982118606,0.209999993443489,0.2049999982118606,0.2049999982118606,204100.0
2024-05-14,0.2049999982118606,0.2150000035762787,0.2049999982118606,0.2150000035762787,199700.0
2024-05-15,0.2349999994039535,0.25,0.2300000041723251,0.2349999994039535,1600700.0
2024-05-16,0.2399999946355819,0.2399999946355819,0.2300000041723251,0.2300000041723251,20400.0
2024-05-17,0.2300000041723251,0.2300000041723251,0.2249999940395355,0.2300000041723251,59600.0
2024-05-20,0.2199999988079071,0.2199999988079071,0.2150000035762787,0.2199999988079071,85600.0
2024-05-21,0.2199999988079071,0.2199999988079071,0.2199999988079071,0.2199999988079071,0.0
2024-05-23,0.2150000035762787,0.2399999946355819,0.2150000035762787,0.2399999946355819,440400.0
2024-05-24,0.2399999946355819,0.25,0.2399999946355819,0.2399999946355819,635300.0
2024-05-27,0.2399999946355819,0.25,0.2399999946355819,0.25,193400.0
2024-05-28,0.25,0.2800000011920929,0.25,0.2649999856948852,744600.0
2024-05-29,0.2599999904632568,0.270000010728836,0.2549999952316284,0.2599999904632568,531000.0
2024-05-30,0.2599999904632568,0.2649999856948852,0.2599999904632568,0.2649999856948852,85700.0
2024-05-31,0.270000010728836,0.270000010728836,0.2549999952316284,0.2549999952316284,572300.0
2024-06-03,0.2599999904632568,0.2599999904632568,0.2549999952316284,0.2599999904632568,92000.0
2024-06-04,0.2599999904632568,0.2599999904632568,0.2599999904632568,0.2599999904632568,187200.0
2024-06-05,0.2599999904632568,0.2649999856948852,0.2599999904632568,0.2649999856948852,78000.0
2024-06-06,0.2599999904632568,0.2599999904632568,0.2549999952316284,0.2599999904632568,321000.0
2024-06-07,0.2549999952316284,0.2599999904632568,0.2549999952316284,0.2599999904632568,71400.0
2024-06-10,0.2599999904632568,0.2649999856948852,0.2599999904632568,0.2649999856948852,33200.0
2024-06-11,0.2649999856948852,0.2649999856948852,0.2599999904632568,0.2599999904632568,31800.0
2024-06-12,0.2599999904632568,0.2649999856948852,0.2599999904632568,0.2599999904632568,244000.0
2024-06-13,0.2649999856948852,0.2649999856948852,0.2599999904632568,0.2599999904632568,168000.0
2024-06-14,0.2599999904632568,0.2599999904632568,0.2599999904632568,0.2599999904632568,38900.0
2024-06-18,0.2649999856948852,0.2649999856948852,0.2599999904632568,0.2649999856948852,55300.0
2024-06-19,0.2649999856948852,0.2649999856948852,0.2599999904632568,0.2599999904632568,87900.0
2024-06-20,0.2649999856948852,0.2649999856948852,0.2549999952316284,0.2599999904632568,96000.0
2024-06-21,0.2599999904632568,0.2649999856948852,0.2549999952316284,0.2549999952316284,72000.0
2024-06-24,0.2549999952316284,0.2599999904632568,0.2549999952316284,0.2599999904632568,21300.0
2024-06-25,0.2599999904632568,0.2599999904632568,0.2599999904632568,0.2599999904632568,50100.0
2024-06-26,0.2599999904632568,0.2599999904632568,0.2599999904632568,0.2599999904632568,11700.0
2024-06-27,0.2599999904632568,0.2599999904632568,0.2599999904632568,0.2599999904632568,70200.0
2024-06-28,0.2599999904632568,0.2599999904632568,0.2549999952316284,0.2549999952316284,25500.0
2024-07-01,0.2549999952316284,0.2599999904632568,0.2549999952316284,0.2599999904632568,34000.0
2024-07-02,0.2599999904632568,0.2599999904632568,0.2599999904632568,0.2599999904632568,5000.0
2024-07-03,0.2599999904632568,0.2599999904632568,0.2450000047683715,0.2450000047683715,143000.0
2024-07-04,0.25,0.25,0.2450000047683715,0.2450000047683715,36300.0
2024-07-05,0.25,0.25,0.25,0.25,39700.0
2024-07-08,0.2549999952316284,0.2549999952316284,0.25,0.25,33000.0
2024-07-09,0.2549999952316284,0.2549999952316284,0.25,0.25,11000.0
2024-07-10,0.25,0.25,0.2450000047683715,0.2450000047683715,49400.0
2024-07-11,0.25,0.25,0.2399999946355819,0.2450000047683715,85000.0
2024-07-12,0.2450000047683715,0.25,0.2450000047683715,0.25,50000.0
2024-07-15,0.2549999952316284,0.2549999952316284,0.25,0.2549999952316284,10000.0
2024-07-16,0.2549999952316284,0.2549999952316284,0.25,0.25,33000.0
2024-07-17,0.2549999952316284,0.2549999952316284,0.2450000047683715,0.2450000047683715,35200.0
2024-07-18,0.2549999952316284,0.2549999952316284,0.2450000047683715,0.2450000047683715,15000.0
2024-07-19,0.25,0.25,0.2399999946355819,0.2399999946355819,159000.0
2024-07-22,0.25,0.25,0.2399999946355819,0.2399999946355819,25000.0
2024-07-23,0.25,0.2549999952316284,0.25,0.25,86500.0
2024-07-24,0.25,0.25,0.25,0.25,30000.0
2024-07-25,0.2399999946355819,0.2399999946355819,0.2399999946355819,0.2399999946355819,400.0
2024-07-26,0.2599999904632568,0.2599999904632568,0.25,0.25,65700.0
2024-07-29,0.25,0.25,0.25,0.25,10000.0
2024-07-30,0.25,0.25,0.2450000047683715,0.2450000047683715,20500.0
2024-07-31,0.2450000047683715,0.2450000047683715,0.2450000047683715,0.2450000047683715,10000.0
2024-08-01,0.25,0.25,0.2450000047683715,0.2450000047683715,130700.0
2024-08-02,0.25,0.2549999952316284,0.25,0.25,17800.0
2024-08-05,0.2549999952316284,0.2549999952316284,0.2349999994039535,0.2399999946355819,552700.0
2024-08-06,0.2349999994039535,0.2399999946355819,0.2199999988079071,0.2399999946355819,106000.0
2024-08-07,0.209999993443489,0.2399999946355819,0.2000000029802322,0.2300000041723251,640700.0
2024-08-08,0.209999993443489,0.2399999946355819,0.209999993443489,0.2300000041723251,412300.0
2024-08-12,0.209999993443489,0.2300000041723251,0.209999993443489,0.2300000041723251,92000.0
2024-08-13,0.2049999982118606,0.2399999946355819,0.2049999982118606,0.2399999946355819,151400.0
2024-08-14,0.2150000035762787,0.2300000041723251,0.2150000035762787,0.2300000041723251,98900.0
2024-08-15,0.2249999940395355,0.2249999940395355,0.2249999940395355,0.2249999940395355,3000.0
2024-08-16,0.2249999940395355,0.2249999940395355,0.2249999940395355,0.2249999940395355,0.0
2024-08-19,0.2300000041723251,0.2300000041723251,0.2000000029802322,0.2249999940395355,117000.0
2024-08-20,0.2199999988079071,0.2249999940395355,0.2199999988079071,0.2249999940395355,60400.0
2024-08-21,0.2199999988079071,0.2300000041723251,0.2199999988079071,0.2300000041723251,47800.0
2024-08-22,0.2199999988079071,0.2300000041723251,0.2199999988079071,0.2300000041723251,122400.0
2024-08-23,0.2199999988079071,0.2199999988079071,0.2199999988079071,0.2199999988079071,5600.0
2024-08-26,0.2199999988079071,0.2300000041723251,0.2199999988079071,0.2300000041723251,30600.0
2024-08-27,0.2199999988079071,0.2300000041723251,0.2199999988079071,0.2300000041723251,31000.0
2024-08-28,0.2300000041723251,0.2300000041723251,0.2300000041723251,0.2300000041723251,0.0
2024-08-29,0.2300000041723251,0.2300000041723251,0.2300000041723251,0.2300000041723251,0.0
2024-08-30,0.2249999940395355,0.2249999940395355,0.209999993443489,0.2199999988079071,105600.0
2024-09-02,0.2199999988079071,0.2300000041723251,0.2199999988079071,0.2300000041723251,34900.0
2024-09-03,0.2300000041723251,0.2300000041723251,0.2300000041723251,0.2300000041723251,0.0
2024-09-04,0.2300000041723251,0.2300000041723251,0.2300000041723251,0.2300000041723251,0.0
2024-09-05,0.2300000041723251,0.2300000041723251,0.2300000041723251,0.2300000041723251,0.0
2024-09-06,0.2300000041723251,0.2399999946355819,0.2300000041723251,0.2399999946355819,272600.0
2024-09-09,0.2300000041723251,0.2300000041723251,0.2199999988079071,0.2199999988079071,72200.0
2024-09-10,0.2349999994039535,0.2349999994039535,0.2199999988079071,0.2199999988079071,29200.0
2024-09-11,0.2300000041723251,0.2300000041723251,0.2249999940395355,0.2249999940395355,72000.0
2024-09-12,0.2300000041723251,0.2300000041723251,0.2300000041723251,0.2300000041723251,2900.0
2024-09-13,0.2300000041723251,0.2300000041723251,0.2300000041723251,0.2300000041723251,40800.0
2024-09-16,0.2349999994039535,0.2349999994039535,0.2349999994039535,0.2349999994039535,2600.0
2024-09-17,0.2249999940395355,0.2349999994039535,0.2249999940395355,0.2349999994039535,50000.0
2024-09-18,0.2399999946355819,0.2450000047683715,0.2300000041723251,0.2300000041723251,71900.0
2024-09-19,0.2300000041723251,0.2300000041723251,0.2300000041723251,0.2300000041723251,0.0
2024-09-20,0.2450000047683715,0.2450000047683715,0.2399999946355819,0.2399999946355819,63600.0
2024-09-23,0.2399999946355819,0.2399999946355819,0.2399999946355819,0.2399999946355819,0.0
2024-09-24,0.2300000041723251,0.2300000041723251,0.2249999940395355,0.2300000041723251,704300.0
2024-09-25,0.2300000041723251,0.2399999946355819,0.2249999940395355,0.2349999994039535,754200.0
2024-09-26,0.2349999994039535,0.2450000047683715,0.2349999994039535,0.2349999994039535,200000.0
2024-09-27,0.2399999946355819,0.2649999856948852,0.2399999946355819,0.2649999856948852,1173200.0
2024-09-30,0.2649999856948852,0.3149999976158142,0.2649999856948852,0.3100000023841858,2032000.0
2024-10-01,0.3100000023841858,0.3300000131130218,0.3000000119209289,0.3300000131130218,560300.0
2024-10-02,0.3300000131130218,0.3650000095367431,0.3199999928474426,0.3650000095367431,1849400.0
2024-10-03,0.3650000095367431,0.3799999952316284,0.3549999892711639,0.3700000047683716,2236900.0
2024-10-04,0.3600000143051147,0.3650000095367431,0.3499999940395355,0.3549999892711639,1040000.0
2024-10-07,0.3499999940395355,0.3650000095367431,0.324999988079071,0.3650000095367431,2694500.0
2024-10-08,0.3600000143051147,0.3600000143051147,0.3300000131130218,0.3300000131130218,506100.0
2024-10-09,0.3300000131130218,0.3400000035762787,0.324999988079071,0.324999988079071,487300.0
2024-10-10,0.3300000131130218,0.3400000035762787,0.3300000131130218,0.3300000131130218,195000.0
2024-10-11,0.3300000131130218,0.3300000131130218,0.3199999928474426,0.3199999928474426,563400.0
2024-10-14,0.324999988079071,0.3350000083446502,0.324999988079071,0.3300000131130218,755300.0
2024-10-15,0.324999988079071,0.324999988079071,0.3000000119209289,0.3000000119209289,1410200.0
2024-10-16,0.3000000119209289,0.3050000071525574,0.2949999868869781,0.3050000071525574,315800.0
2024-10-17,0.3000000119209289,0.3100000023841858,0.3000000119209289,0.3100000023841858,302400.0
2024-10-18,0.3100000023841858,0.324999988079071,0.3000000119209289,0.324999988079071,473400.0
2024-10-21,0.3199999928474426,0.324999988079071,0.3199999928474426,0.3199999928474426,135000.0
2024-10-22,0.324999988079071,0.324999988079071,0.3149999976158142,0.3149999976158142,54600.0
2024-10-23,0.3199999928474426,0.324999988079071,0.3149999976158142,0.324999988079071,12400.0
2024-10-24,0.3050000071525574,0.3100000023841858,0.3050000071525574,0.3100000023841858,45300.0
2024-10-25,0.3100000023841858,0.3149999976158142,0.3000000119209289,0.3149999976158142,85000.0
2024-10-28,0.3000000119209289,0.3199999928474426,0.3000000119209289,0.3149999976158142,37700.0
2024-10-29,0.3149999976158142,0.3149999976158142,0.3149999976158142,0.3149999976158142,0.0
2024-10-30,0.3000000119209289,0.324999988079071,0.3000000119209289,0.324999988079071,66700.0
2024-11-01,0.3100000023841858,0.3199999928474426,0.3100000023841858,0.3199999928474426,72000.0
2024-11-04,0.3050000071525574,0.3199999928474426,0.3050000071525574,0.3199999928474426,9700.0
2024-11-05,0.2899999916553497,0.3000000119209289,0.2899999916553497,0.3000000119209289,499100.0
2024-11-06,0.2899999916553497,0.2899999916553497,0.2899999916553497,0.2899999916553497,303200.0
2024-11-07,0.2899999916553497,0.2899999916553497,0.2899999916553497,0.2899999916553497,1000.0
2024-11-08,0.2849999964237213,0.2899999916553497,0.2849999964237213,0.2899999916553497,90100.0
2024-11-11,0.2800000011920929,0.2899999916553497,0.2800000011920929,0.2899999916553497,24600.0
2024-11-12,0.2899999916553497,0.3000000119209289,0.2899999916553497,0.3000000119209289,124700.0
2024-11-13,0.3050000071525574,0.3050000071525574,0.3000000119209289,0.3000000119209289,33000.0
2024-11-14,0.2899999916553497,0.2899999916553497,0.2849999964237213,0.2849999964237213,60700.0
2024-11-15,0.2899999916553497,0.2899999916553497,0.2750000059604645,0.2750000059604645,42100.0
2024-11-18,0.2750000059604645,0.2750000059604645,0.2750000059604645,0.2750000059604645,11000.0
2024-11-19,0.2750000059604645,0.2750000059604645,0.2750000059604645,0.2750000059604645,27100.0
2024-11-20,0.2750000059604645,0.2750000059604645,0.270000010728836,0.270000010728836,123200.0
2024-11-21,0.2649999856948852,0.2949999868869781,0.2599999904632568,0.2949999868869781,211300.0
2024-11-22,0.2800000011920929,0.2800000011920929,0.2750000059604645,0.2750000059604645,5500.0
2024-11-25,0.270000010728836,0.2800000011920929,0.270000010728836,0.270000010728836,16600.0
2024-11-26,0.270000010728836,0.270000010728836,0.270000010728836,0.270000010728836,0.0
2024-11-27,0.270000010728836,0.270000010728836,0.2649999856948852,0.2649999856948852,50000.0
2024-11-28,0.2649999856948852,0.2649999856948852,0.2649999856948852,0.2649999856948852,20000.0
2024-11-29,0.2649999856948852,0.2649999856948852,0.2649999856948852,0.2649999856948852,10000.0
2024-12-02,0.2649999856948852,0.270000010728836,0.2599999904632568,0.2599999904632568,195200.0
2024-12-03,0.2599999904632568,0.2750000059604645,0.2599999904632568,0.2750000059604645,127600.0
2024-12-04,0.270000010728836,0.2750000059604645,0.270000010728836,0.2750000059604645,75400.0
2024-12-05,0.2649999856948852,0.2649999856948852,0.2649999856948852,0.2649999856948852,200.0
2024-12-06,0.2649999856948852,0.2750000059604645,0.2649999856948852,0.2750000059604645,74500.0
2024-12-09,0.2750000059604645,0.2750000059604645,0.2649999856948852,0.2649999856948852,6000.0
2024-12-10,0.2800000011920929,0.3050000071525574,0.270000010728836,0.270000010728836,810400.0
2024-12-11,0.2800000011920929,0.2899999916553497,0.2649999856948852,0.2800000011920929,564400.0
2024-12-12,0.270000010728836,0.2750000059604645,0.2599999904632568,0.270000010728836,798300.0
2024-12-13,0.2649999856948852,0.2649999856948852,0.2599999904632568,0.2599999904632568,137100.0
2024-12-16,0.2599999904632568,0.2599999904632568,0.25,0.2549999952316284,624100.0
2024-12-17,0.2549999952316284,0.2549999952316284,0.2549999952316284,0.2549999952316284,18700.0
2024-12-18,0.2549999952316284,0.2599999904632568,0.2450000047683715,0.2599999904632568,23200.0
2024-12-19,0.2649999856948852,0.2649999856948852,0.2649999856948852,0.2649999856948852,5700.0
2024-12-20,0.270000010728836,0.270000010728836,0.270000010728836,0.270000010728836,600.0
2024-12-23,0.25,0.25,0.2300000041723251,0.2399999946355819,253100.0
2024-12-24,0.2399999946355819,0.2399999946355819,0.2399999946355819,0.2399999946355819,0.0
2024-12-26,0.2599999904632568,0.2599999904632568,0.2450000047683715,0.2599999904632568,23900.0
2024-12-27,0.2549999952316284,0.2549999952316284,0.2549999952316284,0.2549999952316284,136500.0
2024-12-30,0.2549999952316284,0.2599999904632568,0.2549999952316284,0.2599999904632568,40100.0
2024-12-31,0.2599999904632568,0.2599999904632568,0.25,0.25,43100.0
2025-01-02,0.25,0.2549999952316284,0.2450000047683715,0.2549999952316284,170600.0
2025-01-03,0.2549999952316284,0.2599999904632568,0.2549999952316284,0.2599999904632568,156000.0
2025-01-06,0.2649999856948852,0.2649999856948852,0.2649999856948852,0.2649999856948852,600.0
2025-01-07,0.25,0.25,0.2450000047683715,0.2450000047683715,35600.0
2025-01-08,0.2450000047683715,0.2450000047683715,0.2450000047683715,0.2450000047683715,0.0
2025-01-09,0.2450000047683715,0.2450000047683715,0.2450000047683715,0.2450000047683715,64200.0
2025-01-10,0.2349999994039535,0.2599999904632568,0.2349999994039535,0.2599999904632568,79900.0
2025-01-13,0.2349999994039535,0.2599999904632568,0.2349999994039535,0.2599999904632568,400.0
2025-01-14,0.2349999994039535,0.2349999994039535,0.2349999994039535,0.2349999994039535,10000.0
2025-01-15,0.2349999994039535,0.2349999994039535,0.2349999994039535,0.2349999994039535,0.0
2025-01-16,0.2450000047683715,0.2450000047683715,0.2450000047683715,0.2450000047683715,200.0
2025-01-17,0.2399999946355819,0.2399999946355819,0.2399999946355819,0.2399999946355819,3000.0
2025-01-20,0.2399999946355819,0.2399999946355819,0.2399999946355819,0.2399999946355819,0.0
2025-01-21,0.2399999946355819,0.25,0.2399999946355819,0.2399999946355819,16500.0
2025-01-22,0.2399999946355819,0.25,0.2399999946355819,0.2399999946355819,5700.0
2025-01-23,0.2399999946355819,0.2399999946355819,0.2399999946355819,0.2399999946355819,1000.0
2025-01-24,0.2399999946355819,0.2399999946355819,0.2399999946355819,0.2399999946355819,4500.0
2025-01-27,0.2399999946355819,0.2399999946355819,0.2399999946355819,0.2399999946355819,36100.0
2025-01-28,0.2399999946355819,0.2399999946355819,0.2399999946355819,0.2399999946355819,0.0
2025-01-31,0.2399999946355819,0.2399999946355819,0.2349999994039535,0.2399999946355819,13900.0
2025-02-03,0.2399999946355819,0.2399999946355819,0.2349999994039535,0.2349999994039535,5100.0
2025-02-04,0.2349999994039535,0.2349999994039535,0.2349999994039535,0.2349999994039535,0.0
2025-02-05,0.2399999946355819,0.2549999952316284,0.2399999946355819,0.2549999952316284,39500.0
2025-02-06,0.2800000011920929,0.2800000011920929,0.2649999856948852,0.2649999856948852,103900.0
2025-02-07,0.2649999856948852,0.2649999856948852,0.2349999994039535,0.2649999856948852,34100.0
2025-02-10,0.2649999856948852,0.2649999856948852,0.2399999946355819,0.2399999946355819,10500.0
2025-02-11,0.2399999946355819,0.25,0.2399999946355819,0.25,401600.0
2025-02-12,0.25,0.2599999904632568,0.2399999946355819,0.2549999952316284,762200.0
2025-02-13,0.25,0.25,0.25,0.25,65600.0
2025-02-14,0.2549999952316284,0.2549999952316284,0.25,0.25,81900.0
2025-02-17,0.2599999904632568,0.270000010728836,0.25,0.2599999904632568,230200.0
2025-02-18,0.2549999952316284,0.2649999856948852,0.2549999952316284,0.2549999952316284,248200.0
2025-02-19,0.2599999904632568,0.2599999904632568,0.2549999952316284,0.2549999952316284,293300.0
2025-02-20,0.2599999904632568,0.2649999856948852,0.2549999952316284,0.2549999952316284,286800.0
2025-02-21,0.2599999904632568,0.2599999904632568,0.2549999952316284,0.2599999904632568,139700.0
2025-02-24,0.25,0.2599999904632568,0.25,0.25,163200.0
2025-02-25,0.2599999904632568,0.2599999904632568,0.25,0.2549999952316284,96300.0
2025-02-26,0.25,0.2599999904632568,0.25,0.2599999904632568,544000.0
2025-02-27,0.2599999904632568,0.2599999904632568,0.25,0.25,634700.0
2025-02-28,0.25,0.25,0.2399999946355819,0.2450000047683715,1094000.0
2025-03-03,0.2450000047683715,0.25,0.2399999946355819,0.2399999946355819,412900.0
2025-03-04,0.2399999946355819,0.2399999946355819,0.2349999994039535,0.2349999994039535,193200.0
2025-03-05,0.2249999940395355,0.2249999940395355,0.2199999988079071,0.2249999940395355,179200.0
2025-03-06,0.2249999940395355,0.2249999940395355,0.2199999988079071,0.2199999988079071,16900.0
2025-03-07,0.2300000041723251,0.2300000041723251,0.2300000041723251,0.2300000041723251,32000.0
2025-03-10,0.2150000035762787,0.2300000041723251,0.2000000029802322,0.2000000029802322,1095800.0
2025-03-11,0.2049999982118606,0.2150000035762787,0.2049999982118606,0.209999993443489,258000.0
2025-03-12,0.2150000035762787,0.2349999994039535,0.209999993443489,0.2349999994039535,100100.0
2025-03-13,0.2300000041723251,0.2300000041723251,0.2150000035762787,0.2249999940395355,92200.0
2025-03-14,0.2150000035762787,0.2150000035762787,0.209999993443489,0.209999993443489,137000.0
2025-03-17,0.209999993443489,0.209999993443489,0.209999993443489,0.209999993443489,57900.0
2025-03-18,0.2150000035762787,0.2150000035762787,0.2000000029802322,0.209999993443489,542800.0
2025-03-19,0.209999993443489,0.209999993443489,0.209999993443489,0.209999993443489,731200.0
2025-03-20,0.209999993443489,0.2150000035762787,0.209999993443489,0.209999993443489,54200.0
2025-03-21,0.209999993443489,0.209999993443489,0.209999993443489,0.209999993443489,18500.0
2025-03-24,0.209999993443489,0.2199999988079071,0.209999993443489,0.2150000035762787,222900.0
2025-03-25,0.2199999988079071,0.2199999988079071,0.209999993443489,0.209999993443489,77300.0
2025-03-26,0.209999993443489,0.2150000035762787,0.209999993443489,0.2150000035762787,126100.0
2025-03-27,0.209999993443489,0.209999993443489,0.209999993443489,0.209999993443489,80000.0
2025-03-28,0.209999993443489,0.2150000035762787,0.209999993443489,0.2150000035762787,256500.0
2025-04-01,0.2150000035762787,0.2150000035762787,0.209999993443489,0.2150000035762787,122200.0
2025-04-02,0.209999993443489,0.209999993443489,0.209999993443489,0.209999993443489,3400.0
2025-04-03,0.209999993443489,0.2150000035762787,0.209999993443489,0.2150000035762787,109400.0
2025-04-04,0.2150000035762787,0.2150000035762787,0.2049999982118606,0.2049999982118606,223800.0
2025-04-07,0.2049999982118606,0.2049999982118606,0.1949999928474426,0.1949999928474426,628700.0
2025-04-08,0.2000000029802322,0.2049999982118606,0.1990000009536743,0.1990000009536743,75400.0
2025-04-09,0.1959999948740005,0.2000000029802322,0.1949999928474426,0.1949999928474426,268500.0
2025-04-10,0.2000000029802322,0.2000000029802322,0.1990000009536743,0.2000000029802322,141200.0
2025-04-11,0.2000000029802322,0.2000000029802322,0.2000000029802322,0.2000000029802322,5800.0
2025-04-14,0.2000000029802322,0.2000000029802322,0.2000000029802322,0.2000000029802322,11000.0
2025-04-15,0.2000000029802322,0.2000000029802322,0.2000000029802322,0.2000000029802322,31000.0
2025-04-16,0.2349999994039535,0.2349999994039535,0.2000000029802322,0.2000000029802322,59900.0
2025-04-17,0.209999993443489,0.209999993443489,0.209999993443489,0.209999993443489,55000.0
2025-04-21,0.209999993443489,0.209999993443489,0.209999993443489,0.209999993443489,30000.0
2025-04-22,0.209999993443489,0.209999993443489,0.209999993443489,0.209999993443489,0.0
2025-04-23,0.2150000035762787,0.2150000035762787,0.209999993443489,0.2150000035762787,38500.0
2025-04-24,0.209999993443489,0.209999993443489,0.1949999928474426,0.1949999928474426,78800.0
2025-04-25,0.1949999928474426,0.1949999928474426,0.1949999928474426,0.1949999928474426,0.0
2025-04-28,0.2000000029802322,0.2049999982118606,0.2000000029802322,0.2049999982118606,86000.0
2025-04-29,0.209999993443489,0.2249999940395355,0.209999993443489,0.2199999988079071,161600.0
2025-04-30,0.2199999988079071,0.2199999988079071,0.2199999988079071,0.2199999988079071,39300.0
2025-05-02,0.2199999988079071,0.2450000047683715,0.2199999988079071,0.2450000047683715,362200.0
2025-05-05,0.2399999946355819,0.2399999946355819,0.2399999946355819,0.2399999946355819,70000.0
2025-05-06,0.2399999946355819,0.2399999946355819,0.2349999994039535,0.2349999994039535,170200.0
2025-05-07,0.2399999946355819,0.2450000047683715,0.2399999946355819,0.2450000047683715,425600.0
2025-05-08,0.25,0.2599999904632568,0.25,0.25,268900.0
2025-05-09,0.25,0.270000010728836,0.25,0.270000010728836,515500.0
2025-05-13,0.270000010728836,0.2800000011920929,0.270000010728836,0.2750000059604645,375000.0
2025-05-14,0.2750000059604645,0.2750000059604645,0.2750000059604645,0.2750000059604645,22000.0
2025-05-15,0.2599999904632568,0.270000010728836,0.2599999904632568,0.270000010728836,35100.0
2025-05-16,0.270000010728836,0.2849999964237213,0.270000010728836,0.2849999964237213,235000.0
2025-05-19,0.2849999964237213,0.3050000071525574,0.2800000011920929,0.2899999916553497,1245300.0
2025-05-20,0.2899999916553497,0.2899999916553497,0.2750000059604645,0.2800000011920929,47200.0
2025-05-21,0.2800000011920929,0.2849999964237213,0.2750000059604645,0.2800000011920929,184300.0
2025-05-22,0.2750000059604645,0.2750000059604645,0.2750000059604645,0.2750000059604645,18600.0
2025-05-23,0.2750000059604645,0.2750000059604645,0.2750000059604645,0.2750000059604645,11000.0
2025-05-26,0.2800000011920929,0.2800000011920929,0.2750000059604645,0.2750000059604645,275400.0
2025-05-27,0.2800000011920929,0.2949999868869781,0.2800000011920929,0.2949999868869781,341200.0
2025-05-28,0.2949999868869781,0.2949999868869781,0.2849999964237213,0.2899999916553497,26500.0
2025-05-29,0.2800000011920929,0.3000000119209289,0.2800000011920929,0.2800000011920929,133200.0
2025-05-30,0.2800000011920929,0.2849999964237213,0.2800000011920929,0.2800000011920929,51600.0
2025-06-02,0.2750000059604645,0.2750000059604645,0.2750000059604645,0.2750000059604645,25900.0
2025-06-03,0.2800000011920929,0.2800000011920929,0.2750000059604645,0.2750000059604645,66100.0
2025-06-04,0.2750000059604645,0.2750000059604645,0.2750000059604645,0.2750000059604645,100000.0
2025-06-05,0.2800000011920929,0.2800000011920929,0.2649999856948852,0.2649999856948852,101900.0
2025-06-06,0.2649999856948852,0.2649999856948852,0.2649999856948852,0.2649999856948852,10900.0
2025-06-09,0.2649999856948852,0.2649999856948852,0.25,0.2649999856948852,37100.0
2025-06-10,0.2599999904632568,0.2599999904632568,0.2599999904632568,0.2599999904632568,10000.0
2025-06-11,0.2599999904632568,0.2599999904632568,0.2599999904632568,0.2599999904632568,0.0
2025-06-12,0.2599999904632568,0.2599999904632568,0.2399999946355819,0.25,75000.0
2025-06-13,0.25,0.25,0.25,0.25,20000.0
2025-06-16,0.25,0.25,0.2450000047683715,0.25,44100.0
2025-06-17,0.25,0.25,0.2300000041723251,0.2300000041723251,98100.0
2025-06-18,0.2300000041723251,0.2349999994039535,0.2300000041723251,0.2300000041723251,8200.0
2025-06-19,0.2349999994039535,0.2349999994039535,0.2300000041723251,0.2300000041723251,35100.0
2025-06-20,0.2300000041723251,0.2349999994039535,0.2300000041723251,0.2300000041723251,123200.0
2025-06-23,0.2300000041723251,0.2300000041723251,0.2300000041723251,0.2300000041723251,25000.0
2025-06-24,0.2300000041723251,0.2300000041723251,0.2300000041723251,0.2300000041723251,0.0
2025-06-25,0.2349999994039535,0.2349999994039535,0.2300000041723251,0.2300000041723251,25100.0
2025-06-26,0.2300000041723251,0.2300000041723251,0.2300000041723251,0.2300000041723251,8700.0
2025-06-27,0.2349999994039535,0.2649999856948852,0.2300000041723251,0.2549999952316284,52900.0
2025-06-30,0.25,0.25,0.25,0.25,38600.0
2025-07-01,0.25,0.25,0.25,0.25,0.0
2025-07-02,0.25,0.25,0.2300000041723251,0.2399999946355819,760900.0
2025-07-03,0.2399999946355819,0.2399999946355819,0.2349999994039535,0.2349999994039535,240600.0
2025-07-04,0.2349999994039535,0.2349999994039535,0.2349999994039535,0.2349999994039535,50000.0
2025-07-07,0.2300000041723251,0.2300000041723251,0.2300000041723251,0.2300000041723251,290300.0
2025-07-08,0.2300000041723251,0.2300000041723251,0.2249999940395355,0.2300000041723251,117100.0
2025-07-09,0.2300000041723251,0.2300000041723251,0.2300000041723251,0.2300000041723251,3600.0
2025-07-10,0.2349999994039535,0.2399999946355819,0.2349999994039535,0.2349999994039535,776200.0
2025-07-11,0.2399999946355819,0.2399999946355819,0.2249999940395355,0.2249999940395355,199600.0
2025-07-14,0.2300000041723251,0.2399999946355819,0.2300000041723251,0.2349999994039535,383700.0
2025-07-15,0.2300000041723251,0.2300000041723251,0.2199999988079071,0.2249999940395355,1832800.0
2025-07-16,0.2249999940395355,0.2349999994039535,0.2249999940395355,0.2349999994039535,808100.0
2025-07-17,0.2349999994039535,0.2349999994039535,0.2300000041723251,0.2349999994039535,264200.0
2025-07-18,0.2349999994039535,0.2349999994039535,0.2300000041723251,0.2349999994039535,752800.0
2025-07-21,0.2349999994039535,0.25,0.2349999994039535,0.2399999946355819,3144300.0
2025-07-22,0.2399999946355819,0.2399999946355819,0.2300000041723251,0.2399999946355819,1031200.0
2025-07-23,0.2399999946355819,0.2399999946355819,0.2300000041723251,0.2399999946355819,867200.0
2025-07-24,0.2399999946355819,0.2399999946355819,0.2349999994039535,0.2399999946355819,1225800.0
2025-07-25,0.2399999946355819,0.2399999946355819,0.2300000041723251,0.2300000041723251,1418600.0
2025-07-28,0.2349999994039535,0.2450000047683715,0.2349999994039535,0.2450000047683715,886500.0
2025-07-29,0.2450000047683715,0.2450000047683715,0.2349999994039535,0.2349999994039535,309700.0
2025-07-30,0.2300000041723251,0.2349999994039535,0.2300000041723251,0.2349999994039535,1322900.0
2025-07-31,0.2349999994039535,0.2349999994039535,0.2300000041723251,0.2349999994039535,77300.0
2025-08-01,0.2300000041723251,0.2349999994039535,0.2300000041723251,0.2300000041723251,503800.0
2025-08-04,0.2349999994039535,0.2349999994039535,0.2300000041723251,0.2300000041723251,167600.0
2025-08-05,0.2399999946355819,0.2599999904632568,0.2399999946355819,0.2399999946355819,4261300.0
2025-08-06,0.2399999946355819,0.2450000047683715,0.2349999994039535,0.2450000047683715,501600.0
2025-08-07,0.2450000047683715,0.25,0.2399999946355819,0.2450000047683715,587700.0
2025-08-08,0.2399999946355819,0.2450000047683715,0.2349999994039535,0.2399999946355819,219600.0
2025-08-11,0.2399999946355819,0.2450000047683715,0.2349999994039535,0.2399999946355819,853000.0
2025-08-12,0.2399999946355819,0.25,0.2399999946355819,0.2399999946355819,1349600.0
2025-08-13,0.2399999946355819,0.25,0.2399999946355819,0.25,3934900.0
2025-08-14,0.2549999952316284,0.3350000083446502,0.2549999952316284,0.324999988079071,8498200.0
2025-08-15,0.324999988079071,0.3549999892711639,0.324999988079071,0.3449999988079071,4854000.0
2025-08-18,0.3449999988079071,0.3449999988079071,0.3100000023841858,0.3199999928474426,1394700.0
2025-08-19,0.3199999928474426,0.3350000083446502,0.3149999976158142,0.3300000131130218,1054200.0
2025-08-20,0.3300000131130218,0.3300000131130218,0.3199999928474426,0.3199999928474426,961200.0
2025-08-21,0.324999988079071,0.3549999892711639,0.324999988079071,0.3549999892711639,2868900.0
2025-08-22,0.3600000143051147,0.3799999952316284,0.3600000143051147,0.3700000047683716,4400900.0
2025-08-25,0.3799999952316284,0.3899999856948852,0.375,0.3849999904632568,2402300.0
2025-08-26,0.3849999904632568,0.3849999904632568,0.3700000047683716,0.375,615400.0
2025-08-27,0.375,0.3849999904632568,0.375,0.375,1169600.0
2025-08-28,0.375,0.375,0.3700000047683716,0.375,447700.0
2025-08-29,0.375,0.3849999904632568,0.3700000047683716,0.3849999904632568,2464200.0
2025-09-01,0.3899999856948852,0.4000000059604645,0.3849999904632568,0.4000000059604645,4369500.0
2025-09-02,0.4050000011920929,0.4399999976158142,0.4050000011920929,0.4199999868869781,6916600.0
2025-09-03,0.4199999868869781,0.4199999868869781,0.4000000059604645,0.4199999868869781,2132800.0
2025-09-04,0.4199999868869781,0.4350000023841858,0.4149999916553497,0.4250000119209289,3580100.0
2025-09-05,0.4300000071525574,0.550000011920929,0.4250000119209289,0.5249999761581421,11278600.0
2025-09-08,0.5199999809265137,0.5199999809265137,0.4799999892711639,0.5,4914200.0
2025-09-09,0.5,0.5099999904632568,0.4799999892711639,0.5,1478300.0
2025-09-10,0.4950000047683716,0.4950000047683716,0.4699999988079071,0.4799999892711639,1519300.0
2025-09-11,0.4799999892711639,0.5099999904632568,0.4699999988079071,0.4950000047683716,4346200.0
2025-09-12,0.5049999952316284,0.5049999952316284,0.4850000143051147,0.5,2356200.0
2025-09-15,0.5,0.5,0.4900000095367431,0.4950000047683716,1451700.0
2025-09-16,0.4900000095367431,0.4950000047683716,0.4850000143051147,0.4900000095367431,1023000.0
2025-09-17,0.4850000143051147,0.4850000143051147,0.4650000035762787,0.4699999988079071,2733400.0
2025-09-18,0.4749999940395355,0.4749999940395355,0.4449999928474426,0.4449999928474426,2591600.0
2025-09-19,0.449999988079071,0.4699999988079071,0.4449999928474426,0.4650000035762787,2201800.0
2025-09-22,0.4600000083446502,0.4650000035762787,0.449999988079071,0.449999988079071,749900.0
2025-09-23,0.449999988079071,0.4699999988079071,0.449999988079071,0.4600000083446502,2092400.0
2025-09-24,0.4600000083446502,0.4600000083446502,0.4449999928474426,0.4550000131130218,1022200.0
2025-09-25,0.449999988079071,0.4550000131130218,0.4300000071525574,0.4449999928474426,1236900.0
2025-09-26,0.4449999928474426,0.4550000131130218,0.4399999976158142,0.449999988079071,602800.0
2025-09-29,0.449999988079071,0.4699999988079071,0.4350000023841858,0.4699999988079071,2105800.0
2025-09-30,0.4650000035762787,0.4650000035762787,0.4600000083446502,0.4650000035762787,497300.0
2025-10-01,0.4650000035762787,0.4799999892711639,0.4600000083446502,0.4699999988079071,3712600.0
2025-10-02,0.4699999988079071,0.4799999892711639,0.4699999988079071,0.4749999940395355,1272600.0
2025-10-03,0.4799999892711639,0.4950000047683716,0.4699999988079071,0.4749999940395355,3155600.0
2025-10-06,0.4749999940395355,0.4850000143051147,0.4699999988079071,0.4749999940395355,548600.0
2025-10-07,0.4699999988079071,0.4749999940395355,0.4600000083446502,0.4600000083446502,825400.0
2025-10-08,0.4550000131130218,0.4650000035762787,0.4550000131130218,0.4650000035762787,286700.0
2025-10-09,0.4650000035762787,0.4650000035762787,0.449999988079071,0.449999988079071,465100.0
2025-10-10,0.4550000131130218,0.4699999988079071,0.4550000131130218,0.4600000083446502,749800.0
2025-10-13,0.449999988079071,0.4600000083446502,0.449999988079071,0.449999988079071,165500.0
2025-10-14,0.449999988079071,0.4600000083446502,0.4399999976158142,0.4399999976158142,409200.0
2025-10-15,0.4399999976158142,0.4600000083446502,0.4399999976158142,0.4449999928474426,234600.0
2025-10-16,0.4600000083446502,0.4600000083446502,0.4350000023841858,0.4449999928474426,58400.0
2025-10-17,0.449999988079071,0.449999988079071,0.4199999868869781,0.4199999868869781,473400.0
2025-10-21,0.4300000071525574,0.4600000083446502,0.4300000071525574,0.4449999928474426,538500.0
2025-10-22,0.449999988079071,0.4900000095367431,0.4449999928474426,0.4749999940395355,2363800.0
2025-10-23,0.4749999940395355,0.4799999892711639,0.4650000035762787,0.4749999940395355,1154500.0
2025-10-24,0.4699999988079071,0.4850000143051147,0.4699999988079071,0.4850000143051147,2088100.0
2025-10-27,0.4850000143051147,0.5049999952316284,0.4699999988079071,0.4749999940395355,2583500.0
2025-10-28,0.4749999940395355,0.4799999892711639,0.4699999988079071,0.4699999988079071,246800.0
2025-10-29,0.4699999988079071,0.4850000143051147,0.4699999988079071,0.4850000143051147,492200.0
2025-10-30,0.4850000143051147,0.4850000143051147,0.4699999988079071,0.4850000143051147,604400.0
2025-10-31,0.4850000143051147,0.4850000143051147,0.4799999892711639,0.4799999892711639,480200.0
2025-11-03,0.4799999892711639,0.4850000143051147,0.4749999940395355,0.4749999940395355,271500.0
2025-11-04,0.4799999892711639,0.5049999952316284,0.4799999892711639,0.4799999892711639,2290400.0
2025-11-05,0.4799999892711639,0.4900000095367431,0.4799999892711639,0.4850000143051147,285600.0
2025-11-06,0.4850000143051147,0.4900000095367431,0.4799999892711639,0.4850000143051147,395500.0
2025-11-07,0.4799999892711639,0.4799999892711639,0.4699999988079071,0.4749999940395355,491500.0
2025-11-10,0.4799999892711639,0.4799999892711639,0.4699999988079071,0.4749999940395355,250600.0
2025-11-11,0.4749999940395355,0.4850000143051147,0.4699999988079071,0.4799999892711639,664000.0
2025-11-12,0.4799999892711639,0.5049999952316284,0.4749999940395355,0.5,2156200.0
2025-11-13,0.5,0.5400000214576721,0.5,0.5299999713897705,6784600.0
2025-11-14,0.5149999856948853,0.5350000262260437,0.5099999904632568,0.5199999809265137,1995500.0
2025-11-17,0.5249999761581421,0.5450000166893005,0.5149999856948853,0.5299999713897705,2443200.0
2025-11-18,0.5299999713897705,0.5299999713897705,0.4799999892711639,0.4900000095367431,2546600.0
2025-11-19,0.4900000095367431,0.5,0.4799999892711639,0.4950000047683716,1027600.0
2025-11-20,0.5,0.5,0.4799999892711639,0.4950000047683716,1326600.0
2025-11-21,0.4850000143051147,0.4900000095367431,0.4749999940395355,0.4900000095367431,1151800.0
2025-11-24,0.4950000047683716,0.5600000023841858,0.4950000047683716,0.550000011920929,5882300.0
2025-11-25,0.5550000071525574,0.5550000071525574,0.5199999809265137,0.5199999809265137,1941700.0
2025-11-26,0.5199999809265137,0.5299999713897705,0.4950000047683716,0.5,3209000.0
2025-11-27,0.5,0.5049999952316284,0.4950000047683716,0.5,1350500.0
2025-11-28,0.5,0.5149999856948853,0.4950000047683716,0.5149999856948853,2104300.0
2025-12-01,0.5099999904632568,0.550000011920929,0.5099999904632568,0.5450000166893005,3481700.0
2025-12-02,0.5450000166893005,0.5649999976158142,0.5400000214576721,0.550000011920929,3749100.0
2025-12-03,0.5450000166893005,0.5450000166893005,0.5249999761581421,0.5299999713897705,1086300.0
2025-12-04,0.5299999713897705,0.5350000262260437,0.5249999761581421,0.5249999761581421,511900.0
2025-12-05,0.5299999713897705,0.550000011920929,0.5199999809265137,0.550000011920929,1481500.0
2025-12-08,0.5450000166893005,0.5550000071525574,0.5350000262260437,0.550000011920929,1781900.0
2025-12-09,0.5550000071525574,0.5649999976158142,0.550000011920929,0.5550000071525574,2383700.0
2025-12-10,0.5550000071525574,0.5600000023841858,0.5450000166893005,0.5450000166893005,377700.0
2025-12-11,0.5450000166893005,0.5550000071525574,0.5450000166893005,0.550000011920929,472000.0
2025-12-12,0.550000011920929,0.574999988079071,0.550000011920929,0.5649999976158142,3152000.0
2025-12-15,0.5649999976158142,0.5649999976158142,0.550000011920929,0.5600000023841858,828700.0
2025-12-16,0.5600000023841858,0.5699999928474426,0.5550000071525574,0.5699999928474426,1508500.0
2025-12-17,0.5699999928474426,0.5849999785423279,0.5600000023841858,0.574999988079071,2494500.0
2025-12-18,0.574999988079071,0.5799999833106995,0.5649999976158142,0.5699999928474426,1457000.0
2025-12-19,0.574999988079071,0.5899999737739563,0.5699999928474426,0.5849999785423279,2885300.0
2025-12-22,0.5899999737739563,0.6100000143051147,0.5899999737739563,0.6100000143051147,3150100.0
2025-12-23,0.6050000190734863,0.6299999952316284,0.6000000238418579,0.625,3155400.0
2025-12-24,0.625,0.675000011920929,0.6200000047683716,0.6399999856948853,7147000.0
2025-12-26,0.6449999809265137,0.6499999761581421,0.6100000143051147,0.6150000095367432,4131600.0
2025-12-29,0.6200000047683716,0.6200000047683716,0.6100000143051147,0.6150000095367432,767900.0
2025-12-30,0.6150000095367432,0.625,0.6050000190734863,0.6100000143051147,1153200.0
2025-12-31,0.6100000143051147,0.6100000143051147,0.5950000286102295,0.6050000190734863,1060100.0
2026-01-02,0.6050000190734863,0.6200000047683716,0.574999988079071,0.5799999833106995,4153700.0
2026-01-05,0.5199999809265137,0.5249999761581421,0.4650000035762787,0.5099999904632568,9550900.0
2026-01-06,0.5099999904632568,0.5550000071525574,0.5099999904632568,0.5450000166893005,2807000.0
2026-01-07,0.5450000166893005,0.5849999785423279,0.5350000262260437,0.574999988079071,2977000.0
2026-01-08,0.574999988079071,0.5950000286102295,0.5649999976158142,0.574999988079071,2932500.0
2026-01-09,0.574999988079071,0.574999988079071,0.5299999713897705,0.5400000214576721,1132400.0
2026-01-12,0.5400000214576721,0.5550000071525574,0.5249999761581421,0.5249999761581421,1900100.0
2026-01-13,0.5249999761581421,0.5400000214576721,0.5249999761581421,0.5350000262260437,2045300.0
2026-01-14,0.5350000262260437,0.5400000214576721,0.5199999809265137,0.5249999761581421,1456200.0
2026-01-15,0.5249999761581421,0.5249999761581421,0.5099999904632568,0.5149999856948853,1225400.0
2026-01-16,0.5149999856948853,0.5149999856948853,0.4900000095367431,0.4950000047683716,4911800.0
2026-01-19,0.4900000095367431,0.4900000095367431,0.4749999940395355,0.4749999940395355,2047700.0
2026-01-20,0.4850000143051147,0.5,0.4749999940395355,0.4950000047683716,2159500.0
2026-01-21,0.4900000095367431,0.4950000047683716,0.4799999892711639,0.4850000143051147,820500.0
2026-01-22,0.4900000095367431,0.5049999952316284,0.4850000143051147,0.5,1778900.0
2026-01-23,0.5049999952316284,0.5199999809265137,0.5049999952316284,0.5049999952316284,2201500.0
2026-01-26,0.5099999904632568,0.5149999856948853,0.5049999952316284,0.5049999952316284,1093900.0
2026-01-27,0.5049999952316284,0.5099999904632568,0.5,0.5049999952316284,637300.0
2026-01-28,0.5049999952316284,0.5049999952316284,0.4950000047683716,0.5049999952316284,399700.0
2026-01-29,0.5,0.5,0.4900000095367431,0.4950000047683716,1819700.0
2026-01-30,0.4950000047683716,0.5,0.4950000047683716,0.4950000047683716,591400.0
2026-02-02,0.4950000047683716,0.4950000047683716,0.4799999892711639,0.4799999892711639,1773200.0
2026-02-03,0.4850000143051147,0.4950000047683716,0.4850000143051147,0.4950000047683716,546600.0
2026-02-04,0.4900000095367431,0.5,0.4850000143051147,0.4900000095367431,310600.0
2026-02-05,0.4900000095367431,0.4950000047683716,0.4850000143051147,0.4850000143051147,625800.0
2026-02-06,0.4850000143051147,0.4950000047683716,0.4850000143051147,0.4850000143051147,767400.0
2026-02-09,0.4900000095367431,0.5049999952316284,0.4900000095367431,0.4950000047683716,964900.0
2026-02-10,0.4950000047683716,0.4950000047683716,0.4900000095367431,0.4900000095367431,424800.0
2026-02-11,0.4900000095367431,0.5,0.4900000095367431,0.4950000047683716,592800.0
2026-02-12,0.4950000047683716,0.4950000047683716,0.4850000143051147,0.4850000143051147,615600.0
2026-02-13,0.4850000143051147,0.4900000095367431,0.4799999892711639,0.4850000143051147,381200.0
2026-02-16,0.4900000095367431,0.4900000095367431,0.4799999892711639,0.4900000095367431,118100.0
2026-02-19,0.4900000095367431,0.5149999856948853,0.4900000095367431,0.5149999856948853,1669500.0
2026-02-20,0.5099999904632568,0.5099999904632568,0.5,0.5,597500.0
2026-02-23,0.5,0.5149999856948853,0.4950000047683716,0.5149999856948853,1316100.0
2026-02-24,0.5099999904632568,0.5099999904632568,0.5,0.5,1015000.0
2026-02-25,0.5,0.5049999952316284,0.4950000047683716,0.5,578500.0
2026-02-26,0.5,0.5,0.4950000047683716,0.5,123700.0
2026-02-27,0.5,0.5,0.4950000047683716,0.5,596400.0
2026-03-02,0.4950000047683716,0.5,0.4950000047683716,0.4950000047683716,491900.0
2026-03-03,0.4950000047683716,0.5049999952316284,0.4900000095367431,0.4950000047683716,573800.0
2026-03-04,0.4900000095367431,0.4900000095367431,0.4699999988079071,0.4850000143051147,1066700.0
2026-03-05,0.5049999952316284,0.5049999952316284,0.4799999892711639,0.4850000143051147,637700.0
2026-03-06,0.4900000095367431,0.5,0.4850000143051147,0.4850000143051147,238000.0
2026-03-09,0.4850000143051147,0.4900000095367431,0.4749999940395355,0.4850000143051147,887700.0
2026-03-10,0.4850000143051147,0.4950000047683716,0.4799999892711639,0.4900000095367431,189000.0
2026-03-11,0.4900000095367431,0.5149999856948853,0.4900000095367431,0.5,1730000.0
2026-03-12,0.4950000047683716,0.4950000047683716,0.4850000143051147,0.4900000095367431,258100.0
2026-03-13,0.4900000095367431,0.4900000095367431,0.4799999892711639,0.4850000143051147,287400.0
2026-03-16,0.4850000143051147,0.4850000143051147,0.4799999892711639,0.4850000143051147,177600.0
2026-03-17,0.4850000143051147,0.4850000143051147,0.4749999940395355,0.4850000143051147,1043300.0
2026-03-18,0.4850000143051147,0.4950000047683716,0.4749999940395355,0.4799999892711639,433500.0
2026-03-19,0.4799999892711639,0.4850000143051147,0.4749999940395355,0.4799999892711639,914400.0
2026-03-20,0.4799999892711639,0.4799999892711639,0.4699999988079071,0.4799999892711639,291600.0
2026-03-23,0.4699999988079071,0.4699999988079071,0.449999988079071,0.4699999988079071,1288200.0
2026-03-24,0.4650000035762787,0.4749999940395355,0.4650000035762787,0.4749999940395355,31200.0
2026-03-25,0.4749999940395355,0.4799999892711639,0.4699999988079071,0.4799999892711639,210900.0
2026-03-26,0.4799999892711639,0.4799999892711639,0.4799999892711639,0.4799999892711639,7200.0
2026-03-27,0.4749999940395355,0.4749999940395355,0.4699999988079071,0.4749999940395355,153200.0
2026-03-30,0.4699999988079071,0.4749999940395355,0.4650000035762787,0.4749999940395355,235100.0
2026-03-31,0.4749999940395355,0.4749999940395355,0.4650000035762787,0.4650000035762787,58200.0
2026-04-01,0.4699999988079071,0.4799999892711639,0.4699999988079071,0.4749999940395355,52700.0
2026-04-02,0.4699999988079071,0.4799999892711639,0.4699999988079071,0.4749999940395355,43200.0
2026-04-06,0.4799999892711639,0.4799999892711639,0.4699999988079071,0.4749999940395355,112900.0
2026-04-07,0.4699999988079071,0.4699999988079071,0.4699999988079071,0.4699999988079071,30000.0
2026-04-08,0.4699999988079071,0.4850000143051147,0.4699999988079071,0.4850000143051147,325100.0
2026-04-09,0.4799999892711639,0.4799999892711639,0.4749999940395355,0.4749999940395355,38600.0
2026-04-10,0.4749999940395355,0.4749999940395355,0.4699999988079071,0.4699999988079071,68900.0
2026-04-13,0.4699999988079071,0.4699999988079071,0.4699999988079071,0.4699999988079071,38300.0
2026-04-14,0.4749999940395355,0.5099999904632568,0.4749999940395355,0.5049999952316284,640100.0
2026-04-15,0.5,0.5049999952316284,0.4900000095367431,0.4950000047683716,341900.0
2026-04-16,0.5,0.5350000262260437,0.5,0.5149999856948853,3351800.0
2026-04-17,0.5149999856948853,0.5249999761581421,0.4900000095367431,0.4950000047683716,1761900.0
2026-04-20,0.4950000047683716,0.5049999952316284,0.4900000095367431,0.5,164000.0
2026-04-21,0.4900000095367431,0.5,0.4799999892711639,0.4850000143051147,992100.0
2026-04-22,0.4799999892711639,0.5,0.4799999892711639,0.5,292700.0
2026-04-23,0.5,0.5,0.4900000095367431,0.4950000047683716,252800.0
2026-04-24,0.4900000095367431,0.5049999952316284,0.4900000095367431,0.5049999952316284,130100.0
2026-04-27,0.5049999952316284,0.5049999952316284,0.5,0.5049999952316284,417100.0
2026-04-28,0.5049999952316284,0.5049999952316284,0.5049999952316284,0.5049999952316284,0.0
2026-04-29,0.4850000143051147,0.5,0.4850000143051147,0.5,52000.0
2026-04-30,0.4950000047683716,0.4950000047683716,0.4900000095367431,0.4900000095367431,131800.0
2026-05-04,0.4900000095367431,0.5,0.4900000095367431,0.5,216200.0
2026-05-05,0.5,0.5049999952316284,0.5,0.5049999952316284,107700.0
2026-05-06,0.5049999952316284,0.5149999856948853,0.5,0.5099999904632568,558800.0
2026-05-07,0.5099999904632568,0.5099999904632568,0.5099999904632568,0.5099999904632568,82500.0
2026-05-08,0.5199999809265137,0.5199999809265137,0.5149999856948853,0.5149999856948853,35500.0
2026-05-11,0.5,0.5099999904632568,0.5,0.5049999952316284,233300.0
2026-05-12,0.5049999952316284,0.5049999952316284,0.5049999952316284,0.5049999952316284,149500.0
2026-05-13,0.5049999952316284,0.5099999904632568,0.5,0.5099999904632568,357700.0
2026-05-14,0.5099999904632568,0.5099999904632568,0.5049999952316284,0.5049999952316284,115900.0
2026-05-15,0.5049999952316284,0.5049999952316284,0.5,0.5049999952316284,197600.0
2026-05-18,0.5,0.5049999952316284,0.4900000095367431,0.5,284600.0
2026-05-19,0.5,0.5,0.4950000047683716,0.4950000047683716,50100.0
2026-05-20,0.4950000047683716,0.5,0.4900000095367431,0.4950000047683716,148100.0
2026-05-21,0.4900000095367431,0.5,0.4900000095367431,0.5,81000.0
2026-05-22,0.4900000095367431,0.4950000047683716,0.4900000095367431,0.4900000095367431,82600.0
2026-05-25,0.4950000047683716,0.4950000047683716,0.4850000143051147,0.4900000095367431,255300.0
2026-05-26,0.4950000047683716,0.5,0.4850000143051147,0.4950000047683716,332900.0
2026-05-27,0.4950000047683716,0.4950000047683716,0.4950000047683716,0.4950000047683716,0.0
2026-05-28,0.4900000095367431,0.4950000047683716,0.4900000095367431,0.4950000047683716,14600.0
2026-05-29,0.4900000095367431,0.4950000047683716,0.4900000095367431,0.4950000047683716,219100.0
2026-06-02,0.4950000047683716,0.4950000047683716,0.4900000095367431,0.4900000095367431,99000.0
2026-06-03,0.4950000047683716,0.4950000047683716,0.4900000095367431,0.4950000047683716,346800.0
2026-06-04,0.4900000095367431,0.4900000095367431,0.4749999940395355,0.4850000143051147,332300.0
2026-06-05,0.4850000143051147,0.4850000143051147,0.4699999988079071,0.4699999988079071,427100.0
2026-06-08,0.4699999988079071,0.4699999988079071,0.4650000035762787,0.4650000035762787,107000.0
2026-06-09,0.4650000035762787,0.4900000095367431,0.4650000035762787,0.4850000143051147,189300.0
2026-06-10,0.4850000143051147,0.5,0.4799999892711639,0.4850000143051147,656000.0
2026-06-11,0.4900000095367431,0.4950000047683716,0.4900000095367431,0.4950000047683716,291500.0
2026-06-12,0.5,0.5099999904632568,0.5,0.5,1042100.0
2026-06-15,0.5049999952316284,0.5049999952316284,0.4950000047683716,0.5,486400.0
2026-06-16,0.5,0.5,0.4950000047683716,0.4950000047683716,262600.0
2026-06-17,0.4950000047683716,0.5,0.4950000047683716,0.5,269300.0
2026-06-18,0.4950000047683716,0.4950000047683716,0.4950000047683716,0.4950000047683716,221900.0
2026-06-19,0.4950000047683716,0.4950000047683716,0.4950000047683716,0.4950000047683716,220000.0
2026-06-22,0.4950000047683716,0.5,0.4950000047683716,0.5,113500.0
2026-06-23,0.4950000047683716,0.4950000047683716,0.4950000047683716,0.4950000047683716,178300.0
2026-06-24,0.4950000047683716,0.5,0.4950000047683716,0.5,62200.0
2026-06-25,0.4900000095367431,0.4950000047683716,0.4900000095367431,0.4950000047683716,17100.0
2026-06-26,0.4950000047683716,0.5,0.4900000095367431,0.4950000047683716,877500.0
2026-06-29,0.4950000047683716,0.5,0.4950000047683716,0.5,61200.0
2026-06-30,0.5,0.5,0.4950000047683716,0.5,63900.0
2026-07-01,0.5,0.5049999952316284,0.4950000047683716,0.5049999952316284,340100.0
2026-07-02,0.5,0.5049999952316284,0.5,0.5049999952316284,307800.0
2026-07-03,0.5,0.5049999952316284,0.5,0.5,452900.0
2026-07-06,0.5049999952316284,0.5099999904632568,0.5,0.5099999904632568,814100.0
2026-07-07,0.5099999904632568,0.5099999904632568,0.5,0.5049999952316284,219800.0
2026-07-08,0.5049999952316284,0.5099999904632568,0.5049999952316284,0.5049999952316284,71700.0
2026-07-09,0.5049999952316284,0.5049999952316284,0.5,0.5049999952316284,193400.0
2026-07-10,0.5049999952316284,0.5149999856948853,0.5049999952316284,0.5049999952316284,835900.0
2026-07-13,0.5099999904632568,0.5149999856948853,0.5049999952316284,0.5149999856948853,603000.0
2026-07-14,0.5149999856948853,0.5149999856948853,0.5049999952316284,0.5049999952316284,221500.0
2026-07-15,0.5049999952316284,0.5099999904632568,0.5,0.5099999904632568,268900.0
2026-07-16,0.5049999952316284,0.5099999904632568,0.5049999952316284,0.5099999904632568,238200.0
2026-07-17,0.5049999952316284,0.5099999904632568,0.5049999952316284,0.5099999904632568,229600.0
2026-07-20,0.5099999904632568,0.5099999904632568,0.5049999952316284,0.5049999952316284,154200.0
2026-07-21,0.5049999952316284,0.5099999904632568,0.5049999952316284,0.5099999904632568,152300.0
2026-07-22,0.5049999952316284,0.5099999904632568,0.5049999952316284,0.5049999952316284,193000.0
2026-07-23,0.5049999952316284,0.5149999856948853,0.5049999952316284,0.5099999904632568,579700.0
2026-07-24,0.5099999904632568,0.5099999904632568,0.5049999952316284,0.5049999952316284,241000.0
2026-07-27,0.5049999952316284,0.5099999904632568,0.5049999952316284,0.5099999904632568,112500.0
2026-07-28,0.5099999904632568,0.5149999856948853,0.5099999904632568,0.5099999904632568,177700.0
2026-07-29,0.5099999904632568,0.5149999856948853,0.5099999904632568,0.5099999904632568,114400.0
2026-07-30,0.5099999904632568,0.5149999856948853,0.5099999904632568,0.5149999856948853,221500.0
2026-07-31,0.5149999856948853,0.5400000214576721,0.5149999856948853,0.5400000214576721,2194600.0
2026-08-03,0.5400000214576721,0.550000011920929,0.5299999713897705,0.5350000262260437,1143600.0
2026-08-04,0.5450000166893005,0.5450000166893005,0.5299999713897705,0.5299999713897705,361900.0
2026-08-05,0.5400000214576721,0.5400000214576721,0.5249999761581421,0.5350000262260437,433900.0
2026-08-06,0.5299999713897705,0.5400000214576721,0.5249999761581421,0.5400000214576721,302700.0
2026-08-07,0.5400000214576721,0.5450000166893005,0.5299999713897705,0.5450000166893005,942300.0
2026-08-11,0.5400000214576721,0.5649999976158142,0.5400000214576721,0.5550000071525574,2351800.0
2026-08-12,0.5600000023841858,0.5799999833106995,0.5600000023841858,0.5799999833106995,1956900.0
2026-08-13,0.5799999833106995,0.5799999833106995,0.5649999976158142,0.574999988079071,1219600.0
2026-08-14,0.5799999833106995,0.5799999833106995,0.5649999976158142,0.574999988079071,997000.0
2026-08-17,0.574999988079071,0.5899999737739563,0.574999988079071,0.5899999737739563,1535600.0
2026-08-18,0.5899999737739563,0.5950000286102295,0.574999988079071,0.5849999785423279,1703400.0
2026-08-19,0.5849999785423279,0.5849999785423279,0.574999988079071,0.5799999833106995,754900.0
2026-08-20,0.5799999833106995,0.5799999833106995,0.5600000023841858,0.5649999976158142,1378200.0
2026-08-21,0.5649999976158142,0.5849999785423279,0.5600000023841858,0.5849999785423279,1001000.0
2026-08-24,0.5799999833106995,0.5849999785423279,0.5799999833106995,0.5849999785423279,921100.0
2026-08-25,0.5849999785423279,0.5899999737739563,0.5799999833106995,0.5899999737739563,361200.0
2026-08-26,0.5849999785423279,0.5899999737739563,0.5799999833106995,0.5899999737739563,243100.0
2026-08-27,0.5899999737739563,0.5899999737739563,0.5799999833106995,0.5849999785423279,318900.0
2026-08-28,0.5849999785423279,0.5950000286102295,0.5849999785423279,0.5950000286102295,2781600.0
2026-08-31,0.5950000286102295,0.5950000286102295,0.5899999737739563,0.5899999737739563,2100000.0
2026-09-01,0.5899999737739563,0.5899999737739563,0.5849999785423279,0.5899999737739563,1114800.0
2026-09-02,0.5899999737739563,0.5950000286102295,0.5899999737739563,0.5899999737739563,924200.0
2026-09-03,0.5899999737739563,0.5899999737739563,0.5899999737739563,0.5899999737739563,1023100.0
2026-09-04,0.5899999737739563,0.6000000238418579,0.5849999785423279,0.5849999785423279,1955300.0
2026-09-07,0.5899999737739563,0.5950000286102295,0.5849999785423279,0.5950000286102295,1039900.0
2026-09-08,0.5950000286102295,0.5950000286102295,0.5699999928474426,0.5849999785423279,1561600.0
2026-09-09,0.5849999785423279,0.5899999737739563,0.5799999833106995,0.5849999785423279,297000.0
2026-09-10,0.5849999785423279,0.5849999785423279,0.5799999833106995,0.5849999785423279,492800.0
2026-09-11,0.5849999785423279,0.5849999785423279,0.5799999833106995,0.5799999833106995,1480100.0
2026-09-14,0.5799999833106995,0.5799999833106995,0.574999988079071,0.5799999833106995,1054200.0
2026-09-15,0.5799999833106995,0.5799999833106995,0.5699999928474426,0.574999988079071,559700.0
2026-09-16,0.5799999833106995,0.5799999833106995,0.5799999833106995,0.5799999833106995,257800.0
2026-09-17,0.574999988079071,0.5849999785423279,0.574999988079071,0.5849999785423279,240500.0
2026-09-18,0.5799999833106995,0.5849999785423279,0.574999988079071,0.5799999833106995,1034700.0
2026-09-21,0.5799999833106995,0.5849999785423279,0.5799999833106995,0.5849999785423279,601200.0
2026-09-22,0.5849999785423279,0.5849999785423279,0.574999988079071,0.5799999833106995,237800.0
2026-09-23,0.574999988079071,0.574999988079071,0.5699999928474426,0.574999988079071,1192400.0
2026-09-24,0.574999988079071,0.5799999833106995,0.574999988079071,0.574999988079071,137000.0
2026-09-25,0.574999988079071,0.5799999833106995,0.5699999928474426,0.5799999833106995,599200.0
2026-09-28,0.574999988079071,0.5799999833106995,0.574999988079071,0.574999988079071,274600.0
2026-09-29,0.574999988079071,0.5799999833106995,0.5699999928474426,0.5699999928474426,280500.0
2026-09-30,0.5699999928474426,0.574999988079071,0.5699999928474426,0.5699999928474426,527600.0
2026-10-01,0.5699999928474426,0.5799999833106995,0.5699999928474426,0.574999988079071,69500.0
2026-10-02,0.574999988079071,0.574999988079071,0.5699999928474426,0.574999988079071,303100.0
