date,open,high,low,close,volume
2016-10-03,0.4466422498226166,0.4466422498226166,0.4466422498226166,0.4466422498226166,0
2016-10-04,0.4466422498226166,0.4466422498226166,0.4466422498226166,0.4466422498226166,0
2016-10-05,0.4466422498226166,0.4466422498226166,0.4466422498226166,0.4466422498226166,0
2016-10-06,0.4466422498226166,0.4466422498226166,0.4466422498226166,0.4466422498226166,0
2016-10-07,0.4466422498226166,0.4466422498226166,0.4466422498226166,0.4466422498226166,0
2016-10-10,0.4466422498226166,0.4466422498226166,0.4466422498226166,0.4466422498226166,0
2016-10-11,0.4466422498226166,0.4466422498226166,0.4466422498226166,0.4466422498226166,0
2016-10-12,0.426791534559986,0.4416795969009399,0.426791534559986,0.4416795969009399,39900
2016-10-13,0.4416795969009399,0.4416795969009399,0.4416795969009399,0.4416795969009399,20000
2016-10-14,0.4416795969009399,0.4416795969009399,0.4416795969009399,0.4416795969009399,0
2016-10-17,0.4416795969009399,0.4416795969009399,0.4416795969009399,0.4416795969009399,0
2016-10-18,0.4416795969009399,0.4416795969009399,0.4416795969009399,0.4416795969009399,0
2016-10-19,0.4416795969009399,0.4416795969009399,0.4416795969009399,0.4416795969009399,0
2016-10-20,0.4416795969009399,0.4416795969009399,0.4416795969009399,0.4416795969009399,0
2016-10-21,0.4416795969009399,0.4416795969009399,0.4416795969009399,0.4416795969009399,0
2016-10-24,0.4416795969009399,0.4416795969009399,0.4416795969009399,0.4416795969009399,0
2016-10-25,0.4416795969009399,0.4416795969009399,0.4416795969009399,0.4416795969009399,0
2016-10-26,0.4416795969009399,0.4416795969009399,0.4416795969009399,0.4416795969009399,0
2016-10-27,0.4416795969009399,0.4416795969009399,0.4416795969009399,0.4416795969009399,0
2016-10-28,0.4416795969009399,0.4416795969009399,0.4416795969009399,0.4416795969009399,0
2016-10-31,0.4416795969009399,0.4416795969009399,0.4416795969009399,0.4416795969009399,0
2016-11-01,0.4416795969009399,0.4416795969009399,0.4416795969009399,0.4416795969009399,0
2016-11-02,0.4416795969009399,0.4416795969009399,0.4416795969009399,0.4416795969009399,0
2016-11-03,0.4416795969009399,0.4416795969009399,0.4416795969009399,0.4416795969009399,0
2016-11-04,0.4416795969009399,0.4416795969009399,0.4416795969009399,0.4416795969009399,0
2016-11-07,0.4416795969009399,0.4416795969009399,0.4416795969009399,0.4416795969009399,0
2016-11-08,0.4416795969009399,0.4416795969009399,0.4416795969009399,0.4416795969009399,0
2016-11-09,0.4416795969009399,0.4416795969009399,0.4416795969009399,0.4416795969009399,0
2016-11-10,0.4416795969009399,0.4416795969009399,0.4416795969009399,0.4416795969009399,0
2016-11-11,0.4416795969009399,0.4416795969009399,0.4416795969009399,0.4416795969009399,0
2016-11-14,0.4416795969009399,0.4416795969009399,0.4416795969009399,0.4416795969009399,0
2016-11-15,0.4416795969009399,0.4416795969009399,0.4416795969009399,0.4416795969009399,0
2016-11-16,0.4416795969009399,0.4416795969009399,0.4416795969009399,0.4416795969009399,0
2016-11-17,0.4416795969009399,0.4416795969009399,0.4416795969009399,0.4416795969009399,0
2016-11-18,0.4416795969009399,0.4416795969009399,0.4416795969009399,0.4416795969009399,0
2016-11-21,0.4416795969009399,0.4416795969009399,0.4416795969009399,0.4416795969009399,0
2016-11-22,0.397015384591751,0.4367169141769409,0.397015384591751,0.4367169141769409,12100
2016-11-23,0.4367169141769409,0.4367169141769409,0.4367169141769409,0.4367169141769409,0
2016-11-24,0.4367169141769409,0.4367169141769409,0.4367169141769409,0.4367169141769409,0
2016-11-25,0.4367169141769409,0.4367169141769409,0.4367169141769409,0.4367169141769409,0
2016-11-28,0.4367169141769409,0.4367169141769409,0.4367169141769409,0.4367169141769409,0
2016-11-29,0.4367169141769409,0.4367169141769409,0.4367169141769409,0.4367169141769409,0
2016-11-30,0.4367169141769409,0.4367169141769409,0.4367169141769409,0.4367169141769409,0
2016-12-01,0.4367169141769409,0.4367169141769409,0.4367169141769409,0.4367169141769409,0
2016-12-02,0.4367169141769409,0.4367169141769409,0.4367169141769409,0.4367169141769409,0
2016-12-05,0.4367169141769409,0.4367169141769409,0.4367169141769409,0.4367169141769409,0
2016-12-06,0.4367169141769409,0.4367169141769409,0.4367169141769409,0.4367169141769409,0
2016-12-07,0.4367169141769409,0.4367169141769409,0.4367169141769409,0.4367169141769409,0
2016-12-08,0.4367169141769409,0.4367169141769409,0.4367169141769409,0.4367169141769409,0
2016-12-09,0.4367169141769409,0.4367169141769409,0.4367169141769409,0.4367169141769409,0
2016-12-12,0.4367169141769409,0.4367169141769409,0.4367169141769409,0.4367169141769409,0
2016-12-13,0.4367169141769409,0.4367169141769409,0.4367169141769409,0.4367169141769409,0
2016-12-14,0.4367169141769409,0.4367169141769409,0.4367169141769409,0.4367169141769409,0
2016-12-15,0.4367169141769409,0.4367169141769409,0.4367169141769409,0.4367169141769409,0
2016-12-16,0.4367169141769409,0.4367169141769409,0.4367169141769409,0.4367169141769409,0
2016-12-19,0.4367169141769409,0.4367169141769409,0.4367169141769409,0.4367169141769409,0
2016-12-20,0.4367169141769409,0.4367169141769409,0.4367169141769409,0.4367169141769409,0
2016-12-21,0.4367169141769409,0.4367169141769409,0.4367169141769409,0.4367169141769409,0
2016-12-22,0.4367169141769409,0.4367169141769409,0.4367169141769409,0.4367169141769409,0
2016-12-23,0.4367169141769409,0.4367169141769409,0.4367169141769409,0.4367169141769409,0
2016-12-27,0.4367169141769409,0.4367169141769409,0.4367169141769409,0.4367169141769409,0
2016-12-28,0.4367169141769409,0.4367169141769409,0.4367169141769409,0.4367169141769409,0
2016-12-29,0.4367169141769409,0.4367169141769409,0.4367169141769409,0.4367169141769409,0
2016-12-30,0.4367169141769409,0.4367169141769409,0.4367169141769409,0.4367169141769409,0
2017-01-03,0.4367169141769409,0.4367169141769409,0.4367169141769409,0.4367169141769409,0
2017-01-04,0.4367169141769409,0.4367169141769409,0.4367169141769409,0.4367169141769409,0
2017-01-05,0.4367169141769409,0.4367169141769409,0.4367169141769409,0.4367169141769409,0
2017-01-06,0.4367169141769409,0.4367169141769409,0.4367169141769409,0.4367169141769409,0
2017-01-09,0.4367169141769409,0.4367169141769409,0.4367169141769409,0.4367169141769409,0
2017-01-10,0.4367169141769409,0.4367169141769409,0.4367169141769409,0.4367169141769409,0
2017-01-11,0.4367169141769409,0.4367169141769409,0.4367169141769409,0.4367169141769409,0
2017-01-12,0.4367169141769409,0.4367169141769409,0.4367169141769409,0.4367169141769409,0
2017-01-13,0.4466422498226166,0.4466422498226166,0.4466422498226166,0.4466422498226166,20000
2017-01-16,0.4466422498226166,0.4466422498226166,0.4466422498226166,0.4466422498226166,0
2017-01-17,0.4466422498226166,0.4466422498226166,0.4466422498226166,0.4466422498226166,0
2017-01-18,0.4466422498226166,0.4466422498226166,0.4466422498226166,0.4466422498226166,0
2017-01-19,0.4466422498226166,0.4466422498226166,0.4466422498226166,0.4466422498226166,0
2017-01-20,0.4466422498226166,0.4466422498226166,0.4466422498226166,0.4466422498226166,0
2017-01-23,0.4466422498226166,0.4466422498226166,0.4466422498226166,0.4466422498226166,0
2017-01-24,0.4466422498226166,0.4466422498226166,0.4466422498226166,0.4466422498226166,0
2017-01-25,0.4466422498226166,0.4466422498226166,0.4466422498226166,0.4466422498226166,0
2017-01-26,0.4466422498226166,0.4466422498226166,0.4466422498226166,0.4466422498226166,0
2017-01-27,0.406940746880722,0.4516049921512604,0.406940746880722,0.4516049921512604,5000
2017-01-31,0.4516049921512604,0.4516049921512604,0.4516049921512604,0.4516049921512604,0
2017-02-01,0.4516049921512604,0.4516049921512604,0.4516049921512604,0.4516049921512604,0
2017-02-02,0.4516049921512604,0.4516049921512604,0.4516049921512604,0.4516049921512604,0
2017-02-03,0.4516049921512604,0.4516049921512604,0.4516049921512604,0.4516049921512604,0
2017-02-06,0.4516049921512604,0.4516049921512604,0.4516049921512604,0.4516049921512604,0
2017-02-07,0.4516049921512604,0.4516049921512604,0.4516049921512604,0.4516049921512604,0
2017-02-08,0.4516049921512604,0.4516049921512604,0.4516049921512604,0.4516049921512604,0
2017-02-09,0.4516049921512604,0.4516049921512604,0.4516049921512604,0.4516049921512604,0
2017-02-10,0.4516049921512604,0.4516049921512604,0.4516049921512604,0.4516049921512604,0
2017-02-13,0.4516049921512604,0.4516049921512604,0.4516049921512604,0.4516049921512604,0
2017-02-14,0.4516049921512604,0.4516049921512604,0.4516049921512604,0.4516049921512604,0
2017-02-15,0.4516049921512604,0.4516049921512604,0.4516049921512604,0.4516049921512604,0
2017-02-16,0.4516049921512604,0.4516049921512604,0.4516049921512604,0.4516049921512604,0
2017-02-17,0.476418445155927,0.476418445155927,0.3970153857532479,0.4664930701255798,45100
2017-02-20,0.4664930701255798,0.4664930701255798,0.4664930701255798,0.4664930701255798,0
2017-02-21,0.4664930701255798,0.4664930701255798,0.4664930701255798,0.4664930701255798,0
2017-02-22,0.4664930701255798,0.4664930701255798,0.4664930701255798,0.4664930701255798,0
2017-02-23,0.4664930701255798,0.4664930701255798,0.4664930701255798,0.4664930701255798,0
2017-02-24,0.4664930701255798,0.4664930701255798,0.4664930701255798,0.4664930701255798,0
2017-02-27,0.4664930701255798,0.4664930701255798,0.4664930701255798,0.4664930701255798,0
2017-02-28,0.4664930701255798,0.4664930701255798,0.4664930701255798,0.4664930701255798,0
2017-03-01,0.4664930701255798,0.4664930701255798,0.4664930701255798,0.4664930701255798,0
2017-03-02,0.4664930701255798,0.4664930701255798,0.4664930701255798,0.4664930701255798,0
2017-03-03,0.4664930701255798,0.4664930701255798,0.4664930701255798,0.4664930701255798,0
2017-03-06,0.4664930701255798,0.4664930701255798,0.4664930701255798,0.4664930701255798,0
2017-03-07,0.4664930701255798,0.4664930701255798,0.4664930701255798,0.4664930701255798,0
2017-03-08,0.4664930701255798,0.4664930701255798,0.4664930701255798,0.4664930701255798,0
2017-03-09,0.4664930701255798,0.4664930701255798,0.4664930701255798,0.4664930701255798,0
2017-03-10,0.4664930701255798,0.4664930701255798,0.4664930701255798,0.4664930701255798,0
2017-03-13,0.4664930701255798,0.4664930701255798,0.4664930701255798,0.4664930701255798,0
2017-03-14,0.4664930701255798,0.4664930701255798,0.4664930701255798,0.4664930701255798,0
2017-03-15,0.4664930701255798,0.4664930701255798,0.4664930701255798,0.4664930701255798,0
2017-03-16,0.4664930701255798,0.4664930701255798,0.4664930701255798,0.4664930701255798,0
2017-03-17,0.4664930701255798,0.4664930701255798,0.4664930701255798,0.4664930701255798,0
2017-03-20,0.4664930701255798,0.4664930701255798,0.4664930701255798,0.4664930701255798,0
2017-03-21,0.4664930701255798,0.4664930701255798,0.4664930701255798,0.4664930701255798,0
2017-03-22,0.4664930701255798,0.4664930701255798,0.4664930701255798,0.4664930701255798,0
2017-03-23,0.4664930701255798,0.4664930701255798,0.4664930701255798,0.4664930701255798,0
2017-03-24,0.4664930701255798,0.4664930701255798,0.4664930701255798,0.4664930701255798,0
2017-03-27,0.4664930701255798,0.4664930701255798,0.4664930701255798,0.4664930701255798,0
2017-03-28,0.4664930701255798,0.4664930701255798,0.4664930701255798,0.4664930701255798,0
2017-03-29,0.4664930701255798,0.4664930701255798,0.4664930701255798,0.4664930701255798,0
2017-03-30,0.4664930701255798,0.4664930701255798,0.4664930701255798,0.4664930701255798,0
2017-03-31,0.4664930701255798,0.4664930701255798,0.4664930701255798,0.4664930701255798,0
2017-04-03,0.4664930701255798,0.4664930701255798,0.4664930701255798,0.4664930701255798,0
2017-04-04,0.4664930701255798,0.4664930701255798,0.4664930701255798,0.4664930701255798,0
2017-04-05,0.4664930701255798,0.4664930701255798,0.4664930701255798,0.4664930701255798,0
2017-04-06,0.4664930701255798,0.4664930701255798,0.4664930701255798,0.4664930701255798,0
2017-04-07,0.4664930701255798,0.4664930701255798,0.4664930701255798,0.4664930701255798,0
2017-04-10,0.4664930701255798,0.4664930701255798,0.4664930701255798,0.4664930701255798,0
2017-04-11,0.4664930701255798,0.4664930701255798,0.4664930701255798,0.4664930701255798,0
2017-04-12,0.4664930701255798,0.4664930701255798,0.4664930701255798,0.4664930701255798,0
2017-04-13,0.4664930701255798,0.4664930701255798,0.4664930701255798,0.4664930701255798,0
2017-04-17,0.4664930701255798,0.4664930701255798,0.4664930701255798,0.4664930701255798,0
2017-04-18,0.4664930701255798,0.4664930701255798,0.4664930701255798,0.4664930701255798,0
2017-04-19,0.4664930701255798,0.4664930701255798,0.4664930701255798,0.4664930701255798,0
2017-04-20,0.4664930701255798,0.4664930701255798,0.4664930701255798,0.4664930701255798,0
2017-04-21,0.4664930701255798,0.4664930701255798,0.4664930701255798,0.4664930701255798,0
2017-04-24,0.4664930701255798,0.4664930701255798,0.4664930701255798,0.4664930701255798,0
2017-04-25,0.3870899459022746,0.4466422498226166,0.3870899459022746,0.4466422498226166,30200
2017-04-26,0.3970153496089637,0.4466422498226166,0.3970153496089637,0.4466422498226166,20100
2017-04-27,0.4466422498226166,0.4466422498226166,0.4466422498226166,0.4466422498226166,0
2017-04-28,0.4466422498226166,0.4466422498226166,0.4466422498226166,0.4466422498226166,0
2017-05-02,0.4466422498226166,0.4466422498226166,0.4466422498226166,0.4466422498226166,0
2017-05-03,0.4466422498226166,0.4466422498226166,0.4466422498226166,0.4466422498226166,0
2017-05-04,0.4466422498226166,0.4466422498226166,0.4466422498226166,0.4466422498226166,0
2017-05-05,0.4476370215415954,0.4476370215415954,0.4476370215415954,0.4476370215415954,0
2017-05-08,0.4476370215415954,0.4476370215415954,0.4476370215415954,0.4476370215415954,0
2017-05-09,0.4476370215415954,0.4476370215415954,0.4476370215415954,0.4476370215415954,0
2017-05-11,0.4476370215415954,0.4476370215415954,0.4476370215415954,0.4476370215415954,0
2017-05-12,0.4476370215415954,0.4476370215415954,0.4476370215415954,0.4476370215415954,0
2017-05-15,0.4476370215415954,0.4476370215415954,0.4476370215415954,0.4476370215415954,0
2017-05-16,0.4476370215415954,0.4476370215415954,0.4476370215415954,0.4476370215415954,0
2017-05-17,0.4476370215415954,0.4476370215415954,0.4476370215415954,0.4476370215415954,0
2017-05-18,0.4476370215415954,0.4476370215415954,0.4476370215415954,0.4476370215415954,0
2017-05-19,0.4476370215415954,0.4476370215415954,0.4476370215415954,0.4476370215415954,0
2017-05-22,0.4476370215415954,0.4476370215415954,0.4476370215415954,0.4476370215415954,0
2017-05-23,0.4476370215415954,0.4476370215415954,0.4476370215415954,0.4476370215415954,0
2017-05-24,0.4476370215415954,0.4476370215415954,0.4476370215415954,0.4476370215415954,0
2017-05-25,0.4476370215415954,0.4476370215415954,0.4476370215415954,0.4476370215415954,0
2017-05-26,0.4476370215415954,0.4476370215415954,0.4476370215415954,0.4476370215415954,0
2017-05-29,0.4476370215415954,0.4476370215415954,0.4476370215415954,0.4476370215415954,0
2017-05-30,0.4476370215415954,0.4476370215415954,0.4476370215415954,0.4476370215415954,0
2017-05-31,0.4476370215415954,0.4476370215415954,0.4476370215415954,0.4476370215415954,0
2017-06-01,0.4476370215415954,0.4476370215415954,0.4476370215415954,0.4476370215415954,0
2017-06-02,0.4476370215415954,0.4476370215415954,0.4476370215415954,0.4476370215415954,0
2017-06-05,0.4476370215415954,0.4476370215415954,0.4476370215415954,0.4476370215415954,0
2017-06-06,0.4476370215415954,0.4476370215415954,0.4476370215415954,0.4476370215415954,0
2017-06-07,0.4476370215415954,0.4476370215415954,0.4476370215415954,0.4476370215415954,0
2017-06-08,0.4476370215415954,0.4476370215415954,0.4476370215415954,0.4476370215415954,0
2017-06-09,0.4476370215415954,0.4476370215415954,0.4476370215415954,0.4476370215415954,0
2017-06-12,0.3929258584976196,0.3929258584976196,0.3929258584976196,0.3929258584976196,2000
2017-06-13,0.4476370215415954,0.4476370215415954,0.4476370215415954,0.4476370215415954,100
2017-06-14,0.4476370215415954,0.4476370215415954,0.4476370215415954,0.4476370215415954,0
2017-06-15,0.4476370215415954,0.4476370215415954,0.4476370215415954,0.4476370215415954,0
2017-06-16,0.4476370215415954,0.4476370215415954,0.4476370215415954,0.4476370215415954,0
2017-06-19,0.4476370215415954,0.4476370215415954,0.4476370215415954,0.4476370215415954,0
2017-06-20,0.4476370215415954,0.4476370215415954,0.4476370215415954,0.4476370215415954,0
2017-06-21,0.4476370215415954,0.4476370215415954,0.4476370215415954,0.4476370215415954,0
2017-06-22,0.4476370215415954,0.4476370215415954,0.4476370215415954,0.4476370215415954,0
2017-06-23,0.4476370215415954,0.4476370215415954,0.4476370215415954,0.4476370215415954,0
2017-06-27,0.4476370215415954,0.4476370215415954,0.4476370215415954,0.4476370215415954,0
2017-06-28,0.4476370215415954,0.4476370215415954,0.4476370215415954,0.4476370215415954,0
2017-06-29,0.4476370215415954,0.4476370215415954,0.4476370215415954,0.4476370215415954,0
2017-06-30,0.4476370215415954,0.4476370215415954,0.4476370215415954,0.4476370215415954,0
2017-07-03,0.4476370215415954,0.4476370215415954,0.4476370215415954,0.4476370215415954,0
2017-07-04,0.4476370215415954,0.4476370215415954,0.4476370215415954,0.4476370215415954,0
2017-07-05,0.4476370215415954,0.4476370215415954,0.4476370215415954,0.4476370215415954,0
2017-07-06,0.4476370215415954,0.4476370215415954,0.4476370215415954,0.4476370215415954,0
2017-07-07,0.4476370215415954,0.4476370215415954,0.4476370215415954,0.4476370215415954,0
2017-07-10,0.4476370215415954,0.4476370215415954,0.4476370215415954,0.4476370215415954,0
2017-07-11,0.4476370215415954,0.4476370215415954,0.4476370215415954,0.4476370215415954,0
2017-07-12,0.4476370215415954,0.4476370215415954,0.4476370215415954,0.4476370215415954,0
2017-07-13,0.4476370215415954,0.4476370215415954,0.4476370215415954,0.4476370215415954,0
2017-07-14,0.4476370215415954,0.4476370215415954,0.4476370215415954,0.4476370215415954,0
2017-07-17,0.4476370215415954,0.4476370215415954,0.4476370215415954,0.4476370215415954,0
2017-07-18,0.4476370215415954,0.4476370215415954,0.4476370215415954,0.4476370215415954,0
2017-07-19,0.4476370215415954,0.4476370215415954,0.4476370215415954,0.4476370215415954,0
2017-07-20,0.4476370215415954,0.4476370215415954,0.4476370215415954,0.4476370215415954,0
2017-07-21,0.4476370215415954,0.4476370215415954,0.4476370215415954,0.4476370215415954,0
2017-07-24,0.4476370215415954,0.4476370215415954,0.4476370215415954,0.4476370215415954,0
2017-07-25,0.4476370215415954,0.4476370215415954,0.4476370215415954,0.4476370215415954,0
2017-07-26,0.4476370215415954,0.4476370215415954,0.4476370215415954,0.4476370215415954,0
2017-07-27,0.4476370215415954,0.4476370215415954,0.4476370215415954,0.4476370215415954,0
2017-07-28,0.4476370215415954,0.4476370215415954,0.4476370215415954,0.4476370215415954,0
2017-07-31,0.4476370215415954,0.4476370215415954,0.4476370215415954,0.4476370215415954,0
2017-08-01,0.4476370215415954,0.4476370215415954,0.4476370215415954,0.4476370215415954,0
2017-08-02,0.4476370215415954,0.4476370215415954,0.4476370215415954,0.4476370215415954,0
2017-08-03,0.4476370215415954,0.4476370215415954,0.4476370215415954,0.4476370215415954,0
2017-08-04,0.4476370215415954,0.4476370215415954,0.4476370215415954,0.4476370215415954,0
2017-08-07,0.4476370215415954,0.4476370215415954,0.4476370215415954,0.4476370215415954,0
2017-08-08,0.4476370215415954,0.4476370215415954,0.4476370215415954,0.4476370215415954,0
2017-08-10,0.4476370215415954,0.4476370215415954,0.4476370215415954,0.4476370215415954,0
2017-08-11,0.4476370215415954,0.4476370215415954,0.4476370215415954,0.4476370215415954,0
2017-08-14,0.4476370215415954,0.4476370215415954,0.4476370215415954,0.4476370215415954,0
2017-08-15,0.4476370215415954,0.4476370215415954,0.4476370215415954,0.4476370215415954,0
2017-08-16,0.4476370215415954,0.4476370215415954,0.4476370215415954,0.4476370215415954,0
2017-08-17,0.4476370215415954,0.4476370215415954,0.4476370215415954,0.4476370215415954,0
2017-08-18,0.4476370215415954,0.4476370215415954,0.4476370215415954,0.4476370215415954,0
2017-08-21,0.4078470713179897,0.4476370215415954,0.4078470713179897,0.4476370215415954,1020100
2017-08-22,0.4476370215415954,0.4476370215415954,0.4476370215415954,0.4476370215415954,0
2017-08-23,0.4476370215415954,0.4476370215415954,0.4476370215415954,0.4476370215415954,0
2017-08-24,0.4476370215415954,0.4476370215415954,0.4476370215415954,0.4476370215415954,0
2017-08-25,0.4476370215415954,0.4476370215415954,0.4476370215415954,0.4476370215415954,0
2017-08-28,0.4327158331871032,0.4327158331871032,0.4327158331871032,0.4327158331871032,1500
2017-08-29,0.4327158311287248,0.442663311958313,0.4327158311287248,0.442663311958313,50000
2017-08-30,0.442663311958313,0.442663311958313,0.442663311958313,0.442663311958313,0
2017-08-31,0.442663311958313,0.442663311958313,0.442663311958313,0.442663311958313,0
2017-09-04,0.442663311958313,0.442663311958313,0.442663311958313,0.442663311958313,0
2017-09-05,0.442663311958313,0.442663311958313,0.442663311958313,0.442663311958313,0
2017-09-06,0.442663311958313,0.442663311958313,0.442663311958313,0.442663311958313,0
2017-09-07,0.442663311958313,0.442663311958313,0.442663311958313,0.442663311958313,0
2017-09-08,0.442663311958313,0.442663311958313,0.442663311958313,0.442663311958313,0
2017-09-11,0.442663311958313,0.442663311958313,0.442663311958313,0.442663311958313,0
2017-09-12,0.442663311958313,0.442663311958313,0.442663311958313,0.442663311958313,0
2017-09-13,0.442663311958313,0.442663311958313,0.442663311958313,0.442663311958313,0
2017-09-14,0.442663311958313,0.442663311958313,0.442663311958313,0.442663311958313,0
2017-09-15,0.442663311958313,0.442663311958313,0.442663311958313,0.442663311958313,0
2017-09-18,0.442663311958313,0.442663311958313,0.442663311958313,0.442663311958313,0
2017-09-19,0.442663311958313,0.442663311958313,0.442663311958313,0.442663311958313,0
2017-09-20,0.442663311958313,0.442663311958313,0.442663311958313,0.442663311958313,0
2017-09-21,0.442663311958313,0.442663311958313,0.442663311958313,0.442663311958313,0
2017-09-22,0.442663311958313,0.442663311958313,0.442663311958313,0.442663311958313,0
2017-09-25,0.442663311958313,0.442663311958313,0.442663311958313,0.442663311958313,0
2017-09-26,0.442663311958313,0.442663311958313,0.442663311958313,0.442663311958313,0
2017-09-27,0.442663311958313,0.442663311958313,0.442663311958313,0.442663311958313,0
2017-09-28,0.2486872584911219,0.4376895725727081,0.2437135180646325,0.4376895725727081,48100
2017-09-29,0.4376895725727081,0.4376895725727081,0.4376895725727081,0.4376895725727081,0
2017-10-02,0.4376895725727081,0.4376895725727081,0.4376895725727081,0.4376895725727081,0
2017-10-03,0.4376895725727081,0.4376895725727081,0.4376895725727081,0.4376895725727081,0
2017-10-04,0.4376895725727081,0.4376895725727081,0.4376895725727081,0.4376895725727081,0
2017-10-05,0.4376895725727081,0.4376895725727081,0.4376895725727081,0.4376895725727081,0
2017-10-06,0.4376895725727081,0.4376895725727081,0.4376895725727081,0.4376895725727081,0
2017-10-09,0.4376895725727081,0.4376895725727081,0.4376895725727081,0.4376895725727081,0
2017-10-10,0.4376895725727081,0.4376895725727081,0.4376895725727081,0.4376895725727081,0
2017-10-11,0.4376895725727081,0.4376895725727081,0.4376895725727081,0.4376895725727081,0
2017-10-12,0.4376895725727081,0.4376895725727081,0.4376895725727081,0.4376895725727081,0
2017-10-13,0.4376895725727081,0.4376895725727081,0.4376895725727081,0.4376895725727081,0
2017-10-16,0.4376895725727081,0.4376895725727081,0.4376895725727081,0.4376895725727081,0
2017-10-17,0.4376895725727081,0.4376895725727081,0.4376895725727081,0.4376895725727081,0
2017-10-19,0.4376895725727081,0.4376895725727081,0.4376895725727081,0.4376895725727081,0
2017-10-20,0.4376895725727081,0.4376895725727081,0.4376895725727081,0.4376895725727081,0
2017-10-23,0.4376895725727081,0.4376895725727081,0.4376895725727081,0.4376895725727081,0
2017-10-24,0.4376895725727081,0.4376895725727081,0.4376895725727081,0.4376895725727081,0
2017-10-25,0.4376895725727081,0.4376895725727081,0.4376895725727081,0.4376895725727081,0
2017-10-26,0.4376895725727081,0.4376895725727081,0.4376895725727081,0.4376895725727081,0
2017-10-27,0.3481621559584044,0.4376895725727081,0.3481621559584044,0.4376895725727081,10100
2017-10-30,0.4376895725727081,0.4376895725727081,0.4376895725727081,0.4376895725727081,0
2017-10-31,0.4376895725727081,0.4376895725727081,0.4376895725727081,0.4376895725727081,0
2017-11-01,0.3481621567958978,0.4327158331871032,0.3481621567958978,0.4327158331871032,165100
2017-11-02,0.4327158331871032,0.4327158331871032,0.4327158331871032,0.4327158331871032,0
2017-11-03,0.4327158331871032,0.4327158331871032,0.4327158331871032,0.4327158331871032,0
2017-11-06,0.4327158331871032,0.4327158331871032,0.4327158331871032,0.4327158331871032,0
2017-11-07,0.4327158331871032,0.4327158331871032,0.4327158331871032,0.4327158331871032,0
2017-11-08,0.4327158331871032,0.4327158331871032,0.4327158331871032,0.4327158331871032,0
2017-11-09,0.3481621344623415,0.4177945554256439,0.3481621344623415,0.4177945554256439,225000
2017-11-10,0.4177945554256439,0.4177945554256439,0.4177945554256439,0.4177945554256439,0
2017-11-13,0.4177945554256439,0.4177945554256439,0.4177945554256439,0.4177945554256439,0
2017-11-14,0.4177945554256439,0.4177945554256439,0.4177945554256439,0.4177945554256439,0
2017-11-15,0.4177945554256439,0.4177945554256439,0.4177945554256439,0.4177945554256439,0
2017-11-16,0.4177945554256439,0.4177945554256439,0.4177945554256439,0.4177945554256439,0
2017-11-17,0.4177945554256439,0.4177945554256439,0.4177945554256439,0.4177945554256439,0
2017-11-20,0.4177945554256439,0.4177945554256439,0.4177945554256439,0.4177945554256439,0
2017-11-21,0.4177945554256439,0.4177945554256439,0.4177945554256439,0.4177945554256439,0
2017-11-22,0.4177945554256439,0.4177945554256439,0.4177945554256439,0.4177945554256439,0
2017-11-23,0.4177945554256439,0.4177945554256439,0.4177945554256439,0.4177945554256439,0
2017-11-24,0.4177945554256439,0.4177945554256439,0.4177945554256439,0.4177945554256439,0
2017-11-27,0.4177945554256439,0.4177945554256439,0.4177945554256439,0.4177945554256439,0
2017-11-28,0.4177945554256439,0.4177945554256439,0.4177945554256439,0.4177945554256439,0
2017-11-29,0.4177945554256439,0.4177945554256439,0.4177945554256439,0.4177945554256439,0
2017-11-30,0.4177945554256439,0.4177945554256439,0.4177945554256439,0.4177945554256439,0
2017-12-01,0.4177945554256439,0.4177945554256439,0.4177945554256439,0.4177945554256439,0
2017-12-04,0.4177945554256439,0.4177945554256439,0.4177945554256439,0.4177945554256439,0
2017-12-05,0.4177945554256439,0.4177945554256439,0.4177945554256439,0.4177945554256439,0
2017-12-06,0.4177945554256439,0.4177945554256439,0.4177945554256439,0.4177945554256439,0
2017-12-07,0.4177945554256439,0.4177945554256439,0.4177945554256439,0.4177945554256439,0
2017-12-08,0.4177945554256439,0.4177945554256439,0.4177945554256439,0.4177945554256439,0
2017-12-11,0.4177945554256439,0.4177945554256439,0.4177945554256439,0.4177945554256439,0
2017-12-12,0.4177945554256439,0.4177945554256439,0.4177945554256439,0.4177945554256439,0
2017-12-13,0.4177945554256439,0.4177945554256439,0.4177945554256439,0.4177945554256439,0
2017-12-14,0.4177945554256439,0.4177945554256439,0.4177945554256439,0.4177945554256439,0
2017-12-15,0.4177945554256439,0.4177945554256439,0.4177945554256439,0.4177945554256439,0
2017-12-18,0.4177945554256439,0.4177945554256439,0.4177945554256439,0.4177945554256439,0
2017-12-19,0.4177945554256439,0.4177945554256439,0.4177945554256439,0.4177945554256439,0
2017-12-20,0.4177945554256439,0.4177945554256439,0.4177945554256439,0.4177945554256439,0
2017-12-21,0.4177945554256439,0.4177945554256439,0.4177945554256439,0.4177945554256439,0
2017-12-22,0.4177945554256439,0.4177945554256439,0.4177945554256439,0.4177945554256439,0
2017-12-26,0.4177945554256439,0.4177945554256439,0.4177945554256439,0.4177945554256439,0
2017-12-27,0.4177945554256439,0.4177945554256439,0.4177945554256439,0.4177945554256439,0
2017-12-28,0.4177945554256439,0.4177945554256439,0.4177945554256439,0.4177945554256439,0
2017-12-29,0.4177945554256439,0.4177945554256439,0.4177945554256439,0.4177945554256439,0
2018-01-02,0.4177945554256439,0.4177945554256439,0.4177945554256439,0.4177945554256439,0
2018-01-03,0.4177945554256439,0.4177945554256439,0.4177945554256439,0.4177945554256439,0
2018-01-04,0.4177945554256439,0.4177945554256439,0.4177945554256439,0.4177945554256439,0
2018-01-05,0.4177945554256439,0.4177945554256439,0.4177945554256439,0.4177945554256439,0
2018-01-08,0.4177945554256439,0.4177945554256439,0.4177945554256439,0.4177945554256439,0
2018-01-09,0.4177945554256439,0.4177945554256439,0.4177945554256439,0.4177945554256439,0
2018-01-10,0.4177945554256439,0.4177945554256439,0.4177945554256439,0.4177945554256439,0
2018-01-11,0.4177945554256439,0.4177945554256439,0.4177945554256439,0.4177945554256439,0
2018-01-12,0.4177945554256439,0.4177945554256439,0.4177945554256439,0.4177945554256439,0
2018-01-15,0.4177945554256439,0.4177945554256439,0.4177945554256439,0.4177945554256439,0
2018-01-16,0.4177945554256439,0.4177945554256439,0.4177945554256439,0.4177945554256439,0
2018-01-17,0.4177945554256439,0.4177945554256439,0.4177945554256439,0.4177945554256439,0
2018-01-18,0.4177945554256439,0.4177945554256439,0.4177945554256439,0.4177945554256439,0
2018-01-19,0.4177945554256439,0.4177945554256439,0.4177945554256439,0.4177945554256439,0
2018-01-22,0.4177945554256439,0.4177945554256439,0.4177945554256439,0.4177945554256439,0
2018-01-23,0.4177945554256439,0.4177945554256439,0.4177945554256439,0.4177945554256439,0
2018-01-24,0.4177945554256439,0.4177945554256439,0.4177945554256439,0.4177945554256439,0
2018-01-25,0.4177945554256439,0.4177945554256439,0.4177945554256439,0.4177945554256439,0
2018-01-26,0.4177945554256439,0.4177945554256439,0.4177945554256439,0.4177945554256439,0
2018-01-29,0.4177945554256439,0.4177945554256439,0.4177945554256439,0.4177945554256439,0
2018-01-30,0.4177945554256439,0.4177945554256439,0.4177945554256439,0.4177945554256439,0
2018-01-31,0.4177945554256439,0.4177945554256439,0.4177945554256439,0.4177945554256439,0
2018-02-01,0.4177945554256439,0.4177945554256439,0.4177945554256439,0.4177945554256439,0
2018-02-02,0.4177945554256439,0.4177945554256439,0.4177945554256439,0.4177945554256439,0
2018-02-05,0.4177945554256439,0.4177945554256439,0.4177945554256439,0.4177945554256439,0
2018-02-06,0.4177945554256439,0.4177945554256439,0.4177945554256439,0.4177945554256439,0
2018-02-07,0.4177945554256439,0.4177945554256439,0.4177945554256439,0.4177945554256439,0
2018-02-08,0.4177945554256439,0.4177945554256439,0.4177945554256439,0.4177945554256439,0
2018-02-09,0.4177945554256439,0.4177945554256439,0.4177945554256439,0.4177945554256439,0
2018-02-12,0.4177945554256439,0.4177945554256439,0.4177945554256439,0.4177945554256439,0
2018-02-13,0.4177945554256439,0.4177945554256439,0.4177945554256439,0.4177945554256439,0
2018-02-14,0.4177945554256439,0.4177945554256439,0.4177945554256439,0.4177945554256439,0
2018-02-15,0.4177945554256439,0.4177945554256439,0.4177945554256439,0.4177945554256439,0
2018-02-19,0.4177945554256439,0.4177945554256439,0.4177945554256439,0.4177945554256439,0
2018-02-20,0.4177945554256439,0.4177945554256439,0.4177945554256439,0.4177945554256439,0
2018-02-21,0.4177945554256439,0.4177945554256439,0.4177945554256439,0.4177945554256439,0
2018-02-22,0.4177945554256439,0.4177945554256439,0.4177945554256439,0.4177945554256439,0
2018-02-23,0.4177945554256439,0.4177945554256439,0.4177945554256439,0.4177945554256439,0
2018-02-26,0.4177945554256439,0.4177945554256439,0.4177945554256439,0.4177945554256439,0
2018-02-27,0.4177945554256439,0.4177945554256439,0.4177945554256439,0.4177945554256439,0
2018-02-28,0.4177945554256439,0.4177945554256439,0.4177945554256439,0.4177945554256439,0
2018-03-01,0.4177945554256439,0.4177945554256439,0.4177945554256439,0.4177945554256439,0
2018-03-02,0.4177945554256439,0.4177945554256439,0.4177945554256439,0.4177945554256439,0
2018-03-05,0.4177945554256439,0.4177945554256439,0.4177945554256439,0.4177945554256439,0
2018-03-06,0.4177945554256439,0.4177945554256439,0.4177945554256439,0.4177945554256439,0
2018-03-07,0.4177945554256439,0.4177945554256439,0.4177945554256439,0.4177945554256439,0
2018-03-08,0.4177945554256439,0.4177945554256439,0.4177945554256439,0.4177945554256439,0
2018-03-09,0.4177945554256439,0.4177945554256439,0.4177945554256439,0.4177945554256439,0
2018-03-12,0.4177945554256439,0.4177945554256439,0.4177945554256439,0.4177945554256439,0
2018-03-13,0.4177945554256439,0.4177945554256439,0.4177945554256439,0.4177945554256439,0
2018-03-14,0.4177945554256439,0.4177945554256439,0.4177945554256439,0.4177945554256439,0
2018-03-15,0.4177945554256439,0.4177945554256439,0.4177945554256439,0.4177945554256439,0
2018-03-16,0.4177945554256439,0.4177945554256439,0.4177945554256439,0.4177945554256439,0
2018-03-19,0.4177945554256439,0.4177945554256439,0.4177945554256439,0.4177945554256439,0
2018-03-20,0.4177945554256439,0.4177945554256439,0.4177945554256439,0.4177945554256439,0
2018-03-21,0.4177945554256439,0.4177945554256439,0.4177945554256439,0.4177945554256439,0
2018-03-22,0.3879520893096924,0.3879520893096924,0.2984247068888633,0.3879520893096924,12000
2018-03-23,0.2835034567215052,0.3879520893096924,0.2835034567215052,0.3879520893096924,2100
2018-03-26,0.3879520893096924,0.3879520893096924,0.3879520893096924,0.3879520893096924,0
2018-03-27,0.2934509365973808,0.3929258584976196,0.2934509365973808,0.3929258584976196,101500
2018-03-28,0.3929258584976196,0.3929258584976196,0.3929258584976196,0.3929258584976196,0
2018-03-29,0.3929258584976196,0.3929258584976196,0.3929258584976196,0.3929258584976196,0
2018-04-02,0.3929258584976196,0.3929258584976196,0.3929258584976196,0.3929258584976196,0
2018-04-03,0.3929258584976196,0.3929258584976196,0.3929258584976196,0.3929258584976196,0
2018-04-04,0.2934509382930336,0.3780046105384826,0.2934509382930336,0.3780046105384826,6100
2018-04-05,0.3780046105384826,0.3780046105384826,0.3780046105384826,0.3780046105384826,0
2018-04-06,0.3978995978832245,0.3978995978832245,0.3978995978832245,0.3978995978832245,100
2018-04-09,0.3978995978832245,0.3978995978832245,0.3978995978832245,0.3978995978832245,0
2018-04-10,0.3978995978832245,0.3978995978832245,0.3978995978832245,0.3978995978832245,0
2018-04-11,0.3978995978832245,0.3978995978832245,0.3978995978832245,0.3978995978832245,0
2018-04-12,0.3978995978832245,0.3978995978832245,0.3978995978832245,0.3978995978832245,0
2018-04-13,0.3978995978832245,0.3978995978832245,0.3978995978832245,0.3978995978832245,0
2018-04-16,0.3978995978832245,0.3978995978832245,0.3978995978832245,0.3978995978832245,0
2018-04-17,0.3978995978832245,0.3978995978832245,0.3978995978832245,0.3978995978832245,0
2018-04-18,0.3978995978832245,0.3978995978832245,0.3978995978832245,0.3978995978832245,0
2018-04-19,0.3978995978832245,0.3978995978832245,0.3978995978832245,0.3978995978832245,0
2018-04-20,0.3978995978832245,0.3978995978832245,0.3978995978832245,0.3978995978832245,0
2018-04-23,0.3978995978832245,0.3978995978832245,0.3978995978832245,0.3978995978832245,0
2018-04-24,0.3978995978832245,0.3978995978832245,0.3978995978832245,0.3978995978832245,0
2018-04-25,0.3978995978832245,0.3978995978832245,0.3978995978832245,0.3978995978832245,0
2018-04-26,0.3978995978832245,0.3978995978832245,0.3978995978832245,0.3978995978832245,0
2018-04-27,0.3978995978832245,0.3978995978832245,0.3978995978832245,0.3978995978832245,0
2018-04-30,0.3978995978832245,0.3978995978832245,0.3978995978832245,0.3978995978832245,0
2018-05-02,0.3978995978832245,0.3978995978832245,0.3978995978832245,0.3978995978832245,0
2018-05-03,0.3382146665666356,0.3382146665666356,0.3332409262657165,0.3332409262657165,25000
2018-05-04,0.3332409262657165,0.3332409262657165,0.3332409262657165,0.3332409262657165,10000
2018-05-07,0.3342386484146118,0.3342386484146118,0.3342386484146118,0.3342386484146118,0
2018-05-08,0.3342386484146118,0.3342386484146118,0.3342386484146118,0.3342386484146118,0
2018-05-09,0.3342386484146118,0.3342386484146118,0.3342386484146118,0.3342386484146118,0
2018-05-10,0.3342386484146118,0.3342386484146118,0.3342386484146118,0.3342386484146118,0
2018-05-11,0.3342386484146118,0.3342386484146118,0.3342386484146118,0.3342386484146118,0
2018-05-14,0.3342386484146118,0.3342386484146118,0.3342386484146118,0.3342386484146118,0
2018-05-15,0.3342386484146118,0.3342386484146118,0.3342386484146118,0.3342386484146118,0
2018-05-16,0.3342386484146118,0.3342386484146118,0.3342386484146118,0.3342386484146118,0
2018-05-17,0.3342386484146118,0.3342386484146118,0.3342386484146118,0.3342386484146118,0
2018-05-18,0.3342386484146118,0.3342386484146118,0.3342386484146118,0.3342386484146118,0
2018-05-21,0.3342386484146118,0.3342386484146118,0.3342386484146118,0.3342386484146118,0
2018-05-22,0.3342386484146118,0.3342386484146118,0.3342386484146118,0.3342386484146118,0
2018-05-23,0.3342386484146118,0.3342386484146118,0.3342386484146118,0.3342386484146118,0
2018-05-24,0.3342386484146118,0.3342386484146118,0.3342386484146118,0.3342386484146118,0
2018-05-25,0.3342386484146118,0.3342386484146118,0.3342386484146118,0.3342386484146118,0
2018-05-28,0.3342386484146118,0.3342386484146118,0.3342386484146118,0.3342386484146118,0
2018-05-30,0.3342386484146118,0.3342386484146118,0.3342386484146118,0.3342386484146118,0
2018-05-31,0.3342386484146118,0.3342386484146118,0.3342386484146118,0.3342386484146118,0
2018-06-01,0.3342386484146118,0.3342386484146118,0.3342386484146118,0.3342386484146118,0
2018-06-04,0.3342386484146118,0.3342386484146118,0.3342386484146118,0.3342386484146118,0
2018-06-05,0.3342386484146118,0.3342386484146118,0.3342386484146118,0.3342386484146118,0
2018-06-06,0.3342386484146118,0.3342386484146118,0.3342386484146118,0.3342386484146118,0
2018-06-07,0.3342386484146118,0.3342386484146118,0.3342386484146118,0.3342386484146118,0
2018-06-08,0.3342386484146118,0.3342386484146118,0.3342386484146118,0.3342386484146118,0
2018-06-11,0.3342386484146118,0.3342386484146118,0.3342386484146118,0.3342386484146118,0
2018-06-12,0.3342386484146118,0.3342386484146118,0.3342386484146118,0.3342386484146118,0
2018-06-13,0.3342386484146118,0.3342386484146118,0.3342386484146118,0.3342386484146118,0
2018-06-14,0.3990909159183502,0.3990909159183502,0.3990909159183502,0.3990909159183502,100000
2018-06-18,0.3990909159183502,0.3990909159183502,0.3990909159183502,0.3990909159183502,0
2018-06-19,0.3990909159183502,0.3990909159183502,0.3990909159183502,0.3990909159183502,0
2018-06-20,0.3990909159183502,0.3990909159183502,0.3990909159183502,0.3990909159183502,0
2018-06-21,0.3990909159183502,0.3990909159183502,0.3990909159183502,0.3990909159183502,0
2018-06-22,0.3990909159183502,0.3990909159183502,0.3990909159183502,0.3990909159183502,0
2018-06-25,0.3990909159183502,0.3990909159183502,0.3990909159183502,0.3990909159183502,0
2018-06-26,0.3990909159183502,0.3990909159183502,0.3990909159183502,0.3990909159183502,0
2018-06-27,0.3990909159183502,0.3990909159183502,0.3990909159183502,0.3990909159183502,100000
2018-06-28,0.3990909159183502,0.3990909159183502,0.3990909159183502,0.3990909159183502,0
2018-06-29,0.3990909159183502,0.3990909159183502,0.3990909159183502,0.3990909159183502,0
2018-07-02,0.3990909159183502,0.3990909159183502,0.3990909159183502,0.3990909159183502,0
2018-07-03,0.3990909159183502,0.3990909159183502,0.3990909159183502,0.3990909159183502,0
2018-07-04,0.3990909159183502,0.3990909159183502,0.3990909159183502,0.3990909159183502,0
2018-07-05,0.3990909159183502,0.3990909159183502,0.3990909159183502,0.3990909159183502,0
2018-07-06,0.3990909159183502,0.3990909159183502,0.3990909159183502,0.3990909159183502,0
2018-07-09,0.2444431807556248,0.3442158997058868,0.2394545344010055,0.3442158997058868,8000
2018-07-10,0.3442158997058868,0.3442158997058868,0.3442158997058868,0.3442158997058868,0
2018-07-11,0.3442158997058868,0.3442158997058868,0.3442158997058868,0.3442158997058868,0
2018-07-12,0.3442158997058868,0.3442158997058868,0.3442158997058868,0.3442158997058868,0
2018-07-13,0.3442158997058868,0.3442158997058868,0.3442158997058868,0.3442158997058868,0
2018-07-16,0.3442158997058868,0.3442158997058868,0.3442158997058868,0.3442158997058868,0
2018-07-17,0.3442158997058868,0.3442158997058868,0.3442158997058868,0.3442158997058868,0
2018-07-18,0.3442158997058868,0.3442158997058868,0.3442158997058868,0.3442158997058868,0
2018-07-19,0.3442158997058868,0.3442158997058868,0.3442158997058868,0.3442158997058868,0
2018-07-20,0.3442158997058868,0.3442158997058868,0.3442158997058868,0.3442158997058868,0
2018-07-23,0.3442158997058868,0.3442158997058868,0.3442158997058868,0.3442158997058868,0
2018-07-24,0.3442158997058868,0.3442158997058868,0.3442158997058868,0.3442158997058868,0
2018-07-25,0.3442158997058868,0.3442158997058868,0.3442158997058868,0.3442158997058868,0
2018-07-26,0.3442158997058868,0.3442158997058868,0.3442158997058868,0.3442158997058868,0
2018-07-27,0.3442158997058868,0.3442158997058868,0.3442158997058868,0.3442158997058868,0
2018-07-30,0.3442158997058868,0.3442158997058868,0.3442158997058868,0.3442158997058868,0
2018-07-31,0.3442158997058868,0.3442158997058868,0.3442158997058868,0.3442158997058868,0
2018-08-01,0.3442158997058868,0.3442158997058868,0.3442158997058868,0.3442158997058868,0
2018-08-02,0.3442158997058868,0.3442158997058868,0.3442158997058868,0.3442158997058868,0
2018-08-03,0.3442158997058868,0.3442158997058868,0.3442158997058868,0.3442158997058868,0
2018-08-06,0.3442158997058868,0.3442158997058868,0.3442158997058868,0.3442158997058868,0
2018-08-07,0.3442158997058868,0.3442158997058868,0.3442158997058868,0.3442158997058868,0
2018-08-08,0.3442158997058868,0.3442158997058868,0.3442158997058868,0.3442158997058868,0
2018-08-10,0.3442158997058868,0.3442158997058868,0.3442158997058868,0.3442158997058868,0
2018-08-13,0.3442158997058868,0.3442158997058868,0.3442158997058868,0.3442158997058868,0
2018-08-14,0.3442158997058868,0.3442158997058868,0.3442158997058868,0.3442158997058868,0
2018-08-15,0.3442158997058868,0.3442158997058868,0.3442158997058868,0.3442158997058868,0
2018-08-16,0.3442158997058868,0.3442158997058868,0.3442158997058868,0.3442158997058868,0
2018-08-17,0.3442158997058868,0.3442158997058868,0.3442158997058868,0.3442158997058868,0
2018-08-20,0.3442158997058868,0.3442158997058868,0.3442158997058868,0.3442158997058868,0
2018-08-21,0.3442158997058868,0.3442158997058868,0.3442158997058868,0.3442158997058868,0
2018-08-23,0.3442158997058868,0.3442158997058868,0.3442158997058868,0.3442158997058868,0
2018-08-24,0.3442158997058868,0.3442158997058868,0.3442158997058868,0.3442158997058868,0
2018-08-27,0.3442158997058868,0.3442158997058868,0.3442158997058868,0.3442158997058868,0
2018-08-28,0.3442158997058868,0.3442158997058868,0.3442158997058868,0.3442158997058868,0
2018-08-29,0.3442158997058868,0.3442158997058868,0.3442158997058868,0.3442158997058868,0
2018-08-30,0.3442158997058868,0.3442158997058868,0.3442158997058868,0.3442158997058868,0
2018-08-31,0.3442158997058868,0.3442158997058868,0.3442158997058868,0.3442158997058868,0
2018-09-03,0.3442158997058868,0.3442158997058868,0.3442158997058868,0.3442158997058868,0
2018-09-04,0.3442158997058868,0.3442158997058868,0.3442158997058868,0.3442158997058868,0
2018-09-05,0.3442158997058868,0.3442158997058868,0.3442158997058868,0.3442158997058868,0
2018-09-06,0.3442158997058868,0.3442158997058868,0.3442158997058868,0.3442158997058868,0
2018-09-07,0.3442158997058868,0.3442158997058868,0.3442158997058868,0.3442158997058868,0
2018-09-10,0.3442158997058868,0.3442158997058868,0.3442158997058868,0.3442158997058868,0
2018-09-11,0.3442158997058868,0.3442158997058868,0.3442158997058868,0.3442158997058868,0
2018-09-12,0.3442158997058868,0.3442158997058868,0.3442158997058868,0.3442158997058868,0
2018-09-13,0.3442158997058868,0.3442158997058868,0.3442158997058868,0.3442158997058868,0
2018-09-14,0.3442158997058868,0.3442158997058868,0.3442158997058868,0.3442158997058868,0
2018-09-17,0.3442158997058868,0.3442158997058868,0.3442158997058868,0.3442158997058868,0
2018-09-18,0.3442158997058868,0.3442158997058868,0.3442158997058868,0.3442158997058868,0
2018-09-19,0.3442158997058868,0.3442158997058868,0.3442158997058868,0.3442158997058868,0
2018-09-20,0.3442158997058868,0.3442158997058868,0.3442158997058868,0.3442158997058868,0
2018-09-21,0.3442158997058868,0.3442158997058868,0.3442158997058868,0.3442158997058868,0
2018-09-24,0.3442158997058868,0.3442158997058868,0.3442158997058868,0.3442158997058868,0
2018-09-25,0.3442158997058868,0.3442158997058868,0.3442158997058868,0.3442158997058868,0
2018-09-26,0.3442158997058868,0.3442158997058868,0.3442158997058868,0.3442158997058868,0
2018-09-27,0.3442158997058868,0.3442158997058868,0.3442158997058868,0.3442158997058868,0
2018-09-28,0.3442158997058868,0.3442158997058868,0.3442158997058868,0.3442158997058868,0
2018-10-01,0.3442158997058868,0.3442158997058868,0.3442158997058868,0.3442158997058868,0
2018-10-02,0.3442158997058868,0.3442158997058868,0.3442158997058868,0.3442158997058868,0
2018-10-03,0.3442158997058868,0.3442158997058868,0.3442158997058868,0.3442158997058868,0
2018-10-04,0.3442158997058868,0.3442158997058868,0.3442158997058868,0.3442158997058868,0
2018-10-05,0.3442158997058868,0.3442158997058868,0.3442158997058868,0.3442158997058868,0
2018-10-08,0.3442158997058868,0.3442158997058868,0.3442158997058868,0.3442158997058868,0
2018-10-09,0.3442158997058868,0.3442158997058868,0.3442158997058868,0.3442158997058868,0
2018-10-10,0.3442158997058868,0.3442158997058868,0.3442158997058868,0.3442158997058868,0
2018-10-11,0.3442158997058868,0.3442158997058868,0.3442158997058868,0.3442158997058868,0
2018-10-12,0.3442158997058868,0.3442158997058868,0.3442158997058868,0.3442158997058868,0
2018-10-15,0.3442158997058868,0.3442158997058868,0.3442158997058868,0.3442158997058868,0
2018-10-16,0.3442158997058868,0.3442158997058868,0.3442158997058868,0.3442158997058868,0
2018-10-17,0.3442158997058868,0.3442158997058868,0.3442158997058868,0.3442158997058868,0
2018-10-18,0.3442158997058868,0.3442158997058868,0.3442158997058868,0.3442158997058868,0
2018-10-19,0.3442158997058868,0.3442158997058868,0.3442158997058868,0.3442158997058868,0
2018-10-22,0.3442158997058868,0.3442158997058868,0.3442158997058868,0.3442158997058868,0
2018-10-23,0.3442158997058868,0.3442158997058868,0.3442158997058868,0.3442158997058868,0
2018-10-24,0.3442158997058868,0.3442158997058868,0.3442158997058868,0.3442158997058868,0
2018-10-25,0.3442158997058868,0.3442158997058868,0.3442158997058868,0.3442158997058868,0
2018-10-26,0.3442158997058868,0.3442158997058868,0.3442158997058868,0.3442158997058868,0
2018-10-29,0.3442158997058868,0.3442158997058868,0.3442158997058868,0.3442158997058868,0
2018-10-30,0.3442158997058868,0.3442158997058868,0.3442158997058868,0.3442158997058868,0
2018-10-31,0.3442158997058868,0.3442158997058868,0.3442158997058868,0.3442158997058868,0
2018-11-01,0.3442158997058868,0.3442158997058868,0.3442158997058868,0.3442158997058868,0
2018-11-02,0.3442158997058868,0.3442158997058868,0.3442158997058868,0.3442158997058868,0
2018-11-05,0.3442158997058868,0.3442158997058868,0.3442158997058868,0.3442158997058868,0
2018-11-07,0.3442158997058868,0.3442158997058868,0.3442158997058868,0.3442158997058868,0
2018-11-08,0.3442158997058868,0.3442158997058868,0.3442158997058868,0.3442158997058868,0
2018-11-09,0.3442158997058868,0.3442158997058868,0.3442158997058868,0.3442158997058868,0
2018-11-12,0.3442158997058868,0.3442158997058868,0.3442158997058868,0.3442158997058868,0
2018-11-13,0.3442158997058868,0.3442158997058868,0.3442158997058868,0.3442158997058868,0
2018-11-14,0.3442158997058868,0.3442158997058868,0.3442158997058868,0.3442158997058868,0
2018-11-15,0.3442158997058868,0.3442158997058868,0.3442158997058868,0.3442158997058868,0
2018-11-16,0.3442158997058868,0.3442158997058868,0.3442158997058868,0.3442158997058868,0
2018-11-19,0.3442158997058868,0.3442158997058868,0.3442158997058868,0.3442158997058868,0
2018-11-20,0.3442158997058868,0.3442158997058868,0.3442158997058868,0.3442158997058868,0
2018-11-21,0.3442158997058868,0.3442158997058868,0.3442158997058868,0.3442158997058868,0
2018-11-22,0.3442158997058868,0.3442158997058868,0.3442158997058868,0.3442158997058868,0
2018-11-23,0.3442158997058868,0.3442158997058868,0.3442158997058868,0.3442158997058868,0
2018-11-26,0.3442158997058868,0.3442158997058868,0.3442158997058868,0.3442158997058868,0
2018-11-27,0.3442158997058868,0.3442158997058868,0.3442158997058868,0.3442158997058868,0
2018-11-28,0.3442158997058868,0.3442158997058868,0.3442158997058868,0.3442158997058868,0
2018-11-29,0.3442158997058868,0.3442158997058868,0.3442158997058868,0.3442158997058868,0
2018-11-30,0.3442158997058868,0.3442158997058868,0.3442158997058868,0.3442158997058868,0
2018-12-03,0.3442158997058868,0.3442158997058868,0.3442158997058868,0.3442158997058868,0
2018-12-04,0.3442158997058868,0.3442158997058868,0.3442158997058868,0.3442158997058868,0
2018-12-05,0.3442158997058868,0.3442158997058868,0.3442158997058868,0.3442158997058868,0
2018-12-06,0.3442158997058868,0.3442158997058868,0.3442158997058868,0.3442158997058868,0
2018-12-07,0.3442158997058868,0.3442158997058868,0.3442158997058868,0.3442158997058868,0
2018-12-10,0.3442158997058868,0.3442158997058868,0.3442158997058868,0.3442158997058868,0
2018-12-11,0.3442158997058868,0.3442158997058868,0.3442158997058868,0.3442158997058868,0
2018-12-12,0.3442158997058868,0.3442158997058868,0.3442158997058868,0.3442158997058868,0
2018-12-13,0.3442158997058868,0.3442158997058868,0.3442158997058868,0.3442158997058868,0
2018-12-14,0.3442158997058868,0.3442158997058868,0.3442158997058868,0.3442158997058868,0
2018-12-17,0.3442158997058868,0.3442158997058868,0.3442158997058868,0.3442158997058868,0
2018-12-18,0.3442158997058868,0.3442158997058868,0.3442158997058868,0.3442158997058868,0
2018-12-19,0.3442158997058868,0.3442158997058868,0.3442158997058868,0.3442158997058868,0
2018-12-20,0.3442158997058868,0.3442158997058868,0.3442158997058868,0.3442158997058868,0
2018-12-21,0.3442158997058868,0.3442158997058868,0.3442158997058868,0.3442158997058868,0
2018-12-24,0.3442158997058868,0.3442158997058868,0.3442158997058868,0.3442158997058868,0
2018-12-26,0.3442158997058868,0.3442158997058868,0.3442158997058868,0.3442158997058868,0
2018-12-27,0.3442158997058868,0.3442158997058868,0.3442158997058868,0.3442158997058868,0
2018-12-28,0.3442158997058868,0.3442158997058868,0.3442158997058868,0.3442158997058868,0
2018-12-31,0.3442158997058868,0.3442158997058868,0.3442158997058868,0.3442158997058868,0
2019-01-01,0.3442158997058868,0.3442158997058868,0.3442158997058868,0.3442158997058868,0
2019-01-02,0.3442158997058868,0.3442158997058868,0.3442158997058868,0.3442158997058868,0
2019-01-03,0.3442158997058868,0.3442158997058868,0.3442158997058868,0.3442158997058868,0
2019-01-04,0.3442158997058868,0.3442158997058868,0.3442158997058868,0.3442158997058868,0
2019-01-07,0.3442158997058868,0.3442158997058868,0.3442158997058868,0.3442158997058868,0
2019-01-08,0.3442158997058868,0.3442158997058868,0.3442158997058868,0.3442158997058868,0
2019-01-09,0.3442158997058868,0.3442158997058868,0.3442158997058868,0.3442158997058868,0
2019-01-10,0.3442158997058868,0.3442158997058868,0.3442158997058868,0.3442158997058868,0
2019-01-11,0.3442158997058868,0.3442158997058868,0.3442158997058868,0.3442158997058868,0
2019-01-14,0.3442158997058868,0.3442158997058868,0.3442158997058868,0.3442158997058868,0
2019-01-15,0.3442158997058868,0.3442158997058868,0.3442158997058868,0.3442158997058868,0
2019-01-16,0.3442158997058868,0.3442158997058868,0.3442158997058868,0.3442158997058868,0
2019-01-17,0.3442158997058868,0.3442158997058868,0.3442158997058868,0.3442158997058868,0
2019-01-18,0.3442158997058868,0.3442158997058868,0.3442158997058868,0.3442158997058868,0
2019-01-21,0.3442158997058868,0.3442158997058868,0.3442158997058868,0.3442158997058868,0
2019-01-22,0.3442158997058868,0.3442158997058868,0.3442158997058868,0.3442158997058868,0
2019-01-23,0.3442158997058868,0.3442158997058868,0.3442158997058868,0.3442158997058868,0
2019-01-24,0.3442158997058868,0.3442158997058868,0.3442158997058868,0.3442158997058868,0
2019-01-25,0.3442158997058868,0.3442158997058868,0.3442158997058868,0.3442158997058868,0
2019-01-28,0.3442158997058868,0.3442158997058868,0.3442158997058868,0.3442158997058868,0
2019-01-29,0.3442158997058868,0.3442158997058868,0.3442158997058868,0.3442158997058868,0
2019-01-30,0.3442158997058868,0.3442158997058868,0.3442158997058868,0.3442158997058868,0
2019-01-31,0.3442158997058868,0.3442158997058868,0.3442158997058868,0.3442158997058868,0
2019-02-01,0.3442158997058868,0.3442158997058868,0.3442158997058868,0.3442158997058868,0
2019-02-04,0.3442158997058868,0.3442158997058868,0.3442158997058868,0.3442158997058868,0
2019-02-05,0.3442158997058868,0.3442158997058868,0.3442158997058868,0.3442158997058868,0
2019-02-07,0.3442158997058868,0.3442158997058868,0.3442158997058868,0.3442158997058868,0
2019-02-08,0.3442158997058868,0.3442158997058868,0.3442158997058868,0.3442158997058868,0
2019-02-11,0.1975500051733854,0.3043068349361419,0.1975500051733854,0.3043068349361419,27000
2019-02-12,0.3392272709219746,0.3392272709219746,0.3292500078678131,0.3292500078678131,5000
2019-02-13,0.3292500078678131,0.3292500078678131,0.3292500078678131,0.3292500078678131,0
2019-02-14,0.3292500078678131,0.3292500078678131,0.3292500078678131,0.3292500078678131,0
2019-02-15,0.3292500078678131,0.3292500078678131,0.3292500078678131,0.3292500078678131,0
2019-02-18,0.3292500078678131,0.3292500078678131,0.3292500078678131,0.3292500078678131,0
2019-02-19,0.3292500078678131,0.3292500078678131,0.3292500078678131,0.3292500078678131,0
2019-02-20,0.3292500078678131,0.3292500078678131,0.3292500078678131,0.3292500078678131,0
2019-02-21,0.3292500078678131,0.3292500078678131,0.3292500078678131,0.3292500078678131,0
2019-02-22,0.3292500078678131,0.3292500078678131,0.3292500078678131,0.3292500078678131,0
2019-02-25,0.3292500078678131,0.3292500078678131,0.3292500078678131,0.3292500078678131,0
2019-02-26,0.3292500078678131,0.3292500078678131,0.3292500078678131,0.3292500078678131,0
2019-02-27,0.3292500078678131,0.3292500078678131,0.3292500078678131,0.3292500078678131,0
2019-02-28,0.3292500078678131,0.3292500078678131,0.3292500078678131,0.3292500078678131,0
2019-03-01,0.3292500078678131,0.3292500078678131,0.3292500078678131,0.3292500078678131,0
2019-03-04,0.3292500078678131,0.3292500078678131,0.3292500078678131,0.3292500078678131,0
2019-03-05,0.3292500078678131,0.3292500078678131,0.3292500078678131,0.3292500078678131,0
2019-03-06,0.3292500078678131,0.3292500078678131,0.3292500078678131,0.3292500078678131,0
2019-03-07,0.3292500078678131,0.3292500078678131,0.3292500078678131,0.3292500078678131,0
2019-03-08,0.3292500078678131,0.3292500078678131,0.3292500078678131,0.3292500078678131,0
2019-03-11,0.3292500078678131,0.3292500078678131,0.3292500078678131,0.3292500078678131,0
2019-03-12,0.3292500078678131,0.3292500078678131,0.3292500078678131,0.3292500078678131,0
2019-03-13,0.3292500078678131,0.3292500078678131,0.3292500078678131,0.3292500078678131,0
2019-03-14,0.3292500078678131,0.3292500078678131,0.3292500078678131,0.3292500078678131,0
2019-03-15,0.3292500078678131,0.3292500078678131,0.3292500078678131,0.3292500078678131,0
2019-03-18,0.3292500078678131,0.3292500078678131,0.3292500078678131,0.3292500078678131,0
2019-03-19,0.3292500078678131,0.3292500078678131,0.3292500078678131,0.3292500078678131,0
2019-03-20,0.3292500078678131,0.3292500078678131,0.3292500078678131,0.3292500078678131,0
2019-03-21,0.3292500078678131,0.3292500078678131,0.3292500078678131,0.3292500078678131,0
2019-03-22,0.3292500078678131,0.3292500078678131,0.3292500078678131,0.3292500078678131,0
2019-03-25,0.3292500078678131,0.3292500078678131,0.3292500078678131,0.3292500078678131,0
2019-03-26,0.3292500078678131,0.3292500078678131,0.3292500078678131,0.3292500078678131,0
2019-03-27,0.3292500078678131,0.3292500078678131,0.3292500078678131,0.3292500078678131,0
2019-03-28,0.3292500078678131,0.3292500078678131,0.3292500078678131,0.3292500078678131,0
2019-03-29,0.3292500078678131,0.3292500078678131,0.3292500078678131,0.3292500078678131,0
2019-04-01,0.3292500078678131,0.3292500078678131,0.3292500078678131,0.3292500078678131,0
2019-04-02,0.3292500078678131,0.3292500078678131,0.3292500078678131,0.3292500078678131,0
2019-04-03,0.3292500078678131,0.3292500078678131,0.3292500078678131,0.3292500078678131,0
2019-04-04,0.3292500078678131,0.3292500078678131,0.3292500078678131,0.3292500078678131,0
2019-04-05,0.3292500078678131,0.3292500078678131,0.3292500078678131,0.3292500078678131,0
2019-04-08,0.3292500078678131,0.3292500078678131,0.3292500078678131,0.3292500078678131,0
2019-04-09,0.2893409099102282,0.3043068349361419,0.2893409099102282,0.3043068349361419,65500
2019-04-10,0.3043068349361419,0.3043068349361419,0.3043068349361419,0.3043068349361419,0
2019-04-11,0.3043068349361419,0.3043068349361419,0.3043068349361419,0.3043068349361419,0
2019-04-12,0.3043068349361419,0.3043068349361419,0.3043068349361419,0.3043068349361419,0
2019-04-15,0.3043068349361419,0.3043068349361419,0.3043068349361419,0.3043068349361419,0
2019-04-16,0.3043068349361419,0.3043068349361419,0.3043068349361419,0.3043068349361419,0
2019-04-17,0.3043068349361419,0.3043068349361419,0.3043068349361419,0.3043068349361419,0
2019-04-18,0.3043068349361419,0.3043068349361419,0.3043068349361419,0.3043068349361419,0
2019-04-22,0.3043068349361419,0.3043068349361419,0.3043068349361419,0.3043068349361419,0
2019-04-23,0.3043068349361419,0.3043068349361419,0.3043068349361419,0.3043068349361419,0
2019-04-24,0.3043068349361419,0.3043068349361419,0.3043068349361419,0.3043068349361419,0
2019-04-25,0.3043068349361419,0.3043068349361419,0.3043068349361419,0.3043068349361419,0
2019-04-26,0.3043068349361419,0.3043068349361419,0.3043068349361419,0.3043068349361419,0
2019-04-29,0.3043068349361419,0.3043068349361419,0.3043068349361419,0.3043068349361419,0
2019-04-30,0.3043068349361419,0.3043068349361419,0.3043068349361419,0.3043068349361419,0
2019-05-02,0.3043068349361419,0.3043068349361419,0.3043068349361419,0.3043068349361419,0
2019-05-03,0.3043068349361419,0.3043068349361419,0.3043068349361419,0.3043068349361419,0
2019-05-06,0.3043068349361419,0.3043068349361419,0.3043068349361419,0.3043068349361419,0
2019-05-07,0.3043068349361419,0.3043068349361419,0.3043068349361419,0.3043068349361419,0
2019-05-08,0.3043068349361419,0.3043068349361419,0.3043068349361419,0.3043068349361419,0
2019-05-09,0.3043068349361419,0.3043068349361419,0.3043068349361419,0.3043068349361419,0
2019-05-10,0.3043068349361419,0.3043068349361419,0.3043068349361419,0.3043068349361419,0
2019-05-13,0.3043068349361419,0.3043068349361419,0.3043068349361419,0.3043068349361419,0
2019-05-14,0.3043068349361419,0.3043068349361419,0.3043068349361419,0.3043068349361419,0
2019-05-15,0.3043068349361419,0.3043068349361419,0.3043068349361419,0.3043068349361419,0
2019-05-16,0.3043068349361419,0.3043068349361419,0.3043068349361419,0.3043068349361419,0
2019-05-17,0.3043068349361419,0.3043068349361419,0.3043068349361419,0.3043068349361419,0
2019-05-21,0.3043068349361419,0.3043068349361419,0.3043068349361419,0.3043068349361419,130100
2019-05-22,0.3043068349361419,0.3043068349361419,0.3043068349361419,0.3043068349361419,0
2019-05-23,0.3043068349361419,0.3043068349361419,0.3043068349361419,0.3043068349361419,0
2019-05-24,0.3043068349361419,0.3043068349361419,0.3043068349361419,0.3043068349361419,0
2019-05-27,0.3043068349361419,0.3043068349361419,0.3043068349361419,0.3043068349361419,0
2019-05-28,0.3043068349361419,0.3043068349361419,0.3043068349361419,0.3043068349361419,0
2019-05-29,0.249431818746256,0.2993181943893432,0.249431818746256,0.2993181943893432,11000
2019-05-30,0.2993181943893432,0.2993181943893432,0.2993181943893432,0.2993181943893432,0
2019-05-31,0.2993181943893432,0.2993181943893432,0.2993181943893432,0.2993181943893432,0
2019-06-03,0.2993181943893432,0.2993181943893432,0.2993181943893432,0.2993181943893432,0
2019-06-04,0.2993181943893432,0.2993181943893432,0.2993181943893432,0.2993181943893432,0
2019-06-06,0.2993181943893432,0.2993181943893432,0.2993181943893432,0.2993181943893432,0
2019-06-07,0.2993181943893432,0.2993181943893432,0.2993181943893432,0.2993181943893432,0
2019-06-10,0.2993181943893432,0.2993181943893432,0.2993181943893432,0.2993181943893432,0
2019-06-11,0.2993181943893432,0.2993181943893432,0.2993181943893432,0.2993181943893432,0
2019-06-12,0.2993181943893432,0.2993181943893432,0.2993181943893432,0.2993181943893432,0
2019-06-13,0.2993181943893432,0.2993181943893432,0.2993181943893432,0.2993181943893432,0
2019-06-14,0.2993181943893432,0.2993181943893432,0.2993181943893432,0.2993181943893432,0
2019-06-17,0.2993181943893432,0.2993181943893432,0.2993181943893432,0.2993181943893432,0
2019-06-18,0.2993181943893432,0.2993181943893432,0.2993181943893432,0.2993181943893432,0
2019-06-19,0.2993181943893432,0.2993181943893432,0.2993181943893432,0.2993181943893432,0
2019-06-20,0.2993181943893432,0.2993181943893432,0.2993181943893432,0.2993181943893432,0
2019-06-21,0.2993181943893432,0.2993181943893432,0.2993181943893432,0.2993181943893432,0
2019-06-24,0.2993181943893432,0.2993181943893432,0.2993181943893432,0.2993181943893432,0
2019-06-25,0.2993181943893432,0.2993181943893432,0.2993181943893432,0.2993181943893432,0
2019-06-26,0.2993181943893432,0.2993181943893432,0.2993181943893432,0.2993181943893432,0
2019-06-27,0.2993181943893432,0.2993181943893432,0.2993181943893432,0.2993181943893432,0
2019-06-28,0.2993181943893432,0.2993181943893432,0.2993181943893432,0.2993181943893432,0
2019-07-01,0.2993181943893432,0.2993181943893432,0.2993181943893432,0.2993181943893432,0
2019-07-02,0.2993181943893432,0.2993181943893432,0.2993181943893432,0.2993181943893432,0
2019-07-03,0.2993181943893432,0.2993181943893432,0.2993181943893432,0.2993181943893432,0
2019-07-04,0.2993181943893432,0.2993181943893432,0.2993181943893432,0.2993181943893432,0
2019-07-05,0.2993181943893432,0.2993181943893432,0.2993181943893432,0.2993181943893432,0
2019-07-08,0.2993181943893432,0.2993181943893432,0.2993181943893432,0.2993181943893432,0
2019-07-09,0.2993181943893432,0.2993181943893432,0.2993181943893432,0.2993181943893432,0
2019-07-10,0.2993181943893432,0.2993181943893432,0.2993181943893432,0.2993181943893432,0
2019-07-11,0.2993181943893432,0.2993181943893432,0.2993181943893432,0.2993181943893432,0
2019-07-12,0.2993181943893432,0.2993181943893432,0.2993181943893432,0.2993181943893432,0
2019-07-15,0.2993181943893432,0.2993181943893432,0.2993181943893432,0.2993181943893432,0
2019-07-16,0.2993181943893432,0.2993181943893432,0.2993181943893432,0.2993181943893432,0
2019-07-17,0.2993181943893432,0.2993181943893432,0.2993181943893432,0.2993181943893432,0
2019-07-18,0.2993181943893432,0.2993181943893432,0.2993181943893432,0.2993181943893432,0
2019-07-19,0.2993181943893432,0.2993181943893432,0.2993181943893432,0.2993181943893432,0
2019-07-22,0.2993181943893432,0.2993181943893432,0.2993181943893432,0.2993181943893432,0
2019-07-23,0.1975500074848768,0.2893409132957458,0.1975500074848768,0.2893409132957458,200
2019-07-24,0.3192727267742157,0.3192727267742157,0.3192727267742157,0.3192727267742157,1500
2019-07-25,0.3192727267742157,0.3192727267742157,0.3192727267742157,0.3192727267742157,500
2019-07-26,0.3192727267742157,0.3192727267742157,0.3192727267742157,0.3192727267742157,0
2019-07-29,0.3192727267742157,0.3192727267742157,0.3192727267742157,0.3192727267742157,0
2019-07-30,0.3192727267742157,0.3192727267742157,0.3192727267742157,0.3192727267742157,0
2019-07-31,0.3192727267742157,0.3192727267742157,0.3192727267742157,0.3192727267742157,0
2019-08-01,0.3192727267742157,0.3192727267742157,0.3192727267742157,0.3192727267742157,0
2019-08-02,0.3192727267742157,0.3192727267742157,0.3192727267742157,0.3192727267742157,0
2019-08-05,0.3192727267742157,0.3192727267742157,0.3192727267742157,0.3192727267742157,0
2019-08-06,0.3192727267742157,0.3192727267742157,0.3192727267742157,0.3192727267742157,0
2019-08-07,0.3192727267742157,0.3192727267742157,0.3192727267742157,0.3192727267742157,0
2019-08-08,0.3192727267742157,0.3192727267742157,0.3192727267742157,0.3192727267742157,0
2019-08-13,0.3192727267742157,0.3192727267742157,0.3192727267742157,0.3192727267742157,0
2019-08-14,0.3192727267742157,0.3192727267742157,0.3192727267742157,0.3192727267742157,0
2019-08-15,0.3192727267742157,0.3192727267742157,0.3192727267742157,0.3192727267742157,0
2019-08-16,0.3192727267742157,0.3192727267742157,0.3192727267742157,0.3192727267742157,0
2019-08-19,0.3192727267742157,0.3192727267742157,0.3192727267742157,0.3192727267742157,0
2019-08-20,0.3192727267742157,0.3192727267742157,0.3192727267742157,0.3192727267742157,0
2019-08-21,0.3192727267742157,0.3192727267742157,0.3192727267742157,0.3192727267742157,0
2019-08-22,0.3192727267742157,0.3192727267742157,0.3192727267742157,0.3192727267742157,0
2019-08-23,0.3192727267742157,0.3192727267742157,0.3192727267742157,0.3192727267742157,0
2019-08-26,0.3192727267742157,0.3192727267742157,0.3192727267742157,0.3192727267742157,0
2019-08-27,0.3192727267742157,0.3192727267742157,0.3192727267742157,0.3192727267742157,0
2019-08-28,0.3192727267742157,0.3192727267742157,0.3192727267742157,0.3192727267742157,0
2019-08-29,0.3192727267742157,0.3192727267742157,0.3192727267742157,0.3192727267742157,0
2019-08-30,0.3192727267742157,0.3192727267742157,0.3192727267742157,0.3192727267742157,0
2019-09-02,0.3192727267742157,0.3192727267742157,0.3192727267742157,0.3192727267742157,0
2019-09-03,0.3192727267742157,0.3192727267742157,0.3192727267742157,0.3192727267742157,0
2019-09-04,0.3192727267742157,0.3192727267742157,0.3192727267742157,0.3192727267742157,0
2019-09-05,0.2045340876262984,0.314284086227417,0.2045340876262984,0.314284086227417,200
2019-09-06,0.3192727267742157,0.3192727267742157,0.3192727267742157,0.3192727267742157,70000
2019-09-09,0.3192727267742157,0.3192727267742157,0.3192727267742157,0.3192727267742157,0
2019-09-10,0.3192727267742157,0.3192727267742157,0.3192727267742157,0.3192727267742157,0
2019-09-11,0.2294772774093982,0.2993181943893432,0.2294772774093982,0.2993181943893432,32000
2019-09-12,0.2993181943893432,0.2993181943893432,0.2993181943893432,0.2993181943893432,0
2019-09-13,0.2993181943893432,0.2993181943893432,0.2993181943893432,0.2993181943893432,0
2019-09-16,0.2993181943893432,0.2993181943893432,0.2993181943893432,0.2993181943893432,0
2019-09-17,0.2993181943893432,0.2993181943893432,0.2993181943893432,0.2993181943893432,0
2019-09-18,0.2494318111215604,0.2943295240402221,0.2494318111215604,0.2943295240402221,70000
2019-09-19,0.2943295240402221,0.2943295240402221,0.2943295240402221,0.2943295240402221,0
2019-09-20,0.2943295240402221,0.2943295240402221,0.2943295240402221,0.2943295240402221,0
2019-09-23,0.2943295240402221,0.2943295240402221,0.2943295240402221,0.2943295240402221,0
2019-09-24,0.2943295240402221,0.2943295240402221,0.2943295240402221,0.2943295240402221,0
2019-09-25,0.2943295240402221,0.2943295240402221,0.2943295240402221,0.2943295240402221,0
2019-09-26,0.2943295240402221,0.2943295240402221,0.2943295240402221,0.2943295240402221,0
2019-09-27,0.2943295240402221,0.2943295240402221,0.2943295240402221,0.2943295240402221,0
2019-09-30,0.2943295240402221,0.2943295240402221,0.2943295240402221,0.2943295240402221,0
2019-10-01,0.2943295240402221,0.2943295240402221,0.2943295240402221,0.2943295240402221,0
2019-10-02,0.2943295240402221,0.2943295240402221,0.2943295240402221,0.2943295240402221,0
2019-10-03,0.2943295240402221,0.2943295240402221,0.2943295240402221,0.2943295240402221,0
2019-10-04,0.2943295240402221,0.2943295240402221,0.2943295240402221,0.2943295240402221,0
2019-10-07,0.2943295240402221,0.2943295240402221,0.2943295240402221,0.2943295240402221,0
2019-10-08,0.2943295240402221,0.2943295240402221,0.2943295240402221,0.2943295240402221,0
2019-10-09,0.2943295240402221,0.2943295240402221,0.2943295240402221,0.2943295240402221,0
2019-10-10,0.2943295240402221,0.2943295240402221,0.2943295240402221,0.2943295240402221,0
2019-10-11,0.2943295240402221,0.2943295240402221,0.2943295240402221,0.2943295240402221,0
2019-10-14,0.2943295240402221,0.2943295240402221,0.2943295240402221,0.2943295240402221,0
2019-10-15,0.2943295240402221,0.2943295240402221,0.2943295240402221,0.2943295240402221,0
2019-10-16,0.2943295240402221,0.2943295240402221,0.2943295240402221,0.2943295240402221,0
2019-10-17,0.2943295240402221,0.2943295240402221,0.2943295240402221,0.2943295240402221,0
2019-10-18,0.2943295240402221,0.2943295240402221,0.2943295240402221,0.2943295240402221,0
2019-10-21,0.2943295240402221,0.2943295240402221,0.2943295240402221,0.2943295240402221,0
2019-10-22,0.2943295240402221,0.2943295240402221,0.2943295240402221,0.2943295240402221,0
2019-10-23,0.2943295240402221,0.2943295240402221,0.2943295240402221,0.2943295240402221,0
2019-10-24,0.2943295240402221,0.2943295240402221,0.2943295240402221,0.2943295240402221,0
2019-10-25,0.2943295240402221,0.2943295240402221,0.2943295240402221,0.2943295240402221,0
2019-10-29,0.2943295240402221,0.2943295240402221,0.2943295240402221,0.2943295240402221,0
2019-10-30,0.2943295240402221,0.2943295240402221,0.2943295240402221,0.2943295240402221,0
2019-10-31,0.2943295240402221,0.2943295240402221,0.2943295240402221,0.2943295240402221,0
2019-11-01,0.2943295240402221,0.2943295240402221,0.2943295240402221,0.2943295240402221,0
2019-11-04,0.2943295240402221,0.2943295240402221,0.2943295240402221,0.2943295240402221,0
2019-11-05,0.2943295240402221,0.2943295240402221,0.2943295240402221,0.2943295240402221,0
2019-11-06,0.2943295240402221,0.2943295240402221,0.2943295240402221,0.2943295240402221,0
2019-11-07,0.2943295240402221,0.2943295240402221,0.2943295240402221,0.2943295240402221,0
2019-11-08,0.2943295240402221,0.2943295240402221,0.2943295240402221,0.2943295240402221,0
2019-11-11,0.2943295240402221,0.2943295240402221,0.2943295240402221,0.2943295240402221,0
2019-11-12,0.2943295240402221,0.2943295240402221,0.2943295240402221,0.2943295240402221,0
2019-11-13,0.2943295240402221,0.2943295240402221,0.2943295240402221,0.2943295240402221,0
2019-11-14,0.2943295240402221,0.2943295240402221,0.2943295240402221,0.2943295240402221,0
2019-11-15,0.2943295240402221,0.2943295240402221,0.2943295240402221,0.2943295240402221,0
2019-11-18,0.2943295240402221,0.2943295240402221,0.2943295240402221,0.2943295240402221,0
2019-11-19,0.2943295240402221,0.2943295240402221,0.2943295240402221,0.2943295240402221,0
2019-11-20,0.2693863667157373,0.2943295240402221,0.2693863667157373,0.2943295240402221,76000
2019-11-21,0.2943295240402221,0.2943295240402221,0.2943295240402221,0.2943295240402221,0
2019-11-22,0.2943295240402221,0.2943295240402221,0.2943295240402221,0.2943295240402221,0
2019-11-25,0.2943295240402221,0.2943295240402221,0.2943295240402221,0.2943295240402221,0
2019-11-26,0.2943295240402221,0.2943295240402221,0.2943295240402221,0.2943295240402221,0
2019-11-27,0.2943295240402221,0.2943295240402221,0.2943295240402221,0.2943295240402221,0
2019-11-28,0.2943295240402221,0.2943295240402221,0.2943295240402221,0.2943295240402221,0
2019-11-29,0.2943295240402221,0.2943295240402221,0.2943295240402221,0.2943295240402221,0
2019-12-02,0.2943295240402221,0.2943295240402221,0.2943295240402221,0.2943295240402221,0
2019-12-03,0.2943295240402221,0.2943295240402221,0.2943295240402221,0.2943295240402221,0
2019-12-04,0.2943295240402221,0.2943295240402221,0.2943295240402221,0.2943295240402221,0
2019-12-05,0.2943295240402221,0.2943295240402221,0.2943295240402221,0.2943295240402221,0
2019-12-06,0.2943295240402221,0.2943295240402221,0.2943295240402221,0.2943295240402221,0
2019-12-09,0.2943295240402221,0.2943295240402221,0.2943295240402221,0.2943295240402221,0
2019-12-10,0.2943295240402221,0.2943295240402221,0.2943295240402221,0.2943295240402221,0
2019-12-11,0.2943295240402221,0.2943295240402221,0.2943295240402221,0.2943295240402221,0
2019-12-12,0.2943295240402221,0.2943295240402221,0.2943295240402221,0.2943295240402221,0
2019-12-13,0.2943295240402221,0.2943295240402221,0.2943295240402221,0.2943295240402221,0
2019-12-16,0.2943295240402221,0.2943295240402221,0.2943295240402221,0.2943295240402221,0
2019-12-17,0.2943295240402221,0.2943295240402221,0.2943295240402221,0.2943295240402221,0
2019-12-18,0.2943295240402221,0.2943295240402221,0.2943295240402221,0.2943295240402221,0
2019-12-19,0.2693863777417032,0.2843522727489471,0.2693863777417032,0.2843522727489471,63000
2019-12-20,0.2843522727489471,0.2843522727489471,0.2843522727489471,0.2843522727489471,0
2019-12-23,0.2793636322021484,0.2793636322021484,0.2793636322021484,0.2793636322021484,5000
2019-12-24,0.2793636322021484,0.2793636322021484,0.2793636322021484,0.2793636322021484,0
2019-12-25,0.2793636322021484,0.2793636322021484,0.2793636322021484,0.2793636322021484,0
2019-12-26,0.2793636322021484,0.2793636322021484,0.2793636322021484,0.2793636322021484,0
2019-12-27,0.2793636322021484,0.2793636322021484,0.2793636322021484,0.2793636322021484,0
2019-12-30,0.2793636322021484,0.2793636322021484,0.2793636322021484,0.2793636322021484,0
2019-12-31,0.2793636322021484,0.2793636322021484,0.2793636322021484,0.2793636322021484,0
2020-01-02,0.2793636322021484,0.2793636322021484,0.2793636322021484,0.2793636322021484,0
2020-01-03,0.2793636322021484,0.2793636322021484,0.2793636322021484,0.2793636322021484,0
2020-01-06,0.2793636322021484,0.2793636322021484,0.2793636322021484,0.2793636322021484,0
2020-01-07,0.2793636322021484,0.2793636322021484,0.2793636322021484,0.2793636322021484,0
2020-01-08,0.2793636322021484,0.2793636322021484,0.2793636322021484,0.2793636322021484,0
2020-01-09,0.2793636322021484,0.2793636322021484,0.2793636322021484,0.2793636322021484,0
2020-01-10,0.2793636322021484,0.2793636322021484,0.2793636322021484,0.2793636322021484,0
2020-01-13,0.2793636322021484,0.2793636322021484,0.2793636322021484,0.2793636322021484,0
2020-01-14,0.2793636322021484,0.2793636322021484,0.2793636322021484,0.2793636322021484,0
2020-01-15,0.2793636322021484,0.2793636322021484,0.2793636322021484,0.2793636322021484,0
2020-01-16,0.2643977105617523,0.2643977105617523,0.2643977105617523,0.2643977105617523,9000
2020-01-17,0.2793636410798658,0.2843522727489471,0.2793636410798658,0.2843522727489471,75000
2020-01-20,0.2843522727489471,0.2843522727489471,0.2843522727489471,0.2843522727489471,0
2020-01-21,0.2843522727489471,0.2843522727489471,0.2843522727489471,0.2843522727489471,0
2020-01-22,0.2843522727489471,0.2843522727489471,0.2843522727489471,0.2843522727489471,0
2020-01-23,0.2843522727489471,0.2843522727489471,0.2843522727489471,0.2843522727489471,0
2020-01-24,0.2843522727489471,0.2843522727489471,0.2843522727489471,0.2843522727489471,0
2020-01-28,0.2793636322021484,0.2793636322021484,0.2793636322021484,0.2793636322021484,1600
2020-01-29,0.2793636322021484,0.2793636322021484,0.2793636322021484,0.2793636322021484,0
2020-01-30,0.2793636322021484,0.2793636322021484,0.2793636322021484,0.2793636322021484,0
2020-01-31,0.2793636322021484,0.2793636322021484,0.2793636322021484,0.2793636322021484,0
2020-02-03,0.2793636322021484,0.2793636322021484,0.2793636322021484,0.2793636322021484,0
2020-02-04,0.2793636322021484,0.2793636322021484,0.2793636322021484,0.2793636322021484,0
2020-02-05,0.2793636322021484,0.2793636322021484,0.2793636322021484,0.2793636322021484,0
2020-02-06,0.2793636322021484,0.2793636322021484,0.2793636322021484,0.2793636322021484,0
2020-02-07,0.2793636322021484,0.2793636322021484,0.2793636322021484,0.2793636322021484,0
2020-02-10,0.2793636322021484,0.2793636322021484,0.2793636322021484,0.2793636322021484,0
2020-02-11,0.2793636322021484,0.2793636322021484,0.2793636322021484,0.2793636322021484,0
2020-02-12,0.2793636322021484,0.2793636322021484,0.2793636322021484,0.2793636322021484,0
2020-02-13,0.2793636322021484,0.2793636322021484,0.2793636322021484,0.2793636322021484,0
2020-02-14,0.2793636322021484,0.2793636322021484,0.2793636322021484,0.2793636322021484,0
2020-02-17,0.2793636322021484,0.2793636322021484,0.2793636322021484,0.2793636322021484,0
2020-02-18,0.2793636322021484,0.2793636322021484,0.2793636322021484,0.2793636322021484,0
2020-02-19,0.2793636322021484,0.2793636322021484,0.2793636322021484,0.2793636322021484,0
2020-02-20,0.2793636322021484,0.2793636322021484,0.2793636322021484,0.2793636322021484,0
2020-02-21,0.2793636322021484,0.2793636322021484,0.2793636322021484,0.2793636322021484,0
2020-02-24,0.2793636322021484,0.2793636322021484,0.2793636322021484,0.2793636322021484,0
2020-02-25,0.2793636322021484,0.2793636322021484,0.2793636322021484,0.2793636322021484,0
2020-02-26,0.2793636322021484,0.2793636322021484,0.2793636322021484,0.2793636322021484,0
2020-02-27,0.2793636322021484,0.2793636322021484,0.2793636322021484,0.2793636322021484,0
2020-02-28,0.2793636322021484,0.2793636322021484,0.2793636322021484,0.2793636322021484,0
2020-03-02,0.2793636322021484,0.2793636322021484,0.2793636322021484,0.2793636322021484,0
2020-03-03,0.2793636322021484,0.2793636322021484,0.2793636322021484,0.2793636322021484,0
2020-03-04,0.2793636322021484,0.2793636322021484,0.2793636322021484,0.2793636322021484,0
2020-03-05,0.2793636322021484,0.2793636322021484,0.2793636322021484,0.2793636322021484,0
2020-03-06,0.2793636322021484,0.2793636322021484,0.2793636322021484,0.2793636322021484,0
2020-03-09,0.2793636322021484,0.2793636322021484,0.2793636322021484,0.2793636322021484,0
2020-03-10,0.2793636322021484,0.2793636322021484,0.2793636322021484,0.2793636322021484,0
2020-03-11,0.2793636322021484,0.2793636322021484,0.2793636322021484,0.2793636322021484,0
2020-03-12,0.2793636322021484,0.2793636322021484,0.2793636322021484,0.2793636322021484,0
2020-03-13,0.2793636322021484,0.2793636322021484,0.2793636322021484,0.2793636322021484,0
2020-03-16,0.2793636322021484,0.2793636322021484,0.2793636322021484,0.2793636322021484,0
2020-03-17,0.2793636322021484,0.2793636322021484,0.2793636322021484,0.2793636322021484,0
2020-03-18,0.2793636322021484,0.2793636322021484,0.2793636322021484,0.2793636322021484,0
2020-03-19,0.2793636322021484,0.2793636322021484,0.2793636322021484,0.2793636322021484,0
2020-03-20,0.2793636322021484,0.2793636322021484,0.2793636322021484,0.2793636322021484,0
2020-03-23,0.2793636322021484,0.2793636322021484,0.2793636322021484,0.2793636322021484,0
2020-03-24,0.2793636322021484,0.2793636322021484,0.2793636322021484,0.2793636322021484,0
2020-03-25,0.2793636322021484,0.2793636322021484,0.2793636322021484,0.2793636322021484,0
2020-03-26,0.2793636322021484,0.2793636322021484,0.2793636322021484,0.2793636322021484,0
2020-03-27,0.2793636322021484,0.2793636322021484,0.2793636322021484,0.2793636322021484,0
2020-03-30,0.2793636322021484,0.2793636322021484,0.2793636322021484,0.2793636322021484,0
2020-03-31,0.2793636322021484,0.2793636322021484,0.2793636322021484,0.2793636322021484,0
2020-04-01,0.2793636322021484,0.2793636322021484,0.2793636322021484,0.2793636322021484,0
2020-04-02,0.2793636322021484,0.2793636322021484,0.2793636322021484,0.2793636322021484,0
2020-04-03,0.191563633477146,0.2294772714376449,0.1656227170337332,0.2294772714376449,78000
2020-04-06,0.2793636449842483,0.2793636449842483,0.1895681844820337,0.244443193078041,3400
2020-04-07,0.1915636408787286,0.2394545436647631,0.1895681822596827,0.2344659119844436,81500
2020-04-08,0.1995454521333496,0.2095227150762756,0.189568174323129,0.2045340836048126,184600
2020-04-09,0.2045340836048126,0.2045340836048126,0.2045340836048126,0.2045340836048126,0
2020-04-13,0.2045340836048126,0.2045340836048126,0.2045340836048126,0.2045340836048126,0
2020-04-14,0.1795909166234461,0.1995454579591751,0.1795909166234461,0.1995454579591751,28500
2020-04-15,0.2095227241516113,0.2095227241516113,0.2095227241516113,0.2095227241516113,100
2020-04-16,0.2095227241516113,0.2095227241516113,0.2095227241516113,0.2095227241516113,0
2020-04-17,0.1825840896467932,0.1995454579591751,0.1825840896467932,0.1995454579591751,32000
2020-04-20,0.1995454579591751,0.1995454579591751,0.1995454579591751,0.1995454579591751,0
2020-04-21,0.1995454579591751,0.1995454579591751,0.1995454579591751,0.1995454579591751,0
2020-04-22,0.1995454579591751,0.1995454579591751,0.1995454579591751,0.1995454579591751,0
2020-04-23,0.1995454579591751,0.1995454579591751,0.1995454579591751,0.1995454579591751,0
2020-04-24,0.1995454579591751,0.1995454579591751,0.1995454579591751,0.1995454579591751,0
2020-04-27,0.1995454579591751,0.1995454579591751,0.1995454579591751,0.1995454579591751,0
2020-04-28,0.1995454579591751,0.1995454579591751,0.1995454579591751,0.1995454579591751,0
2020-04-29,0.2195000052452087,0.2195000052452087,0.2195000052452087,0.2195000052452087,100
2020-04-30,0.2195000052452087,0.2195000052452087,0.2195000052452087,0.2195000052452087,0
2020-05-04,0.2195000052452087,0.2195000052452087,0.2195000052452087,0.2195000052452087,0
2020-05-05,0.2195000052452087,0.2195000052452087,0.2195000052452087,0.2195000052452087,0
2020-05-06,0.2195000052452087,0.2195000052452087,0.2195000052452087,0.2195000052452087,0
2020-05-08,0.2195000052452087,0.2195000052452087,0.2195000052452087,0.2195000052452087,0
2020-05-11,0.2195000052452087,0.2195000052452087,0.2195000052452087,0.2195000052452087,0
2020-05-12,0.2195000052452087,0.2195000052452087,0.2195000052452087,0.2195000052452087,0
2020-05-13,0.2195000052452087,0.2195000052452087,0.2195000052452087,0.2195000052452087,0
2020-05-14,0.2195000052452087,0.2195000052452087,0.2195000052452087,0.2195000052452087,0
2020-05-15,0.2195000052452087,0.2195000052452087,0.2195000052452087,0.2195000052452087,0
2020-05-18,0.2195000052452087,0.2195000052452087,0.2195000052452087,0.2195000052452087,0
2020-05-19,0.2195000052452087,0.2195000052452087,0.2195000052452087,0.2195000052452087,0
2020-05-20,0.2195000052452087,0.2195000052452087,0.2195000052452087,0.2195000052452087,0
2020-05-21,0.2195000052452087,0.2195000052452087,0.2195000052452087,0.2195000052452087,0
2020-05-22,0.2195000052452087,0.2195000052452087,0.2195000052452087,0.2195000052452087,0
2020-05-26,0.2195000052452087,0.2195000052452087,0.2195000052452087,0.2195000052452087,0
2020-05-27,0.2195000052452087,0.2195000052452087,0.2195000052452087,0.2195000052452087,0
2020-05-28,0.2195000052452087,0.2195000052452087,0.2195000052452087,0.2195000052452087,0
2020-05-29,0.2195000052452087,0.2195000052452087,0.2195000052452087,0.2195000052452087,0
2020-06-01,0.2195000052452087,0.2195000052452087,0.2195000052452087,0.2195000052452087,0
2020-06-02,0.2195000052452087,0.2195000052452087,0.2195000052452087,0.2195000052452087,0
2020-06-03,0.2195000052452087,0.2195000052452087,0.2195000052452087,0.2195000052452087,0
2020-06-04,0.2195000052452087,0.2195000052452087,0.2195000052452087,0.2195000052452087,0
2020-06-05,0.2195000052452087,0.2195000052452087,0.2195000052452087,0.2195000052452087,0
2020-06-08,0.2195000052452087,0.2195000052452087,0.2195000052452087,0.2195000052452087,0
2020-06-09,0.2195000052452087,0.2195000052452087,0.2195000052452087,0.2195000052452087,0
2020-06-10,0.2195000052452087,0.2195000052452087,0.2195000052452087,0.2195000052452087,0
2020-06-11,0.2195000052452087,0.2195000052452087,0.2195000052452087,0.2195000052452087,0
2020-06-12,0.2195000052452087,0.2195000052452087,0.2195000052452087,0.2195000052452087,0
2020-06-15,0.2195000052452087,0.2195000052452087,0.2195000052452087,0.2195000052452087,0
2020-06-16,0.2195000052452087,0.2195000052452087,0.2195000052452087,0.2195000052452087,0
2020-06-17,0.2195000052452087,0.2195000052452087,0.2195000052452087,0.2195000052452087,0
2020-06-18,0.2195000052452087,0.2195000052452087,0.2195000052452087,0.2195000052452087,0
2020-06-19,0.2195000052452087,0.2195000052452087,0.2195000052452087,0.2195000052452087,0
2020-06-22,0.2195000052452087,0.2195000052452087,0.2195000052452087,0.2195000052452087,0
2020-06-23,0.2195000052452087,0.2195000052452087,0.2195000052452087,0.2195000052452087,0
2020-06-24,0.2195000052452087,0.2195000052452087,0.2195000052452087,0.2195000052452087,0
2020-06-25,0.2195000052452087,0.2195000052452087,0.2195000052452087,0.2195000052452087,0
2020-06-26,0.2195000052452087,0.2195000052452087,0.2195000052452087,0.2195000052452087,0
2020-06-29,0.2195000052452087,0.2195000052452087,0.2195000052452087,0.2195000052452087,0
2020-06-30,0.2195000052452087,0.2195000052452087,0.2195000052452087,0.2195000052452087,0
2020-07-01,0.2195000052452087,0.2195000052452087,0.2195000052452087,0.2195000052452087,0
2020-07-02,0.2195000052452087,0.2195000052452087,0.2195000052452087,0.2195000052452087,0
2020-07-03,0.2195000052452087,0.2195000052452087,0.2195000052452087,0.2195000052452087,0
2020-07-06,0.2195000052452087,0.2195000052452087,0.2195000052452087,0.2195000052452087,0
2020-07-07,0.2199999988079071,0.2199999988079071,0.2199999988079071,0.2199999988079071,0
2020-07-08,0.2199999988079071,0.2199999988079071,0.2199999988079071,0.2199999988079071,0
2020-07-09,0.2199999988079071,0.2199999988079071,0.2199999988079071,0.2199999988079071,0
2020-07-13,0.2199999988079071,0.2199999988079071,0.2199999988079071,0.2199999988079071,0
2020-07-14,0.2199999988079071,0.2199999988079071,0.2199999988079071,0.2199999988079071,0
2020-07-15,0.2199999988079071,0.2199999988079071,0.2199999988079071,0.2199999988079071,0
2020-07-16,0.2199999988079071,0.2199999988079071,0.2199999988079071,0.2199999988079071,0
2020-07-17,0.2199999988079071,0.2199999988079071,0.2199999988079071,0.2199999988079071,0
2020-07-20,0.2199999988079071,0.2199999988079071,0.2199999988079071,0.2199999988079071,0
2020-07-21,0.2199999988079071,0.2199999988079071,0.2199999988079071,0.2199999988079071,0
2020-07-22,0.2199999988079071,0.2199999988079071,0.2199999988079071,0.2199999988079071,0
2020-07-23,0.2199999988079071,0.2199999988079071,0.2199999988079071,0.2199999988079071,0
2020-07-24,0.2199999988079071,0.2199999988079071,0.2199999988079071,0.2199999988079071,0
2020-07-27,0.2199999988079071,0.2199999988079071,0.2199999988079071,0.2199999988079071,0
2020-07-28,0.2199999988079071,0.2199999988079071,0.2199999988079071,0.2199999988079071,0
2020-07-29,0.2199999988079071,0.2199999988079071,0.2199999988079071,0.2199999988079071,0
2020-07-30,0.2199999988079071,0.2199999988079071,0.2199999988079071,0.2199999988079071,0
2020-08-03,0.2199999988079071,0.2199999988079071,0.2199999988079071,0.2199999988079071,0
2020-08-04,0.2199999988079071,0.2199999988079071,0.2199999988079071,0.2199999988079071,0
2020-08-05,0.2199999988079071,0.2199999988079071,0.2199999988079071,0.2199999988079071,0
2020-08-06,0.2199999988079071,0.2199999988079071,0.2199999988079071,0.2199999988079071,0
2020-08-07,0.2199999988079071,0.2199999988079071,0.2199999988079071,0.2199999988079071,0
2020-08-11,0.2199999988079071,0.2199999988079071,0.2199999988079071,0.2199999988079071,0
2020-08-12,0.2199999988079071,0.2199999988079071,0.2199999988079071,0.2199999988079071,0
2020-08-13,0.2199999988079071,0.2199999988079071,0.2199999988079071,0.2199999988079071,0
2020-08-14,0.2199999988079071,0.2199999988079071,0.2199999988079071,0.2199999988079071,0
2020-08-17,0.2199999988079071,0.2199999988079071,0.2199999988079071,0.2199999988079071,0
2020-08-18,0.2199999988079071,0.2199999988079071,0.2199999988079071,0.2199999988079071,0
2020-08-19,0.2199999988079071,0.2199999988079071,0.2199999988079071,0.2199999988079071,0
2020-08-20,0.2199999988079071,0.2199999988079071,0.2199999988079071,0.2199999988079071,0
2020-08-21,0.2199999988079071,0.2199999988079071,0.2199999988079071,0.2199999988079071,0
2020-08-24,0.1899999976158142,0.2150000035762787,0.1700000017881393,0.1720000058412552,11300
2020-08-25,0.1850000023841858,0.1850000023841858,0.1850000023841858,0.1850000023841858,30000
2020-08-26,0.1850000023841858,0.1879999935626983,0.1850000023841858,0.1879999935626983,31300
2020-08-27,0.1930000036954879,0.1930000036954879,0.1930000036954879,0.1930000036954879,100
2020-08-28,0.1930000036954879,0.1930000036954879,0.1930000036954879,0.1930000036954879,0
2020-08-31,0.1930000036954879,0.1930000036954879,0.1930000036954879,0.1930000036954879,0
2020-09-01,0.1930000036954879,0.1930000036954879,0.1930000036954879,0.1930000036954879,0
2020-09-02,0.1930000036954879,0.1930000036954879,0.1930000036954879,0.1930000036954879,0
2020-09-03,0.1930000036954879,0.1930000036954879,0.1930000036954879,0.1930000036954879,0
2020-09-04,0.1930000036954879,0.1930000036954879,0.1930000036954879,0.1930000036954879,0
2020-09-07,0.1930000036954879,0.1930000036954879,0.1930000036954879,0.1930000036954879,0
2020-09-08,0.1930000036954879,0.1930000036954879,0.1930000036954879,0.1930000036954879,0
2020-09-09,0.1930000036954879,0.1930000036954879,0.1930000036954879,0.1930000036954879,0
2020-09-10,0.1930000036954879,0.1930000036954879,0.1930000036954879,0.1930000036954879,0
2020-09-11,0.1930000036954879,0.1930000036954879,0.1930000036954879,0.1930000036954879,0
2020-09-14,0.1930000036954879,0.1930000036954879,0.1930000036954879,0.1930000036954879,0
2020-09-15,0.1930000036954879,0.1930000036954879,0.1930000036954879,0.1930000036954879,0
2020-09-16,0.1930000036954879,0.1930000036954879,0.1930000036954879,0.1930000036954879,0
2020-09-17,0.1930000036954879,0.1930000036954879,0.1930000036954879,0.1930000036954879,0
2020-09-18,0.1930000036954879,0.1930000036954879,0.1930000036954879,0.1930000036954879,0
2020-09-21,0.1930000036954879,0.1930000036954879,0.1930000036954879,0.1930000036954879,0
2020-09-22,0.1930000036954879,0.1930000036954879,0.1930000036954879,0.1930000036954879,0
2020-09-23,0.1930000036954879,0.1930000036954879,0.1930000036954879,0.1930000036954879,0
2020-09-24,0.1930000036954879,0.1930000036954879,0.1930000036954879,0.1930000036954879,0
2020-09-25,0.1930000036954879,0.1930000036954879,0.1930000036954879,0.1930000036954879,0
2020-09-28,0.1930000036954879,0.1930000036954879,0.1930000036954879,0.1930000036954879,0
2020-09-29,0.1930000036954879,0.1930000036954879,0.1930000036954879,0.1930000036954879,0
2020-09-30,0.1930000036954879,0.1930000036954879,0.1930000036954879,0.1930000036954879,0
2020-10-01,0.1930000036954879,0.1930000036954879,0.1930000036954879,0.1930000036954879,0
2020-10-02,0.1930000036954879,0.1930000036954879,0.1930000036954879,0.1930000036954879,0
2020-10-05,0.1930000036954879,0.1930000036954879,0.1930000036954879,0.1930000036954879,0
2020-10-06,0.1930000036954879,0.1930000036954879,0.1930000036954879,0.1930000036954879,0
2020-10-07,0.1930000036954879,0.1930000036954879,0.1930000036954879,0.1930000036954879,0
2020-10-08,0.1930000036954879,0.1930000036954879,0.1930000036954879,0.1930000036954879,0
2020-10-09,0.1930000036954879,0.1930000036954879,0.1930000036954879,0.1930000036954879,0
2020-10-12,0.1930000036954879,0.1930000036954879,0.1930000036954879,0.1930000036954879,0
2020-10-13,0.1930000036954879,0.1930000036954879,0.1930000036954879,0.1930000036954879,0
2020-10-14,0.1930000036954879,0.1930000036954879,0.1930000036954879,0.1930000036954879,0
2020-10-15,0.1930000036954879,0.1930000036954879,0.1930000036954879,0.1930000036954879,0
2020-10-16,0.1930000036954879,0.1930000036954879,0.1930000036954879,0.1930000036954879,0
2020-10-19,0.1930000036954879,0.1930000036954879,0.1930000036954879,0.1930000036954879,0
2020-10-20,0.1930000036954879,0.1930000036954879,0.1930000036954879,0.1930000036954879,0
2020-10-21,0.1930000036954879,0.1930000036954879,0.1930000036954879,0.1930000036954879,0
2020-10-22,0.1930000036954879,0.1930000036954879,0.1930000036954879,0.1930000036954879,0
2020-10-23,0.1930000036954879,0.1930000036954879,0.1930000036954879,0.1930000036954879,0
2020-10-26,0.1930000036954879,0.1930000036954879,0.1930000036954879,0.1930000036954879,0
2020-10-27,0.1930000036954879,0.1930000036954879,0.1930000036954879,0.1930000036954879,0
2020-10-28,0.1930000036954879,0.1930000036954879,0.1930000036954879,0.1930000036954879,0
2020-10-29,0.1930000036954879,0.1930000036954879,0.1930000036954879,0.1930000036954879,0
2020-10-30,0.1930000036954879,0.1930000036954879,0.1930000036954879,0.1930000036954879,0
2020-11-02,0.1930000036954879,0.1930000036954879,0.1930000036954879,0.1930000036954879,0
2020-11-03,0.1930000036954879,0.1930000036954879,0.1930000036954879,0.1930000036954879,0
2020-11-04,0.1930000036954879,0.1930000036954879,0.1930000036954879,0.1930000036954879,0
2020-11-05,0.1930000036954879,0.1930000036954879,0.1930000036954879,0.1930000036954879,0
2020-11-06,0.1930000036954879,0.1930000036954879,0.1930000036954879,0.1930000036954879,0
2020-11-09,0.1930000036954879,0.1930000036954879,0.1930000036954879,0.1930000036954879,0
2020-11-10,0.1930000036954879,0.1930000036954879,0.1930000036954879,0.1930000036954879,0
2020-11-11,0.1930000036954879,0.1930000036954879,0.1930000036954879,0.1930000036954879,0
2020-11-12,0.1930000036954879,0.1930000036954879,0.1930000036954879,0.1930000036954879,0
2020-11-13,0.1930000036954879,0.1930000036954879,0.1930000036954879,0.1930000036954879,0
2020-11-16,0.1930000036954879,0.1930000036954879,0.1930000036954879,0.1930000036954879,0
2020-11-17,0.1930000036954879,0.1930000036954879,0.1930000036954879,0.1930000036954879,0
2020-11-18,0.1930000036954879,0.1930000036954879,0.1930000036954879,0.1930000036954879,0
2020-11-19,0.1930000036954879,0.1930000036954879,0.1930000036954879,0.1930000036954879,0
2020-11-20,0.1930000036954879,0.1930000036954879,0.1930000036954879,0.1930000036954879,0
2020-11-23,0.1930000036954879,0.1930000036954879,0.1930000036954879,0.1930000036954879,0
2020-11-24,0.1930000036954879,0.1930000036954879,0.1930000036954879,0.1930000036954879,0
2020-11-25,0.163000002503395,0.163000002503395,0.1420000046491623,0.1589999943971634,436000
2020-11-26,0.163000002503395,0.163000002503395,0.163000002503395,0.163000002503395,170000
2020-11-27,0.163000002503395,0.163000002503395,0.1599999964237213,0.1609999984502792,164100
2020-11-30,0.1609999984502792,0.1609999984502792,0.1609999984502792,0.1609999984502792,0
2020-12-01,0.1609999984502792,0.1609999984502792,0.1609999984502792,0.1609999984502792,0
2020-12-02,0.1609999984502792,0.1609999984502792,0.1609999984502792,0.1609999984502792,0
2020-12-03,0.1609999984502792,0.1609999984502792,0.1609999984502792,0.1609999984502792,0
2020-12-04,0.1609999984502792,0.1609999984502792,0.1609999984502792,0.1609999984502792,0
2020-12-07,0.1609999984502792,0.1609999984502792,0.1609999984502792,0.1609999984502792,0
2020-12-08,0.1609999984502792,0.1609999984502792,0.1609999984502792,0.1609999984502792,70000
2020-12-09,0.1609999984502792,0.1609999984502792,0.1609999984502792,0.1609999984502792,0
2020-12-10,0.1609999984502792,0.1609999984502792,0.1609999984502792,0.1609999984502792,0
2020-12-11,0.1609999984502792,0.1609999984502792,0.1609999984502792,0.1609999984502792,0
2020-12-14,0.1609999984502792,0.1609999984502792,0.1609999984502792,0.1609999984502792,0
2020-12-15,0.1609999984502792,0.1609999984502792,0.1609999984502792,0.1609999984502792,0
2020-12-16,0.1609999984502792,0.1609999984502792,0.1609999984502792,0.1609999984502792,0
2020-12-17,0.1609999984502792,0.1609999984502792,0.1609999984502792,0.1609999984502792,0
2020-12-18,0.1309999972581863,0.1560000032186508,0.1309999972581863,0.1490000039339065,41100
2020-12-21,0.1449999958276748,0.1449999958276748,0.1369999945163726,0.1369999945163726,5900
2020-12-22,0.1449999958276748,0.1449999958276748,0.1330000013113021,0.1410000026226043,97800
2020-12-23,0.1449999958276748,0.1469999998807907,0.1449999958276748,0.1469999998807907,88500
2020-12-24,0.1469999998807907,0.1469999998807907,0.1469999998807907,0.1469999998807907,0
2020-12-28,0.1469999998807907,0.1469999998807907,0.1469999998807907,0.1469999998807907,200
2020-12-29,0.1469999998807907,0.1469999998807907,0.1469999998807907,0.1469999998807907,49800
2020-12-30,0.1469999998807907,0.1469999998807907,0.1469999998807907,0.1469999998807907,110200
2020-12-31,0.1469999998807907,0.1469999998807907,0.1469999998807907,0.1469999998807907,0
2021-01-04,0.1469999998807907,0.1469999998807907,0.1469999998807907,0.1469999998807907,0
2021-01-05,0.1609999984502792,0.1780000030994415,0.1609999984502792,0.1739999949932098,195000
2021-01-06,0.1700000017881393,0.1700000017881393,0.1700000017881393,0.1700000017881393,20000
2021-01-07,0.1700000017881393,0.1700000017881393,0.1550000011920929,0.1700000017881393,11100
2021-01-08,0.1700000017881393,0.1700000017881393,0.1700000017881393,0.1700000017881393,1100
2021-01-11,0.1550000011920929,0.1679999977350235,0.1550000011920929,0.1550000011920929,10200
2021-01-12,0.1550000011920929,0.1550000011920929,0.1550000011920929,0.1550000011920929,0
2021-01-13,0.1599999964237213,0.1599999964237213,0.1599999964237213,0.1599999964237213,18800
2021-01-14,0.1599999964237213,0.1599999964237213,0.1599999964237213,0.1599999964237213,0
2021-01-15,0.1599999964237213,0.1599999964237213,0.1599999964237213,0.1599999964237213,6200
2021-01-18,0.1599999964237213,0.1599999964237213,0.1599999964237213,0.1599999964237213,0
2021-01-19,0.1599999964237213,0.1599999964237213,0.1599999964237213,0.1599999964237213,0
2021-01-20,0.1599999964237213,0.1599999964237213,0.1599999964237213,0.1599999964237213,0
2021-01-21,0.1560000032186508,0.1599999964237213,0.1560000032186508,0.1599999964237213,36700
2021-01-22,0.1599999964237213,0.1599999964237213,0.1599999964237213,0.1599999964237213,0
2021-01-25,0.1599999964237213,0.1599999964237213,0.1599999964237213,0.1599999964237213,0
2021-01-26,0.1599999964237213,0.1599999964237213,0.1599999964237213,0.1599999964237213,0
2021-01-27,0.1599999964237213,0.1599999964237213,0.1599999964237213,0.1599999964237213,0
2021-01-28,0.1599999964237213,0.1599999964237213,0.1599999964237213,0.1599999964237213,0
2021-01-29,0.1500000059604644,0.1500000059604644,0.1449999958276748,0.1449999958276748,1400
2021-02-01,0.1449999958276748,0.1449999958276748,0.1449999958276748,0.1449999958276748,0
2021-02-02,0.1449999958276748,0.1449999958276748,0.1449999958276748,0.1449999958276748,0
2021-02-03,0.1449999958276748,0.1449999958276748,0.1449999958276748,0.1449999958276748,0
2021-02-04,0.1449999958276748,0.1449999958276748,0.1449999958276748,0.1449999958276748,0
2021-02-05,0.1449999958276748,0.1449999958276748,0.1449999958276748,0.1449999958276748,0
2021-02-08,0.1449999958276748,0.1449999958276748,0.1449999958276748,0.1449999958276748,0
2021-02-09,0.1449999958276748,0.1449999958276748,0.1449999958276748,0.1449999958276748,0
2021-02-10,0.1449999958276748,0.1500000059604644,0.1449999958276748,0.1500000059604644,21000
2021-02-11,0.1500000059604644,0.1500000059604644,0.1500000059604644,0.1500000059604644,0
2021-02-15,0.1500000059604644,0.1500000059604644,0.1500000059604644,0.1500000059604644,0
2021-02-16,0.1500000059604644,0.1500000059604644,0.1500000059604644,0.1500000059604644,0
2021-02-17,0.1500000059604644,0.1500000059604644,0.1500000059604644,0.1500000059604644,0
2021-02-18,0.1500000059604644,0.1500000059604644,0.1500000059604644,0.1500000059604644,0
2021-02-19,0.1500000059604644,0.1500000059604644,0.1500000059604644,0.1500000059604644,0
2021-02-22,0.1500000059604644,0.1500000059604644,0.1500000059604644,0.1500000059604644,0
2021-02-23,0.1500000059604644,0.1500000059604644,0.1500000059604644,0.1500000059604644,0
2021-02-24,0.1500000059604644,0.1500000059604644,0.1500000059604644,0.1500000059604644,0
2021-02-25,0.1550000011920929,0.1550000011920929,0.1500000059604644,0.1500000059604644,15000
2021-02-26,0.1500000059604644,0.1500000059604644,0.1500000059604644,0.1500000059604644,0
2021-03-01,0.1500000059604644,0.1500000059604644,0.1500000059604644,0.1500000059604644,0
2021-03-02,0.1500000059604644,0.1500000059604644,0.1500000059604644,0.1500000059604644,0
2021-03-03,0.1410000026226043,0.1560000032186508,0.1410000026226043,0.1560000032186508,16200
2021-03-04,0.1560000032186508,0.1560000032186508,0.1560000032186508,0.1560000032186508,0
2021-03-05,0.1560000032186508,0.1560000032186508,0.1560000032186508,0.1560000032186508,0
2021-03-08,0.1560000032186508,0.1560000032186508,0.1560000032186508,0.1560000032186508,0
2021-03-09,0.1560000032186508,0.1560000032186508,0.1560000032186508,0.1560000032186508,0
2021-03-10,0.1560000032186508,0.1560000032186508,0.1560000032186508,0.1560000032186508,0
2021-03-11,0.1560000032186508,0.1560000032186508,0.1560000032186508,0.1560000032186508,0
2021-03-12,0.1560000032186508,0.1560000032186508,0.1560000032186508,0.1560000032186508,0
2021-03-15,0.1560000032186508,0.1560000032186508,0.1560000032186508,0.1560000032186508,0
2021-03-16,0.1560000032186508,0.1560000032186508,0.1560000032186508,0.1560000032186508,0
2021-03-17,0.1560000032186508,0.1560000032186508,0.1560000032186508,0.1560000032186508,0
2021-03-18,0.1560000032186508,0.1560000032186508,0.1560000032186508,0.1560000032186508,0
2021-03-19,0.1560000032186508,0.1560000032186508,0.1560000032186508,0.1560000032186508,0
2021-03-22,0.1560000032186508,0.1560000032186508,0.1560000032186508,0.1560000032186508,0
2021-03-23,0.1560000032186508,0.1560000032186508,0.1560000032186508,0.1560000032186508,0
2021-03-24,0.1560000032186508,0.1560000032186508,0.1560000032186508,0.1560000032186508,0
2021-03-25,0.1560000032186508,0.1560000032186508,0.1560000032186508,0.1560000032186508,0
2021-03-26,0.1560000032186508,0.1560000032186508,0.1560000032186508,0.1560000032186508,0
2021-03-29,0.1560000032186508,0.1560000032186508,0.1560000032186508,0.1560000032186508,0
2021-03-30,0.1560000032186508,0.1560000032186508,0.1560000032186508,0.1560000032186508,0
2021-03-31,0.1560000032186508,0.1560000032186508,0.1560000032186508,0.1560000032186508,0
2021-04-01,0.1560000032186508,0.1560000032186508,0.1560000032186508,0.1560000032186508,0
2021-04-05,0.1560000032186508,0.1560000032186508,0.1560000032186508,0.1560000032186508,0
2021-04-06,0.1560000032186508,0.1560000032186508,0.1560000032186508,0.1560000032186508,0
2021-04-07,0.1560000032186508,0.1560000032186508,0.1560000032186508,0.1560000032186508,0
2021-04-08,0.1560000032186508,0.1560000032186508,0.1560000032186508,0.1560000032186508,0
2021-04-09,0.1560000032186508,0.1560000032186508,0.1560000032186508,0.1560000032186508,0
2021-04-12,0.1560000032186508,0.1560000032186508,0.1560000032186508,0.1560000032186508,0
2021-04-13,0.1560000032186508,0.1560000032186508,0.1560000032186508,0.1560000032186508,0
2021-04-14,0.1560000032186508,0.1560000032186508,0.1560000032186508,0.1560000032186508,0
2021-04-15,0.1560000032186508,0.1560000032186508,0.1560000032186508,0.1560000032186508,0
2021-04-16,0.1560000032186508,0.1560000032186508,0.1560000032186508,0.1560000032186508,0
2021-04-19,0.1560000032186508,0.1560000032186508,0.1560000032186508,0.1560000032186508,0
2021-04-20,0.1560000032186508,0.1560000032186508,0.1560000032186508,0.1560000032186508,0
2021-04-21,0.1449999958276748,0.1570000052452087,0.1449999958276748,0.1570000052452087,7600
2021-04-22,0.1570000052452087,0.1570000052452087,0.1570000052452087,0.1570000052452087,0
2021-04-23,0.1570000052452087,0.1570000052452087,0.1570000052452087,0.1570000052452087,0
2021-04-26,0.1459999978542328,0.1560000032186508,0.1449999958276748,0.1560000032186508,17100
2021-04-27,0.1560000032186508,0.1560000032186508,0.1560000032186508,0.1560000032186508,0
2021-04-28,0.1560000032186508,0.1560000032186508,0.1560000032186508,0.1560000032186508,0
2021-04-29,0.1469999998807907,0.1469999998807907,0.1430000066757202,0.1430000066757202,29800
2021-04-30,0.1430000066757202,0.1430000066757202,0.1430000066757202,0.1430000066757202,0
2021-05-03,0.1430000066757202,0.1430000066757202,0.1430000066757202,0.1430000066757202,0
2021-05-04,0.1430000066757202,0.1430000066757202,0.1430000066757202,0.1430000066757202,0
2021-05-05,0.1430000066757202,0.1430000066757202,0.1430000066757202,0.1430000066757202,0
2021-05-06,0.1430000066757202,0.1430000066757202,0.1430000066757202,0.1430000066757202,0
2021-05-07,0.1379999965429306,0.1379999965429306,0.1379999965429306,0.1379999965429306,9900
2021-05-10,0.1400000005960464,0.1400000005960464,0.1400000005960464,0.1400000005960464,36000
2021-05-11,0.1400000005960464,0.1400000005960464,0.1400000005960464,0.1400000005960464,0
2021-05-12,0.1330000013113021,0.1389999985694885,0.1330000013113021,0.1389999985694885,25000
2021-05-14,0.1389999985694885,0.1389999985694885,0.1389999985694885,0.1389999985694885,0
2021-05-17,0.1389999985694885,0.1389999985694885,0.1389999985694885,0.1389999985694885,0
2021-05-18,0.1389999985694885,0.1389999985694885,0.1389999985694885,0.1389999985694885,0
2021-05-19,0.1389999985694885,0.1389999985694885,0.1389999985694885,0.1389999985694885,0
2021-05-20,0.1389999985694885,0.1389999985694885,0.1389999985694885,0.1389999985694885,0
2021-05-21,0.1389999985694885,0.1389999985694885,0.1389999985694885,0.1389999985694885,0
2021-05-24,0.1389999985694885,0.1389999985694885,0.1389999985694885,0.1389999985694885,0
2021-05-25,0.1389999985694885,0.1389999985694885,0.1389999985694885,0.1389999985694885,0
2021-05-27,0.1389999985694885,0.1389999985694885,0.1389999985694885,0.1389999985694885,0
2021-05-28,0.1389999985694885,0.1389999985694885,0.1389999985694885,0.1389999985694885,0
2021-05-31,0.1389999985694885,0.1389999985694885,0.1389999985694885,0.1389999985694885,0
2021-06-01,0.1389999985694885,0.1389999985694885,0.1389999985694885,0.1389999985694885,0
2021-06-02,0.1389999985694885,0.1389999985694885,0.1389999985694885,0.1389999985694885,0
2021-06-03,0.1449999958276748,0.1449999958276748,0.1449999958276748,0.1449999958276748,30000
2021-06-04,0.1449999958276748,0.1449999958276748,0.1449999958276748,0.1449999958276748,0
2021-06-07,0.1449999958276748,0.1449999958276748,0.1449999958276748,0.1449999958276748,0
2021-06-08,0.1449999958276748,0.1449999958276748,0.1449999958276748,0.1449999958276748,0
2021-06-09,0.1449999958276748,0.1449999958276748,0.1449999958276748,0.1449999958276748,0
2021-06-10,0.1449999958276748,0.1449999958276748,0.1449999958276748,0.1449999958276748,0
2021-06-11,0.1449999958276748,0.1449999958276748,0.1449999958276748,0.1449999958276748,0
2021-06-14,0.1449999958276748,0.1449999958276748,0.1449999958276748,0.1449999958276748,0
2021-06-15,0.1449999958276748,0.1449999958276748,0.1449999958276748,0.1449999958276748,0
2021-06-16,0.1449999958276748,0.1449999958276748,0.1449999958276748,0.1449999958276748,0
2021-06-17,0.1449999958276748,0.1449999958276748,0.1449999958276748,0.1449999958276748,0
2021-06-18,0.1449999958276748,0.1449999958276748,0.1449999958276748,0.1449999958276748,0
2021-06-21,0.1449999958276748,0.1449999958276748,0.1449999958276748,0.1449999958276748,0
2021-06-22,0.1449999958276748,0.1449999958276748,0.1449999958276748,0.1449999958276748,0
2021-06-23,0.1449999958276748,0.1449999958276748,0.1449999958276748,0.1449999958276748,0
2021-06-24,0.1449999958276748,0.1449999958276748,0.1449999958276748,0.1449999958276748,0
2021-06-25,0.1449999958276748,0.1449999958276748,0.1449999958276748,0.1449999958276748,0
2021-06-28,0.1449999958276748,0.1449999958276748,0.1449999958276748,0.1449999958276748,0
2021-06-29,0.1469999998807907,0.1469999998807907,0.1230000033974647,0.1369999945163726,253600
2021-06-30,0.1360000073909759,0.1379999965429306,0.1360000073909759,0.1379999965429306,50400
2021-07-01,0.1379999965429306,0.1379999965429306,0.1379999965429306,0.1379999965429306,0
2021-07-02,0.1379999965429306,0.1379999965429306,0.1379999965429306,0.1379999965429306,0
2021-07-05,0.1379999965429306,0.1379999965429306,0.1379999965429306,0.1379999965429306,0
2021-07-06,0.1400000005960464,0.1420000046491623,0.1400000005960464,0.1400000005960464,22500
2021-07-07,0.1400000005960464,0.1400000005960464,0.1400000005960464,0.1400000005960464,0
2021-07-08,0.1400000005960464,0.1400000005960464,0.1400000005960464,0.1400000005960464,0
2021-07-09,0.1400000005960464,0.1400000005960464,0.1400000005960464,0.1400000005960464,0
2021-07-12,0.1400000005960464,0.1400000005960464,0.1400000005960464,0.1400000005960464,0
2021-07-13,0.1400000005960464,0.1420000046491623,0.1400000005960464,0.1420000046491623,54000
2021-07-14,0.1420000046491623,0.1420000046491623,0.1420000046491623,0.1420000046491623,0
2021-07-15,0.1420000046491623,0.1420000046491623,0.1420000046491623,0.1420000046491623,0
2021-07-16,0.1420000046491623,0.1420000046491623,0.1420000046491623,0.1420000046491623,0
2021-07-19,0.1420000046491623,0.1420000046491623,0.1420000046491623,0.1420000046491623,0
2021-07-21,0.1420000046491623,0.1420000046491623,0.1420000046491623,0.1420000046491623,10000
2021-07-22,0.1420000046491623,0.1420000046491623,0.1420000046491623,0.1420000046491623,0
2021-07-23,0.1420000046491623,0.1420000046491623,0.1420000046491623,0.1420000046491623,0
2021-07-26,0.1420000046491623,0.1420000046491623,0.1420000046491623,0.1420000046491623,0
2021-07-27,0.1420000046491623,0.1420000046491623,0.1420000046491623,0.1420000046491623,0
2021-07-28,0.1420000046491623,0.1420000046491623,0.1420000046491623,0.1420000046491623,0
2021-07-29,0.1420000046491623,0.1420000046491623,0.1420000046491623,0.1420000046491623,0
2021-07-30,0.1420000046491623,0.1420000046491623,0.1420000046491623,0.1420000046491623,0
2021-08-02,0.1420000046491623,0.1420000046491623,0.1420000046491623,0.1420000046491623,0
2021-08-03,0.1420000046491623,0.1420000046491623,0.1420000046491623,0.1420000046491623,0
2021-08-04,0.1420000046491623,0.1420000046491623,0.1420000046491623,0.1420000046491623,0
2021-08-05,0.1420000046491623,0.1420000046491623,0.1420000046491623,0.1420000046491623,0
2021-08-06,0.1420000046491623,0.1420000046491623,0.1420000046491623,0.1420000046491623,0
2021-08-10,0.1420000046491623,0.1420000046491623,0.1420000046491623,0.1420000046491623,0
2021-08-11,0.1420000046491623,0.1420000046491623,0.1420000046491623,0.1420000046491623,0
2021-08-12,0.1420000046491623,0.1420000046491623,0.1420000046491623,0.1420000046491623,0
2021-08-13,0.1420000046491623,0.1420000046491623,0.1420000046491623,0.1420000046491623,0
2021-08-16,0.1420000046491623,0.1420000046491623,0.1420000046491623,0.1420000046491623,0
2021-08-17,0.1420000046491623,0.1420000046491623,0.1420000046491623,0.1420000046491623,0
2021-08-18,0.1420000046491623,0.1420000046491623,0.1420000046491623,0.1420000046491623,0
2021-08-19,0.1420000046491623,0.1420000046491623,0.1420000046491623,0.1420000046491623,0
2021-08-20,0.1420000046491623,0.1420000046491623,0.1420000046491623,0.1420000046491623,0
2021-08-23,0.1420000046491623,0.1420000046491623,0.1420000046491623,0.1420000046491623,0
2021-08-24,0.1420000046491623,0.1420000046491623,0.1420000046491623,0.1420000046491623,0
2021-08-25,0.1420000046491623,0.1420000046491623,0.1420000046491623,0.1420000046491623,0
2021-08-26,0.1420000046491623,0.1420000046491623,0.1420000046491623,0.1420000046491623,0
2021-08-27,0.1420000046491623,0.1420000046491623,0.1420000046491623,0.1420000046491623,0
2021-08-30,0.1420000046491623,0.1420000046491623,0.1420000046491623,0.1420000046491623,0
2021-08-31,0.1420000046491623,0.1420000046491623,0.1420000046491623,0.1420000046491623,0
2021-09-01,0.1420000046491623,0.1420000046491623,0.1420000046491623,0.1420000046491623,0
2021-09-02,0.1420000046491623,0.1420000046491623,0.1420000046491623,0.1420000046491623,0
2021-09-03,0.1420000046491623,0.1420000046491623,0.1420000046491623,0.1420000046491623,0
2021-09-06,0.1420000046491623,0.1420000046491623,0.1420000046491623,0.1420000046491623,0
2021-09-07,0.1420000046491623,0.1420000046491623,0.1400000005960464,0.1400000005960464,10000
2021-09-08,0.1400000005960464,0.1400000005960464,0.1400000005960464,0.1400000005960464,0
2021-09-09,0.1400000005960464,0.1400000005960464,0.1400000005960464,0.1400000005960464,0
2021-09-10,0.1400000005960464,0.1400000005960464,0.1400000005960464,0.1400000005960464,0
2021-09-13,0.1400000005960464,0.1400000005960464,0.1400000005960464,0.1400000005960464,0
2021-09-14,0.1400000005960464,0.1400000005960464,0.1400000005960464,0.1400000005960464,0
2021-09-15,0.1400000005960464,0.1400000005960464,0.1400000005960464,0.1400000005960464,0
2021-09-16,0.1400000005960464,0.1400000005960464,0.1400000005960464,0.1400000005960464,112000
2021-09-17,0.1430000066757202,0.1430000066757202,0.1430000066757202,0.1430000066757202,10000
2021-09-20,0.1430000066757202,0.1430000066757202,0.1430000066757202,0.1430000066757202,0
2021-09-21,0.1430000066757202,0.1430000066757202,0.1430000066757202,0.1430000066757202,0
2021-09-22,0.1430000066757202,0.1430000066757202,0.1430000066757202,0.1430000066757202,0
2021-09-23,0.1430000066757202,0.1430000066757202,0.1430000066757202,0.1430000066757202,0
2021-09-24,0.1430000066757202,0.1430000066757202,0.1430000066757202,0.1430000066757202,0
2021-09-27,0.1430000066757202,0.1430000066757202,0.1430000066757202,0.1430000066757202,0
2021-09-28,0.1430000066757202,0.1430000066757202,0.1430000066757202,0.1430000066757202,0
2021-09-29,0.1430000066757202,0.1430000066757202,0.1430000066757202,0.1430000066757202,0
2021-09-30,0.1430000066757202,0.1430000066757202,0.1430000066757202,0.1430000066757202,0
2021-10-01,0.1430000066757202,0.1430000066757202,0.1430000066757202,0.1430000066757202,0
2021-10-04,0.1430000066757202,0.1430000066757202,0.1430000066757202,0.1430000066757202,0
2021-10-05,0.1430000066757202,0.1430000066757202,0.1430000066757202,0.1430000066757202,0
2021-10-06,0.1430000066757202,0.1430000066757202,0.1430000066757202,0.1430000066757202,0
2021-10-07,0.1430000066757202,0.1430000066757202,0.1430000066757202,0.1430000066757202,0
2021-10-08,0.1430000066757202,0.1430000066757202,0.1430000066757202,0.1430000066757202,0
2021-10-11,0.1430000066757202,0.1430000066757202,0.1430000066757202,0.1430000066757202,0
2021-10-12,0.1430000066757202,0.1430000066757202,0.1430000066757202,0.1430000066757202,0
2021-10-13,0.1430000066757202,0.1430000066757202,0.1430000066757202,0.1430000066757202,0
2021-10-14,0.1430000066757202,0.1430000066757202,0.1430000066757202,0.1430000066757202,0
2021-10-15,0.1430000066757202,0.1430000066757202,0.1430000066757202,0.1430000066757202,0
2021-10-18,0.1430000066757202,0.1430000066757202,0.1430000066757202,0.1430000066757202,0
2021-10-19,0.1430000066757202,0.1430000066757202,0.1430000066757202,0.1430000066757202,0
2021-10-20,0.1430000066757202,0.1430000066757202,0.1430000066757202,0.1430000066757202,0
2021-10-21,0.1430000066757202,0.1430000066757202,0.1430000066757202,0.1430000066757202,0
2021-10-22,0.1430000066757202,0.1430000066757202,0.1430000066757202,0.1430000066757202,0
2021-10-25,0.1430000066757202,0.1430000066757202,0.1430000066757202,0.1430000066757202,0
2021-10-26,0.1430000066757202,0.1430000066757202,0.1430000066757202,0.1430000066757202,0
2021-10-27,0.1430000066757202,0.1430000066757202,0.1430000066757202,0.1430000066757202,0
2021-10-28,0.1430000066757202,0.1430000066757202,0.1430000066757202,0.1430000066757202,0
2021-10-29,0.1430000066757202,0.1430000066757202,0.1430000066757202,0.1430000066757202,0
2021-11-01,0.1430000066757202,0.1430000066757202,0.1430000066757202,0.1430000066757202,0
2021-11-02,0.1430000066757202,0.1430000066757202,0.1430000066757202,0.1430000066757202,400
2021-11-03,0.1430000066757202,0.1430000066757202,0.1430000066757202,0.1430000066757202,0
2021-11-05,0.1430000066757202,0.1430000066757202,0.1430000066757202,0.1430000066757202,0
2021-11-08,0.1430000066757202,0.1430000066757202,0.1430000066757202,0.1430000066757202,0
2021-11-09,0.1430000066757202,0.1430000066757202,0.1430000066757202,0.1430000066757202,0
2021-11-10,0.1430000066757202,0.1430000066757202,0.1430000066757202,0.1430000066757202,0
2021-11-11,0.1430000066757202,0.1430000066757202,0.1430000066757202,0.1430000066757202,0
2021-11-12,0.1430000066757202,0.1430000066757202,0.1430000066757202,0.1430000066757202,0
2021-11-15,0.1430000066757202,0.1430000066757202,0.1430000066757202,0.1430000066757202,0
2021-11-16,0.1430000066757202,0.1430000066757202,0.1430000066757202,0.1430000066757202,0
2021-11-17,0.1400000005960464,0.1400000005960464,0.1400000005960464,0.1400000005960464,20000
2021-11-18,0.1400000005960464,0.1400000005960464,0.1400000005960464,0.1400000005960464,0
2021-11-19,0.1400000005960464,0.1400000005960464,0.1400000005960464,0.1400000005960464,0
2021-11-22,0.1400000005960464,0.1400000005960464,0.1400000005960464,0.1400000005960464,0
2021-11-23,0.1400000005960464,0.1400000005960464,0.1400000005960464,0.1400000005960464,0
2021-11-24,0.1400000005960464,0.1400000005960464,0.1400000005960464,0.1400000005960464,0
2021-11-25,0.1400000005960464,0.1400000005960464,0.1400000005960464,0.1400000005960464,0
2021-11-26,0.1400000005960464,0.1400000005960464,0.1400000005960464,0.1400000005960464,0
2021-11-29,0.1400000005960464,0.1400000005960464,0.1400000005960464,0.1400000005960464,0
2021-11-30,0.1400000005960464,0.1400000005960464,0.1400000005960464,0.1400000005960464,0
2021-12-01,0.1400000005960464,0.1400000005960464,0.1400000005960464,0.1400000005960464,0
2021-12-02,0.1400000005960464,0.1400000005960464,0.1400000005960464,0.1400000005960464,0
2021-12-03,0.1400000005960464,0.1400000005960464,0.1400000005960464,0.1400000005960464,0
2021-12-06,0.1400000005960464,0.1400000005960464,0.1400000005960464,0.1400000005960464,0
2021-12-07,0.1400000005960464,0.1400000005960464,0.1400000005960464,0.1400000005960464,25000
2021-12-08,0.1169999986886978,0.1420000046491623,0.1159999966621398,0.1420000046491623,114800
2021-12-09,0.1420000046491623,0.1420000046491623,0.1420000046491623,0.1420000046491623,0
2021-12-10,0.1420000046491623,0.1420000046491623,0.1420000046491623,0.1420000046491623,0
2021-12-13,0.1420000046491623,0.1420000046491623,0.1420000046491623,0.1420000046491623,0
2021-12-14,0.1420000046491623,0.1420000046491623,0.1420000046491623,0.1420000046491623,0
2021-12-15,0.1430000066757202,0.1449999958276748,0.1430000066757202,0.1449999958276748,90000
2021-12-16,0.1449999958276748,0.1449999958276748,0.1449999958276748,0.1449999958276748,0
2021-12-17,0.1449999958276748,0.1449999958276748,0.1449999958276748,0.1449999958276748,0
2021-12-20,0.1449999958276748,0.1449999958276748,0.1449999958276748,0.1449999958276748,0
2021-12-21,0.1449999958276748,0.1449999958276748,0.1449999958276748,0.1449999958276748,0
2021-12-22,0.1449999958276748,0.1449999958276748,0.1449999958276748,0.1449999958276748,0
2021-12-23,0.1449999958276748,0.1449999958276748,0.1449999958276748,0.1449999958276748,0
2021-12-24,0.1449999958276748,0.1449999958276748,0.1449999958276748,0.1449999958276748,0
2021-12-27,0.1449999958276748,0.1449999958276748,0.1449999958276748,0.1449999958276748,0
2021-12-28,0.1449999958276748,0.1449999958276748,0.1449999958276748,0.1449999958276748,0
2021-12-29,0.1449999958276748,0.1449999958276748,0.1449999958276748,0.1449999958276748,0
2021-12-30,0.1449999958276748,0.1449999958276748,0.1449999958276748,0.1449999958276748,35000
2021-12-31,0.1449999958276748,0.1449999958276748,0.1449999958276748,0.1449999958276748,0
2022-01-03,0.1449999958276748,0.1449999958276748,0.1449999958276748,0.1449999958276748,0
2022-01-04,0.1449999958276748,0.1449999958276748,0.1449999958276748,0.1449999958276748,0
2022-01-05,0.1449999958276748,0.1449999958276748,0.1449999958276748,0.1449999958276748,0
2022-01-06,0.1449999958276748,0.1449999958276748,0.1449999958276748,0.1449999958276748,0
2022-01-07,0.1449999958276748,0.1449999958276748,0.1449999958276748,0.1449999958276748,0
2022-01-10,0.1449999958276748,0.1449999958276748,0.1449999958276748,0.1449999958276748,0
2022-01-11,0.1449999958276748,0.1449999958276748,0.1449999958276748,0.1449999958276748,0
2022-01-12,0.1449999958276748,0.1449999958276748,0.1449999958276748,0.1449999958276748,0
2022-01-13,0.1449999958276748,0.1449999958276748,0.1449999958276748,0.1449999958276748,0
2022-01-14,0.1449999958276748,0.1449999958276748,0.1449999958276748,0.1449999958276748,0
2022-01-17,0.1449999958276748,0.1449999958276748,0.1449999958276748,0.1449999958276748,20000
2022-01-18,0.1449999958276748,0.1449999958276748,0.1449999958276748,0.1449999958276748,0
2022-01-19,0.1449999958276748,0.1449999958276748,0.1400000005960464,0.1400000005960464,14600
2022-01-20,0.1449999958276748,0.1449999958276748,0.1449999958276748,0.1449999958276748,25000
2022-01-21,0.1449999958276748,0.1449999958276748,0.1449999958276748,0.1449999958276748,0
2022-01-24,0.1449999958276748,0.1449999958276748,0.1449999958276748,0.1449999958276748,0
2022-01-25,0.1449999958276748,0.1449999958276748,0.1449999958276748,0.1449999958276748,0
2022-01-26,0.1449999958276748,0.1449999958276748,0.1449999958276748,0.1449999958276748,0
2022-01-27,0.1449999958276748,0.1449999958276748,0.1449999958276748,0.1449999958276748,0
2022-01-28,0.1449999958276748,0.1459999978542328,0.1449999958276748,0.1459999978542328,185000
2022-01-31,0.1459999978542328,0.1459999978542328,0.1459999978542328,0.1459999978542328,0
2022-02-03,0.1459999978542328,0.1459999978542328,0.1459999978542328,0.1459999978542328,0
2022-02-04,0.1459999978542328,0.1459999978542328,0.1459999978542328,0.1459999978542328,0
2022-02-07,0.1459999978542328,0.1459999978542328,0.1459999978542328,0.1459999978542328,0
2022-02-08,0.1459999978542328,0.1459999978542328,0.1459999978542328,0.1459999978542328,0
2022-02-09,0.1469999998807907,0.1490000039339065,0.1469999998807907,0.1490000039339065,95000
2022-02-10,0.1490000039339065,0.1490000039339065,0.1490000039339065,0.1490000039339065,0
2022-02-11,0.1490000039339065,0.1490000039339065,0.1490000039339065,0.1490000039339065,0
2022-02-14,0.1500000059604644,0.1509999930858612,0.1500000059604644,0.1509999930858612,50000
2022-02-15,0.1509999930858612,0.1509999930858612,0.1509999930858612,0.1509999930858612,0
2022-02-16,0.1519999951124191,0.152999997138977,0.1519999951124191,0.152999997138977,60300
2022-02-17,0.152999997138977,0.152999997138977,0.152999997138977,0.152999997138977,0
2022-02-18,0.152999997138977,0.152999997138977,0.152999997138977,0.152999997138977,0
2022-02-21,0.1539999991655349,0.1550000011920929,0.1539999991655349,0.1550000011920929,40000
2022-02-22,0.1550000011920929,0.1550000011920929,0.1550000011920929,0.1550000011920929,0
2022-02-23,0.1550000011920929,0.1560000032186508,0.1550000011920929,0.1560000032186508,60000
2022-02-24,0.1560000032186508,0.1560000032186508,0.1560000032186508,0.1560000032186508,0
2022-02-25,0.1560000032186508,0.1560000032186508,0.1560000032186508,0.1560000032186508,0
2022-02-28,0.1560000032186508,0.1560000032186508,0.1560000032186508,0.1560000032186508,0
2022-03-01,0.1560000032186508,0.1560000032186508,0.1560000032186508,0.1560000032186508,0
2022-03-02,0.1560000032186508,0.1560000032186508,0.1560000032186508,0.1560000032186508,0
2022-03-03,0.1560000032186508,0.1560000032186508,0.1560000032186508,0.1560000032186508,0
2022-03-04,0.1560000032186508,0.1560000032186508,0.1560000032186508,0.1560000032186508,0
2022-03-07,0.1560000032186508,0.1560000032186508,0.1560000032186508,0.1560000032186508,0
2022-03-08,0.1560000032186508,0.1560000032186508,0.1560000032186508,0.1560000032186508,0
2022-03-09,0.1560000032186508,0.1560000032186508,0.1560000032186508,0.1560000032186508,0
2022-03-10,0.1560000032186508,0.1560000032186508,0.1560000032186508,0.1560000032186508,0
2022-03-11,0.1560000032186508,0.1560000032186508,0.1560000032186508,0.1560000032186508,0
2022-03-14,0.1560000032186508,0.1560000032186508,0.1560000032186508,0.1560000032186508,0
2022-03-15,0.1560000032186508,0.1560000032186508,0.1560000032186508,0.1560000032186508,0
2022-03-16,0.1560000032186508,0.1560000032186508,0.1560000032186508,0.1560000032186508,0
2022-03-17,0.1560000032186508,0.1560000032186508,0.1560000032186508,0.1560000032186508,0
2022-03-18,0.1560000032186508,0.1560000032186508,0.1560000032186508,0.1560000032186508,0
2022-03-21,0.1560000032186508,0.1560000032186508,0.1560000032186508,0.1560000032186508,0
2022-03-22,0.1560000032186508,0.1560000032186508,0.1560000032186508,0.1560000032186508,0
2022-03-23,0.1560000032186508,0.1560000032186508,0.1560000032186508,0.1560000032186508,0
2022-03-24,0.1560000032186508,0.1560000032186508,0.1560000032186508,0.1560000032186508,0
2022-03-25,0.1560000032186508,0.1560000032186508,0.1560000032186508,0.1560000032186508,0
2022-03-28,0.1800000071525573,0.1800000071525573,0.1790000051259994,0.1790000051259994,500
2022-03-29,0.1790000051259994,0.1790000051259994,0.1790000051259994,0.1790000051259994,0
2022-03-30,0.1790000051259994,0.1790000051259994,0.1790000051259994,0.1790000051259994,0
2022-03-31,0.1790000051259994,0.1790000051259994,0.1790000051259994,0.1790000051259994,0
2022-04-01,0.1790000051259994,0.1790000051259994,0.1790000051259994,0.1790000051259994,0
2022-04-04,0.1790000051259994,0.1790000051259994,0.1790000051259994,0.1790000051259994,0
2022-04-05,0.1790000051259994,0.1790000051259994,0.1790000051259994,0.1790000051259994,0
2022-04-06,0.1790000051259994,0.1790000051259994,0.1790000051259994,0.1790000051259994,0
2022-04-07,0.1790000051259994,0.1790000051259994,0.1790000051259994,0.1790000051259994,0
2022-04-08,0.1790000051259994,0.1790000051259994,0.1790000051259994,0.1790000051259994,0
2022-04-11,0.1790000051259994,0.1790000051259994,0.1790000051259994,0.1790000051259994,0
2022-04-12,0.1790000051259994,0.1790000051259994,0.1790000051259994,0.1790000051259994,0
2022-04-13,0.1790000051259994,0.1790000051259994,0.1790000051259994,0.1790000051259994,0
2022-04-14,0.1790000051259994,0.1790000051259994,0.1790000051259994,0.1790000051259994,0
2022-04-18,0.1790000051259994,0.1790000051259994,0.1790000051259994,0.1790000051259994,0
2022-04-19,0.1790000051259994,0.1790000051259994,0.1790000051259994,0.1790000051259994,0
2022-04-20,0.1790000051259994,0.1790000051259994,0.1790000051259994,0.1790000051259994,0
2022-04-21,0.1790000051259994,0.1790000051259994,0.1790000051259994,0.1790000051259994,0
2022-04-22,0.1790000051259994,0.1790000051259994,0.1790000051259994,0.1790000051259994,0
2022-04-25,0.1790000051259994,0.1790000051259994,0.1790000051259994,0.1790000051259994,0
2022-04-26,0.1790000051259994,0.1790000051259994,0.1790000051259994,0.1790000051259994,0
2022-04-27,0.1790000051259994,0.1790000051259994,0.1790000051259994,0.1790000051259994,0
2022-04-28,0.1790000051259994,0.1790000051259994,0.1790000051259994,0.1790000051259994,0
2022-04-29,0.1790000051259994,0.1790000051259994,0.1790000051259994,0.1790000051259994,0
2022-05-04,0.1790000051259994,0.1790000051259994,0.1790000051259994,0.1790000051259994,0
2022-05-05,0.1790000051259994,0.1790000051259994,0.1790000051259994,0.1790000051259994,0
2022-05-06,0.1790000051259994,0.1790000051259994,0.1790000051259994,0.1790000051259994,0
2022-05-09,0.1790000051259994,0.1790000051259994,0.1790000051259994,0.1790000051259994,0
2022-05-10,0.1790000051259994,0.1790000051259994,0.1790000051259994,0.1790000051259994,0
2022-05-11,0.1790000051259994,0.1790000051259994,0.1790000051259994,0.1790000051259994,0
2022-05-12,0.1790000051259994,0.1790000051259994,0.1790000051259994,0.1790000051259994,0
2022-05-13,0.1790000051259994,0.1790000051259994,0.1790000051259994,0.1790000051259994,0
2022-05-17,0.1790000051259994,0.1790000051259994,0.1790000051259994,0.1790000051259994,0
2022-05-18,0.1790000051259994,0.1790000051259994,0.1790000051259994,0.1790000051259994,0
2022-05-19,0.1790000051259994,0.1790000051259994,0.1790000051259994,0.1790000051259994,0
2022-05-20,0.1790000051259994,0.1790000051259994,0.1790000051259994,0.1790000051259994,0
2022-05-23,0.1500000059604644,0.1749999970197677,0.1500000059604644,0.1749999970197677,120800
2022-05-24,0.1749999970197677,0.1749999970197677,0.1749999970197677,0.1749999970197677,0
2022-05-25,0.1749999970197677,0.1749999970197677,0.1749999970197677,0.1749999970197677,0
2022-05-26,0.1749999970197677,0.1749999970197677,0.1749999970197677,0.1749999970197677,0
2022-05-27,0.1749999970197677,0.1749999970197677,0.1749999970197677,0.1749999970197677,0
2022-05-30,0.1749999970197677,0.1749999970197677,0.1749999970197677,0.1749999970197677,0
2022-05-31,0.1749999970197677,0.1749999970197677,0.1749999970197677,0.1749999970197677,0
2022-06-01,0.1749999970197677,0.1749999970197677,0.1749999970197677,0.1749999970197677,0
2022-06-02,0.1749999970197677,0.1749999970197677,0.1749999970197677,0.1749999970197677,0
2022-06-03,0.1749999970197677,0.1749999970197677,0.1749999970197677,0.1749999970197677,0
2022-06-06,0.1749999970197677,0.1749999970197677,0.1749999970197677,0.1749999970197677,0
2022-06-07,0.1749999970197677,0.1749999970197677,0.1749999970197677,0.1749999970197677,0
2022-06-08,0.1749999970197677,0.1749999970197677,0.1749999970197677,0.1749999970197677,0
2022-06-09,0.1749999970197677,0.1749999970197677,0.1749999970197677,0.1749999970197677,0
2022-06-10,0.1749999970197677,0.1749999970197677,0.1749999970197677,0.1749999970197677,0
2022-06-13,0.1449999958276748,0.1449999958276748,0.1449999958276748,0.1449999958276748,500
2022-06-14,0.1449999958276748,0.1650000065565109,0.1449999958276748,0.1650000065565109,60000
2022-06-15,0.1599999964237213,0.1599999964237213,0.1580000072717666,0.1580000072717666,22900
2022-06-16,0.1580000072717666,0.1580000072717666,0.1580000072717666,0.1580000072717666,0
2022-06-17,0.1580000072717666,0.1580000072717666,0.1580000072717666,0.1580000072717666,0
2022-06-20,0.1580000072717666,0.1580000072717666,0.1580000072717666,0.1580000072717666,8000
2022-06-21,0.1580000072717666,0.1580000072717666,0.1580000072717666,0.1580000072717666,0
2022-06-22,0.1580000072717666,0.1580000072717666,0.1580000072717666,0.1580000072717666,0
2022-06-23,0.1580000072717666,0.1580000072717666,0.1580000072717666,0.1580000072717666,0
2022-06-24,0.1580000072717666,0.1580000072717666,0.1580000072717666,0.1580000072717666,0
2022-06-27,0.1580000072717666,0.1580000072717666,0.1580000072717666,0.1580000072717666,0
2022-06-28,0.1580000072717666,0.1580000072717666,0.1580000072717666,0.1580000072717666,0
2022-06-29,0.1580000072717666,0.1580000072717666,0.1580000072717666,0.1580000072717666,0
2022-06-30,0.1580000072717666,0.1580000072717666,0.1580000072717666,0.1580000072717666,0
2022-07-01,0.1580000072717666,0.1580000072717666,0.1580000072717666,0.1580000072717666,0
2022-07-04,0.1580000072717666,0.1580000072717666,0.1580000072717666,0.1580000072717666,0
2022-07-05,0.1580000072717666,0.1580000072717666,0.1580000072717666,0.1580000072717666,0
2022-07-06,0.1580000072717666,0.1580000072717666,0.1580000072717666,0.1580000072717666,0
2022-07-07,0.1580000072717666,0.1580000072717666,0.1580000072717666,0.1580000072717666,0
2022-07-08,0.1580000072717666,0.1580000072717666,0.1580000072717666,0.1580000072717666,0
2022-07-12,0.1580000072717666,0.1580000072717666,0.1580000072717666,0.1580000072717666,0
2022-07-13,0.1580000072717666,0.1580000072717666,0.1580000072717666,0.1580000072717666,0
2022-07-14,0.1580000072717666,0.1580000072717666,0.1580000072717666,0.1580000072717666,0
2022-07-15,0.1580000072717666,0.1580000072717666,0.1580000072717666,0.1580000072717666,0
2022-07-18,0.1580000072717666,0.1580000072717666,0.1580000072717666,0.1580000072717666,0
2022-07-19,0.1580000072717666,0.1580000072717666,0.1580000072717666,0.1580000072717666,0
2022-07-20,0.1580000072717666,0.1580000072717666,0.1580000072717666,0.1580000072717666,0
2022-07-21,0.1580000072717666,0.1580000072717666,0.1580000072717666,0.1580000072717666,0
2022-07-22,0.1580000072717666,0.1580000072717666,0.1580000072717666,0.1580000072717666,0
2022-07-25,0.1580000072717666,0.1580000072717666,0.1580000072717666,0.1580000072717666,0
2022-07-26,0.1580000072717666,0.1580000072717666,0.1580000072717666,0.1580000072717666,0
2022-07-27,0.1580000072717666,0.1580000072717666,0.1580000072717666,0.1580000072717666,0
2022-07-28,0.1580000072717666,0.1580000072717666,0.1580000072717666,0.1580000072717666,0
2022-07-29,0.1580000072717666,0.1580000072717666,0.1580000072717666,0.1580000072717666,0
2022-08-01,0.1580000072717666,0.1580000072717666,0.1580000072717666,0.1580000072717666,0
2022-08-02,0.1580000072717666,0.1580000072717666,0.1580000072717666,0.1580000072717666,0
2022-08-03,0.1580000072717666,0.1580000072717666,0.1580000072717666,0.1580000072717666,0
2022-08-04,0.1580000072717666,0.1580000072717666,0.1580000072717666,0.1580000072717666,0
2022-08-05,0.1580000072717666,0.1580000072717666,0.1580000072717666,0.1580000072717666,0
2022-08-08,0.1580000072717666,0.1580000072717666,0.1580000072717666,0.1580000072717666,0
2022-08-10,0.1580000072717666,0.1580000072717666,0.1580000072717666,0.1580000072717666,0
2022-08-11,0.1580000072717666,0.1580000072717666,0.1580000072717666,0.1580000072717666,0
2022-08-12,0.1580000072717666,0.1580000072717666,0.1580000072717666,0.1580000072717666,0
2022-08-15,0.1580000072717666,0.1580000072717666,0.1580000072717666,0.1580000072717666,0
2022-08-16,0.1580000072717666,0.1580000072717666,0.1580000072717666,0.1580000072717666,0
2022-08-17,0.1580000072717666,0.1580000072717666,0.1580000072717666,0.1580000072717666,0
2022-08-18,0.1580000072717666,0.1580000072717666,0.1580000072717666,0.1580000072717666,0
2022-08-19,0.1280000060796737,0.1550000011920929,0.1169999986886978,0.1550000011920929,48400
2022-08-22,0.1550000011920929,0.1550000011920929,0.1550000011920929,0.1550000011920929,0
2022-08-23,0.1550000011920929,0.1550000011920929,0.1550000011920929,0.1550000011920929,0
2022-08-24,0.1550000011920929,0.1550000011920929,0.1550000011920929,0.1550000011920929,0
2022-08-25,0.1550000011920929,0.1550000011920929,0.1550000011920929,0.1550000011920929,0
2022-08-26,0.1550000011920929,0.1550000011920929,0.1550000011920929,0.1550000011920929,0
2022-08-29,0.1550000011920929,0.1550000011920929,0.1550000011920929,0.1550000011920929,0
2022-08-30,0.1550000011920929,0.1550000011920929,0.1550000011920929,0.1550000011920929,0
2022-08-31,0.1550000011920929,0.1550000011920929,0.1550000011920929,0.1550000011920929,0
2022-09-01,0.1550000011920929,0.1550000011920929,0.1550000011920929,0.1550000011920929,0
2022-09-02,0.1500000059604644,0.1550000011920929,0.1500000059604644,0.1550000011920929,11300
2022-09-05,0.1550000011920929,0.1550000011920929,0.1550000011920929,0.1550000011920929,0
2022-09-06,0.1550000011920929,0.1550000011920929,0.1550000011920929,0.1550000011920929,0
2022-09-07,0.1550000011920929,0.1550000011920929,0.1550000011920929,0.1550000011920929,300
2022-09-08,0.1550000011920929,0.1550000011920929,0.1550000011920929,0.1550000011920929,700
2022-09-09,0.1550000011920929,0.1550000011920929,0.1550000011920929,0.1550000011920929,0
2022-09-12,0.1580000072717666,0.1580000072717666,0.1550000011920929,0.1550000011920929,101200
2022-09-13,0.1580000072717666,0.1580000072717666,0.1580000072717666,0.1580000072717666,61400
2022-09-14,0.1580000072717666,0.1580000072717666,0.1580000072717666,0.1580000072717666,0
2022-09-15,0.1580000072717666,0.1580000072717666,0.1580000072717666,0.1580000072717666,0
2022-09-16,0.1580000072717666,0.1580000072717666,0.1580000072717666,0.1580000072717666,0
2022-09-19,0.1580000072717666,0.1580000072717666,0.1580000072717666,0.1580000072717666,0
2022-09-20,0.1580000072717666,0.1580000072717666,0.1580000072717666,0.1580000072717666,0
2022-09-21,0.1580000072717666,0.1580000072717666,0.1580000072717666,0.1580000072717666,0
2022-09-22,0.1580000072717666,0.1580000072717666,0.1580000072717666,0.1580000072717666,0
2022-09-23,0.1550000011920929,0.1550000011920929,0.1289999932050705,0.1550000011920929,52900
2022-09-26,0.1580000072717666,0.1580000072717666,0.1580000072717666,0.1580000072717666,300
2022-09-27,0.1580000072717666,0.1580000072717666,0.1580000072717666,0.1580000072717666,0
2022-09-28,0.1609999984502792,0.1609999984502792,0.1609999984502792,0.1609999984502792,800
2022-09-29,0.1609999984502792,0.1609999984502792,0.1550000011920929,0.1609999984502792,80500
2022-09-30,0.1609999984502792,0.1609999984502792,0.1609999984502792,0.1609999984502792,0
2022-10-03,0.1609999984502792,0.1609999984502792,0.1609999984502792,0.1609999984502792,0
2022-10-04,0.1609999984502792,0.1609999984502792,0.1609999984502792,0.1609999984502792,0
2022-10-05,0.1609999984502792,0.1609999984502792,0.1609999984502792,0.1609999984502792,0
2022-10-06,0.1609999984502792,0.1609999984502792,0.1609999984502792,0.1609999984502792,0
2022-10-07,0.1609999984502792,0.1609999984502792,0.1609999984502792,0.1609999984502792,0
2022-10-10,0.1609999984502792,0.1609999984502792,0.1609999984502792,0.1609999984502792,0
2022-10-11,0.1589999943971634,0.163000002503395,0.1589999943971634,0.163000002503395,35500
2022-10-12,0.163000002503395,0.163000002503395,0.163000002503395,0.163000002503395,0
2022-10-13,0.1650000065565109,0.1650000065565109,0.1650000065565109,0.1650000065565109,10000
2022-10-14,0.1669999957084655,0.1669999957084655,0.1669999957084655,0.1669999957084655,5000
2022-10-17,0.1669999957084655,0.1669999957084655,0.1669999957084655,0.1669999957084655,0
2022-10-18,0.1669999957084655,0.1669999957084655,0.1669999957084655,0.1669999957084655,0
2022-10-19,0.1669999957084655,0.1669999957084655,0.1669999957084655,0.1669999957084655,0
2022-10-20,0.1669999957084655,0.1669999957084655,0.1669999957084655,0.1669999957084655,0
2022-10-21,0.1669999957084655,0.1669999957084655,0.1669999957084655,0.1669999957084655,0
2022-10-25,0.1669999957084655,0.1669999957084655,0.1669999957084655,0.1669999957084655,0
2022-10-26,0.1669999957084655,0.1669999957084655,0.1669999957084655,0.1669999957084655,0
2022-10-27,0.1669999957084655,0.1669999957084655,0.1669999957084655,0.1669999957084655,0
2022-10-28,0.1669999957084655,0.1669999957084655,0.1669999957084655,0.1669999957084655,0
2022-10-31,0.1669999957084655,0.1669999957084655,0.1669999957084655,0.1669999957084655,0
2022-11-01,0.1669999957084655,0.1669999957084655,0.1669999957084655,0.1669999957084655,0
2022-11-02,0.1669999957084655,0.1669999957084655,0.1669999957084655,0.1669999957084655,0
2022-11-03,0.1669999957084655,0.1669999957084655,0.1669999957084655,0.1669999957084655,0
2022-11-04,0.1669999957084655,0.1669999957084655,0.1669999957084655,0.1669999957084655,0
2022-11-07,0.1669999957084655,0.1669999957084655,0.1669999957084655,0.1669999957084655,0
2022-11-08,0.1650000065565109,0.1650000065565109,0.1650000065565109,0.1650000065565109,65000
2022-11-09,0.1650000065565109,0.1650000065565109,0.1650000065565109,0.1650000065565109,35300
2022-11-10,0.1650000065565109,0.1650000065565109,0.1650000065565109,0.1650000065565109,0
2022-11-11,0.1650000065565109,0.1650000065565109,0.1650000065565109,0.1650000065565109,0
2022-11-14,0.1650000065565109,0.1650000065565109,0.1650000065565109,0.1650000065565109,0
2022-11-15,0.1650000065565109,0.1650000065565109,0.1650000065565109,0.1650000065565109,0
2022-11-16,0.1650000065565109,0.1650000065565109,0.1650000065565109,0.1650000065565109,0
2022-11-17,0.1650000065565109,0.1650000065565109,0.1650000065565109,0.1650000065565109,0
2022-11-18,0.1650000065565109,0.1650000065565109,0.1650000065565109,0.1650000065565109,0
2022-11-21,0.1650000065565109,0.1650000065565109,0.1650000065565109,0.1650000065565109,0
2022-11-22,0.1650000065565109,0.1650000065565109,0.1650000065565109,0.1650000065565109,0
2022-11-23,0.1650000065565109,0.1650000065565109,0.1650000065565109,0.1650000065565109,32700
2022-11-24,0.1650000065565109,0.1650000065565109,0.1650000065565109,0.1650000065565109,0
2022-11-25,0.1650000065565109,0.1650000065565109,0.1650000065565109,0.1650000065565109,0
2022-11-28,0.1650000065565109,0.1650000065565109,0.1650000065565109,0.1650000065565109,10000
2022-11-29,0.1650000065565109,0.1650000065565109,0.1650000065565109,0.1650000065565109,0
2022-11-30,0.1650000065565109,0.1650000065565109,0.1650000065565109,0.1650000065565109,0
2022-12-01,0.1650000065565109,0.1650000065565109,0.1650000065565109,0.1650000065565109,0
2022-12-02,0.1650000065565109,0.1650000065565109,0.1650000065565109,0.1650000065565109,0
2022-12-05,0.1650000065565109,0.1650000065565109,0.1650000065565109,0.1650000065565109,300
2022-12-06,0.1650000065565109,0.1650000065565109,0.1650000065565109,0.1650000065565109,0
2022-12-07,0.1650000065565109,0.1650000065565109,0.1650000065565109,0.1650000065565109,0
2022-12-08,0.1650000065565109,0.1650000065565109,0.1650000065565109,0.1650000065565109,0
2022-12-09,0.1650000065565109,0.1650000065565109,0.1650000065565109,0.1650000065565109,0
2022-12-12,0.1650000065565109,0.1650000065565109,0.1650000065565109,0.1650000065565109,0
2022-12-13,0.1650000065565109,0.1650000065565109,0.1650000065565109,0.1650000065565109,0
2022-12-14,0.1650000065565109,0.1650000065565109,0.1650000065565109,0.1650000065565109,0
2022-12-15,0.1650000065565109,0.1650000065565109,0.1650000065565109,0.1650000065565109,0
2022-12-16,0.1650000065565109,0.1650000065565109,0.1650000065565109,0.1650000065565109,0
2022-12-19,0.1650000065565109,0.1650000065565109,0.1650000065565109,0.1650000065565109,0
2022-12-20,0.1650000065565109,0.1650000065565109,0.1650000065565109,0.1650000065565109,0
2022-12-21,0.1650000065565109,0.1650000065565109,0.1650000065565109,0.1650000065565109,0
2022-12-22,0.1650000065565109,0.1650000065565109,0.1650000065565109,0.1650000065565109,0
2022-12-23,0.1650000065565109,0.1650000065565109,0.1650000065565109,0.1650000065565109,0
2022-12-27,0.1650000065565109,0.1650000065565109,0.1650000065565109,0.1650000065565109,0
2022-12-28,0.1650000065565109,0.1650000065565109,0.1650000065565109,0.1650000065565109,0
2022-12-29,0.1650000065565109,0.1650000065565109,0.1650000065565109,0.1650000065565109,0
2022-12-30,0.1650000065565109,0.1650000065565109,0.1650000065565109,0.1650000065565109,0
2023-01-03,0.1650000065565109,0.1650000065565109,0.1650000065565109,0.1650000065565109,0
2023-01-04,0.1650000065565109,0.1650000065565109,0.1650000065565109,0.1650000065565109,0
2023-01-05,0.1650000065565109,0.1650000065565109,0.1650000065565109,0.1650000065565109,0
2023-01-06,0.1650000065565109,0.1650000065565109,0.1650000065565109,0.1650000065565109,0
2023-01-09,0.1650000065565109,0.1650000065565109,0.1650000065565109,0.1650000065565109,0
2023-01-10,0.1650000065565109,0.1650000065565109,0.1650000065565109,0.1650000065565109,0
2023-01-11,0.1650000065565109,0.1650000065565109,0.1650000065565109,0.1650000065565109,0
2023-01-12,0.1650000065565109,0.1650000065565109,0.1650000065565109,0.1650000065565109,0
2023-01-13,0.1650000065565109,0.1650000065565109,0.1650000065565109,0.1650000065565109,0
2023-01-16,0.1650000065565109,0.1650000065565109,0.1650000065565109,0.1650000065565109,0
2023-01-17,0.1650000065565109,0.1650000065565109,0.1650000065565109,0.1650000065565109,0
2023-01-18,0.1650000065565109,0.1650000065565109,0.1650000065565109,0.1650000065565109,0
2023-01-19,0.1650000065565109,0.1650000065565109,0.1650000065565109,0.1650000065565109,0
2023-01-20,0.1650000065565109,0.1650000065565109,0.1650000065565109,0.1650000065565109,0
2023-01-25,0.1650000065565109,0.1650000065565109,0.1650000065565109,0.1650000065565109,0
2023-01-26,0.1650000065565109,0.1650000065565109,0.1650000065565109,0.1650000065565109,0
2023-01-27,0.1650000065565109,0.1650000065565109,0.1650000065565109,0.1650000065565109,0
2023-01-30,0.1650000065565109,0.1650000065565109,0.1650000065565109,0.1650000065565109,0
2023-01-31,0.1650000065565109,0.1650000065565109,0.1650000065565109,0.1650000065565109,0
2023-02-01,0.1650000065565109,0.1650000065565109,0.1650000065565109,0.1650000065565109,0
2023-02-02,0.1650000065565109,0.1650000065565109,0.1650000065565109,0.1650000065565109,0
2023-02-03,0.1650000065565109,0.1650000065565109,0.1650000065565109,0.1650000065565109,0
2023-02-06,0.1650000065565109,0.1650000065565109,0.1650000065565109,0.1650000065565109,0
2023-02-07,0.1650000065565109,0.1650000065565109,0.1650000065565109,0.1650000065565109,0
2023-02-08,0.1650000065565109,0.1650000065565109,0.1650000065565109,0.1650000065565109,0
2023-02-09,0.1650000065565109,0.1650000065565109,0.1650000065565109,0.1650000065565109,0
2023-02-10,0.1650000065565109,0.1650000065565109,0.1650000065565109,0.1650000065565109,0
2023-02-13,0.1650000065565109,0.1650000065565109,0.1650000065565109,0.1650000065565109,0
2023-02-14,0.1650000065565109,0.1650000065565109,0.1650000065565109,0.1650000065565109,0
2023-02-15,0.1650000065565109,0.1650000065565109,0.1650000065565109,0.1650000065565109,0
2023-02-16,0.1650000065565109,0.1650000065565109,0.1650000065565109,0.1650000065565109,0
2023-02-17,0.1650000065565109,0.1650000065565109,0.1650000065565109,0.1650000065565109,0
2023-02-20,0.1650000065565109,0.1650000065565109,0.1650000065565109,0.1650000065565109,0
2023-02-21,0.1650000065565109,0.1650000065565109,0.1650000065565109,0.1650000065565109,0
2023-02-22,0.1650000065565109,0.1650000065565109,0.1650000065565109,0.1650000065565109,0
2023-02-23,0.1650000065565109,0.1650000065565109,0.1650000065565109,0.1650000065565109,0
2023-02-24,0.1650000065565109,0.1650000065565109,0.1650000065565109,0.1650000065565109,0
2023-02-27,0.1650000065565109,0.1650000065565109,0.1650000065565109,0.1650000065565109,0
2023-02-28,0.1650000065565109,0.1650000065565109,0.1650000065565109,0.1650000065565109,0
2023-03-01,0.1650000065565109,0.1650000065565109,0.1650000065565109,0.1650000065565109,0
2023-03-02,0.1650000065565109,0.1650000065565109,0.1650000065565109,0.1650000065565109,0
2023-03-03,0.1650000065565109,0.1650000065565109,0.1650000065565109,0.1650000065565109,0
2023-03-06,0.1650000065565109,0.1650000065565109,0.1650000065565109,0.1650000065565109,600
2023-03-07,0.1650000065565109,0.1650000065565109,0.1650000065565109,0.1650000065565109,0
2023-03-08,0.1650000065565109,0.1650000065565109,0.1650000065565109,0.1650000065565109,0
2023-03-09,0.1650000065565109,0.1650000065565109,0.1650000065565109,0.1650000065565109,0
2023-03-10,0.1650000065565109,0.1650000065565109,0.1650000065565109,0.1650000065565109,0
2023-03-13,0.1650000065565109,0.1650000065565109,0.1650000065565109,0.1650000065565109,0
2023-03-14,0.1650000065565109,0.1650000065565109,0.1650000065565109,0.1650000065565109,0
2023-03-15,0.1650000065565109,0.1650000065565109,0.1650000065565109,0.1650000065565109,0
2023-03-16,0.1650000065565109,0.1650000065565109,0.1650000065565109,0.1650000065565109,0
2023-03-17,0.1650000065565109,0.1650000065565109,0.1650000065565109,0.1650000065565109,0
2023-03-20,0.1650000065565109,0.1650000065565109,0.1650000065565109,0.1650000065565109,0
2023-03-21,0.1650000065565109,0.1650000065565109,0.1650000065565109,0.1650000065565109,0
2023-03-22,0.1650000065565109,0.1650000065565109,0.1650000065565109,0.1650000065565109,0
2023-03-23,0.1650000065565109,0.1650000065565109,0.1650000065565109,0.1650000065565109,0
2023-03-24,0.1650000065565109,0.1650000065565109,0.1650000065565109,0.1650000065565109,0
2023-03-27,0.1650000065565109,0.1650000065565109,0.1650000065565109,0.1650000065565109,0
2023-03-28,0.1650000065565109,0.1650000065565109,0.1650000065565109,0.1650000065565109,0
2023-03-29,0.1650000065565109,0.1650000065565109,0.1650000065565109,0.1650000065565109,0
2023-03-30,0.1650000065565109,0.1650000065565109,0.1650000065565109,0.1650000065565109,0
2023-03-31,0.1650000065565109,0.1650000065565109,0.1650000065565109,0.1650000065565109,0
2023-04-03,0.1650000065565109,0.1650000065565109,0.1650000065565109,0.1650000065565109,0
2023-04-04,0.1650000065565109,0.1650000065565109,0.1650000065565109,0.1650000065565109,0
2023-04-05,0.1650000065565109,0.1650000065565109,0.1650000065565109,0.1650000065565109,0
2023-04-06,0.1650000065565109,0.1650000065565109,0.1650000065565109,0.1650000065565109,0
2023-04-10,0.1650000065565109,0.1650000065565109,0.1650000065565109,0.1650000065565109,0
2023-04-11,0.1650000065565109,0.1650000065565109,0.1650000065565109,0.1650000065565109,0
2023-04-12,0.1650000065565109,0.1650000065565109,0.1650000065565109,0.1650000065565109,0
2023-04-13,0.1650000065565109,0.1650000065565109,0.1650000065565109,0.1650000065565109,0
2023-04-14,0.1650000065565109,0.1650000065565109,0.1650000065565109,0.1650000065565109,0
2023-04-17,0.1650000065565109,0.1650000065565109,0.1650000065565109,0.1650000065565109,0
2023-04-18,0.1650000065565109,0.1650000065565109,0.1650000065565109,0.1650000065565109,0
2023-04-19,0.1650000065565109,0.1650000065565109,0.1650000065565109,0.1650000065565109,0
2023-04-20,0.1650000065565109,0.1650000065565109,0.1650000065565109,0.1650000065565109,0
2023-04-21,0.1650000065565109,0.1650000065565109,0.1650000065565109,0.1650000065565109,0
2023-04-24,0.1650000065565109,0.1650000065565109,0.1650000065565109,0.1650000065565109,0
2023-04-25,0.1650000065565109,0.1650000065565109,0.1650000065565109,0.1650000065565109,0
2023-04-26,0.1650000065565109,0.1650000065565109,0.1650000065565109,0.1650000065565109,0
2023-04-27,0.1650000065565109,0.1650000065565109,0.1650000065565109,0.1650000065565109,13500
2023-04-28,0.1650000065565109,0.1650000065565109,0.1650000065565109,0.1650000065565109,0
2023-05-02,0.1650000065565109,0.1650000065565109,0.1650000065565109,0.1650000065565109,0
2023-05-03,0.1650000065565109,0.1650000065565109,0.1650000065565109,0.1650000065565109,0
2023-05-04,0.1650000065565109,0.1650000065565109,0.1650000065565109,0.1650000065565109,0
2023-05-05,0.1650000065565109,0.1650000065565109,0.1650000065565109,0.1650000065565109,0
2023-05-08,0.1650000065565109,0.1650000065565109,0.1650000065565109,0.1650000065565109,0
2023-05-09,0.1650000065565109,0.1650000065565109,0.1650000065565109,0.1650000065565109,100
2023-05-10,0.1650000065565109,0.1650000065565109,0.1650000065565109,0.1650000065565109,0
2023-05-11,0.1650000065565109,0.1650000065565109,0.1650000065565109,0.1650000065565109,0
2023-05-12,0.1650000065565109,0.1650000065565109,0.1650000065565109,0.1650000065565109,0
2023-05-15,0.1650000065565109,0.1650000065565109,0.1650000065565109,0.1650000065565109,0
2023-05-16,0.1650000065565109,0.1650000065565109,0.1650000065565109,0.1650000065565109,0
2023-05-17,0.1650000065565109,0.1650000065565109,0.1650000065565109,0.1650000065565109,0
2023-05-18,0.1650000065565109,0.1650000065565109,0.1650000065565109,0.1650000065565109,0
2023-05-19,0.1650000065565109,0.1650000065565109,0.1650000065565109,0.1650000065565109,0
2023-05-22,0.1650000065565109,0.1650000065565109,0.1650000065565109,0.1650000065565109,0
2023-05-23,0.1650000065565109,0.1650000065565109,0.1650000065565109,0.1650000065565109,0
2023-05-24,0.1650000065565109,0.1650000065565109,0.1650000065565109,0.1650000065565109,0
2023-05-25,0.1650000065565109,0.1650000065565109,0.1650000065565109,0.1650000065565109,0
2023-05-26,0.1650000065565109,0.1650000065565109,0.1650000065565109,0.1650000065565109,0
2023-05-29,0.1650000065565109,0.1650000065565109,0.1650000065565109,0.1650000065565109,0
2023-05-30,0.1650000065565109,0.1650000065565109,0.1650000065565109,0.1650000065565109,0
2023-05-31,0.1650000065565109,0.1650000065565109,0.1650000065565109,0.1650000065565109,0
2023-06-01,0.1650000065565109,0.1650000065565109,0.1650000065565109,0.1650000065565109,0
2023-06-05,0.1650000065565109,0.1650000065565109,0.1650000065565109,0.1650000065565109,0
2023-06-06,0.1650000065565109,0.1650000065565109,0.1650000065565109,0.1650000065565109,0
2023-06-07,0.1650000065565109,0.1650000065565109,0.1650000065565109,0.1650000065565109,0
2023-06-08,0.1650000065565109,0.1650000065565109,0.1650000065565109,0.1650000065565109,0
2023-06-09,0.1650000065565109,0.1650000065565109,0.1650000065565109,0.1650000065565109,0
2023-06-12,0.1650000065565109,0.1650000065565109,0.1650000065565109,0.1650000065565109,0
2023-06-13,0.1650000065565109,0.1650000065565109,0.1650000065565109,0.1650000065565109,0
2023-06-14,0.1650000065565109,0.1650000065565109,0.1650000065565109,0.1650000065565109,0
2023-06-15,0.1650000065565109,0.1650000065565109,0.1650000065565109,0.1650000065565109,0
2023-06-16,0.1650000065565109,0.1650000065565109,0.1650000065565109,0.1650000065565109,0
2023-06-19,0.1650000065565109,0.1650000065565109,0.1650000065565109,0.1650000065565109,0
2023-06-20,0.1650000065565109,0.1650000065565109,0.1650000065565109,0.1650000065565109,0
2023-06-21,0.1650000065565109,0.1650000065565109,0.1650000065565109,0.1650000065565109,0
2023-06-22,0.1650000065565109,0.1650000065565109,0.1650000065565109,0.1650000065565109,0
2023-06-23,0.1650000065565109,0.1650000065565109,0.1650000065565109,0.1650000065565109,0
2023-06-26,0.1650000065565109,0.1650000065565109,0.1650000065565109,0.1650000065565109,0
2023-06-27,0.1650000065565109,0.1650000065565109,0.1650000065565109,0.1650000065565109,0
2023-06-28,0.1650000065565109,0.1650000065565109,0.1650000065565109,0.1650000065565109,0
2023-06-30,0.1650000065565109,0.1650000065565109,0.1650000065565109,0.1650000065565109,0
2023-07-03,0.1650000065565109,0.1650000065565109,0.1650000065565109,0.1650000065565109,0
2023-07-04,0.1650000065565109,0.1650000065565109,0.1650000065565109,0.1650000065565109,0
2023-07-05,0.1650000065565109,0.1650000065565109,0.1650000065565109,0.1650000065565109,0
2023-07-06,0.1650000065565109,0.1650000065565109,0.1650000065565109,0.1650000065565109,0
2023-07-07,0.1650000065565109,0.1650000065565109,0.1650000065565109,0.1650000065565109,5000
2023-07-10,0.1650000065565109,0.1650000065565109,0.1650000065565109,0.1650000065565109,0
2023-07-11,0.1650000065565109,0.1650000065565109,0.1650000065565109,0.1650000065565109,0
2023-07-12,0.1650000065565109,0.1650000065565109,0.1650000065565109,0.1650000065565109,0
2023-07-13,0.1650000065565109,0.1650000065565109,0.1650000065565109,0.1650000065565109,0
2023-07-14,0.1650000065565109,0.1650000065565109,0.1650000065565109,0.1650000065565109,0
2023-07-17,0.1650000065565109,0.1650000065565109,0.1650000065565109,0.1650000065565109,0
2023-07-18,0.1650000065565109,0.1700000017881393,0.1650000065565109,0.1700000017881393,10100
2023-07-19,0.1650000065565109,0.1700000017881393,0.1650000065565109,0.1700000017881393,20200
2023-07-20,0.1700000017881393,0.1700000017881393,0.1700000017881393,0.1700000017881393,0
2023-07-21,0.1700000017881393,0.1700000017881393,0.1700000017881393,0.1700000017881393,0
2023-07-24,0.1700000017881393,0.1700000017881393,0.1700000017881393,0.1700000017881393,0
2023-07-25,0.1700000017881393,0.1700000017881393,0.1700000017881393,0.1700000017881393,0
2023-07-26,0.1700000017881393,0.1700000017881393,0.1700000017881393,0.1700000017881393,0
2023-07-27,0.1700000017881393,0.1700000017881393,0.1700000017881393,0.1700000017881393,0
2023-07-28,0.1700000017881393,0.1700000017881393,0.1700000017881393,0.1700000017881393,0
2023-07-31,0.1700000017881393,0.1700000017881393,0.1700000017881393,0.1700000017881393,0
2023-08-01,0.1700000017881393,0.1700000017881393,0.1700000017881393,0.1700000017881393,0
2023-08-02,0.1650000065565109,0.1650000065565109,0.1650000065565109,0.1650000065565109,8800
2023-08-03,0.1650000065565109,0.1650000065565109,0.1650000065565109,0.1650000065565109,6200
2023-08-04,0.1650000065565109,0.1650000065565109,0.1650000065565109,0.1650000065565109,0
2023-08-07,0.1650000065565109,0.1650000065565109,0.1650000065565109,0.1650000065565109,0
2023-08-08,0.1650000065565109,0.1650000065565109,0.1650000065565109,0.1650000065565109,0
2023-08-10,0.1650000065565109,0.1650000065565109,0.1650000065565109,0.1650000065565109,0
2023-08-11,0.1650000065565109,0.1650000065565109,0.1650000065565109,0.1650000065565109,0
2023-08-14,0.1650000065565109,0.1650000065565109,0.1650000065565109,0.1650000065565109,0
2023-08-15,0.1650000065565109,0.1650000065565109,0.1650000065565109,0.1650000065565109,0
2023-08-16,0.1650000065565109,0.1650000065565109,0.1650000065565109,0.1650000065565109,0
2023-08-17,0.1650000065565109,0.1650000065565109,0.1650000065565109,0.1650000065565109,0
2023-08-18,0.1650000065565109,0.1650000065565109,0.1650000065565109,0.1650000065565109,0
2023-08-21,0.1650000065565109,0.1650000065565109,0.1650000065565109,0.1650000065565109,0
2023-08-22,0.1650000065565109,0.1650000065565109,0.1650000065565109,0.1650000065565109,0
2023-08-23,0.1650000065565109,0.1650000065565109,0.1650000065565109,0.1650000065565109,0
2023-08-24,0.1650000065565109,0.1650000065565109,0.1650000065565109,0.1650000065565109,0
2023-08-25,0.1650000065565109,0.1650000065565109,0.1650000065565109,0.1650000065565109,0
2023-08-28,0.1650000065565109,0.1650000065565109,0.1650000065565109,0.1650000065565109,0
2023-08-29,0.1669999957084655,0.1669999957084655,0.1650000065565109,0.1650000065565109,6000
2023-08-30,0.1650000065565109,0.1650000065565109,0.1650000065565109,0.1650000065565109,0
2023-08-31,0.1650000065565109,0.1650000065565109,0.1650000065565109,0.1650000065565109,0
2023-09-04,0.1650000065565109,0.1650000065565109,0.1650000065565109,0.1650000065565109,0
2023-09-05,0.1650000065565109,0.1650000065565109,0.1650000065565109,0.1650000065565109,0
2023-09-06,0.1650000065565109,0.1650000065565109,0.1650000065565109,0.1650000065565109,0
2023-09-07,0.1650000065565109,0.1650000065565109,0.1650000065565109,0.1650000065565109,0
2023-09-08,0.1650000065565109,0.1650000065565109,0.1650000065565109,0.1650000065565109,0
2023-09-11,0.1650000065565109,0.1650000065565109,0.1650000065565109,0.1650000065565109,0
2023-09-12,0.1650000065565109,0.1650000065565109,0.1650000065565109,0.1650000065565109,0
2023-09-13,0.1650000065565109,0.1650000065565109,0.1650000065565109,0.1650000065565109,0
2023-09-14,0.1650000065565109,0.1650000065565109,0.1650000065565109,0.1650000065565109,0
2023-09-15,0.1650000065565109,0.1650000065565109,0.1650000065565109,0.1650000065565109,0
2023-09-18,0.1650000065565109,0.1650000065565109,0.1650000065565109,0.1650000065565109,0
2023-09-19,0.1650000065565109,0.1650000065565109,0.1650000065565109,0.1650000065565109,0
2023-09-20,0.1650000065565109,0.1650000065565109,0.1650000065565109,0.1650000065565109,0
2023-09-21,0.1650000065565109,0.1650000065565109,0.1650000065565109,0.1650000065565109,0
2023-09-22,0.1650000065565109,0.1650000065565109,0.1650000065565109,0.1650000065565109,0
2023-09-25,0.1650000065565109,0.1650000065565109,0.1650000065565109,0.1650000065565109,0
2023-09-26,0.1650000065565109,0.1650000065565109,0.1650000065565109,0.1650000065565109,0
2023-09-27,0.1650000065565109,0.1650000065565109,0.1650000065565109,0.1650000065565109,0
2023-09-28,0.1650000065565109,0.1650000065565109,0.1650000065565109,0.1650000065565109,0
2023-09-29,0.1650000065565109,0.1650000065565109,0.1650000065565109,0.1650000065565109,0
2023-10-02,0.1650000065565109,0.1650000065565109,0.1650000065565109,0.1650000065565109,0
2023-10-03,0.1650000065565109,0.1650000065565109,0.1650000065565109,0.1650000065565109,0
2023-10-04,0.1650000065565109,0.1650000065565109,0.1650000065565109,0.1650000065565109,0
2023-10-05,0.1650000065565109,0.1650000065565109,0.1650000065565109,0.1650000065565109,0
2023-10-06,0.1650000065565109,0.1650000065565109,0.1650000065565109,0.1650000065565109,0
2023-10-09,0.1650000065565109,0.1650000065565109,0.1650000065565109,0.1650000065565109,0
2023-10-10,0.1650000065565109,0.1650000065565109,0.1650000065565109,0.1650000065565109,0
2023-10-11,0.1650000065565109,0.1650000065565109,0.1650000065565109,0.1650000065565109,0
2023-10-12,0.1650000065565109,0.1650000065565109,0.1650000065565109,0.1650000065565109,0
2023-10-13,0.1650000065565109,0.1650000065565109,0.1650000065565109,0.1650000065565109,10000
2023-10-16,0.1650000065565109,0.1650000065565109,0.1650000065565109,0.1650000065565109,0
2023-10-17,0.1650000065565109,0.1650000065565109,0.1650000065565109,0.1650000065565109,10000
2023-10-18,0.1650000065565109,0.1650000065565109,0.1650000065565109,0.1650000065565109,0
2023-10-19,0.1650000065565109,0.1650000065565109,0.1650000065565109,0.1650000065565109,0
2023-10-20,0.1650000065565109,0.1650000065565109,0.1650000065565109,0.1650000065565109,0
2023-10-23,0.1650000065565109,0.1650000065565109,0.1650000065565109,0.1650000065565109,0
2023-10-24,0.1650000065565109,0.1650000065565109,0.1650000065565109,0.1650000065565109,0
2023-10-25,0.1650000065565109,0.1650000065565109,0.1650000065565109,0.1650000065565109,0
2023-10-26,0.1650000065565109,0.1650000065565109,0.1650000065565109,0.1650000065565109,0
2023-10-27,0.1650000065565109,0.1650000065565109,0.1650000065565109,0.1650000065565109,0
2023-10-30,0.1650000065565109,0.1650000065565109,0.1650000065565109,0.1650000065565109,0
2023-10-31,0.1650000065565109,0.1650000065565109,0.1650000065565109,0.1650000065565109,0
2023-11-01,0.1650000065565109,0.1650000065565109,0.1650000065565109,0.1650000065565109,0
2023-11-02,0.1650000065565109,0.1650000065565109,0.1650000065565109,0.1650000065565109,0
2023-11-03,0.1650000065565109,0.1650000065565109,0.1650000065565109,0.1650000065565109,0
2023-11-06,0.1650000065565109,0.1650000065565109,0.1650000065565109,0.1650000065565109,0
2023-11-07,0.1650000065565109,0.1650000065565109,0.1650000065565109,0.1650000065565109,0
2023-11-08,0.1650000065565109,0.1650000065565109,0.1650000065565109,0.1650000065565109,0
2023-11-09,0.1650000065565109,0.1650000065565109,0.1650000065565109,0.1650000065565109,0
2023-11-10,0.1650000065565109,0.1650000065565109,0.1650000065565109,0.1650000065565109,0
2023-11-14,0.1650000065565109,0.1650000065565109,0.1650000065565109,0.1650000065565109,0
2023-11-15,0.1650000065565109,0.1650000065565109,0.1650000065565109,0.1650000065565109,0
2023-11-16,0.1650000065565109,0.1650000065565109,0.1650000065565109,0.1650000065565109,6800
2023-11-17,0.1650000065565109,0.1650000065565109,0.1650000065565109,0.1650000065565109,0
2023-11-20,0.1679999977350235,0.1679999977350235,0.1679999977350235,0.1679999977350235,2000
2023-11-21,0.1679999977350235,0.1679999977350235,0.1679999977350235,0.1679999977350235,0
2023-11-22,0.1679999977350235,0.1679999977350235,0.1679999977350235,0.1679999977350235,0
2023-11-23,0.1679999977350235,0.1679999977350235,0.1679999977350235,0.1679999977350235,0
2023-11-24,0.1679999977350235,0.1679999977350235,0.1679999977350235,0.1679999977350235,0
2023-11-27,0.1679999977350235,0.1679999977350235,0.1679999977350235,0.1679999977350235,0
2023-11-28,0.1679999977350235,0.1679999977350235,0.1679999977350235,0.1679999977350235,0
2023-11-29,0.1679999977350235,0.1679999977350235,0.1679999977350235,0.1679999977350235,0
2023-11-30,0.1679999977350235,0.1679999977350235,0.1679999977350235,0.1679999977350235,0
2023-12-01,0.1679999977350235,0.1679999977350235,0.1679999977350235,0.1679999977350235,0
2023-12-04,0.1679999977350235,0.1679999977350235,0.1679999977350235,0.1679999977350235,0
2023-12-05,0.1679999977350235,0.1679999977350235,0.1679999977350235,0.1679999977350235,0
2023-12-06,0.1679999977350235,0.1679999977350235,0.1679999977350235,0.1679999977350235,0
2023-12-07,0.1679999977350235,0.1679999977350235,0.1679999977350235,0.1679999977350235,0
2023-12-08,0.1679999977350235,0.1679999977350235,0.1679999977350235,0.1679999977350235,0
2023-12-11,0.1679999977350235,0.1679999977350235,0.1679999977350235,0.1679999977350235,0
2023-12-12,0.1650000065565109,0.1650000065565109,0.1650000065565109,0.1650000065565109,2000
2023-12-13,0.1679999977350235,0.1679999977350235,0.1679999977350235,0.1679999977350235,1700
2023-12-14,0.1650000065565109,0.1679999977350235,0.1650000065565109,0.1679999977350235,6700
2023-12-15,0.1679999977350235,0.1679999977350235,0.1679999977350235,0.1679999977350235,0
2023-12-18,0.1679999977350235,0.1679999977350235,0.1679999977350235,0.1679999977350235,0
2023-12-19,0.1679999977350235,0.1679999977350235,0.1679999977350235,0.1679999977350235,0
2023-12-20,0.1679999977350235,0.1679999977350235,0.1679999977350235,0.1679999977350235,0
2023-12-21,0.1679999977350235,0.1679999977350235,0.1679999977350235,0.1679999977350235,0
2023-12-22,0.1679999977350235,0.1679999977350235,0.1679999977350235,0.1679999977350235,0
2023-12-26,0.1679999977350235,0.1679999977350235,0.1679999977350235,0.1679999977350235,0
2023-12-27,0.1710000038146972,0.1710000038146972,0.1710000038146972,0.1710000038146972,13400
2023-12-28,0.1700000017881393,0.1700000017881393,0.1700000017881393,0.1700000017881393,20000
2023-12-29,0.1710000038146972,0.1710000038146972,0.1710000038146972,0.1710000038146972,10000
2024-01-02,0.1710000038146972,0.1710000038146972,0.1710000038146972,0.1710000038146972,0
2024-01-03,0.1710000038146972,0.1710000038146972,0.1710000038146972,0.1710000038146972,0
2024-01-04,0.1710000038146972,0.1710000038146972,0.1710000038146972,0.1710000038146972,0
2024-01-05,0.1710000038146972,0.1710000038146972,0.1710000038146972,0.1710000038146972,0
2024-01-08,0.1710000038146972,0.1710000038146972,0.1710000038146972,0.1710000038146972,0
2024-01-09,0.1710000038146972,0.1710000038146972,0.1710000038146972,0.1710000038146972,0
2024-01-10,0.1729999929666519,0.1749999970197677,0.1729999929666519,0.1749999970197677,71900
2024-01-11,0.1749999970197677,0.1749999970197677,0.1749999970197677,0.1749999970197677,0
2024-01-12,0.1749999970197677,0.1749999970197677,0.1749999970197677,0.1749999970197677,0
2024-01-15,0.1749999970197677,0.1749999970197677,0.1749999970197677,0.1749999970197677,0
2024-01-16,0.1749999970197677,0.1749999970197677,0.1749999970197677,0.1749999970197677,0
2024-01-17,0.1749999970197677,0.1749999970197677,0.1749999970197677,0.1749999970197677,0
2024-01-18,0.1749999970197677,0.1749999970197677,0.1749999970197677,0.1749999970197677,0
2024-01-19,0.1749999970197677,0.1749999970197677,0.1749999970197677,0.1749999970197677,0
2024-01-22,0.1749999970197677,0.1749999970197677,0.1749999970197677,0.1749999970197677,0
2024-01-23,0.1749999970197677,0.1749999970197677,0.1749999970197677,0.1749999970197677,0
2024-01-24,0.1749999970197677,0.1749999970197677,0.1749999970197677,0.1749999970197677,0
2024-01-25,0.1749999970197677,0.1749999970197677,0.1749999970197677,0.1749999970197677,0
2024-01-26,0.1749999970197677,0.1749999970197677,0.1749999970197677,0.1749999970197677,0
2024-01-29,0.1749999970197677,0.1749999970197677,0.1749999970197677,0.1749999970197677,0
2024-01-30,0.1749999970197677,0.1749999970197677,0.1749999970197677,0.1749999970197677,0
2024-01-31,0.1749999970197677,0.1749999970197677,0.1749999970197677,0.1749999970197677,20000
2024-02-01,0.1749999970197677,0.1749999970197677,0.1749999970197677,0.1749999970197677,0
2024-02-02,0.1749999970197677,0.1749999970197677,0.1749999970197677,0.1749999970197677,0
2024-02-05,0.1749999970197677,0.1749999970197677,0.1749999970197677,0.1749999970197677,0
2024-02-06,0.1749999970197677,0.1749999970197677,0.1749999970197677,0.1749999970197677,0
2024-02-07,0.1770000010728836,0.1770000010728836,0.1770000010728836,0.1770000010728836,20000
2024-02-08,0.1770000010728836,0.1770000010728836,0.1770000010728836,0.1770000010728836,25000
2024-02-09,0.1770000010728836,0.1770000010728836,0.1770000010728836,0.1770000010728836,0
2024-02-13,0.1770000010728836,0.1770000010728836,0.1770000010728836,0.1770000010728836,0
2024-02-14,0.1770000010728836,0.1770000010728836,0.1770000010728836,0.1770000010728836,0
2024-02-15,0.1749999970197677,0.1749999970197677,0.1749999970197677,0.1749999970197677,10000
2024-02-16,0.1749999970197677,0.1749999970197677,0.1749999970197677,0.1749999970197677,0
2024-02-19,0.1749999970197677,0.1749999970197677,0.1749999970197677,0.1749999970197677,0
2024-02-20,0.1749999970197677,0.1749999970197677,0.1749999970197677,0.1749999970197677,0
2024-02-21,0.1749999970197677,0.1749999970197677,0.1749999970197677,0.1749999970197677,0
2024-02-22,0.1759999990463256,0.1759999990463256,0.1759999990463256,0.1759999990463256,5600
2024-02-23,0.1759999990463256,0.1759999990463256,0.1759999990463256,0.1759999990463256,0
2024-02-26,0.1759999990463256,0.1759999990463256,0.1759999990463256,0.1759999990463256,0
2024-02-27,0.1759999990463256,0.1759999990463256,0.1759999990463256,0.1759999990463256,0
2024-02-28,0.1759999990463256,0.1759999990463256,0.1759999990463256,0.1759999990463256,0
2024-02-29,0.1759999990463256,0.1759999990463256,0.1759999990463256,0.1759999990463256,0
2024-03-01,0.1759999990463256,0.1759999990463256,0.1759999990463256,0.1759999990463256,0
2024-03-04,0.1759999990463256,0.1759999990463256,0.1759999990463256,0.1759999990463256,0
2024-03-05,0.1759999990463256,0.1759999990463256,0.1759999990463256,0.1759999990463256,0
2024-03-06,0.1759999990463256,0.1759999990463256,0.1759999990463256,0.1759999990463256,0
2024-03-07,0.1759999990463256,0.1759999990463256,0.1759999990463256,0.1759999990463256,0
2024-03-08,0.1759999990463256,0.1759999990463256,0.1759999990463256,0.1759999990463256,0
2024-03-11,0.1759999990463256,0.1759999990463256,0.1759999990463256,0.1759999990463256,0
2024-03-12,0.1759999990463256,0.1759999990463256,0.1759999990463256,0.1759999990463256,0
2024-03-13,0.1759999990463256,0.1759999990463256,0.1759999990463256,0.1759999990463256,0
2024-03-14,0.1759999990463256,0.1759999990463256,0.1759999990463256,0.1759999990463256,0
2024-03-15,0.1759999990463256,0.1759999990463256,0.1759999990463256,0.1759999990463256,0
2024-03-18,0.1749999970197677,0.1749999970197677,0.1749999970197677,0.1749999970197677,5000
2024-03-19,0.1749999970197677,0.1749999970197677,0.1749999970197677,0.1749999970197677,0
2024-03-20,0.1749999970197677,0.1749999970197677,0.1749999970197677,0.1749999970197677,0
2024-03-21,0.1749999970197677,0.1749999970197677,0.1749999970197677,0.1749999970197677,0
2024-03-22,0.1749999970197677,0.1749999970197677,0.1749999970197677,0.1749999970197677,0
2024-03-25,0.1749999970197677,0.1749999970197677,0.1749999970197677,0.1749999970197677,0
2024-03-26,0.1749999970197677,0.1749999970197677,0.1749999970197677,0.1749999970197677,0
2024-03-27,0.1749999970197677,0.1749999970197677,0.1749999970197677,0.1749999970197677,0
2024-03-28,0.1749999970197677,0.1749999970197677,0.1749999970197677,0.1749999970197677,0
2024-04-01,0.1749999970197677,0.1749999970197677,0.1749999970197677,0.1749999970197677,0
2024-04-02,0.1749999970197677,0.1749999970197677,0.1749999970197677,0.1749999970197677,0
2024-04-03,0.1749999970197677,0.1759999990463256,0.1729999929666519,0.1729999929666519,106300
2024-04-04,0.1650000065565109,0.1679999977350235,0.1650000065565109,0.1679999977350235,344200
2024-04-05,0.1679999977350235,0.1679999977350235,0.1650000065565109,0.1679999977350235,434200
2024-04-08,0.1650000065565109,0.1650000065565109,0.1650000065565109,0.1650000065565109,245800
2024-04-09,0.1650000065565109,0.1650000065565109,0.1650000065565109,0.1650000065565109,525500
2024-04-11,0.1650000065565109,0.1679999977350235,0.1650000065565109,0.1679999977350235,370000
2024-04-12,0.1669999957084655,0.1700000017881393,0.1669999957084655,0.1700000017881393,107900
2024-04-15,0.1700000017881393,0.1700000017881393,0.1700000017881393,0.1700000017881393,160000
2024-04-16,0.1720000058412552,0.1720000058412552,0.1700000017881393,0.1700000017881393,532900
2024-04-17,0.1700000017881393,0.1700000017881393,0.1700000017881393,0.1700000017881393,230000
2024-04-18,0.1710000038146972,0.1710000038146972,0.1700000017881393,0.1700000017881393,33200
2024-04-19,0.1700000017881393,0.1700000017881393,0.1700000017881393,0.1700000017881393,0
2024-04-22,0.1700000017881393,0.1700000017881393,0.1679999977350235,0.1679999977350235,70000
2024-04-23,0.1679999977350235,0.1679999977350235,0.1679999977350235,0.1679999977350235,0
2024-04-24,0.1679999977350235,0.1689999997615814,0.1679999977350235,0.1689999997615814,61100
2024-04-25,0.1700000017881393,0.1700000017881393,0.1700000017881393,0.1700000017881393,30000
2024-04-26,0.1700000017881393,0.1700000017881393,0.1700000017881393,0.1700000017881393,0
2024-04-29,0.1700000017881393,0.1700000017881393,0.1700000017881393,0.1700000017881393,0
2024-04-30,0.1700000017881393,0.1700000017881393,0.1700000017881393,0.1700000017881393,0
2024-05-02,0.1700000017881393,0.1700000017881393,0.1700000017881393,0.1700000017881393,0
2024-05-03,0.1700000017881393,0.1700000017881393,0.1700000017881393,0.1700000017881393,0
2024-05-06,0.1720000058412552,0.1720000058412552,0.1720000058412552,0.1720000058412552,5000
2024-05-07,0.1720000058412552,0.1720000058412552,0.1720000058412552,0.1720000058412552,0
2024-05-08,0.1720000058412552,0.1720000058412552,0.1720000058412552,0.1720000058412552,0
2024-05-09,0.1720000058412552,0.1720000058412552,0.1720000058412552,0.1720000058412552,0
2024-05-10,0.1720000058412552,0.1720000058412552,0.1720000058412552,0.1720000058412552,0
2024-05-13,0.1720000058412552,0.1720000058412552,0.1720000058412552,0.1720000058412552,0
2024-05-14,0.1749999970197677,0.1749999970197677,0.1749999970197677,0.1749999970197677,20000
2024-05-15,0.1749999970197677,0.1749999970197677,0.1749999970197677,0.1749999970197677,60000
2024-05-16,0.1749999970197677,0.1749999970197677,0.1749999970197677,0.1749999970197677,0
2024-05-17,0.1749999970197677,0.1749999970197677,0.1749999970197677,0.1749999970197677,0
2024-05-20,0.1749999970197677,0.1749999970197677,0.1749999970197677,0.1749999970197677,0
2024-05-21,0.1700000017881393,0.1749999970197677,0.1700000017881393,0.1749999970197677,61100
2024-05-23,0.1749999970197677,0.1749999970197677,0.1749999970197677,0.1749999970197677,0
2024-05-24,0.1749999970197677,0.1749999970197677,0.1749999970197677,0.1749999970197677,0
2024-05-27,0.1749999970197677,0.1749999970197677,0.1749999970197677,0.1749999970197677,0
2024-05-28,0.1749999970197677,0.1749999970197677,0.1749999970197677,0.1749999970197677,0
2024-05-29,0.1749999970197677,0.1749999970197677,0.1749999970197677,0.1749999970197677,0
2024-05-30,0.1749999970197677,0.1749999970197677,0.1749999970197677,0.1749999970197677,0
2024-05-31,0.1749999970197677,0.1749999970197677,0.1749999970197677,0.1749999970197677,0
2024-06-03,0.1749999970197677,0.1749999970197677,0.1749999970197677,0.1749999970197677,0
2024-06-04,0.1749999970197677,0.1749999970197677,0.1749999970197677,0.1749999970197677,0
2024-06-05,0.1749999970197677,0.1749999970197677,0.1749999970197677,0.1749999970197677,0
2024-06-06,0.1749999970197677,0.1749999970197677,0.1749999970197677,0.1749999970197677,0
2024-06-07,0.1720000058412552,0.1759999990463256,0.1700000017881393,0.1759999990463256,15000
2024-06-10,0.1759999990463256,0.1759999990463256,0.1759999990463256,0.1759999990463256,0
2024-06-11,0.1759999990463256,0.1759999990463256,0.1759999990463256,0.1759999990463256,0
2024-06-12,0.1759999990463256,0.1759999990463256,0.1759999990463256,0.1759999990463256,0
2024-06-13,0.1759999990463256,0.1759999990463256,0.1759999990463256,0.1759999990463256,0
2024-06-14,0.1759999990463256,0.1759999990463256,0.1739999949932098,0.1739999949932098,15000
2024-06-18,0.1739999949932098,0.1739999949932098,0.1739999949932098,0.1739999949932098,0
2024-06-19,0.1739999949932098,0.1739999949932098,0.1739999949932098,0.1739999949932098,0
2024-06-20,0.1749999970197677,0.1749999970197677,0.1739999949932098,0.1739999949932098,35000
2024-06-21,0.1749999970197677,0.1749999970197677,0.1749999970197677,0.1749999970197677,5000
2024-06-24,0.1749999970197677,0.1749999970197677,0.1749999970197677,0.1749999970197677,0
2024-06-25,0.1749999970197677,0.1749999970197677,0.1749999970197677,0.1749999970197677,0
2024-06-26,0.1749999970197677,0.1749999970197677,0.1749999970197677,0.1749999970197677,0
2024-06-27,0.1759999990463256,0.1759999990463256,0.1759999990463256,0.1759999990463256,5000
2024-06-28,0.1759999990463256,0.1759999990463256,0.1759999990463256,0.1759999990463256,0
2024-07-01,0.1759999990463256,0.1759999990463256,0.1759999990463256,0.1759999990463256,0
2024-07-02,0.1759999990463256,0.1759999990463256,0.1759999990463256,0.1759999990463256,0
2024-07-03,0.1759999990463256,0.1759999990463256,0.1759999990463256,0.1759999990463256,0
2024-07-04,0.1759999990463256,0.1759999990463256,0.1759999990463256,0.1759999990463256,0
2024-07-05,0.1759999990463256,0.1759999990463256,0.1759999990463256,0.1759999990463256,0
2024-07-08,0.1770000010728836,0.1770000010728836,0.1770000010728836,0.1770000010728836,5000
2024-07-09,0.1770000010728836,0.1770000010728836,0.1770000010728836,0.1770000010728836,0
2024-07-10,0.1770000010728836,0.1770000010728836,0.1770000010728836,0.1770000010728836,0
2024-07-11,0.1770000010728836,0.1770000010728836,0.1770000010728836,0.1770000010728836,0
2024-07-12,0.1770000010728836,0.1770000010728836,0.1770000010728836,0.1770000010728836,0
2024-07-15,0.1770000010728836,0.1770000010728836,0.1770000010728836,0.1770000010728836,0
2024-07-16,0.1770000010728836,0.1770000010728836,0.1770000010728836,0.1770000010728836,0
2024-07-17,0.1770000010728836,0.1770000010728836,0.1770000010728836,0.1770000010728836,0
2024-07-18,0.1729999929666519,0.1729999929666519,0.1720000058412552,0.1720000058412552,14100
2024-07-19,0.1720000058412552,0.1720000058412552,0.1720000058412552,0.1720000058412552,0
2024-07-22,0.1720000058412552,0.1720000058412552,0.1720000058412552,0.1720000058412552,0
2024-07-23,0.1650000065565109,0.1650000065565109,0.164000004529953,0.164000004529953,75700
2024-07-24,0.1609999984502792,0.1609999984502792,0.1599999964237213,0.1599999964237213,42300
2024-07-25,0.1790000051259994,0.1790000051259994,0.1790000051259994,0.1790000051259994,1300
2024-07-26,0.1790000051259994,0.1790000051259994,0.1790000051259994,0.1790000051259994,0
2024-07-29,0.1790000051259994,0.1790000051259994,0.1790000051259994,0.1790000051259994,0
2024-07-30,0.1790000051259994,0.1790000051259994,0.1790000051259994,0.1790000051259994,0
2024-07-31,0.1790000051259994,0.1790000051259994,0.1790000051259994,0.1790000051259994,0
2024-08-01,0.1790000051259994,0.1790000051259994,0.1790000051259994,0.1790000051259994,0
2024-08-02,0.1790000051259994,0.1790000051259994,0.1790000051259994,0.1790000051259994,0
2024-08-05,0.1790000051259994,0.1790000051259994,0.1790000051259994,0.1790000051259994,0
2024-08-06,0.1790000051259994,0.1790000051259994,0.1790000051259994,0.1790000051259994,0
2024-08-07,0.1790000051259994,0.1790000051259994,0.1790000051259994,0.1790000051259994,0
2024-08-08,0.1790000051259994,0.1790000051259994,0.1790000051259994,0.1790000051259994,0
2024-08-12,0.1729999929666519,0.1729999929666519,0.1729999929666519,0.1729999929666519,20000
2024-08-13,0.1749999970197677,0.1749999970197677,0.1749999970197677,0.1749999970197677,10000
2024-08-14,0.1780000030994415,0.1780000030994415,0.1780000030994415,0.1780000030994415,6500
2024-08-15,0.1780000030994415,0.1780000030994415,0.1780000030994415,0.1780000030994415,3500
2024-08-16,0.1780000030994415,0.1780000030994415,0.1780000030994415,0.1780000030994415,0
2024-08-19,0.1780000030994415,0.1780000030994415,0.1780000030994415,0.1780000030994415,0
2024-08-20,0.1780000030994415,0.1780000030994415,0.1780000030994415,0.1780000030994415,0
2024-08-21,0.1780000030994415,0.1780000030994415,0.1780000030994415,0.1780000030994415,0
2024-08-22,0.1780000030994415,0.1780000030994415,0.1780000030994415,0.1780000030994415,0
2024-08-23,0.1780000030994415,0.1780000030994415,0.1780000030994415,0.1780000030994415,0
2024-08-26,0.1780000030994415,0.1780000030994415,0.1780000030994415,0.1780000030994415,0
2024-08-27,0.1780000030994415,0.1780000030994415,0.1780000030994415,0.1780000030994415,5000
2024-08-28,0.1780000030994415,0.1780000030994415,0.1780000030994415,0.1780000030994415,0
2024-08-29,0.1780000030994415,0.1780000030994415,0.1780000030994415,0.1780000030994415,0
2024-08-30,0.1759999990463256,0.1759999990463256,0.1759999990463256,0.1759999990463256,10000
2024-09-02,0.1759999990463256,0.1759999990463256,0.1759999990463256,0.1759999990463256,0
2024-09-03,0.1739999949932098,0.1739999949932098,0.1480000019073486,0.1480000019073486,30000
2024-09-04,0.1599999964237213,0.1599999964237213,0.1550000011920929,0.1550000011920929,65400
2024-09-05,0.1550000011920929,0.1550000011920929,0.1550000011920929,0.1550000011920929,0
2024-09-06,0.1550000011920929,0.1550000011920929,0.1550000011920929,0.1550000011920929,0
2024-09-09,0.1550000011920929,0.1550000011920929,0.1550000011920929,0.1550000011920929,0
2024-09-10,0.1550000011920929,0.1550000011920929,0.1550000011920929,0.1550000011920929,0
2024-09-11,0.1550000011920929,0.1550000011920929,0.1550000011920929,0.1550000011920929,0
2024-09-12,0.1550000011920929,0.1550000011920929,0.1550000011920929,0.1550000011920929,0
2024-09-13,0.1550000011920929,0.1550000011920929,0.1550000011920929,0.1550000011920929,0
2024-09-16,0.1550000011920929,0.1550000011920929,0.1550000011920929,0.1550000011920929,0
2024-09-17,0.1550000011920929,0.1550000011920929,0.1550000011920929,0.1550000011920929,0
2024-09-18,0.1589999943971634,0.1589999943971634,0.1589999943971634,0.1589999943971634,6100
2024-09-19,0.1589999943971634,0.1589999943971634,0.1589999943971634,0.1589999943971634,0
2024-09-20,0.1589999943971634,0.1589999943971634,0.1589999943971634,0.1589999943971634,0
2024-09-23,0.1589999943971634,0.1589999943971634,0.1589999943971634,0.1589999943971634,0
2024-09-24,0.1589999943971634,0.1589999943971634,0.1589999943971634,0.1589999943971634,0
2024-09-25,0.1589999943971634,0.1589999943971634,0.1589999943971634,0.1589999943971634,0
2024-09-26,0.1589999943971634,0.1589999943971634,0.1589999943971634,0.1589999943971634,0
2024-09-27,0.1589999943971634,0.1589999943971634,0.1589999943971634,0.1589999943971634,0
2024-09-30,0.1589999943971634,0.1589999943971634,0.1589999943971634,0.1589999943971634,0
2024-10-01,0.1589999943971634,0.1589999943971634,0.1589999943971634,0.1589999943971634,0
2024-10-02,0.1589999943971634,0.1589999943971634,0.1589999943971634,0.1589999943971634,0
2024-10-03,0.1589999943971634,0.1589999943971634,0.1589999943971634,0.1589999943971634,0
2024-10-04,0.1589999943971634,0.1589999943971634,0.1589999943971634,0.1589999943971634,0
2024-10-07,0.1589999943971634,0.1589999943971634,0.1589999943971634,0.1589999943971634,0
2024-10-08,0.1589999943971634,0.1589999943971634,0.1589999943971634,0.1589999943971634,2900
2024-10-09,0.1589999943971634,0.1589999943971634,0.1589999943971634,0.1589999943971634,0
2024-10-10,0.1589999943971634,0.1589999943971634,0.1589999943971634,0.1589999943971634,0
2024-10-11,0.1580000072717666,0.1580000072717666,0.1580000072717666,0.1580000072717666,7100
2024-10-14,0.1580000072717666,0.1580000072717666,0.1580000072717666,0.1580000072717666,0
2024-10-15,0.1580000072717666,0.1580000072717666,0.1580000072717666,0.1580000072717666,0
2024-10-16,0.1580000072717666,0.1580000072717666,0.1580000072717666,0.1580000072717666,0
2024-10-17,0.1790000051259994,0.1790000051259994,0.1580000072717666,0.1580000072717666,200
2024-10-18,0.1580000072717666,0.1580000072717666,0.1580000072717666,0.1580000072717666,0
2024-10-21,0.1580000072717666,0.1580000072717666,0.1580000072717666,0.1580000072717666,0
2024-10-22,0.1580000072717666,0.1580000072717666,0.1580000072717666,0.1580000072717666,0
2024-10-23,0.1580000072717666,0.1580000072717666,0.1580000072717666,0.1580000072717666,0
2024-10-24,0.1580000072717666,0.1580000072717666,0.1580000072717666,0.1580000072717666,0
2024-10-25,0.1580000072717666,0.1580000072717666,0.1580000072717666,0.1580000072717666,0
2024-10-28,0.1580000072717666,0.1580000072717666,0.1580000072717666,0.1580000072717666,0
2024-10-29,0.1580000072717666,0.1580000072717666,0.1580000072717666,0.1580000072717666,0
2024-10-30,0.1580000072717666,0.1580000072717666,0.1580000072717666,0.1580000072717666,0
2024-11-01,0.1580000072717666,0.1580000072717666,0.1580000072717666,0.1580000072717666,0
2024-11-04,0.1580000072717666,0.1580000072717666,0.1580000072717666,0.1580000072717666,0
2024-11-05,0.1580000072717666,0.1580000072717666,0.1580000072717666,0.1580000072717666,0
2024-11-06,0.1580000072717666,0.1580000072717666,0.1580000072717666,0.1580000072717666,0
2024-11-07,0.1580000072717666,0.1580000072717666,0.1580000072717666,0.1580000072717666,0
2024-11-08,0.1580000072717666,0.1580000072717666,0.1580000072717666,0.1580000072717666,0
2024-11-11,0.1580000072717666,0.1580000072717666,0.1580000072717666,0.1580000072717666,0
2024-11-12,0.1580000072717666,0.1580000072717666,0.1580000072717666,0.1580000072717666,0
2024-11-13,0.1580000072717666,0.1580000072717666,0.1580000072717666,0.1580000072717666,0
2024-11-14,0.1580000072717666,0.1580000072717666,0.1580000072717666,0.1580000072717666,0
2024-11-15,0.1580000072717666,0.1580000072717666,0.1580000072717666,0.1580000072717666,0
2024-11-18,0.1580000072717666,0.1580000072717666,0.1580000072717666,0.1580000072717666,0
2024-11-19,0.1580000072717666,0.1580000072717666,0.1580000072717666,0.1580000072717666,0
2024-11-20,0.1580000072717666,0.1580000072717666,0.1580000072717666,0.1580000072717666,0
2024-11-21,0.1580000072717666,0.1580000072717666,0.1580000072717666,0.1580000072717666,0
2024-11-22,0.1580000072717666,0.1580000072717666,0.1580000072717666,0.1580000072717666,0
2024-11-25,0.1580000072717666,0.1580000072717666,0.1580000072717666,0.1580000072717666,0
2024-11-26,0.1580000072717666,0.1580000072717666,0.1580000072717666,0.1580000072717666,0
2024-11-27,0.1580000072717666,0.1580000072717666,0.1580000072717666,0.1580000072717666,0
2024-11-28,0.1580000072717666,0.1580000072717666,0.1580000072717666,0.1580000072717666,0
2024-11-29,0.1580000072717666,0.1580000072717666,0.1580000072717666,0.1580000072717666,0
2024-12-02,0.1580000072717666,0.1580000072717666,0.1580000072717666,0.1580000072717666,0
2024-12-03,0.1609999984502792,0.1609999984502792,0.1609999984502792,0.1609999984502792,11300
2024-12-04,0.1609999984502792,0.1609999984502792,0.1609999984502792,0.1609999984502792,0
2024-12-05,0.1609999984502792,0.1609999984502792,0.1609999984502792,0.1609999984502792,0
2024-12-06,0.1609999984502792,0.1609999984502792,0.1609999984502792,0.1609999984502792,0
2024-12-09,0.1609999984502792,0.1609999984502792,0.1609999984502792,0.1609999984502792,0
2024-12-10,0.1609999984502792,0.1609999984502792,0.1609999984502792,0.1609999984502792,0
2024-12-11,0.1609999984502792,0.1609999984502792,0.1609999984502792,0.1609999984502792,0
2024-12-12,0.1609999984502792,0.1609999984502792,0.1609999984502792,0.1609999984502792,0
2024-12-13,0.1609999984502792,0.1609999984502792,0.1609999984502792,0.1609999984502792,0
2024-12-16,0.1609999984502792,0.1609999984502792,0.1609999984502792,0.1609999984502792,0
2024-12-17,0.1609999984502792,0.1609999984502792,0.1609999984502792,0.1609999984502792,0
2024-12-18,0.1609999984502792,0.1609999984502792,0.1609999984502792,0.1609999984502792,1100
2024-12-19,0.1609999984502792,0.1609999984502792,0.1609999984502792,0.1609999984502792,0
2024-12-20,0.1609999984502792,0.1609999984502792,0.1609999984502792,0.1609999984502792,0
2024-12-23,0.1609999984502792,0.1609999984502792,0.1609999984502792,0.1609999984502792,0
2024-12-24,0.1609999984502792,0.1609999984502792,0.1609999984502792,0.1609999984502792,0
2024-12-26,0.1609999984502792,0.1609999984502792,0.1509999930858612,0.1509999930858612,100000
2024-12-27,0.1509999930858612,0.1509999930858612,0.1509999930858612,0.1509999930858612,0
2024-12-30,0.1509999930858612,0.1509999930858612,0.1509999930858612,0.1509999930858612,0
2024-12-31,0.1509999930858612,0.1509999930858612,0.1509999930858612,0.1509999930858612,0
2025-01-02,0.1509999930858612,0.1509999930858612,0.1509999930858612,0.1509999930858612,0
2025-01-03,0.1560000032186508,0.1560000032186508,0.1560000032186508,0.1560000032186508,10000
2025-01-06,0.1599999964237213,0.1599999964237213,0.1560000032186508,0.1560000032186508,16800
2025-01-07,0.1560000032186508,0.1560000032186508,0.1560000032186508,0.1560000032186508,0
2025-01-08,0.1560000032186508,0.1560000032186508,0.1560000032186508,0.1560000032186508,0
2025-01-09,0.1560000032186508,0.1560000032186508,0.1560000032186508,0.1560000032186508,0
2025-01-10,0.1560000032186508,0.1560000032186508,0.1560000032186508,0.1560000032186508,2200
2025-01-13,0.1560000032186508,0.1560000032186508,0.1560000032186508,0.1560000032186508,0
2025-01-14,0.1560000032186508,0.1560000032186508,0.1560000032186508,0.1560000032186508,0
2025-01-15,0.1560000032186508,0.1560000032186508,0.1560000032186508,0.1560000032186508,0
2025-01-16,0.1560000032186508,0.1560000032186508,0.1560000032186508,0.1560000032186508,0
2025-01-17,0.1560000032186508,0.1560000032186508,0.1560000032186508,0.1560000032186508,0
2025-01-20,0.1560000032186508,0.1560000032186508,0.1560000032186508,0.1560000032186508,1400
2025-01-21,0.1560000032186508,0.1560000032186508,0.1560000032186508,0.1560000032186508,0
2025-01-22,0.1560000032186508,0.1560000032186508,0.1560000032186508,0.1560000032186508,0
2025-01-23,0.1560000032186508,0.1560000032186508,0.1560000032186508,0.1560000032186508,0
2025-01-24,0.1560000032186508,0.1560000032186508,0.1560000032186508,0.1560000032186508,0
2025-01-27,0.1560000032186508,0.1560000032186508,0.1539999991655349,0.1539999991655349,6400
2025-01-28,0.1539999991655349,0.1539999991655349,0.1539999991655349,0.1539999991655349,0
2025-01-31,0.1539999991655349,0.1539999991655349,0.1539999991655349,0.1539999991655349,0
2025-02-03,0.1539999991655349,0.1539999991655349,0.1539999991655349,0.1539999991655349,0
2025-02-04,0.1539999991655349,0.1539999991655349,0.1539999991655349,0.1539999991655349,0
2025-02-05,0.1539999991655349,0.1539999991655349,0.1539999991655349,0.1539999991655349,0
2025-02-06,0.1509999930858612,0.1509999930858612,0.1509999930858612,0.1509999930858612,1400
2025-02-07,0.1509999930858612,0.1509999930858612,0.1509999930858612,0.1509999930858612,0
2025-02-10,0.1509999930858612,0.1509999930858612,0.1509999930858612,0.1509999930858612,0
2025-02-11,0.1509999930858612,0.1509999930858612,0.1509999930858612,0.1509999930858612,0
2025-02-12,0.1509999930858612,0.1509999930858612,0.1509999930858612,0.1509999930858612,0
2025-02-13,0.1509999930858612,0.1509999930858612,0.1509999930858612,0.1509999930858612,0
2025-02-14,0.1509999930858612,0.1509999930858612,0.1509999930858612,0.1509999930858612,0
2025-02-17,0.1509999930858612,0.1509999930858612,0.1509999930858612,0.1509999930858612,0
2025-02-18,0.1509999930858612,0.1509999930858612,0.1509999930858612,0.1509999930858612,0
2025-02-19,0.1509999930858612,0.1509999930858612,0.1509999930858612,0.1509999930858612,0
2025-02-20,0.1509999930858612,0.1509999930858612,0.1509999930858612,0.1509999930858612,0
2025-02-21,0.1509999930858612,0.1509999930858612,0.1509999930858612,0.1509999930858612,0
2025-02-24,0.1509999930858612,0.1509999930858612,0.1509999930858612,0.1509999930858612,0
2025-02-25,0.1509999930858612,0.1509999930858612,0.1509999930858612,0.1509999930858612,0
2025-02-26,0.1509999930858612,0.1509999930858612,0.1509999930858612,0.1509999930858612,0
2025-02-27,0.1509999930858612,0.1509999930858612,0.1509999930858612,0.1509999930858612,0
2025-02-28,0.1509999930858612,0.1509999930858612,0.1509999930858612,0.1509999930858612,0
2025-03-03,0.1509999930858612,0.1509999930858612,0.1509999930858612,0.1509999930858612,0
2025-03-04,0.1509999930858612,0.1509999930858612,0.1509999930858612,0.1509999930858612,0
2025-03-05,0.1509999930858612,0.1509999930858612,0.1509999930858612,0.1509999930858612,0
2025-03-06,0.1509999930858612,0.1509999930858612,0.1509999930858612,0.1509999930858612,0
2025-03-07,0.1509999930858612,0.1509999930858612,0.1509999930858612,0.1509999930858612,0
2025-03-10,0.1509999930858612,0.1509999930858612,0.1509999930858612,0.1509999930858612,0
2025-03-11,0.1509999930858612,0.1509999930858612,0.1509999930858612,0.1509999930858612,0
2025-03-12,0.1509999930858612,0.1509999930858612,0.1509999930858612,0.1509999930858612,0
2025-03-13,0.1509999930858612,0.1509999930858612,0.1509999930858612,0.1509999930858612,0
2025-03-14,0.1509999930858612,0.1509999930858612,0.1509999930858612,0.1509999930858612,0
2025-03-17,0.1509999930858612,0.1509999930858612,0.1509999930858612,0.1509999930858612,0
2025-03-18,0.1509999930858612,0.1509999930858612,0.1509999930858612,0.1509999930858612,0
2025-03-19,0.1509999930858612,0.1509999930858612,0.1509999930858612,0.1509999930858612,0
2025-03-20,0.1509999930858612,0.1509999930858612,0.1509999930858612,0.1509999930858612,0
2025-03-21,0.1509999930858612,0.1509999930858612,0.1509999930858612,0.1509999930858612,0
2025-03-24,0.1509999930858612,0.1509999930858612,0.1509999930858612,0.1509999930858612,0
2025-03-25,0.1509999930858612,0.1509999930858612,0.1509999930858612,0.1509999930858612,0
2025-03-26,0.1509999930858612,0.1509999930858612,0.1509999930858612,0.1509999930858612,0
2025-03-27,0.1509999930858612,0.1509999930858612,0.1509999930858612,0.1509999930858612,0
2025-03-28,0.1509999930858612,0.1509999930858612,0.1509999930858612,0.1509999930858612,0
2025-04-01,0.1509999930858612,0.1509999930858612,0.1509999930858612,0.1509999930858612,0
2025-04-02,0.1509999930858612,0.1509999930858612,0.1509999930858612,0.1509999930858612,0
2025-04-03,0.1509999930858612,0.1509999930858612,0.1509999930858612,0.1509999930858612,0
2025-04-04,0.1509999930858612,0.1509999930858612,0.1509999930858612,0.1509999930858612,0
2025-04-07,0.1509999930858612,0.1509999930858612,0.1509999930858612,0.1509999930858612,0
2025-04-08,0.1509999930858612,0.1509999930858612,0.1509999930858612,0.1509999930858612,0
2025-04-09,0.1509999930858612,0.1509999930858612,0.1509999930858612,0.1509999930858612,0
2025-04-10,0.1509999930858612,0.1509999930858612,0.1509999930858612,0.1509999930858612,0
2025-04-11,0.1509999930858612,0.1509999930858612,0.1509999930858612,0.1509999930858612,0
2025-04-14,0.1509999930858612,0.1509999930858612,0.1509999930858612,0.1509999930858612,0
2025-04-15,0.1509999930858612,0.1509999930858612,0.1509999930858612,0.1509999930858612,0
2025-04-16,0.1509999930858612,0.1509999930858612,0.1509999930858612,0.1509999930858612,0
2025-04-17,0.1509999930858612,0.1509999930858612,0.1509999930858612,0.1509999930858612,0
2025-04-21,0.1509999930858612,0.1509999930858612,0.1509999930858612,0.1509999930858612,0
2025-04-22,0.1509999930858612,0.1509999930858612,0.1509999930858612,0.1509999930858612,0
2025-04-23,0.1509999930858612,0.1509999930858612,0.1509999930858612,0.1509999930858612,0
2025-04-24,0.1509999930858612,0.1509999930858612,0.1509999930858612,0.1509999930858612,0
2025-04-25,0.1509999930858612,0.1509999930858612,0.1509999930858612,0.1509999930858612,0
2025-04-28,0.1509999930858612,0.1509999930858612,0.1509999930858612,0.1509999930858612,0
2025-04-29,0.1509999930858612,0.1509999930858612,0.1509999930858612,0.1509999930858612,0
2025-04-30,0.1509999930858612,0.1509999930858612,0.1509999930858612,0.1509999930858612,0
2025-05-02,0.1509999930858612,0.1509999930858612,0.1509999930858612,0.1509999930858612,0
2025-05-05,0.1509999930858612,0.1509999930858612,0.1509999930858612,0.1509999930858612,0
2025-05-06,0.1099999994039535,0.1500000059604644,0.1049999967217445,0.1490000039339065,48000
2025-05-07,0.1490000039339065,0.1490000039339065,0.1490000039339065,0.1490000039339065,0
2025-05-08,0.1129999980330467,0.1509999930858612,0.1129999980330467,0.1509999930858612,29600
2025-05-09,0.1509999930858612,0.1509999930858612,0.1509999930858612,0.1509999930858612,0
2025-05-13,0.1469999998807907,0.1469999998807907,0.1469999998807907,0.1469999998807907,2000
2025-05-14,0.1480000019073486,0.1480000019073486,0.1480000019073486,0.1480000019073486,1100
2025-05-15,0.1469999998807907,0.1509999930858612,0.1469999998807907,0.1509999930858612,11000
2025-05-16,0.1509999930858612,0.1509999930858612,0.1509999930858612,0.1509999930858612,0
2025-05-19,0.1509999930858612,0.1509999930858612,0.1509999930858612,0.1509999930858612,0
2025-05-20,0.1509999930858612,0.1509999930858612,0.1509999930858612,0.1509999930858612,0
2025-05-21,0.1509999930858612,0.1509999930858612,0.1509999930858612,0.1509999930858612,0
2025-05-22,0.1509999930858612,0.1509999930858612,0.1509999930858612,0.1509999930858612,0
2025-05-23,0.1509999930858612,0.1509999930858612,0.1509999930858612,0.1509999930858612,0
2025-05-26,0.1509999930858612,0.1509999930858612,0.1509999930858612,0.1509999930858612,0
2025-05-27,0.1509999930858612,0.1509999930858612,0.1509999930858612,0.1509999930858612,0
2025-05-28,0.1509999930858612,0.1509999930858612,0.1509999930858612,0.1509999930858612,0
2025-05-29,0.1509999930858612,0.1509999930858612,0.1509999930858612,0.1509999930858612,0
2025-05-30,0.1509999930858612,0.1509999930858612,0.1509999930858612,0.1509999930858612,0
2025-06-02,0.1509999930858612,0.1509999930858612,0.1509999930858612,0.1509999930858612,0
2025-06-03,0.1509999930858612,0.1509999930858612,0.1509999930858612,0.1509999930858612,0
2025-06-04,0.1509999930858612,0.1509999930858612,0.1509999930858612,0.1509999930858612,0
2025-06-05,0.1509999930858612,0.1509999930858612,0.1509999930858612,0.1509999930858612,0
2025-06-06,0.1509999930858612,0.1509999930858612,0.1509999930858612,0.1509999930858612,0
2025-06-09,0.1480000019073486,0.1480000019073486,0.1469999998807907,0.1469999998807907,7600
2025-06-10,0.1469999998807907,0.1469999998807907,0.1469999998807907,0.1469999998807907,0
2025-06-11,0.1469999998807907,0.1469999998807907,0.1469999998807907,0.1469999998807907,0
2025-06-12,0.1469999998807907,0.1469999998807907,0.1469999998807907,0.1469999998807907,0
2025-06-13,0.1469999998807907,0.1469999998807907,0.1469999998807907,0.1469999998807907,0
2025-06-16,0.1469999998807907,0.1469999998807907,0.1469999998807907,0.1469999998807907,0
2025-06-17,0.1469999998807907,0.1469999998807907,0.1469999998807907,0.1469999998807907,0
2025-06-18,0.1469999998807907,0.1469999998807907,0.1469999998807907,0.1469999998807907,0
2025-06-19,0.1469999998807907,0.1469999998807907,0.1469999998807907,0.1469999998807907,0
2025-06-20,0.1469999998807907,0.1469999998807907,0.1469999998807907,0.1469999998807907,0
2025-06-23,0.1469999998807907,0.1469999998807907,0.1469999998807907,0.1469999998807907,0
2025-06-24,0.1469999998807907,0.1469999998807907,0.1469999998807907,0.1469999998807907,0
2025-06-25,0.1469999998807907,0.1469999998807907,0.1469999998807907,0.1469999998807907,0
2025-06-26,0.1469999998807907,0.1469999998807907,0.1469999998807907,0.1469999998807907,0
2025-06-27,0.1469999998807907,0.1469999998807907,0.1469999998807907,0.1469999998807907,0
2025-06-30,0.1469999998807907,0.1469999998807907,0.1469999998807907,0.1469999998807907,0
2025-07-01,0.1469999998807907,0.1469999998807907,0.1469999998807907,0.1469999998807907,0
2025-07-02,0.1469999998807907,0.1469999998807907,0.1469999998807907,0.1469999998807907,0
2025-07-03,0.1469999998807907,0.1469999998807907,0.1469999998807907,0.1469999998807907,0
2025-07-04,0.1469999998807907,0.1469999998807907,0.1469999998807907,0.1469999998807907,0
2025-07-07,0.1469999998807907,0.1469999998807907,0.1469999998807907,0.1469999998807907,0
2025-07-08,0.1469999998807907,0.1469999998807907,0.1469999998807907,0.1469999998807907,0
2025-07-09,0.1469999998807907,0.1469999998807907,0.1469999998807907,0.1469999998807907,0
2025-07-10,0.1469999998807907,0.1469999998807907,0.1469999998807907,0.1469999998807907,0
2025-07-11,0.1469999998807907,0.1469999998807907,0.1469999998807907,0.1469999998807907,0
2025-07-14,0.1469999998807907,0.1469999998807907,0.1469999998807907,0.1469999998807907,0
2025-07-15,0.1469999998807907,0.1469999998807907,0.1469999998807907,0.1469999998807907,0
2025-07-16,0.1469999998807907,0.1469999998807907,0.1469999998807907,0.1469999998807907,0
2025-07-17,0.1469999998807907,0.1469999998807907,0.1469999998807907,0.1469999998807907,0
2025-07-18,0.1469999998807907,0.1469999998807907,0.1469999998807907,0.1469999998807907,0
2025-07-21,0.1469999998807907,0.1469999998807907,0.1469999998807907,0.1469999998807907,0
2025-07-22,0.1469999998807907,0.1469999998807907,0.1469999998807907,0.1469999998807907,0
2025-07-23,0.1469999998807907,0.1469999998807907,0.1469999998807907,0.1469999998807907,0
2025-07-24,0.1469999998807907,0.1469999998807907,0.1469999998807907,0.1469999998807907,0
2025-07-25,0.1469999998807907,0.1469999998807907,0.1469999998807907,0.1469999998807907,0
2025-07-28,0.1599999964237213,0.1599999964237213,0.1599999964237213,0.1599999964237213,99000
2025-07-29,0.1599999964237213,0.1599999964237213,0.1599999964237213,0.1599999964237213,0
2025-07-30,0.1599999964237213,0.1599999964237213,0.1599999964237213,0.1599999964237213,0
2025-07-31,0.1599999964237213,0.1599999964237213,0.1599999964237213,0.1599999964237213,0
2025-08-01,0.1599999964237213,0.1599999964237213,0.1599999964237213,0.1599999964237213,0
2025-08-04,0.1599999964237213,0.1599999964237213,0.1599999964237213,0.1599999964237213,0
2025-08-05,0.1599999964237213,0.1599999964237213,0.1599999964237213,0.1599999964237213,0
2025-08-06,0.1599999964237213,0.1599999964237213,0.1599999964237213,0.1599999964237213,0
2025-08-07,0.1599999964237213,0.1599999964237213,0.1599999964237213,0.1599999964237213,0
2025-08-08,0.1599999964237213,0.1599999964237213,0.1599999964237213,0.1599999964237213,0
2025-08-11,0.1599999964237213,0.1609999984502792,0.1599999964237213,0.1609999984502792,80500
2025-08-12,0.1609999984502792,0.1609999984502792,0.1609999984502792,0.1609999984502792,6800
2025-08-13,0.1679999977350235,0.1679999977350235,0.1469999998807907,0.1500000059604644,129900
2025-08-14,0.1509999930858612,0.1509999930858612,0.1500000059604644,0.1500000059604644,50000
2025-08-15,0.1500000059604644,0.1500000059604644,0.1469999998807907,0.1469999998807907,42900
2025-08-18,0.1469999998807907,0.1469999998807907,0.1469999998807907,0.1469999998807907,17300
2025-08-19,0.1469999998807907,0.1469999998807907,0.1469999998807907,0.1469999998807907,0
2025-08-20,0.1469999998807907,0.1469999998807907,0.1469999998807907,0.1469999998807907,0
2025-08-21,0.1469999998807907,0.1469999998807907,0.1469999998807907,0.1469999998807907,0
2025-08-22,0.1469999998807907,0.1469999998807907,0.1469999998807907,0.1469999998807907,0
2025-08-25,0.1500000059604644,0.1500000059604644,0.1469999998807907,0.1469999998807907,18800
2025-08-26,0.1469999998807907,0.1469999998807907,0.1469999998807907,0.1469999998807907,0
2025-08-27,0.1469999998807907,0.1469999998807907,0.1469999998807907,0.1469999998807907,0
2025-08-28,0.1469999998807907,0.1469999998807907,0.1469999998807907,0.1469999998807907,0
2025-08-29,0.1469999998807907,0.1469999998807907,0.1469999998807907,0.1469999998807907,0
2025-09-01,0.1469999998807907,0.1469999998807907,0.1469999998807907,0.1469999998807907,0
2025-09-02,0.1469999998807907,0.1469999998807907,0.1469999998807907,0.1469999998807907,0
2025-09-03,0.1469999998807907,0.1469999998807907,0.1469999998807907,0.1469999998807907,0
2025-09-04,0.1469999998807907,0.1469999998807907,0.1469999998807907,0.1469999998807907,0
2025-09-05,0.1469999998807907,0.1469999998807907,0.1469999998807907,0.1469999998807907,800
2025-09-08,0.1469999998807907,0.1469999998807907,0.1469999998807907,0.1469999998807907,0
2025-09-09,0.1469999998807907,0.1469999998807907,0.1469999998807907,0.1469999998807907,0
2025-09-10,0.1469999998807907,0.1469999998807907,0.1469999998807907,0.1469999998807907,0
2025-09-11,0.1469999998807907,0.1469999998807907,0.1469999998807907,0.1469999998807907,0
2025-09-12,0.1469999998807907,0.1469999998807907,0.1469999998807907,0.1469999998807907,0
2025-09-15,0.1469999998807907,0.1469999998807907,0.1469999998807907,0.1469999998807907,0
2025-09-16,0.1469999998807907,0.1469999998807907,0.1469999998807907,0.1469999998807907,0
2025-09-17,0.1500000059604644,0.1500000059604644,0.1500000059604644,0.1500000059604644,20000
2025-09-18,0.1500000059604644,0.1500000059604644,0.1500000059604644,0.1500000059604644,0
2025-09-19,0.1500000059604644,0.1500000059604644,0.1500000059604644,0.1500000059604644,0
2025-09-22,0.1500000059604644,0.1500000059604644,0.1500000059604644,0.1500000059604644,0
2025-09-23,0.1500000059604644,0.1500000059604644,0.1500000059604644,0.1500000059604644,20000
2025-09-24,0.1500000059604644,0.1500000059604644,0.1500000059604644,0.1500000059604644,0
2025-09-25,0.1500000059604644,0.1500000059604644,0.1500000059604644,0.1500000059604644,0
2025-09-26,0.1500000059604644,0.1500000059604644,0.1500000059604644,0.1500000059604644,0
2025-09-29,0.1500000059604644,0.1500000059604644,0.1500000059604644,0.1500000059604644,0
2025-09-30,0.1500000059604644,0.1500000059604644,0.1500000059604644,0.1500000059604644,0
2025-10-01,0.1500000059604644,0.1500000059604644,0.1500000059604644,0.1500000059604644,0
2025-10-02,0.1480000019073486,0.1480000019073486,0.1469999998807907,0.1469999998807907,10200
2025-10-03,0.1469999998807907,0.1469999998807907,0.1469999998807907,0.1469999998807907,0
2025-10-06,0.1469999998807907,0.1469999998807907,0.1469999998807907,0.1469999998807907,0
2025-10-07,0.1469999998807907,0.1469999998807907,0.1469999998807907,0.1469999998807907,0
2025-10-08,0.1500000059604644,0.1509999930858612,0.1500000059604644,0.1509999930858612,50600
2025-10-09,0.1509999930858612,0.1509999930858612,0.1509999930858612,0.1509999930858612,0
2025-10-10,0.1509999930858612,0.1599999964237213,0.1500000059604644,0.1599999964237213,161600
2025-10-13,0.1599999964237213,0.1599999964237213,0.1599999964237213,0.1599999964237213,0
2025-10-14,0.1599999964237213,0.1599999964237213,0.1599999964237213,0.1599999964237213,0
2025-10-15,0.1599999964237213,0.1599999964237213,0.1599999964237213,0.1599999964237213,0
2025-10-16,0.1599999964237213,0.1599999964237213,0.1599999964237213,0.1599999964237213,0
2025-10-17,0.1599999964237213,0.1599999964237213,0.1599999964237213,0.1599999964237213,0
2025-10-21,0.1599999964237213,0.1599999964237213,0.1599999964237213,0.1599999964237213,0
2025-10-22,0.1599999964237213,0.1599999964237213,0.1599999964237213,0.1599999964237213,0
2025-10-23,0.1599999964237213,0.1599999964237213,0.1599999964237213,0.1599999964237213,0
2025-10-24,0.1599999964237213,0.1599999964237213,0.1599999964237213,0.1599999964237213,0
2025-10-27,0.1469999998807907,0.1509999930858612,0.1469999998807907,0.1469999998807907,99000
2025-10-28,0.1469999998807907,0.1469999998807907,0.1469999998807907,0.1469999998807907,0
2025-10-29,0.1469999998807907,0.1469999998807907,0.1469999998807907,0.1469999998807907,10000
2025-10-30,0.1469999998807907,0.1469999998807907,0.1469999998807907,0.1469999998807907,0
2025-10-31,0.1469999998807907,0.1469999998807907,0.1469999998807907,0.1469999998807907,0
2025-11-03,0.1469999998807907,0.1469999998807907,0.1469999998807907,0.1469999998807907,0
2025-11-04,0.1469999998807907,0.1469999998807907,0.1469999998807907,0.1469999998807907,0
2025-11-05,0.1469999998807907,0.1469999998807907,0.1469999998807907,0.1469999998807907,0
2025-11-06,0.1469999998807907,0.1469999998807907,0.1469999998807907,0.1469999998807907,0
2025-11-07,0.1469999998807907,0.1469999998807907,0.1469999998807907,0.1469999998807907,0
2025-11-10,0.1469999998807907,0.1469999998807907,0.1469999998807907,0.1469999998807907,0
2025-11-11,0.1469999998807907,0.1469999998807907,0.1469999998807907,0.1469999998807907,0
2025-11-12,0.1469999998807907,0.1469999998807907,0.1469999998807907,0.1469999998807907,0
2025-11-13,0.1469999998807907,0.1469999998807907,0.1469999998807907,0.1469999998807907,0
2025-11-14,0.1469999998807907,0.1469999998807907,0.1469999998807907,0.1469999998807907,0
2025-11-17,0.1469999998807907,0.1469999998807907,0.1469999998807907,0.1469999998807907,0
2025-11-18,0.1469999998807907,0.1469999998807907,0.1469999998807907,0.1469999998807907,0
2025-11-19,0.1400000005960464,0.1400000005960464,0.1400000005960464,0.1400000005960464,1300
2025-11-20,0.1469999998807907,0.1509999930858612,0.1469999998807907,0.1500000059604644,39500
2025-11-21,0.1490000039339065,0.1490000039339065,0.1490000039339065,0.1490000039339065,2000
2025-11-24,0.1490000039339065,0.1490000039339065,0.1490000039339065,0.1490000039339065,0
2025-11-25,0.1490000039339065,0.1490000039339065,0.1490000039339065,0.1490000039339065,0
2025-11-26,0.1490000039339065,0.1490000039339065,0.1490000039339065,0.1490000039339065,0
2025-11-27,0.1490000039339065,0.1490000039339065,0.1490000039339065,0.1490000039339065,0
2025-11-28,0.1490000039339065,0.1490000039339065,0.1490000039339065,0.1490000039339065,0
2025-12-01,0.1490000039339065,0.1490000039339065,0.1490000039339065,0.1490000039339065,0
2025-12-02,0.1490000039339065,0.1490000039339065,0.1490000039339065,0.1490000039339065,0
2025-12-03,0.1490000039339065,0.1490000039339065,0.1490000039339065,0.1490000039339065,0
2025-12-04,0.1490000039339065,0.1490000039339065,0.1490000039339065,0.1490000039339065,0
2025-12-05,0.1420000046491623,0.1420000046491623,0.1420000046491623,0.1420000046491623,7000
2025-12-08,0.1439999938011169,0.1439999938011169,0.1439999938011169,0.1439999938011169,5000
2025-12-09,0.1439999938011169,0.1439999938011169,0.1439999938011169,0.1439999938011169,0
2025-12-10,0.1439999938011169,0.1439999938011169,0.1439999938011169,0.1439999938011169,0
2025-12-11,0.1150000020861625,0.1410000026226043,0.1150000020861625,0.1400000005960464,90000
2025-12-12,0.1299999952316284,0.1400000005960464,0.1190000027418136,0.1400000005960464,121300
2025-12-15,0.1199999973177909,0.1400000005960464,0.1199999973177909,0.135000005364418,131900
2025-12-16,0.1360000073909759,0.1360000073909759,0.1360000073909759,0.1360000073909759,5000
2025-12-17,0.1360000073909759,0.1360000073909759,0.1360000073909759,0.1360000073909759,0
2025-12-18,0.1360000073909759,0.1360000073909759,0.1360000073909759,0.1360000073909759,0
2025-12-19,0.1360000073909759,0.1360000073909759,0.1360000073909759,0.1360000073909759,0
2025-12-22,0.1059999987483024,0.1199999973177909,0.1059999987483024,0.1199999973177909,25300
2025-12-23,0.1199999973177909,0.1199999973177909,0.1199999973177909,0.1199999973177909,0
2025-12-24,0.1199999973177909,0.1199999973177909,0.1199999973177909,0.1199999973177909,0
2025-12-26,0.1199999973177909,0.1199999973177909,0.1199999973177909,0.1199999973177909,0
2025-12-29,0.1199999973177909,0.1199999973177909,0.1199999973177909,0.1199999973177909,0
2025-12-30,0.1199999973177909,0.1199999973177909,0.1199999973177909,0.1199999973177909,0
2025-12-31,0.0939999967813491,0.1199999973177909,0.0939999967813491,0.1190000027418136,59900
2026-01-02,0.1190000027418136,0.1190000027418136,0.1190000027418136,0.1190000027418136,0
2026-01-05,0.1190000027418136,0.1190000027418136,0.1190000027418136,0.1190000027418136,0
2026-01-06,0.1190000027418136,0.1190000027418136,0.1190000027418136,0.1190000027418136,0
2026-01-07,0.0920000001788139,0.1180000007152557,0.0920000001788139,0.1180000007152557,50300
2026-01-08,0.1180000007152557,0.1180000007152557,0.1180000007152557,0.1180000007152557,0
2026-01-09,0.1180000007152557,0.1180000007152557,0.1180000007152557,0.1180000007152557,0
2026-01-12,0.1180000007152557,0.1180000007152557,0.1180000007152557,0.1180000007152557,0
2026-01-13,0.1180000007152557,0.1180000007152557,0.1180000007152557,0.1180000007152557,0
2026-01-14,0.1180000007152557,0.1180000007152557,0.1180000007152557,0.1180000007152557,0
2026-01-15,0.1180000007152557,0.1180000007152557,0.1180000007152557,0.1180000007152557,0
2026-01-16,0.1180000007152557,0.1180000007152557,0.1180000007152557,0.1180000007152557,50000
2026-01-19,0.1180000007152557,0.1180000007152557,0.1180000007152557,0.1180000007152557,0
2026-01-20,0.1180000007152557,0.1180000007152557,0.1180000007152557,0.1180000007152557,0
2026-01-21,0.1230000033974647,0.1230000033974647,0.1169999986886978,0.1169999986886978,20000
2026-01-22,0.1099999994039535,0.1099999994039535,0.1099999994039535,0.1099999994039535,50000
2026-01-23,0.1099999994039535,0.1099999994039535,0.1099999994039535,0.1099999994039535,0
2026-01-26,0.1099999994039535,0.1099999994039535,0.1099999994039535,0.1099999994039535,0
2026-01-27,0.1099999994039535,0.1099999994039535,0.1099999994039535,0.1099999994039535,0
2026-01-28,0.1099999994039535,0.1099999994039535,0.1099999994039535,0.1099999994039535,0
2026-01-29,0.1150000020861625,0.1710000038146972,0.1150000020861625,0.1710000038146972,10700
2026-01-30,0.1710000038146972,0.1710000038146972,0.1710000038146972,0.1710000038146972,0
2026-02-02,0.1710000038146972,0.1710000038146972,0.1710000038146972,0.1710000038146972,0
2026-02-03,0.1710000038146972,0.1710000038146972,0.1710000038146972,0.1710000038146972,0
2026-02-04,0.1710000038146972,0.1710000038146972,0.1710000038146972,0.1710000038146972,0
2026-02-05,0.1710000038146972,0.1710000038146972,0.1710000038146972,0.1710000038146972,0
2026-02-06,0.1710000038146972,0.1710000038146972,0.1710000038146972,0.1710000038146972,0
2026-02-09,0.1710000038146972,0.1710000038146972,0.1710000038146972,0.1710000038146972,0
2026-02-10,0.1710000038146972,0.1710000038146972,0.1710000038146972,0.1710000038146972,0
2026-02-11,0.1710000038146972,0.1710000038146972,0.1710000038146972,0.1710000038146972,0
2026-02-12,0.1710000038146972,0.1710000038146972,0.1710000038146972,0.1710000038146972,0
2026-02-13,0.1710000038146972,0.1710000038146972,0.1710000038146972,0.1710000038146972,0
2026-02-16,0.1710000038146972,0.1710000038146972,0.1710000038146972,0.1710000038146972,0
2026-02-19,0.1710000038146972,0.1710000038146972,0.1710000038146972,0.1710000038146972,0
2026-02-20,0.1710000038146972,0.1710000038146972,0.1710000038146972,0.1710000038146972,0
2026-02-23,0.1710000038146972,0.1710000038146972,0.1710000038146972,0.1710000038146972,0
2026-02-24,0.1710000038146972,0.1710000038146972,0.1710000038146972,0.1710000038146972,0
2026-02-25,0.1710000038146972,0.1710000038146972,0.1710000038146972,0.1710000038146972,0
2026-02-26,0.0890000015497207,0.1710000038146972,0.0890000015497207,0.1700000017881393,21000
2026-02-27,0.1700000017881393,0.1700000017881393,0.1700000017881393,0.1700000017881393,0
2026-03-02,0.1700000017881393,0.1700000017881393,0.1700000017881393,0.1700000017881393,0
2026-03-03,0.1700000017881393,0.1700000017881393,0.1700000017881393,0.1700000017881393,0
2026-03-04,0.1700000017881393,0.1700000017881393,0.1700000017881393,0.1700000017881393,0
2026-03-05,0.1700000017881393,0.1700000017881393,0.1700000017881393,0.1700000017881393,0
2026-03-06,0.1700000017881393,0.1700000017881393,0.1700000017881393,0.1700000017881393,0
2026-03-09,0.1700000017881393,0.1700000017881393,0.1700000017881393,0.1700000017881393,0
2026-03-10,0.1700000017881393,0.1700000017881393,0.1700000017881393,0.1700000017881393,0
2026-03-11,0.1700000017881393,0.1700000017881393,0.1700000017881393,0.1700000017881393,0
2026-03-12,0.1700000017881393,0.1700000017881393,0.1700000017881393,0.1700000017881393,0
2026-03-13,0.1700000017881393,0.1700000017881393,0.1700000017881393,0.1700000017881393,0
2026-03-16,0.1700000017881393,0.1700000017881393,0.1700000017881393,0.1700000017881393,0
2026-03-17,0.1700000017881393,0.1700000017881393,0.1700000017881393,0.1700000017881393,0
2026-03-18,0.1700000017881393,0.1700000017881393,0.1700000017881393,0.1700000017881393,0
2026-03-19,0.1700000017881393,0.1700000017881393,0.1700000017881393,0.1700000017881393,0
2026-03-20,0.1700000017881393,0.1700000017881393,0.1700000017881393,0.1700000017881393,0
2026-03-23,0.1700000017881393,0.1700000017881393,0.1700000017881393,0.1700000017881393,0
2026-03-24,0.1700000017881393,0.1700000017881393,0.1700000017881393,0.1700000017881393,0
2026-03-25,0.1700000017881393,0.1700000017881393,0.1700000017881393,0.1700000017881393,0
2026-03-26,0.1700000017881393,0.1700000017881393,0.1700000017881393,0.1700000017881393,0
2026-03-27,0.1700000017881393,0.1700000017881393,0.1700000017881393,0.1700000017881393,0
2026-03-30,0.1700000017881393,0.1700000017881393,0.1700000017881393,0.1700000017881393,0
2026-03-31,0.1700000017881393,0.1700000017881393,0.1700000017881393,0.1700000017881393,0
2026-04-01,0.1700000017881393,0.1700000017881393,0.1700000017881393,0.1700000017881393,0
2026-04-02,0.1700000017881393,0.1700000017881393,0.1700000017881393,0.1700000017881393,0
2026-04-06,0.1700000017881393,0.1700000017881393,0.1700000017881393,0.1700000017881393,0
2026-04-07,0.1700000017881393,0.1700000017881393,0.1700000017881393,0.1700000017881393,0
2026-04-08,0.1700000017881393,0.1700000017881393,0.1700000017881393,0.1700000017881393,0
2026-04-09,0.1700000017881393,0.1700000017881393,0.1700000017881393,0.1700000017881393,0
2026-04-10,0.1700000017881393,0.1700000017881393,0.1700000017881393,0.1700000017881393,0
2026-04-13,0.1700000017881393,0.1700000017881393,0.1700000017881393,0.1700000017881393,0
2026-04-14,0.1700000017881393,0.1700000017881393,0.1700000017881393,0.1700000017881393,0
2026-04-15,0.1700000017881393,0.1700000017881393,0.1700000017881393,0.1700000017881393,0
2026-04-16,0.1700000017881393,0.1700000017881393,0.1700000017881393,0.1700000017881393,0
2026-04-17,0.1700000017881393,0.1700000017881393,0.1700000017881393,0.1700000017881393,0
2026-04-20,0.1700000017881393,0.1700000017881393,0.1700000017881393,0.1700000017881393,0
2026-04-21,0.1700000017881393,0.1700000017881393,0.1700000017881393,0.1700000017881393,0
2026-04-22,0.1700000017881393,0.1700000017881393,0.1700000017881393,0.1700000017881393,0
2026-04-23,0.1700000017881393,0.1700000017881393,0.1700000017881393,0.1700000017881393,0
2026-04-24,0.1700000017881393,0.1700000017881393,0.1700000017881393,0.1700000017881393,0
2026-04-27,0.1700000017881393,0.1700000017881393,0.1700000017881393,0.1700000017881393,0
2026-04-28,0.1700000017881393,0.1700000017881393,0.1700000017881393,0.1700000017881393,0
2026-04-29,0.1700000017881393,0.1700000017881393,0.1700000017881393,0.1700000017881393,0
2026-04-30,0.1700000017881393,0.1700000017881393,0.1700000017881393,0.1700000017881393,0
2026-05-01,0.1700000017881393,0.1700000017881393,0.1700000017881393,0.1700000017881393,0
2026-05-04,0.1700000017881393,0.1700000017881393,0.1700000017881393,0.1700000017881393,0
2026-05-05,0.1700000017881393,0.1700000017881393,0.1700000017881393,0.1700000017881393,0
2026-05-06,0.1700000017881393,0.1700000017881393,0.1700000017881393,0.1700000017881393,0
2026-05-07,0.1700000017881393,0.1700000017881393,0.1700000017881393,0.1700000017881393,0
2026-05-08,0.1700000017881393,0.1700000017881393,0.1700000017881393,0.1700000017881393,0
2026-05-11,0.1700000017881393,0.1700000017881393,0.1700000017881393,0.1700000017881393,0
2026-05-12,0.1700000017881393,0.1700000017881393,0.1700000017881393,0.1700000017881393,0
2026-05-13,0.1700000017881393,0.1700000017881393,0.1700000017881393,0.1700000017881393,0
2026-05-14,0.1700000017881393,0.1700000017881393,0.1700000017881393,0.1700000017881393,0
2026-05-15,0.1700000017881393,0.1700000017881393,0.1700000017881393,0.1700000017881393,0
2026-05-18,0.1700000017881393,0.1700000017881393,0.1700000017881393,0.1700000017881393,0
2026-05-19,0.1700000017881393,0.1700000017881393,0.1700000017881393,0.1700000017881393,0
2026-05-20,0.1700000017881393,0.1700000017881393,0.1700000017881393,0.1700000017881393,0
2026-05-21,0.1700000017881393,0.1700000017881393,0.1700000017881393,0.1700000017881393,0
2026-05-22,0.1700000017881393,0.1700000017881393,0.1700000017881393,0.1700000017881393,0
2026-05-25,0.1700000017881393,0.1700000017881393,0.1700000017881393,0.1700000017881393,0
2026-05-26,0.1700000017881393,0.1700000017881393,0.1700000017881393,0.1700000017881393,0
2026-05-27,0.1700000017881393,0.1700000017881393,0.1700000017881393,0.1700000017881393,0
2026-05-28,0.1700000017881393,0.1700000017881393,0.1700000017881393,0.1700000017881393,0
2026-05-29,0.1700000017881393,0.1700000017881393,0.1700000017881393,0.1700000017881393,0
2026-06-01,0.1700000017881393,0.1700000017881393,0.1700000017881393,0.1700000017881393,0
2026-06-02,0.1700000017881393,0.1700000017881393,0.1700000017881393,0.1700000017881393,0
2026-06-03,0.1700000017881393,0.1700000017881393,0.1700000017881393,0.1700000017881393,0
2026-06-04,0.1700000017881393,0.1700000017881393,0.1700000017881393,0.1700000017881393,0
2026-06-05,0.1700000017881393,0.1700000017881393,0.1700000017881393,0.1700000017881393,0
2026-06-08,0.1700000017881393,0.1700000017881393,0.1700000017881393,0.1700000017881393,0
2026-06-09,0.1700000017881393,0.1700000017881393,0.1700000017881393,0.1700000017881393,0
2026-06-10,0.1700000017881393,0.1700000017881393,0.1700000017881393,0.1700000017881393,0
2026-06-11,0.1700000017881393,0.1700000017881393,0.1700000017881393,0.1700000017881393,0
2026-06-12,0.1700000017881393,0.1700000017881393,0.1700000017881393,0.1700000017881393,0
2026-06-15,0.1700000017881393,0.1700000017881393,0.1700000017881393,0.1700000017881393,0
2026-06-16,0.1700000017881393,0.1700000017881393,0.1700000017881393,0.1700000017881393,0
2026-06-17,0.1700000017881393,0.1700000017881393,0.1700000017881393,0.1700000017881393,0
2026-06-18,0.1700000017881393,0.1700000017881393,0.1700000017881393,0.1700000017881393,0
2026-06-19,0.1700000017881393,0.1700000017881393,0.1700000017881393,0.1700000017881393,0
2026-06-22,0.1700000017881393,0.1700000017881393,0.1700000017881393,0.1700000017881393,0
2026-06-23,0.1700000017881393,0.1700000017881393,0.1700000017881393,0.1700000017881393,0
2026-06-24,0.1700000017881393,0.1700000017881393,0.1700000017881393,0.1700000017881393,0
2026-06-25,0.1700000017881393,0.1700000017881393,0.1700000017881393,0.1700000017881393,0
2026-06-26,0.1700000017881393,0.1700000017881393,0.1700000017881393,0.1700000017881393,0
2026-06-29,0.1700000017881393,0.1700000017881393,0.1700000017881393,0.1700000017881393,0
2026-06-30,0.1700000017881393,0.1700000017881393,0.1700000017881393,0.1700000017881393,0
2026-07-01,0.1700000017881393,0.1700000017881393,0.1700000017881393,0.1700000017881393,0
2026-07-02,0.1700000017881393,0.1700000017881393,0.1700000017881393,0.1700000017881393,0
2026-07-03,0.1700000017881393,0.1700000017881393,0.1700000017881393,0.1700000017881393,0
2026-07-06,0.1700000017881393,0.1700000017881393,0.1700000017881393,0.1700000017881393,0
2026-07-07,0.1700000017881393,0.1700000017881393,0.1700000017881393,0.1700000017881393,0
2026-07-08,0.1700000017881393,0.1700000017881393,0.1700000017881393,0.1700000017881393,0
2026-07-09,0.1700000017881393,0.1700000017881393,0.1700000017881393,0.1700000017881393,0
2026-07-10,0.1700000017881393,0.1700000017881393,0.1700000017881393,0.1700000017881393,0
2026-07-13,0.1700000017881393,0.1700000017881393,0.1700000017881393,0.1700000017881393,0
2026-07-14,0.1700000017881393,0.1700000017881393,0.1700000017881393,0.1700000017881393,0
2026-07-15,0.1700000017881393,0.1700000017881393,0.1700000017881393,0.1700000017881393,0
2026-07-16,0.1700000017881393,0.1700000017881393,0.1700000017881393,0.1700000017881393,0
2026-07-17,0.1700000017881393,0.1700000017881393,0.1700000017881393,0.1700000017881393,0
2026-07-20,0.1700000017881393,0.1700000017881393,0.1700000017881393,0.1700000017881393,0
2026-07-21,0.1700000017881393,0.1700000017881393,0.1700000017881393,0.1700000017881393,0
2026-07-22,0.1700000017881393,0.1700000017881393,0.1700000017881393,0.1700000017881393,0
2026-07-23,0.1700000017881393,0.1700000017881393,0.1700000017881393,0.1700000017881393,0
2026-07-24,0.1700000017881393,0.1700000017881393,0.1700000017881393,0.1700000017881393,0
2026-07-27,0.1700000017881393,0.1700000017881393,0.1700000017881393,0.1700000017881393,0
2026-07-28,0.1700000017881393,0.1700000017881393,0.1700000017881393,0.1700000017881393,0
2026-07-29,0.1700000017881393,0.1700000017881393,0.1700000017881393,0.1700000017881393,0
2026-07-30,0.1700000017881393,0.1700000017881393,0.1700000017881393,0.1700000017881393,0
2026-07-31,0.1700000017881393,0.1700000017881393,0.1700000017881393,0.1700000017881393,0
2026-08-03,0.1700000017881393,0.1700000017881393,0.1700000017881393,0.1700000017881393,0
2026-08-04,0.1700000017881393,0.1700000017881393,0.1700000017881393,0.1700000017881393,0
2026-08-05,0.1700000017881393,0.1700000017881393,0.1700000017881393,0.1700000017881393,0
2026-08-06,0.1700000017881393,0.1700000017881393,0.1700000017881393,0.1700000017881393,0
2026-08-07,0.1700000017881393,0.1700000017881393,0.1700000017881393,0.1700000017881393,0
2026-08-10,0.1700000017881393,0.1700000017881393,0.1700000017881393,0.1700000017881393,0
2026-08-11,0.1700000017881393,0.1700000017881393,0.1700000017881393,0.1700000017881393,0
2026-08-12,0.1700000017881393,0.1700000017881393,0.1700000017881393,0.1700000017881393,0
2026-08-13,0.1700000017881393,0.1700000017881393,0.1700000017881393,0.1700000017881393,0
2026-08-14,0.1700000017881393,0.1700000017881393,0.1700000017881393,0.1700000017881393,0
2026-08-17,0.1700000017881393,0.1700000017881393,0.1700000017881393,0.1700000017881393,0
2026-08-18,0.1700000017881393,0.1700000017881393,0.1700000017881393,0.1700000017881393,0
2026-08-19,0.1700000017881393,0.1700000017881393,0.1700000017881393,0.1700000017881393,0
2026-08-20,0.1700000017881393,0.1700000017881393,0.1700000017881393,0.1700000017881393,0
2026-08-21,0.1700000017881393,0.1700000017881393,0.1700000017881393,0.1700000017881393,0
2026-08-24,0.1669999957084655,0.1669999957084655,0.1650000065565109,0.1650000065565109,255100
2026-08-25,0.1650000065565109,0.1650000065565109,0.1650000065565109,0.1650000065565109,0
2026-08-26,0.1650000065565109,0.1650000065565109,0.1650000065565109,0.1650000065565109,0
2026-08-27,0.1650000065565109,0.1650000065565109,0.1650000065565109,0.1650000065565109,0
2026-08-28,0.1650000065565109,0.1650000065565109,0.1650000065565109,0.1650000065565109,0
2026-08-31,0.1650000065565109,0.1650000065565109,0.1650000065565109,0.1650000065565109,0
2026-09-01,0.1650000065565109,0.1650000065565109,0.1650000065565109,0.1650000065565109,0
2026-09-02,0.1650000065565109,0.1650000065565109,0.1650000065565109,0.1650000065565109,0
2026-09-03,0.1650000065565109,0.1650000065565109,0.1650000065565109,0.1650000065565109,0
2026-09-04,0.1650000065565109,0.1650000065565109,0.1650000065565109,0.1650000065565109,0
2026-09-07,0.1650000065565109,0.1650000065565109,0.1650000065565109,0.1650000065565109,0
2026-09-08,0.1650000065565109,0.1650000065565109,0.1650000065565109,0.1650000065565109,0
2026-09-09,0.1650000065565109,0.1650000065565109,0.1650000065565109,0.1650000065565109,0
2026-09-10,0.1650000065565109,0.1650000065565109,0.1650000065565109,0.1650000065565109,0
2026-09-11,0.1650000065565109,0.1650000065565109,0.1650000065565109,0.1650000065565109,0
2026-09-14,0.1650000065565109,0.1650000065565109,0.1650000065565109,0.1650000065565109,0
2026-09-15,0.1650000065565109,0.1650000065565109,0.1650000065565109,0.1650000065565109,0
2026-09-16,0.1650000065565109,0.1650000065565109,0.1650000065565109,0.1650000065565109,0
2026-09-17,0.1650000065565109,0.1650000065565109,0.1650000065565109,0.1650000065565109,0
2026-09-18,0.1650000065565109,0.1650000065565109,0.1650000065565109,0.1650000065565109,0
2026-09-21,0.1650000065565109,0.1650000065565109,0.1650000065565109,0.1650000065565109,0
2026-09-22,0.1650000065565109,0.1650000065565109,0.1650000065565109,0.1650000065565109,0
2026-09-23,0.1650000065565109,0.1650000065565109,0.1650000065565109,0.1650000065565109,0
2026-09-24,0.1650000065565109,0.1650000065565109,0.1650000065565109,0.1650000065565109,0
2026-09-25,0.1650000065565109,0.1650000065565109,0.1650000065565109,0.1650000065565109,0
2026-09-28,0.1650000065565109,0.1650000065565109,0.1650000065565109,0.1650000065565109,0
2026-09-29,0.1650000065565109,0.1650000065565109,0.1650000065565109,0.1650000065565109,0
2026-09-30,0.1650000065565109,0.1650000065565109,0.1650000065565109,0.1650000065565109,0
2026-10-01,0.1650000065565109,0.1650000065565109,0.1650000065565109,0.1650000065565109,0
2026-10-02,0.1650000065565109,0.1650000065565109,0.1650000065565109,0.1650000065565109,0
