date,open,high,low,close,volume
2016-10-03,0.1194271668791771,0.1194271668791771,0.1194271668791771,0.1194271668791771,45000
2016-10-04,0.1194271615537239,0.1207920461893081,0.1194271615537239,0.1207920461893081,585000
2016-10-05,0.1207920472459024,0.121474489569664,0.1201096049221408,0.121474489569664,341000
2016-10-06,0.1221569265856857,0.122839368879795,0.120792041997467,0.122839368879795,275000
2016-10-07,0.122839368879795,0.122839368879795,0.122839368879795,0.122839368879795,0
2016-10-10,0.1207920461893081,0.1207920461893081,0.1207920461893081,0.1207920461893081,100000
2016-10-11,0.1207920461893081,0.1207920461893081,0.1207920461893081,0.1207920461893081,0
2016-10-12,0.1228393742171871,0.1228393742171871,0.121474489569664,0.121474489569664,45500
2016-10-13,0.1201096049221408,0.121474489569664,0.1201096049221408,0.121474489569664,33000
2016-10-14,0.122839368879795,0.1242042432988517,0.122839368879795,0.122839368879795,398000
2016-10-17,0.122839368879795,0.122839368879795,0.122839368879795,0.122839368879795,0
2016-10-18,0.1228393731426845,0.1228393731426845,0.1207920461893081,0.1207920461893081,114800
2016-10-19,0.1221569318934256,0.1221569318934256,0.121474489569664,0.121474489569664,18000
2016-10-20,0.121474489569664,0.121474489569664,0.121474489569664,0.121474489569664,0
2016-10-21,0.1207920395082768,0.1242042407393455,0.1207920395082768,0.1242042407393455,2200
2016-10-24,0.1242042407393455,0.1242042407393455,0.1242042407393455,0.1242042407393455,0
2016-10-25,0.1242042407393455,0.1242042407393455,0.1242042407393455,0.1242042407393455,110000
2016-10-26,0.1235217824578285,0.1235217824578285,0.1235217824578285,0.1235217824578285,11700
2016-10-27,0.1235217824578285,0.1235217824578285,0.1235217824578285,0.1235217824578285,0
2016-10-28,0.1235217824578285,0.1235217824578285,0.1235217824578285,0.1235217824578285,17000
2016-10-31,0.1242042407393455,0.1242042407393455,0.1242042407393455,0.1242042407393455,50000
2016-11-01,0.1228393663484151,0.1242042407393455,0.1228393663484151,0.1242042407393455,117000
2016-11-02,0.1221569254994392,0.1221569254994392,0.1221569254994392,0.1221569254994392,12000
2016-11-03,0.1221569254994392,0.1221569254994392,0.1221569254994392,0.1221569254994392,0
2016-11-04,0.1221569254994392,0.1221569254994392,0.1221569254994392,0.1221569254994392,40000
2016-11-07,0.122839350435349,0.1235217824578285,0.122839350435349,0.1235217824578285,120000
2016-11-08,0.1228393677874801,0.1228393677874801,0.1221569254994392,0.1221569254994392,41700
2016-11-09,0.1242042432988517,0.1242042432988517,0.122839368879795,0.122839368879795,180000
2016-11-10,0.122839368879795,0.1235218010047424,0.122839368879795,0.122839368879795,832400
2016-11-11,0.122839368879795,0.1242042432988517,0.122839368879795,0.122839368879795,528500
2016-11-14,0.1235218094346239,0.1296637803316116,0.1228393772631032,0.1296637803316116,1131600
2016-11-15,0.1269340054502355,0.1296637643064347,0.1269340054502355,0.1289813220500946,543100
2016-11-16,0.1296637819704693,0.1296637819704693,0.1276164650917053,0.1276164650917053,38000
2016-11-17,0.1289813379909282,0.1296637803316116,0.1289813379909282,0.1296637803316116,260000
2016-11-18,0.1289813220500946,0.1289813220500946,0.1289813220500946,0.1289813220500946,15000
2016-11-21,0.1262515762238267,0.1262515762238267,0.1248866915702819,0.1248866915702819,350100
2016-11-22,0.1242042407393455,0.1242042407393455,0.1242042407393455,0.1242042407393455,76200
2016-11-23,0.1242042407393455,0.1242042407393455,0.1242042407393455,0.1242042407393455,25000
2016-11-24,0.1242042432988517,0.1242042432988517,0.122839368879795,0.122839368879795,773700
2016-11-25,0.122839368879795,0.1235218010047424,0.122839368879795,0.122839368879795,87500
2016-11-28,0.1228393633974393,0.1269340068101883,0.1228393633974393,0.1269340068101883,112500
2016-11-29,0.1235217943993704,0.1262515634298324,0.1228393623109163,0.1262515634298324,251100
2016-11-30,0.1262515634298324,0.1262515634298324,0.1262515634298324,0.1262515634298324,0
2016-12-01,0.1228393612125834,0.1255691200494766,0.1228393612125834,0.1255691200494766,22800
2016-12-02,0.1228393663484151,0.1242042407393455,0.1228393663484151,0.1242042407393455,23000
2016-12-05,0.1242042246494685,0.1242042246494685,0.1235217824578285,0.1235217824578285,20000
2016-12-06,0.122839368879795,0.122839368879795,0.122839368879795,0.122839368879795,110000
2016-12-07,0.122839368879795,0.122839368879795,0.1214744842915763,0.122839368879795,71000
2016-12-08,0.1228393663484151,0.1242042407393455,0.1228393663484151,0.1242042407393455,150000
2016-12-09,0.1255691200494766,0.1262515623009902,0.1248866777979629,0.1255691200494766,199000
2016-12-12,0.1255691252994377,0.1255691252994377,0.1242042407393455,0.1242042407393455,261200
2016-12-13,0.1235217824578285,0.1235217824578285,0.1235217824578285,0.1235217824578285,20000
2016-12-14,0.1235217824578285,0.1235217824578285,0.1235217824578285,0.1235217824578285,70100
2016-12-15,0.1235217824578285,0.1235217824578285,0.1235217824578285,0.1235217824578285,25600
2016-12-16,0.124886680019233,0.1269340068101883,0.124886680019233,0.1269340068101883,430000
2016-12-19,0.1269340068101883,0.1269340068101883,0.1269340068101883,0.1269340068101883,0
2016-12-20,0.1269340098595299,0.1269340098595299,0.1242042407393455,0.1242042407393455,37200
2016-12-21,0.1242042407393455,0.1242042407393455,0.1242042407393455,0.1242042407393455,0
2016-12-22,0.1242042407393455,0.1242042407393455,0.1242042407393455,0.1242042407393455,174000
2016-12-23,0.1242042407393455,0.1242042407393455,0.1242042407393455,0.1242042407393455,0
2016-12-27,0.1242042407393455,0.1242042407393455,0.1242042407393455,0.1242042407393455,0
2016-12-28,0.1242042407393455,0.1242042407393455,0.1242042407393455,0.1242042407393455,50000
2016-12-29,0.1242042407393455,0.1242042407393455,0.1242042407393455,0.1242042407393455,400000
2016-12-30,0.1242042407393455,0.1242042407393455,0.1242042407393455,0.1242042407393455,0
2017-01-03,0.1242042407393455,0.1242042407393455,0.1242042407393455,0.1242042407393455,0
2017-01-04,0.1242042407393455,0.1242042407393455,0.1242042407393455,0.1242042407393455,0
2017-01-05,0.1255691200494766,0.1255691200494766,0.1255691200494766,0.1255691200494766,7500
2017-01-06,0.1255691338970543,0.1255691338970543,0.1248866915702819,0.1248866915702819,185000
2017-01-09,0.1276164477065757,0.1289813220500946,0.1276164477065757,0.1289813220500946,175900
2017-01-10,0.1255691200494766,0.1255691200494766,0.1255691200494766,0.1255691200494766,97000
2017-01-11,0.1248866777979629,0.1255691200494766,0.1248866777979629,0.1255691200494766,73000
2017-01-12,0.1255691200494766,0.1255691200494766,0.1255691200494766,0.1255691200494766,100000
2017-01-13,0.1255691200494766,0.1255691200494766,0.1255691200494766,0.1255691200494766,30000
2017-01-16,0.1248866915702819,0.1248866915702819,0.1248866915702819,0.1248866915702819,33500
2017-01-17,0.1248866915702819,0.1248866915702819,0.1248866915702819,0.1248866915702819,12500
2017-01-18,0.1255691200494766,0.1255691200494766,0.1255691200494766,0.1255691200494766,100000
2017-01-19,0.1255691200494766,0.1255691200494766,0.1255691200494766,0.1255691200494766,10000
2017-01-20,0.1276164650917053,0.1276164650917053,0.1276164650917053,0.1276164650917053,50000
2017-01-23,0.1276164650917053,0.1276164650917053,0.1276164650917053,0.1276164650917053,0
2017-01-24,0.1276164650917053,0.1276164650917053,0.1276164650917053,0.1276164650917053,0
2017-01-25,0.1248866915702819,0.1269340185505991,0.1228393747591273,0.1248866915702819,1357600
2017-01-26,0.124886680019233,0.1269340068101883,0.124886680019233,0.1269340068101883,320000
2017-01-27,0.1269340068101883,0.1269340068101883,0.1269340068101883,0.1269340068101883,0
2017-01-31,0.1269340068101883,0.1269340068101883,0.1269340068101883,0.1269340068101883,0
2017-02-01,0.1269340068101883,0.12761644907384,0.1255691222828847,0.1269340068101883,270000
2017-02-02,0.1262515623009902,0.1262515623009902,0.1255691200494766,0.1255691200494766,195000
2017-02-03,0.1262515645465365,0.1269340068101883,0.1262515645465365,0.1269340068101883,162500
2017-02-06,0.1262515645465365,0.1269340068101883,0.1262515645465365,0.1269340068101883,465000
2017-02-07,0.1269340227423963,0.1276164650917053,0.1262515803930874,0.1276164650917053,249700
2017-02-08,0.1255691200494766,0.1255691200494766,0.1255691200494766,0.1255691200494766,300000
2017-02-09,0.1269340068101883,0.1269340068101883,0.1269340068101883,0.1269340068101883,50000
2017-02-10,0.1269340068101883,0.1269340068101883,0.1269340068101883,0.1269340068101883,0
2017-02-13,0.1269340068101883,0.1269340068101883,0.1269340068101883,0.1269340068101883,0
2017-02-14,0.1269340068101883,0.1269340068101883,0.1269340068101883,0.1269340068101883,0
2017-02-15,0.124886680019233,0.1269340068101883,0.1242042377555812,0.1269340068101883,200000
2017-02-16,0.1269340068101883,0.1269340068101883,0.1269340068101883,0.1269340068101883,300000
2017-02-17,0.1255691209375552,0.1289813220500946,0.1255691209375552,0.1289813220500946,196300
2017-02-20,0.1282988930349813,0.1282988930349813,0.1248866915702819,0.1248866915702819,380400
2017-02-21,0.1269340056874479,0.1276164479450634,0.1262515634298324,0.1262515634298324,75000
2017-02-22,0.1262515634298324,0.1269340056874479,0.1262515634298324,0.1262515634298324,92500
2017-02-23,0.1276164477065757,0.1289813220500946,0.1276164477065757,0.1289813220500946,157500
2017-02-24,0.1289813107011231,0.1310286372900009,0.1289813107011231,0.1310286372900009,254000
2017-02-27,0.1289813107011231,0.1310286372900009,0.1282988685048306,0.1310286372900009,205000
2017-02-28,0.1310286476711841,0.1310286476711841,0.126251562087816,0.1282988786697387,39300
2017-03-01,0.1310286372900009,0.1310286372900009,0.1310286372900009,0.1310286372900009,96000
2017-03-02,0.1310286372900009,0.1310286372900009,0.1310286372900009,0.1310286372900009,0
2017-03-03,0.1310286372900009,0.1310286372900009,0.1310286372900009,0.1310286372900009,0
2017-03-06,0.1310286372900009,0.1310286372900009,0.1310286372900009,0.1310286372900009,0
2017-03-07,0.1296637803316116,0.1296637803316116,0.1296637803316116,0.1296637803316116,11800
2017-03-08,0.1296637803316116,0.1296637803316116,0.1296637803316116,0.1296637803316116,20000
2017-03-09,0.1276164650917053,0.1276164650917053,0.1276164650917053,0.1276164650917053,128200
2017-03-10,0.1282988797937544,0.1296637643064347,0.1282988797937544,0.1289813220500946,210500
2017-03-13,0.131028668115835,0.1317111104726791,0.131028668115835,0.1317111104726791,77900
2017-03-14,0.1317111104726791,0.1317111104726791,0.1317111104726791,0.1317111104726791,0
2017-03-15,0.1310286372900009,0.1310286372900009,0.1310286372900009,0.1310286372900009,70000
2017-03-16,0.1310286650129783,0.1310286650129783,0.1296637803316116,0.1296637803316116,55000
2017-03-17,0.1296637803316116,0.1296637803316116,0.1296637803316116,0.1296637803316116,0
2017-03-20,0.1296637834021467,0.1317111104726791,0.1282988986884585,0.1317111104726791,45300
2017-03-21,0.1317111104726791,0.1317111104726791,0.1317111104726791,0.1317111104726791,0
2017-03-22,0.1296637803316116,0.1296637803316116,0.1296637803316116,0.1296637803316116,10000
2017-03-23,0.1296637803316116,0.1296637803316116,0.1296637803316116,0.1296637803316116,0
2017-03-24,0.1296637803316116,0.1296637803316116,0.1296637803316116,0.1296637803316116,0
2017-03-27,0.1330759677140846,0.1330759677140846,0.1303462088108062,0.1303462088108062,138000
2017-03-28,0.1303462257589908,0.1317111104726791,0.1282988986884585,0.1317111104726791,45900
2017-03-29,0.1303462088108062,0.1317110933470262,0.1303462088108062,0.1303462088108062,83000
2017-03-30,0.1262515645465365,0.12761644907384,0.1255691222828847,0.1269340068101883,145000
2017-03-31,0.1310286372900009,0.1310286372900009,0.1310286372900009,0.1310286372900009,50000
2017-04-03,0.1289813220500946,0.1289813220500946,0.1289813220500946,0.1289813220500946,3700
2017-04-04,0.1303462257589908,0.1317111104726791,0.1303462257589908,0.1317111104726791,75000
2017-04-05,0.1317111104726791,0.1317111104726791,0.1317111104726791,0.1317111104726791,0
2017-04-06,0.1310286372900009,0.1310286372900009,0.1310286372900009,0.1310286372900009,50000
2017-04-07,0.1317110850680617,0.1399003714323043,0.1317110850680617,0.1399003714323043,2048700
2017-04-10,0.1399003977526246,0.1399003977526246,0.1337584267393355,0.1344408690929412,384100
2017-04-11,0.1317110818422131,0.1323935240507125,0.1317110818422131,0.1323935240507125,67100
2017-04-12,0.1330759823322296,0.1330759823322296,0.1330759823322296,0.1330759823322296,50000
2017-04-13,0.1330759823322296,0.1330759823322296,0.1330759823322296,0.1330759823322296,25000
2017-04-17,0.1330759823322296,0.1330759823322296,0.1330759823322296,0.1330759823322296,0
2017-04-18,0.1317111073536617,0.1317111073536617,0.1262515787973574,0.1296637803316116,115000
2017-04-19,0.1282988956502448,0.1296637803316116,0.1282988956502448,0.1296637803316116,100000
2017-04-20,0.1303461950937083,0.1310286372900009,0.1303461950937083,0.1310286372900009,470000
2017-04-21,0.1289813220500946,0.1289813220500946,0.1289813220500946,0.1289813220500946,52500
2017-04-24,0.1296637834021467,0.1317111104726791,0.1296637834021467,0.1317111104726791,108400
2017-04-25,0.1303461950937083,0.1310286372900009,0.1303461950937083,0.1310286372900009,145000
2017-04-26,0.1269340185505991,0.1269340185505991,0.1242042492435096,0.1248866915702819,448500
2017-04-27,0.1269340056874479,0.1276164479450634,0.1262515634298324,0.1262515634298324,90500
2017-04-28,0.1262515634298324,0.1262515634298324,0.1262515634298324,0.1262515634298324,0
2017-05-02,0.1262515634298324,0.1262515634298324,0.1262515634298324,0.1262515634298324,13000
2017-05-03,0.1262515634298324,0.1262515634298324,0.1262515634298324,0.1262515634298324,0
2017-05-04,0.1242042407393455,0.1242042407393455,0.1242042407393455,0.1242042407393455,25000
2017-05-05,0.1242042407393455,0.1242042407393455,0.1242042407393455,0.1242042407393455,94700
2017-05-08,0.1242042407393455,0.1242042407393455,0.1242042407393455,0.1242042407393455,128700
2017-05-09,0.1242042407393455,0.1242042407393455,0.1242042407393455,0.1242042407393455,60100
2017-05-11,0.1289813220500946,0.1289813220500946,0.1289813220500946,0.1289813220500946,2000
2017-05-12,0.1242042407393455,0.1242042407393455,0.1242042407393455,0.1242042407393455,45000
2017-05-15,0.1262858659029007,0.1262858659029007,0.1262858659029007,0.1262858659029007,20000
2017-05-16,0.1255920052325521,0.1255920052325521,0.1228164959318727,0.1248981356620788,32500
2017-05-17,0.1255919933319091,0.1255919933319091,0.1255919933319091,0.1255919933319091,10000
2017-05-18,0.1255920052325521,0.1255920052325521,0.1248981356620788,0.1248981356620788,109000
2017-05-19,0.1248981356620788,0.1248981356620788,0.1248981356620788,0.1248981356620788,0
2017-05-22,0.1248981356620788,0.1248981356620788,0.1248981356620788,0.1248981356620788,100000
2017-05-23,0.1248981356620788,0.1248981356620788,0.1248981356620788,0.1248981356620788,0
2017-05-24,0.1248981356620788,0.1248981356620788,0.1248981356620788,0.1248981356620788,0
2017-05-25,0.1248981356620788,0.1248981356620788,0.1248981356620788,0.1248981356620788,16200
2017-05-26,0.1248981356620788,0.1248981356620788,0.1248981356620788,0.1248981356620788,32000
2017-05-29,0.1248981356620788,0.1248981356620788,0.1248981356620788,0.1248981356620788,0
2017-05-30,0.1248981356620788,0.1248981356620788,0.1248981356620788,0.1248981356620788,0
2017-05-31,0.1248981356620788,0.1248981356620788,0.1248981356620788,0.1248981356620788,0
2017-06-01,0.1248981356620788,0.1248981356620788,0.1248981356620788,0.1248981356620788,67500
2017-06-02,0.1248981390154612,0.1283675283193588,0.1248981390154612,0.1283675283193588,81200
2017-06-05,0.1276736259460449,0.1276736259460449,0.1276736259460449,0.1276736259460449,13000
2017-06-06,0.1248981356620788,0.1248981356620788,0.1248981356620788,0.1248981356620788,3700
2017-06-07,0.1248981356620788,0.1248981356620788,0.1248981356620788,0.1248981356620788,50000
2017-06-08,0.1248981356620788,0.1248981356620788,0.1248981356620788,0.1248981356620788,48500
2017-06-09,0.1248981356620788,0.1248981356620788,0.1248981356620788,0.1248981356620788,6200
2017-06-12,0.1248981356620788,0.1248981356620788,0.1248981356620788,0.1248981356620788,43200
2017-06-13,0.1248981356620788,0.1248981356620788,0.1248981356620788,0.1248981356620788,0
2017-06-14,0.1248981356620788,0.1248981356620788,0.1248981356620788,0.1248981356620788,5000
2017-06-15,0.1248981356620788,0.1248981356620788,0.1248981356620788,0.1248981356620788,100000
2017-06-16,0.1248981356620788,0.1248981356620788,0.1248981356620788,0.1248981356620788,0
2017-06-19,0.1248981356620788,0.1248981356620788,0.1248981356620788,0.1248981356620788,50000
2017-06-20,0.1248981356620788,0.1248981356620788,0.1248981356620788,0.1248981356620788,0
2017-06-21,0.1248981356620788,0.1248981356620788,0.1248981356620788,0.1248981356620788,86000
2017-06-22,0.1255920086045641,0.1283675283193588,0.1255920086045641,0.1283675283193588,93300
2017-06-23,0.1283675283193588,0.1283675283193588,0.1283675283193588,0.1283675283193588,84600
2017-06-27,0.1283675283193588,0.1283675283193588,0.1283675283193588,0.1283675283193588,0
2017-06-28,0.1283675283193588,0.1283675283193588,0.1283675283193588,0.1283675283193588,0
2017-06-29,0.1283675283193588,0.1283675283193588,0.1283675283193588,0.1283675283193588,0
2017-06-30,0.1283675283193588,0.1283675283193588,0.1283675283193588,0.1283675283193588,0
2017-07-03,0.1283675283193588,0.1283675283193588,0.1283675283193588,0.1283675283193588,0
2017-07-04,0.1228164955973625,0.1228164955973625,0.1228164955973625,0.1228164955973625,50000
2017-07-05,0.122816510469152,0.122816510469152,0.1221226304769515,0.1221226304769516,38500
2017-07-06,0.1248981356620788,0.1248981356620788,0.1248981356620788,0.1248981356620788,80100
2017-07-07,0.1248981356620788,0.1248981356620788,0.1248981356620788,0.1248981356620788,139100
2017-07-10,0.1276736259460449,0.1276736259460449,0.1276736259460449,0.1276736259460449,30200
2017-07-11,0.1276736259460449,0.1276736259460449,0.1276736259460449,0.1276736259460449,0
2017-07-12,0.1276736259460449,0.1276736259460449,0.1276736259460449,0.1276736259460449,0
2017-07-13,0.1248981170587715,0.1276736259460449,0.1248981170587715,0.1276736259460449,75900
2017-07-14,0.1214287504553794,0.1214287504553794,0.1214287504553794,0.1214287504553794,9900
2017-07-17,0.1214287504553794,0.1214287504553794,0.1214287504553794,0.1214287504553794,39000
2017-07-18,0.1214287504553794,0.1214287504553794,0.1214287504553794,0.1214287504553794,0
2017-07-19,0.1214287504553794,0.1214287504553794,0.1214287504553794,0.1214287504553794,0
2017-07-20,0.1248981390154612,0.130449157765859,0.1248981390154612,0.1283675283193588,60900
2017-07-21,0.1297552881767561,0.1297552881767561,0.1228164992293652,0.1283675283193588,25600
2017-07-24,0.1248981356620788,0.1248981356620788,0.1248981356620788,0.1248981356620788,49000
2017-07-25,0.1283675283193588,0.1283675283193588,0.1283675283193588,0.1283675283193588,30000
2017-07-26,0.1283675283193588,0.1283675283193588,0.1283675283193588,0.1283675283193588,0
2017-07-27,0.1283675283193588,0.1283675283193588,0.1283675283193588,0.1283675283193588,0
2017-07-28,0.1283675283193588,0.1283675283193588,0.1283675283193588,0.1283675283193588,0
2017-07-31,0.1283675283193588,0.1283675283193588,0.1283675283193588,0.1283675283193588,0
2017-08-01,0.1276736259460449,0.1276736259460449,0.1276736259460449,0.1276736259460449,10800
2017-08-02,0.1276736259460449,0.1276736259460449,0.1276736259460449,0.1276736259460449,0
2017-08-03,0.1283675246410502,0.1283675246410502,0.1235103756189346,0.1235103756189346,68200
2017-08-04,0.1248981356620788,0.1255920052325521,0.1248981356620788,0.1248981356620788,345100
2017-08-07,0.1248981356620788,0.1248981356620788,0.1248981356620788,0.1248981356620788,0
2017-08-08,0.1248981356620788,0.1248981356620788,0.1248981356620788,0.1248981356620788,0
2017-08-10,0.1248981356620788,0.1248981356620788,0.1248981356620788,0.1248981356620788,50000
2017-08-11,0.1248981356620788,0.1248981356620788,0.1248981356620788,0.1248981356620788,0
2017-08-14,0.1248981356620788,0.1248981356620788,0.1248981356620788,0.1248981356620788,0
2017-08-15,0.1248981356620788,0.1248981356620788,0.1248981356620788,0.1248981356620788,0
2017-08-16,0.1200409829616546,0.1200409829616546,0.1200409829616546,0.1200409829616546,30000
2017-08-17,0.1200409829616546,0.1200409829616546,0.1200409829616546,0.1200409829616546,0
2017-08-18,0.1214287504553794,0.1214287504553794,0.1214287504553794,0.1214287504553794,12500
2017-08-21,0.1214287246055886,0.1255919933319091,0.1214287246055886,0.1255919933319091,50100
2017-08-22,0.1255919933319091,0.1255919933319091,0.1255919933319091,0.1255919933319091,0
2017-08-23,0.1255919933319091,0.1255919933319091,0.1255919933319091,0.1255919933319091,0
2017-08-24,0.1214287246055886,0.1255919933319091,0.1214287246055886,0.1255919933319091,295000
2017-08-25,0.1235103641385461,0.1255919933319091,0.1235103641385461,0.1255919933319091,177900
2017-08-28,0.1255919933319091,0.1255919933319091,0.1255919933319091,0.1255919933319091,0
2017-08-29,0.1255919933319091,0.1255919933319091,0.1255919933319091,0.1255919933319091,0
2017-08-30,0.1255919933319091,0.1255919933319091,0.1255919933319091,0.1255919933319091,0
2017-08-31,0.1255919933319091,0.1255919933319091,0.1255919933319091,0.1255919933319091,300000
2017-09-04,0.1207348447612694,0.1255919933319091,0.1207348447612694,0.1255919933319091,150100
2017-09-05,0.1255919933319091,0.1255919933319091,0.1255919933319091,0.1255919933319091,0
2017-09-06,0.1255919933319091,0.1255919933319091,0.1255919933319091,0.1255919933319091,0
2017-09-07,0.122122630447412,0.122122630447412,0.1214287504553794,0.1214287504553794,95000
2017-09-08,0.1214287361117352,0.1248981356620788,0.1214287361117352,0.1248981356620788,48100
2017-09-11,0.1221226304769515,0.1221226304769515,0.1221226304769515,0.1221226304769516,413000
2017-09-12,0.1248981356620788,0.1248981356620788,0.1248981356620788,0.1248981356620788,50000
2017-09-13,0.1221226304769515,0.1221226304769515,0.1221226304769515,0.1221226304769516,40100
2017-09-14,0.1221226304769515,0.1221226304769515,0.1221226304769515,0.1221226304769516,0
2017-09-15,0.1221226304769515,0.1221226304769515,0.1221226304769515,0.1221226304769516,0
2017-09-18,0.1221226304769515,0.1221226304769515,0.1221226304769515,0.1221226304769516,0
2017-09-19,0.1221226160218039,0.1248981356620788,0.1221226160218039,0.1248981356620788,50100
2017-09-20,0.1207348406314849,0.1207348406314849,0.1207348406314849,0.1207348406314849,3700
2017-09-21,0.1207348406314849,0.1207348406314849,0.1207348406314849,0.1207348406314849,0
2017-09-22,0.1207348406314849,0.1207348406314849,0.1207348406314849,0.1207348406314849,0
2017-09-25,0.1207348406314849,0.1207348406314849,0.1207348406314849,0.1207348406314849,0
2017-09-26,0.1214287361117352,0.1248981356620788,0.1214287361117352,0.1248981356620788,50200
2017-09-27,0.1248981356620788,0.1248981356620788,0.1248981356620788,0.1248981356620788,75000
2017-09-28,0.1248981356620788,0.1248981356620788,0.1248981356620788,0.1248981356620788,0
2017-09-29,0.1248981356620788,0.1248981356620788,0.1248981356620788,0.1248981356620788,0
2017-10-02,0.1248981356620788,0.1248981356620788,0.1248981356620788,0.1248981356620788,4000
2017-10-03,0.1248981356620788,0.1248981356620788,0.1248981356620788,0.1248981356620788,15000
2017-10-04,0.1235103758419414,0.1248981356620788,0.1235103758419414,0.1248981356620788,7300
2017-10-05,0.1248981356620788,0.1248981356620788,0.1248981356620788,0.1248981356620788,0
2017-10-06,0.1221226304769515,0.1221226304769515,0.1221226304769515,0.1221226304769516,5000
2017-10-09,0.1248981356620788,0.1248981356620788,0.1248981356620788,0.1248981356620788,10000
2017-10-10,0.1248981356620788,0.1248981356620788,0.1248981356620788,0.1248981356620788,0
2017-10-11,0.1248981356620788,0.1248981356620788,0.1248981356620788,0.1248981356620788,165000
2017-10-12,0.1248981356620788,0.1248981356620788,0.1248981356620788,0.1248981356620788,0
2017-10-13,0.1248981356620788,0.1248981356620788,0.1248981356620788,0.1248981356620788,50000
2017-10-16,0.1262858659029007,0.1262858659029007,0.1262858659029007,0.1262858659029007,32000
2017-10-17,0.1242042555277505,0.1242042555277505,0.1235103756189346,0.1235103756189346,218500
2017-10-19,0.1235103570250715,0.1262858659029007,0.1235103570250715,0.1262858659029007,50100
2017-10-20,0.1248981170587715,0.1276736259460449,0.1248981170587715,0.1276736259460449,90000
2017-10-23,0.1262858659029007,0.1262858659029007,0.1262858659029007,0.1262858659029007,79000
2017-10-24,0.1262858659029007,0.1262858659029007,0.1262858659029007,0.1262858659029007,0
2017-10-25,0.1262858663326113,0.1276736259460449,0.1262858663326113,0.1276736259460449,270400
2017-10-26,0.1262858667530808,0.1290613859891891,0.1262858667530808,0.1290613859891891,500000
2017-10-27,0.1290613859891891,0.1290613859891891,0.1290613859891891,0.1290613859891891,0
2017-10-30,0.1248981355499525,0.1248981355499525,0.1242042556405067,0.1242042556405067,40000
2017-10-31,0.1242042556405067,0.1242042556405067,0.1242042556405067,0.1242042556405067,0
2017-11-01,0.1242042372520547,0.1276736259460449,0.1242042372520547,0.1276736259460449,25100
2017-11-02,0.1276736259460449,0.1276736259460449,0.1276736259460449,0.1276736259460449,0
2017-11-03,0.1248981170587715,0.1276736259460449,0.1235103574453379,0.1276736259460449,76700
2017-11-06,0.1242042589050757,0.1269797682762146,0.1242042589050757,0.1269797682762146,21000
2017-11-07,0.1248981356620788,0.1248981356620788,0.1248981356620788,0.1248981356620788,154900
2017-11-08,0.1228164955973625,0.1228164955973625,0.1228164955973625,0.1228164955973625,3700
2017-11-09,0.1207348596161033,0.129755288362503,0.1207348596161033,0.129755288362503,75100
2017-11-10,0.1248981170587715,0.1283675057527617,0.1248981170587715,0.1276736259460449,131200
2017-11-13,0.1255919933319091,0.1255919933319091,0.1255919933319091,0.1255919933319091,50000
2017-11-14,0.1255920052325521,0.1255920052325521,0.1248981356620788,0.1248981356620788,70000
2017-11-15,0.1255919933319091,0.1255919933319091,0.1255919933319091,0.1255919933319091,47200
2017-11-16,0.1255919933319091,0.1255919933319091,0.1255919933319091,0.1255919933319091,0
2017-11-17,0.1255919933319091,0.1255919933319091,0.1255919933319091,0.1255919933319091,62500
2017-11-20,0.125591997307925,0.1304491460323333,0.125591997307925,0.1304491460323333,137500
2017-11-21,0.1255919933319091,0.1255919933319091,0.1255919933319091,0.1255919933319091,108400
2017-11-22,0.1255920052325521,0.1255920052325521,0.1248981356620788,0.1248981356620788,143700
2017-11-23,0.1248981390154612,0.1283675283193588,0.1248981390154612,0.1283675283193588,200000
2017-11-24,0.1283675283193588,0.1283675283193588,0.1283675283193588,0.1283675283193588,0
2017-11-27,0.1248981356620788,0.1248981356620788,0.1248981356620788,0.1248981356620788,188000
2017-11-28,0.1248981356620788,0.1248981356620788,0.1248981356620788,0.1248981356620788,53000
2017-11-29,0.1248981388327593,0.1269797682762146,0.1248981388327593,0.1269797682762146,26900
2017-11-30,0.1235103827047748,0.1235103827047748,0.1200409829616546,0.1200409829616546,218000
2017-12-01,0.1200409829616546,0.1200409829616546,0.1200409829616546,0.1200409829616546,0
2017-12-04,0.1200409829616546,0.1200409829616546,0.1200409829616546,0.1200409829616546,0
2017-12-05,0.1221226160218039,0.1248981356620788,0.1221226160218039,0.1248981356620788,115100
2017-12-06,0.1248981356620788,0.1248981356620788,0.1248981356620788,0.1248981356620788,0
2017-12-07,0.1248981356620788,0.1248981356620788,0.1248981356620788,0.1248981356620788,0
2017-12-08,0.1248981356620788,0.1248981356620788,0.1248981356620788,0.1248981356620788,0
2017-12-11,0.1235103756189346,0.1235103756189346,0.121428735892487,0.1235103756189346,259900
2017-12-12,0.1235103756189346,0.1235103756189346,0.1235103756189346,0.1235103756189346,0
2017-12-13,0.1235103756189346,0.1235103756189346,0.1235103756189346,0.1235103756189346,0
2017-12-14,0.1235103756189346,0.1235103756189346,0.1235103756189346,0.1235103756189346,176700
2017-12-15,0.1235103756189346,0.1235103756189346,0.1235103756189346,0.1235103756189346,0
2017-12-18,0.1214287504553794,0.1214287504553794,0.1214287504553794,0.1214287504553794,16200
2017-12-19,0.1242042556405067,0.1242042556405067,0.1242042556405067,0.1242042556405067,100
2017-12-20,0.1242042556405067,0.1242042556405067,0.1242042556405067,0.1242042556405067,0
2017-12-21,0.1242042556405067,0.1242042556405067,0.1242042556405067,0.1242042556405067,0
2017-12-22,0.1242042556405067,0.1242042556405067,0.1242042556405067,0.1242042556405067,0
2017-12-26,0.1214287504553794,0.1214287504553794,0.1214287504553794,0.1214287504553794,15000
2017-12-27,0.1214287504553794,0.1214287504553794,0.1214287504553794,0.1214287504553794,0
2017-12-28,0.1214287504553794,0.1214287504553794,0.1214287504553794,0.1214287504553794,0
2017-12-29,0.1214287504553794,0.1214287504553794,0.1214287504553794,0.1214287504553794,0
2018-01-02,0.121428735892487,0.1235103756189346,0.121428735892487,0.1235103756189346,112500
2018-01-03,0.1235103756189346,0.1235103756189346,0.1235103756189346,0.1235103756189346,0
2018-01-04,0.1235103756189346,0.1235103756189346,0.1235103756189346,0.1235103756189346,0
2018-01-05,0.1235103756189346,0.1235103756189346,0.1235103756189346,0.1235103756189346,0
2018-01-08,0.1248981356620788,0.1248981356620788,0.1248981356620788,0.1248981356620788,60000
2018-01-09,0.1276736259460449,0.1276736259460449,0.1276736259460449,0.1276736259460449,100
2018-01-10,0.1248981195549933,0.1248981195549933,0.1207348406314849,0.1207348406314849,78700
2018-01-11,0.1207348406314849,0.1207348406314849,0.1207348406314849,0.1207348406314849,0
2018-01-12,0.1242042556405067,0.1242042556405067,0.1242042556405067,0.1242042556405067,100
2018-01-15,0.1242042556405067,0.1242042556405067,0.1242042556405067,0.1242042556405067,0
2018-01-16,0.1242042556405067,0.1242042556405067,0.1242042556405067,0.1242042556405067,0
2018-01-17,0.1235103756189346,0.1235103756189346,0.1235103756189346,0.1235103756189346,25000
2018-01-18,0.1235103756189346,0.1235103756189346,0.1235103756189346,0.1235103756189346,0
2018-01-19,0.1235103756189346,0.1235103756189346,0.1235103756189346,0.1235103756189346,115000
2018-01-22,0.1235103756189346,0.1235103756189346,0.1235103756189346,0.1235103756189346,0
2018-01-23,0.1235103756189346,0.1235103756189346,0.1235103756189346,0.1235103756189346,0
2018-01-24,0.1235103756189346,0.1235103756189346,0.1235103756189346,0.1235103756189346,206200
2018-01-25,0.1235103756189346,0.1235103756189346,0.1235103756189346,0.1235103756189346,12500
2018-01-26,0.1235103791580639,0.1283675283193588,0.1235103791580639,0.1283675283193588,31300
2018-01-29,0.1214287504553794,0.1214287504553794,0.1214287504553794,0.1214287504553794,12500
2018-01-30,0.1221226044499077,0.1276736328648667,0.1221226044499077,0.1255919933319091,37600
2018-01-31,0.1242042555277505,0.1242042555277505,0.1235103756189346,0.1235103756189346,38700
2018-02-01,0.1276736259460449,0.1283675057527617,0.1276736259460449,0.1276736259460449,60000
2018-02-02,0.1235103756189346,0.1235103756189346,0.1235103756189346,0.1235103756189346,18700
2018-02-05,0.1248981356620788,0.1248981356620788,0.1248981356620788,0.1248981356620788,118000
2018-02-06,0.1248981356620788,0.1248981356620788,0.1248981356620788,0.1248981356620788,0
2018-02-07,0.1262858851426208,0.1262858851426208,0.1242042557520101,0.1248981356620788,382000
2018-02-08,0.122816510469152,0.122816510469152,0.1214287504847511,0.1221226304769516,101200
2018-02-09,0.1221226304769515,0.1221226304769515,0.1221226304769515,0.1221226304769516,0
2018-02-12,0.1221226304769515,0.1221226304769515,0.1221226304769515,0.1221226304769516,0
2018-02-13,0.1221226304769515,0.1221226304769515,0.1221226304769515,0.1221226304769516,0
2018-02-14,0.1221226304769515,0.1221226304769515,0.1221226304769515,0.1221226304769516,0
2018-02-15,0.1221226304769515,0.1221226304769515,0.1221226304769515,0.1221226304769516,0
2018-02-19,0.1221226304769515,0.1221226304769515,0.1221226304769515,0.1221226304769516,0
2018-02-20,0.12697976470684,0.1304491539081388,0.1228164955973625,0.1228164955973625,170600
2018-02-21,0.126979772108299,0.126979772108299,0.1200409829616546,0.1200409829616546,30000
2018-02-22,0.1200409829616546,0.1200409829616546,0.1200409829616546,0.1200409829616546,0
2018-02-23,0.1269797650526895,0.1276736449627583,0.1248981356620788,0.1248981356620788,173000
2018-02-26,0.1269797682762146,0.1269797682762146,0.1269797682762146,0.1269797682762146,15000
2018-02-27,0.1255920052325521,0.1255920052325521,0.1248981356620788,0.1248981356620788,101000
2018-02-28,0.1248981356620788,0.1248981356620788,0.1248981356620788,0.1248981356620788,0
2018-03-01,0.1248981356620788,0.1248981356620788,0.1248981356620788,0.1248981356620788,50000
2018-03-02,0.1248981356620788,0.1248981356620788,0.1248981356620788,0.1248981356620788,0
2018-03-05,0.1269797650526895,0.1269797650526895,0.1248981356620788,0.1248981356620788,142500
2018-03-06,0.1235103756189346,0.1235103756189346,0.1235103756189346,0.1235103756189346,58200
2018-03-07,0.1235103756189346,0.1235103756189346,0.1235103756189346,0.1235103756189346,0
2018-03-08,0.1235103756189346,0.1235103756189346,0.1235103756189346,0.1235103756189346,0
2018-03-09,0.1200409904713143,0.1214287504553794,0.1200409904713143,0.1214287504553794,40000
2018-03-12,0.1242042368294272,0.1262858659029007,0.1242042368294272,0.1262858659029007,45000
2018-03-13,0.1262858659029007,0.1262858659029007,0.1262858659029007,0.1262858659029007,0
2018-03-14,0.1262858659029007,0.1262858659029007,0.1262858659029007,0.1262858659029007,0
2018-03-15,0.122122630447412,0.122122630447412,0.1214287504553794,0.1214287504553794,75000
2018-03-16,0.1214287504553794,0.1214287504553794,0.1214287504553794,0.1214287504553794,0
2018-03-19,0.1214287504553794,0.1214287504553794,0.1214287504553794,0.1214287504553794,0
2018-03-20,0.1214287504553794,0.1214287504553794,0.1214287504553794,0.1214287504553794,0
2018-03-21,0.1214287504553794,0.1214287504553794,0.1214287504553794,0.1214287504553794,0
2018-03-22,0.1214287504553794,0.1214287504553794,0.1214287504553794,0.1214287504553794,20000
2018-03-23,0.1214287504553794,0.1214287504553794,0.1214287504553794,0.1214287504553794,0
2018-03-26,0.1214287504553794,0.1214287504553794,0.1214287504553794,0.1214287504553794,0
2018-03-27,0.1214287504553794,0.1214287504553794,0.1214287504553794,0.1214287504553794,0
2018-03-28,0.1214287504553794,0.1214287504553794,0.1214287504553794,0.1214287504553794,30000
2018-03-29,0.1214287504553794,0.1214287504553794,0.1214287504553794,0.1214287504553794,0
2018-04-02,0.1214287504553794,0.1214287504553794,0.1214287504553794,0.1214287504553794,0
2018-04-03,0.1262858659029007,0.1262858659029007,0.1262858659029007,0.1262858659029007,13400
2018-04-04,0.1262858659029007,0.1262858659029007,0.1262858659029007,0.1262858659029007,0
2018-04-05,0.1248981356620788,0.1248981356620788,0.1235103758419414,0.1248981356620788,43700
2018-04-06,0.1242042556405067,0.1242042556405067,0.1242042556405067,0.1242042556405067,100
2018-04-09,0.1242042556405067,0.1242042556405067,0.1242042556405067,0.1242042556405067,0
2018-04-10,0.1248981356620788,0.1248981356620788,0.1248981356620788,0.1248981356620788,10000
2018-04-11,0.1248981356620788,0.1248981356620788,0.1248981356620788,0.1248981356620788,0
2018-04-12,0.1248981356620788,0.1248981356620788,0.1248981356620788,0.1248981356620788,0
2018-04-13,0.1255919933319091,0.1255919933319091,0.1255919933319091,0.1255919933319091,20000
2018-04-16,0.1235103756189346,0.1235103756189346,0.1235103756189346,0.1235103756189346,100000
2018-04-17,0.1235103756189346,0.1235103756189346,0.1235103756189346,0.1235103756189346,0
2018-04-18,0.1235103756189346,0.1235103756189346,0.1235103756189346,0.1235103756189346,0
2018-04-19,0.1214287246055886,0.1255919933319091,0.1214287246055886,0.1255919933319091,110400
2018-04-20,0.1255919933319091,0.1255919933319091,0.1255919933319091,0.1255919933319091,0
2018-04-23,0.1248981356620788,0.1248981356620788,0.1248981356620788,0.1248981356620788,100000
2018-04-24,0.1248981356620788,0.1248981356620788,0.1248981356620788,0.1248981356620788,50000
2018-04-25,0.1248981356620788,0.1248981356620788,0.1248981356620788,0.1248981356620788,7500
2018-04-26,0.1242042556405067,0.1242042556405067,0.1242042556405067,0.1242042556405067,1500
2018-04-27,0.1200409760748552,0.1235103756189346,0.1200409760748552,0.1235103756189346,16400
2018-04-30,0.1235103756189346,0.1235103756189346,0.1235103756189346,0.1235103756189346,0
2018-05-02,0.1235103756189346,0.1235103756189346,0.1235103756189346,0.1235103756189346,14500
2018-05-03,0.1242042556405067,0.1242042556405067,0.1242042556405067,0.1242042556405067,42100
2018-05-04,0.1242042556405067,0.1242042556405067,0.1242042556405067,0.1242042556405067,37300
2018-05-07,0.1242042556405067,0.1242042556405067,0.1242042556405067,0.1242042556405067,0
2018-05-08,0.1221226304769515,0.1221226304769515,0.1221226304769515,0.1221226304769516,6200
2018-05-09,0.1221226304769515,0.1221226304769515,0.1221226304769515,0.1221226304769516,0
2018-05-10,0.1221226304769515,0.1221226304769515,0.1221226304769515,0.1221226304769516,0
2018-05-11,0.1221226304769515,0.1221226304769515,0.1221226304769515,0.1221226304769516,0
2018-05-14,0.1221226159121693,0.1248981355499525,0.1221226159121693,0.1242042556405067,31400
2018-05-15,0.1213489770889282,0.1213489770889282,0.1213489770889282,0.1213489770889282,56500
2018-05-16,0.1256318801604509,0.1256318801604509,0.1213489770889282,0.1213489770889282,63000
2018-05-17,0.1213489770889282,0.1213489770889282,0.1213489770889282,0.1213489770889282,0
2018-05-18,0.1213489770889282,0.1213489770889282,0.1213489770889282,0.1213489770889282,0
2018-05-21,0.1213489770889282,0.1213489770889282,0.1213489770889282,0.1213489770889282,0
2018-05-22,0.1213489770889282,0.1213489770889282,0.1213489770889282,0.1213489770889282,42000
2018-05-23,0.1256318986415863,0.1256318986415863,0.1256318986415863,0.1256318986415863,900
2018-05-24,0.1256318986415863,0.1256318986415863,0.1256318986415863,0.1256318986415863,0
2018-05-25,0.1256318986415863,0.1256318986415863,0.1256318986415863,0.1256318986415863,0
2018-05-28,0.1256318986415863,0.1256318986415863,0.1256318986415863,0.1256318986415863,0
2018-05-30,0.1256318986415863,0.1256318986415863,0.1256318986415863,0.1256318986415863,0
2018-05-31,0.1256318986415863,0.1256318986415863,0.1256318986415863,0.1256318986415863,0
2018-06-01,0.1256318986415863,0.1256318986415863,0.1256318986415863,0.1256318986415863,0
2018-06-04,0.1256318986415863,0.1256318986415863,0.1256318986415863,0.1256318986415863,0
2018-06-05,0.1256318986415863,0.1256318986415863,0.1256318986415863,0.1256318986415863,0
2018-06-06,0.1256318986415863,0.1256318986415863,0.1256318986415863,0.1256318986415863,0
2018-06-07,0.1213489842139101,0.1277733445167541,0.1213489842139101,0.1277733445167541,56000
2018-06-08,0.1213489632826762,0.1213489632826762,0.1206351444125175,0.1206351444125175,16200
2018-06-11,0.1206351444125175,0.1206351444125175,0.1206351444125175,0.1206351444125175,0
2018-06-12,0.1206351444125175,0.1206351444125175,0.1206351444125175,0.1206351444125175,0
2018-06-13,0.1206351444125175,0.1206351444125175,0.1206351444125175,0.1206351444125175,0
2018-06-14,0.1206351444125175,0.1206351444125175,0.1206351444125175,0.1206351444125175,0
2018-06-18,0.1206351444125175,0.1206351444125175,0.1206351444125175,0.1206351444125175,0
2018-06-19,0.1206351444125175,0.1206351444125175,0.1206351444125175,0.1206351444125175,0
2018-06-20,0.1206351444125175,0.1206351444125175,0.1206351444125175,0.1206351444125175,10000
2018-06-21,0.1213489770889282,0.1213489770889282,0.1213489770889282,0.1213489770889282,90000
2018-06-22,0.1213489770889282,0.1213489770889282,0.1213489770889282,0.1213489770889282,0
2018-06-25,0.1192075373855193,0.1199213564395904,0.1192075373855193,0.1199213564395904,27000
2018-06-26,0.1199213564395904,0.1199213564395904,0.1199213564395904,0.1199213564395904,0
2018-06-27,0.1213489645123519,0.1213489645123519,0.1177798807621002,0.1177798807621002,47000
2018-06-28,0.1177798807621002,0.1177798807621002,0.1177798807621002,0.1177798807621002,0
2018-06-29,0.1177798807621002,0.1177798807621002,0.1170660618847081,0.1177798807621002,44600
2018-07-02,0.1213489645123519,0.1213489645123519,0.1177798807621002,0.1177798807621002,4600
2018-07-03,0.1177798807621002,0.1177798807621002,0.1177798807621002,0.1177798807621002,0
2018-07-04,0.1177798807621002,0.1177798807621002,0.1177798807621002,0.1177798807621002,0
2018-07-05,0.1177798807621002,0.1177798807621002,0.1177798807621002,0.1177798807621002,0
2018-07-06,0.1177798807621002,0.1177798807621002,0.1177798807621002,0.1177798807621002,0
2018-07-09,0.1177798807621002,0.1177798807621002,0.1177798807621002,0.1177798807621002,0
2018-07-10,0.1177798807621002,0.1177798807621002,0.1177798807621002,0.1177798807621002,0
2018-07-11,0.1177798807621002,0.1177798807621002,0.1177798807621002,0.1177798807621002,0
2018-07-12,0.1177798807621002,0.1177798807621002,0.1177798807621002,0.1177798807621002,0
2018-07-13,0.1177798807621002,0.1177798807621002,0.1177798807621002,0.1177798807621002,0
2018-07-16,0.1213489770889282,0.1213489770889282,0.1213489770889282,0.1213489770889282,10000
2018-07-17,0.1234904427389378,0.1249180808663368,0.1234904427389378,0.1249180808663368,60000
2018-07-18,0.1213489770889282,0.1213489770889282,0.1213489770889282,0.1213489770889282,79000
2018-07-19,0.1213489770889282,0.1213489770889282,0.1213489770889282,0.1213489770889282,0
2018-07-20,0.1213489770889282,0.1213489770889282,0.1213489770889282,0.1213489770889282,0
2018-07-23,0.1213489770889282,0.1213489770889282,0.1213489770889282,0.1213489770889282,55100
2018-07-24,0.1213489770889282,0.1213489770889282,0.1213489770889282,0.1213489770889282,0
2018-07-25,0.1213489770889282,0.1213489770889282,0.1213489770889282,0.1213489770889282,0
2018-07-26,0.1213489770889282,0.1213489770889282,0.1213489770889282,0.1213489770889282,0
2018-07-27,0.1213489770889282,0.1213489770889282,0.1213489770889282,0.1213489770889282,0
2018-07-30,0.1213489770889282,0.1213489770889282,0.1213489770889282,0.1213489770889282,0
2018-07-31,0.1234904378652572,0.1234904378652572,0.1234904378652572,0.1234904378652572,50000
2018-08-01,0.1213489685126737,0.1234904145787349,0.1213489685126737,0.1220627874135971,250000
2018-08-02,0.1213489913953846,0.1234904378652572,0.1213489913953846,0.1234904378652572,573000
2018-08-03,0.1220627960403002,0.1220627960403002,0.1213489770889282,0.1213489770889282,141700
2018-08-06,0.1213489770889282,0.1213489770889282,0.1213489770889282,0.1213489770889282,0
2018-08-07,0.1213489770889282,0.1213489770889282,0.1213489770889282,0.1213489770889282,0
2018-08-08,0.1213489913953846,0.1234904378652572,0.1213489913953846,0.1234904378652572,130000
2018-08-10,0.1234904378652572,0.1234904378652572,0.1234904378652572,0.1234904378652572,0
2018-08-13,0.1234904378652572,0.1234904378652572,0.1234904378652572,0.1234904378652572,0
2018-08-14,0.1234904378652572,0.1234904378652572,0.1234904378652572,0.1234904378652572,0
2018-08-15,0.1234904378652572,0.1234904378652572,0.1234904378652572,0.1234904378652572,0
2018-08-16,0.1234904378652572,0.1234904378652572,0.1234904378652572,0.1234904378652572,0
2018-08-17,0.1213489770889282,0.1213489770889282,0.1213489770889282,0.1213489770889282,125000
2018-08-20,0.1213489770889282,0.1213489770889282,0.1213489770889282,0.1213489770889282,0
2018-08-21,0.1220627960403002,0.1220627960403002,0.1213489770889282,0.1213489770889282,68000
2018-08-23,0.1213489770889282,0.1213489770889282,0.1213489770889282,0.1213489770889282,0
2018-08-24,0.1213489770889282,0.1213489770889282,0.1213489770889282,0.1213489770889282,0
2018-08-27,0.1213489770889282,0.1213489770889282,0.1213489770889282,0.1213489770889282,0
2018-08-28,0.1213489770889282,0.1213489770889282,0.1213489770889282,0.1213489770889282,50000
2018-08-29,0.1213489770889282,0.1213489770889282,0.1213489770889282,0.1213489770889282,0
2018-08-30,0.1220628152482502,0.1249180808663368,0.1220628152482502,0.1249180808663368,176200
2018-08-31,0.1242042618026373,0.1249180808663368,0.1242042618026373,0.1249180808663368,83000
2018-09-03,0.1249180808663368,0.1249180808663368,0.1249180808663368,0.1249180808663368,0
2018-09-04,0.1249180808663368,0.1249180808663368,0.1249180808663368,0.1249180808663368,0
2018-09-05,0.1249180808663368,0.1249180808663368,0.1249180808663368,0.1249180808663368,0
2018-09-06,0.1249180808663368,0.1249180808663368,0.1249180808663368,0.1249180808663368,0
2018-09-07,0.1249180808663368,0.1249180808663368,0.1249180808663368,0.1249180808663368,0
2018-09-10,0.1249180808663368,0.1249180808663368,0.1249180808663368,0.1249180808663368,0
2018-09-11,0.1249180808663368,0.1249180808663368,0.1249180808663368,0.1249180808663368,0
2018-09-12,0.1249180808663368,0.1249180808663368,0.1249180808663368,0.1249180808663368,0
2018-09-13,0.1249180808663368,0.1249180808663368,0.1249180808663368,0.1249180808663368,0
2018-09-14,0.1249180808663368,0.1249180808663368,0.1249180808663368,0.1249180808663368,0
2018-09-17,0.1249180808663368,0.1249180808663368,0.1249180808663368,0.1249180808663368,0
2018-09-18,0.1249180808663368,0.1249180808663368,0.1249180808663368,0.1249180808663368,0
2018-09-19,0.1249180808663368,0.1249180808663368,0.1249180808663368,0.1249180808663368,0
2018-09-20,0.1249180808663368,0.1249180808663368,0.1249180808663368,0.1249180808663368,0
2018-09-21,0.1249180808663368,0.1249180808663368,0.1249180808663368,0.1249180808663368,0
2018-09-24,0.1249180808663368,0.1249180808663368,0.1249180808663368,0.1249180808663368,0
2018-09-25,0.1249180808663368,0.1249180808663368,0.1249180808663368,0.1249180808663368,0
2018-09-26,0.1249180808663368,0.1249180808663368,0.1249180808663368,0.1249180808663368,0
2018-09-27,0.1249180808663368,0.1249180808663368,0.1249180808663368,0.1249180808663368,0
2018-09-28,0.1249180808663368,0.1249180808663368,0.1249180808663368,0.1249180808663368,0
2018-10-01,0.1249180808663368,0.1249180808663368,0.1249180808663368,0.1249180808663368,0
2018-10-02,0.1249180808663368,0.1249180808663368,0.1249180808663368,0.1249180808663368,0
2018-10-03,0.1170660657438422,0.122062787413597,0.1170660657438422,0.1220627874135971,25100
2018-10-04,0.122062787413597,0.122062787413597,0.122062787413597,0.1220627874135971,0
2018-10-05,0.122062787413597,0.122062787413597,0.122062787413597,0.1220627874135971,0
2018-10-08,0.122062787413597,0.122062787413597,0.122062787413597,0.1220627874135971,0
2018-10-09,0.122062787413597,0.122062787413597,0.122062787413597,0.1220627874135971,0
2018-10-10,0.1213489770889282,0.1213489770889282,0.1213489770889282,0.1213489770889282,5000
2018-10-11,0.1213489770889282,0.1213489770889282,0.1213489770889282,0.1213489770889282,0
2018-10-12,0.1213489913953846,0.1234904378652572,0.1213489913953846,0.1234904378652572,76000
2018-10-15,0.1170660740174055,0.1213489770889282,0.1170660740174055,0.1213489770889282,163000
2018-10-16,0.1213489770889282,0.1213489770889282,0.1213489770889282,0.1213489770889282,0
2018-10-17,0.1213489770889282,0.1213489770889282,0.1213489770889282,0.1213489770889282,0
2018-10-18,0.1213489770889282,0.1213489770889282,0.1213489770889282,0.1213489770889282,0
2018-10-19,0.1213489770889282,0.1213489770889282,0.1213489770889282,0.1213489770889282,0
2018-10-22,0.1213489770889282,0.1213489770889282,0.1213489770889282,0.1213489770889282,0
2018-10-23,0.1213489770889282,0.1213489770889282,0.1213489770889282,0.1213489770889282,0
2018-10-24,0.1213489770889282,0.1213489770889282,0.1213489770889282,0.1213489770889282,0
2018-10-25,0.1213489770889282,0.1213489770889282,0.1213489770889282,0.1213489770889282,0
2018-10-26,0.1213489770889282,0.1213489770889282,0.1213489770889282,0.1213489770889282,106000
2018-10-29,0.1213489770889282,0.1213489770889282,0.1213489770889282,0.1213489770889282,50400
2018-10-30,0.1213489770889282,0.1213489770889282,0.1213489770889282,0.1213489770889282,0
2018-10-31,0.1213489770889282,0.1213489770889282,0.1213489770889282,0.1213489770889282,0
2018-11-01,0.1213489770889282,0.1213489770889282,0.1213489770889282,0.1213489770889282,0
2018-11-02,0.1213489770889282,0.1213489770889282,0.1213489770889282,0.1213489770889282,0
2018-11-05,0.1213489770889282,0.1213489770889282,0.1213489770889282,0.1213489770889282,0
2018-11-07,0.1177798807621002,0.1177798807621002,0.1177798807621002,0.1177798807621002,50000
2018-11-08,0.1177798807621002,0.1177798807621002,0.1177798807621002,0.1177798807621002,0
2018-11-09,0.1177798807621002,0.1177798807621002,0.1177798807621002,0.1177798807621002,0
2018-11-12,0.1177798807621002,0.1177798807621002,0.1177798807621002,0.1177798807621002,0
2018-11-13,0.1177798807621002,0.1177798807621002,0.1177798807621002,0.1177798807621002,0
2018-11-14,0.1177798807621002,0.1177798807621002,0.1177798807621002,0.1177798807621002,0
2018-11-15,0.1177798807621002,0.1177798807621002,0.1177798807621002,0.1177798807621002,0
2018-11-16,0.1177798807621002,0.1177798807621002,0.1177798807621002,0.1177798807621002,0
2018-11-19,0.1177798807621002,0.1177798807621002,0.1177798807621002,0.1177798807621002,0
2018-11-20,0.1149246186674136,0.1149246186674136,0.1106417155398366,0.1120693534612655,147600
2018-11-21,0.1120693534612655,0.1120693534612655,0.1120693534612655,0.1120693534612655,0
2018-11-22,0.1170660618847081,0.1177798807621002,0.114924605252532,0.1177798807621002,192600
2018-11-23,0.1177798929687776,0.1213489770889282,0.1177798929687776,0.1213489770889282,106100
2018-11-26,0.1213489770889282,0.1213489770889282,0.1213489770889282,0.1213489770889282,0
2018-11-27,0.1213489770889282,0.1213489770889282,0.1213489770889282,0.1213489770889282,0
2018-11-28,0.1177798929687776,0.1213489770889282,0.1177798929687776,0.1213489770889282,100000
2018-11-29,0.1213489770889282,0.1213489770889282,0.1213489770889282,0.1213489770889282,0
2018-11-30,0.1213489770889282,0.1213489770889282,0.1213489770889282,0.1213489770889282,0
2018-12-03,0.1206351581375561,0.1213489770889282,0.1206351581375561,0.1213489770889282,17200
2018-12-04,0.1177798795685914,0.1206351444125175,0.1177798795685914,0.1206351444125175,25000
2018-12-05,0.1206351444125175,0.1206351444125175,0.1206351444125175,0.1206351444125175,0
2018-12-06,0.1206351444125175,0.1206351444125175,0.1206351444125175,0.1206351444125175,0
2018-12-07,0.1206351444125175,0.1206351444125175,0.1206351444125175,0.1206351444125175,0
2018-12-10,0.1206351444125175,0.1206351444125175,0.1206351444125175,0.1206351444125175,0
2018-12-11,0.1206351444125175,0.1206351444125175,0.1206351444125175,0.1206351444125175,0
2018-12-12,0.1206351444125175,0.1206351444125175,0.1206351444125175,0.1206351444125175,0
2018-12-13,0.1177798807621002,0.1177798807621002,0.1177798807621002,0.1177798807621002,800
2018-12-14,0.1177798807621002,0.1177798807621002,0.1177798807621002,0.1177798807621002,0
2018-12-17,0.1127831637859344,0.1142107909613371,0.1127831637859344,0.1127831637859344,22500
2018-12-18,0.1127831637859344,0.1127831637859344,0.1127831637859344,0.1127831637859344,0
2018-12-19,0.1127831637859344,0.1127831637859344,0.1127831637859344,0.1127831637859344,0
2018-12-20,0.1127831637859344,0.1127831637859344,0.1127831637859344,0.1127831637859344,0
2018-12-21,0.1127831637859344,0.1127831637859344,0.1127831637859344,0.1127831637859344,0
2018-12-24,0.1127831637859344,0.1127831637859344,0.1127831637859344,0.1127831637859344,0
2018-12-26,0.1120693534612655,0.1120693534612655,0.1120693534612655,0.1120693534612655,1000
2018-12-27,0.1120693534612655,0.1120693534612655,0.1120693534612655,0.1120693534612655,0
2018-12-28,0.1120693534612655,0.1120693534612655,0.1120693534612655,0.1120693534612655,0
2018-12-31,0.1120693534612655,0.1120693534612655,0.1120693534612655,0.1120693534612655,0
2019-01-01,0.1120693534612655,0.1120693534612655,0.1120693534612655,0.1120693534612655,0
2019-01-02,0.1120693534612655,0.1120693534612655,0.1120693534612655,0.1120693534612655,0
2019-01-03,0.1120693534612655,0.1120693534612655,0.1120693534612655,0.1120693534612655,0
2019-01-04,0.1120693534612655,0.1120693534612655,0.1120693534612655,0.1120693534612655,0
2019-01-07,0.1120693534612655,0.1120693534612655,0.1120693534612655,0.1120693534612655,0
2019-01-08,0.1120693534612655,0.1120693534612655,0.1120693534612655,0.1120693534612655,0
2019-01-09,0.1177798807621002,0.1177798807621002,0.1177798807621002,0.1177798807621002,8000
2019-01-10,0.1177798807621002,0.1177798807621002,0.1177798807621002,0.1177798807621002,0
2019-01-11,0.1177798807621002,0.1177798807621002,0.1177798807621002,0.1177798807621002,0
2019-01-14,0.1192075312137603,0.1206351692479891,0.1192075312137603,0.1192075312137603,113700
2019-01-15,0.1192075312137603,0.1192075312137603,0.1192075312137603,0.1192075312137603,0
2019-01-16,0.1192075312137603,0.1192075312137603,0.1192075312137603,0.1192075312137603,0
2019-01-17,0.1192075312137603,0.1192075312137603,0.1192075312137603,0.1192075312137603,0
2019-01-18,0.1192075312137603,0.1192075312137603,0.1192075312137603,0.1192075312137603,0
2019-01-21,0.1192075312137603,0.1192075312137603,0.1192075312137603,0.1192075312137603,0
2019-01-22,0.1192075312137603,0.1192075312137603,0.1192075312137603,0.1192075312137603,0
2019-01-23,0.1192075312137603,0.1192075312137603,0.1192075312137603,0.1192075312137603,0
2019-01-24,0.1192075312137603,0.1192075312137603,0.1192075312137603,0.1192075312137603,0
2019-01-25,0.1192075312137603,0.1192075312137603,0.1192075312137603,0.1192075312137603,0
2019-01-28,0.1192075312137603,0.1192075312137603,0.1192075312137603,0.1192075312137603,0
2019-01-29,0.1192075312137603,0.1192075312137603,0.1192075312137603,0.1192075312137603,0
2019-01-30,0.1192075312137603,0.1192075312137603,0.1192075312137603,0.1192075312137603,0
2019-01-31,0.1192075066722002,0.1206351444125175,0.1192075066722002,0.1206351444125175,200000
2019-02-01,0.1206351444125175,0.1206351444125175,0.1206351444125175,0.1206351444125175,0
2019-02-04,0.1213489770889282,0.1213489770889282,0.1213489770889282,0.1213489770889282,1500
2019-02-05,0.1213489770889282,0.1213489770889282,0.1213489770889282,0.1213489770889282,0
2019-02-07,0.1213489770889282,0.1213489770889282,0.1213489770889282,0.1213489770889282,0
2019-02-08,0.1213489770889282,0.1213489770889282,0.1213489770889282,0.1213489770889282,0
2019-02-11,0.1213489770889282,0.1213489770889282,0.1213489770889282,0.1213489770889282,0
2019-02-12,0.1213489770889282,0.1213489770889282,0.1213489770889282,0.1213489770889282,0
2019-02-13,0.1213489770889282,0.1213489770889282,0.1213489770889282,0.1213489770889282,0
2019-02-14,0.1213489770889282,0.1213489770889282,0.1213489770889282,0.1213489770889282,0
2019-02-15,0.1213489770889282,0.1213489770889282,0.1213489770889282,0.1213489770889282,0
2019-02-18,0.1213489770889282,0.1213489770889282,0.1213489770889282,0.1213489770889282,0
2019-02-19,0.1142107918858528,0.1142107918858528,0.1142107918858528,0.1142107918858528,282700
2019-02-20,0.1142107918858528,0.1142107918858528,0.1142107918858528,0.1142107918858528,0
2019-02-21,0.1142107918858528,0.1142107918858528,0.1142107918858528,0.1142107918858528,0
2019-02-22,0.1142107918858528,0.1142107918858528,0.1142107918858528,0.1142107918858528,0
2019-02-25,0.1142107918858528,0.1142107918858528,0.1142107918858528,0.1142107918858528,0
2019-02-26,0.1149246245622634,0.1149246245622634,0.1149246245622634,0.1149246245622634,160000
2019-02-27,0.1149246245622634,0.1149246245622634,0.1149246245622634,0.1149246245622634,0
2019-02-28,0.1149246245622634,0.1149246245622634,0.1149246245622634,0.1149246245622634,0
2019-03-01,0.1142108087306702,0.1192075312137603,0.1142108087306702,0.1192075312137603,80000
2019-03-04,0.1192075312137603,0.1192075312137603,0.1192075312137603,0.1192075312137603,0
2019-03-05,0.1192075312137603,0.1192075312137603,0.1192075312137603,0.1192075312137603,0
2019-03-06,0.1192075312137603,0.1192075312137603,0.1192075312137603,0.1192075312137603,0
2019-03-07,0.1192075312137603,0.1192075312137603,0.1192075312137603,0.1192075312137603,10000
2019-03-08,0.1192075312137603,0.1192075312137603,0.1192075312137603,0.1192075312137603,0
2019-03-11,0.1192075312137603,0.1192075312137603,0.1192075312137603,0.1192075312137603,0
2019-03-12,0.1113555431365967,0.1113555431365967,0.1113555431365967,0.1113555431365966,6000
2019-03-13,0.1120693483160709,0.1142107944631889,0.110641710460186,0.110641710460186,18000
2019-03-14,0.110641710460186,0.110641710460186,0.110641710460186,0.110641710460186,8600
2019-03-15,0.110641710460186,0.110641710460186,0.110641710460186,0.110641710460186,0
2019-03-18,0.110641710460186,0.110641710460186,0.110641710460186,0.110641710460186,0
2019-03-19,0.110641710460186,0.110641710460186,0.110641710460186,0.110641710460186,0
2019-03-20,0.110641710460186,0.110641710460186,0.110641710460186,0.110641710460186,0
2019-03-21,0.110641710460186,0.110641710460186,0.110641710460186,0.110641710460186,0
2019-03-22,0.1099278837474962,0.1177798807621002,0.1099278837474962,0.1177798807621002,3800
2019-03-25,0.1142107918858528,0.1142107918858528,0.1142107918858528,0.1142107918858528,32000
2019-03-26,0.1142107918858528,0.1142107918858528,0.1142107918858528,0.1142107918858528,0
2019-03-27,0.1142107918858528,0.1142107918858528,0.1142107918858528,0.1142107918858528,0
2019-03-28,0.1142107918858528,0.1142107918858528,0.1142107918858528,0.1142107918858528,0
2019-03-29,0.1142107918858528,0.1142107918858528,0.1142107918858528,0.1142107918858528,0
2019-04-01,0.1142107918858528,0.1142107918858528,0.1142107918858528,0.1142107918858528,0
2019-04-02,0.1142107918858528,0.1142107918858528,0.1142107918858528,0.1142107918858528,0
2019-04-03,0.1113555431365967,0.1113555431365967,0.1113555431365967,0.1113555431365966,18700
2019-04-04,0.1113555431365967,0.1113555431365967,0.1113555431365967,0.1113555431365966,0
2019-04-05,0.110641710460186,0.110641710460186,0.110641710460186,0.110641710460186,63700
2019-04-08,0.110641710460186,0.110641710460186,0.110641710460186,0.110641710460186,84800
2019-04-09,0.1113555431365967,0.1113555431365967,0.1113555431365967,0.1113555431365966,70000
2019-04-10,0.1113555431365967,0.1113555431365967,0.1113555431365967,0.1113555431365966,0
2019-04-11,0.1113555431365967,0.1113555431365967,0.1113555431365967,0.1113555431365966,0
2019-04-12,0.1113555431365967,0.1113555431365967,0.1113555431365967,0.1113555431365966,0
2019-04-15,0.1113555431365967,0.1113555431365967,0.1113555431365967,0.1113555431365966,0
2019-04-16,0.1113555293881284,0.1113555293881284,0.110641710460186,0.110641710460186,180000
2019-04-17,0.1113555259738227,0.1127831637859344,0.1113555259738227,0.1127831637859344,62700
2019-04-18,0.1113555431365967,0.1127831811687443,0.1113555431365967,0.1113555431365966,127700
2019-04-22,0.1113555431365967,0.1113555431365967,0.1113555431365967,0.1113555431365966,0
2019-04-23,0.1113555431365967,0.1113555431365967,0.1113555431365967,0.1113555431365966,0
2019-04-24,0.1134969741106033,0.1134969741106033,0.1134969741106033,0.1134969741106033,25000
2019-04-25,0.1113555431365967,0.1113555431365967,0.1113555431365967,0.1113555431365966,25000
2019-04-26,0.1113555431365967,0.1113555431365967,0.1113555431365967,0.1113555431365966,0
2019-04-29,0.1113555431365967,0.1113555431365967,0.1113555431365967,0.1113555431365966,0
2019-04-30,0.1113555431365967,0.1113555431365967,0.1113555431365967,0.1113555431365966,0
2019-05-02,0.1113555431365967,0.1113555431365967,0.1113555431365967,0.1113555431365966,0
2019-05-03,0.1127831637859344,0.1127831637859344,0.1127831637859344,0.1127831637859344,700
2019-05-06,0.110641710460186,0.110641710460186,0.110641710460186,0.110641710460186,46500
2019-05-07,0.110641710460186,0.110641710460186,0.110641710460186,0.110641710460186,0
2019-05-08,0.110641710460186,0.110641710460186,0.110641710460186,0.110641710460186,800
2019-05-09,0.110641710460186,0.110641710460186,0.110641710460186,0.110641710460186,0
2019-05-10,0.110641710460186,0.110641710460186,0.110641710460186,0.110641710460186,0
2019-05-13,0.110641710460186,0.110641710460186,0.110641710460186,0.110641710460186,0
2019-05-14,0.110641710460186,0.110641710460186,0.110641710460186,0.110641710460186,0
2019-05-15,0.110641710460186,0.110641710460186,0.110641710460186,0.110641710460186,74600
2019-05-16,0.110641710460186,0.110641710460186,0.110641710460186,0.110641710460186,0
2019-05-17,0.1047408166771735,0.1047408166771735,0.1032655909657478,0.1032655909657478,25000
2019-05-21,0.1032655909657478,0.1032655909657478,0.1032655909657478,0.1032655909657478,0
2019-05-22,0.1047408282756805,0.1047408282756805,0.1047408282756805,0.1047408282756805,12500
2019-05-23,0.110641710460186,0.110641710460186,0.110641710460186,0.110641710460186,100
2019-05-24,0.110641710460186,0.110641710460186,0.110641710460186,0.110641710460186,0
2019-05-27,0.110641710460186,0.110641710460186,0.110641710460186,0.110641710460186,0
2019-05-28,0.1069536581635475,0.1069536581635475,0.1069536581635475,0.1069536581635475,11400
2019-05-29,0.1069536581635475,0.1069536581635475,0.1069536581635475,0.1069536581635475,0
2019-05-30,0.1069536581635475,0.1069536581635475,0.1069536581635475,0.1069536581635475,0
2019-05-31,0.1069536581635475,0.1069536581635475,0.1069536581635475,0.1069536581635475,0
2019-06-03,0.1069536581635475,0.1069536581635475,0.1069536581635475,0.1069536581635475,0
2019-06-04,0.1069536581635475,0.1069536581635475,0.1069536581635475,0.1069536581635475,0
2019-06-06,0.1040032058954238,0.1040032058954238,0.1040032058954238,0.1040032058954238,842800
2019-06-07,0.1040032058954238,0.1040032058954238,0.1040032058954238,0.1040032058954238,0
2019-06-10,0.1040032058954238,0.1040032058954238,0.1040032058954238,0.1040032058954238,35000
2019-06-11,0.1040032173482246,0.1069536581635475,0.1040032173482246,0.1069536581635475,104000
2019-06-12,0.1040032046746613,0.1143297627568245,0.1040032046746613,0.1143297627568245,135000
2019-06-13,0.1143297627568245,0.1143297627568245,0.1143297627568245,0.1143297627568245,0
2019-06-14,0.1143297627568245,0.1143297627568245,0.1143297627568245,0.1143297627568245,0
2019-06-17,0.1143297627568245,0.1143297627568245,0.1143297627568245,0.1143297627568245,0
2019-06-18,0.1143297627568245,0.1143297627568245,0.1143297627568245,0.1143297627568245,0
2019-06-19,0.1047408282756805,0.1047408282756805,0.1047408282756805,0.1047408282756805,6200
2019-06-20,0.1040032153382879,0.1047408282756805,0.1040032153382879,0.1047408282756805,122500
2019-06-21,0.105478435754776,0.105478435754776,0.105478435754776,0.105478435754776,33100
2019-06-24,0.1047408282756805,0.1047408282756805,0.1047408282756805,0.1047408282756805,4300
2019-06-25,0.1047408282756805,0.1047408282756805,0.1047408282756805,0.1047408282756805,0
2019-06-26,0.1047408282756805,0.1047408282756805,0.1047408282756805,0.1047408282756805,25000
2019-06-27,0.107691257992215,0.1143297627568245,0.107691257992215,0.1143297627568245,20000
2019-06-28,0.1047408224996652,0.1143297681744454,0.1047408224996652,0.113592155277729,500
2019-07-01,0.1054784353963815,0.113592155277729,0.1054784353963815,0.113592155277729,5100
2019-07-02,0.113592155277729,0.113592155277729,0.113592155277729,0.113592155277729,0
2019-07-03,0.113592155277729,0.113592155277729,0.113592155277729,0.113592155277729,0
2019-07-04,0.113592155277729,0.113592155277729,0.113592155277729,0.113592155277729,0
2019-07-05,0.1128545370332966,0.1143297627568245,0.1128545370332966,0.1143297627568245,53800
2019-07-08,0.113592155277729,0.113592155277729,0.113592155277729,0.113592155277729,900
2019-07-09,0.113592155277729,0.113592155277729,0.113592155277729,0.113592155277729,0
2019-07-10,0.113592155277729,0.113592155277729,0.113592155277729,0.113592155277729,0
2019-07-11,0.113592155277729,0.113592155277729,0.113592155277729,0.113592155277729,0
2019-07-12,0.113592155277729,0.113592155277729,0.113592155277729,0.113592155277729,0
2019-07-15,0.113592155277729,0.113592155277729,0.113592155277729,0.113592155277729,0
2019-07-16,0.113592155277729,0.113592155277729,0.113592155277729,0.113592155277729,0
2019-07-17,0.1047408197270501,0.1084288731217384,0.1040032068498592,0.1084288731217384,101300
2019-07-18,0.1047408282756805,0.1047408282756805,0.1047408282756805,0.1047408282756805,12500
2019-07-19,0.1091664900763494,0.1099041029810905,0.1091664900763494,0.1099041029810905,10100
2019-07-22,0.1099041029810905,0.1099041029810905,0.1099041029810905,0.1099041029810905,0
2019-07-23,0.1047408236391695,0.1099041029810905,0.1047408236391695,0.1099041029810905,200
2019-07-24,0.1047408197270501,0.1084288731217384,0.1047408197270501,0.1084288731217384,1100
2019-07-25,0.1084288731217384,0.1084288731217384,0.1084288731217384,0.1084288731217384,0
2019-07-26,0.1084288731217384,0.1084288731217384,0.1084288731217384,0.1084288731217384,0
2019-07-29,0.1047408185028916,0.110641710460186,0.1047408185028916,0.110641710460186,22600
2019-07-30,0.110641710460186,0.110641710460186,0.110641710460186,0.110641710460186,0
2019-07-31,0.110641710460186,0.110641710460186,0.110641710460186,0.110641710460186,0
2019-08-01,0.110641710460186,0.110641710460186,0.110641710460186,0.110641710460186,16000
2019-08-02,0.1047408282756805,0.1047408282756805,0.1032656024008952,0.1047408282756805,62600
2019-08-05,0.1032655909657478,0.1032655909657478,0.1032655909657478,0.1032655909657478,25000
2019-08-06,0.1032655909657478,0.1032655909657478,0.1032655909657478,0.1032655909657478,0
2019-08-07,0.1032655909657478,0.1032655909657478,0.1032655909657478,0.1032655909657478,0
2019-08-08,0.1032655909657478,0.1032655909657478,0.1032655909657478,0.1032655909657478,0
2019-08-13,0.1032655909657478,0.1032655909657478,0.1032655909657478,0.1032655909657478,0
2019-08-14,0.1032655909657478,0.1032655909657478,0.1032655909657478,0.1032655909657478,0
2019-08-15,0.1032655909657478,0.1032655909657478,0.1032655909657478,0.1032655909657478,0
2019-08-16,0.1032655909657478,0.1032655909657478,0.1032655909657478,0.1032655909657478,0
2019-08-19,0.1032655909657478,0.1032655909657478,0.1032655909657478,0.1032655909657478,0
2019-08-20,0.1032655909657478,0.1032655909657478,0.1032655909657478,0.1032655909657478,0
2019-08-21,0.1032655909657478,0.1032655909657478,0.1032655909657478,0.1032655909657478,0
2019-08-22,0.1032655909657478,0.1032655909657478,0.1032655909657478,0.1032655909657478,0
2019-08-23,0.1032655909657478,0.1032655909657478,0.1032655909657478,0.1032655909657478,0
2019-08-26,0.1032655909657478,0.1032655909657478,0.1032655909657478,0.1032655909657478,0
2019-08-27,0.1032655909657478,0.1032655909657478,0.1032655909657478,0.1032655909657478,0
2019-08-28,0.1040032038214606,0.1040032038214606,0.1032655909657478,0.1032655909657478,75400
2019-08-29,0.103265604396577,0.1069536581635475,0.103265604396577,0.1069536581635475,189000
2019-08-30,0.1069536581635475,0.1069536581635475,0.1069536581635475,0.1069536581635475,0
2019-09-02,0.1069536581635475,0.1069536581635475,0.1069536581635475,0.1069536581635475,0
2019-09-03,0.1069536581635475,0.1069536581635475,0.1069536581635475,0.1069536581635475,0
2019-09-04,0.1069536581635475,0.1069536581635475,0.1069536581635475,0.1069536581635475,0
2019-09-05,0.1069536581635475,0.1069536581635475,0.1069536581635475,0.1069536581635475,0
2019-09-06,0.1069536581635475,0.1069536581635475,0.1069536581635475,0.1069536581635475,0
2019-09-09,0.1069536581635475,0.1069536581635475,0.1069536581635475,0.1069536581635475,25000
2019-09-10,0.1069536581635475,0.1069536581635475,0.1069536581635475,0.1069536581635475,0
2019-09-11,0.1069536581635475,0.1069536581635475,0.1069536581635475,0.1069536581635475,10000
2019-09-12,0.1069536581635475,0.1069536581635475,0.1069536581635475,0.1069536581635475,0
2019-09-13,0.1069536581635475,0.1069536581635475,0.1069536581635475,0.1069536581635475,0
2019-09-16,0.1069536581635475,0.1069536581635475,0.1069536581635475,0.1069536581635475,11000
2019-09-17,0.1069536581635475,0.1069536581635475,0.1069536581635475,0.1069536581635475,0
2019-09-18,0.1069536581635475,0.1069536581635475,0.1069536581635475,0.1069536581635475,0
2019-09-19,0.1069536581635475,0.1069536581635475,0.1069536581635475,0.1069536581635475,0
2019-09-20,0.1069536581635475,0.1069536581635475,0.1069536581635475,0.1069536581635475,0
2019-09-23,0.1069536581635475,0.1069536581635475,0.1069536581635475,0.1069536581635475,0
2019-09-24,0.1040032058954238,0.1040032058954238,0.1040032058954238,0.1040032058954238,3700
2019-09-25,0.1040032058954238,0.1040032058954238,0.1040032058954238,0.1040032058954238,0
2019-09-26,0.1099041029810905,0.1099041029810905,0.1099041029810905,0.1099041029810905,100
2019-09-27,0.1099041029810905,0.1099041029810905,0.1099041029810905,0.1099041029810905,0
2019-09-30,0.1099041029810905,0.1099041029810905,0.1099041029810905,0.1099041029810905,0
2019-10-01,0.1099041029810905,0.1099041029810905,0.1099041029810905,0.1099041029810905,0
2019-10-02,0.1099041029810905,0.1099041029810905,0.1099041029810905,0.1099041029810905,0
2019-10-03,0.1099041029810905,0.1099041029810905,0.1099041029810905,0.1099041029810905,0
2019-10-04,0.1099041029810905,0.1099041029810905,0.1099041029810905,0.1099041029810905,0
2019-10-07,0.1099041029810905,0.1099041029810905,0.1099041029810905,0.1099041029810905,0
2019-10-08,0.1099041029810905,0.1099041029810905,0.1099041029810905,0.1099041029810905,0
2019-10-09,0.1099041029810905,0.1099041029810905,0.1099041029810905,0.1099041029810905,0
2019-10-10,0.1099041029810905,0.1099041029810905,0.1099041029810905,0.1099041029810905,0
2019-10-11,0.1099041029810905,0.1099041029810905,0.1099041029810905,0.1099041029810905,0
2019-10-14,0.1099041029810905,0.1099041029810905,0.1099041029810905,0.1099041029810905,0
2019-10-15,0.1099041029810905,0.1099041029810905,0.1099041029810905,0.1099041029810905,0
2019-10-16,0.1099041029810905,0.1099041029810905,0.1099041029810905,0.1099041029810905,0
2019-10-17,0.1032655909657478,0.1032655909657478,0.1032655909657478,0.1032655909657478,51200
2019-10-18,0.1032655909657478,0.1032655909657478,0.1032655909657478,0.1032655909657478,0
2019-10-21,0.1032655909657478,0.1032655909657478,0.1032655909657478,0.1032655909657478,100000
2019-10-22,0.103265604396577,0.1069536581635475,0.103265604396577,0.1069536581635475,72200
2019-10-23,0.1040032058954238,0.1040032058954238,0.1040032058954238,0.1040032058954238,8000
2019-10-24,0.1040032058954238,0.1040032058954238,0.1040032058954238,0.1040032058954238,0
2019-10-25,0.1040032058954238,0.1040032058954238,0.1040032058954238,0.1040032058954238,0
2019-10-29,0.1040032058954238,0.1040032058954238,0.1040032058954238,0.1040032058954238,0
2019-10-30,0.1040032058954238,0.1040032058954238,0.1040032058954238,0.1040032058954238,0
2019-10-31,0.1099041029810905,0.1099041029810905,0.1099041029810905,0.1099041029810905,100
2019-11-01,0.1025279834866523,0.1025279834866523,0.1025279834866523,0.1025279834866523,6200
2019-11-04,0.1025279834866523,0.1025279834866523,0.1025279834866523,0.1025279834866523,0
2019-11-05,0.1054784295328863,0.1054784295328863,0.1032655909657478,0.1032655909657478,110200
2019-11-06,0.1069536601280278,0.1076912730932235,0.1069536601280278,0.1076912730932235,37100
2019-11-07,0.1076912730932235,0.1076912730932235,0.1076912730932235,0.1076912730932235,0
2019-11-08,0.1076912730932235,0.1076912730932235,0.1076912730932235,0.1076912730932235,0
2019-11-11,0.1076912730932235,0.1076912730932235,0.1076912730932235,0.1076912730932235,0
2019-11-12,0.1076912730932235,0.1076912730932235,0.1076912730932235,0.1076912730932235,0
2019-11-13,0.1076912730932235,0.1076912730932235,0.1076912730932235,0.1076912730932235,0
2019-11-14,0.1076912730932235,0.1076912730932235,0.1076912730932235,0.1076912730932235,0
2019-11-15,0.1076912642668673,0.1099041029810905,0.1076912642668673,0.1099041029810905,27600
2019-11-18,0.1099041029810905,0.1099041029810905,0.1099041029810905,0.1099041029810905,0
2019-11-19,0.1099041029810905,0.1099041029810905,0.1099041029810905,0.1099041029810905,0
2019-11-20,0.1099041029810905,0.1099041029810905,0.1099041029810905,0.1099041029810905,0
2019-11-21,0.1099041029810905,0.1099041029810905,0.1099041029810905,0.1099041029810905,0
2019-11-22,0.1099041029810905,0.1099041029810905,0.1099041029810905,0.1099041029810905,0
2019-11-25,0.1099041029810905,0.1099041029810905,0.1099041029810905,0.1099041029810905,0
2019-11-26,0.110641710460186,0.110641710460186,0.110641710460186,0.110641710460186,52000
2019-11-27,0.110641710460186,0.110641710460186,0.110641710460186,0.110641710460186,0
2019-11-28,0.110641710460186,0.110641710460186,0.110641710460186,0.110641710460186,0
2019-11-29,0.110641710460186,0.110641710460186,0.110641710460186,0.110641710460186,0
2019-12-02,0.110641710460186,0.110641710460186,0.110641710460186,0.110641710460186,0
2019-12-03,0.110641710460186,0.110641710460186,0.110641710460186,0.110641710460186,0
2019-12-04,0.110641710460186,0.110641710460186,0.110641710460186,0.110641710460186,0
2019-12-05,0.110641710460186,0.110641710460186,0.110641710460186,0.110641710460186,0
2019-12-06,0.110641710460186,0.110641710460186,0.110641710460186,0.110641710460186,0
2019-12-09,0.110641710460186,0.110641710460186,0.110641710460186,0.110641710460186,0
2019-12-10,0.110641710460186,0.110641710460186,0.110641710460186,0.110641710460186,0
2019-12-11,0.110641710460186,0.110641710460186,0.110641710460186,0.110641710460186,0
2019-12-12,0.110641710460186,0.110641710460186,0.110641710460186,0.110641710460186,0
2019-12-13,0.110641710460186,0.110641710460186,0.110641710460186,0.110641710460186,0
2019-12-16,0.110641710460186,0.110641710460186,0.110641710460186,0.110641710460186,0
2019-12-17,0.1069536412108791,0.1128545328974723,0.1069536412108791,0.1128545328974723,93300
2019-12-18,0.1128545328974723,0.1128545328974723,0.1128545328974723,0.1128545328974723,0
2019-12-19,0.1128545328974723,0.1128545328974723,0.1128545328974723,0.1128545328974723,0
2019-12-20,0.1128545328974723,0.1128545328974723,0.1128545328974723,0.1128545328974723,0
2019-12-23,0.1128545328974723,0.1128545328974723,0.1128545328974723,0.1128545328974723,0
2019-12-24,0.1128545328974723,0.1128545328974723,0.1128545328974723,0.1128545328974723,0
2019-12-25,0.1128545328974723,0.1128545328974723,0.1128545328974723,0.1128545328974723,0
2019-12-26,0.1047408282756805,0.1047408282756805,0.1047408282756805,0.1047408282756805,100
2019-12-27,0.1047408282756805,0.1047408282756805,0.1047408282756805,0.1047408282756805,0
2019-12-30,0.1054784294857461,0.1180178150534629,0.1054784294857461,0.1180178150534629,18100
2019-12-31,0.1180178150534629,0.1180178150534629,0.1180178150534629,0.1180178150534629,0
2020-01-02,0.1180178150534629,0.1180178150534629,0.1180178150534629,0.1180178150534629,0
2020-01-03,0.1180178150534629,0.1180178150534629,0.1180178150534629,0.1180178150534629,0
2020-01-06,0.1180178150534629,0.1180178150534629,0.1180178150534629,0.1180178150534629,0
2020-01-07,0.1180178150534629,0.1180178150534629,0.1180178150534629,0.1180178150534629,0
2020-01-08,0.1180178150534629,0.1180178150534629,0.1180178150534629,0.1180178150534629,0
2020-01-09,0.110641710460186,0.110641710460186,0.110641710460186,0.110641710460186,10900
2020-01-10,0.1076912730932235,0.1076912730932235,0.1069536601280278,0.1076912730932235,75000
2020-01-13,0.1076912570606299,0.1180178150534629,0.1076912570606299,0.1180178150534629,73300
2020-01-14,0.1180178150534629,0.1180178150534629,0.1180178150534629,0.1180178150534629,0
2020-01-15,0.110641710460186,0.110641710460186,0.110641710460186,0.110641710460186,15000
2020-01-16,0.1099041029810905,0.1099041029810905,0.1032655978296873,0.1099041029810905,56400
2020-01-17,0.1047408216963264,0.1091664880514144,0.1032655959142083,0.1091664880514144,161600
2020-01-20,0.1091664880514144,0.1091664880514144,0.1091664880514144,0.1091664880514144,0
2020-01-21,0.1091664900763494,0.1099041029810905,0.1091664900763494,0.1099041029810905,65500
2020-01-22,0.1099041029810905,0.1099041029810905,0.1099041029810905,0.1099041029810905,0
2020-01-23,0.1099041029810905,0.1099041029810905,0.1099041029810905,0.1099041029810905,0
2020-01-24,0.1099041029810905,0.1099041029810905,0.1099041029810905,0.1099041029810905,0
2020-01-28,0.1099041029810905,0.1099041029810905,0.1099041029810905,0.1099041029810905,0
2020-01-29,0.1099041029810905,0.1099041029810905,0.1099041029810905,0.1099041029810905,0
2020-01-30,0.1099041029810905,0.1099041029810905,0.1099041029810905,0.1099041029810905,0
2020-01-31,0.1099041029810905,0.1099041029810905,0.1099041029810905,0.1099041029810905,0
2020-02-03,0.103265596381046,0.1040032092754396,0.1025279834866523,0.1025279834866523,214500
2020-02-04,0.1128545328974723,0.1128545328974723,0.1128545328974723,0.1128545328974723,100
2020-02-05,0.1040032038214606,0.1040032038214606,0.1032655909657478,0.1032655909657478,50100
2020-02-06,0.1032655909657478,0.1032655909657478,0.1032655909657478,0.1032655909657478,52500
2020-02-07,0.1032655909657478,0.1032655909657478,0.1032655909657478,0.1032655909657478,0
2020-02-10,0.1032655909657478,0.1032655909657478,0.1032655909657478,0.1032655909657478,0
2020-02-11,0.1032655909657478,0.1032655909657478,0.1032655909657478,0.1032655909657478,0
2020-02-12,0.1069536412108791,0.1128545328974723,0.1069536412108791,0.1128545328974723,11100
2020-02-13,0.1128545328974723,0.1128545328974723,0.1128545328974723,0.1128545328974723,0
2020-02-14,0.1040032058312734,0.1121169254183769,0.1032655929613066,0.1121169254183769,21100
2020-02-17,0.1121169254183769,0.1121169254183769,0.1121169254183769,0.1121169254183769,0
2020-02-18,0.1121169254183769,0.1121169254183769,0.1121169254183769,0.1121169254183769,0
2020-02-19,0.1121169254183769,0.1121169254183769,0.1121169254183769,0.1121169254183769,0
2020-02-20,0.1121169254183769,0.1121169254183769,0.1121169254183769,0.1121169254183769,0
2020-02-21,0.1121169254183769,0.1121169254183769,0.1121169254183769,0.1121169254183769,0
2020-02-24,0.1121169254183769,0.1121169254183769,0.1121169254183769,0.1121169254183769,0
2020-02-25,0.1040032058312734,0.1121169254183769,0.1032655929613066,0.1121169254183769,87600
2020-02-26,0.1121169254183769,0.1121169254183769,0.1121169254183769,0.1121169254183769,0
2020-02-27,0.1121169254183769,0.1121169254183769,0.1121169254183769,0.1121169254183769,0
2020-02-28,0.1121169254183769,0.1121169254183769,0.1121169254183769,0.1121169254183769,0
2020-03-02,0.1121169254183769,0.1121169254183769,0.1121169254183769,0.1121169254183769,0
2020-03-03,0.1121169254183769,0.1121169254183769,0.1121169254183769,0.1121169254183769,0
2020-03-04,0.1121169254183769,0.1121169254183769,0.1121169254183769,0.1121169254183769,0
2020-03-05,0.1040032058954238,0.1040032058954238,0.1040032058954238,0.1040032058954238,26600
2020-03-06,0.1032655909657478,0.1032655909657478,0.1032655909657478,0.1032655909657478,360000
2020-03-09,0.1032656018748269,0.1032656018748269,0.1017903760075569,0.1017903760075569,403000
2020-03-10,0.1017903760075569,0.1017903760075569,0.1017903760075569,0.1017903760075569,5800
2020-03-11,0.1017903760075569,0.1017903760075569,0.1017903760075569,0.1017903760075569,0
2020-03-12,0.0951518714427948,0.0951518714427948,0.0951518714427948,0.0951518714427948,120000
2020-03-13,0.0848253145813942,0.0848253145813942,0.0848253145813942,0.0848253145813942,536200
2020-03-16,0.0811372549905709,0.0922014266252517,0.0803996420827566,0.0922014266252517,190000
2020-03-17,0.0922014266252517,0.0922014266252517,0.0922014266252517,0.0922014266252517,0
2020-03-18,0.0774491888120664,0.088513359427452,0.0774491888120664,0.088513359427452,33700
2020-03-19,0.0818748748653837,0.0818748748653837,0.0774492025375366,0.0774492025375366,65100
2020-03-20,0.0774492025375366,0.0774492025375366,0.0774492025375366,0.0774492025375366,0
2020-03-23,0.0774492025375366,0.0774492025375366,0.0774492025375366,0.0774492025375366,10000
2020-03-24,0.0774492025375366,0.0774492025375366,0.0774492025375366,0.0774492025375366,0
2020-03-25,0.0774492025375366,0.0774492025375366,0.0774492025375366,0.0774492025375366,0
2020-03-26,0.0811372548341751,0.0811372548341751,0.0811372548341751,0.0811372548341751,100000
2020-03-27,0.088513363868888,0.088513363868888,0.083350084722042,0.083350084722042,50000
2020-03-30,0.0833500867568379,0.0885133660297331,0.0833500867568379,0.0840876996517181,116300
2020-03-31,0.0840876996517181,0.0840876996517181,0.0840876996517181,0.0840876996517181,0
2020-04-01,0.0840876996517181,0.0840876996517181,0.0840876996517181,0.0840876996517181,0
2020-04-02,0.0840876996517181,0.0840876996517181,0.0840876996517181,0.0840876996517181,0
2020-04-03,0.0848253138705042,0.0848253138705042,0.0774491957978459,0.0811372548341751,223900
2020-04-06,0.0811372548341751,0.0811372548341751,0.0811372548341751,0.0811372548341751,0
2020-04-07,0.0811372548341751,0.0811372548341751,0.0811372548341751,0.0811372548341751,0
2020-04-08,0.0811372548341751,0.0811372548341751,0.0811372548341751,0.0811372548341751,0
2020-04-09,0.0811372548341751,0.0811372548341751,0.0811372548341751,0.0811372548341751,0
2020-04-13,0.0811372548341751,0.0811372548341751,0.0811372548341751,0.0811372548341751,0
2020-04-14,0.0811372548341751,0.0811372548341751,0.0811372548341751,0.0811372548341751,0
2020-04-15,0.0811372548341751,0.0811372548341751,0.0811372548341751,0.0811372548341751,10000
2020-04-16,0.0848253145813942,0.0848253145813942,0.0848253145813942,0.0848253145813942,100000
2020-04-17,0.0848253145813942,0.0848253145813942,0.0848253145813942,0.0848253145813942,0
2020-04-20,0.0848253145813942,0.0848253145813942,0.0848253145813942,0.0848253145813942,0
2020-04-21,0.0848253145813942,0.0848253145813942,0.0848253145813942,0.0848253145813942,0
2020-04-22,0.0848253145813942,0.0848253145813942,0.0848253145813942,0.0848253145813942,0
2020-04-23,0.0848253145813942,0.0848253145813942,0.0848253145813942,0.0848253145813942,0
2020-04-24,0.0848253145813942,0.0848253145813942,0.0848253145813942,0.0848253145813942,0
2020-04-27,0.0958894809378688,0.0966270938515663,0.0958894809378688,0.0966270938515663,63700
2020-04-28,0.0848253063363093,0.0958894714713096,0.0848253063363093,0.0958894714713096,66100
2020-04-29,0.0958894714713096,0.0958894714713096,0.0958894714713096,0.0958894714713096,0
2020-04-30,0.0958894714713096,0.0958894714713096,0.0958894714713096,0.0958894714713096,0
2020-05-04,0.0958894714713096,0.0958894714713096,0.0958894714713096,0.0958894714713096,0
2020-05-05,0.0958894714713096,0.0958894714713096,0.0958894714713096,0.0958894714713096,0
2020-05-06,0.0863005265224318,0.0958894714713096,0.0863005265224318,0.0958894714713096,12900
2020-05-08,0.0958894714713096,0.0958894714713096,0.0958894714713096,0.0958894714713096,0
2020-05-11,0.0826124733093093,0.0958894714713096,0.0826124733093093,0.0958894714713096,45700
2020-05-12,0.0958894714713096,0.0958894714713096,0.0958894714713096,0.0958894714713096,0
2020-05-13,0.0958894714713096,0.0958894714713096,0.0958894714713096,0.0958894714713096,0
2020-05-14,0.0958894714713096,0.0958894714713096,0.0958894714713096,0.0958894714713096,0
2020-05-15,0.0958894714713096,0.0958894714713096,0.0958894714713096,0.0958894714713096,0
2020-05-18,0.0958894714713096,0.0958894714713096,0.0958894714713096,0.0958894714713096,0
2020-05-19,0.0958894714713096,0.0958894714713096,0.0958894714713096,0.0958894714713096,0
2020-05-20,0.0958894714713096,0.0958894714713096,0.0958894714713096,0.0958894714713096,0
2020-05-21,0.0958894714713096,0.0958894714713096,0.0958894714713096,0.0958894714713096,0
2020-05-22,0.0958894714713096,0.0958894714713096,0.0958894714713096,0.0958894714713096,0
2020-05-26,0.0958894714713096,0.0958894714713096,0.0958894714713096,0.0958894714713096,0
2020-05-27,0.0958894714713096,0.0958894714713096,0.0958894714713096,0.0958894714713096,0
2020-05-28,0.0958894714713096,0.0958894714713096,0.0958894714713096,0.0958894714713096,0
2020-05-29,0.0958894714713096,0.0958894714713096,0.0958894714713096,0.0958894714713096,0
2020-06-01,0.0958894714713096,0.0958894714713096,0.0958894714713096,0.0958894714713096,0
2020-06-02,0.0958894714713096,0.0958894714713096,0.0958894714713096,0.0958894714713096,0
2020-06-03,0.0885133714679092,0.0958894843829932,0.0885133714679092,0.0951518714427948,54800
2020-06-04,0.095151858630432,0.0958894714713096,0.0885133595494318,0.0958894714713096,130400
2020-06-05,0.0958894714713096,0.0958894714713096,0.0958894714713096,0.0958894714713096,0
2020-06-08,0.0958894714713096,0.0958894714713096,0.0958894714713096,0.0958894714713096,0
2020-06-09,0.0899885852311871,0.0958894714713096,0.0899885852311871,0.0958894714713096,11100
2020-06-10,0.0958894714713096,0.0958894714713096,0.0958894714713096,0.0958894714713096,0
2020-06-11,0.0995775506296066,0.1106417229217851,0.0958894858713689,0.1069536581635475,101000
2020-06-12,0.1069536581635475,0.1069536581635475,0.1069536581635475,0.1069536581635475,0
2020-06-15,0.1069536581635475,0.1069536581635475,0.1069536581635475,0.1069536581635475,0
2020-06-16,0.1069536581635475,0.1069536581635475,0.1069536581635475,0.1069536581635475,0
2020-06-17,0.1069536581635475,0.1069536581635475,0.1069536581635475,0.1069536581635475,0
2020-06-18,0.1069536581635475,0.1069536581635475,0.1069536581635475,0.1069536581635475,0
2020-06-19,0.1069536581635475,0.1069536581635475,0.1069536581635475,0.1069536581635475,0
2020-06-22,0.113592155277729,0.113592155277729,0.113592155277729,0.113592155277729,10000
2020-06-23,0.113592155277729,0.113592155277729,0.113592155277729,0.113592155277729,0
2020-06-24,0.113592155277729,0.113592155277729,0.113592155277729,0.113592155277729,0
2020-06-25,0.113592155277729,0.113592155277729,0.113592155277729,0.113592155277729,0
2020-06-26,0.0944142639636993,0.0944142639636993,0.0944142639636993,0.0944142639636993,100
2020-06-29,0.0944142639636993,0.0944142639636993,0.0944142639636993,0.0944142639636993,0
2020-06-30,0.0944142639636993,0.0944142639636993,0.0944142639636993,0.0944142639636993,0
2020-07-01,0.1069536581635475,0.1069536581635475,0.1069536581635475,0.1069536581635475,41000
2020-07-02,0.1069536581635475,0.1069536581635475,0.1069536581635475,0.1069536581635475,0
2020-07-03,0.1069536581635475,0.1069536581635475,0.1069536581635475,0.1069536581635475,0
2020-07-06,0.1069536581635475,0.1069536581635475,0.1069536581635475,0.1069536581635475,0
2020-07-07,0.0988399237394332,0.0988399237394332,0.0988399237394332,0.0988399237394332,10000
2020-07-08,0.0988399237394332,0.0988399237394332,0.0988399237394332,0.0988399237394332,0
2020-07-09,0.0988399237394332,0.0988399237394332,0.0988399237394332,0.0988399237394332,0
2020-07-13,0.0988399250129499,0.0988399250129499,0.0855629155670993,0.0892509743571281,7100
2020-07-14,0.0892509743571281,0.0892509743571281,0.0892509743571281,0.0892509743571281,0
2020-07-15,0.0892509743571281,0.0892509743571281,0.0892509743571281,0.0892509743571281,0
2020-07-16,0.0892509743571281,0.0892509743571281,0.0892509743571281,0.0892509743571281,0
2020-07-17,0.0892509743571281,0.0892509743571281,0.0892509743571281,0.0892509743571281,0
2020-07-20,0.0892509743571281,0.0892509743571281,0.0892509743571281,0.0892509743571281,0
2020-07-21,0.0892509743571281,0.0892509743571281,0.0892509743571281,0.0892509743571281,0
2020-07-22,0.0930979996919632,0.0930979996919632,0.0930979996919632,0.0930979996919632,0
2020-07-23,0.0930979996919632,0.0930979996919632,0.0930979996919632,0.0930979996919632,0
2020-07-24,0.0930979996919632,0.0930979996919632,0.0930979996919632,0.0930979996919632,0
2020-07-27,0.0930979996919632,0.0930979996919632,0.0930979996919632,0.0930979996919632,0
2020-07-28,0.0930979996919632,0.0930979996919632,0.0930979996919632,0.0930979996919632,0
2020-07-29,0.0930979996919632,0.0930979996919632,0.0930979996919632,0.0930979996919632,0
2020-07-30,0.0930979996919632,0.0930979996919632,0.0930979996919632,0.0930979996919632,0
2020-08-03,0.1015614643301629,0.1023308709263801,0.1015614643301629,0.1023308709263801,35000
2020-08-04,0.1023308709263801,0.1023308709263801,0.1023308709263801,0.1023308709263801,0
2020-08-05,0.1023308709263801,0.1023308709263801,0.1023308709263801,0.1023308709263801,0
2020-08-06,0.1023308709263801,0.1023308709263801,0.1023308709263801,0.1023308709263801,0
2020-08-07,0.1023308709263801,0.1023308709263801,0.1023308709263801,0.1023308709263801,0
2020-08-11,0.1023308709263801,0.1023308709263801,0.1023308709263801,0.1023308709263801,0
2020-08-12,0.1023308709263801,0.1023308709263801,0.1023308709263801,0.1023308709263801,0
2020-08-13,0.1077166944742202,0.1077166944742202,0.1077166944742202,0.1077166944742202,5000
2020-08-14,0.1000226438877264,0.1038696765899658,0.0954062161100668,0.1038696765899658,24500
2020-08-17,0.10233086350907,0.1038696765899658,0.10233086350907,0.1038696765899658,19500
2020-08-18,0.095406212060511,0.0977144315838813,0.095406212060511,0.0977144315838813,12600
2020-08-19,0.0977144315838813,0.0977144315838813,0.0977144315838813,0.0977144315838813,0
2020-08-20,0.0977144315838813,0.0977144315838813,0.0977144315838813,0.0977144315838813,0
2020-08-21,0.097714439053508,0.097714439053508,0.0961756259202957,0.0961756259202957,17500
2020-08-24,0.0961756259202957,0.0961756259202957,0.0961756259202957,0.0961756259202957,0
2020-08-25,0.0961756259202957,0.0961756259202957,0.0961756259202957,0.0961756259202957,0
2020-08-26,0.1000226512551307,0.1000226512551307,0.1000226512551307,0.1000226512551307,14000
2020-08-27,0.1000226512551307,0.1000226512551307,0.1000226512551307,0.1000226512551307,0
2020-08-28,0.1023308709263801,0.1023308709263801,0.1023308709263801,0.1023308709263801,10000
2020-08-31,0.1031002774834632,0.1031002774834632,0.1031002774834632,0.1031002774834632,5000
2020-09-01,0.1031002774834632,0.1031002774834632,0.1031002774834632,0.1031002774834632,0
2020-09-02,0.1031002774834632,0.1031002774834632,0.1031002774834632,0.1031002774834632,0
2020-09-03,0.1031002774834632,0.1031002774834632,0.1031002774834632,0.1031002774834632,0
2020-09-04,0.1031002774834632,0.1031002774834632,0.1031002774834632,0.1031002774834632,0
2020-09-07,0.1031002774834632,0.1031002774834632,0.1031002774834632,0.1031002774834632,0
2020-09-08,0.1031002774834632,0.1031002774834632,0.1031002774834632,0.1031002774834632,0
2020-09-09,0.1031002774834632,0.1031002774834632,0.1031002774834632,0.1031002774834632,0
2020-09-10,0.1031002774834632,0.1031002774834632,0.1031002774834632,0.1031002774834632,0
2020-09-11,0.1031002774834632,0.1031002774834632,0.1031002774834632,0.1031002774834632,0
2020-09-14,0.1031002774834632,0.1031002774834632,0.1031002774834632,0.1031002774834632,0
2020-09-15,0.1031002774834632,0.1031002774834632,0.1031002774834632,0.1031002774834632,0
2020-09-16,0.1031002774834632,0.1031002774834632,0.1031002774834632,0.1031002774834632,0
2020-09-17,0.1031002774834632,0.1031002774834632,0.1031002774834632,0.1031002774834632,0
2020-09-18,0.1031002774834632,0.1031002774834632,0.1031002774834632,0.1031002774834632,0
2020-09-21,0.1031002774834632,0.1031002774834632,0.1031002774834632,0.1031002774834632,0
2020-09-22,0.1031002774834632,0.1031002774834632,0.1031002774834632,0.1031002774834632,0
2020-09-23,0.092328602518714,0.0992532446980476,0.0854039603393804,0.0992532446980476,97500
2020-09-24,0.0992532446980476,0.0992532446980476,0.0992532446980476,0.0992532446980476,0
2020-09-25,0.0992532446980476,0.0992532446980476,0.0992532446980476,0.0992532446980476,0
2020-09-28,0.0992532446980476,0.0992532446980476,0.0992532446980476,0.0992532446980476,0
2020-09-29,0.0992532446980476,0.0992532446980476,0.0992532446980476,0.0992532446980476,0
2020-09-30,0.0992532446980476,0.0992532446980476,0.0992532446980476,0.0992532446980476,0
2020-10-01,0.0992532446980476,0.0992532446980476,0.0992532446980476,0.0992532446980476,0
2020-10-02,0.0992532446980476,0.0992532446980476,0.0992532446980476,0.0992532446980476,0
2020-10-05,0.0923285856842994,0.0923285856842994,0.0923285856842994,0.0923285856842994,16200
2020-10-06,0.0923285856842994,0.0923285856842994,0.0923285856842994,0.0923285856842994,0
2020-10-07,0.0923285856842994,0.0923285856842994,0.0923285856842994,0.0923285856842994,0
2020-10-08,0.0923285856842994,0.0923285856842994,0.0923285856842994,0.0923285856842994,0
2020-10-09,0.0923285856842994,0.0923285856842994,0.0923285856842994,0.0923285856842994,12500
2020-10-12,0.0923285856842994,0.0923285856842994,0.0923285856842994,0.0923285856842994,0
2020-10-13,0.0923285856842994,0.0923285856842994,0.0923285856842994,0.0923285856842994,0
2020-10-14,0.0923285856842994,0.0923285856842994,0.0923285856842994,0.0923285856842994,0
2020-10-15,0.0923285856842994,0.0923285856842994,0.0923285856842994,0.0923285856842994,20000
2020-10-16,0.0930979983162516,0.0984838381409645,0.0930979983162516,0.0984838381409645,60100
2020-10-19,0.0984838381409645,0.0984838381409645,0.0984838381409645,0.0984838381409645,0
2020-10-20,0.0984838381409645,0.0984838381409645,0.0984838381409645,0.0984838381409645,0
2020-10-21,0.0984838381409645,0.0984838381409645,0.0984838381409645,0.0984838381409645,0
2020-10-22,0.0984838381409645,0.0984838381409645,0.0984838381409645,0.0984838381409645,0
2020-10-23,0.0984838381409645,0.0984838381409645,0.0984838381409645,0.0984838381409645,0
2020-10-26,0.0961756259202957,0.0961756259202957,0.0961756259202957,0.0961756259202957,25000
2020-10-27,0.0961756259202957,0.0961756259202957,0.0961756259202957,0.0961756259202957,0
2020-10-28,0.0961756259202957,0.0961756259202957,0.0961756259202957,0.0961756259202957,0
2020-10-29,0.0961756259202957,0.0961756259202957,0.0961756259202957,0.0961756259202957,0
2020-10-30,0.0961756259202957,0.0961756259202957,0.0961756259202957,0.0961756259202957,10000
2020-11-02,0.0961756259202957,0.0961756259202957,0.0961756259202957,0.0961756259202957,0
2020-11-03,0.0961756259202957,0.0961756259202957,0.0961756259202957,0.0961756259202957,0
2020-11-04,0.0854039564728736,0.0854039564728736,0.0854039564728736,0.0854039564728736,6200
2020-11-05,0.0854039564728736,0.0854039564728736,0.0854039564728736,0.0854039564728736,0
2020-11-06,0.0854039564728736,0.0854039564728736,0.0854039564728736,0.0854039564728736,0
2020-11-09,0.0854039564728736,0.0854039564728736,0.0854039564728736,0.0854039564728736,0
2020-11-10,0.0854039564728736,0.0854039564728736,0.0854039564728736,0.0854039564728736,0
2020-11-11,0.0854039502569184,0.0954062119126319,0.0854039502569184,0.0954062119126319,30100
2020-11-12,0.0954062193536895,0.0961756259202957,0.0954062193536895,0.0961756259202957,77000
2020-11-13,0.0961756259202957,0.0961756259202957,0.0961756259202957,0.0961756259202957,0
2020-11-16,0.1000226512551307,0.1000226512551307,0.1000226512551307,0.1000226512551307,35100
2020-11-17,0.1000226512551307,0.1000226512551307,0.1000226512551307,0.1000226512551307,0
2020-11-18,0.1000226512551307,0.1000226512551307,0.1000226512551307,0.1000226512551307,14000
2020-11-19,0.1000226512551307,0.1000226512551307,0.1000226512551307,0.1000226512551307,0
2020-11-20,0.1000226512551307,0.1000226512551307,0.1000226512551307,0.1000226512551307,0
2020-11-23,0.1000226512551307,0.1000226512551307,0.1000226512551307,0.1000226512551307,0
2020-11-24,0.1000226512551307,0.1000226512551307,0.1000226512551307,0.1000226512551307,0
2020-11-25,0.1000226512551307,0.1000226512551307,0.1000226512551307,0.1000226512551307,0
2020-11-26,0.1000226512551307,0.1000226512551307,0.1000226512551307,0.1000226512551307,0
2020-11-27,0.114641335636641,0.1192577630281448,0.114641335636641,0.1192577630281448,23000
2020-11-30,0.1192577630281448,0.1192577630281448,0.1192577630281448,0.1192577630281448,0
2020-12-01,0.1192577630281448,0.1192577630281448,0.1192577630281448,0.1192577630281448,0
2020-12-02,0.1192577630281448,0.1192577630281448,0.1192577630281448,0.1192577630281448,0
2020-12-03,0.1192577816389661,0.1192577816389661,0.1138719469308853,0.1138719469308853,7000
2020-12-04,0.1154107600450515,0.1154107600450515,0.1154107600450515,0.1154107600450515,1000
2020-12-07,0.1154107600450515,0.1154107600450515,0.1154107600450515,0.1154107600450515,0
2020-12-08,0.1154107600450515,0.1154107600450515,0.1154107600450515,0.1154107600450515,0
2020-12-09,0.1115637271043835,0.1146413534879684,0.1092555187817233,0.1146413534879684,40000
2020-12-10,0.1146413534879684,0.1146413534879684,0.1146413534879684,0.1146413534879684,0
2020-12-11,0.1146413534879684,0.1146413534879684,0.1146413534879684,0.1146413534879684,0
2020-12-14,0.1146413534879684,0.1146413534879684,0.1146413534879684,0.1146413534879684,0
2020-12-15,0.0923286024814701,0.1077167057613056,0.0923286024814701,0.1000226512551307,162500
2020-12-16,0.1000226512551307,0.1000226512551307,0.1000226512551307,0.1000226512551307,0
2020-12-17,0.1115637198090553,0.1115637198090553,0.1115637198090553,0.1115637198090553,100
2020-12-18,0.1115637198090553,0.1115637198090553,0.1115637198090553,0.1115637198090553,0
2020-12-21,0.1115637198090553,0.1115637198090553,0.1115637198090553,0.1115637198090553,0
2020-12-22,0.1115637198090553,0.1115637198090553,0.1115637198090553,0.1115637198090553,0
2020-12-23,0.1115637198090553,0.1115637198090553,0.1115637198090553,0.1115637198090553,0
2020-12-24,0.1115637198090553,0.1115637198090553,0.1115637198090553,0.1115637198090553,0
2020-12-28,0.1115637198090553,0.1115637198090553,0.1115637198090553,0.1115637198090553,0
2020-12-29,0.1115637270668642,0.1154107600450515,0.1115637270668642,0.1154107600450515,238600
2020-12-30,0.1115637155916836,0.1115637155916836,0.1077166944742202,0.1077166944742202,288500
2020-12-31,0.1077166944742202,0.1077166944742202,0.106177881441224,0.1077166944742202,217600
2021-01-04,0.1077166944742202,0.1077166944742202,0.1077166944742202,0.1077166944742202,10000
2021-01-05,0.1077166944742202,0.1077166944742202,0.1077166944742202,0.1077166944742202,0
2021-01-06,0.1077166944742202,0.1077166944742202,0.1077166944742202,0.1077166944742202,0
2021-01-07,0.1077166944742202,0.1077166944742202,0.1077166944742202,0.1077166944742202,0
2021-01-08,0.1069472879171371,0.1069472879171371,0.1069472879171371,0.1069472879171371,100
2021-01-11,0.1038696765899658,0.1054084782058339,0.1038696765899658,0.1038696765899658,86500
2021-01-12,0.1038696765899658,0.1038696765899658,0.1038696765899658,0.1038696765899658,76900
2021-01-13,0.1038696766064787,0.1061778847631616,0.1038696766064787,0.1046390831470489,70100
2021-01-14,0.1061778847631616,0.1061778847631616,0.1046390831470489,0.1046390831470489,21200
2021-01-15,0.1046390831470489,0.1046390831470489,0.1046390831470489,0.1046390831470489,38700
2021-01-18,0.1046390831470489,0.1046390831470489,0.1046390831470489,0.1046390831470489,0
2021-01-19,0.1046390831470489,0.1046390831470489,0.1046390831470489,0.1046390831470489,0
2021-01-20,0.1046390831470489,0.1046390831470489,0.1046390831470489,0.1046390831470489,0
2021-01-21,0.1046390831470489,0.1046390831470489,0.1046390831470489,0.1046390831470489,0
2021-01-22,0.1046390831470489,0.1046390831470489,0.1046390831470489,0.1046390831470489,0
2021-01-25,0.1046390831470489,0.1046390831470489,0.1046390831470489,0.1046390831470489,70000
2021-01-26,0.1046390831470489,0.1046390831470489,0.1046390831470489,0.1046390831470489,0
2021-01-27,0.1046390831470489,0.1046390831470489,0.1046390831470489,0.1046390831470489,0
2021-01-28,0.1046390831470489,0.1046390831470489,0.1046390831470489,0.1046390831470489,0
2021-01-29,0.1061778924424378,0.1061778924424378,0.1023308709263801,0.1023308709263801,30000
2021-02-01,0.1023308709263801,0.1023308709263801,0.1023308709263801,0.1023308709263801,0
2021-02-02,0.1023308709263801,0.1023308709263801,0.1023308709263801,0.1023308709263801,0
2021-02-03,0.1077166944742202,0.1077166944742202,0.1077166944742202,0.1077166944742202,37000
2021-02-04,0.1046390906753136,0.1046390906753136,0.1031002774834632,0.1031002774834632,152000
2021-02-05,0.1031002774834632,0.1031002774834632,0.1031002774834632,0.1031002774834632,0
2021-02-08,0.1031002774834632,0.1031002774834632,0.1031002774834632,0.1031002774834632,0
2021-02-09,0.1054084748029708,0.1061778813185802,0.1038696732367793,0.1054084748029708,66100
2021-02-10,0.1054084748029708,0.1054084748029708,0.1054084748029708,0.1054084748029708,38800
2021-02-11,0.1077166944742202,0.1077166944742202,0.1077166944742202,0.1077166944742202,144000
2021-02-15,0.1077166944742202,0.1077166944742202,0.1077166944742202,0.1077166944742202,127000
2021-02-16,0.1115637155916836,0.1115637155916836,0.1077166944742202,0.1077166944742202,201000
2021-02-17,0.1115637198090553,0.1115637198090553,0.1115637198090553,0.1115637198090553,6000
2021-02-18,0.1115637198090553,0.1115637198090553,0.1115637198090553,0.1115637198090553,0
2021-02-19,0.1115637198090553,0.1115637198090553,0.1115637198090553,0.1115637198090553,0
2021-02-22,0.1115637198090553,0.1115637198090553,0.1115637198090553,0.1115637198090553,0
2021-02-23,0.1115637198090553,0.1115637198090553,0.1115637198090553,0.1115637198090553,0
2021-02-24,0.1115637198090553,0.1115637198090553,0.1115637198090553,0.1115637198090553,0
2021-02-25,0.1115637198090553,0.1115637198090553,0.1115637198090553,0.1115637198090553,0
2021-02-26,0.1077166944742202,0.1077166944742202,0.1077166944742202,0.1077166944742202,22300
2021-03-01,0.1077166944742202,0.1077166944742202,0.1077166944742202,0.1077166944742202,39600
2021-03-02,0.104639079873255,0.1077166944742202,0.104639079873255,0.1077166944742202,51400
2021-03-03,0.1084861010313034,0.1084861010313034,0.1084861010313034,0.1084861010313034,30000
2021-03-04,0.1077166945145174,0.1084861010313034,0.1077166945145174,0.1084861010313034,78200
2021-03-05,0.1077166912913649,0.1107943058013916,0.1077166912913649,0.1107943058013916,18800
2021-03-08,0.1077166944742202,0.1077166944742202,0.1077166944742202,0.1077166944742202,30000
2021-03-09,0.1077166943918739,0.1077166943918739,0.106177881360054,0.106177881360054,38700
2021-03-10,0.106177881360054,0.106177881360054,0.106177881360054,0.106177881360054,0
2021-03-11,0.1077166872991465,0.110024906694889,0.1077166872991465,0.110024906694889,110000
2021-03-12,0.110024906694889,0.110024906694889,0.110024906694889,0.110024906694889,0
2021-03-15,0.1077166944742202,0.1077166944742202,0.1077166944742202,0.1077166944742202,1000
2021-03-16,0.1077166944742202,0.1077166944742202,0.1077166944742202,0.1077166944742202,0
2021-03-17,0.1077166944742202,0.1077166944742202,0.1077166944742202,0.1077166944742202,0
2021-03-18,0.1077166944742202,0.1077166944742202,0.1077166944742202,0.1077166944742202,20000
2021-03-19,0.1077166944742202,0.1077166944742202,0.1077166944742202,0.1077166944742202,0
2021-03-22,0.1077166944742202,0.1077166944742202,0.1077166944742202,0.1077166944742202,0
2021-03-23,0.1077166944742202,0.1077166944742202,0.1077166944742202,0.1077166944742202,25000
2021-03-24,0.1077166944742202,0.1077166944742202,0.1077166944742202,0.1077166944742202,0
2021-03-25,0.1077166944742202,0.1077166944742202,0.1077166944742202,0.1077166944742202,0
2021-03-26,0.1092555075883865,0.1092555075883865,0.1092555075883865,0.1092555075883865,60000
2021-03-29,0.1115637198090553,0.1115637198090553,0.1115637198090553,0.1115637198090553,8000
2021-03-30,0.1115637198090553,0.1115637198090553,0.1115637198090553,0.1115637198090553,0
2021-03-31,0.1115637198090553,0.1115637198090553,0.1115637198090553,0.1115637198090553,0
2021-04-01,0.1115637155916836,0.1115637155916836,0.1077166944742202,0.1077166944742202,46200
2021-04-05,0.1077166944742202,0.1077166944742202,0.1077166944742202,0.1077166944742202,25000
2021-04-06,0.1077166985461654,0.1115637198090553,0.1077166985461654,0.1115637198090553,6900
2021-04-07,0.1115637198090553,0.1115637198090553,0.1115637198090553,0.1115637198090553,800
2021-04-08,0.1107943132634718,0.1115637198090553,0.1107943132634718,0.1115637198090553,42100
2021-04-09,0.1115637308228785,0.1169495657086372,0.1115637308228785,0.1169495657086372,50300
2021-04-12,0.1169495657086372,0.1169495657086372,0.1169495657086372,0.1169495657086372,0
2021-04-13,0.112333133816719,0.112333133816719,0.112333133816719,0.112333133816719,100000
2021-04-14,0.112333133816719,0.112333133816719,0.112333133816719,0.112333133816719,0
2021-04-15,0.112333133816719,0.112333133816719,0.112333133816719,0.112333133816719,0
2021-04-16,0.1115637271809535,0.1131025403738021,0.1115637271809535,0.1131025403738021,102000
2021-04-19,0.1131025403738021,0.1131025403738021,0.1131025403738021,0.1131025403738021,25000
2021-04-20,0.1138719469308853,0.1138719469308853,0.1138719469308853,0.1138719469308853,10000
2021-04-21,0.1138719469308853,0.1138719469308853,0.1138719469308853,0.1138719469308853,0
2021-04-22,0.1131025403347268,0.1138719469308853,0.1131025403347268,0.1138719469308853,115000
2021-04-23,0.1131025403347268,0.1154107601232022,0.1100249254151213,0.1138719469308853,46100
2021-04-26,0.1138719469308853,0.1138719469308853,0.1138719469308853,0.1138719469308853,100000
2021-04-27,0.1123331137109904,0.1254130005836486,0.1123331137109904,0.1254130005836486,361900
2021-04-28,0.1254130005836486,0.1254130005836486,0.1254130005836486,0.1254130005836486,0
2021-04-29,0.1131025437789606,0.1315682682540027,0.1131025437789606,0.1277212351560592,759100
2021-04-30,0.1277212351560592,0.1277212351560592,0.1277212351560592,0.1277212351560592,0
2021-05-03,0.1277212351560592,0.1277212351560592,0.1277212351560592,0.1277212351560592,0
2021-05-04,0.119257760376811,0.1269518135016147,0.119257760376811,0.1254130005836486,33000
2021-05-05,0.119257777914261,0.1200271844863891,0.1177189647700049,0.1200271844863891,27400
2021-05-06,0.1200271844863891,0.1200271844863891,0.1200271844863891,0.1200271844863891,0
2021-05-07,0.1200271594264906,0.1238741800189018,0.1200271594264906,0.1238741800189018,16000
2021-05-10,0.1184883785934128,0.1284906417131424,0.1184883785934128,0.1284906417131424,200
2021-05-11,0.1231047883629798,0.1231047883629798,0.1231047883629798,0.1231047883629798,35000
2021-05-12,0.1231047883629798,0.1231047883629798,0.1231047883629798,0.1231047883629798,0
2021-05-14,0.1231047883629798,0.1231047883629798,0.1231047883629798,0.1231047883629798,65000
2021-05-17,0.128490630234913,0.128490630234913,0.1254130154980114,0.1269518285989761,1100
2021-05-18,0.1269518056648513,0.1269518056648513,0.1238741800189018,0.1238741800189018,149300
2021-05-19,0.1214920199206957,0.1214920199206957,0.1206979528069496,0.1206979528069496,25000
2021-05-20,0.1206979528069496,0.1206979528069496,0.1206979528069496,0.1206979528069496,0
2021-05-21,0.1262563923867942,0.1270504593849182,0.1262563923867942,0.1270504593849182,57800
2021-05-24,0.121492014237486,0.1222860813140869,0.1191098248401809,0.1222860813140869,22500
2021-05-25,0.1326089352369308,0.1326089352369308,0.1326089352369308,0.1326089352369308,500
2021-05-27,0.1326089352369308,0.1326089352369308,0.1326089352369308,0.1326089352369308,0
2021-05-28,0.1326089352369308,0.1326089352369308,0.1326089352369308,0.1326089352369308,0
2021-05-31,0.1326089352369308,0.1326089352369308,0.1326089352369308,0.1326089352369308,0
2021-06-01,0.1326089352369308,0.1326089352369308,0.1326089352369308,0.1326089352369308,0
2021-06-02,0.1326089352369308,0.1326089352369308,0.1326089352369308,0.1326089352369308,0
2021-06-03,0.1326089352369308,0.1326089352369308,0.1326089352369308,0.1326089352369308,0
2021-06-04,0.1326089352369308,0.1326089352369308,0.1326089352369308,0.1326089352369308,0
2021-06-07,0.1326089352369308,0.1326089352369308,0.1326089352369308,0.1326089352369308,0
2021-06-08,0.1326089352369308,0.1326089352369308,0.1326089352369308,0.1326089352369308,0
2021-06-09,0.1326089352369308,0.1326089352369308,0.1326089352369308,0.1326089352369308,0
2021-06-10,0.1326089352369308,0.1326089352369308,0.1326089352369308,0.1326089352369308,0
2021-06-11,0.1262563923867942,0.1270504593849182,0.1262563923867942,0.1270504593849182,60100
2021-06-14,0.1246682702230426,0.1270504593849182,0.1246682702230426,0.1270504593849182,30700
2021-06-15,0.1294326650143261,0.1334029883146286,0.1294326650143261,0.1334029883146286,80000
2021-06-16,0.1334029883146286,0.1334029883146286,0.1334029883146286,0.1334029883146286,0
2021-06-17,0.1334029883146286,0.1334029883146286,0.1334029883146286,0.1334029883146286,0
2021-06-18,0.1334029883146286,0.1334029883146286,0.1334029883146286,0.1334029883146286,0
2021-06-21,0.1334029883146286,0.1334029883146286,0.1334029883146286,0.1334029883146286,0
2021-06-22,0.1334029883146286,0.1334029883146286,0.1334029883146286,0.1334029883146286,0
2021-06-23,0.1326089352369308,0.1326089352369308,0.1199038851405486,0.1326089352369308,84700
2021-06-24,0.1326089352369308,0.1326089352369308,0.1326089352369308,0.1326089352369308,0
2021-06-25,0.1326089352369308,0.1326089352369308,0.1326089352369308,0.1326089352369308,0
2021-06-28,0.1326089352369308,0.1326089352369308,0.1326089352369308,0.1326089352369308,0
2021-06-29,0.1326089352369308,0.1326089352369308,0.1326089352369308,0.1326089352369308,0
2021-06-30,0.1310207992792129,0.1310207992792129,0.1310207992792129,0.1310207992792129,12500
2021-07-01,0.1310207992792129,0.1310207992792129,0.1310207992792129,0.1310207992792129,0
2021-07-02,0.1246682869793947,0.1318148672580719,0.1230801527696896,0.1318148672580719,2100
2021-07-05,0.1326089377972553,0.1397555300935141,0.1326089377972553,0.1349911391735077,90600
2021-07-06,0.1349911391735077,0.1349911391735077,0.1349911391735077,0.1349911391735077,18000
2021-07-07,0.1349911391735077,0.1349911391735077,0.1349911391735077,0.1349911391735077,0
2021-07-08,0.1310207822698459,0.1310207822698459,0.1191098020634962,0.1294326484203338,273500
2021-07-09,0.1294326484203338,0.1294326484203338,0.1294326484203338,0.1294326484203338,0
2021-07-12,0.1294326484203338,0.1294326484203338,0.1294326484203338,0.1294326484203338,0
2021-07-13,0.1294326484203338,0.1294326484203338,0.1294326484203338,0.1294326484203338,0
2021-07-14,0.1294326484203338,0.1294326484203338,0.1294326484203338,0.1294326484203338,0
2021-07-15,0.1294326484203338,0.1294326484203338,0.1294326484203338,0.1294326484203338,0
2021-07-16,0.1294326484203338,0.1294326484203338,0.1294326484203338,0.1294326484203338,0
2021-07-19,0.1262563914060592,0.1262563914060592,0.1262563914060592,0.1262563914060592,41200
2021-07-21,0.1262563914060592,0.1262563914060592,0.1262563914060592,0.1262563914060592,0
2021-07-22,0.1262563914060592,0.1262563914060592,0.1262563914060592,0.1262563914060592,0
2021-07-23,0.1262563914060592,0.1262563914060592,0.1262563914060592,0.1262563914060592,0
2021-07-26,0.1214920058846473,0.1214920058846473,0.1214920058846473,0.1214920058846473,12500
2021-07-27,0.1214920058846473,0.1214920058846473,0.1214920058846473,0.1214920058846473,12500
2021-07-28,0.1214920058846473,0.1214920058846473,0.1214920058846473,0.1214920058846473,0
2021-07-29,0.1262563914060592,0.1262563914060592,0.1262563914060592,0.1262563914060592,100
2021-07-30,0.1262563914060592,0.1262563914060592,0.1262563914060592,0.1262563914060592,0
2021-08-02,0.1262563914060592,0.1262563914060592,0.1262563914060592,0.1262563914060592,0
2021-08-03,0.1262563914060592,0.1262563914060592,0.1262563914060592,0.1262563914060592,0
2021-08-04,0.1262563914060592,0.1262563914060592,0.1262563914060592,0.1262563914060592,0
2021-08-05,0.121492014237486,0.1222860813140869,0.121492014237486,0.1222860813140869,1400
2021-08-06,0.1230801483906878,0.1230801483906878,0.1222860813140869,0.1222860813140869,64700
2021-08-10,0.1230801343917846,0.1230801343917846,0.1214920004192142,0.1230801343917846,59600
2021-08-11,0.1230801343917846,0.1230801343917846,0.1230801343917846,0.1230801343917846,0
2021-08-12,0.1230801343917846,0.1230801343917846,0.1230801343917846,0.1230801343917846,0
2021-08-13,0.1230801343917846,0.1230801343917846,0.1230801343917846,0.1230801343917846,34800
2021-08-16,0.1230801343917846,0.1230801343917846,0.1230801343917846,0.1230801343917846,0
2021-08-17,0.1230801343917846,0.1230801343917846,0.1230801343917846,0.1230801343917846,0
2021-08-18,0.1230801343917846,0.1230801343917846,0.1230801343917846,0.1230801343917846,0
2021-08-19,0.1206979466133116,0.1206979466133116,0.1191098242998123,0.1191098242998123,22900
2021-08-20,0.11990387737751,0.11990387737751,0.11990387737751,0.11990387737751,27500
2021-08-23,0.11990387737751,0.11990387737751,0.11990387737751,0.11990387737751,0
2021-08-24,0.11990387737751,0.11990387737751,0.11990387737751,0.11990387737751,0
2021-08-25,0.11990387737751,0.11990387737751,0.11990387737751,0.11990387737751,0
2021-08-26,0.11990387737751,0.11990387737751,0.11990387737751,0.11990387737751,0
2021-08-27,0.1199038786222935,0.1199038786222935,0.1183157563209533,0.1183157563209533,72500
2021-08-30,0.12149201368631,0.12149201368631,0.1191098242998123,0.1191098242998123,27400
2021-08-31,0.1191098242998123,0.1191098242998123,0.1191098242998123,0.1191098242998123,0
2021-09-01,0.1191098242998123,0.1191098242998123,0.1191098242998123,0.1191098242998123,0
2021-09-02,0.1183157572268139,0.1191098242998123,0.1183157572268139,0.1191098242998123,21800
2021-09-03,0.1206979444361852,0.1206979444361852,0.11990387737751,0.11990387737751,176000
2021-09-06,0.11990387737751,0.11990387737751,0.11990387737751,0.11990387737751,0
2021-09-07,0.1199038856932035,0.1206979528069496,0.1199038856932035,0.1206979528069496,14900
2021-09-08,0.1214920199206957,0.1214920199206957,0.1206979528069496,0.1206979528069496,230500
2021-09-09,0.1206979528069496,0.1206979528069496,0.1206979528069496,0.1206979528069496,0
2021-09-10,0.1206979528069496,0.1206979528069496,0.1206979528069496,0.1206979528069496,0
2021-09-13,0.1206979528069496,0.1206979528069496,0.1206979528069496,0.1206979528069496,0
2021-09-14,0.1206979471608851,0.1222860813140869,0.1206979471608851,0.1222860813140869,239000
2021-09-15,0.1199038795403132,0.1199038795403132,0.1191098242998123,0.1191098242998123,17200
2021-09-16,0.1191098242998123,0.1230801478323069,0.1175216901538155,0.1191098242998123,161300
2021-09-17,0.1191098242998123,0.1191098242998123,0.1191098242998123,0.1191098242998123,0
2021-09-20,0.11990387737751,0.123874212670886,0.11990387737751,0.11990387737751,75200
2021-09-21,0.11990387737751,0.11990387737751,0.11990387737751,0.11990387737751,23000
2021-09-22,0.1230801343917846,0.1230801343917846,0.1230801343917846,0.1230801343917846,26900
2021-09-23,0.1230801343917846,0.1230801343917846,0.1230801343917846,0.1230801343917846,0
2021-09-24,0.1230801343917846,0.1230801343917846,0.1230801343917846,0.1230801343917846,0
2021-09-27,0.1230801343917846,0.1230801343917846,0.1230801343917846,0.1230801343917846,0
2021-09-28,0.1230801343917846,0.1230801343917846,0.1230801343917846,0.1230801343917846,0
2021-09-29,0.1230801343917846,0.1230801343917846,0.1230801343917846,0.1230801343917846,0
2021-09-30,0.1230801343917846,0.1230801343917846,0.1230801343917846,0.1230801343917846,0
2021-10-01,0.1191098141198054,0.1254623383283615,0.1191098141198054,0.1254623383283615,12900
2021-10-04,0.1254623383283615,0.1254623383283615,0.1254623383283615,0.1254623383283615,0
2021-10-05,0.1254623383283615,0.1254623383283615,0.1254623383283615,0.1254623383283615,0
2021-10-06,0.1254623383283615,0.1254623383283615,0.1254623383283615,0.1254623383283615,0
2021-10-07,0.1254623383283615,0.1254623383283615,0.1254623383283615,0.1254623383283615,0
2021-10-08,0.1230801373129668,0.1254623383283615,0.1230801373129668,0.1254623383283615,54000
2021-10-11,0.1254623353506402,0.1310207924221403,0.1230801343917846,0.1230801343917846,6100
2021-10-12,0.1230801343917846,0.1230801343917846,0.1230801343917846,0.1230801343917846,0
2021-10-13,0.1230801343917846,0.1230801343917846,0.1230801343917846,0.1230801343917846,32300
2021-10-14,0.1206979528069496,0.1206979528069496,0.1206979528069496,0.1206979528069496,13700
2021-10-15,0.1206979528069496,0.1206979528069496,0.1206979528069496,0.1206979528069496,0
2021-10-18,0.124668268364355,0.124668268364355,0.1230801343917846,0.1230801343917846,26900
2021-10-19,0.1230801343917846,0.1230801343917846,0.1230801343917846,0.1230801343917846,0
2021-10-20,0.1230801343917846,0.1230801343917846,0.1230801343917846,0.1230801343917846,0
2021-10-21,0.1230801343917846,0.1230801343917846,0.1230801343917846,0.1230801343917846,0
2021-10-22,0.1230801343917846,0.1230801343917846,0.1230801343917846,0.1230801343917846,0
2021-10-25,0.1238742051137415,0.1286385953426361,0.1230801381035096,0.1286385953426361,13400
2021-10-26,0.1286386106711596,0.1318148672580719,0.1286386106711596,0.1318148672580719,17500
2021-10-27,0.1286385953426361,0.1286385953426361,0.1286385953426361,0.1286385953426361,3700
2021-10-28,0.1286385953426361,0.1286385953426361,0.1286385953426361,0.1286385953426361,0
2021-10-29,0.1286385953426361,0.1286385953426361,0.1286385953426361,0.1286385953426361,0
2021-11-01,0.1286385953426361,0.1286385953426361,0.1286385953426361,0.1286385953426361,0
2021-11-02,0.1270504605061281,0.1270504605061281,0.1254623383283615,0.1254623383283615,23700
2021-11-03,0.1230801343917846,0.1230801343917846,0.1230801343917846,0.1230801343917846,20000
2021-11-05,0.1230801343917846,0.1230801343917846,0.1230801343917846,0.1230801343917846,0
2021-11-08,0.1230801343917846,0.1230801343917846,0.1230801343917846,0.1230801343917846,0
2021-11-09,0.1230801343917846,0.1230801343917846,0.1230801343917846,0.1230801343917846,0
2021-11-10,0.1230801343917846,0.1230801343917846,0.1230801343917846,0.1230801343917846,0
2021-11-11,0.1230801343917846,0.1230801343917846,0.1230801343917846,0.1230801343917846,37200
2021-11-12,0.1230801456122108,0.1270504690730894,0.11990387737751,0.11990387737751,200400
2021-11-15,0.1230801541481879,0.1230801541481879,0.1206979528069496,0.1206979528069496,30000
2021-11-16,0.1206979528069496,0.1206979528069496,0.1206979528069496,0.1206979528069496,0
2021-11-17,0.1206979528069496,0.1206979528069496,0.1206979528069496,0.1206979528069496,0
2021-11-18,0.1246682778000831,0.1246682778000831,0.1246682778000831,0.1246682778000831,150000
2021-11-19,0.1246682778000831,0.1246682778000831,0.1246682778000831,0.1246682778000831,0
2021-11-22,0.1230801343917846,0.1230801343917846,0.1230801343917846,0.1230801343917846,39000
2021-11-23,0.1270504613221724,0.1286385953426361,0.1270504613221724,0.1286385953426361,42600
2021-11-24,0.1286385953426361,0.1286385953426361,0.1286385953426361,0.1286385953426361,0
2021-11-25,0.1286385953426361,0.1286385953426361,0.1286385953426361,0.1286385953426361,0
2021-11-26,0.1286385953426361,0.1286385953426361,0.1286385953426361,0.1286385953426361,0
2021-11-29,0.1230801343917846,0.1230801343917846,0.1230801343917846,0.1230801343917846,8900
2021-11-30,0.1294326603792902,0.1294326603792902,0.1270504593849182,0.1270504593849182,49300
2021-12-01,0.1270504593849182,0.1270504593849182,0.1270504593849182,0.1270504593849182,0
2021-12-02,0.1270504593849182,0.1270504593849182,0.1270504593849182,0.1270504593849182,0
2021-12-03,0.1270504593849182,0.1270504593849182,0.1270504593849182,0.1270504593849182,10000
2021-12-06,0.1270504593849182,0.1270504593849182,0.1270504593849182,0.1270504593849182,0
2021-12-07,0.1270504593849182,0.1270504593849182,0.1270504593849182,0.1270504593849182,29700
2021-12-08,0.1286385972562652,0.1310207983223984,0.1286385972562652,0.130226731300354,42000
2021-12-09,0.130226731300354,0.130226731300354,0.130226731300354,0.130226731300354,0
2021-12-10,0.130226731300354,0.130226731300354,0.130226731300354,0.130226731300354,0
2021-12-13,0.130226731300354,0.130226731300354,0.130226731300354,0.130226731300354,0
2021-12-14,0.130226731300354,0.130226731300354,0.130226731300354,0.130226731300354,0
2021-12-15,0.130226731300354,0.130226731300354,0.130226731300354,0.130226731300354,0
2021-12-16,0.130226731300354,0.130226731300354,0.130226731300354,0.130226731300354,0
2021-12-17,0.130226731300354,0.130226731300354,0.130226731300354,0.130226731300354,0
2021-12-20,0.130226731300354,0.130226731300354,0.130226731300354,0.130226731300354,0
2021-12-21,0.130226731300354,0.130226731300354,0.130226731300354,0.130226731300354,0
2021-12-22,0.130226731300354,0.130226731300354,0.130226731300354,0.130226731300354,0
2021-12-23,0.1278445124626159,0.1278445124626159,0.1278445124626159,0.1278445124626159,10000
2021-12-24,0.1278445124626159,0.1278445124626159,0.1278445124626159,0.1278445124626159,0
2021-12-27,0.1278445124626159,0.1278445124626159,0.1278445124626159,0.1278445124626159,0
2021-12-28,0.1214920058846473,0.1214920058846473,0.1214920058846473,0.1214920058846473,3700
2021-12-29,0.1214920058846473,0.1214920058846473,0.1214920058846473,0.1214920058846473,0
2021-12-30,0.1214920058846473,0.1214920058846473,0.1214920058846473,0.1214920058846473,0
2021-12-31,0.1214920058846473,0.1214920058846473,0.1214920058846473,0.1214920058846473,0
2022-01-03,0.1214920058846473,0.1214920058846473,0.1214920058846473,0.1214920058846473,0
2022-01-04,0.1214920058846473,0.1214920058846473,0.1214920058846473,0.1214920058846473,0
2022-01-05,0.1214920058846473,0.1214920058846473,0.1214920058846473,0.1214920058846473,92000
2022-01-06,0.1214920058846473,0.1214920058846473,0.1214920058846473,0.1214920058846473,0
2022-01-07,0.1214920058846473,0.1214920058846473,0.1214920058846473,0.1214920058846473,0
2022-01-10,0.1206979444361852,0.1206979444361852,0.11990387737751,0.11990387737751,162500
2022-01-11,0.11990387737751,0.11990387737751,0.11990387737751,0.11990387737751,0
2022-01-12,0.1254623383283615,0.1254623383283615,0.1254623383283615,0.1254623383283615,61000
2022-01-13,0.1254623383283615,0.1254623383283615,0.1254623383283615,0.1254623383283615,0
2022-01-14,0.1254623362465997,0.1262563914060592,0.1254623362465997,0.1262563914060592,70000
2022-01-17,0.1262563914060592,0.1262563914060592,0.1262563914060592,0.1262563914060592,0
2022-01-18,0.1262563914060592,0.1262563914060592,0.1262563914060592,0.1262563914060592,0
2022-01-19,0.1230801343917846,0.1230801343917846,0.1230801343917846,0.1230801343917846,1200
2022-01-20,0.1254623372211666,0.1270504593849182,0.1254623372211666,0.1270504593849182,150000
2022-01-21,0.1270504593849182,0.1270504593849182,0.1270504593849182,0.1270504593849182,0
2022-01-24,0.1270504593849182,0.1270504593849182,0.1270504593849182,0.1270504593849182,12700
2022-01-25,0.1230801343917846,0.1230801343917846,0.1230801343917846,0.1230801343917846,25000
2022-01-26,0.1230801343917846,0.1230801343917846,0.1230801343917846,0.1230801343917846,0
2022-01-27,0.1230801343917846,0.1230801343917846,0.1230801343917846,0.1230801343917846,0
2022-01-28,0.1230801343917846,0.1230801343917846,0.1230801343917846,0.1230801343917846,0
2022-01-31,0.1230801343917846,0.1230801343917846,0.1230801343917846,0.1230801343917846,0
2022-02-03,0.1230801343917846,0.1230801343917846,0.1230801343917846,0.1230801343917846,0
2022-02-04,0.1286385953426361,0.1286385953426361,0.1286385953426361,0.1286385953426361,30400
2022-02-07,0.1246682778000831,0.1246682778000831,0.1246682778000831,0.1246682778000831,21000
2022-02-08,0.1246682702230426,0.1270504593849182,0.1246682702230426,0.1270504593849182,21100
2022-02-09,0.1270504593849182,0.1270504593849182,0.1270504593849182,0.1270504593849182,50000
2022-02-10,0.1270504593849182,0.1270504593849182,0.1270504593849182,0.1270504593849182,0
2022-02-11,0.1270504455509544,0.1278445124626159,0.1270504455509544,0.1278445124626159,40100
2022-02-14,0.1278445124626159,0.1278445124626159,0.1278445124626159,0.1278445124626159,0
2022-02-15,0.1278445124626159,0.1278445124626159,0.1278445124626159,0.1278445124626159,0
2022-02-16,0.1278445124626159,0.1278445124626159,0.1278445124626159,0.1278445124626159,0
2022-02-17,0.1278445124626159,0.1318148351884285,0.1278445124626159,0.1278445124626159,60300
2022-02-18,0.1302267320408859,0.1334029883146286,0.1302267320408859,0.1334029883146286,76600
2022-02-21,0.1326089021000901,0.1326089021000901,0.1278445124626159,0.1278445124626159,72500
2022-02-22,0.1278445275112597,0.1278445275112597,0.1254623383283615,0.1254623383283615,98400
2022-02-23,0.1254623383283615,0.1254623383283615,0.1254623383283615,0.1254623383283615,0
2022-02-24,0.1254623383283615,0.1254623383283615,0.1254623383283615,0.1254623383283615,0
2022-02-25,0.1262563935009966,0.1262563935009966,0.1254623383283615,0.1254623383283615,130000
2022-02-28,0.1254623383283615,0.1254623383283615,0.1254623383283615,0.1254623383283615,75000
2022-03-01,0.1254623383283615,0.1254623383283615,0.1254623383283615,0.1254623383283615,100000
2022-03-02,0.1254623383283615,0.1254623383283615,0.1254623383283615,0.1254623383283615,0
2022-03-03,0.1254623383283615,0.1254623383283615,0.1254623383283615,0.1254623383283615,100000
2022-03-04,0.1254623383283615,0.1254623383283615,0.1254623383283615,0.1254623383283615,338800
2022-03-07,0.1254623383283615,0.1254623383283615,0.1254623383283615,0.1254623383283615,0
2022-03-08,0.1254623383283615,0.1254623383283615,0.1254623383283615,0.1254623383283615,0
2022-03-09,0.1254623383283615,0.1254623383283615,0.1254623383283615,0.1254623383283615,0
2022-03-10,0.1246682778000831,0.1246682778000831,0.1246682778000831,0.1246682778000831,70000
2022-03-11,0.1238742098212242,0.1238742098212242,0.1238742098212242,0.1238742098212242,36500
2022-03-14,0.1238742098212242,0.1238742098212242,0.1238742098212242,0.1238742098212242,0
2022-03-15,0.1238742098212242,0.1238742098212242,0.1238742098212242,0.1238742098212242,0
2022-03-16,0.12943265844957,0.12943265844957,0.1230801343917846,0.1230801343917846,2500
2022-03-17,0.1230801343917846,0.1230801343917846,0.1230801343917846,0.1230801343917846,0
2022-03-18,0.1230801343917846,0.1230801343917846,0.1230801343917846,0.1230801343917846,0
2022-03-21,0.1230801343917846,0.1230801343917846,0.1230801343917846,0.1230801343917846,0
2022-03-22,0.1230801343917846,0.1230801343917846,0.1230801343917846,0.1230801343917846,0
2022-03-23,0.1230801408332768,0.1310207992792129,0.1230801408332768,0.1310207992792129,471100
2022-03-24,0.1310207992792129,0.1310207992792129,0.1310207992792129,0.1310207992792129,0
2022-03-25,0.1310207992792129,0.1310207992792129,0.1310207992792129,0.1310207992792129,0
2022-03-28,0.1310207992792129,0.1310207992792129,0.1310207992792129,0.1310207992792129,0
2022-03-29,0.1310207992792129,0.1310207992792129,0.1310207992792129,0.1310207992792129,500
2022-03-30,0.1238742098212242,0.1238742098212242,0.1238742098212242,0.1238742098212242,25000
2022-03-31,0.1246682768616323,0.1246682768616323,0.1238742098212242,0.1238742098212242,60000
2022-04-01,0.1238742098212242,0.1238742098212242,0.1238742098212242,0.1238742098212242,0
2022-04-04,0.1238742078611201,0.1310207992792129,0.1238742078611201,0.1310207992792129,106500
2022-04-05,0.1310207992792129,0.1310207992792129,0.1310207992792129,0.1310207992792129,0
2022-04-06,0.1310207992792129,0.1310207992792129,0.1310207992792129,0.1310207992792129,2000
2022-04-07,0.1270504593849182,0.1270504593849182,0.1270504593849182,0.1270504593849182,10000
2022-04-08,0.1270504593849182,0.1270504593849182,0.1270504593849182,0.1270504593849182,0
2022-04-11,0.1270504593849182,0.1270504593849182,0.1270504593849182,0.1270504593849182,5000
2022-04-12,0.1270504641399965,0.1310207992792129,0.1270504641399965,0.1310207992792129,50100
2022-04-13,0.1270504593849182,0.1270504593849182,0.1270504593849182,0.1270504593849182,20000
2022-04-14,0.1278445311678398,0.1310207992792129,0.1278445311678398,0.1310207992792129,2000
2022-04-18,0.1310207992792129,0.1310207992792129,0.1310207992792129,0.1310207992792129,0
2022-04-19,0.1310207992792129,0.1310207992792129,0.1310207992792129,0.1310207992792129,25000
2022-04-20,0.1278445124626159,0.1278445124626159,0.1278445124626159,0.1278445124626159,37500
2022-04-21,0.1278445124626159,0.1278445124626159,0.1278445124626159,0.1278445124626159,20500
2022-04-22,0.1278445124626159,0.1278445124626159,0.1278445124626159,0.1278445124626159,0
2022-04-25,0.1278445124626159,0.1278445124626159,0.1278445124626159,0.1278445124626159,0
2022-04-26,0.130226731300354,0.130226731300354,0.130226731300354,0.130226731300354,500
2022-04-27,0.130226731300354,0.130226731300354,0.130226731300354,0.130226731300354,0
2022-04-28,0.1310207992792129,0.1310207992792129,0.1310207992792129,0.1310207992792129,2600
2022-04-29,0.1310207992792129,0.1310207992792129,0.1310207992792129,0.1310207992792129,0
2022-05-04,0.1310207992792129,0.1310207992792129,0.1310207992792129,0.1310207992792129,0
2022-05-05,0.1310207992792129,0.1310207992792129,0.1310207992792129,0.1310207992792129,50000
2022-05-06,0.1310207992792129,0.1310207992792129,0.1310207992792129,0.1310207992792129,0
2022-05-09,0.1310207992792129,0.1310207992792129,0.1310207992792129,0.1310207992792129,0
2022-05-10,0.1310207992792129,0.1310207992792129,0.1310207992792129,0.1310207992792129,0
2022-05-11,0.1310207992792129,0.1310207992792129,0.1310207992792129,0.1310207992792129,0
2022-05-12,0.1310207992792129,0.1310207992792129,0.1310207992792129,0.1310207992792129,0
2022-05-13,0.1270504641399965,0.1310207992792129,0.1270504641399965,0.1310207992792129,12000
2022-05-17,0.130226731300354,0.130226731300354,0.130226731300354,0.130226731300354,100
2022-05-18,0.1369050294160843,0.1369050294160843,0.1369050294160843,0.1369050294160843,0
2022-05-19,0.1369050294160843,0.1369050294160843,0.1369050294160843,0.1369050294160843,0
2022-05-20,0.1369050294160843,0.1369050294160843,0.1369050294160843,0.1369050294160843,0
2022-05-23,0.1369050294160843,0.1369050294160843,0.1369050294160843,0.1369050294160843,0
2022-05-24,0.1227136583152429,0.1227136583152429,0.121878869831562,0.121878869831562,18700
2022-05-25,0.121878869831562,0.121878869831562,0.121878869831562,0.121878869831562,0
2022-05-26,0.121878869831562,0.121878869831562,0.121878869831562,0.121878869831562,0
2022-05-27,0.121878869831562,0.121878869831562,0.121878869831562,0.121878869831562,0
2022-05-30,0.121878869831562,0.121878869831562,0.121878869831562,0.121878869831562,0
2022-05-31,0.1227136583152429,0.1227136583152429,0.121878869831562,0.121878869831562,20000
2022-06-01,0.1318962925273665,0.1360702216625213,0.1318962925273665,0.1360702216625213,335000
2022-06-02,0.1360702216625213,0.1360702216625213,0.1360702216625213,0.1360702216625213,0
2022-06-03,0.1360702216625213,0.1360702216625213,0.1360702216625213,0.1360702216625213,0
2022-06-06,0.1360702216625213,0.1360702216625213,0.1360702216625213,0.1360702216625213,0
2022-06-07,0.1360702216625213,0.1360702216625213,0.1360702216625213,0.1360702216625213,0
2022-06-08,0.1360702216625213,0.1360702216625213,0.1360702216625213,0.1360702216625213,0
2022-06-09,0.1360702216625213,0.1360702216625213,0.1360702216625213,0.1360702216625213,0
2022-06-10,0.1293919384479522,0.1293919384479522,0.1293919384479522,0.1293919384479522,40000
2022-06-13,0.1293919384479522,0.1293919384479522,0.1293919384479522,0.1293919384479522,0
2022-06-14,0.1293919384479522,0.1293919384479522,0.1293919384479522,0.1293919384479522,0
2022-06-15,0.1293919384479522,0.1293919384479522,0.1293919384479522,0.1293919384479522,0
2022-06-16,0.1293919384479522,0.1293919384479522,0.1293919384479522,0.1293919384479522,0
2022-06-17,0.1293919384479522,0.1293919384479522,0.1293919384479522,0.1293919384479522,0
2022-06-20,0.1318963097642261,0.1318963097642261,0.12772236764431,0.12772236764431,115000
2022-06-21,0.12772236764431,0.12772236764431,0.12772236764431,0.12772236764431,0
2022-06-22,0.12772236764431,0.12772236764431,0.12772236764431,0.12772236764431,36200
2022-06-23,0.12772236764431,0.12772236764431,0.12772236764431,0.12772236764431,0
2022-06-24,0.12772236764431,0.12772236764431,0.12772236764431,0.12772236764431,0
2022-06-27,0.12772236764431,0.12772236764431,0.12772236764431,0.12772236764431,0
2022-06-28,0.12772236764431,0.12772236764431,0.12772236764431,0.12772236764431,0
2022-06-29,0.12772236764431,0.12772236764431,0.12772236764431,0.12772236764431,2600
2022-06-30,0.12772236764431,0.12772236764431,0.12772236764431,0.12772236764431,0
2022-07-01,0.12772236764431,0.12772236764431,0.12772236764431,0.12772236764431,0
2022-07-04,0.12772236764431,0.12772236764431,0.12772236764431,0.12772236764431,200
2022-07-05,0.12772236764431,0.12772236764431,0.12772236764431,0.12772236764431,0
2022-07-06,0.1277223664344028,0.1335658729076385,0.1277223664344028,0.1335658729076385,64000
2022-07-07,0.1335658729076385,0.1335658729076385,0.1335658729076385,0.1335658729076385,0
2022-07-08,0.1335658729076385,0.1335658729076385,0.1335658729076385,0.1335658729076385,0
2022-07-12,0.1335658729076385,0.1335658729076385,0.1335658729076385,0.1335658729076385,0
2022-07-13,0.12772236764431,0.12772236764431,0.12772236764431,0.12772236764431,700
2022-07-14,0.12772236764431,0.12772236764431,0.12772236764431,0.12772236764431,71200
2022-07-15,0.12772236764431,0.12772236764431,0.12772236764431,0.12772236764431,0
2022-07-18,0.1335658729076385,0.1335658729076385,0.1335658729076385,0.1335658729076385,100
2022-07-19,0.1335658729076385,0.1335658729076385,0.1335658729076385,0.1335658729076385,0
2022-07-20,0.1335658729076385,0.1335658729076385,0.1335658729076385,0.1335658729076385,0
2022-07-21,0.1335658729076385,0.1335658729076385,0.1335658729076385,0.1335658729076385,0
2022-07-22,0.1285571666788354,0.1285571666788354,0.1268875896930694,0.1268875896930694,25300
2022-07-25,0.1268875896930694,0.1268875896930694,0.1268875896930694,0.1268875896930694,0
2022-07-26,0.1268875896930694,0.1268875896930694,0.1268875896930694,0.1268875896930694,0
2022-07-27,0.1268875896930694,0.1268875896930694,0.1268875896930694,0.1268875896930694,0
2022-07-28,0.1268875896930694,0.1268875896930694,0.1268875896930694,0.1268875896930694,0
2022-07-29,0.1268875896930694,0.1268875896930694,0.1268875896930694,0.1268875896930694,0
2022-08-01,0.1268875896930694,0.1268875896930694,0.1268875896930694,0.1268875896930694,0
2022-08-02,0.1268875896930694,0.1268875896930694,0.1268875896930694,0.1268875896930694,0
2022-08-03,0.1268875896930694,0.1268875896930694,0.1268875896930694,0.1268875896930694,0
2022-08-04,0.1268875896930694,0.1268875896930694,0.1268875896930694,0.1268875896930694,0
2022-08-05,0.1268875896930694,0.1268875896930694,0.1268875896930694,0.1268875896930694,0
2022-08-08,0.1268875896930694,0.1268875896930694,0.1268875896930694,0.1268875896930694,0
2022-08-10,0.130226731300354,0.130226731300354,0.130226731300354,0.130226731300354,50000
2022-08-11,0.130226731300354,0.130226731300354,0.130226731300354,0.130226731300354,0
2022-08-12,0.1318963021039962,0.1318963021039962,0.1318963021039962,0.1318963021039962,3000
2022-08-15,0.1318963036029148,0.1335658679335988,0.1293919384479522,0.1293919384479522,35900
2022-08-16,0.1293919384479522,0.1293919384479522,0.1293919384479522,0.1293919384479522,0
2022-08-17,0.1293919384479522,0.1293919384479522,0.1293919384479522,0.1293919384479522,0
2022-08-18,0.12772236764431,0.1285571560682932,0.12772236764431,0.12772236764431,18700
2022-08-19,0.1277223737686916,0.1277223737686916,0.1260527968406677,0.1260527968406677,280000
2022-08-22,0.1260527968406677,0.1260527968406677,0.1260527968406677,0.1260527968406677,0
2022-08-23,0.1318963021039962,0.1318963021039962,0.1318963021039962,0.1318963021039962,100
2022-08-24,0.1318963021039962,0.1318963021039962,0.1318963021039962,0.1318963021039962,0
2022-08-25,0.1318963021039962,0.1318963021039962,0.1318963021039962,0.1318963021039962,2000
2022-08-26,0.1318963021039962,0.1318963021039962,0.1318963021039962,0.1318963021039962,0
2022-08-29,0.1318963021039962,0.1318963021039962,0.1318963021039962,0.1318963021039962,0
2022-08-30,0.1318963021039962,0.1318963021039962,0.1318963021039962,0.1318963021039962,0
2022-08-31,0.1318963021039962,0.1318963021039962,0.1318963021039962,0.1318963021039962,0
2022-09-01,0.1318963021039962,0.1318963021039962,0.1318963021039962,0.1318963021039962,0
2022-09-02,0.1285571622327035,0.1285571622327035,0.1260527968406677,0.1260527968406677,51700
2022-09-05,0.1260527968406677,0.1260527968406677,0.1260527968406677,0.1260527968406677,0
2022-09-06,0.1260527968406677,0.1260527968406677,0.1260527968406677,0.1260527968406677,0
2022-09-07,0.1260527968406677,0.1260527968406677,0.1260527968406677,0.1260527968406677,0
2022-09-08,0.1260527968406677,0.1260527968406677,0.1260527968406677,0.1260527968406677,0
2022-09-09,0.1260527968406677,0.1260527968406677,0.1260527968406677,0.1260527968406677,0
2022-09-12,0.1260527968406677,0.1260527968406677,0.1260527968406677,0.1260527968406677,0
2022-09-13,0.1260527968406677,0.1260527968406677,0.1260527968406677,0.1260527968406677,0
2022-09-14,0.1268875896930694,0.1268875896930694,0.1268875896930694,0.1268875896930694,300
2022-09-15,0.1268875896930694,0.1268875896930694,0.1268875896930694,0.1268875896930694,0
2022-09-16,0.1268875896930694,0.1268875896930694,0.1268875896930694,0.1268875896930694,0
2022-09-19,0.1268875896930694,0.1268875896930694,0.1268875896930694,0.1268875896930694,0
2022-09-20,0.1268875896930694,0.1268875896930694,0.1268875896930694,0.1268875896930694,0
2022-09-21,0.1268875896930694,0.1268875896930694,0.1268875896930694,0.1268875896930694,0
2022-09-22,0.1268875896930694,0.1268875896930694,0.1268875896930694,0.1268875896930694,0
2022-09-23,0.1293919487059774,0.1293919487059774,0.1243832304382587,0.1252180188894271,73000
2022-09-26,0.1318963021039962,0.1318963021039962,0.1318963021039962,0.1318963021039962,100
2022-09-27,0.1252180188894271,0.1252180188894271,0.1243832304382587,0.1252180188894271,67500
2022-09-28,0.1252180188894271,0.1252180188894271,0.1252180188894271,0.1252180188894271,0
2022-09-29,0.1252180188894271,0.1252180188894271,0.1252180188894271,0.1252180188894271,200
2022-09-30,0.1252180188894271,0.1252180188894271,0.1252180188894271,0.1252180188894271,0
2022-10-03,0.1252180188894271,0.1252180188894271,0.1252180188894271,0.1252180188894271,0
2022-10-04,0.1252180188894271,0.1252180188894271,0.1252180188894271,0.1252180188894271,0
2022-10-05,0.1252180188894271,0.1252180188894271,0.1252180188894271,0.1252180188894271,0
2022-10-06,0.1252180188894271,0.1252180188894271,0.1252180188894271,0.1252180188894271,0
2022-10-07,0.1252180282241642,0.1252180282241642,0.1227136626839637,0.1227136626839637,40000
2022-10-10,0.1235484406352043,0.1235484406352043,0.1235484406352043,0.1235484406352043,500
2022-10-11,0.1235484406352043,0.1235484406352043,0.1235484406352043,0.1235484406352043,0
2022-10-12,0.1235484406352043,0.1235484406352043,0.1235484406352043,0.1235484406352043,0
2022-10-13,0.1235484406352043,0.1235484406352043,0.1235484406352043,0.1235484406352043,0
2022-10-14,0.1235484406352043,0.1235484406352043,0.1235484406352043,0.1235484406352043,0
2022-10-17,0.1235484406352043,0.1235484406352043,0.1235484406352043,0.1235484406352043,0
2022-10-18,0.1252180188894271,0.1252180188894271,0.1252180188894271,0.1252180188894271,60000
2022-10-19,0.1252180188894271,0.1252180188894271,0.1252180188894271,0.1252180188894271,0
2022-10-20,0.1235484406352043,0.1235484406352043,0.1235484406352043,0.1235484406352043,100
2022-10-21,0.1235484406352043,0.1235484406352043,0.1235484406352043,0.1235484406352043,0
2022-10-25,0.1235484406352043,0.1235484406352043,0.1235484406352043,0.1235484406352043,0
2022-10-26,0.1235484406352043,0.1235484406352043,0.1235484406352043,0.1235484406352043,0
2022-10-27,0.1235484406352043,0.1235484406352043,0.1235484406352043,0.1235484406352043,0
2022-10-28,0.1235484406352043,0.1235484406352043,0.1218788637511361,0.1235484406352043,60900
2022-10-31,0.1235484406352043,0.1235484406352043,0.1235484406352043,0.1235484406352043,0
2022-11-01,0.1227136626839637,0.1227136626839637,0.1227136626839637,0.1227136626839637,1000
2022-11-02,0.1227136626839637,0.1227136626839637,0.1227136626839637,0.1227136626839637,20000
2022-11-03,0.1227136626839637,0.1227136626839637,0.1227136626839637,0.1227136626839637,0
2022-11-04,0.1227136626839637,0.1227136626839637,0.1227136626839637,0.1227136626839637,0
2022-11-07,0.1227136626839637,0.1227136626839637,0.1227136626839637,0.1227136626839637,0
2022-11-08,0.1227136626839637,0.1227136626839637,0.1227136626839637,0.1227136626839637,0
2022-11-09,0.1227136626839637,0.1227136626839637,0.1227136626839637,0.1227136626839637,1000
2022-11-10,0.1227136626839637,0.1227136626839637,0.1227136626839637,0.1227136626839637,300
2022-11-11,0.1227136583152429,0.1227136583152429,0.121878869831562,0.121878869831562,8000
2022-11-14,0.121878869831562,0.121878869831562,0.121878869831562,0.121878869831562,0
2022-11-15,0.121878869831562,0.121878869831562,0.121878869831562,0.121878869831562,0
2022-11-16,0.121878865432712,0.121878865432712,0.1210440769791603,0.1210440769791603,6900
2022-11-17,0.121878865432712,0.121878865432712,0.1210440769791603,0.1210440769791603,9700
2022-11-18,0.1202092766761779,0.1202092766761779,0.1202092766761779,0.1202092766761779,500
2022-11-21,0.1202092766761779,0.1202092766761779,0.1202092766761779,0.1202092766761779,0
2022-11-22,0.1193744987249374,0.1193744987249374,0.1193744987249374,0.1193744987249374,3300
2022-11-23,0.1202092766761779,0.1202092766761779,0.1202092766761779,0.1202092766761779,300
2022-11-24,0.1202092766761779,0.1202092766761779,0.1202092766761779,0.1202092766761779,0
2022-11-25,0.1202092766761779,0.1202092766761779,0.1202092766761779,0.1202092766761779,0
2022-11-28,0.1193744987249374,0.1193744987249374,0.1193744987249374,0.1193744987249374,500
2022-11-29,0.1193744987249374,0.1193744987249374,0.1193744987249374,0.1193744987249374,0
2022-11-30,0.1193744987249374,0.1193744987249374,0.1193744987249374,0.1193744987249374,500
2022-12-01,0.1193745125113489,0.1210440769791603,0.1193745125113489,0.1210440769791603,4000
2022-12-02,0.1285571500629647,0.1293919384479522,0.1285571500629647,0.1293919384479522,1900
2022-12-05,0.1318963085147794,0.1335658729076385,0.1318963085147794,0.1335658729076385,21000
2022-12-06,0.1268875780183274,0.1335658729076385,0.1268875780183274,0.1335658729076385,5000
2022-12-07,0.1335658729076385,0.1335658729076385,0.1335658729076385,0.1335658729076385,0
2022-12-08,0.1335658729076385,0.1335658729076385,0.1335658729076385,0.1335658729076385,1100
2022-12-09,0.1335658729076385,0.1335658729076385,0.1335658729076385,0.1335658729076385,0
2022-12-12,0.1335658729076385,0.1335658729076385,0.1335658729076385,0.1335658729076385,0
2022-12-13,0.1335658729076385,0.1335658729076385,0.1335658729076385,0.1335658729076385,0
2022-12-14,0.1335658729076385,0.1335658729076385,0.1335658729076385,0.1335658729076385,0
2022-12-15,0.1335658729076385,0.1335658729076385,0.1335658729076385,0.1335658729076385,0
2022-12-16,0.1335658729076385,0.1335658729076385,0.1335658729076385,0.1335658729076385,0
2022-12-19,0.1335658729076385,0.1335658729076385,0.1335658729076385,0.1335658729076385,0
2022-12-20,0.1335658729076385,0.1335658729076385,0.1335658729076385,0.1335658729076385,0
2022-12-21,0.1285571486019936,0.1318963021039962,0.1285571486019936,0.1318963021039962,76600
2022-12-22,0.1318963021039962,0.1318963021039962,0.1318963021039962,0.1318963021039962,0
2022-12-23,0.1318963021039962,0.1318963021039962,0.1318963021039962,0.1318963021039962,0
2022-12-27,0.1318963021039962,0.1318963021039962,0.1318963021039962,0.1318963021039962,0
2022-12-28,0.1318963021039962,0.1318963021039962,0.1318963021039962,0.1318963021039962,0
2022-12-29,0.1318963021039962,0.1318963021039962,0.1318963021039962,0.1318963021039962,0
2022-12-30,0.1318963021039962,0.1318963021039962,0.1318963021039962,0.1318963021039962,0
2023-01-03,0.1327310741567266,0.1360702275610315,0.1327310741567266,0.1344006508588791,41700
2023-01-04,0.1344006508588791,0.1344006508588791,0.1344006508588791,0.1344006508588791,0
2023-01-05,0.1344006508588791,0.1344006508588791,0.1344006508588791,0.1344006508588791,0
2023-01-06,0.1344006508588791,0.1344006508588791,0.1344006508588791,0.1344006508588791,0
2023-01-09,0.129391948949451,0.129391948949451,0.1285571604967117,0.1285571604967117,1000
2023-01-10,0.1277223781859524,0.1277223781859524,0.1268875896930694,0.1268875896930694,5200
2023-01-11,0.1268875853046797,0.1268875853046797,0.125218020815948,0.1260527968406677,25800
2023-01-12,0.1268875896930694,0.1318963206503674,0.1268875896930694,0.1268875896930694,17500
2023-01-13,0.1268875896930694,0.1268875896930694,0.1268875896930694,0.1268875896930694,0
2023-01-16,0.1268875896930694,0.1268875896930694,0.1268875896930694,0.1268875896930694,0
2023-01-17,0.1277223664344028,0.1335658729076385,0.1277223664344028,0.1335658729076385,75100
2023-01-18,0.1335658729076385,0.1335658729076385,0.1335658729076385,0.1335658729076385,0
2023-01-19,0.1268875896930694,0.1268875896930694,0.1268875896930694,0.1268875896930694,500
2023-01-20,0.1260527853891371,0.1327310800552368,0.1260527853891371,0.1327310800552368,1400
2023-01-25,0.1327310800552368,0.1327310800552368,0.1327310800552368,0.1327310800552368,0
2023-01-26,0.1327310800552368,0.1327310800552368,0.1327310800552368,0.1327310800552368,0
2023-01-27,0.1327310800552368,0.1327310800552368,0.1327310800552368,0.1327310800552368,0
2023-01-30,0.1327310800552368,0.1327310800552368,0.1327310800552368,0.1327310800552368,0
2023-01-31,0.1327310800552368,0.1327310800552368,0.1327310800552368,0.1327310800552368,0
2023-02-01,0.1327310800552368,0.1327310800552368,0.1327310800552368,0.1327310800552368,0
2023-02-02,0.1327310800552368,0.1327310800552368,0.1327310800552368,0.1327310800552368,0
2023-02-03,0.1293919384479522,0.1293919384479522,0.1293919384479522,0.1293919384479522,12500
2023-02-06,0.1293919384479522,0.1293919384479522,0.1293919384479522,0.1293919384479522,0
2023-02-07,0.1293919384479522,0.1293919384479522,0.1293919384479522,0.1293919384479522,0
2023-02-08,0.1293919384479522,0.1293919384479522,0.1293919384479522,0.1293919384479522,0
2023-02-09,0.1318963041063541,0.1327310800552368,0.1318963041063541,0.1327310800552368,35000
2023-02-10,0.1327310800552368,0.1327310800552368,0.1327310800552368,0.1327310800552368,7000
2023-02-13,0.1318963125946531,0.1318963125946531,0.1310615241527557,0.1310615241527557,20000
2023-02-14,0.1310615241527557,0.1310615241527557,0.1310615241527557,0.1310615241527557,0
2023-02-15,0.1310615241527557,0.1310615241527557,0.1310615241527557,0.1310615241527557,0
2023-02-16,0.1310615241527557,0.1310615241527557,0.1310615241527557,0.1310615241527557,0
2023-02-17,0.1310615241527557,0.1310615241527557,0.1310615241527557,0.1310615241527557,0
2023-02-20,0.1310615152179273,0.1310615152179273,0.1293919384479522,0.1293919384479522,61700
2023-02-21,0.1293919384479522,0.1293919384479522,0.1293919384479522,0.1293919384479522,0
2023-02-22,0.1293919384479522,0.1293919384479522,0.1293919384479522,0.1293919384479522,0
2023-02-23,0.1327310800552368,0.1327310800552368,0.1327310800552368,0.1327310800552368,900
2023-02-24,0.1327310800552368,0.1327310800552368,0.1327310800552368,0.1327310800552368,0
2023-02-27,0.1293919444922764,0.1293919444922764,0.12772236764431,0.12772236764431,56200
2023-02-28,0.12772236764431,0.12772236764431,0.12772236764431,0.12772236764431,0
2023-03-01,0.12772236764431,0.12772236764431,0.12772236764431,0.12772236764431,0
2023-03-02,0.12772236764431,0.12772236764431,0.12772236764431,0.12772236764431,1200
2023-03-03,0.1327310844915632,0.1335658729076385,0.1327310844915632,0.1335658729076385,251300
2023-03-06,0.1344006613237138,0.1344006613237138,0.1302267316826287,0.1335658729076385,55200
2023-03-07,0.1335658729076385,0.1335658729076385,0.1335658729076385,0.1335658729076385,0
2023-03-08,0.1335658729076385,0.1335658729076385,0.1335658729076385,0.1335658729076385,19700
2023-03-09,0.1335658729076385,0.1335658729076385,0.1335658729076385,0.1335658729076385,0
2023-03-10,0.1335658729076385,0.1335658729076385,0.1335658729076385,0.1335658729076385,0
2023-03-13,0.1335658729076385,0.1335658729076385,0.1335658729076385,0.1335658729076385,0
2023-03-14,0.1335658729076385,0.1335658729076385,0.1335658729076385,0.1335658729076385,0
2023-03-15,0.1335658729076385,0.1335658729076385,0.1335658729076385,0.1335658729076385,0
2023-03-16,0.1335658729076385,0.1335658729076385,0.1335658729076385,0.1335658729076385,0
2023-03-17,0.1335658729076385,0.1335658729076385,0.1335658729076385,0.1335658729076385,0
2023-03-20,0.1335658729076385,0.1335658729076385,0.1335658729076385,0.1335658729076385,0
2023-03-21,0.1335658729076385,0.1335658729076385,0.1335658729076385,0.1335658729076385,0
2023-03-22,0.1335658729076385,0.1335658729076385,0.1335658729076385,0.1335658729076385,0
2023-03-23,0.1335658729076385,0.1335658729076385,0.1335658729076385,0.1335658729076385,115500
2023-03-24,0.1335658729076385,0.1335658729076385,0.1335658729076385,0.1335658729076385,0
2023-03-27,0.1335658729076385,0.1335658729076385,0.1335658729076385,0.1335658729076385,0
2023-03-28,0.1335658729076385,0.1335658729076385,0.1335658729076385,0.1335658729076385,0
2023-03-29,0.1335658729076385,0.1335658729076385,0.1335658729076385,0.1335658729076385,0
2023-03-30,0.1335658729076385,0.1335658729076385,0.1335658729076385,0.1335658729076385,0
2023-03-31,0.1335658729076385,0.1335658729076385,0.1335658729076385,0.1335658729076385,0
2023-04-03,0.1335658729076385,0.1335658729076385,0.1335658729076385,0.1335658729076385,0
2023-04-04,0.1335658729076385,0.1335658729076385,0.1335658729076385,0.1335658729076385,0
2023-04-05,0.1335658729076385,0.1335658729076385,0.1335658729076385,0.1335658729076385,0
2023-04-06,0.1335658729076385,0.1335658729076385,0.1335658729076385,0.1335658729076385,0
2023-04-10,0.1335658729076385,0.1335658729076385,0.1335658729076385,0.1335658729076385,0
2023-04-11,0.1335658729076385,0.1335658729076385,0.1335658729076385,0.1335658729076385,0
2023-04-12,0.1335658729076385,0.1335658729076385,0.1335658729076385,0.1335658729076385,0
2023-04-13,0.1335658729076385,0.1335658729076385,0.1335658729076385,0.1335658729076385,0
2023-04-14,0.1335658669535563,0.1352354437112808,0.1335658669535563,0.1352354437112808,19900
2023-04-17,0.1352354437112808,0.1352354437112808,0.1352354437112808,0.1352354437112808,0
2023-04-18,0.1352354437112808,0.1352354437112808,0.1352354437112808,0.1352354437112808,100
2023-04-19,0.1352354437112808,0.1352354437112808,0.1352354437112808,0.1352354437112808,0
2023-04-20,0.1352354437112808,0.1352354437112808,0.1352354437112808,0.1352354437112808,0
2023-04-21,0.1352354437112808,0.1352354437112808,0.1352354437112808,0.1352354437112808,0
2023-04-24,0.1335658729076385,0.1335658729076385,0.1335658729076385,0.1335658729076385,20700
2023-04-25,0.1335658729076385,0.1335658729076385,0.1335658729076385,0.1335658729076385,12000
2023-04-26,0.1335658729076385,0.1335658729076385,0.1335658729076385,0.1335658729076385,0
2023-04-27,0.1335658729076385,0.1335658729076385,0.1335658729076385,0.1335658729076385,17000
2023-04-28,0.1293919444922764,0.1293919444922764,0.12772236764431,0.12772236764431,60700
2023-05-02,0.12772236764431,0.12772236764431,0.12772236764431,0.12772236764431,0
2023-05-03,0.1293919384479522,0.1293919384479522,0.1293919384479522,0.1293919384479522,12500
2023-05-04,0.1293919384479522,0.1293919384479522,0.1293919384479522,0.1293919384479522,0
2023-05-05,0.1335658729076385,0.1335658729076385,0.1335658729076385,0.1335658729076385,50000
2023-05-08,0.1293919384479522,0.1293919384479522,0.1293919384479522,0.1293919384479522,19000
2023-05-09,0.1293919384479522,0.1293919384479522,0.1293919384479522,0.1293919384479522,6300
2023-05-10,0.1293919384479522,0.1293919384479522,0.1293919384479522,0.1293919384479522,0
2023-05-11,0.1293919384479522,0.1293919384479522,0.1293919384479522,0.1293919384479522,0
2023-05-12,0.1293919384479522,0.1293919384479522,0.1293919384479522,0.1293919384479522,0
2023-05-15,0.1293919384479522,0.1293919384479522,0.1293919384479522,0.1293919384479522,0
2023-05-16,0.1318963085147794,0.1335658729076385,0.1302267316826287,0.1335658729076385,74600
2023-05-17,0.1405956596136093,0.1405956596136093,0.1405956596136093,0.1405956596136093,0
2023-05-18,0.1405956596136093,0.1405956596136093,0.1405956596136093,0.1405956596136093,0
2023-05-19,0.1344445975647533,0.1344445975647533,0.1335658729076385,0.1335658729076385,50500
2023-05-22,0.1335658641350357,0.1397169232368469,0.1335658641350357,0.1397169232368469,6000
2023-05-23,0.1397169232368469,0.1397169232368469,0.1397169232368469,0.1397169232368469,0
2023-05-24,0.1300509870052337,0.1300509870052337,0.1300509870052337,0.1300509870052337,12500
2023-05-25,0.1300509870052337,0.1300509870052337,0.1300509870052337,0.1300509870052337,0
2023-05-26,0.1300509870052337,0.1300509870052337,0.1300509870052337,0.1300509870052337,0
2023-05-29,0.1300509870052337,0.1300509870052337,0.1300509870052337,0.1300509870052337,0
2023-05-30,0.1362020522356033,0.1362020522356033,0.1362020522356033,0.1362020522356033,5000
2023-05-31,0.1353233275439296,0.1362020522356033,0.1353233275439296,0.1362020522356033,22800
2023-06-01,0.1362020522356033,0.1362020522356033,0.1362020522356033,0.1362020522356033,0
2023-06-05,0.13620204277058,0.1388382166624069,0.13620204277058,0.1388382166624069,38000
2023-06-06,0.1370807737112045,0.1370807737112045,0.1370807737112045,0.1370807737112045,30000
2023-06-07,0.1370807737112045,0.1370807737112045,0.1370807737112045,0.1370807737112045,0
2023-06-08,0.1370807737112045,0.1370807737112045,0.1370807737112045,0.1370807737112045,0
2023-06-09,0.1370807737112045,0.1370807737112045,0.1370807737112045,0.1370807737112045,0
2023-06-12,0.1388382198375103,0.1388382198375103,0.1370807705361011,0.1379594951868057,60500
2023-06-13,0.1379594951868057,0.1379594951868057,0.1379594951868057,0.1379594951868057,0
2023-06-14,0.1379594951868057,0.1379594951868057,0.1379594951868057,0.1379594951868057,0
2023-06-15,0.1379594951868057,0.1379594951868057,0.1379594951868057,0.1379594951868057,0
2023-06-16,0.1335658758169153,0.1335658758169153,0.123899930566095,0.1291722655296325,114900
2023-06-19,0.1291722655296325,0.1291722655296325,0.1291722655296325,0.1291722655296325,0
2023-06-20,0.1344445943832397,0.1344445943832397,0.1344445943832397,0.1344445943832397,30000
2023-06-21,0.1344445943832397,0.1344445943832397,0.1344445943832397,0.1344445943832397,0
2023-06-22,0.1344445943832397,0.1344445943832397,0.1344445943832397,0.1344445943832397,44200
2023-06-23,0.1344445943832397,0.1344445943832397,0.1344445943832397,0.1344445943832397,0
2023-06-26,0.1344445943832397,0.1344445943832397,0.1344445943832397,0.1344445943832397,0
2023-06-27,0.1344445943832397,0.1344445943832397,0.1344445943832397,0.1344445943832397,0
2023-06-28,0.1344445943832397,0.1344445943832397,0.1344445943832397,0.1344445943832397,0
2023-06-30,0.1344445943832397,0.1344445943832397,0.1344445943832397,0.1344445943832397,0
2023-07-03,0.1335658729076385,0.1335658729076385,0.1335658729076385,0.1335658729076385,30000
2023-07-04,0.1318084448575973,0.1318084448575973,0.1318084448575973,0.1318084448575973,500
2023-07-05,0.1318084448575973,0.1318084448575973,0.1318084448575973,0.1318084448575973,0
2023-07-06,0.1318084448575973,0.1318084448575973,0.1318084448575973,0.1318084448575973,0
2023-07-07,0.1318084448575973,0.1318084448575973,0.1318084448575973,0.1318084448575973,0
2023-07-10,0.131808439252757,0.131808439252757,0.1256573796272277,0.1256573796272277,30000
2023-07-11,0.1291722655296325,0.1291722655296325,0.1291722655296325,0.1291722655296325,6200
2023-07-12,0.1309297233819961,0.1309297233819961,0.1309297233819961,0.1309297233819961,300
2023-07-13,0.1309297233819961,0.1309297233819961,0.1300509986486951,0.1309297233819961,41000
2023-07-14,0.1300509870052337,0.1300509870052337,0.1300509870052337,0.1300509870052337,2500
2023-07-17,0.1300509870052337,0.1300509870052337,0.1300509870052337,0.1300509870052337,0
2023-07-18,0.1300509870052337,0.1300509870052337,0.1300509870052337,0.1300509870052337,0
2023-07-19,0.1300509870052337,0.1300509870052337,0.1300509870052337,0.1300509870052337,0
2023-07-20,0.1300509870052337,0.1300509870052337,0.1300509870052337,0.1300509870052337,0
2023-07-21,0.1300509870052337,0.1300509870052337,0.1300509870052337,0.1300509870052337,0
2023-07-24,0.1300509870052337,0.1300509870052337,0.1300509870052337,0.1300509870052337,0
2023-07-25,0.1318084448575973,0.1318084448575973,0.1318084448575973,0.1318084448575973,10000
2023-07-26,0.1318084448575973,0.1318084448575973,0.1318084448575973,0.1318084448575973,0
2023-07-27,0.1318084448575973,0.1318084448575973,0.1318084448575973,0.1318084448575973,0
2023-07-28,0.1318084448575973,0.1318084448575973,0.1318084448575973,0.1318084448575973,0
2023-07-31,0.1318084448575973,0.1318084448575973,0.1318084448575973,0.1318084448575973,0
2023-08-01,0.1309297116598625,0.1309297116598625,0.1300509870052337,0.1300509870052337,7400
2023-08-02,0.1300509870052337,0.1300509870052337,0.1300509870052337,0.1300509870052337,0
2023-08-03,0.1318084461804396,0.1318084461804396,0.1274148225784301,0.1274148225784301,25000
2023-08-04,0.1274148158816707,0.1274148158816707,0.1256573796272277,0.1256573796272277,25000
2023-08-07,0.1256573796272277,0.1256573796272277,0.1256573796272277,0.1256573796272277,0
2023-08-08,0.1256573796272277,0.1256573796272277,0.1256573796272277,0.1256573796272277,0
2023-08-10,0.1256573796272277,0.1256573796272277,0.1256573796272277,0.1256573796272277,0
2023-08-11,0.1300509904914754,0.1326871514320373,0.1300509904914754,0.1326871514320373,88800
2023-08-14,0.1370807705361011,0.1379594951868057,0.1370807705361011,0.1379594951868057,13500
2023-08-15,0.1370807705361011,0.1379594951868057,0.1370807705361011,0.1379594951868057,6500
2023-08-16,0.1379594951868057,0.1379594951868057,0.1379594951868057,0.1379594951868057,6500
2023-08-17,0.1379594951868057,0.1379594951868057,0.1379594951868057,0.1379594951868057,0
2023-08-18,0.1379594951868057,0.1379594951868057,0.1379594951868057,0.1379594951868057,0
2023-08-21,0.1318084448575973,0.1318084448575973,0.1318084448575973,0.1318084448575973,25900
2023-08-22,0.1309297089321707,0.1309297089321707,0.123021200299263,0.123021200299263,170500
2023-08-23,0.123021200299263,0.123021200299263,0.123021200299263,0.123021200299263,0
2023-08-24,0.123021200299263,0.123021200299263,0.123021200299263,0.123021200299263,0
2023-08-25,0.123021200299263,0.123021200299263,0.123021200299263,0.123021200299263,0
2023-08-28,0.123021200299263,0.123021200299263,0.123021200299263,0.123021200299263,0
2023-08-29,0.1282935354805773,0.1282935354805773,0.1265360862016677,0.1265360862016677,1200
2023-08-30,0.1265360862016677,0.1265360862016677,0.1265360862016677,0.1265360862016677,18700
2023-08-31,0.1265360862016677,0.1265360862016677,0.1265360862016677,0.1265360862016677,10000
2023-09-04,0.1326871514320373,0.1326871514320373,0.1326871514320373,0.1326871514320373,40600
2023-09-05,0.1326871514320373,0.1326871514320373,0.1326871514320373,0.1326871514320373,0
2023-09-06,0.1326871514320373,0.1326871514320373,0.1326871514320373,0.1326871514320373,0
2023-09-07,0.1265360965880998,0.1318084448575973,0.1256573849705089,0.1318084448575973,25100
2023-09-08,0.1265360862016677,0.1265360862016677,0.1265360862016677,0.1265360862016677,50000
2023-09-11,0.1265360862016677,0.1265360862016677,0.1265360862016677,0.1265360862016677,0
2023-09-12,0.1265360901316934,0.1265360901316934,0.1230212045586981,0.1238999292254448,208700
2023-09-13,0.1238999292254448,0.1238999292254448,0.1238999292254448,0.1238999292254448,0
2023-09-14,0.1238999292254448,0.1238999292254448,0.1238999292254448,0.1238999292254448,79500
2023-09-15,0.1238999292254448,0.1238999292254448,0.1238999292254448,0.1238999292254448,0
2023-09-18,0.1238999292254448,0.1238999292254448,0.1238999292254448,0.1238999292254448,0
2023-09-19,0.1238999292254448,0.1238999292254448,0.1238999292254448,0.1238999292254448,0
2023-09-20,0.1238999292254448,0.1238999292254448,0.1238999292254448,0.1238999292254448,0
2023-09-21,0.1238999292254448,0.1238999292254448,0.1238999292254448,0.1238999292254448,0
2023-09-22,0.1238999292254448,0.1238999292254448,0.1238999292254448,0.1238999292254448,0
2023-09-25,0.1238999292254448,0.1238999292254448,0.1238999292254448,0.1238999292254448,0
2023-09-26,0.1238999292254448,0.1238999292254448,0.1238999292254448,0.1238999292254448,0
2023-09-27,0.1256573796272277,0.1256573796272277,0.1256573796272277,0.1256573796272277,128900
2023-09-28,0.1256573742082292,0.1256573742082292,0.123021200299263,0.123021200299263,73900
2023-09-29,0.123021200299263,0.123021200299263,0.123021200299263,0.123021200299263,0
2023-10-02,0.123021200299263,0.123021200299263,0.123021200299263,0.123021200299263,0
2023-10-03,0.123021200299263,0.123021200299263,0.123021200299263,0.123021200299263,0
2023-10-04,0.123021200299263,0.123021200299263,0.123021200299263,0.123021200299263,0
2023-10-05,0.123899924935585,0.123899924935585,0.123021200299263,0.123021200299263,2500
2023-10-06,0.123021200299263,0.123021200299263,0.123021200299263,0.123021200299263,0
2023-10-09,0.1247786507010459,0.1247786507010459,0.1247786507010459,0.1247786507010459,1000
2023-10-10,0.1247786507010459,0.1247786507010459,0.1247786507010459,0.1247786507010459,0
2023-10-11,0.1247786507010459,0.1247786507010459,0.1247786507010459,0.1247786507010459,0
2023-10-12,0.1247786507010459,0.1247786507010459,0.1247786507010459,0.1247786507010459,0
2023-10-13,0.1247786507010459,0.1247786507010459,0.1247786507010459,0.1247786507010459,0
2023-10-16,0.1247786507010459,0.1247786507010459,0.1247786507010459,0.1247786507010459,0
2023-10-17,0.123899924935585,0.123899924935585,0.123021200299263,0.123021200299263,300
2023-10-18,0.123021200299263,0.123021200299263,0.123021200299263,0.123021200299263,0
2023-10-19,0.123021200299263,0.123021200299263,0.1212637510266188,0.123021200299263,32900
2023-10-20,0.123021200299263,0.123021200299263,0.123021200299263,0.123021200299263,1600
2023-10-23,0.123021200299263,0.123021200299263,0.123021200299263,0.123021200299263,100
2023-10-24,0.123021200299263,0.123021200299263,0.123021200299263,0.123021200299263,100
2023-10-25,0.1221424788236618,0.1221424788236618,0.1221424788236618,0.1221424788236618,600
2023-10-26,0.1221424788236618,0.1221424788236618,0.1221424788236618,0.1221424788236618,0
2023-10-27,0.1221424788236618,0.1221424788236618,0.1221424788236618,0.1221424788236618,0
2023-10-30,0.1221424788236618,0.1221424788236618,0.1221424788236618,0.1221424788236618,700
2023-10-31,0.12302120671232,0.12302120671232,0.1212637573480606,0.1212637573480606,75300
2023-11-01,0.1212637573480606,0.1212637573480606,0.1212637573480606,0.1212637573480606,0
2023-11-02,0.1212637573480606,0.1212637573480606,0.1212637573480606,0.1212637573480606,0
2023-11-03,0.1212637573480606,0.1212637573480606,0.1212637573480606,0.1212637573480606,0
2023-11-06,0.1212637573480606,0.1212637573480606,0.1212637573480606,0.1212637573480606,0
2023-11-07,0.1212637573480606,0.1212637573480606,0.1212637573480606,0.1212637573480606,0
2023-11-08,0.1221424820301903,0.1221424820301903,0.1212637573480606,0.1212637573480606,1000
2023-11-09,0.1212637530730299,0.1212637530730299,0.1195063168647187,0.1203850284218788,40500
2023-11-10,0.1203850284218788,0.1203850284218788,0.1203850284218788,0.1203850284218788,0
2023-11-14,0.1195063218474388,0.1195063218474388,0.1195063218474388,0.1195063218474388,800
2023-11-15,0.1195063218474388,0.1195063218474388,0.1195063218474388,0.1195063218474388,0
2023-11-16,0.1186275950605937,0.1186275950605937,0.1159914210438728,0.1159914210438728,25000
2023-11-17,0.1159914210438728,0.1159914210438728,0.1159914210438728,0.1159914210438728,0
2023-11-20,0.1159914210438728,0.1159914210438728,0.1159914210438728,0.1159914210438728,0
2023-11-21,0.1159914210438728,0.1159914210438728,0.1159914210438728,0.1159914210438728,0
2023-11-22,0.1177488714456558,0.1177488714456558,0.1177488714456558,0.1177488714456558,15800
2023-11-23,0.1168701457161131,0.1168701457161131,0.1151126963716325,0.1159914210438728,201900
2023-11-24,0.1159914210438728,0.1159914210438728,0.1159914210438728,0.1159914210438728,0
2023-11-27,0.1159914210438728,0.1159914210438728,0.1159914210438728,0.1159914210438728,0
2023-11-28,0.1159914210438728,0.1159914210438728,0.1159914210438728,0.1159914210438728,0
2023-11-29,0.123021200299263,0.123021200299263,0.123021200299263,0.123021200299263,300
2023-11-30,0.122142485101412,0.122142485101412,0.1168701499700546,0.1168701499700546,15700
2023-12-01,0.1221424788236618,0.1221424788236618,0.1221424788236618,0.1221424788236618,20000
2023-12-04,0.1221424788236618,0.1221424788236618,0.1221424788236618,0.1221424788236618,0
2023-12-05,0.1159914275355093,0.1159914275355093,0.1142339780926704,0.1142339780926704,17400
2023-12-06,0.1133552491664886,0.1133552491664886,0.1133552491664886,0.1133552491664886,200
2023-12-07,0.1133552491664886,0.1133552491664886,0.1133552491664886,0.1133552491664886,3200
2023-12-08,0.112476535141468,0.112476535141468,0.112476535141468,0.112476535141468,200
2023-12-11,0.1124765296953755,0.1124765296953755,0.1098403558135032,0.1098403558135032,64800
2023-12-12,0.1098403558135032,0.1098403558135032,0.1098403558135032,0.1098403558135032,0
2023-12-13,0.1115978018913817,0.1115978018913817,0.1107190772891044,0.1107190772891044,12500
2023-12-14,0.1107190772891044,0.1107190772891044,0.1107190772891044,0.1107190772891044,0
2023-12-15,0.1107190772891044,0.1107190772891044,0.1107190772891044,0.1107190772891044,0
2023-12-18,0.1107190772891044,0.1107190772891044,0.1107190772891044,0.1107190772891044,0
2023-12-19,0.1107190772891044,0.1107190772891044,0.1107190772891044,0.1107190772891044,25000
2023-12-20,0.1107190772891044,0.1107190772891044,0.1107190772891044,0.1107190772891044,63000
2023-12-21,0.1107190772891044,0.1107190772891044,0.1107190772891044,0.1107190772891044,0
2023-12-22,0.1159914210438728,0.1186275950605937,0.1159914210438728,0.1159914210438728,9100
2023-12-26,0.1159914210438728,0.1159914210438728,0.1159914210438728,0.1159914210438728,0
2023-12-27,0.1159914210438728,0.1159914210438728,0.1159914210438728,0.1159914210438728,0
2023-12-28,0.1159914210438728,0.1159914210438728,0.1159914210438728,0.1159914210438728,0
2023-12-29,0.1159914210438728,0.1159914210438728,0.1159914210438728,0.1159914210438728,0
2024-01-02,0.1159914210438728,0.1159914210438728,0.1159914210438728,0.1159914210438728,0
2024-01-03,0.1159914210438728,0.1159914210438728,0.1159914210438728,0.1159914210438728,0
2024-01-04,0.1159914210438728,0.1159914210438728,0.1159914210438728,0.1159914210438728,0
2024-01-05,0.1133552491664886,0.1133552491664886,0.1133552491664886,0.1133552491664886,12500
2024-01-08,0.1133552491664886,0.1133552491664886,0.1133552491664886,0.1133552491664886,0
2024-01-09,0.1133552491664886,0.1133552491664886,0.1133552491664886,0.1133552491664886,0
2024-01-10,0.1133552491664886,0.1133552491664886,0.1133552491664886,0.1133552491664886,0
2024-01-11,0.1133552491664886,0.1133552491664886,0.1133552491664886,0.1133552491664886,0
2024-01-12,0.1133552491664886,0.1133552491664886,0.1133552491664886,0.1133552491664886,0
2024-01-15,0.11335525210234,0.1186276003718376,0.11335525210234,0.1186276003718376,35300
2024-01-16,0.112476535141468,0.112476535141468,0.112476535141468,0.112476535141468,30000
2024-01-17,0.112476535141468,0.112476535141468,0.112476535141468,0.112476535141468,0
2024-01-18,0.112476535141468,0.112476535141468,0.112476535141468,0.112476535141468,0
2024-01-19,0.1115978018913817,0.1115978018913817,0.1107190772891044,0.1107190772891044,18700
2024-01-22,0.1107190772891044,0.1107190772891044,0.1107190772891044,0.1107190772891044,0
2024-01-23,0.1107190772891044,0.1107190772891044,0.1107190772891044,0.1107190772891044,0
2024-01-24,0.1107190772891044,0.1107190772891044,0.1107190772891044,0.1107190772891044,0
2024-01-25,0.111597804816546,0.111597804816546,0.1080829128623008,0.1080829128623008,2500
2024-01-26,0.1080829128623008,0.1080829128623008,0.1080829128623008,0.1080829128623008,0
2024-01-29,0.1098403558135032,0.1098403558135032,0.1098403558135032,0.1098403558135032,30000
2024-01-30,0.1098403558135032,0.1098403558135032,0.1098403558135032,0.1098403558135032,25000
2024-01-31,0.1098403558135032,0.1098403558135032,0.1098403558135032,0.1098403558135032,0
2024-02-01,0.1098403558135032,0.1098403558135032,0.1098403558135032,0.1098403558135032,0
2024-02-02,0.1098403558135032,0.1098403558135032,0.1098403558135032,0.1098403558135032,0
2024-02-05,0.1098403558135032,0.1098403558135032,0.1098403558135032,0.1098403558135032,0
2024-02-06,0.1098403558135032,0.1098403558135032,0.1098403558135032,0.1098403558135032,0
2024-02-07,0.1107190815789623,0.1115978062152862,0.1107190815789623,0.1115978062152862,10700
2024-02-08,0.112476535141468,0.112476535141468,0.112476535141468,0.112476535141468,30000
2024-02-09,0.1212637541646006,0.1230212034827229,0.1203850295055395,0.1221424788236618,5171700
2024-02-13,0.1212637541646006,0.1221424788236618,0.1212637541646006,0.1221424788236618,109000
2024-02-14,0.1221424760983849,0.1265360862016677,0.1221424760983849,0.1265360862016677,240600
2024-02-15,0.1256573746562039,0.1265360862016677,0.1256573746562039,0.1265360862016677,62400
2024-02-16,0.1256573796272277,0.1256573796272277,0.1256573796272277,0.1256573796272277,12900
2024-02-19,0.1256573796272277,0.1256573796272277,0.1256573796272277,0.1256573796272277,10000
2024-02-20,0.1256573796272277,0.1256573796272277,0.1256573796272277,0.1256573796272277,0
2024-02-21,0.1247786507010459,0.1247786507010459,0.1247786507010459,0.1247786507010459,108200
2024-02-22,0.1247786507010459,0.1247786507010459,0.1247786507010459,0.1247786507010459,0
2024-02-23,0.1256573785589381,0.1256573785589381,0.1238999292254448,0.1238999292254448,50000
2024-02-26,0.1238999292254448,0.1238999292254448,0.1238999292254448,0.1238999292254448,50000
2024-02-27,0.1238999292254448,0.1238999292254448,0.1238999292254448,0.1238999292254448,11100
2024-02-28,0.1238999292254448,0.1238999292254448,0.1238999292254448,0.1238999292254448,0
2024-02-29,0.1238999292254448,0.1238999292254448,0.1238999292254448,0.1238999292254448,0
2024-03-01,0.1238999292254448,0.1238999292254448,0.1238999292254448,0.1238999292254448,0
2024-03-04,0.1238999292254448,0.1238999292254448,0.1238999292254448,0.1238999292254448,25800
2024-03-05,0.123021200299263,0.123021200299263,0.123021200299263,0.123021200299263,177700
2024-03-06,0.1238999292254448,0.1238999292254448,0.1238999292254448,0.1238999292254448,116300
2024-03-07,0.123899928141784,0.123899928141784,0.1221424788236618,0.1221424788236618,77600
2024-03-08,0.123021200299263,0.123021200299263,0.123021200299263,0.123021200299263,78500
2024-03-11,0.1238999313944497,0.1238999313944497,0.1212637573480606,0.1212637573480606,82600
2024-03-12,0.1212637573480606,0.1212637573480606,0.1212637573480606,0.1212637573480606,0
2024-03-13,0.1212637573480606,0.1212637573480606,0.1212637573480606,0.1212637573480606,0
2024-03-14,0.1212637573480606,0.1212637573480606,0.1212637573480606,0.1212637573480606,0
2024-03-15,0.1212637573480606,0.1212637573480606,0.1212637573480606,0.1212637573480606,0
2024-03-18,0.1212637573480606,0.1212637573480606,0.1212637573480606,0.1212637573480606,0
2024-03-19,0.1212637530730299,0.1212637530730299,0.1203850284218788,0.1203850284218788,500000
2024-03-20,0.1203850284218788,0.1203850284218788,0.1203850284218788,0.1203850284218788,0
2024-03-21,0.1203850284218788,0.1203850284218788,0.1203850284218788,0.1203850284218788,0
2024-03-22,0.1203850284218788,0.1203850284218788,0.1203850284218788,0.1203850284218788,0
2024-03-25,0.1203850284218788,0.1203850284218788,0.1203850284218788,0.1203850284218788,0
2024-03-26,0.1238999292254448,0.1238999292254448,0.1238999292254448,0.1238999292254448,20000
2024-03-27,0.1238999292254448,0.1238999292254448,0.1238999292254448,0.1238999292254448,0
2024-03-28,0.123021200299263,0.1256573742082292,0.123021200299263,0.123021200299263,20000
2024-04-01,0.123021200299263,0.123021200299263,0.123021200299263,0.123021200299263,0
2024-04-02,0.1203850326659308,0.12302120671232,0.1203850326659308,0.1212637573480606,107500
2024-04-03,0.1247786507010459,0.1247786507010459,0.1247786507010459,0.1247786507010459,9000
2024-04-04,0.1247786507010459,0.1274148115398762,0.1247786507010459,0.1247786507010459,156000
2024-04-05,0.123899924935585,0.123899924935585,0.123021200299263,0.123021200299263,59500
2024-04-08,0.123021200299263,0.123021200299263,0.123021200299263,0.123021200299263,0
2024-04-09,0.123021200299263,0.123021200299263,0.123021200299263,0.123021200299263,0
2024-04-11,0.123021200299263,0.123021200299263,0.123021200299263,0.123021200299263,0
2024-04-12,0.123021200299263,0.123021200299263,0.123021200299263,0.123021200299263,0
2024-04-15,0.123021200299263,0.123021200299263,0.1212637510266188,0.123021200299263,12300
2024-04-16,0.123021200299263,0.123021200299263,0.123021200299263,0.123021200299263,0
2024-04-17,0.123021200299263,0.123021200299263,0.123021200299263,0.123021200299263,0
2024-04-18,0.123021200299263,0.123021200299263,0.123021200299263,0.123021200299263,0
2024-04-19,0.1203850263902967,0.123021200299263,0.1203850263902967,0.123021200299263,102500
2024-04-22,0.1256573753453197,0.1274148115398762,0.1247786507010459,0.1247786507010459,136200
2024-04-23,0.1221424788236618,0.1221424788236618,0.1221424788236618,0.1221424788236618,6200
2024-04-24,0.1221424788236618,0.1221424788236618,0.1221424788236618,0.1221424788236618,0
2024-04-25,0.1256573796272277,0.1256573796272277,0.1256573796272277,0.1256573796272277,16000
2024-04-26,0.1265360978580283,0.1274148225784301,0.1265360978580283,0.1274148225784301,35000
2024-04-29,0.1265360912074535,0.1265360912074535,0.1256573796272277,0.1256573796272277,56000
2024-04-30,0.1247786507010459,0.1247786507010459,0.1247786507010459,0.1247786507010459,10000
2024-05-02,0.1247786507010459,0.1247786507010459,0.1238999260567722,0.1247786507010459,135000
2024-05-03,0.1265360978580283,0.1274148225784301,0.1265360978580283,0.1274148225784301,94700
2024-05-06,0.1274148225784301,0.1274148225784301,0.1274148225784301,0.1274148225784301,300
2024-05-07,0.1274148225784301,0.1274148225784301,0.1274148225784301,0.1274148225784301,7000
2024-05-08,0.1238999292254448,0.1238999292254448,0.1238999292254448,0.1238999292254448,3700
2024-05-09,0.1238999292254448,0.1238999292254448,0.1238999292254448,0.1238999292254448,0
2024-05-10,0.1238999292254448,0.1238999292254448,0.1238999292254448,0.1238999292254448,0
2024-05-13,0.1238999292254448,0.1238999292254448,0.1238999292254448,0.1238999292254448,0
2024-05-14,0.1274148164569219,0.1326871514320373,0.1274148164569219,0.1326871514320373,820200
2024-05-15,0.1335658729076385,0.1344445975647533,0.1318084366874001,0.1335658729076385,83500
2024-05-16,0.134444605898354,0.134444605898354,0.1318084448575973,0.1318084448575973,56300
2024-05-17,0.1271009867671379,0.1299254447221756,0.1271009867671379,0.1299254447221756,28800
2024-05-20,0.1308669475069286,0.1308669475069286,0.1280424892902374,0.1280424892902374,100000
2024-05-21,0.1280424892902374,0.1280424892902374,0.1280424892902374,0.1280424892902374,0
2024-05-23,0.1280424892902374,0.1280424892902374,0.1280424892902374,0.1280424892902374,0
2024-05-24,0.1289839565525023,0.1289839565525023,0.1214520451447712,0.1271009892225265,298100
2024-05-27,0.1289839595556259,0.1289839595556259,0.1289839595556259,0.1289839595556259,3000
2024-05-28,0.1261595077929253,0.1280424892902374,0.1242765262956132,0.1280424892902374,13300
2024-05-29,0.1280424892902374,0.1280424892902374,0.1280424892902374,0.1280424892902374,0
2024-05-30,0.1242765147828246,0.1299254447221756,0.1242765147828246,0.1299254447221756,80100
2024-05-31,0.1289839595556259,0.1289839595556259,0.1289839595556259,0.1289839595556259,7000
2024-06-03,0.1289839578883072,0.1318084299564361,0.1289839578883072,0.1318084299564361,59000
2024-06-04,0.1318084299564361,0.1318084299564361,0.1318084299564361,0.1318084299564361,57000
2024-06-05,0.1318084299564361,0.1318084299564361,0.1271009905388307,0.1318084299564361,281100
2024-06-06,0.1318084299564361,0.1318084299564361,0.1318084299564361,0.1318084299564361,400
2024-06-07,0.1327499151229858,0.1327499151229858,0.1318084244727786,0.1327499151229858,70700
2024-06-10,0.1318084299564361,0.1318084299564361,0.1318084299564361,0.1318084299564361,44400
2024-06-11,0.1318084299564361,0.1318084299564361,0.1318084299564361,0.1318084299564361,50000
2024-06-12,0.1318084299564361,0.1318084299564361,0.1318084299564361,0.1318084299564361,0
2024-06-13,0.1308669447898864,0.1308669447898864,0.1308669447898864,0.1308669447898864,50000
2024-06-14,0.1289839595556259,0.1289839595556259,0.1289839595556259,0.1289839595556259,1200
2024-06-18,0.1289839595556259,0.1289839595556259,0.1289839595556259,0.1289839595556259,0
2024-06-19,0.1327499151229858,0.1327499151229858,0.1318084244727786,0.1327499151229858,568300
2024-06-20,0.1327499151229858,0.1327499151229858,0.1327499151229858,0.1327499151229858,0
2024-06-21,0.1327499151229858,0.1327499151229858,0.1327499151229858,0.1327499151229858,0
2024-06-24,0.1336914096795297,0.1355743770056872,0.1318084283240962,0.1346329003572464,68500
2024-06-25,0.1346329003572464,0.1346329003572464,0.1346329003572464,0.1346329003572464,0
2024-06-26,0.1346329003572464,0.1346329003572464,0.1346329003572464,0.1346329003572464,0
2024-06-27,0.1346329003572464,0.1346329003572464,0.1346329003572464,0.1346329003572464,0
2024-06-28,0.1346329003572464,0.1346329003572464,0.1346329003572464,0.1346329003572464,0
2024-07-01,0.1327499151229858,0.1327499151229858,0.1327499151229858,0.1327499151229858,7900
2024-07-02,0.1327499151229858,0.1327499151229858,0.1327499151229858,0.1327499151229858,0
2024-07-03,0.132749919001813,0.1346329003572464,0.132749919001813,0.1346329003572464,150000
2024-07-04,0.1346329003572464,0.1346329003572464,0.1346329003572464,0.1346329003572464,0
2024-07-05,0.1336914096795297,0.1346329003572464,0.1336914096795297,0.1346329003572464,150000
2024-07-08,0.1355743825944758,0.1355743825944758,0.1327499244741689,0.1336914151906967,114500
2024-07-09,0.1336914151906967,0.1336914151906967,0.1336914151906967,0.1336914151906967,0
2024-07-10,0.1336914113351887,0.1336914113351887,0.1318084299564361,0.1318084299564361,12500
2024-07-11,0.1318084299564361,0.1318084299564361,0.1318084299564361,0.1318084299564361,0
2024-07-12,0.1318084299564361,0.1318084299564361,0.1318084299564361,0.1318084299564361,159000
2024-07-15,0.1318084299564361,0.1318084299564361,0.1318084299564361,0.1318084299564361,0
2024-07-16,0.1318084299564361,0.1318084299564361,0.1318084299564361,0.1318084299564361,9500
2024-07-17,0.1318084299564361,0.1318084299564361,0.1318084299564361,0.1318084299564361,0
2024-07-18,0.1318084299564361,0.1318084299564361,0.1318084299564361,0.1318084299564361,0
2024-07-19,0.1327499151229858,0.1327499151229858,0.1327499151229858,0.1327499151229858,1000
2024-07-22,0.1289839679102677,0.1327499309603856,0.1252180188894271,0.1252180188894271,56600
2024-07-23,0.1252180144445094,0.1308669447898864,0.1195690840991324,0.1308669447898864,50200
2024-07-24,0.1261595040559768,0.1261595040559768,0.1261595040559768,0.1261595040559768,30800
2024-07-25,0.1289839595556259,0.1289839595556259,0.1289839595556259,0.1289839595556259,100
2024-07-26,0.125218010778716,0.1289839595556259,0.125218010778716,0.1289839595556259,292000
2024-07-29,0.1289839595556259,0.1289839595556259,0.1289839595556259,0.1289839595556259,0
2024-07-30,0.1289839595556259,0.1289839595556259,0.1289839595556259,0.1289839595556259,20000
2024-07-31,0.1299254447221756,0.1299254447221756,0.1289839540607378,0.1299254447221756,68600
2024-08-01,0.1299254447221756,0.1299254447221756,0.1299254447221756,0.1299254447221756,0
2024-08-02,0.1299254447221756,0.1299254447221756,0.1299254447221756,0.1299254447221756,0
2024-08-05,0.1299254447221756,0.1299254447221756,0.1299254447221756,0.1299254447221756,0
2024-08-06,0.1299254447221756,0.1299254447221756,0.1299254447221756,0.1299254447221756,0
2024-08-07,0.1242765174674086,0.1242765174674086,0.1195690780878067,0.1195690780878067,180200
2024-08-08,0.1252180095137518,0.1252180095137518,0.1242765188217163,0.1242765188217163,58500
2024-08-12,0.1252180188894271,0.1252180188894271,0.1252180188894271,0.1252180188894271,5200
2024-08-13,0.1252180081491841,0.1252180081491841,0.1195690780878067,0.1195690780878067,6200
2024-08-14,0.1195690780878067,0.1195690780878067,0.1195690780878067,0.1195690780878067,0
2024-08-15,0.1195690780878067,0.1195690780878067,0.1195690780878067,0.1195690780878067,0
2024-08-16,0.1195690780878067,0.1195690780878067,0.1195690780878067,0.1195690780878067,0
2024-08-19,0.1261595040559768,0.1261595040559768,0.1261595040559768,0.1261595040559768,200
2024-08-20,0.1205105754817987,0.1233350336551666,0.1205105754817987,0.1233350336551666,80800
2024-08-21,0.1233350336551666,0.1233350336551666,0.1233350336551666,0.1233350336551666,0
2024-08-22,0.1233350336551666,0.1233350336551666,0.1233350336551666,0.1233350336551666,0
2024-08-23,0.1233350336551666,0.1233350336551666,0.1233350336551666,0.1233350336551666,0
2024-08-26,0.1233350336551666,0.1233350336551666,0.1233350336551666,0.1233350336551666,0
2024-08-27,0.1233350336551666,0.1233350336551666,0.1233350336551666,0.1233350336551666,0
2024-08-28,0.1233350336551666,0.1233350336551666,0.1233350336551666,0.1233350336551666,0
2024-08-29,0.1299254447221756,0.1299254447221756,0.1299254447221756,0.1299254447221756,9400
2024-08-30,0.1299254447221756,0.1299254447221756,0.1299254447221756,0.1299254447221756,0
2024-09-02,0.1299254540607775,0.1308669447898864,0.1299254540607775,0.1308669447898864,5300
2024-09-03,0.1308669447898864,0.1308669447898864,0.1308669447898864,0.1308669447898864,7700
2024-09-04,0.1308669447898864,0.1308669447898864,0.1308669447898864,0.1308669447898864,5500
2024-09-05,0.1308669447898864,0.1308669447898864,0.1308669447898864,0.1308669447898864,12100
2024-09-06,0.1308669447898864,0.1308669447898864,0.1308669447898864,0.1308669447898864,9400
2024-09-09,0.1308669447898864,0.1308669447898864,0.1308669447898864,0.1308669447898864,0
2024-09-10,0.1308669447898864,0.1308669447898864,0.1308669447898864,0.1308669447898864,10000
2024-09-11,0.1308669447898864,0.1308669447898864,0.1308669447898864,0.1308669447898864,0
2024-09-12,0.1308669447898864,0.1308669447898864,0.1308669447898864,0.1308669447898864,0
2024-09-13,0.1308669447898864,0.1308669447898864,0.1308669447898864,0.1308669447898864,0
2024-09-16,0.1308669447898864,0.1308669447898864,0.1308669447898864,0.1308669447898864,0
2024-09-17,0.1280424892902374,0.1280424892902374,0.1280424892902374,0.1280424892902374,600
2024-09-18,0.1308669494353266,0.1308669494353266,0.1252180188894271,0.1252180188894271,16700
2024-09-19,0.1289839595556259,0.1289839595556259,0.1289839595556259,0.1289839595556259,2800
2024-09-20,0.1289839595556259,0.1289839595556259,0.1289839595556259,0.1289839595556259,0
2024-09-23,0.1289839595556259,0.1289839595556259,0.1289839595556259,0.1289839595556259,5200
2024-09-24,0.1271009892225265,0.1271009892225265,0.1271009892225265,0.1271009892225265,2500
2024-09-25,0.1271009892225265,0.1271009892225265,0.1271009892225265,0.1271009892225265,0
2024-09-26,0.1271009892225265,0.1271009892225265,0.1271009892225265,0.1271009892225265,0
2024-09-27,0.1271009892225265,0.1271009892225265,0.1271009892225265,0.1271009892225265,0
2024-09-30,0.1271009908978228,0.1271009908978228,0.1242765188217163,0.1242765188217163,27600
2024-10-01,0.127101000414486,0.127101000414486,0.1223935466018388,0.1252180188894271,233400
2024-10-02,0.1252180188894271,0.1252180188894271,0.1252180188894271,0.1252180188894271,0
2024-10-03,0.1252180188894271,0.1252180188894271,0.1252180188894271,0.1252180188894271,0
2024-10-04,0.1252180188894271,0.1252180188894271,0.1252180188894271,0.1252180188894271,0
2024-10-07,0.1252180188894271,0.1252180188894271,0.1252180188894271,0.1252180188894271,0
2024-10-08,0.1252180188894271,0.1252180188894271,0.1252180188894271,0.1252180188894271,0
2024-10-09,0.1252180188894271,0.1252180188894271,0.1252180188894271,0.1252180188894271,0
2024-10-10,0.1252180188894271,0.1252180188894271,0.1252180188894271,0.1252180188894271,0
2024-10-11,0.1252180188894271,0.1252180188894271,0.1252180188894271,0.1252180188894271,0
2024-10-14,0.1252180188894271,0.1252180188894271,0.1252180188894271,0.1252180188894271,0
2024-10-15,0.1252180188894271,0.1252180188894271,0.1252180188894271,0.1252180188894271,25500
2024-10-16,0.1252180095137518,0.1261595002057873,0.1242765188217163,0.1242765188217163,57000
2024-10-17,0.1261595002057873,0.1261595002057873,0.1242765188217163,0.1242765188217163,27500
2024-10-18,0.1242765188217163,0.1242765188217163,0.1242765188217163,0.1242765188217163,0
2024-10-21,0.1252180188894271,0.1252180188894271,0.1252180188894271,0.1252180188894271,75000
2024-10-22,0.1252180188894271,0.1252180188894271,0.1252180188894271,0.1252180188894271,0
2024-10-23,0.1252180188894271,0.1252180188894271,0.1252180188894271,0.1252180188894271,0
2024-10-24,0.1242765281268977,0.1252180188894271,0.1242765281268977,0.1252180188894271,20200
2024-10-25,0.1252180188894271,0.1252180188894271,0.1252180188894271,0.1252180188894271,0
2024-10-28,0.1252180188894271,0.1252180188894271,0.1252180188894271,0.1252180188894271,0
2024-10-29,0.1233350336551666,0.1233350336551666,0.1233350336551666,0.1233350336551666,60000
2024-10-30,0.1233350336551666,0.1233350336551666,0.1233350336551666,0.1233350336551666,0
2024-11-01,0.1233350336551666,0.1233350336551666,0.1233350336551666,0.1233350336551666,0
2024-11-04,0.1233350336551666,0.1233350336551666,0.1233350336551666,0.1233350336551666,14000
2024-11-05,0.1233350336551666,0.1233350336551666,0.1233350336551666,0.1233350336551666,0
2024-11-06,0.1233350336551666,0.1233350336551666,0.1233350336551666,0.1233350336551666,0
2024-11-07,0.1223935466342655,0.1223935466342655,0.1214520558714866,0.1214520558714866,47100
2024-11-08,0.1186275910145413,0.1186275910145413,0.1176861003041267,0.1176861003041267,25000
2024-11-11,0.1176861003041267,0.1176861003041267,0.1176861003041267,0.1176861003041267,0
2024-11-12,0.1176861003041267,0.1176861003041267,0.1176861003041267,0.1176861003041267,0
2024-11-13,0.1195690780878067,0.1205105687695822,0.1195690780878067,0.1195690780878067,18800
2024-11-14,0.1205105781555175,0.1205105781555175,0.1205105781555175,0.1205105781555175,10000
2024-11-15,0.1205105781555175,0.1205105781555175,0.1205105781555175,0.1205105781555175,0
2024-11-18,0.1195690780878067,0.1195690780878067,0.1195690780878067,0.1195690780878067,73000
2024-11-19,0.1195690780878067,0.1195690780878067,0.1195690780878067,0.1195690780878067,0
2024-11-20,0.1186275966453108,0.1205105781555175,0.1186275966453108,0.1205105781555175,40500
2024-11-21,0.1205105781555175,0.1205105781555175,0.1205105781555175,0.1205105781555175,0
2024-11-22,0.118627592921257,0.118627592921257,0.118627592921257,0.118627592921257,100
2024-11-25,0.118627592921257,0.118627592921257,0.118627592921257,0.118627592921257,63000
2024-11-26,0.118627592921257,0.118627592921257,0.118627592921257,0.118627592921257,0
2024-11-27,0.118627592921257,0.118627592921257,0.118627592921257,0.118627592921257,20000
2024-11-28,0.118627592921257,0.118627592921257,0.118627592921257,0.118627592921257,0
2024-11-29,0.118627592921257,0.118627592921257,0.118627592921257,0.118627592921257,0
2024-12-02,0.118627592921257,0.118627592921257,0.118627592921257,0.118627592921257,8800
2024-12-03,0.118627592921257,0.118627592921257,0.118627592921257,0.118627592921257,16500
2024-12-04,0.1186275921883893,0.1223935410380363,0.1186275921883893,0.1223935410380363,100800
2024-12-05,0.1223935410380363,0.1223935410380363,0.1223935410380363,0.1223935410380363,0
2024-12-06,0.1223935410380363,0.1223935410380363,0.1223935410380363,0.1223935410380363,0
2024-12-09,0.1205105781555175,0.1205105781555175,0.1205105781555175,0.1205105781555175,5000
2024-12-10,0.1195690780878067,0.1195690780878067,0.1195690780878067,0.1195690780878067,78000
2024-12-11,0.1195690780878067,0.1195690780878067,0.1195690780878067,0.1195690780878067,0
2024-12-12,0.1195690780878067,0.1195690780878067,0.1195690780878067,0.1195690780878067,0
2024-12-13,0.1195690780878067,0.1195690780878067,0.1195690780878067,0.1195690780878067,0
2024-12-16,0.1195690780878067,0.1195690780878067,0.1195690780878067,0.1195690780878067,0
2024-12-17,0.1195690780878067,0.1195690780878067,0.1195690780878067,0.1195690780878067,0
2024-12-18,0.1195690780878067,0.1195690780878067,0.1195690780878067,0.1195690780878067,43000
2024-12-19,0.1195690780878067,0.1195690780878067,0.1195690780878067,0.1195690780878067,0
2024-12-20,0.1195690780878067,0.1195690780878067,0.1195690780878067,0.1195690780878067,0
2024-12-23,0.118627592921257,0.118627592921257,0.118627592921257,0.118627592921257,2500
2024-12-24,0.118627592921257,0.118627592921257,0.118627592921257,0.118627592921257,0
2024-12-26,0.118627592921257,0.118627592921257,0.118627592921257,0.118627592921257,23700
2024-12-27,0.1176861068496483,0.1214520558714866,0.1176861068496483,0.1214520558714866,57100
2024-12-30,0.1223935410380363,0.1223935410380363,0.1223935410380363,0.1223935410380363,17700
2024-12-31,0.1223935410380363,0.1223935410380363,0.1223935410380363,0.1223935410380363,0
2025-01-02,0.1223935410380363,0.1223935410380363,0.1223935410380363,0.1223935410380363,0
2025-01-03,0.1223935410380363,0.1223935410380363,0.1223935410380363,0.1223935410380363,0
2025-01-06,0.1271009942042784,0.1336914151906967,0.1261595034877506,0.1336914151906967,322000
2025-01-07,0.1308669353836133,0.1308669353836133,0.1299254447221756,0.1299254447221756,131400
2025-01-08,0.1299254472321282,0.1299254472321282,0.1261594985429006,0.1271009892225265,204100
2025-01-09,0.1271009892225265,0.1271009892225265,0.1271009892225265,0.1271009892225265,0
2025-01-10,0.1261595040559768,0.1261595040559768,0.1261595040559768,0.1261595040559768,32000
2025-01-13,0.1261595040559768,0.1261595040559768,0.1261595040559768,0.1261595040559768,0
2025-01-14,0.1261595040559768,0.1261595040559768,0.1261595040559768,0.1261595040559768,68700
2025-01-15,0.1261595040559768,0.1261595040559768,0.1261595040559768,0.1261595040559768,0
2025-01-16,0.1261595040559768,0.1261595040559768,0.1261595040559768,0.1261595040559768,0
2025-01-17,0.1261595096519566,0.1261595096519566,0.1252180188894271,0.1252180188894271,37500
2025-01-20,0.1289839595556259,0.1289839595556259,0.1289839595556259,0.1289839595556259,25000
2025-01-21,0.1289839621890052,0.1289839621890052,0.1261595040559768,0.1261595040559768,22300
2025-01-22,0.1271009892225265,0.1271009892225265,0.1271009892225265,0.1271009892225265,20000
2025-01-23,0.1271009892225265,0.1271009892225265,0.1271009892225265,0.1271009892225265,0
2025-01-24,0.1261595014802626,0.1289839595556259,0.1261595014802626,0.1289839595556259,63000
2025-01-27,0.1271009892225265,0.1271009892225265,0.1271009892225265,0.1271009892225265,109300
2025-01-28,0.127101000414486,0.127101000414486,0.1252180188894271,0.1252180188894271,136000
2025-01-31,0.1242765188217163,0.1252180095137518,0.1242765188217163,0.1242765188217163,7500
2025-02-03,0.1233350363915505,0.1233350363915505,0.1205105781555175,0.1205105781555175,11600
2025-02-04,0.1223935410380363,0.1233350317577672,0.1214520503183054,0.1223935410380363,149200
2025-02-05,0.1223935410380363,0.1223935410380363,0.1223935410380363,0.1223935410380363,500
2025-02-06,0.1223935410380363,0.1223935410380363,0.1223935410380363,0.1223935410380363,0
2025-02-07,0.1223935410380363,0.1223935410380363,0.1223935410380363,0.1223935410380363,0
2025-02-10,0.1223935410380363,0.1223935410380363,0.1223935410380363,0.1223935410380363,0
2025-02-11,0.1223935410380363,0.1223935410380363,0.1223935410380363,0.1223935410380363,0
2025-02-12,0.1205105791379849,0.1214520558714866,0.1205105791379849,0.1214520558714866,10200
2025-02-13,0.1214520454220818,0.1214520454220818,0.112037166662878,0.1195690780878067,170200
2025-02-14,0.1195690797721099,0.1195690797721099,0.1167446076869964,0.1167446076869964,34300
2025-02-17,0.1176861021957097,0.118627592921257,0.1176861021957097,0.118627592921257,33300
2025-02-18,0.118627592921257,0.118627592921257,0.118627592921257,0.118627592921257,2600
2025-02-19,0.1195690780878067,0.1195690780878067,0.1186275874060311,0.1195690780878067,85700
2025-02-20,0.1195690780878067,0.1195690780878067,0.1195690780878067,0.1195690780878067,0
2025-02-21,0.1195690780878067,0.1195690780878067,0.1195690780878067,0.1195690780878067,0
2025-02-24,0.1205105781555175,0.1205105781555175,0.1205105781555175,0.1205105781555175,500
2025-02-25,0.1176861014686585,0.1223935410380363,0.1176861014686585,0.1223935410380363,160000
2025-02-26,0.1223935410380363,0.1223935410380363,0.1223935410380363,0.1223935410380363,50100
2025-02-27,0.1223935410380363,0.1223935410380363,0.1223935410380363,0.1223935410380363,0
2025-02-28,0.1223935374376452,0.1242765188217163,0.1195690793908149,0.1242765188217163,190600
2025-03-03,0.1252180131972289,0.1252180131972289,0.1223935410380363,0.1223935410380363,20000
2025-03-04,0.1223935410380363,0.1223935410380363,0.1223935410380363,0.1223935410380363,0
2025-03-05,0.1252180188894271,0.1252180188894271,0.1252180188894271,0.1252180188894271,2000
2025-03-06,0.1252180188894271,0.1252180188894271,0.1252180188894271,0.1252180188894271,0
2025-03-07,0.1252180188894271,0.1252180188894271,0.1252180188894271,0.1252180188894271,0
2025-03-10,0.1252180188894271,0.1252180188894271,0.1252180188894271,0.1252180188894271,0
2025-03-11,0.1252180188894271,0.1252180188894271,0.1252180188894271,0.1252180188894271,0
2025-03-12,0.1252180188894271,0.1252180188894271,0.1252180188894271,0.1252180188894271,0
2025-03-13,0.1252180188894271,0.1252180188894271,0.1252180188894271,0.1252180188894271,0
2025-03-14,0.1252180188894271,0.1252180188894271,0.1252180188894271,0.1252180188894271,0
2025-03-17,0.1252180188894271,0.1252180188894271,0.1252180188894271,0.1252180188894271,0
2025-03-18,0.1252180188894271,0.1252180188894271,0.1252180188894271,0.1252180188894271,0
2025-03-19,0.1233350336551666,0.1233350336551666,0.1233350336551666,0.1233350336551666,75000
2025-03-20,0.1233350336551666,0.1233350336551666,0.1233350336551666,0.1233350336551666,0
2025-03-21,0.1233350336551666,0.1233350336551666,0.1233350336551666,0.1233350336551666,0
2025-03-24,0.1233350336551666,0.1233350336551666,0.1233350336551666,0.1233350336551666,0
2025-03-25,0.1223935374376452,0.1242765188217163,0.1223935374376452,0.1242765188217163,20100
2025-03-26,0.1242765188217163,0.1242765188217163,0.1242765188217163,0.1242765188217163,0
2025-03-27,0.1242765188217163,0.1242765188217163,0.1242765188217163,0.1242765188217163,0
2025-03-28,0.1242765188217163,0.1242765188217163,0.1242765188217163,0.1242765188217163,0
2025-04-01,0.1242765188217163,0.1242765188217163,0.1242765188217163,0.1242765188217163,0
2025-04-02,0.1242765188217163,0.1242765188217163,0.1242765188217163,0.1242765188217163,0
2025-04-03,0.1242765188217163,0.1242765188217163,0.1242765188217163,0.1242765188217163,0
2025-04-04,0.1242765188217163,0.1242765188217163,0.1242765188217163,0.1242765188217163,0
2025-04-07,0.1205105781555175,0.1205105781555175,0.1205105781555175,0.1205105781555175,100
2025-04-08,0.1205105791379849,0.1214520558714866,0.1205105791379849,0.1214520558714866,25000
2025-04-09,0.1214520558714866,0.1214520558714866,0.1214520558714866,0.1214520558714866,1700
2025-04-10,0.1205105781555175,0.1205105781555175,0.1205105781555175,0.1205105781555175,5100
2025-04-11,0.1195690780878067,0.1195690780878067,0.1195690780878067,0.1195690780878067,100
2025-04-14,0.1195690780878067,0.1195690780878067,0.1195690780878067,0.1195690780878067,0
2025-04-15,0.1195690780878067,0.1195690780878067,0.1195690780878067,0.1195690780878067,0
2025-04-16,0.1195690780878067,0.1195690780878067,0.1195690780878067,0.1195690780878067,0
2025-04-17,0.1195690780878067,0.1195690780878067,0.1195690780878067,0.1195690780878067,0
2025-04-21,0.1082712113857269,0.1082712113857269,0.1082712113857269,0.1082712113857269,17000
2025-04-22,0.1214520457366779,0.1214520457366779,0.1110956762688725,0.1120371669530868,9600
2025-04-23,0.1139201410117912,0.1195690780878067,0.1129786503300156,0.1195690780878067,45400
2025-04-24,0.1195690780878067,0.1195690780878067,0.1195690780878067,0.1195690780878067,0
2025-04-25,0.1139201447367668,0.1139201447367668,0.1139201447367668,0.1139201447367668,6200
2025-04-28,0.1158031223753423,0.1195690780878067,0.1158031223753423,0.1195690780878067,114200
2025-04-29,0.1158031299710273,0.1158031299710273,0.1158031299710273,0.1158031299710273,7200
2025-04-30,0.1158031299710273,0.1158031299710273,0.1158031299710273,0.1158031299710273,0
2025-05-02,0.1158031299710273,0.1158031299710273,0.1158031299710273,0.1158031299710273,0
2025-05-05,0.1158031299710273,0.1158031299710273,0.1158031299710273,0.1158031299710273,0
2025-05-06,0.1158031299710273,0.1158031299710273,0.1158031299710273,0.1158031299710273,0
2025-05-07,0.1195690836468043,0.1195690836468043,0.1139201463081588,0.118627592921257,55000
2025-05-08,0.1186275874060311,0.1195690780878067,0.1186275874060311,0.1195690780878067,48300
2025-05-09,0.1195690780878067,0.1195690780878067,0.1195690780878067,0.1195690780878067,0
2025-05-13,0.1195690780878067,0.1195690780878067,0.1195690780878067,0.1195690780878067,62700
2025-05-14,0.1214520558714866,0.1214520558714866,0.1205105791379849,0.1214520558714866,81000
2025-05-15,0.1214520558714866,0.1214520558714866,0.1214520558714866,0.1214520558714866,0
2025-05-16,0.1214520558714866,0.1214520558714866,0.1214520558714866,0.1214520558714866,0
2025-05-19,0.1263493120759333,0.1302671283483505,0.1263493120759333,0.1302671283483505,126800
2025-05-20,0.1292876742802462,0.1312465824164548,0.1292876742802462,0.1302671283483505,736300
2025-05-21,0.1283082216978073,0.1283082216978073,0.1283082216978073,0.1283082216978073,150000
2025-05-22,0.1273287683725357,0.1273287683725357,0.1273287683725357,0.1273287683725357,35000
2025-05-23,0.1283082224577823,0.1283082224577823,0.1273287683725357,0.1273287683725357,76100
2025-05-26,0.1273287683725357,0.1273287683725357,0.1273287683725357,0.1273287683725357,5000
2025-05-27,0.1273287683725357,0.1273287683725357,0.1273287683725357,0.1273287683725357,32000
2025-05-28,0.1273287683725357,0.1273287683725357,0.1273287683725357,0.1273287683725357,0
2025-05-29,0.1312465785126352,0.1351643800735473,0.1312465785126352,0.1351643800735473,81700
2025-05-30,0.1371232881514898,0.1371232881514898,0.1312465785126352,0.1351643800735473,3200
2025-06-02,0.1351643800735473,0.1351643800735473,0.1351643800735473,0.1351643800735473,0
2025-06-03,0.136143832695315,0.1371232867240905,0.136143832695315,0.1371232867240905,1100
2025-06-04,0.1371232867240905,0.1371232867240905,0.1371232867240905,0.1371232867240905,0
2025-06-05,0.1371232867240905,0.1371232867240905,0.1371232867240905,0.1371232867240905,0
2025-06-06,0.1371232867240905,0.1371232867240905,0.1371232867240905,0.1371232867240905,0
2025-06-09,0.1371232867240905,0.1371232867240905,0.1371232867240905,0.1371232867240905,0
2025-06-10,0.1351643793649822,0.1361438333988189,0.1312465778246082,0.1361438333988189,37700
2025-06-11,0.1361438333988189,0.1361438333988189,0.1361438333988189,0.1361438333988189,0
2025-06-12,0.1361438333988189,0.1361438333988189,0.1361438333988189,0.1361438333988189,0
2025-06-13,0.1322260349988937,0.1322260349988937,0.1322260349988937,0.1322260349988937,2500
2025-06-16,0.1322260349988937,0.1322260349988937,0.1322260349988937,0.1322260349988937,0
2025-06-17,0.136143832695315,0.1381027407528661,0.136143832695315,0.1371232867240905,162000
2025-06-18,0.1381027393557667,0.1390821933746338,0.1381027393557667,0.1390821933746338,4900
2025-06-19,0.1390821917047734,0.1410410851240158,0.1390821917047734,0.1410410851240158,1200
2025-06-20,0.1410410851240158,0.1410410851240158,0.1410410851240158,0.1410410851240158,0
2025-06-23,0.1410410851240158,0.1410410851240158,0.1410410851240158,0.1410410851240158,0
2025-06-24,0.1341849253311455,0.1371232874326556,0.1341849253311455,0.1361438333988189,7000
2025-06-25,0.1361438333988189,0.1361438333988189,0.1361438333988189,0.1361438333988189,0
2025-06-26,0.1400616466999054,0.1400616466999054,0.1400616466999054,0.1400616466999054,55000
2025-06-27,0.1400616466999054,0.1400616466999054,0.1400616466999054,0.1400616466999054,0
2025-06-30,0.1400616466999054,0.1400616466999054,0.1400616466999054,0.1400616466999054,0
2025-07-01,0.1400616466999054,0.1400616466999054,0.1400616466999054,0.1400616466999054,0
2025-07-02,0.1400616466999054,0.1400616466999054,0.1400616466999054,0.1400616466999054,0
2025-07-03,0.1400616466999054,0.1400616466999054,0.1400616466999054,0.1400616466999054,0
2025-07-04,0.1400616466999054,0.1400616466999054,0.1400616466999054,0.1400616466999054,0
2025-07-07,0.1332054883241653,0.1332054883241653,0.1332054883241653,0.1332054883241653,68700
2025-07-08,0.1332054883241653,0.1332054883241653,0.1332054883241653,0.1332054883241653,0
2025-07-09,0.1322260357361828,0.1322260357361828,0.1312465816736221,0.1312465816736221,36000
2025-07-10,0.1361438333988189,0.1361438333988189,0.1361438333988189,0.1361438333988189,700
2025-07-11,0.1361438333988189,0.1361438333988189,0.1361438333988189,0.1361438333988189,0
2025-07-14,0.1312465816736221,0.1312465816736221,0.1312465816736221,0.1312465816736221,12500
2025-07-15,0.1312465816736221,0.1312465816736221,0.1312465816736221,0.1312465816736221,0
2025-07-16,0.1341849267482757,0.1341849267482757,0.1341849267482757,0.1341849267482757,2000
2025-07-17,0.1341849267482757,0.1341849267482757,0.1341849267482757,0.1341849267482757,0
2025-07-18,0.1341849267482757,0.1341849267482757,0.1341849267482757,0.1341849267482757,50000
2025-07-21,0.1322260349988937,0.1322260349988937,0.1322260349988937,0.1322260349988937,62500
2025-07-22,0.1322260357361828,0.1322260357361828,0.1312465816736221,0.1312465816736221,10000
2025-07-23,0.1322260393544906,0.1449589133262634,0.1312465852651275,0.1449589133262634,571600
2025-07-24,0.1439794600009918,0.1449589140955528,0.1439794600009918,0.1439794600009918,142000
2025-07-25,0.1449589079268148,0.1518150717020034,0.1449589079268148,0.1518150717020034,904000
2025-07-28,0.1498561635962429,0.1518150717020034,0.1469178160325753,0.1518150717020034,61800
2025-07-29,0.1527945316613541,0.1625890433788299,0.1527945316613541,0.1625890433788299,1330400
2025-07-30,0.1606301395401153,0.1606301395401153,0.1567123234272003,0.1567123234272003,53000
2025-07-31,0.1537739745749649,0.1586712300777435,0.1537739745749649,0.1586712300777435,20500
2025-08-01,0.1596506887698146,0.1596506887698146,0.152794525027275,0.152794525027275,51800
2025-08-04,0.1576917774554291,0.1576917774554291,0.1498561598245718,0.1567123234272003,30200
2025-08-05,0.1527945205554146,0.1586712300777435,0.1527945205554146,0.1586712300777435,63100
2025-08-06,0.1596506895300724,0.1596506895300724,0.1518150717020034,0.1518150717020034,125700
2025-08-07,0.151815075777709,0.151815075777709,0.1469178199768066,0.1469178199768066,251200
2025-08-08,0.1469178199768066,0.1469178199768066,0.1469178199768066,0.1469178199768066,167400
2025-08-11,0.1449589140955528,0.1449589140955528,0.1420205518118698,0.1439794600009918,168900
2025-08-12,0.1439794600009918,0.1439794600009918,0.1439794600009918,0.1439794600009918,0
2025-08-13,0.1439794600009918,0.1439794600009918,0.1439794600009918,0.1439794600009918,0
2025-08-14,0.1439794600009918,0.1439794600009918,0.1439794600009918,0.1439794600009918,0
2025-08-15,0.1439794600009918,0.1439794600009918,0.1439794600009918,0.1439794600009918,0
2025-08-18,0.1439794600009918,0.1439794600009918,0.1439794600009918,0.1439794600009918,0
2025-08-19,0.1439794600009918,0.1439794600009918,0.1439794600009918,0.1439794600009918,0
2025-08-20,0.1439794600009918,0.1439794600009918,0.1439794600009918,0.1439794600009918,0
2025-08-21,0.1439794600009918,0.1439794600009918,0.1439794600009918,0.1439794600009918,0
2025-08-22,0.1439794584830651,0.145938366651535,0.1410410962303603,0.145938366651535,23600
2025-08-25,0.1420205422729954,0.1420205422729954,0.1371232867240905,0.1371232867240905,315000
2025-08-26,0.1371232867240905,0.1371232867240905,0.1371232867240905,0.1371232867240905,0
2025-08-27,0.1371232867240905,0.1371232867240905,0.1371232867240905,0.1371232867240905,0
2025-08-28,0.1390821947816416,0.1390821947816416,0.1371232867240905,0.1371232867240905,37500
2025-08-29,0.1371232867240905,0.1371232867240905,0.1371232867240905,0.1371232867240905,0
2025-09-01,0.1381027407528661,0.1381027407528661,0.1371232867240905,0.1371232867240905,250000
2025-09-02,0.1371232867240905,0.1371232867240905,0.1371232867240905,0.1371232867240905,65900
2025-09-03,0.1371232867240905,0.1371232867240905,0.1371232867240905,0.1371232867240905,0
2025-09-04,0.1371232867240905,0.1371232867240905,0.136143832695315,0.1371232867240905,80100
2025-09-05,0.1371232867240905,0.1371232867240905,0.1371232867240905,0.1371232867240905,80000
2025-09-08,0.1439794600009918,0.1439794600009918,0.1439794600009918,0.1439794600009918,200
2025-09-09,0.1439794600009918,0.1439794600009918,0.1439794600009918,0.1439794600009918,0
2025-09-10,0.1439794600009918,0.1439794600009918,0.1439794600009918,0.1439794600009918,0
2025-09-11,0.1439794600009918,0.1439794600009918,0.1439794600009918,0.1439794600009918,0
2025-09-12,0.1400616582177215,0.1439794600009918,0.1400616582177215,0.1439794600009918,12200
2025-09-15,0.1439794600009918,0.1439794600009918,0.1439794600009918,0.1439794600009918,0
2025-09-16,0.1439794600009918,0.1439794600009918,0.1439794600009918,0.1439794600009918,0
2025-09-17,0.1439794600009918,0.1439794600009918,0.1439794600009918,0.1439794600009918,0
2025-09-18,0.1381027407528661,0.1381027407528661,0.1371232867240905,0.1371232867240905,100100
2025-09-19,0.1371232867240905,0.1371232867240905,0.1371232867240905,0.1371232867240905,0
2025-09-22,0.1381027407528661,0.1381027407528661,0.1371232867240905,0.1371232867240905,30000
2025-09-23,0.1371232867240905,0.1371232867240905,0.1371232867240905,0.1371232867240905,0
2025-09-24,0.1371232867240905,0.1371232867240905,0.1371232867240905,0.1371232867240905,0
2025-09-25,0.1371232867240905,0.1371232867240905,0.1371232867240905,0.1371232867240905,0
2025-09-26,0.1371232867240905,0.1371232867240905,0.1371232867240905,0.1371232867240905,0
2025-09-29,0.1381027393557667,0.1390821933746338,0.1381027393557667,0.1390821933746338,560000
2025-09-30,0.1390821933746338,0.1390821933746338,0.1390821933746338,0.1390821933746338,0
2025-10-01,0.1390821933746338,0.1390821933746338,0.1390821933746338,0.1390821933746338,0
2025-10-02,0.1381027393557667,0.1390821933746338,0.1381027393557667,0.1390821933746338,47500
2025-10-03,0.1390822048713736,0.1430000066757202,0.1390822048713736,0.1430000066757202,1207300
2025-10-06,0.1430000059064308,0.1459383681901138,0.1430000059064308,0.1439794600009918,100700
2025-10-07,0.1459383674156265,0.1459383674156265,0.1390822033850585,0.1449589133262634,160100
2025-10-08,0.1400616589712037,0.1498561707795572,0.1400616589712037,0.1430000066757202,251200
2025-10-09,0.1469178215049896,0.1488767150887421,0.1430000051475372,0.1449589133262634,700800
2025-10-10,0.146917817459259,0.1508356191138517,0.1459383633968675,0.1498561650514602,798900
2025-10-13,0.1459383648515811,0.147897258400917,0.1420205485629623,0.147897258400917,200100
2025-10-14,0.1439794607755503,0.1439794607755503,0.1430000066757202,0.1430000066757202,53800
2025-10-15,0.1420205533504486,0.1420205533504486,0.1420205533504486,0.1420205533504486,12500
2025-10-16,0.1439794600009918,0.1439794600009918,0.1439794600009918,0.1439794600009918,20000
2025-10-17,0.1459383697711362,0.1478972633865061,0.1420205533504486,0.1420205533504486,620200
2025-10-21,0.145938366651535,0.145938366651535,0.145938366651535,0.145938366651535,10900
2025-10-22,0.1459383681901138,0.1469178222846748,0.1439794600009918,0.1439794600009918,222100
2025-10-23,0.1439794600009918,0.1439794600009918,0.1439794600009918,0.1439794600009918,0
2025-10-24,0.1449589100521981,0.1488767117261886,0.1430000019177161,0.1488767117261886,133200
2025-10-27,0.1430000066757202,0.1430000066757202,0.1430000066757202,0.1430000066757202,100
2025-10-28,0.143979457739281,0.1469178199768066,0.143979457739281,0.1469178199768066,37500
2025-10-29,0.1469178189237358,0.1488767124730717,0.1469178189237358,0.147897258400917,133400
2025-10-30,0.1478972562039169,0.1508356183767318,0.1478972562039169,0.1508356183767318,40000
2025-10-31,0.1498561665452264,0.1518150746895358,0.147897258400917,0.147897258400917,134000
2025-11-03,0.1469178139602722,0.1547534316778183,0.1469178139602722,0.1547534316778183,193300
2025-11-04,0.1547534285945151,0.1586712300777435,0.1508356125163141,0.1586712300777435,282700
2025-11-05,0.151815076158136,0.1645479500293731,0.1498561679948769,0.1645479500293731,479200
2025-11-06,0.1567123234272003,0.1567123234272003,0.1567123234272003,0.1567123234272003,93900
2025-11-07,0.1537739829243575,0.1665068566799163,0.1537739829243575,0.1665068566799163,172600
2025-11-10,0.1674863092664198,0.1704246568635659,0.1674863092664198,0.1684657633304596,190700
2025-11-11,0.1694452058425473,0.1753219303323247,0.1596506942161989,0.1645479500293731,486700
2025-11-12,0.1655274011383402,0.1714041109276056,0.1616095994771543,0.1684657633304596,46500
2025-11-13,0.1704246615097948,0.1704246615097948,0.1625890433788299,0.1625890433788299,89700
2025-11-14,0.1684657633304596,0.1684657633304596,0.1684657633304596,0.1684657633304596,200
2025-11-17,0.1684657633304596,0.1684657633304596,0.1684657633304596,0.1684657633304596,0
2025-11-18,0.1684657633304596,0.1684657633304596,0.1684657633304596,0.1684657633304596,0
2025-11-19,0.1684657633304596,0.1684657633304596,0.1684657633304596,0.1684657633304596,0
2025-11-20,0.1635684930102605,0.1684657633304596,0.1635684930102605,0.1684657633304596,50100
2025-11-21,0.1684657633304596,0.1684657633304596,0.1684657633304596,0.1684657633304596,0
2025-11-24,0.1684657633304596,0.1684657633304596,0.1684657633304596,0.1684657633304596,0
2025-11-25,0.1684657633304596,0.1684657633304596,0.1684657633304596,0.1684657633304596,0
2025-11-26,0.1684657633304596,0.1684657633304596,0.1684657633304596,0.1684657633304596,0
2025-11-27,0.1684657633304596,0.1684657633304596,0.1684657633304596,0.1684657633304596,0
2025-11-28,0.1684657633304596,0.1684657633304596,0.1684657633304596,0.1684657633304596,0
2025-12-01,0.1684657633304596,0.1684657633304596,0.1684657633304596,0.1684657633304596,0
2025-12-02,0.1684657633304596,0.1684657633304596,0.1684657633304596,0.1684657633304596,0
2025-12-03,0.1616096009112337,0.1674863107526475,0.1547534369970887,0.1665068566799163,62700
2025-12-04,0.1665068566799163,0.1665068566799163,0.1665068566799163,0.1665068566799163,0
2025-12-05,0.1586712300777435,0.1665068476391729,0.1586712300777435,0.1586712300777435,144900
2025-12-08,0.1596506949544406,0.1645479507902602,0.1596506949544406,0.1635684967041015,62200
2025-12-09,0.1635684967041015,0.1635684967041015,0.1635684967041015,0.1635684967041015,0
2025-12-10,0.1635684967041015,0.1635684967041015,0.1635684967041015,0.1635684967041015,0
2025-12-11,0.1635684967041015,0.1635684967041015,0.1635684967041015,0.1635684967041015,0
2025-12-12,0.1635684967041015,0.1635684967041015,0.1635684967041015,0.1635684967041015,0
2025-12-15,0.1576917767524719,0.1576917767524719,0.1576917767524719,0.1576917767524719,28000
2025-12-16,0.1586712293877242,0.1596506834030151,0.1586712293877242,0.1596506834030151,37800
2025-12-17,0.1576917885657706,0.1616096049547195,0.1547534408690327,0.1616096049547195,179700
2025-12-18,0.1616096049547195,0.1616096049547195,0.1616096049547195,0.1616096049547195,0
2025-12-19,0.1616096049547195,0.1616096049547195,0.1616096049547195,0.1616096049547195,0
2025-12-22,0.1616096049547195,0.1616096049547195,0.1616096049547195,0.1616096049547195,0
2025-12-23,0.1635684888394563,0.1635684888394563,0.1547534316778183,0.1547534316778183,60300
2025-12-24,0.1547534316778183,0.1547534316778183,0.1547534316778183,0.1547534316778183,0
2025-12-26,0.1547534316778183,0.1547534316778183,0.1547534316778183,0.1547534316778183,0
2025-12-29,0.1537739867717955,0.1616096049547195,0.1537739867717955,0.1616096049547195,58000
2025-12-30,0.1616096049547195,0.1616096049547195,0.1616096049547195,0.1616096049547195,0
2025-12-31,0.1616096049547195,0.1616096049547195,0.1616096049547195,0.1616096049547195,0
2026-01-02,0.1616096049547195,0.1616096049547195,0.1616096049547195,0.1616096049547195,0
2026-01-05,0.1616096049547195,0.1616096049547195,0.1616096049547195,0.1616096049547195,0
2026-01-06,0.1616096049547195,0.1616096049547195,0.1616096049547195,0.1616096049547195,0
2026-01-07,0.1616096049547195,0.1616096049547195,0.1616096049547195,0.1616096049547195,0
2026-01-08,0.1616096049547195,0.1616096049547195,0.1616096049547195,0.1616096049547195,0
2026-01-09,0.1616096049547195,0.1616096049547195,0.1616096049547195,0.1616096049547195,0
2026-01-12,0.1616096049547195,0.1616096049547195,0.1616096049547195,0.1616096049547195,0
2026-01-13,0.1616096049547195,0.1616096049547195,0.1616096049547195,0.1616096049547195,0
2026-01-14,0.1537739776387534,0.1547534316778183,0.1537739776387534,0.1547534316778183,10900
2026-01-15,0.1518150765619711,0.1518150765619711,0.145938366651535,0.145938366651535,60500
2026-01-16,0.1459383626836801,0.1508356183767318,0.1420205464532601,0.1508356183767318,223800
2026-01-19,0.1508356183767318,0.1508356183767318,0.1508356183767318,0.1508356183767318,0
2026-01-20,0.147897258400917,0.147897258400917,0.147897258400917,0.147897258400917,7800
2026-01-21,0.147897258400917,0.147897258400917,0.147897258400917,0.147897258400917,0
2026-01-22,0.1439794600009918,0.1439794600009918,0.1439794600009918,0.1439794600009918,800
2026-01-23,0.1439794488739961,0.1439794488739961,0.1390821933746338,0.1390821933746338,62500
2026-01-26,0.1469178189237358,0.1508356206173811,0.1469178189237358,0.147897258400917,62100
2026-01-27,0.1508356176491232,0.1518150717020034,0.1508356176491232,0.1518150717020034,18800
2026-01-28,0.1518150717020034,0.1518150717020034,0.1518150717020034,0.1518150717020034,0
2026-01-29,0.14691781818668,0.1488767117261886,0.14691781818668,0.1488767117261886,61700
2026-01-30,0.1488767117261886,0.1488767117261886,0.1488767117261886,0.1488767117261886,0
2026-02-02,0.1488767117261886,0.1488767117261886,0.1488767117261886,0.1488767117261886,0
2026-02-03,0.1488767117261886,0.1488767117261886,0.1488767117261886,0.1488767117261886,0
2026-02-04,0.1488767117261886,0.1488767117261886,0.1488767117261886,0.1488767117261886,0
2026-02-05,0.1488767117261886,0.1488767117261886,0.1488767117261886,0.1488767117261886,0
2026-02-06,0.1439794615607924,0.1439794615607924,0.1420205533504486,0.1420205533504486,15000
2026-02-09,0.1469178199768066,0.1469178199768066,0.1469178199768066,0.1469178199768066,10000
2026-02-10,0.1469178199768066,0.1469178199768066,0.1469178199768066,0.1469178199768066,0
2026-02-11,0.1469178199768066,0.1469178199768066,0.1469178199768066,0.1469178199768066,0
2026-02-12,0.1449589107794264,0.147897258400917,0.1449589107794264,0.147897258400917,158300
2026-02-13,0.1478972602250313,0.1478972602250313,0.145938366651535,0.145938366651535,222300
2026-02-16,0.145938366651535,0.145938366651535,0.145938366651535,0.145938366651535,0
2026-02-19,0.1488767102615218,0.1508356183767318,0.1488767102615218,0.1508356183767318,10000
2026-02-20,0.1469178222846748,0.1469178222846748,0.1439794600009918,0.1439794600009918,30000
2026-02-23,0.1449589140955528,0.1449589140955528,0.1439794600009918,0.1439794600009918,79600
2026-02-24,0.1439794600009918,0.1439794600009918,0.1439794600009918,0.1439794600009918,0
2026-02-25,0.1488767117261886,0.1488767117261886,0.1488767117261886,0.1488767117261886,200
2026-02-26,0.1488767117261886,0.1488767117261886,0.1488767117261886,0.1488767117261886,0
2026-02-27,0.1488767117261886,0.1488767117261886,0.1488767117261886,0.1488767117261886,0
2026-03-02,0.1488767117261886,0.1488767117261886,0.1488767117261886,0.1488767117261886,0
2026-03-03,0.1459383626836801,0.1508356183767318,0.1459383626836801,0.1508356183767318,115000
2026-03-04,0.1508356183767318,0.1508356183767318,0.1508356183767318,0.1508356183767318,0
2026-03-05,0.1508356183767318,0.1508356183767318,0.1508356183767318,0.1508356183767318,0
2026-03-06,0.1508356183767318,0.1508356183767318,0.1508356183767318,0.1508356183767318,0
2026-03-09,0.1508356183767318,0.1508356183767318,0.1508356183767318,0.1508356183767318,0
2026-03-10,0.1508356183767318,0.1508356183767318,0.1508356183767318,0.1508356183767318,0
2026-03-11,0.1508356183767318,0.1508356183767318,0.1508356183767318,0.1508356183767318,0
2026-03-12,0.1508356183767318,0.1508356183767318,0.1508356183767318,0.1508356183767318,0
2026-03-13,0.1508356183767318,0.1508356183767318,0.1508356183767318,0.1508356183767318,0
2026-03-16,0.1508356183767318,0.1508356183767318,0.1508356183767318,0.1508356183767318,200
2026-03-17,0.1430000005108651,0.1508356183767318,0.1351643826449983,0.1508356183767318,57700
2026-03-18,0.1439794488739961,0.1439794488739961,0.1390821933746338,0.1390821933746338,15600
2026-03-19,0.1459383633968675,0.1498561650514602,0.1459383633968675,0.1498561650514602,10100
2026-03-20,0.1469178199768066,0.1469178199768066,0.1469178199768066,0.1469178199768066,2000
2026-03-23,0.1469178199768066,0.1469178199768066,0.1469178199768066,0.1469178199768066,0
2026-03-24,0.1430000059064308,0.1439794600009918,0.1430000059064308,0.1439794600009918,5800
2026-03-25,0.1449589133262634,0.1469178215049896,0.1449589133262634,0.1449589133262634,32100
2026-03-26,0.1469178238763081,0.1469178238763081,0.1420205533504486,0.1420205533504486,20100
2026-03-27,0.1420205533504486,0.1420205533504486,0.1420205533504486,0.1420205533504486,0
2026-03-30,0.1420205533504486,0.1420205533504486,0.1420205533504486,0.1420205533504486,0
2026-03-31,0.1400616597350787,0.1420205533504486,0.1400616597350787,0.1420205533504486,1100
2026-04-01,0.1420205533504486,0.1420205533504486,0.1420205533504486,0.1420205533504486,500
2026-04-02,0.1420205533504486,0.1420205533504486,0.1420205533504486,0.1420205533504486,0
2026-04-06,0.1420205503145952,0.1469178207357699,0.1420205503145952,0.145938366651535,16300
2026-04-07,0.1439794600009918,0.1439794600009918,0.1439794600009918,0.1439794600009918,1000
2026-04-08,0.1439794600009918,0.1439794600009918,0.1439794600009918,0.1439794600009918,0
2026-04-09,0.1439794600009918,0.1439794600009918,0.1439794600009918,0.1439794600009918,0
2026-04-10,0.1439794600009918,0.1439794600009918,0.1439794600009918,0.1439794600009918,0
2026-04-13,0.1420205495809307,0.1469178199768066,0.1420205495809307,0.1469178199768066,12600
2026-04-14,0.1469178199768066,0.1469178199768066,0.1469178199768066,0.1469178199768066,0
2026-04-15,0.1469178199768066,0.1469178199768066,0.1469178199768066,0.1469178199768066,0
2026-04-16,0.1469178199768066,0.1469178199768066,0.1469178199768066,0.1469178199768066,0
2026-04-17,0.1469178199768066,0.1469178199768066,0.1469178199768066,0.1469178199768066,0
2026-04-20,0.1469178199768066,0.1469178199768066,0.1469178199768066,0.1469178199768066,0
2026-04-21,0.1410410851240158,0.1410410851240158,0.1410410851240158,0.1410410851240158,37500
2026-04-22,0.1410410851240158,0.1410410851240158,0.1410410851240158,0.1410410851240158,0
2026-04-23,0.1410410851240158,0.1410410851240158,0.1410410851240158,0.1410410851240158,0
2026-04-24,0.1410410851240158,0.1410410851240158,0.1410410851240158,0.1410410851240158,0
2026-04-27,0.1410410851240158,0.1410410851240158,0.1410410851240158,0.1410410851240158,0
2026-04-28,0.1410410851240158,0.1410410851240158,0.1410410851240158,0.1410410851240158,0
2026-04-29,0.1410410851240158,0.1410410851240158,0.1410410851240158,0.1410410851240158,0
2026-04-30,0.1410410851240158,0.1410410851240158,0.1410410851240158,0.1410410851240158,0
2026-05-01,0.1410410851240158,0.1410410851240158,0.1410410851240158,0.1410410851240158,0
2026-05-04,0.1400616536174918,0.1508356191138517,0.1400616536174918,0.1498561650514602,104300
2026-05-05,0.1498561650514602,0.1498561650514602,0.1498561650514602,0.1498561650514602,0
2026-05-06,0.1498561650514602,0.1498561650514602,0.1498561650514602,0.1498561650514602,3000
2026-05-07,0.1498561650514602,0.1498561650514602,0.1498561650514602,0.1498561650514602,0
2026-05-08,0.1498561650514602,0.1498561650514602,0.1498561650514602,0.1498561650514602,0
2026-05-11,0.1430000066757202,0.1430000066757202,0.1430000066757202,0.1430000066757202,200
2026-05-12,0.1430000066757202,0.1430000066757202,0.1430000066757202,0.1430000066757202,0
2026-05-13,0.1410410868173951,0.1410410868173951,0.1390821933746338,0.1390821933746338,50000
2026-05-14,0.1420205485629623,0.1508356206173811,0.1420205485629623,0.147897258400917,26600
2026-05-15,0.1449589133262634,0.1449589133262634,0.1449589133262634,0.1449589133262634,5000
2026-05-18,0.1449589133262634,0.1449589133262634,0.1449589133262634,0.1449589133262634,0
2026-05-19,0.1430000066757202,0.1430000066757202,0.1430000066757202,0.1430000066757202,2300
2026-05-20,0.1459999978542328,0.1459999978542328,0.1459999978542328,0.1459999978542328,0
2026-05-21,0.1459999978542328,0.1459999978542328,0.1459999978542328,0.1459999978542328,0
2026-05-22,0.1480000019073486,0.1490000039339065,0.1480000019073486,0.1490000039339065,50000
2026-05-25,0.1490000039339065,0.1490000039339065,0.1490000039339065,0.1490000039339065,0
2026-05-26,0.1490000039339065,0.1490000039339065,0.1490000039339065,0.1490000039339065,0
2026-05-27,0.1490000039339065,0.1490000039339065,0.1490000039339065,0.1490000039339065,0
2026-05-28,0.1490000039339065,0.1490000039339065,0.1490000039339065,0.1490000039339065,0
2026-05-29,0.1490000039339065,0.1490000039339065,0.1490000039339065,0.1490000039339065,0
2026-06-01,0.1490000039339065,0.1490000039339065,0.1490000039339065,0.1490000039339065,0
2026-06-02,0.1420000046491623,0.1420000046491623,0.1420000046491623,0.1420000046491623,1000
2026-06-03,0.1420000046491623,0.1420000046491623,0.1420000046491623,0.1420000046491623,0
2026-06-04,0.1410000026226043,0.1410000026226043,0.1389999985694885,0.1389999985694885,37500
2026-06-05,0.1389999985694885,0.1389999985694885,0.1389999985694885,0.1389999985694885,0
2026-06-08,0.1389999985694885,0.1389999985694885,0.1389999985694885,0.1389999985694885,0
2026-06-09,0.1400000005960464,0.1400000005960464,0.1400000005960464,0.1400000005960464,5000
2026-06-10,0.1400000005960464,0.1400000005960464,0.1400000005960464,0.1400000005960464,5000
2026-06-11,0.1400000005960464,0.1400000005960464,0.1400000005960464,0.1400000005960464,22700
2026-06-12,0.1400000005960464,0.1400000005960464,0.1400000005960464,0.1400000005960464,0
2026-06-15,0.1400000005960464,0.1400000005960464,0.1400000005960464,0.1400000005960464,0
2026-06-16,0.1400000005960464,0.1400000005960464,0.1400000005960464,0.1400000005960464,5000
2026-06-17,0.1400000005960464,0.1400000005960464,0.1400000005960464,0.1400000005960464,5000
2026-06-18,0.1400000005960464,0.1400000005960464,0.1400000005960464,0.1400000005960464,0
2026-06-19,0.1400000005960464,0.1400000005960464,0.1400000005960464,0.1400000005960464,0
2026-06-22,0.1400000005960464,0.1400000005960464,0.1400000005960464,0.1400000005960464,0
2026-06-23,0.1400000005960464,0.1400000005960464,0.1400000005960464,0.1400000005960464,0
2026-06-24,0.1309999972581863,0.1449999958276748,0.1309999972581863,0.1449999958276748,1400
2026-06-25,0.1449999958276748,0.1449999958276748,0.1449999958276748,0.1449999958276748,0
2026-06-26,0.1449999958276748,0.1449999958276748,0.1449999958276748,0.1449999958276748,0
2026-06-29,0.1449999958276748,0.1449999958276748,0.1449999958276748,0.1449999958276748,0
2026-06-30,0.1439999938011169,0.1439999938011169,0.1439999938011169,0.1439999938011169,5000
2026-07-01,0.1439999938011169,0.1439999938011169,0.1439999938011169,0.1439999938011169,0
2026-07-02,0.1439999938011169,0.1439999938011169,0.1439999938011169,0.1439999938011169,0
2026-07-03,0.1439999938011169,0.1439999938011169,0.1439999938011169,0.1439999938011169,5000
2026-07-06,0.1439999938011169,0.1439999938011169,0.1439999938011169,0.1439999938011169,0
2026-07-07,0.1449999958276748,0.1449999958276748,0.1449999958276748,0.1449999958276748,1000
2026-07-08,0.1449999958276748,0.1449999958276748,0.1449999958276748,0.1449999958276748,0
2026-07-09,0.1449999958276748,0.1449999958276748,0.1449999958276748,0.1449999958276748,0
2026-07-10,0.1449999958276748,0.1449999958276748,0.1449999958276748,0.1449999958276748,0
2026-07-13,0.1449999958276748,0.1449999958276748,0.1449999958276748,0.1449999958276748,0
2026-07-14,0.1449999958276748,0.1449999958276748,0.1449999958276748,0.1449999958276748,0
2026-07-15,0.1449999958276748,0.1449999958276748,0.1449999958276748,0.1449999958276748,0
2026-07-16,0.1449999958276748,0.1449999958276748,0.1449999958276748,0.1449999958276748,0
2026-07-17,0.135000005364418,0.1430000066757202,0.125,0.1430000066757202,190100
2026-07-20,0.1430000066757202,0.1430000066757202,0.1430000066757202,0.1430000066757202,0
2026-07-21,0.1430000066757202,0.1430000066757202,0.1430000066757202,0.1430000066757202,0
2026-07-22,0.1289999932050705,0.1430000066757202,0.1280000060796737,0.1430000066757202,82100
2026-07-23,0.1430000066757202,0.1430000066757202,0.1430000066757202,0.1430000066757202,0
2026-07-24,0.1430000066757202,0.1430000066757202,0.1430000066757202,0.1430000066757202,0
2026-07-27,0.1430000066757202,0.1449999958276748,0.1299999952316284,0.1360000073909759,309600
2026-07-28,0.1360000073909759,0.1360000073909759,0.1360000073909759,0.1360000073909759,10000
2026-07-29,0.1360000073909759,0.1360000073909759,0.1360000073909759,0.1360000073909759,8300
2026-07-30,0.1360000073909759,0.1360000073909759,0.1360000073909759,0.1360000073909759,30000
2026-07-31,0.1360000073909759,0.1360000073909759,0.1360000073909759,0.1360000073909759,0
2026-08-03,0.1340000033378601,0.1340000033378601,0.1330000013113021,0.1330000013113021,240700
2026-08-04,0.1379999965429306,0.1379999965429306,0.1379999965429306,0.1379999965429306,25000
2026-08-05,0.1379999965429306,0.1379999965429306,0.1379999965429306,0.1379999965429306,0
2026-08-06,0.1379999965429306,0.1379999965429306,0.1379999965429306,0.1379999965429306,0
2026-08-07,0.1379999965429306,0.1379999965429306,0.1379999965429306,0.1379999965429306,0
2026-08-10,0.1379999965429306,0.1379999965429306,0.1379999965429306,0.1379999965429306,0
2026-08-11,0.1340000033378601,0.1340000033378601,0.1340000033378601,0.1340000033378601,17700
2026-08-12,0.1400000005960464,0.1400000005960464,0.1400000005960464,0.1400000005960464,100
2026-08-13,0.1400000005960464,0.1400000005960464,0.1400000005960464,0.1400000005960464,0
2026-08-14,0.1299999952316284,0.1299999952316284,0.1299999952316284,0.1299999952316284,100
2026-08-17,0.1299999952316284,0.1299999952316284,0.1299999952316284,0.1299999952316284,0
2026-08-18,0.1299999952316284,0.1299999952316284,0.1299999952316284,0.1299999952316284,0
2026-08-19,0.1309999972581863,0.1400000005960464,0.1309999972581863,0.1400000005960464,30000
2026-08-20,0.1400000005960464,0.1400000005960464,0.1400000005960464,0.1400000005960464,0
2026-08-21,0.1400000005960464,0.1400000005960464,0.1400000005960464,0.1400000005960464,0
2026-08-24,0.1309999972581863,0.1309999972581863,0.1299999952316284,0.1299999952316284,37500
2026-08-25,0.1299999952316284,0.1299999952316284,0.1299999952316284,0.1299999952316284,0
2026-08-26,0.1299999952316284,0.1299999952316284,0.1299999952316284,0.1299999952316284,0
2026-08-27,0.1299999952316284,0.1299999952316284,0.1299999952316284,0.1299999952316284,800
2026-08-28,0.1299999952316284,0.1299999952316284,0.1299999952316284,0.1299999952316284,0
2026-08-31,0.1280000060796737,0.1289999932050705,0.1199999973177909,0.1260000020265579,684200
2026-09-01,0.1199999973177909,0.1230000033974647,0.1159999966621398,0.1180000007152557,763800
2026-09-02,0.1199999973177909,0.1230000033974647,0.1199999973177909,0.1230000033974647,200000
2026-09-03,0.1230000033974647,0.1230000033974647,0.1230000033974647,0.1230000033974647,0
2026-09-04,0.1230000033974647,0.1230000033974647,0.1230000033974647,0.1230000033974647,0
2026-09-07,0.1230000033974647,0.1230000033974647,0.1230000033974647,0.1230000033974647,0
2026-09-08,0.1230000033974647,0.1230000033974647,0.1230000033974647,0.1230000033974647,0
2026-09-09,0.1220000013709068,0.1220000013709068,0.1220000013709068,0.1220000013709068,30000
2026-09-10,0.123999997973442,0.123999997973442,0.123999997973442,0.123999997973442,50000
2026-09-11,0.123999997973442,0.123999997973442,0.123999997973442,0.123999997973442,0
2026-09-14,0.123999997973442,0.123999997973442,0.123999997973442,0.123999997973442,12500
2026-09-15,0.123999997973442,0.123999997973442,0.123999997973442,0.123999997973442,0
2026-09-16,0.123999997973442,0.123999997973442,0.123999997973442,0.123999997973442,0
2026-09-17,0.1220000013709068,0.1220000013709068,0.1220000013709068,0.1220000013709068,28000
2026-09-18,0.1220000013709068,0.1220000013709068,0.1220000013709068,0.1220000013709068,5000
2026-09-21,0.1220000013709068,0.1220000013709068,0.1220000013709068,0.1220000013709068,0
2026-09-22,0.1230000033974647,0.1230000033974647,0.1220000013709068,0.1220000013709068,174100
2026-09-23,0.1220000013709068,0.1220000013709068,0.1220000013709068,0.1220000013709068,0
2026-09-24,0.1220000013709068,0.1220000013709068,0.1220000013709068,0.1220000013709068,0
2026-09-25,0.1220000013709068,0.1220000013709068,0.1220000013709068,0.1220000013709068,0
2026-09-28,0.1220000013709068,0.1220000013709068,0.1220000013709068,0.1220000013709068,0
2026-09-29,0.1220000013709068,0.1220000013709068,0.1220000013709068,0.1220000013709068,0
2026-09-30,0.1230000033974647,0.1230000033974647,0.1220000013709068,0.1220000013709068,139900
2026-10-01,0.1209999993443489,0.1209999993443489,0.1209999993443489,0.1209999993443489,73700
2026-10-02,0.1209999993443489,0.1209999993443489,0.1180000007152557,0.1180000007152557,136300
