date,open,high,low,close,volume
2017-03-02,0.050000000745058,0.050000000745058,0.050000000745058,0.050000000745058,20000.0
2017-03-03,0.050000000745058,0.050000000745058,0.050000000745058,0.050000000745058,0.0
2017-03-06,0.050000000745058,0.050000000745058,0.050000000745058,0.050000000745058,0.0
2017-03-07,0.050000000745058,0.050000000745058,0.050000000745058,0.050000000745058,0.0
2017-03-08,0.050000000745058,0.050000000745058,0.050000000745058,0.050000000745058,0.0
2017-03-09,0.050000000745058,0.050000000745058,0.050000000745058,0.050000000745058,0.0
2017-03-10,0.050000000745058,0.050000000745058,0.050000000745058,0.050000000745058,0.0
2017-03-14,0.0460000000894069,0.050000000745058,0.0460000000894069,0.050000000745058,35000.0
2017-03-20,0.0480000004172325,0.050000000745058,0.0480000004172325,0.050000000745058,140000.0
2017-03-21,0.050000000745058,0.050000000745058,0.050000000745058,0.050000000745058,0.0
2017-03-22,0.050000000745058,0.050000000745058,0.050000000745058,0.050000000745058,0.0
2017-03-23,0.050000000745058,0.050000000745058,0.050000000745058,0.050000000745058,0.0
2017-03-24,0.050000000745058,0.050000000745058,0.050000000745058,0.050000000745058,0.0
2017-03-29,0.0480000004172325,0.050000000745058,0.0480000004172325,0.050000000745058,120000.0
2017-03-30,0.050000000745058,0.050000000745058,0.050000000745058,0.050000000745058,0.0
2017-03-31,0.050000000745058,0.050000000745058,0.050000000745058,0.050000000745058,50000.0
2017-04-03,0.050000000745058,0.050000000745058,0.050000000745058,0.050000000745058,0.0
2017-04-04,0.050000000745058,0.050000000745058,0.050000000745058,0.050000000745058,225000.0
2017-04-05,0.050000000745058,0.050000000745058,0.050000000745058,0.050000000745058,141600.0
2017-04-06,0.050000000745058,0.050000000745058,0.050000000745058,0.050000000745058,0.0
2017-04-07,0.050000000745058,0.050000000745058,0.050000000745058,0.050000000745058,0.0
2017-04-10,0.0419999994337558,0.0549999997019767,0.0419999994337558,0.0549999997019767,30100.0
2017-04-11,0.0549999997019767,0.0549999997019767,0.0549999997019767,0.0549999997019767,0.0
2017-04-12,0.0549999997019767,0.0549999997019767,0.0549999997019767,0.0549999997019767,0.0
2017-04-13,0.0549999997019767,0.0549999997019767,0.0549999997019767,0.0549999997019767,0.0
2017-06-01,0.050000000745058,0.0509999990463256,0.0450000017881393,0.050000000745058,865800.0
2017-06-02,0.050000000745058,0.050000000745058,0.050000000745058,0.050000000745058,600000.0
2017-06-06,0.0520000010728836,0.0529999993741512,0.0520000010728836,0.0529999993741512,490000.0
2017-06-07,0.0549999997019767,0.0630000010132789,0.0549999997019767,0.0630000010132789,1287000.0
2017-06-08,0.0630000010132789,0.0769999995827674,0.0630000010132789,0.0759999975562095,1615000.0
2017-06-09,0.0719999969005584,0.0759999975562095,0.0700000002980232,0.0759999975562095,182200.0
2017-06-12,0.0640000030398368,0.0759999975562095,0.0640000030398368,0.0750000029802322,537800.0
2017-06-13,0.0689999982714653,0.0740000009536743,0.0689999982714653,0.0689999982714653,470300.0
2017-06-14,0.0689999982714653,0.0719999969005584,0.0689999982714653,0.0719999969005584,989200.0
2017-06-15,0.0729999989271164,0.0740000009536743,0.0710000023245811,0.0710000023245811,928300.0
2017-06-16,0.0710000023245811,0.0729999989271164,0.0710000023245811,0.0719999969005584,633000.0
2017-06-19,0.0719999969005584,0.0719999969005584,0.0680000036954879,0.0680000036954879,285000.0
2017-06-20,0.06700000166893,0.06700000166893,0.0599999986588954,0.0610000006854534,220000.0
2017-06-21,0.0680000036954879,0.0719999969005584,0.06700000166893,0.0680000036954879,740500.0
2017-06-22,0.0680000036954879,0.0680000036954879,0.0680000036954879,0.0680000036954879,238000.0
2017-06-23,0.0649999976158142,0.06700000166893,0.0649999976158142,0.06700000166893,51000.0
2017-06-27,0.0649999976158142,0.06700000166893,0.0649999976158142,0.06700000166893,240000.0
2017-06-28,0.0649999976158142,0.0649999976158142,0.0630000010132789,0.0630000010132789,200000.0
2017-06-29,0.0649999976158142,0.0680000036954879,0.0649999976158142,0.0680000036954879,72500.0
2017-06-30,0.061999998986721,0.061999998986721,0.0599999986588954,0.0599999986588954,143000.0
2017-07-03,0.0599999986588954,0.0599999986588954,0.0599999986588954,0.0599999986588954,0.0
2017-07-04,0.0640000030398368,0.0640000030398368,0.0640000030398368,0.0640000030398368,70000.0
2017-07-05,0.0640000030398368,0.0640000030398368,0.0640000030398368,0.0640000030398368,0.0
2017-07-06,0.0640000030398368,0.0640000030398368,0.0640000030398368,0.0640000030398368,0.0
2017-07-07,0.061999998986721,0.061999998986721,0.0599999986588954,0.0599999986588954,142500.0
2017-07-10,0.0599999986588954,0.0599999986588954,0.0599999986588954,0.0599999986588954,0.0
2017-07-11,0.0599999986588954,0.0599999986588954,0.0599999986588954,0.0599999986588954,0.0
2017-07-12,0.0599999986588954,0.061999998986721,0.0599999986588954,0.0599999986588954,169000.0
2017-07-13,0.0599999986588954,0.0599999986588954,0.0599999986588954,0.0599999986588954,0.0
2017-07-14,0.0610000006854534,0.0659999996423721,0.0610000006854534,0.0649999976158142,262500.0
2017-07-17,0.0649999976158142,0.0649999976158142,0.0649999976158142,0.0649999976158142,0.0
2017-07-18,0.0649999976158142,0.0649999976158142,0.0649999976158142,0.0649999976158142,0.0
2017-07-19,0.0649999976158142,0.0649999976158142,0.0649999976158142,0.0649999976158142,0.0
2017-07-20,0.06700000166893,0.0680000036954879,0.0659999996423721,0.0659999996423721,217500.0
2017-07-21,0.0610000006854534,0.0630000010132789,0.0610000006854534,0.061999998986721,260000.0
2017-07-24,0.0610000006854534,0.0610000006854534,0.0599999986588954,0.0599999986588954,108000.0
2017-07-25,0.0610000006854534,0.0610000006854534,0.0610000006854534,0.0610000006854534,200000.0
2017-07-26,0.0599999986588954,0.0610000006854534,0.0599999986588954,0.0610000006854534,373000.0
2017-07-27,0.061999998986721,0.0630000010132789,0.061999998986721,0.0630000010132789,172500.0
2017-07-28,0.0599999986588954,0.0599999986588954,0.0599999986588954,0.0599999986588954,3000.0
2017-07-31,0.0599999986588954,0.0599999986588954,0.0599999986588954,0.0599999986588954,0.0
2017-08-01,0.0599999986588954,0.0599999986588954,0.0599999986588954,0.0599999986588954,10000.0
2017-08-02,0.0599999986588954,0.0599999986588954,0.0599999986588954,0.0599999986588954,0.0
2017-08-03,0.0599999986588954,0.0599999986588954,0.0599999986588954,0.0599999986588954,0.0
2017-08-04,0.0649999976158142,0.0649999976158142,0.0599999986588954,0.0599999986588954,82500.0
2017-08-07,0.0599999986588954,0.0610000006854534,0.0599999986588954,0.0610000006854534,66000.0
2017-08-08,0.0610000006854534,0.0640000030398368,0.0610000006854534,0.0630000010132789,220000.0
2017-08-10,0.061999998986721,0.061999998986721,0.061999998986721,0.061999998986721,100000.0
2017-08-11,0.0610000006854534,0.0610000006854534,0.0610000006854534,0.0610000006854534,115000.0
2017-08-14,0.0599999986588954,0.0640000030398368,0.0590000003576278,0.0640000030398368,422500.0
2017-08-15,0.0640000030398368,0.0640000030398368,0.0640000030398368,0.0640000030398368,0.0
2017-08-16,0.0640000030398368,0.0640000030398368,0.0640000030398368,0.0640000030398368,0.0
2017-08-17,0.0640000030398368,0.0640000030398368,0.0640000030398368,0.0640000030398368,0.0
2017-08-18,0.0640000030398368,0.0640000030398368,0.0640000030398368,0.0640000030398368,0.0
2017-08-21,0.0640000030398368,0.0640000030398368,0.0640000030398368,0.0640000030398368,0.0
2017-08-22,0.0659999996423721,0.0659999996423721,0.0659999996423721,0.0659999996423721,72500.0
2017-08-23,0.0659999996423721,0.0659999996423721,0.0659999996423721,0.0659999996423721,0.0
2017-08-24,0.0570000000298023,0.0570000000298023,0.0570000000298023,0.0570000000298023,40000.0
2017-08-25,0.0570000000298023,0.0570000000298023,0.0570000000298023,0.0570000000298023,249500.0
2017-08-28,0.0549999997019767,0.0549999997019767,0.0549999997019767,0.0549999997019767,100000.0
2017-08-29,0.0549999997019767,0.0549999997019767,0.0549999997019767,0.0549999997019767,0.0
2017-08-30,0.050000000745058,0.0579999983310699,0.050000000745058,0.050000000745058,382500.0
2017-08-31,0.050000000745058,0.050000000745058,0.050000000745058,0.050000000745058,0.0
2017-09-04,0.050000000745058,0.050000000745058,0.050000000745058,0.050000000745058,0.0
2017-09-05,0.050000000745058,0.050000000745058,0.050000000745058,0.050000000745058,0.0
2017-09-06,0.050000000745058,0.050000000745058,0.050000000745058,0.050000000745058,0.0
2017-09-07,0.050000000745058,0.050000000745058,0.050000000745058,0.050000000745058,179500.0
2017-09-08,0.0570000000298023,0.0570000000298023,0.0570000000298023,0.0570000000298023,82500.0
2017-09-15,0.0570000000298023,0.0570000000298023,0.0570000000298023,0.0570000000298023,83500.0
2017-09-18,0.0570000000298023,0.0570000000298023,0.0570000000298023,0.0570000000298023,0.0
2017-09-19,0.0570000000298023,0.0570000000298023,0.0570000000298023,0.0570000000298023,0.0
2017-09-20,0.0570000000298023,0.0570000000298023,0.0570000000298023,0.0570000000298023,0.0
2017-09-21,0.0570000000298023,0.0570000000298023,0.0570000000298023,0.0570000000298023,0.0
2017-09-22,0.0570000000298023,0.0570000000298023,0.0570000000298023,0.0570000000298023,0.0
2017-09-25,0.0560000017285347,0.0560000017285347,0.0560000017285347,0.0560000017285347,82500.0
2017-09-26,0.0560000017285347,0.0560000017285347,0.0560000017285347,0.0560000017285347,0.0
2017-09-27,0.0560000017285347,0.0560000017285347,0.0560000017285347,0.0560000017285347,0.0
2017-09-28,0.0560000017285347,0.0560000017285347,0.0560000017285347,0.0560000017285347,0.0
2017-09-29,0.0560000017285347,0.0560000017285347,0.0560000017285347,0.0560000017285347,0.0
2017-10-02,0.0590000003576278,0.0590000003576278,0.0590000003576278,0.0590000003576278,82500.0
2017-10-03,0.0590000003576278,0.0590000003576278,0.0590000003576278,0.0590000003576278,0.0
2017-10-04,0.0590000003576278,0.0590000003576278,0.0590000003576278,0.0590000003576278,0.0
2017-10-05,0.0590000003576278,0.0590000003576278,0.0590000003576278,0.0590000003576278,0.0
2017-10-06,0.0590000003576278,0.0590000003576278,0.0590000003576278,0.0590000003576278,0.0
2017-10-09,0.0590000003576278,0.0590000003576278,0.0590000003576278,0.0590000003576278,0.0
2017-10-10,0.0599999986588954,0.0599999986588954,0.0599999986588954,0.0599999986588954,82500.0
2017-10-11,0.0599999986588954,0.0599999986588954,0.0599999986588954,0.0599999986588954,0.0
2017-10-12,0.050000000745058,0.050000000745058,0.050000000745058,0.050000000745058,161000.0
2017-10-17,0.0540000014007091,0.0549999997019767,0.0540000014007091,0.0549999997019767,83000.0
2017-11-02,0.0529999993741512,0.0529999993741512,0.0529999993741512,0.0529999993741512,83000.0
2017-11-03,0.0529999993741512,0.0529999993741512,0.0529999993741512,0.0529999993741512,0.0
2017-11-06,0.0529999993741512,0.0529999993741512,0.0529999993741512,0.0529999993741512,0.0
2017-11-07,0.0529999993741512,0.0529999993741512,0.0529999993741512,0.0529999993741512,0.0
2017-11-08,0.0529999993741512,0.0529999993741512,0.0529999993741512,0.0529999993741512,0.0
2017-11-09,0.0529999993741512,0.0529999993741512,0.0529999993741512,0.0529999993741512,0.0
2017-11-10,0.0529999993741512,0.0529999993741512,0.0529999993741512,0.0529999993741512,83000.0
2017-11-13,0.0529999993741512,0.0529999993741512,0.0529999993741512,0.0529999993741512,0.0
2017-11-14,0.0529999993741512,0.0529999993741512,0.0529999993741512,0.0529999993741512,0.0
2017-11-15,0.0529999993741512,0.0529999993741512,0.0529999993741512,0.0529999993741512,0.0
2017-11-16,0.0529999993741512,0.0529999993741512,0.0529999993741512,0.0529999993741512,0.0
2017-11-17,0.0540000014007091,0.0540000014007091,0.0540000014007091,0.0540000014007091,83000.0
2017-11-20,0.0540000014007091,0.0540000014007091,0.0540000014007091,0.0540000014007091,0.0
2017-11-21,0.0540000014007091,0.0540000014007091,0.0540000014007091,0.0540000014007091,0.0
2017-11-22,0.0540000014007091,0.0540000014007091,0.0540000014007091,0.0540000014007091,0.0
2017-11-23,0.0540000014007091,0.0540000014007091,0.0540000014007091,0.0540000014007091,0.0
2017-11-24,0.0540000014007091,0.0540000014007091,0.0540000014007091,0.0540000014007091,0.0
2017-11-27,0.0540000014007091,0.0540000014007091,0.0540000014007091,0.0540000014007091,83000.0
2017-11-28,0.0540000014007091,0.0540000014007091,0.0540000014007091,0.0540000014007091,0.0
2017-11-29,0.0540000014007091,0.0540000014007091,0.0540000014007091,0.0540000014007091,0.0
2017-11-30,0.0540000014007091,0.0540000014007091,0.0540000014007091,0.0540000014007091,0.0
2017-12-01,0.0540000014007091,0.0540000014007091,0.0540000014007091,0.0540000014007091,0.0
2017-12-04,0.0540000014007091,0.0540000014007091,0.0540000014007091,0.0540000014007091,0.0
2017-12-05,0.0540000014007091,0.0540000014007091,0.0540000014007091,0.0540000014007091,0.0
2017-12-06,0.0540000014007091,0.0540000014007091,0.0540000014007091,0.0540000014007091,0.0
2017-12-07,0.0540000014007091,0.0540000014007091,0.0540000014007091,0.0540000014007091,0.0
2017-12-08,0.0540000014007091,0.0540000014007091,0.0540000014007091,0.0540000014007091,0.0
2017-12-11,0.0540000014007091,0.0540000014007091,0.0540000014007091,0.0540000014007091,0.0
2017-12-12,0.0520000010728836,0.0520000010728836,0.0520000010728836,0.0520000010728836,83000.0
2017-12-13,0.0520000010728836,0.0520000010728836,0.0520000010728836,0.0520000010728836,0.0
2017-12-14,0.0520000010728836,0.0520000010728836,0.0520000010728836,0.0520000010728836,0.0
2017-12-15,0.0520000010728836,0.0520000010728836,0.0520000010728836,0.0520000010728836,0.0
2017-12-18,0.0520000010728836,0.0520000010728836,0.0520000010728836,0.0520000010728836,0.0
2017-12-19,0.0520000010728836,0.0520000010728836,0.0520000010728836,0.0520000010728836,0.0
2017-12-20,0.0520000010728836,0.0520000010728836,0.0520000010728836,0.0520000010728836,0.0
2017-12-21,0.0520000010728836,0.0520000010728836,0.0520000010728836,0.0520000010728836,0.0
2017-12-22,0.0520000010728836,0.0520000010728836,0.0520000010728836,0.0520000010728836,0.0
2017-12-26,0.0520000010728836,0.0520000010728836,0.0520000010728836,0.0520000010728836,0.0
2017-12-27,0.0520000010728836,0.0520000010728836,0.0520000010728836,0.0520000010728836,0.0
2017-12-28,0.0520000010728836,0.0520000010728836,0.0520000010728836,0.0520000010728836,0.0
2017-12-29,0.0520000010728836,0.0520000010728836,0.0520000010728836,0.0520000010728836,0.0
2018-01-02,0.0520000010728836,0.0520000010728836,0.0520000010728836,0.0520000010728836,0.0
2018-01-03,0.0520000010728836,0.0520000010728836,0.0520000010728836,0.0520000010728836,0.0
2018-01-04,0.0520000010728836,0.0520000010728836,0.0520000010728836,0.0520000010728836,0.0
2018-01-05,0.0509999990463256,0.0509999990463256,0.0509999990463256,0.0509999990463256,83000.0
2018-01-08,0.0509999990463256,0.0509999990463256,0.0509999990463256,0.0509999990463256,0.0
2018-01-09,0.0509999990463256,0.0509999990463256,0.0509999990463256,0.0509999990463256,0.0
2018-01-10,0.0509999990463256,0.0509999990463256,0.0509999990463256,0.0509999990463256,0.0
2018-01-11,0.0509999990463256,0.0509999990463256,0.0509999990463256,0.0509999990463256,0.0
2018-01-12,0.0509999990463256,0.0509999990463256,0.0509999990463256,0.0509999990463256,0.0
2018-01-15,0.0509999990463256,0.0509999990463256,0.0509999990463256,0.0509999990463256,0.0
2018-01-16,0.0509999990463256,0.0509999990463256,0.0509999990463256,0.0509999990463256,0.0
2018-01-17,0.0509999990463256,0.0509999990463256,0.0509999990463256,0.0509999990463256,0.0
2018-01-29,0.050000000745058,0.0509999990463256,0.050000000745058,0.0509999990463256,120000.0
2018-01-30,0.0509999990463256,0.0509999990463256,0.0509999990463256,0.0509999990463256,10000.0
2018-01-31,0.0509999990463256,0.0509999990463256,0.0509999990463256,0.0509999990463256,0.0
2018-02-01,0.050000000745058,0.050000000745058,0.050000000745058,0.050000000745058,50000.0
2018-02-02,0.050000000745058,0.050000000745058,0.050000000745058,0.050000000745058,10000.0
2018-02-05,0.050000000745058,0.050000000745058,0.050000000745058,0.050000000745058,120000.0
2018-02-06,0.050000000745058,0.050000000745058,0.050000000745058,0.050000000745058,70000.0
2018-02-14,0.0480000004172325,0.0599999986588954,0.0480000004172325,0.0599999986588954,60000.0
2018-02-15,0.0599999986588954,0.0599999986588954,0.0599999986588954,0.0599999986588954,0.0
2018-02-19,0.0599999986588954,0.0599999986588954,0.0599999986588954,0.0599999986588954,310000.0
2018-02-20,0.0599999986588954,0.0599999986588954,0.0599999986588954,0.0599999986588954,0.0
2018-02-21,0.0599999986588954,0.0599999986588954,0.0599999986588954,0.0599999986588954,0.0
2018-02-22,0.0599999986588954,0.0599999986588954,0.0599999986588954,0.0599999986588954,0.0
2018-02-23,0.0599999986588954,0.0599999986588954,0.0599999986588954,0.0599999986588954,0.0
2018-02-26,0.0599999986588954,0.0599999986588954,0.0599999986588954,0.0599999986588954,0.0
2018-02-27,0.0599999986588954,0.0599999986588954,0.0599999986588954,0.0599999986588954,0.0
2018-02-28,0.0599999986588954,0.0599999986588954,0.0599999986588954,0.0599999986588954,0.0
2018-03-01,0.0599999986588954,0.0599999986588954,0.0599999986588954,0.0599999986588954,0.0
2018-03-02,0.0599999986588954,0.0599999986588954,0.0599999986588954,0.0599999986588954,0.0
2018-03-05,0.0599999986588954,0.0599999986588954,0.0599999986588954,0.0599999986588954,0.0
2018-03-06,0.0599999986588954,0.0599999986588954,0.0599999986588954,0.0599999986588954,0.0
2018-03-07,0.050000000745058,0.0610000006854534,0.050000000745058,0.0610000006854534,190000.0
2018-03-08,0.0610000006854534,0.0610000006854534,0.0610000006854534,0.0610000006854534,0.0
2018-03-14,0.0509999990463256,0.0509999990463256,0.0509999990463256,0.0509999990463256,20000.0
2018-03-15,0.0509999990463256,0.0509999990463256,0.0509999990463256,0.0509999990463256,0.0
2018-03-16,0.0509999990463256,0.0509999990463256,0.0509999990463256,0.0509999990463256,0.0
2018-03-19,0.0509999990463256,0.0509999990463256,0.0509999990463256,0.0509999990463256,0.0
2018-03-20,0.0489999987185001,0.0509999990463256,0.0489999987185001,0.0509999990463256,49500.0
2018-03-21,0.0509999990463256,0.0509999990463256,0.0509999990463256,0.0509999990463256,0.0
2018-03-22,0.0509999990463256,0.0509999990463256,0.0509999990463256,0.0509999990463256,0.0
2018-03-23,0.0509999990463256,0.0509999990463256,0.0509999990463256,0.0509999990463256,0.0
2018-03-26,0.0509999990463256,0.0509999990463256,0.0509999990463256,0.0509999990463256,0.0
2018-03-27,0.0509999990463256,0.0509999990463256,0.0509999990463256,0.0509999990463256,0.0
2018-03-28,0.0509999990463256,0.0509999990463256,0.0509999990463256,0.0509999990463256,0.0
2018-03-29,0.0509999990463256,0.0509999990463256,0.0509999990463256,0.0509999990463256,0.0
2018-04-02,0.0509999990463256,0.0509999990463256,0.0509999990463256,0.0509999990463256,0.0
2018-04-03,0.0509999990463256,0.0509999990463256,0.0509999990463256,0.0509999990463256,0.0
2018-04-04,0.0509999990463256,0.0509999990463256,0.0509999990463256,0.0509999990463256,0.0
2018-04-05,0.0509999990463256,0.0509999990463256,0.0509999990463256,0.0509999990463256,0.0
2018-04-06,0.0509999990463256,0.0509999990463256,0.0509999990463256,0.0509999990463256,0.0
2018-04-09,0.0509999990463256,0.0509999990463256,0.0509999990463256,0.0509999990463256,0.0
2018-04-10,0.0509999990463256,0.0509999990463256,0.0509999990463256,0.0509999990463256,0.0
2018-04-11,0.0509999990463256,0.0509999990463256,0.0509999990463256,0.0509999990463256,0.0
2018-04-12,0.0509999990463256,0.0509999990463256,0.0509999990463256,0.0509999990463256,0.0
2018-04-13,0.0509999990463256,0.0509999990463256,0.0509999990463256,0.0509999990463256,0.0
2018-04-16,0.0509999990463256,0.0509999990463256,0.0509999990463256,0.0509999990463256,0.0
2018-04-17,0.0509999990463256,0.0509999990463256,0.0509999990463256,0.0509999990463256,0.0
2018-04-18,0.0509999990463256,0.0509999990463256,0.0509999990463256,0.0509999990463256,0.0
2018-04-19,0.0509999990463256,0.0509999990463256,0.0509999990463256,0.0509999990463256,0.0
2018-06-07,0.0529999993741512,0.0529999993741512,0.0529999993741512,0.0529999993741512,10000.0
2018-06-08,0.0529999993741512,0.0529999993741512,0.0529999993741512,0.0529999993741512,0.0
2018-06-11,0.0529999993741512,0.0529999993741512,0.0529999993741512,0.0529999993741512,0.0
2018-06-12,0.0529999993741512,0.0529999993741512,0.0529999993741512,0.0529999993741512,0.0
2018-06-13,0.0529999993741512,0.0529999993741512,0.0529999993741512,0.0529999993741512,0.0
2018-06-14,0.0529999993741512,0.0529999993741512,0.0529999993741512,0.0529999993741512,0.0
2018-06-18,0.0529999993741512,0.0529999993741512,0.0529999993741512,0.0529999993741512,0.0
2018-06-19,0.0529999993741512,0.0529999993741512,0.0529999993741512,0.0529999993741512,0.0
2018-06-20,0.0529999993741512,0.0529999993741512,0.0529999993741512,0.0529999993741512,0.0
2018-06-21,0.0529999993741512,0.0529999993741512,0.0529999993741512,0.0529999993741512,0.0
2018-06-22,0.0529999993741512,0.0529999993741512,0.0529999993741512,0.0529999993741512,0.0
2018-06-25,0.0529999993741512,0.0529999993741512,0.0529999993741512,0.0529999993741512,0.0
2018-06-26,0.0529999993741512,0.0529999993741512,0.0529999993741512,0.0529999993741512,0.0
2018-06-27,0.0529999993741512,0.0529999993741512,0.0529999993741512,0.0529999993741512,0.0
2018-06-28,0.0529999993741512,0.0529999993741512,0.0529999993741512,0.0529999993741512,0.0
2018-06-29,0.0529999993741512,0.0529999993741512,0.0529999993741512,0.0529999993741512,0.0
2018-07-02,0.0529999993741512,0.0529999993741512,0.0529999993741512,0.0529999993741512,0.0
2018-07-03,0.0529999993741512,0.0529999993741512,0.0529999993741512,0.0529999993741512,0.0
2018-07-04,0.0529999993741512,0.0529999993741512,0.0529999993741512,0.0529999993741512,0.0
2018-07-05,0.0529999993741512,0.0529999993741512,0.0529999993741512,0.0529999993741512,0.0
2018-07-06,0.0529999993741512,0.0529999993741512,0.0529999993741512,0.0529999993741512,0.0
2018-07-09,0.0529999993741512,0.0529999993741512,0.0529999993741512,0.0529999993741512,0.0
2018-07-10,0.0529999993741512,0.0529999993741512,0.0529999993741512,0.0529999993741512,0.0
2018-07-11,0.0529999993741512,0.0529999993741512,0.0529999993741512,0.0529999993741512,0.0
2018-07-12,0.0529999993741512,0.0529999993741512,0.0529999993741512,0.0529999993741512,0.0
2018-07-13,0.0529999993741512,0.0529999993741512,0.0529999993741512,0.0529999993741512,0.0
2018-07-16,0.0529999993741512,0.0529999993741512,0.0529999993741512,0.0529999993741512,0.0
2018-07-17,0.0529999993741512,0.0529999993741512,0.0529999993741512,0.0529999993741512,0.0
2018-07-18,0.0529999993741512,0.0529999993741512,0.0529999993741512,0.0529999993741512,0.0
2018-07-19,0.0529999993741512,0.0529999993741512,0.0529999993741512,0.0529999993741512,0.0
2018-07-20,0.0529999993741512,0.0529999993741512,0.0529999993741512,0.0529999993741512,0.0
2018-07-23,0.025000000372529,0.0529999993741512,0.0240000002086162,0.0529999993741512,222000.0
2018-07-24,0.0590000003576278,0.0590000003576278,0.0590000003576278,0.0590000003576278,19000.0
2018-07-25,0.0590000003576278,0.0590000003576278,0.0590000003576278,0.0590000003576278,0.0
2018-07-26,0.0590000003576278,0.0590000003576278,0.0590000003576278,0.0590000003576278,0.0
2018-07-27,0.0590000003576278,0.0590000003576278,0.0590000003576278,0.0590000003576278,0.0
2018-07-30,0.0590000003576278,0.0590000003576278,0.0590000003576278,0.0590000003576278,0.0
2018-07-31,0.0590000003576278,0.0590000003576278,0.0590000003576278,0.0590000003576278,0.0
2018-08-01,0.0590000003576278,0.0590000003576278,0.0590000003576278,0.0590000003576278,0.0
2018-08-02,0.0590000003576278,0.0590000003576278,0.0590000003576278,0.0590000003576278,0.0
2018-08-03,0.0590000003576278,0.0590000003576278,0.0590000003576278,0.0590000003576278,0.0
2018-08-06,0.0590000003576278,0.0590000003576278,0.0590000003576278,0.0590000003576278,0.0
2018-08-07,0.0590000003576278,0.0590000003576278,0.0590000003576278,0.0590000003576278,0.0
2018-08-08,0.0590000003576278,0.0590000003576278,0.0590000003576278,0.0590000003576278,0.0
2018-08-10,0.0590000003576278,0.0590000003576278,0.0590000003576278,0.0590000003576278,0.0
2018-08-13,0.0590000003576278,0.0590000003576278,0.0590000003576278,0.0590000003576278,0.0
2018-08-14,0.0590000003576278,0.0590000003576278,0.0590000003576278,0.0590000003576278,0.0
2018-08-15,0.0590000003576278,0.0590000003576278,0.0590000003576278,0.0590000003576278,0.0
2018-08-16,0.0590000003576278,0.0590000003576278,0.0590000003576278,0.0590000003576278,0.0
2018-08-17,0.0590000003576278,0.0590000003576278,0.0590000003576278,0.0590000003576278,0.0
2018-08-20,0.0590000003576278,0.0590000003576278,0.0590000003576278,0.0590000003576278,0.0
2018-08-21,0.0590000003576278,0.0590000003576278,0.0590000003576278,0.0590000003576278,0.0
2018-08-23,0.0590000003576278,0.0590000003576278,0.0590000003576278,0.0590000003576278,0.0
2018-08-24,0.0590000003576278,0.0590000003576278,0.0590000003576278,0.0590000003576278,0.0
2018-08-27,0.0590000003576278,0.0590000003576278,0.0590000003576278,0.0590000003576278,0.0
2018-08-28,0.0590000003576278,0.0590000003576278,0.0590000003576278,0.0590000003576278,0.0
2018-08-29,0.0590000003576278,0.0590000003576278,0.0590000003576278,0.0590000003576278,0.0
2018-08-30,0.0590000003576278,0.0590000003576278,0.0590000003576278,0.0590000003576278,0.0
2018-08-31,0.0590000003576278,0.0590000003576278,0.0590000003576278,0.0590000003576278,0.0
2018-09-03,0.0590000003576278,0.0590000003576278,0.0590000003576278,0.0590000003576278,0.0
2018-09-04,0.0590000003576278,0.0590000003576278,0.0590000003576278,0.0590000003576278,0.0
2018-09-05,0.0590000003576278,0.0590000003576278,0.0590000003576278,0.0590000003576278,0.0
2018-09-06,0.0590000003576278,0.0590000003576278,0.0590000003576278,0.0590000003576278,0.0
2018-09-07,0.0590000003576278,0.0590000003576278,0.0590000003576278,0.0590000003576278,0.0
2018-09-10,0.0590000003576278,0.0590000003576278,0.0590000003576278,0.0590000003576278,0.0
2018-09-11,0.0590000003576278,0.0590000003576278,0.0590000003576278,0.0590000003576278,0.0
2018-09-12,0.0590000003576278,0.0590000003576278,0.0590000003576278,0.0590000003576278,0.0
2018-09-13,0.0590000003576278,0.0590000003576278,0.0590000003576278,0.0590000003576278,0.0
2018-09-14,0.0590000003576278,0.0590000003576278,0.0590000003576278,0.0590000003576278,0.0
2018-09-17,0.0590000003576278,0.0590000003576278,0.0590000003576278,0.0590000003576278,0.0
2018-09-18,0.0590000003576278,0.0590000003576278,0.0590000003576278,0.0590000003576278,0.0
2018-09-19,0.0140000004321336,0.0590000003576278,0.0140000004321336,0.0590000003576278,15000.0
2018-09-20,0.0590000003576278,0.0590000003576278,0.0590000003576278,0.0590000003576278,0.0
2018-09-21,0.0590000003576278,0.0590000003576278,0.0590000003576278,0.0590000003576278,0.0
2018-09-24,0.0590000003576278,0.0590000003576278,0.0590000003576278,0.0590000003576278,0.0
2018-09-25,0.0590000003576278,0.0590000003576278,0.0590000003576278,0.0590000003576278,0.0
2018-09-26,0.0590000003576278,0.0590000003576278,0.0590000003576278,0.0590000003576278,0.0
2018-09-27,0.0590000003576278,0.0590000003576278,0.0590000003576278,0.0590000003576278,0.0
2018-09-28,0.0590000003576278,0.0590000003576278,0.0590000003576278,0.0590000003576278,0.0
2018-10-01,0.0590000003576278,0.0590000003576278,0.0590000003576278,0.0590000003576278,0.0
2018-10-02,0.0590000003576278,0.0590000003576278,0.0590000003576278,0.0590000003576278,0.0
2018-10-03,0.0590000003576278,0.0590000003576278,0.0590000003576278,0.0590000003576278,0.0
2018-10-04,0.0590000003576278,0.0590000003576278,0.0590000003576278,0.0590000003576278,0.0
2018-10-05,0.0590000003576278,0.0590000003576278,0.0590000003576278,0.0590000003576278,0.0
2018-10-08,0.0590000003576278,0.0590000003576278,0.0590000003576278,0.0590000003576278,0.0
2018-10-09,0.0590000003576278,0.0590000003576278,0.0590000003576278,0.0590000003576278,0.0
2018-10-10,0.0590000003576278,0.0590000003576278,0.0590000003576278,0.0590000003576278,0.0
2018-10-11,0.0590000003576278,0.0590000003576278,0.0590000003576278,0.0590000003576278,0.0
2018-10-12,0.0590000003576278,0.0590000003576278,0.0590000003576278,0.0590000003576278,0.0
2018-10-15,0.0590000003576278,0.0590000003576278,0.0590000003576278,0.0590000003576278,0.0
2018-10-16,0.0590000003576278,0.0590000003576278,0.0590000003576278,0.0590000003576278,0.0
2018-10-17,0.0590000003576278,0.0590000003576278,0.0590000003576278,0.0590000003576278,0.0
2018-10-18,0.0590000003576278,0.0590000003576278,0.0590000003576278,0.0590000003576278,0.0
2018-10-19,0.0590000003576278,0.0590000003576278,0.0590000003576278,0.0590000003576278,0.0
2018-10-22,0.0590000003576278,0.0590000003576278,0.0590000003576278,0.0590000003576278,0.0
2018-10-23,0.0590000003576278,0.0590000003576278,0.0590000003576278,0.0590000003576278,0.0
2018-10-24,0.0590000003576278,0.0590000003576278,0.0590000003576278,0.0590000003576278,0.0
2018-10-25,0.0590000003576278,0.0590000003576278,0.0590000003576278,0.0590000003576278,0.0
2018-10-26,0.0590000003576278,0.0590000003576278,0.0590000003576278,0.0590000003576278,0.0
2018-10-29,0.0590000003576278,0.0590000003576278,0.0590000003576278,0.0590000003576278,0.0
2018-10-30,0.0590000003576278,0.0590000003576278,0.0590000003576278,0.0590000003576278,0.0
2018-10-31,0.0590000003576278,0.0590000003576278,0.0590000003576278,0.0590000003576278,0.0
2018-11-01,0.0590000003576278,0.0590000003576278,0.0590000003576278,0.0590000003576278,0.0
2018-11-02,0.0590000003576278,0.0590000003576278,0.0590000003576278,0.0590000003576278,0.0
2018-11-05,0.0590000003576278,0.0590000003576278,0.0590000003576278,0.0590000003576278,0.0
2018-11-07,0.0590000003576278,0.0590000003576278,0.0590000003576278,0.0590000003576278,0.0
2018-11-08,0.0590000003576278,0.0590000003576278,0.0590000003576278,0.0590000003576278,0.0
2018-11-09,0.0590000003576278,0.0590000003576278,0.0590000003576278,0.0590000003576278,0.0
2018-11-12,0.0590000003576278,0.0590000003576278,0.0590000003576278,0.0590000003576278,0.0
2018-11-13,0.0590000003576278,0.0590000003576278,0.0590000003576278,0.0590000003576278,0.0
2018-11-14,0.0590000003576278,0.0590000003576278,0.0590000003576278,0.0590000003576278,0.0
2018-11-15,0.0590000003576278,0.0590000003576278,0.0590000003576278,0.0590000003576278,0.0
2018-11-16,0.0590000003576278,0.0590000003576278,0.0590000003576278,0.0590000003576278,0.0
2018-11-19,0.0590000003576278,0.0590000003576278,0.0590000003576278,0.0590000003576278,0.0
2018-11-20,0.0590000003576278,0.0590000003576278,0.0590000003576278,0.0590000003576278,0.0
2018-11-21,0.0590000003576278,0.0590000003576278,0.0590000003576278,0.0590000003576278,0.0
2018-11-22,0.0590000003576278,0.0590000003576278,0.0590000003576278,0.0590000003576278,0.0
2018-11-23,0.0590000003576278,0.0590000003576278,0.0590000003576278,0.0590000003576278,0.0
2018-11-26,0.0590000003576278,0.0590000003576278,0.0590000003576278,0.0590000003576278,0.0
2018-11-27,0.0590000003576278,0.0590000003576278,0.0590000003576278,0.0590000003576278,0.0
2018-11-28,0.0590000003576278,0.0590000003576278,0.0590000003576278,0.0590000003576278,0.0
2018-11-29,0.0590000003576278,0.0590000003576278,0.0590000003576278,0.0590000003576278,0.0
2018-11-30,0.0590000003576278,0.0590000003576278,0.0590000003576278,0.0590000003576278,0.0
2018-12-03,0.0590000003576278,0.0590000003576278,0.0590000003576278,0.0590000003576278,0.0
2018-12-04,0.0590000003576278,0.0590000003576278,0.0590000003576278,0.0590000003576278,0.0
2018-12-05,0.0590000003576278,0.0590000003576278,0.0590000003576278,0.0590000003576278,0.0
2018-12-06,0.0590000003576278,0.0590000003576278,0.0590000003576278,0.0590000003576278,0.0
2018-12-07,0.0590000003576278,0.0590000003576278,0.0590000003576278,0.0590000003576278,0.0
2018-12-10,0.0590000003576278,0.0590000003576278,0.0590000003576278,0.0590000003576278,0.0
2018-12-11,0.0590000003576278,0.0590000003576278,0.0590000003576278,0.0590000003576278,0.0
2018-12-12,0.0590000003576278,0.0590000003576278,0.0590000003576278,0.0590000003576278,0.0
2018-12-13,0.0590000003576278,0.0590000003576278,0.0590000003576278,0.0590000003576278,0.0
2018-12-14,0.0590000003576278,0.0590000003576278,0.0590000003576278,0.0590000003576278,0.0
2018-12-17,0.0590000003576278,0.0590000003576278,0.0590000003576278,0.0590000003576278,0.0
2018-12-18,0.0590000003576278,0.0590000003576278,0.0590000003576278,0.0590000003576278,0.0
2018-12-19,0.0590000003576278,0.0590000003576278,0.0590000003576278,0.0590000003576278,0.0
2018-12-20,0.0590000003576278,0.0590000003576278,0.0590000003576278,0.0590000003576278,0.0
2018-12-21,0.0590000003576278,0.0590000003576278,0.0590000003576278,0.0590000003576278,0.0
2018-12-24,0.0590000003576278,0.0590000003576278,0.0590000003576278,0.0590000003576278,0.0
2018-12-26,0.0590000003576278,0.0590000003576278,0.0590000003576278,0.0590000003576278,0.0
2018-12-27,0.0590000003576278,0.0590000003576278,0.0590000003576278,0.0590000003576278,0.0
2018-12-28,0.0590000003576278,0.0590000003576278,0.0590000003576278,0.0590000003576278,0.0
2018-12-31,0.0590000003576278,0.0590000003576278,0.0590000003576278,0.0590000003576278,0.0
2019-01-01,0.0590000003576278,0.0590000003576278,0.0590000003576278,0.0590000003576278,0.0
2019-01-02,0.0590000003576278,0.0590000003576278,0.0590000003576278,0.0590000003576278,0.0
2019-01-03,0.0590000003576278,0.0590000003576278,0.0590000003576278,0.0590000003576278,0.0
2019-01-04,0.0590000003576278,0.0590000003576278,0.0590000003576278,0.0590000003576278,0.0
2019-01-07,0.0590000003576278,0.0590000003576278,0.0590000003576278,0.0590000003576278,0.0
2019-01-08,0.0590000003576278,0.0590000003576278,0.0590000003576278,0.0590000003576278,0.0
2019-01-09,0.0590000003576278,0.0590000003576278,0.0590000003576278,0.0590000003576278,0.0
2019-01-10,0.0590000003576278,0.0590000003576278,0.0590000003576278,0.0590000003576278,0.0
2019-01-11,0.0350000001490116,0.0590000003576278,0.0350000001490116,0.0590000003576278,25000.0
2019-01-14,0.0590000003576278,0.0590000003576278,0.0590000003576278,0.0590000003576278,0.0
2019-01-15,0.0590000003576278,0.0590000003576278,0.0590000003576278,0.0590000003576278,0.0
2019-01-16,0.0350000001490116,0.0590000003576278,0.0340000018477439,0.0590000003576278,13000.0
2019-01-17,0.0590000003576278,0.0590000003576278,0.0590000003576278,0.0590000003576278,0.0
2019-01-18,0.0590000003576278,0.0590000003576278,0.0590000003576278,0.0590000003576278,0.0
2019-01-21,0.0590000003576278,0.0590000003576278,0.0590000003576278,0.0590000003576278,0.0
2019-01-22,0.0590000003576278,0.0590000003576278,0.0590000003576278,0.0590000003576278,0.0
2019-01-23,0.0590000003576278,0.0590000003576278,0.0590000003576278,0.0590000003576278,0.0
2019-01-24,0.0590000003576278,0.0590000003576278,0.0590000003576278,0.0590000003576278,0.0
2019-01-25,0.0590000003576278,0.0590000003576278,0.0590000003576278,0.0590000003576278,0.0
2019-01-28,0.0590000003576278,0.0590000003576278,0.0590000003576278,0.0590000003576278,0.0
2019-01-31,0.0469999983906745,0.0570000000298023,0.0469999983906745,0.0570000000298023,5300.0
2019-02-01,0.0570000000298023,0.0570000000298023,0.0570000000298023,0.0570000000298023,0.0
2019-02-04,0.0570000000298023,0.0570000000298023,0.0570000000298023,0.0570000000298023,0.0
2019-02-05,0.0570000000298023,0.0570000000298023,0.0570000000298023,0.0570000000298023,0.0
2019-02-07,0.0570000000298023,0.0570000000298023,0.0570000000298023,0.0570000000298023,0.0
2019-02-08,0.0570000000298023,0.0570000000298023,0.0570000000298023,0.0570000000298023,0.0
2019-02-11,0.0570000000298023,0.0570000000298023,0.0570000000298023,0.0570000000298023,0.0
2019-02-12,0.0570000000298023,0.0570000000298023,0.0570000000298023,0.0570000000298023,0.0
2019-02-13,0.0309999994933605,0.0509999990463256,0.0309999994933605,0.0509999990463256,25100.0
2019-02-14,0.0410000011324882,0.050000000745058,0.0410000011324882,0.050000000745058,30000.0
2019-02-15,0.050000000745058,0.050000000745058,0.050000000745058,0.050000000745058,0.0
2019-02-18,0.050000000745058,0.050000000745058,0.050000000745058,0.050000000745058,0.0
2019-02-19,0.050000000745058,0.050000000745058,0.050000000745058,0.050000000745058,0.0
2019-02-20,0.050000000745058,0.050000000745058,0.050000000745058,0.050000000745058,0.0
2019-02-21,0.050000000745058,0.050000000745058,0.050000000745058,0.050000000745058,0.0
2019-02-22,0.050000000745058,0.050000000745058,0.050000000745058,0.050000000745058,0.0
2019-02-25,0.050000000745058,0.050000000745058,0.050000000745058,0.050000000745058,0.0
2019-02-26,0.050000000745058,0.050000000745058,0.050000000745058,0.050000000745058,0.0
2019-02-27,0.050000000745058,0.050000000745058,0.050000000745058,0.050000000745058,0.0
2019-02-28,0.050000000745058,0.050000000745058,0.050000000745058,0.050000000745058,0.0
2019-03-01,0.050000000745058,0.050000000745058,0.050000000745058,0.050000000745058,0.0
2019-03-04,0.050000000745058,0.050000000745058,0.050000000745058,0.050000000745058,0.0
2019-03-05,0.050000000745058,0.050000000745058,0.050000000745058,0.050000000745058,0.0
2019-03-06,0.050000000745058,0.050000000745058,0.050000000745058,0.050000000745058,0.0
2019-03-07,0.050000000745058,0.050000000745058,0.050000000745058,0.050000000745058,0.0
2019-03-08,0.050000000745058,0.050000000745058,0.050000000745058,0.050000000745058,0.0
2019-03-11,0.0280000008642673,0.0579999983310699,0.0280000008642673,0.0579999983310699,18000.0
2019-03-12,0.0579999983310699,0.0579999983310699,0.0579999983310699,0.0579999983310699,0.0
2019-03-13,0.0579999983310699,0.0579999983310699,0.0579999983310699,0.0579999983310699,0.0
2019-03-15,0.0299999993294477,0.0560000017285347,0.0299999993294477,0.0560000017285347,26000.0
2019-03-18,0.0560000017285347,0.0560000017285347,0.0560000017285347,0.0560000017285347,0.0
2019-03-19,0.0560000017285347,0.0560000017285347,0.0560000017285347,0.0560000017285347,0.0
2019-03-20,0.0560000017285347,0.0560000017285347,0.0560000017285347,0.0560000017285347,0.0
2019-03-21,0.0560000017285347,0.0560000017285347,0.0560000017285347,0.0560000017285347,0.0
2019-03-22,0.0560000017285347,0.0560000017285347,0.0560000017285347,0.0560000017285347,0.0
2019-03-25,0.0560000017285347,0.0560000017285347,0.0560000017285347,0.0560000017285347,0.0
2019-03-26,0.0560000017285347,0.0560000017285347,0.0560000017285347,0.0560000017285347,0.0
2019-03-27,0.0560000017285347,0.0560000017285347,0.0560000017285347,0.0560000017285347,0.0
2019-03-28,0.0560000017285347,0.0560000017285347,0.0560000017285347,0.0560000017285347,0.0
2019-03-29,0.0560000017285347,0.0560000017285347,0.0560000017285347,0.0560000017285347,0.0
2019-04-01,0.0560000017285347,0.0560000017285347,0.0560000017285347,0.0560000017285347,0.0
2019-04-02,0.0560000017285347,0.0560000017285347,0.0560000017285347,0.0560000017285347,0.0
2019-04-03,0.0560000017285347,0.0560000017285347,0.0560000017285347,0.0560000017285347,0.0
2019-04-04,0.0560000017285347,0.0560000017285347,0.0560000017285347,0.0560000017285347,0.0
2019-04-05,0.0560000017285347,0.0560000017285347,0.0560000017285347,0.0560000017285347,0.0
2019-04-08,0.0560000017285347,0.0560000017285347,0.0560000017285347,0.0560000017285347,0.0
2019-04-09,0.0560000017285347,0.0560000017285347,0.0560000017285347,0.0560000017285347,0.0
2021-05-18,0.0509999990463256,0.0579999983310699,0.0509999990463256,0.0579999983310699,240700.0
2021-05-19,0.0579999983310699,0.0579999983310699,0.0579999983310699,0.0579999983310699,0.0
2021-05-20,0.0590000003576278,0.061999998986721,0.0590000003576278,0.0610000006854534,232000.0
2021-05-21,0.0610000006854534,0.061999998986721,0.0610000006854534,0.061999998986721,245000.0
2021-05-24,0.061999998986721,0.061999998986721,0.061999998986721,0.061999998986721,220000.0
2021-05-25,0.0640000030398368,0.0640000030398368,0.0640000030398368,0.0640000030398368,108000.0
2021-05-27,0.0649999976158142,0.0659999996423721,0.0649999976158142,0.0659999996423721,198000.0
2021-05-28,0.0680000036954879,0.0689999982714653,0.0649999976158142,0.0649999976158142,92000.0
2021-05-31,0.0649999976158142,0.0649999976158142,0.0649999976158142,0.0649999976158142,0.0
2021-06-01,0.0649999976158142,0.0649999976158142,0.0649999976158142,0.0649999976158142,5000.0
2021-06-02,0.0649999976158142,0.0649999976158142,0.0649999976158142,0.0649999976158142,0.0
2021-06-03,0.0680000036954879,0.0680000036954879,0.0649999976158142,0.0649999976158142,200400.0
2021-06-04,0.0630000010132789,0.0630000010132789,0.0630000010132789,0.0630000010132789,20000.0
2021-06-07,0.0630000010132789,0.0630000010132789,0.061999998986721,0.061999998986721,79800.0
2021-06-08,0.061999998986721,0.061999998986721,0.061999998986721,0.061999998986721,0.0
2021-06-09,0.0599999986588954,0.0630000010132789,0.0599999986588954,0.0630000010132789,130000.0
2021-06-10,0.0630000010132789,0.0630000010132789,0.0630000010132789,0.0630000010132789,0.0
2021-06-11,0.0630000010132789,0.0630000010132789,0.0630000010132789,0.0630000010132789,0.0
2021-06-14,0.0630000010132789,0.0630000010132789,0.0630000010132789,0.0630000010132789,180000.0
2021-06-15,0.0640000030398368,0.0649999976158142,0.0610000006854534,0.0610000006854534,110100.0
2021-06-16,0.0610000006854534,0.0610000006854534,0.0610000006854534,0.0610000006854534,0.0
2021-06-17,0.0610000006854534,0.0610000006854534,0.0610000006854534,0.0610000006854534,0.0
2021-06-18,0.0610000006854534,0.0610000006854534,0.0610000006854534,0.0610000006854534,0.0
2021-06-21,0.0610000006854534,0.0610000006854534,0.0610000006854534,0.0610000006854534,0.0
2021-06-22,0.0579999983310699,0.0579999983310699,0.0579999983310699,0.0579999983310699,10100.0
2021-06-23,0.0579999983310699,0.0579999983310699,0.0579999983310699,0.0579999983310699,50000.0
2021-06-24,0.0579999983310699,0.0579999983310699,0.0579999983310699,0.0579999983310699,0.0
2021-06-25,0.0579999983310699,0.0579999983310699,0.0579999983310699,0.0579999983310699,0.0
2021-06-28,0.0570000000298023,0.0570000000298023,0.0560000017285347,0.0560000017285347,51000.0
2021-06-29,0.0560000017285347,0.0560000017285347,0.0560000017285347,0.0560000017285347,0.0
2021-06-30,0.0560000017285347,0.0560000017285347,0.0560000017285347,0.0560000017285347,0.0
2021-07-01,0.0560000017285347,0.0560000017285347,0.0560000017285347,0.0560000017285347,0.0
2021-07-02,0.0570000000298023,0.0570000000298023,0.0570000000298023,0.0570000000298023,30000.0
2021-07-05,0.0570000000298023,0.0570000000298023,0.0570000000298023,0.0570000000298023,0.0
2021-07-06,0.0549999997019767,0.0549999997019767,0.0549999997019767,0.0549999997019767,50000.0
2021-07-07,0.0529999993741512,0.0540000014007091,0.0529999993741512,0.0540000014007091,70000.0
2021-07-08,0.0560000017285347,0.0579999983310699,0.0560000017285347,0.0579999983310699,80000.0
2021-07-09,0.0560000017285347,0.0579999983310699,0.0560000017285347,0.0579999983310699,130000.0
2021-07-12,0.0579999983310699,0.0579999983310699,0.0579999983310699,0.0579999983310699,0.0
2021-07-13,0.0579999983310699,0.0579999983310699,0.0579999983310699,0.0579999983310699,0.0
2021-07-14,0.0579999983310699,0.0579999983310699,0.0579999983310699,0.0579999983310699,0.0
2021-07-15,0.0599999986588954,0.0599999986588954,0.0599999986588954,0.0599999986588954,70000.0
2021-07-16,0.0610000006854534,0.0610000006854534,0.0610000006854534,0.0610000006854534,38700.0
2021-07-19,0.0610000006854534,0.0610000006854534,0.0610000006854534,0.0610000006854534,0.0
2021-07-21,0.0680000036954879,0.0689999982714653,0.0610000006854534,0.0610000006854534,402100.0
2021-07-22,0.0630000010132789,0.0630000010132789,0.061999998986721,0.061999998986721,92000.0
2021-07-23,0.061999998986721,0.061999998986721,0.061999998986721,0.061999998986721,0.0
2021-07-26,0.0649999976158142,0.06700000166893,0.0649999976158142,0.06700000166893,92000.0
2021-07-27,0.0689999982714653,0.0689999982714653,0.0630000010132789,0.0630000010132789,490100.0
2021-07-28,0.06700000166893,0.06700000166893,0.0610000006854534,0.0610000006854534,150000.0
2021-07-29,0.0579999983310699,0.0579999983310699,0.0579999983310699,0.0579999983310699,102000.0
2021-07-30,0.0579999983310699,0.0579999983310699,0.0579999983310699,0.0579999983310699,0.0
2021-08-02,0.0549999997019767,0.0549999997019767,0.0549999997019767,0.0549999997019767,100000.0
2021-08-03,0.0549999997019767,0.0549999997019767,0.0549999997019767,0.0549999997019767,0.0
2021-08-04,0.0549999997019767,0.0549999997019767,0.0549999997019767,0.0549999997019767,0.0
2021-08-05,0.0649999976158142,0.0649999976158142,0.0579999983310699,0.0579999983310699,195000.0
2021-08-06,0.0560000017285347,0.0560000017285347,0.0560000017285347,0.0560000017285347,7000.0
2021-08-10,0.0560000017285347,0.0560000017285347,0.0560000017285347,0.0560000017285347,0.0
2021-08-11,0.0560000017285347,0.0560000017285347,0.0560000017285347,0.0560000017285347,0.0
2021-08-12,0.0560000017285347,0.0560000017285347,0.0560000017285347,0.0560000017285347,0.0
2021-08-13,0.0540000014007091,0.0540000014007091,0.0529999993741512,0.0529999993741512,85600.0
2021-08-16,0.0529999993741512,0.0529999993741512,0.0529999993741512,0.0529999993741512,0.0
2021-08-17,0.0549999997019767,0.0579999983310699,0.0549999997019767,0.0579999983310699,25800.0
2021-08-18,0.0579999983310699,0.0590000003576278,0.0579999983310699,0.0579999983310699,80300.0
2021-08-19,0.0489999987185001,0.0529999993741512,0.0489999987185001,0.0529999993741512,80200.0
2021-08-20,0.0529999993741512,0.0529999993741512,0.0529999993741512,0.0529999993741512,0.0
2021-08-23,0.0549999997019767,0.0549999997019767,0.0549999997019767,0.0549999997019767,200.0
2021-08-24,0.0549999997019767,0.0549999997019767,0.0549999997019767,0.0549999997019767,0.0
2021-09-01,0.0520000010728836,0.0520000010728836,0.0520000010728836,0.0520000010728836,100.0
2021-09-02,0.0529999993741512,0.0529999993741512,0.0520000010728836,0.0520000010728836,80000.0
2021-09-03,0.0540000014007091,0.0540000014007091,0.0540000014007091,0.0540000014007091,82900.0
2021-09-06,0.0549999997019767,0.0549999997019767,0.0549999997019767,0.0549999997019767,30000.0
2021-09-07,0.0570000000298023,0.0570000000298023,0.0549999997019767,0.0549999997019767,50800.0
2021-09-08,0.0549999997019767,0.0549999997019767,0.0549999997019767,0.0549999997019767,0.0
2021-09-09,0.0590000003576278,0.0590000003576278,0.0590000003576278,0.0590000003576278,50000.0
2021-09-10,0.0590000003576278,0.0590000003576278,0.0590000003576278,0.0590000003576278,0.0
2021-09-13,0.0590000003576278,0.0590000003576278,0.0590000003576278,0.0590000003576278,0.0
2021-09-14,0.0590000003576278,0.0590000003576278,0.0590000003576278,0.0590000003576278,0.0
2021-09-15,0.0599999986588954,0.0700000002980232,0.0599999986588954,0.0599999986588954,340000.0
2021-09-16,0.0599999986588954,0.0599999986588954,0.0599999986588954,0.0599999986588954,0.0
2021-09-17,0.0710000023245811,0.0710000023245811,0.0579999983310699,0.0579999983310699,210100.0
2021-09-20,0.0579999983310699,0.0579999983310699,0.0579999983310699,0.0579999983310699,0.0
2021-09-21,0.0529999993741512,0.0529999993741512,0.050000000745058,0.050000000745058,261000.0
2021-09-22,0.050000000745058,0.050000000745058,0.050000000745058,0.050000000745058,0.0
2021-09-23,0.050000000745058,0.050000000745058,0.050000000745058,0.050000000745058,0.0
2021-09-24,0.050000000745058,0.050000000745058,0.050000000745058,0.050000000745058,0.0
2021-09-27,0.050000000745058,0.050000000745058,0.050000000745058,0.050000000745058,0.0
2021-09-28,0.0579999983310699,0.0590000003576278,0.0579999983310699,0.0579999983310699,60200.0
2021-09-29,0.0579999983310699,0.0579999983310699,0.0579999983310699,0.0579999983310699,0.0
2021-09-30,0.0579999983310699,0.061999998986721,0.0579999983310699,0.061999998986721,111700.0
2021-10-01,0.061999998986721,0.061999998986721,0.061999998986721,0.061999998986721,0.0
2021-10-04,0.061999998986721,0.061999998986721,0.061999998986721,0.061999998986721,0.0
2021-10-05,0.061999998986721,0.061999998986721,0.061999998986721,0.061999998986721,0.0
2021-10-06,0.061999998986721,0.061999998986721,0.061999998986721,0.061999998986721,0.0
2021-10-07,0.050000000745058,0.0520000010728836,0.0489999987185001,0.0509999990463256,141000.0
2021-10-08,0.0509999990463256,0.0509999990463256,0.0509999990463256,0.0509999990463256,0.0
2021-10-11,0.0509999990463256,0.0509999990463256,0.0509999990463256,0.0509999990463256,0.0
2021-10-12,0.0509999990463256,0.0509999990463256,0.0509999990463256,0.0509999990463256,0.0
2021-10-13,0.0579999983310699,0.0579999983310699,0.0579999983310699,0.0579999983310699,30000.0
2021-10-14,0.0579999983310699,0.0579999983310699,0.0579999983310699,0.0579999983310699,15100.0
2021-10-15,0.0579999983310699,0.0579999983310699,0.0579999983310699,0.0579999983310699,0.0
2021-10-18,0.0579999983310699,0.0579999983310699,0.0579999983310699,0.0579999983310699,0.0
2021-10-19,0.0579999983310699,0.0579999983310699,0.0579999983310699,0.0579999983310699,10000.0
2021-10-20,0.0579999983310699,0.0579999983310699,0.0579999983310699,0.0579999983310699,20000.0
2021-10-21,0.0579999983310699,0.0579999983310699,0.0579999983310699,0.0579999983310699,0.0
2021-10-22,0.0579999983310699,0.0579999983310699,0.0579999983310699,0.0579999983310699,0.0
2021-10-26,0.0560000017285347,0.0579999983310699,0.0560000017285347,0.0560000017285347,200100.0
2021-10-27,0.0560000017285347,0.0560000017285347,0.0560000017285347,0.0560000017285347,0.0
2021-10-28,0.0560000017285347,0.0560000017285347,0.0560000017285347,0.0560000017285347,230000.0
2021-10-29,0.0529999993741512,0.0529999993741512,0.0529999993741512,0.0529999993741512,25000.0
2021-11-01,0.050000000745058,0.050000000745058,0.050000000745058,0.050000000745058,100.0
2021-11-02,0.050000000745058,0.050000000745058,0.050000000745058,0.050000000745058,0.0
2021-11-03,0.0579999983310699,0.0579999983310699,0.0549999997019767,0.0549999997019767,25100.0
2021-11-05,0.0549999997019767,0.0549999997019767,0.0549999997019767,0.0549999997019767,100.0
2021-11-08,0.0549999997019767,0.0549999997019767,0.0549999997019767,0.0549999997019767,0.0
2021-11-09,0.0549999997019767,0.0549999997019767,0.0549999997019767,0.0549999997019767,0.0
2021-11-10,0.0549999997019767,0.0549999997019767,0.0549999997019767,0.0549999997019767,0.0
2021-11-11,0.0579999983310699,0.0579999983310699,0.0579999983310699,0.0579999983310699,10000.0
2021-11-12,0.0579999983310699,0.0579999983310699,0.0579999983310699,0.0579999983310699,0.0
2021-11-15,0.0579999983310699,0.0579999983310699,0.0579999983310699,0.0579999983310699,0.0
2021-11-16,0.0649999976158142,0.0649999976158142,0.0649999976158142,0.0649999976158142,30000.0
2021-11-17,0.0700000002980232,0.0759999975562095,0.0659999996423721,0.0659999996423721,160400.0
2021-11-18,0.0649999976158142,0.0649999976158142,0.0649999976158142,0.0649999976158142,5000.0
2021-11-19,0.0649999976158142,0.0649999976158142,0.0649999976158142,0.0649999976158142,0.0
2021-11-22,0.0649999976158142,0.0649999976158142,0.0640000030398368,0.0640000030398368,35000.0
2021-11-23,0.0640000030398368,0.0640000030398368,0.0640000030398368,0.0640000030398368,0.0
2021-11-24,0.0640000030398368,0.0640000030398368,0.0640000030398368,0.0640000030398368,0.0
2021-11-25,0.0640000030398368,0.0640000030398368,0.0640000030398368,0.0640000030398368,0.0
2021-11-26,0.0750000029802322,0.0750000029802322,0.0549999997019767,0.0549999997019767,400.0
2021-11-29,0.0549999997019767,0.0549999997019767,0.0549999997019767,0.0549999997019767,0.0
2021-11-30,0.0549999997019767,0.0549999997019767,0.0549999997019767,0.0549999997019767,10000.0
2021-12-01,0.0549999997019767,0.0549999997019767,0.0549999997019767,0.0549999997019767,16000.0
2021-12-02,0.0549999997019767,0.0549999997019767,0.0549999997019767,0.0549999997019767,500.0
2021-12-03,0.0549999997019767,0.0549999997019767,0.0549999997019767,0.0549999997019767,0.0
2021-12-06,0.0549999997019767,0.0610000006854534,0.0399999991059303,0.0610000006854534,90100.0
2021-12-07,0.0610000006854534,0.0610000006854534,0.0610000006854534,0.0610000006854534,0.0
2021-12-08,0.0599999986588954,0.0610000006854534,0.0599999986588954,0.0610000006854534,11100.0
2021-12-09,0.0700000002980232,0.0700000002980232,0.0649999976158142,0.0649999976158142,150800.0
2021-12-10,0.0649999976158142,0.0649999976158142,0.0649999976158142,0.0649999976158142,0.0
2021-12-13,0.0649999976158142,0.0649999976158142,0.0640000030398368,0.0649999976158142,179200.0
2021-12-14,0.0649999976158142,0.0649999976158142,0.0649999976158142,0.0649999976158142,0.0
2021-12-15,0.0649999976158142,0.0649999976158142,0.0649999976158142,0.0649999976158142,0.0
2021-12-16,0.0649999976158142,0.0649999976158142,0.0649999976158142,0.0649999976158142,100.0
2021-12-17,0.0649999976158142,0.0649999976158142,0.0649999976158142,0.0649999976158142,50000.0
2021-12-20,0.0649999976158142,0.0649999976158142,0.0649999976158142,0.0649999976158142,50000.0
2021-12-21,0.0649999976158142,0.0649999976158142,0.0649999976158142,0.0649999976158142,39900.0
2021-12-22,0.0659999996423721,0.0659999996423721,0.0659999996423721,0.0659999996423721,30000.0
2021-12-23,0.0659999996423721,0.0659999996423721,0.0659999996423721,0.0659999996423721,0.0
2021-12-24,0.0659999996423721,0.0659999996423721,0.0659999996423721,0.0659999996423721,0.0
2021-12-27,0.0659999996423721,0.0659999996423721,0.0659999996423721,0.0659999996423721,0.0
2021-12-28,0.0659999996423721,0.0659999996423721,0.0659999996423721,0.0659999996423721,40000.0
2021-12-29,0.0659999996423721,0.0659999996423721,0.0659999996423721,0.0659999996423721,20000.0
2021-12-30,0.0659999996423721,0.0659999996423721,0.0659999996423721,0.0659999996423721,0.0
2021-12-31,0.0659999996423721,0.0659999996423721,0.0659999996423721,0.0659999996423721,0.0
2022-01-03,0.0659999996423721,0.0659999996423721,0.0659999996423721,0.0659999996423721,0.0
2022-01-04,0.0649999976158142,0.0649999976158142,0.0649999976158142,0.0649999976158142,48500.0
2022-01-05,0.0649999976158142,0.0649999976158142,0.0649999976158142,0.0649999976158142,0.0
2022-01-06,0.0649999976158142,0.06700000166893,0.0649999976158142,0.06700000166893,11400.0
2022-01-07,0.06700000166893,0.06700000166893,0.06700000166893,0.06700000166893,0.0
2022-01-10,0.06700000166893,0.06700000166893,0.06700000166893,0.06700000166893,0.0
2022-01-11,0.06700000166893,0.06700000166893,0.06700000166893,0.06700000166893,0.0
2022-01-12,0.0509999990463256,0.06700000166893,0.0399999991059303,0.06700000166893,100400.0
2022-01-14,0.0579999983310699,0.0659999996423721,0.0579999983310699,0.0659999996423721,16500.0
2022-01-17,0.0659999996423721,0.0659999996423721,0.0659999996423721,0.0659999996423721,0.0
2022-01-18,0.0659999996423721,0.0659999996423721,0.0659999996423721,0.0659999996423721,0.0
2022-01-19,0.0509999990463256,0.0509999990463256,0.0509999990463256,0.0509999990463256,400.0
2022-01-20,0.0599999986588954,0.0659999996423721,0.0509999990463256,0.0659999996423721,31300.0
2022-01-21,0.0640000030398368,0.0680000036954879,0.0520000010728836,0.0680000036954879,49800.0
2022-01-24,0.0680000036954879,0.0680000036954879,0.0680000036954879,0.0680000036954879,0.0
2022-01-25,0.0680000036954879,0.0680000036954879,0.0680000036954879,0.0680000036954879,0.0
2022-01-26,0.0520000010728836,0.0719999969005584,0.0520000010728836,0.0719999969005584,143400.0
2022-01-27,0.0719999969005584,0.0719999969005584,0.0630000010132789,0.0630000010132789,45400.0
2022-01-28,0.0630000010132789,0.0740000009536743,0.0630000010132789,0.0680000036954879,218700.0
2022-01-31,0.0680000036954879,0.0680000036954879,0.0680000036954879,0.0680000036954879,0.0
2022-02-03,0.0689999982714653,0.0750000029802322,0.0689999982714653,0.0719999969005584,201200.0
2022-02-04,0.0719999969005584,0.0719999969005584,0.0719999969005584,0.0719999969005584,0.0
2022-02-07,0.0750000029802322,0.0750000029802322,0.0750000029802322,0.0750000029802322,92400.0
2022-02-08,0.0750000029802322,0.0750000029802322,0.0750000029802322,0.0750000029802322,41000.0
2022-02-09,0.0750000029802322,0.0750000029802322,0.0750000029802322,0.0750000029802322,0.0
2022-02-10,0.0719999969005584,0.0729999989271164,0.0719999969005584,0.0729999989271164,101000.0
2022-02-11,0.0729999989271164,0.0729999989271164,0.0729999989271164,0.0729999989271164,0.0
2022-02-14,0.0729999989271164,0.0729999989271164,0.0729999989271164,0.0729999989271164,0.0
2022-02-15,0.0729999989271164,0.0740000009536743,0.0729999989271164,0.0740000009536743,130000.0
2022-02-16,0.0740000009536743,0.0740000009536743,0.0740000009536743,0.0740000009536743,0.0
2022-02-17,0.0740000009536743,0.0740000009536743,0.0740000009536743,0.0740000009536743,50000.0
2022-02-18,0.0740000009536743,0.0740000009536743,0.0740000009536743,0.0740000009536743,0.0
2022-02-21,0.0740000009536743,0.0799999982118606,0.0740000009536743,0.0799999982118606,101200.0
2022-02-22,0.0799999982118606,0.0799999982118606,0.0799999982118606,0.0799999982118606,0.0
2022-02-23,0.0769999995827674,0.0769999995827674,0.0769999995827674,0.0769999995827674,100000.0
2022-02-24,0.0769999995827674,0.0769999995827674,0.0769999995827674,0.0769999995827674,0.0
2022-02-25,0.0769999995827674,0.0769999995827674,0.0769999995827674,0.0769999995827674,0.0
2022-02-28,0.0769999995827674,0.0769999995827674,0.0769999995827674,0.0769999995827674,0.0
2022-03-01,0.0769999995827674,0.0769999995827674,0.0769999995827674,0.0769999995827674,22000.0
2022-03-02,0.0570000000298023,0.0759999975562095,0.0570000000298023,0.0700000002980232,117300.0
2022-03-03,0.0579999983310699,0.0780000016093254,0.0579999983310699,0.0780000016093254,120200.0
2022-03-04,0.0780000016093254,0.0780000016093254,0.0780000016093254,0.0780000016093254,0.0
2022-03-07,0.0780000016093254,0.0780000016093254,0.0780000016093254,0.0780000016093254,0.0
2022-03-08,0.0729999989271164,0.0780000016093254,0.0729999989271164,0.0780000016093254,270000.0
2022-03-09,0.0780000016093254,0.0790000036358833,0.0780000016093254,0.0790000036358833,70000.0
2022-03-10,0.0790000036358833,0.0790000036358833,0.0790000036358833,0.0790000036358833,1000.0
2022-03-11,0.0790000036358833,0.0790000036358833,0.0790000036358833,0.0790000036358833,30400.0
2022-03-14,0.0719999969005584,0.0719999969005584,0.0719999969005584,0.0719999969005584,50000.0
2022-03-15,0.0719999969005584,0.0719999969005584,0.0719999969005584,0.0719999969005584,0.0
2022-03-16,0.06700000166893,0.06700000166893,0.06700000166893,0.06700000166893,60000.0
2022-03-17,0.06700000166893,0.06700000166893,0.06700000166893,0.06700000166893,0.0
2022-03-18,0.0680000036954879,0.0680000036954879,0.0680000036954879,0.0680000036954879,180000.0
2022-03-21,0.06700000166893,0.06700000166893,0.06700000166893,0.06700000166893,200000.0
2022-03-22,0.06700000166893,0.06700000166893,0.06700000166893,0.06700000166893,0.0
2022-03-23,0.06700000166893,0.06700000166893,0.06700000166893,0.06700000166893,0.0
2022-03-24,0.06700000166893,0.06700000166893,0.0659999996423721,0.0659999996423721,250500.0
2022-03-25,0.0659999996423721,0.0659999996423721,0.0659999996423721,0.0659999996423721,200000.0
2022-03-28,0.0649999976158142,0.0649999976158142,0.0649999976158142,0.0649999976158142,280000.0
2022-03-29,0.0649999976158142,0.0649999976158142,0.0649999976158142,0.0649999976158142,0.0
2022-03-30,0.0649999976158142,0.0649999976158142,0.0649999976158142,0.0649999976158142,0.0
2022-03-31,0.0649999976158142,0.0649999976158142,0.0649999976158142,0.0649999976158142,200000.0
2022-04-01,0.0649999976158142,0.0649999976158142,0.0649999976158142,0.0649999976158142,0.0
2022-04-04,0.0649999976158142,0.0649999976158142,0.0649999976158142,0.0649999976158142,0.0
2022-04-05,0.0649999976158142,0.0649999976158142,0.0649999976158142,0.0649999976158142,0.0
2022-04-06,0.0640000030398368,0.0649999976158142,0.0640000030398368,0.0649999976158142,216100.0
2022-04-07,0.0649999976158142,0.0649999976158142,0.0649999976158142,0.0649999976158142,0.0
2022-04-08,0.0649999976158142,0.0649999976158142,0.0649999976158142,0.0649999976158142,0.0
2022-04-11,0.0649999976158142,0.0649999976158142,0.0649999976158142,0.0649999976158142,0.0
2022-04-12,0.0640000030398368,0.0640000030398368,0.0640000030398368,0.0640000030398368,250000.0
2022-04-13,0.0640000030398368,0.0640000030398368,0.0640000030398368,0.0640000030398368,200000.0
2022-04-14,0.0640000030398368,0.0640000030398368,0.0640000030398368,0.0640000030398368,0.0
2022-04-18,0.0640000030398368,0.0640000030398368,0.0640000030398368,0.0640000030398368,0.0
2022-04-19,0.0640000030398368,0.0640000030398368,0.0640000030398368,0.0640000030398368,250000.0
2022-04-20,0.0640000030398368,0.0640000030398368,0.0640000030398368,0.0640000030398368,0.0
2022-04-21,0.0630000010132789,0.0630000010132789,0.0630000010132789,0.0630000010132789,280000.0
2022-04-22,0.0640000030398368,0.0640000030398368,0.0640000030398368,0.0640000030398368,250000.0
2022-04-25,0.0640000030398368,0.0640000030398368,0.0640000030398368,0.0640000030398368,0.0
2022-04-26,0.0630000010132789,0.0630000010132789,0.0630000010132789,0.0630000010132789,220000.0
2022-04-27,0.0630000010132789,0.0630000010132789,0.0630000010132789,0.0630000010132789,0.0
2022-04-28,0.0640000030398368,0.0640000030398368,0.0640000030398368,0.0640000030398368,200000.0
2022-04-29,0.0630000010132789,0.0630000010132789,0.0630000010132789,0.0630000010132789,300000.0
2022-05-04,0.0630000010132789,0.0630000010132789,0.0630000010132789,0.0630000010132789,0.0
2022-05-05,0.0630000010132789,0.0630000010132789,0.0630000010132789,0.0630000010132789,0.0
2022-05-06,0.061999998986721,0.061999998986721,0.061999998986721,0.061999998986721,300000.0
2022-05-09,0.061999998986721,0.061999998986721,0.061999998986721,0.061999998986721,8000.0
2022-05-10,0.0630000010132789,0.0630000010132789,0.061999998986721,0.061999998986721,384000.0
2022-05-11,0.0630000010132789,0.0630000010132789,0.061999998986721,0.061999998986721,500000.0
2022-05-12,0.061999998986721,0.061999998986721,0.061999998986721,0.061999998986721,0.0
2022-05-13,0.0630000010132789,0.0630000010132789,0.061999998986721,0.061999998986721,510000.0
2022-05-17,0.0640000030398368,0.0640000030398368,0.0630000010132789,0.0630000010132789,520000.0
2022-05-18,0.061999998986721,0.061999998986721,0.061999998986721,0.061999998986721,16600.0
2022-05-19,0.0640000030398368,0.0640000030398368,0.0630000010132789,0.0630000010132789,470000.0
2022-05-20,0.0599999986588954,0.061999998986721,0.0439999997615814,0.061999998986721,140000.0
2022-05-23,0.061999998986721,0.061999998986721,0.061999998986721,0.061999998986721,40000.0
2022-05-24,0.061999998986721,0.061999998986721,0.061999998986721,0.061999998986721,0.0
2022-05-25,0.061999998986721,0.061999998986721,0.061999998986721,0.061999998986721,0.0
2022-05-26,0.061999998986721,0.061999998986721,0.061999998986721,0.061999998986721,0.0
2022-05-27,0.061999998986721,0.061999998986721,0.061999998986721,0.061999998986721,0.0
2022-05-30,0.061999998986721,0.061999998986721,0.061999998986721,0.061999998986721,0.0
2022-05-31,0.0630000010132789,0.0630000010132789,0.061999998986721,0.061999998986721,450000.0
2022-06-01,0.0630000010132789,0.0630000010132789,0.061999998986721,0.061999998986721,450000.0
2022-06-02,0.061999998986721,0.061999998986721,0.061999998986721,0.061999998986721,0.0
2022-06-03,0.061999998986721,0.061999998986721,0.061999998986721,0.061999998986721,0.0
2022-06-06,0.061999998986721,0.0630000010132789,0.061999998986721,0.0630000010132789,770200.0
2022-06-07,0.0630000010132789,0.0640000030398368,0.0630000010132789,0.0640000030398368,450000.0
2022-06-08,0.0640000030398368,0.0640000030398368,0.0640000030398368,0.0640000030398368,0.0
2022-06-09,0.0640000030398368,0.0640000030398368,0.0640000030398368,0.0640000030398368,0.0
2022-06-10,0.0640000030398368,0.0640000030398368,0.0640000030398368,0.0640000030398368,0.0
2022-06-13,0.0640000030398368,0.0640000030398368,0.0640000030398368,0.0640000030398368,0.0
2022-06-14,0.0630000010132789,0.0630000010132789,0.0630000010132789,0.0630000010132789,250000.0
2022-06-15,0.0630000010132789,0.0630000010132789,0.0630000010132789,0.0630000010132789,0.0
2022-06-16,0.0630000010132789,0.0630000010132789,0.0630000010132789,0.0630000010132789,0.0
2022-06-17,0.0630000010132789,0.0630000010132789,0.0630000010132789,0.0630000010132789,520000.0
2022-06-20,0.061999998986721,0.061999998986721,0.061999998986721,0.061999998986721,300000.0
2022-06-21,0.061999998986721,0.0630000010132789,0.061999998986721,0.0630000010132789,510000.0
2022-06-22,0.0630000010132789,0.0630000010132789,0.0630000010132789,0.0630000010132789,300000.0
2022-06-23,0.0850000008940696,0.0850000008940696,0.0649999976158142,0.0649999976158142,275400.0
2022-06-24,0.0640000030398368,0.0640000030398368,0.0640000030398368,0.0640000030398368,200000.0
2022-06-27,0.0640000030398368,0.0640000030398368,0.0640000030398368,0.0640000030398368,0.0
2022-06-28,0.0640000030398368,0.0640000030398368,0.0640000030398368,0.0640000030398368,0.0
2022-06-29,0.0700000002980232,0.0700000002980232,0.0700000002980232,0.0700000002980232,102500.0
2022-06-30,0.0700000002980232,0.0700000002980232,0.0599999986588954,0.0700000002980232,104000.0
2022-07-01,0.0599999986588954,0.0740000009536743,0.0599999986588954,0.0740000009536743,60800.0
2022-07-04,0.0750000029802322,0.0750000029802322,0.0740000009536743,0.0740000009536743,71000.0
2022-07-05,0.0610000006854534,0.0719999969005584,0.0610000006854534,0.0719999969005584,33000.0
2022-07-06,0.0719999969005584,0.0719999969005584,0.0719999969005584,0.0719999969005584,0.0
2022-07-07,0.0719999969005584,0.0719999969005584,0.0719999969005584,0.0719999969005584,0.0
2022-07-08,0.0740000009536743,0.0740000009536743,0.0740000009536743,0.0740000009536743,49900.0
2022-07-12,0.0740000009536743,0.0740000009536743,0.0740000009536743,0.0740000009536743,0.0
2022-07-13,0.0769999995827674,0.0790000036358833,0.0759999975562095,0.0759999975562095,296000.0
2022-07-14,0.0759999975562095,0.0759999975562095,0.0759999975562095,0.0759999975562095,0.0
2022-07-15,0.0790000036358833,0.0790000036358833,0.0790000036358833,0.0790000036358833,25000.0
2022-07-18,0.0719999969005584,0.0790000036358833,0.0719999969005584,0.0790000036358833,80000.0
2022-07-19,0.0799999982118606,0.0839999988675117,0.0780000016093254,0.0780000016093254,207000.0
2022-07-20,0.0829999968409538,0.0839999988675117,0.0829999968409538,0.0839999988675117,286000.0
2022-07-21,0.0839999988675117,0.0839999988675117,0.0839999988675117,0.0839999988675117,0.0
2022-07-22,0.0780000016093254,0.0780000016093254,0.0780000016093254,0.0780000016093254,50000.0
2022-07-25,0.0780000016093254,0.0839999988675117,0.061999998986721,0.0839999988675117,175100.0
2022-07-26,0.0839999988675117,0.0839999988675117,0.0839999988675117,0.0839999988675117,0.0
2022-07-27,0.0839999988675117,0.0839999988675117,0.0780000016093254,0.0780000016093254,277400.0
2022-07-28,0.0780000016093254,0.0780000016093254,0.0780000016093254,0.0780000016093254,0.0
2022-07-29,0.0780000016093254,0.0780000016093254,0.0780000016093254,0.0780000016093254,0.0
2022-08-01,0.0700000002980232,0.0700000002980232,0.0700000002980232,0.0700000002980232,20000.0
2022-08-02,0.0700000002980232,0.0700000002980232,0.0700000002980232,0.0700000002980232,0.0
2022-08-03,0.0700000002980232,0.0700000002980232,0.0700000002980232,0.0700000002980232,0.0
2022-08-04,0.0700000002980232,0.0700000002980232,0.0700000002980232,0.0700000002980232,10000.0
2022-08-05,0.0700000002980232,0.0700000002980232,0.0700000002980232,0.0700000002980232,5000.0
2022-08-08,0.061999998986721,0.061999998986721,0.061999998986721,0.061999998986721,1000.0
2022-08-10,0.061999998986721,0.061999998986721,0.061999998986721,0.061999998986721,0.0
2022-08-11,0.0649999976158142,0.0649999976158142,0.0649999976158142,0.0649999976158142,10000.0
2022-08-12,0.061999998986721,0.061999998986721,0.061999998986721,0.061999998986721,32100.0
2022-08-15,0.061999998986721,0.061999998986721,0.061999998986721,0.061999998986721,0.0
2022-08-16,0.061999998986721,0.061999998986721,0.061999998986721,0.061999998986721,0.0
2022-08-17,0.061999998986721,0.061999998986721,0.061999998986721,0.061999998986721,0.0
2022-08-18,0.061999998986721,0.061999998986721,0.061999998986721,0.061999998986721,0.0
2022-08-19,0.061999998986721,0.061999998986721,0.061999998986721,0.061999998986721,0.0
2022-08-22,0.0649999976158142,0.0649999976158142,0.0649999976158142,0.0649999976158142,100000.0
2022-08-23,0.06700000166893,0.06700000166893,0.06700000166893,0.06700000166893,50000.0
2022-08-24,0.06700000166893,0.06700000166893,0.06700000166893,0.06700000166893,0.0
2022-08-25,0.06700000166893,0.06700000166893,0.06700000166893,0.06700000166893,0.0
2022-08-26,0.06700000166893,0.06700000166893,0.06700000166893,0.06700000166893,100000.0
2022-08-29,0.06700000166893,0.06700000166893,0.06700000166893,0.06700000166893,0.0
2022-08-30,0.06700000166893,0.06700000166893,0.06700000166893,0.06700000166893,0.0
2022-08-31,0.06700000166893,0.06700000166893,0.06700000166893,0.06700000166893,0.0
2022-09-01,0.0700000002980232,0.0700000002980232,0.0700000002980232,0.0700000002980232,160000.0
2022-09-02,0.0700000002980232,0.0700000002980232,0.0700000002980232,0.0700000002980232,15000.0
2022-09-05,0.0700000002980232,0.0700000002980232,0.0700000002980232,0.0700000002980232,0.0
2022-09-06,0.0700000002980232,0.0700000002980232,0.0700000002980232,0.0700000002980232,0.0
2022-09-07,0.0700000002980232,0.0700000002980232,0.0700000002980232,0.0700000002980232,0.0
2022-09-08,0.0700000002980232,0.0700000002980232,0.0700000002980232,0.0700000002980232,0.0
2022-09-09,0.0700000002980232,0.0700000002980232,0.0700000002980232,0.0700000002980232,0.0
2022-09-12,0.0630000010132789,0.0630000010132789,0.0630000010132789,0.0630000010132789,10000.0
2022-09-13,0.0630000010132789,0.0630000010132789,0.0630000010132789,0.0630000010132789,0.0
2022-09-14,0.0630000010132789,0.0630000010132789,0.0630000010132789,0.0630000010132789,0.0
2022-09-15,0.0630000010132789,0.0630000010132789,0.0630000010132789,0.0630000010132789,0.0
2022-09-16,0.0630000010132789,0.0630000010132789,0.0630000010132789,0.0630000010132789,0.0
2022-09-19,0.0630000010132789,0.0630000010132789,0.0630000010132789,0.0630000010132789,0.0
2022-09-20,0.0680000036954879,0.0680000036954879,0.0680000036954879,0.0680000036954879,5000.0
2022-09-21,0.0680000036954879,0.0680000036954879,0.0680000036954879,0.0680000036954879,0.0
2022-09-22,0.0680000036954879,0.0680000036954879,0.0680000036954879,0.0680000036954879,0.0
2022-09-23,0.0680000036954879,0.0680000036954879,0.0680000036954879,0.0680000036954879,0.0
2022-09-26,0.0700000002980232,0.0700000002980232,0.0700000002980232,0.0700000002980232,50000.0
2022-09-27,0.0700000002980232,0.0700000002980232,0.0700000002980232,0.0700000002980232,0.0
2022-09-28,0.0680000036954879,0.0680000036954879,0.0680000036954879,0.0680000036954879,100000.0
2022-09-29,0.0680000036954879,0.0680000036954879,0.0680000036954879,0.0680000036954879,100000.0
2022-09-30,0.0630000010132789,0.0630000010132789,0.0630000010132789,0.0630000010132789,5000.0
2022-10-03,0.0630000010132789,0.0630000010132789,0.0630000010132789,0.0630000010132789,0.0
2022-10-04,0.0630000010132789,0.0630000010132789,0.0630000010132789,0.0630000010132789,0.0
2022-10-05,0.0630000010132789,0.0630000010132789,0.0630000010132789,0.0630000010132789,0.0
2022-10-06,0.0630000010132789,0.0630000010132789,0.0630000010132789,0.0630000010132789,0.0
2022-10-07,0.0630000010132789,0.0630000010132789,0.0630000010132789,0.0630000010132789,700.0
2022-10-10,0.0630000010132789,0.0630000010132789,0.0630000010132789,0.0630000010132789,0.0
2022-10-11,0.0630000010132789,0.0630000010132789,0.0630000010132789,0.0630000010132789,0.0
2022-10-12,0.0630000010132789,0.0630000010132789,0.0630000010132789,0.0630000010132789,0.0
2022-10-13,0.0630000010132789,0.0630000010132789,0.0630000010132789,0.0630000010132789,0.0
2022-10-14,0.0630000010132789,0.0630000010132789,0.0630000010132789,0.0630000010132789,0.0
2022-10-17,0.0630000010132789,0.0630000010132789,0.0630000010132789,0.0630000010132789,0.0
2022-10-18,0.0630000010132789,0.0630000010132789,0.0630000010132789,0.0630000010132789,0.0
2022-10-19,0.0630000010132789,0.0630000010132789,0.0630000010132789,0.0630000010132789,0.0
2022-10-20,0.0630000010132789,0.0630000010132789,0.0630000010132789,0.0630000010132789,0.0
2022-10-21,0.0630000010132789,0.0630000010132789,0.0630000010132789,0.0630000010132789,0.0
2022-10-25,0.0630000010132789,0.0630000010132789,0.0630000010132789,0.0630000010132789,0.0
2022-10-26,0.0630000010132789,0.0630000010132789,0.0630000010132789,0.0630000010132789,0.0
2022-10-27,0.0630000010132789,0.0630000010132789,0.0630000010132789,0.0630000010132789,0.0
2022-10-28,0.0630000010132789,0.0630000010132789,0.0630000010132789,0.0630000010132789,0.0
2022-10-31,0.0630000010132789,0.0630000010132789,0.0630000010132789,0.0630000010132789,0.0
2022-11-01,0.0630000010132789,0.0630000010132789,0.0630000010132789,0.0630000010132789,0.0
2022-11-02,0.0630000010132789,0.0630000010132789,0.0630000010132789,0.0630000010132789,0.0
2022-11-03,0.0630000010132789,0.0630000010132789,0.0630000010132789,0.0630000010132789,0.0
2022-11-04,0.0630000010132789,0.0630000010132789,0.0630000010132789,0.0630000010132789,0.0
2022-11-07,0.0630000010132789,0.0630000010132789,0.0630000010132789,0.0630000010132789,0.0
2022-11-08,0.0630000010132789,0.0630000010132789,0.0630000010132789,0.0630000010132789,0.0
2022-11-09,0.0630000010132789,0.0630000010132789,0.0630000010132789,0.0630000010132789,0.0
2022-11-10,0.0630000010132789,0.0630000010132789,0.0630000010132789,0.0630000010132789,0.0
2022-11-11,0.0630000010132789,0.0630000010132789,0.0630000010132789,0.0630000010132789,0.0
2022-11-14,0.0630000010132789,0.0630000010132789,0.0630000010132789,0.0630000010132789,0.0
2022-11-15,0.0630000010132789,0.0630000010132789,0.0630000010132789,0.0630000010132789,0.0
2022-11-16,0.0630000010132789,0.0630000010132789,0.0630000010132789,0.0630000010132789,0.0
2022-11-17,0.0630000010132789,0.0630000010132789,0.0630000010132789,0.0630000010132789,0.0
2022-11-18,0.0680000036954879,0.0680000036954879,0.0680000036954879,0.0680000036954879,43000.0
2022-11-21,0.0680000036954879,0.0680000036954879,0.0680000036954879,0.0680000036954879,0.0
2022-11-22,0.0680000036954879,0.0680000036954879,0.0680000036954879,0.0680000036954879,0.0
2022-11-23,0.0680000036954879,0.0680000036954879,0.0680000036954879,0.0680000036954879,0.0
2022-11-24,0.0680000036954879,0.0680000036954879,0.0680000036954879,0.0680000036954879,0.0
2022-11-25,0.0680000036954879,0.0680000036954879,0.0680000036954879,0.0680000036954879,0.0
2022-11-28,0.0680000036954879,0.0680000036954879,0.0680000036954879,0.0680000036954879,0.0
2022-11-29,0.0680000036954879,0.0680000036954879,0.0680000036954879,0.0680000036954879,0.0
2022-11-30,0.0680000036954879,0.0680000036954879,0.0680000036954879,0.0680000036954879,0.0
2022-12-01,0.0680000036954879,0.0680000036954879,0.0680000036954879,0.0680000036954879,0.0
2022-12-02,0.0680000036954879,0.0680000036954879,0.0680000036954879,0.0680000036954879,0.0
2022-12-05,0.0680000036954879,0.0680000036954879,0.0680000036954879,0.0680000036954879,0.0
2022-12-06,0.0680000036954879,0.0680000036954879,0.0680000036954879,0.0680000036954879,0.0
2022-12-07,0.0680000036954879,0.0680000036954879,0.0680000036954879,0.0680000036954879,0.0
2022-12-08,0.0680000036954879,0.0680000036954879,0.0680000036954879,0.0680000036954879,0.0
2022-12-09,0.0680000036954879,0.0680000036954879,0.0680000036954879,0.0680000036954879,0.0
2022-12-12,0.0680000036954879,0.0680000036954879,0.0680000036954879,0.0680000036954879,0.0
2022-12-13,0.0680000036954879,0.0680000036954879,0.0680000036954879,0.0680000036954879,0.0
2022-12-14,0.0680000036954879,0.0680000036954879,0.0680000036954879,0.0680000036954879,0.0
2022-12-15,0.0680000036954879,0.0680000036954879,0.0680000036954879,0.0680000036954879,0.0
2022-12-16,0.0680000036954879,0.0680000036954879,0.0680000036954879,0.0680000036954879,0.0
2022-12-19,0.0680000036954879,0.0680000036954879,0.0680000036954879,0.0680000036954879,0.0
2022-12-20,0.0680000036954879,0.0680000036954879,0.0680000036954879,0.0680000036954879,0.0
2022-12-21,0.0680000036954879,0.0680000036954879,0.0680000036954879,0.0680000036954879,0.0
2022-12-22,0.0549999997019767,0.0860000029206276,0.0439999997615814,0.0860000029206276,10100.0
2022-12-23,0.0860000029206276,0.0860000029206276,0.0860000029206276,0.0860000029206276,0.0
2022-12-27,0.0860000029206276,0.0860000029206276,0.0860000029206276,0.0860000029206276,0.0
2022-12-28,0.0860000029206276,0.0860000029206276,0.0860000029206276,0.0860000029206276,0.0
2022-12-29,0.0860000029206276,0.0860000029206276,0.0860000029206276,0.0860000029206276,0.0
2022-12-30,0.0860000029206276,0.0860000029206276,0.0860000029206276,0.0860000029206276,0.0
2023-01-03,0.0599999986588954,0.0599999986588954,0.0599999986588954,0.0599999986588954,5000.0
2023-01-04,0.0599999986588954,0.0599999986588954,0.0599999986588954,0.0599999986588954,0.0
2023-01-05,0.0839999988675117,0.0839999988675117,0.0560000017285347,0.0560000017285347,3900.0
2023-01-06,0.0560000017285347,0.0560000017285347,0.0560000017285347,0.0560000017285347,0.0
2023-01-09,0.0560000017285347,0.0560000017285347,0.0560000017285347,0.0560000017285347,100.0
2023-01-11,0.0649999976158142,0.0649999976158142,0.0520000010728836,0.0540000014007091,131300.0
2023-01-12,0.061999998986721,0.0640000030398368,0.0529999993741512,0.0529999993741512,21700.0
2023-01-13,0.0529999993741512,0.0529999993741512,0.0529999993741512,0.0529999993741512,1500.0
2023-01-16,0.0649999976158142,0.0649999976158142,0.0649999976158142,0.0649999976158142,29600.0
2023-01-17,0.0649999976158142,0.0649999976158142,0.0649999976158142,0.0649999976158142,0.0
2023-01-18,0.0649999976158142,0.0649999976158142,0.0649999976158142,0.0649999976158142,0.0
2023-01-19,0.0649999976158142,0.0649999976158142,0.0649999976158142,0.0649999976158142,0.0
2023-01-20,0.0649999976158142,0.0649999976158142,0.0649999976158142,0.0649999976158142,0.0
2023-01-25,0.0649999976158142,0.0649999976158142,0.0649999976158142,0.0649999976158142,0.0
2023-01-26,0.0649999976158142,0.0649999976158142,0.0649999976158142,0.0649999976158142,0.0
2023-01-27,0.0529999993741512,0.0529999993741512,0.0509999990463256,0.0509999990463256,35000.0
2023-01-30,0.0509999990463256,0.0509999990463256,0.0509999990463256,0.0509999990463256,0.0
2023-01-31,0.0509999990463256,0.0509999990463256,0.0509999990463256,0.0509999990463256,0.0
2023-02-01,0.0509999990463256,0.0509999990463256,0.0509999990463256,0.0509999990463256,0.0
2023-02-02,0.0509999990463256,0.0509999990463256,0.0509999990463256,0.0509999990463256,0.0
2023-02-03,0.0509999990463256,0.0509999990463256,0.0509999990463256,0.0509999990463256,0.0
2023-02-06,0.0520000010728836,0.0520000010728836,0.0520000010728836,0.0520000010728836,2000.0
2023-02-07,0.0520000010728836,0.0520000010728836,0.0520000010728836,0.0520000010728836,0.0
2023-02-08,0.0520000010728836,0.0520000010728836,0.0520000010728836,0.0520000010728836,0.0
2023-02-09,0.0520000010728836,0.0520000010728836,0.0520000010728836,0.0520000010728836,0.0
2023-02-10,0.0520000010728836,0.0520000010728836,0.0520000010728836,0.0520000010728836,0.0
2023-02-13,0.0509999990463256,0.0509999990463256,0.0509999990463256,0.0509999990463256,2000.0
2023-02-14,0.0509999990463256,0.0509999990463256,0.0509999990463256,0.0509999990463256,0.0
2023-02-15,0.0509999990463256,0.0509999990463256,0.0509999990463256,0.0509999990463256,0.0
2023-02-16,0.0509999990463256,0.0509999990463256,0.0509999990463256,0.0509999990463256,0.0
2023-02-17,0.0509999990463256,0.0509999990463256,0.0509999990463256,0.0509999990463256,0.0
2023-02-20,0.0509999990463256,0.0509999990463256,0.0509999990463256,0.0509999990463256,0.0
2023-02-21,0.0509999990463256,0.0509999990463256,0.0509999990463256,0.0509999990463256,0.0
2023-02-22,0.0509999990463256,0.0509999990463256,0.0509999990463256,0.0509999990463256,0.0
2023-02-23,0.0509999990463256,0.0509999990463256,0.0509999990463256,0.0509999990463256,0.0
2023-02-24,0.0509999990463256,0.0509999990463256,0.0509999990463256,0.0509999990463256,0.0
2023-02-27,0.0509999990463256,0.0509999990463256,0.0509999990463256,0.0509999990463256,0.0
2023-02-28,0.0509999990463256,0.0509999990463256,0.0509999990463256,0.0509999990463256,0.0
2023-03-01,0.0509999990463256,0.0509999990463256,0.0509999990463256,0.0509999990463256,0.0
2023-03-02,0.0509999990463256,0.0509999990463256,0.0509999990463256,0.0509999990463256,0.0
2023-03-03,0.0509999990463256,0.0509999990463256,0.0509999990463256,0.0509999990463256,0.0
2023-03-06,0.0509999990463256,0.0509999990463256,0.0509999990463256,0.0509999990463256,0.0
2023-03-07,0.0509999990463256,0.0509999990463256,0.0509999990463256,0.0509999990463256,0.0
2023-03-08,0.0509999990463256,0.0509999990463256,0.0509999990463256,0.0509999990463256,0.0
2023-03-09,0.0509999990463256,0.0509999990463256,0.0509999990463256,0.0509999990463256,0.0
2023-03-10,0.0509999990463256,0.0509999990463256,0.0509999990463256,0.0509999990463256,0.0
2023-03-13,0.0509999990463256,0.0509999990463256,0.0509999990463256,0.0509999990463256,0.0
2023-03-14,0.0509999990463256,0.0509999990463256,0.0509999990463256,0.0509999990463256,0.0
2023-03-15,0.0509999990463256,0.0509999990463256,0.0509999990463256,0.0509999990463256,0.0
2023-03-16,0.0509999990463256,0.0509999990463256,0.0509999990463256,0.0509999990463256,0.0
2023-03-17,0.0509999990463256,0.0509999990463256,0.0509999990463256,0.0509999990463256,0.0
2023-03-20,0.0509999990463256,0.0509999990463256,0.0509999990463256,0.0509999990463256,0.0
2023-03-21,0.0509999990463256,0.0509999990463256,0.0509999990463256,0.0509999990463256,0.0
2023-03-22,0.0509999990463256,0.0509999990463256,0.0509999990463256,0.0509999990463256,0.0
2023-03-23,0.0540000014007091,0.0540000014007091,0.0540000014007091,0.0540000014007091,50000.0
2023-03-24,0.0540000014007091,0.0540000014007091,0.0540000014007091,0.0540000014007091,0.0
2023-03-27,0.0540000014007091,0.0540000014007091,0.0540000014007091,0.0540000014007091,0.0
2023-03-28,0.0439999997615814,0.0540000014007091,0.0439999997615814,0.0540000014007091,40000.0
2023-03-29,0.0540000014007091,0.0540000014007091,0.0540000014007091,0.0540000014007091,0.0
2023-03-30,0.0540000014007091,0.0540000014007091,0.0540000014007091,0.0540000014007091,0.0
2023-03-31,0.0540000014007091,0.0540000014007091,0.0540000014007091,0.0540000014007091,0.0
2023-04-03,0.0540000014007091,0.0540000014007091,0.0540000014007091,0.0540000014007091,2000.0
2023-04-04,0.0579999983310699,0.0579999983310699,0.0579999983310699,0.0579999983310699,50000.0
2023-04-05,0.0579999983310699,0.0579999983310699,0.0579999983310699,0.0579999983310699,0.0
2023-04-06,0.0579999983310699,0.0579999983310699,0.0579999983310699,0.0579999983310699,0.0
2023-04-10,0.0610000006854534,0.0610000006854534,0.0610000006854534,0.0610000006854534,50000.0
2023-04-11,0.0649999976158142,0.0649999976158142,0.0649999976158142,0.0649999976158142,50000.0
2023-04-12,0.0649999976158142,0.0649999976158142,0.0649999976158142,0.0649999976158142,10100.0
2023-04-13,0.050000000745058,0.0659999996423721,0.050000000745058,0.0659999996423721,20000.0
2023-04-14,0.0689999982714653,0.0689999982714653,0.0689999982714653,0.0689999982714653,100000.0
2023-04-17,0.0689999982714653,0.0719999969005584,0.0689999982714653,0.0719999969005584,120000.0
2023-04-18,0.0719999969005584,0.0719999969005584,0.0719999969005584,0.0719999969005584,0.0
2023-04-19,0.0719999969005584,0.0719999969005584,0.0719999969005584,0.0719999969005584,0.0
2023-04-20,0.0719999969005584,0.0719999969005584,0.0719999969005584,0.0719999969005584,0.0
2023-04-21,0.0719999969005584,0.0719999969005584,0.0719999969005584,0.0719999969005584,0.0
2023-04-24,0.0649999976158142,0.0710000023245811,0.0649999976158142,0.0710000023245811,82000.0
2023-04-25,0.0649999976158142,0.0700000002980232,0.0649999976158142,0.0700000002980232,81000.0
2023-04-26,0.0700000002980232,0.0700000002980232,0.0700000002980232,0.0700000002980232,25000.0
2023-04-27,0.0719999969005584,0.0719999969005584,0.0719999969005584,0.0719999969005584,21000.0
2023-04-28,0.0719999969005584,0.0719999969005584,0.0719999969005584,0.0719999969005584,0.0
2023-05-02,0.0719999969005584,0.0719999969005584,0.0719999969005584,0.0719999969005584,0.0
2023-05-03,0.0719999969005584,0.0719999969005584,0.0719999969005584,0.0719999969005584,0.0
2023-05-04,0.0719999969005584,0.0719999969005584,0.0719999969005584,0.0719999969005584,71000.0
2023-05-05,0.0729999989271164,0.0729999989271164,0.0729999989271164,0.0729999989271164,30000.0
2023-05-08,0.0729999989271164,0.0750000029802322,0.0729999989271164,0.0750000029802322,167100.0
2023-05-09,0.0750000029802322,0.0750000029802322,0.0750000029802322,0.0750000029802322,0.0
2023-05-10,0.0750000029802322,0.0750000029802322,0.0750000029802322,0.0750000029802322,0.0
2023-05-11,0.0750000029802322,0.0750000029802322,0.0740000009536743,0.0740000009536743,131000.0
2023-05-12,0.0729999989271164,0.0729999989271164,0.0729999989271164,0.0729999989271164,102000.0
2023-05-15,0.0710000023245811,0.0710000023245811,0.0710000023245811,0.0710000023245811,100000.0
2023-05-16,0.0710000023245811,0.0710000023245811,0.0710000023245811,0.0710000023245811,38000.0
2023-05-17,0.0710000023245811,0.0710000023245811,0.0710000023245811,0.0710000023245811,0.0
2023-05-18,0.0710000023245811,0.0719999969005584,0.0710000023245811,0.0719999969005584,109000.0
2023-05-19,0.0710000023245811,0.0710000023245811,0.0710000023245811,0.0710000023245811,55000.0
2023-05-22,0.0710000023245811,0.0710000023245811,0.0710000023245811,0.0710000023245811,0.0
2023-05-23,0.0630000010132789,0.0649999976158142,0.0630000010132789,0.0649999976158142,57300.0
2023-05-24,0.0649999976158142,0.0649999976158142,0.0649999976158142,0.0649999976158142,0.0
2023-05-25,0.0659999996423721,0.0659999996423721,0.0659999996423721,0.0659999996423721,111500.0
2023-05-26,0.0659999996423721,0.0659999996423721,0.0659999996423721,0.0659999996423721,0.0
2023-05-29,0.0659999996423721,0.0659999996423721,0.0649999976158142,0.0649999976158142,141200.0
2023-05-30,0.0649999976158142,0.0649999976158142,0.0649999976158142,0.0649999976158142,0.0
2023-05-31,0.0630000010132789,0.0649999976158142,0.0630000010132789,0.0649999976158142,111000.0
2023-06-01,0.0649999976158142,0.0649999976158142,0.0649999976158142,0.0649999976158142,0.0
2023-06-05,0.0649999976158142,0.0649999976158142,0.0649999976158142,0.0649999976158142,4000.0
2023-06-06,0.0640000030398368,0.0649999976158142,0.0640000030398368,0.0649999976158142,90000.0
2023-06-07,0.0649999976158142,0.0649999976158142,0.0649999976158142,0.0649999976158142,0.0
2023-06-08,0.0640000030398368,0.0649999976158142,0.0640000030398368,0.0649999976158142,90100.0
2023-06-09,0.0649999976158142,0.0649999976158142,0.0649999976158142,0.0649999976158142,0.0
2023-06-12,0.0649999976158142,0.0649999976158142,0.0649999976158142,0.0649999976158142,0.0
2023-06-13,0.0649999976158142,0.0649999976158142,0.0649999976158142,0.0649999976158142,0.0
2023-06-14,0.0659999996423721,0.0659999996423721,0.061999998986721,0.0640000030398368,191900.0
2023-06-15,0.0640000030398368,0.0640000030398368,0.0640000030398368,0.0640000030398368,0.0
2023-06-16,0.0640000030398368,0.0680000036954879,0.0640000030398368,0.0659999996423721,117300.0
2023-06-19,0.0649999976158142,0.0659999996423721,0.0649999976158142,0.0649999976158142,156200.0
2023-06-20,0.0649999976158142,0.0649999976158142,0.0649999976158142,0.0649999976158142,0.0
2023-06-21,0.0649999976158142,0.0649999976158142,0.0649999976158142,0.0649999976158142,0.0
2023-06-22,0.0659999996423721,0.0659999996423721,0.0659999996423721,0.0659999996423721,60300.0
2023-06-23,0.0659999996423721,0.0659999996423721,0.0659999996423721,0.0659999996423721,0.0
2023-06-26,0.0659999996423721,0.0659999996423721,0.0659999996423721,0.0659999996423721,0.0
2023-06-27,0.0640000030398368,0.0640000030398368,0.0640000030398368,0.0640000030398368,42000.0
2023-06-28,0.0640000030398368,0.0640000030398368,0.0640000030398368,0.0640000030398368,0.0
2023-06-30,0.0640000030398368,0.0680000036954879,0.0630000010132789,0.0680000036954879,349000.0
2023-07-03,0.06700000166893,0.06700000166893,0.0640000030398368,0.0649999976158142,272100.0
2023-07-04,0.0640000030398368,0.0649999976158142,0.0640000030398368,0.0649999976158142,158000.0
2023-07-05,0.0659999996423721,0.0659999996423721,0.0649999976158142,0.0649999976158142,143000.0
2023-07-06,0.0649999976158142,0.0649999976158142,0.0649999976158142,0.0649999976158142,40000.0
2023-07-07,0.0649999976158142,0.0649999976158142,0.0649999976158142,0.0649999976158142,82000.0
2023-07-10,0.0640000030398368,0.0659999996423721,0.0640000030398368,0.0659999996423721,290500.0
2023-07-11,0.06700000166893,0.06700000166893,0.0649999976158142,0.0649999976158142,233600.0
2023-07-12,0.0649999976158142,0.0649999976158142,0.0649999976158142,0.0649999976158142,266400.0
2023-07-13,0.0649999976158142,0.06700000166893,0.0649999976158142,0.06700000166893,125600.0
2023-07-14,0.0680000036954879,0.0680000036954879,0.0659999996423721,0.06700000166893,169000.0
2023-07-17,0.06700000166893,0.0689999982714653,0.06700000166893,0.0689999982714653,161100.0
2023-07-18,0.0700000002980232,0.0759999975562095,0.0700000002980232,0.0750000029802322,328400.0
2023-07-19,0.0750000029802322,0.0759999975562095,0.0750000029802322,0.0759999975562095,51300.0
2023-07-20,0.0769999995827674,0.0780000016093254,0.0769999995827674,0.0780000016093254,152000.0
2023-07-21,0.0790000036358833,0.0790000036358833,0.0780000016093254,0.0780000016093254,62500.0
2023-07-24,0.0790000036358833,0.0799999982118606,0.0729999989271164,0.0759999975562095,346600.0
2023-07-25,0.0759999975562095,0.0759999975562095,0.0759999975562095,0.0759999975562095,0.0
2023-07-26,0.0759999975562095,0.0759999975562095,0.0759999975562095,0.0759999975562095,0.0
2023-07-27,0.0759999975562095,0.0759999975562095,0.0759999975562095,0.0759999975562095,60000.0
2023-07-28,0.0759999975562095,0.0759999975562095,0.0759999975562095,0.0759999975562095,0.0
2023-07-31,0.0769999995827674,0.0769999995827674,0.0740000009536743,0.0740000009536743,148000.0
2023-08-01,0.0750000029802322,0.0759999975562095,0.0710000023245811,0.0740000009536743,167000.0
2023-08-02,0.0740000009536743,0.0750000029802322,0.0710000023245811,0.0740000009536743,72800.0
2023-08-03,0.0740000009536743,0.0740000009536743,0.0740000009536743,0.0740000009536743,0.0
2023-08-04,0.0759999975562095,0.0810000002384185,0.0740000009536743,0.0799999982118606,303900.0
2023-08-07,0.0799999982118606,0.0850000008940696,0.0799999982118606,0.0829999968409538,313800.0
2023-08-08,0.0829999968409538,0.0829999968409538,0.0829999968409538,0.0829999968409538,0.0
2023-08-10,0.0829999968409538,0.0829999968409538,0.0829999968409538,0.0829999968409538,100000.0
2023-08-11,0.0829999968409538,0.0829999968409538,0.0829999968409538,0.0829999968409538,0.0
2023-08-14,0.0820000022649765,0.0820000022649765,0.0750000029802322,0.0750000029802322,250800.0
2023-08-15,0.0719999969005584,0.0759999975562095,0.0719999969005584,0.0759999975562095,50000.0
2023-08-16,0.0759999975562095,0.0759999975562095,0.0759999975562095,0.0759999975562095,0.0
2023-08-17,0.0719999969005584,0.0759999975562095,0.0719999969005584,0.0759999975562095,250000.0
2023-08-18,0.0700000002980232,0.0759999975562095,0.0700000002980232,0.0759999975562095,120000.0
2023-08-21,0.0729999989271164,0.0759999975562095,0.0729999989271164,0.0759999975562095,140000.0
2023-08-22,0.0769999995827674,0.0799999982118606,0.0719999969005584,0.0790000036358833,462300.0
2023-08-23,0.0790000036358833,0.0790000036358833,0.0790000036358833,0.0790000036358833,0.0
2023-08-24,0.0790000036358833,0.0790000036358833,0.0790000036358833,0.0790000036358833,0.0
2023-08-25,0.0790000036358833,0.0810000002384185,0.0790000036358833,0.0810000002384185,32900.0
2023-08-28,0.0810000002384185,0.0810000002384185,0.0810000002384185,0.0810000002384185,0.0
2023-08-29,0.0799999982118606,0.0820000022649765,0.0799999982118606,0.0820000022649765,46000.0
2023-08-30,0.0820000022649765,0.0820000022649765,0.0820000022649765,0.0820000022649765,0.0
2023-08-31,0.0820000022649765,0.0820000022649765,0.0820000022649765,0.0820000022649765,0.0
2023-09-04,0.0829999968409538,0.0839999988675117,0.0829999968409538,0.0839999988675117,123000.0
2023-09-05,0.0839999988675117,0.0839999988675117,0.0839999988675117,0.0839999988675117,0.0
2023-09-06,0.0820000022649765,0.0820000022649765,0.0820000022649765,0.0820000022649765,120000.0
2023-09-07,0.0820000022649765,0.0820000022649765,0.0820000022649765,0.0820000022649765,0.0
2023-09-08,0.0820000022649765,0.0820000022649765,0.0820000022649765,0.0820000022649765,150000.0
2023-09-11,0.0820000022649765,0.0820000022649765,0.0820000022649765,0.0820000022649765,0.0
2023-09-12,0.0820000022649765,0.0820000022649765,0.0820000022649765,0.0820000022649765,0.0
2023-09-13,0.0780000016093254,0.0820000022649765,0.0780000016093254,0.0820000022649765,296100.0
2023-09-14,0.0820000022649765,0.0820000022649765,0.0820000022649765,0.0820000022649765,0.0
2023-09-15,0.0820000022649765,0.0850000008940696,0.0820000022649765,0.0850000008940696,150000.0
2023-09-18,0.0850000008940696,0.0850000008940696,0.0850000008940696,0.0850000008940696,0.0
2023-09-19,0.0850000008940696,0.0869999974966049,0.0850000008940696,0.0869999974966049,54000.0
2023-09-20,0.0869999974966049,0.0869999974966049,0.0869999974966049,0.0869999974966049,0.0
2023-09-21,0.0869999974966049,0.0869999974966049,0.0869999974966049,0.0869999974966049,0.0
2023-09-22,0.0860000029206276,0.0879999995231628,0.0860000029206276,0.0879999995231628,54300.0
2023-09-25,0.0879999995231628,0.0879999995231628,0.0879999995231628,0.0879999995231628,0.0
2023-09-26,0.0879999995231628,0.0879999995231628,0.0879999995231628,0.0879999995231628,0.0
2023-09-27,0.0860000029206276,0.0869999974966049,0.0860000029206276,0.0869999974966049,292700.0
2023-09-28,0.0879999995231628,0.0879999995231628,0.0850000008940696,0.0879999995231628,183000.0
2023-09-29,0.0879999995231628,0.0879999995231628,0.0879999995231628,0.0879999995231628,0.0
2023-10-02,0.0820000022649765,0.0869999974966049,0.0820000022649765,0.0820000022649765,132100.0
2023-10-03,0.0820000022649765,0.0879999995231628,0.0750000029802322,0.0820000022649765,343000.0
2023-10-04,0.0850000008940696,0.0850000008940696,0.0850000008940696,0.0850000008940696,100000.0
2023-10-05,0.0850000008940696,0.0850000008940696,0.0850000008940696,0.0850000008940696,0.0
2023-10-06,0.0850000008940696,0.0850000008940696,0.0850000008940696,0.0850000008940696,0.0
2023-10-09,0.0850000008940696,0.0860000029206276,0.0839999988675117,0.0850000008940696,590000.0
2023-10-10,0.0759999975562095,0.0839999988675117,0.0759999975562095,0.0839999988675117,70500.0
2023-10-11,0.0839999988675117,0.0839999988675117,0.0839999988675117,0.0839999988675117,0.0
2023-10-12,0.0850000008940696,0.0860000029206276,0.0850000008940696,0.0860000029206276,351500.0
2023-10-13,0.0860000029206276,0.0860000029206276,0.0860000029206276,0.0860000029206276,0.0
2023-10-16,0.0850000008940696,0.0879999995231628,0.0850000008940696,0.0879999995231628,120000.0
2023-10-17,0.0879999995231628,0.0879999995231628,0.0879999995231628,0.0879999995231628,0.0
2023-10-18,0.0879999995231628,0.0879999995231628,0.0879999995231628,0.0879999995231628,0.0
2023-10-19,0.0869999974966049,0.0879999995231628,0.0869999974966049,0.0879999995231628,383000.0
2023-10-20,0.0850000008940696,0.0850000008940696,0.0829999968409538,0.0829999968409538,110000.0
2023-10-23,0.0829999968409538,0.0829999968409538,0.0829999968409538,0.0829999968409538,0.0
2023-10-24,0.0850000008940696,0.0860000029206276,0.0799999982118606,0.0820000022649765,165000.0
2023-10-25,0.0850000008940696,0.0869999974966049,0.0799999982118606,0.0869999974966049,280000.0
2023-10-26,0.0860000029206276,0.0879999995231628,0.0860000029206276,0.0879999995231628,713000.0
2023-10-27,0.0879999995231628,0.0879999995231628,0.0879999995231628,0.0879999995231628,0.0
2023-10-30,0.0879999995231628,0.0879999995231628,0.0879999995231628,0.0879999995231628,0.0
2023-10-31,0.0879999995231628,0.0879999995231628,0.0879999995231628,0.0879999995231628,0.0
2023-11-01,0.0879999995231628,0.0879999995231628,0.0879999995231628,0.0879999995231628,0.0
2023-11-02,0.0850000008940696,0.0850000008940696,0.0850000008940696,0.0850000008940696,550000.0
2023-11-03,0.0850000008940696,0.0850000008940696,0.0850000008940696,0.0850000008940696,0.0
2023-11-06,0.0850000008940696,0.0850000008940696,0.0850000008940696,0.0850000008940696,100000.0
2023-11-07,0.0850000008940696,0.0850000008940696,0.0850000008940696,0.0850000008940696,0.0
2023-11-08,0.0850000008940696,0.0850000008940696,0.0850000008940696,0.0850000008940696,0.0
2023-11-09,0.0829999968409538,0.0829999968409538,0.0829999968409538,0.0829999968409538,508000.0
2023-11-10,0.0820000022649765,0.0820000022649765,0.0769999995827674,0.0820000022649765,582000.0
2023-11-14,0.0820000022649765,0.0820000022649765,0.0820000022649765,0.0820000022649765,0.0
2023-11-15,0.0820000022649765,0.0820000022649765,0.0820000022649765,0.0820000022649765,0.0
2023-11-16,0.0820000022649765,0.0820000022649765,0.0820000022649765,0.0820000022649765,650000.0
2023-11-17,0.0769999995827674,0.0769999995827674,0.0769999995827674,0.0769999995827674,120000.0
2023-11-20,0.0769999995827674,0.0769999995827674,0.0769999995827674,0.0769999995827674,0.0
2023-11-21,0.0769999995827674,0.0790000036358833,0.0700000002980232,0.0700000002980232,460000.0
2023-11-22,0.0769999995827674,0.0780000016093254,0.0769999995827674,0.0780000016093254,120000.0
2023-11-23,0.0780000016093254,0.0780000016093254,0.0780000016093254,0.0780000016093254,0.0
2023-11-24,0.0780000016093254,0.0780000016093254,0.0780000016093254,0.0780000016093254,0.0
2023-11-27,0.0759999975562095,0.0780000016093254,0.0700000002980232,0.0700000002980232,259900.0
2023-11-28,0.0759999975562095,0.0759999975562095,0.0759999975562095,0.0759999975562095,200000.0
2023-11-29,0.0759999975562095,0.0759999975562095,0.0759999975562095,0.0759999975562095,0.0
2023-11-30,0.0769999995827674,0.0769999995827674,0.0769999995827674,0.0769999995827674,150600.0
2023-12-01,0.0689999982714653,0.0759999975562095,0.0640000030398368,0.0750000029802322,275000.0
2023-12-04,0.0780000016093254,0.0780000016093254,0.0780000016093254,0.0780000016093254,180000.0
2023-12-05,0.0780000016093254,0.0780000016093254,0.0780000016093254,0.0780000016093254,181000.0
2023-12-06,0.0790000036358833,0.0799999982118606,0.0790000036358833,0.0799999982118606,490900.0
2023-12-07,0.0820000022649765,0.0820000022649765,0.0759999975562095,0.0810000002384185,332000.0
2023-12-08,0.0810000002384185,0.0810000002384185,0.0810000002384185,0.0810000002384185,0.0
2023-12-11,0.0810000002384185,0.0810000002384185,0.0810000002384185,0.0810000002384185,0.0
2023-12-12,0.0810000002384185,0.0820000022649765,0.0810000002384185,0.0820000022649765,101000.0
2023-12-13,0.0820000022649765,0.0829999968409538,0.0820000022649765,0.0829999968409538,802800.0
2023-12-14,0.0799999982118606,0.0799999982118606,0.0799999982118606,0.0799999982118606,60000.0
2023-12-15,0.0799999982118606,0.0799999982118606,0.0780000016093254,0.0780000016093254,133000.0
2023-12-18,0.0790000036358833,0.0799999982118606,0.0790000036358833,0.0799999982118606,190000.0
2023-12-19,0.0820000022649765,0.0829999968409538,0.0820000022649765,0.0829999968409538,310000.0
2023-12-20,0.0829999968409538,0.0829999968409538,0.0829999968409538,0.0829999968409538,205000.0
2023-12-21,0.0839999988675117,0.0839999988675117,0.0839999988675117,0.0839999988675117,200000.0
2023-12-22,0.0829999968409538,0.0839999988675117,0.0769999995827674,0.0769999995827674,205000.0
2023-12-26,0.0790000036358833,0.0810000002384185,0.0790000036358833,0.0810000002384185,230700.0
2023-12-27,0.0829999968409538,0.0839999988675117,0.0799999982118606,0.0799999982118606,618000.0
2023-12-28,0.0839999988675117,0.0850000008940696,0.0839999988675117,0.0850000008940696,260000.0
2023-12-29,0.0850000008940696,0.0850000008940696,0.0850000008940696,0.0850000008940696,0.0
2024-01-02,0.0850000008940696,0.0850000008940696,0.0850000008940696,0.0850000008940696,0.0
2024-01-03,0.0850000008940696,0.0860000029206276,0.0820000022649765,0.0820000022649765,312000.0
2024-01-04,0.0820000022649765,0.0820000022649765,0.0820000022649765,0.0820000022649765,0.0
2024-01-05,0.0799999982118606,0.0799999982118606,0.0780000016093254,0.0799999982118606,253000.0
2024-01-08,0.0799999982118606,0.0799999982118606,0.0799999982118606,0.0799999982118606,160800.0
2024-01-09,0.0799999982118606,0.0799999982118606,0.0799999982118606,0.0799999982118606,0.0
2024-01-10,0.0799999982118606,0.0799999982118606,0.0799999982118606,0.0799999982118606,0.0
2024-01-11,0.0780000016093254,0.0780000016093254,0.0759999975562095,0.0759999975562095,210900.0
2024-01-12,0.0759999975562095,0.0759999975562095,0.0759999975562095,0.0759999975562095,0.0
2024-01-15,0.0759999975562095,0.0759999975562095,0.0759999975562095,0.0759999975562095,0.0
2024-01-16,0.0799999982118606,0.0810000002384185,0.0799999982118606,0.0810000002384185,112200.0
2024-01-17,0.0820000022649765,0.0820000022649765,0.0820000022649765,0.0820000022649765,111000.0
2024-01-18,0.0820000022649765,0.0820000022649765,0.0820000022649765,0.0820000022649765,0.0
2024-01-19,0.0820000022649765,0.0820000022649765,0.0820000022649765,0.0820000022649765,0.0
2024-01-22,0.0820000022649765,0.0820000022649765,0.0820000022649765,0.0820000022649765,200000.0
2024-01-23,0.0829999968409538,0.0829999968409538,0.0810000002384185,0.0810000002384185,420000.0
2024-01-24,0.0820000022649765,0.0829999968409538,0.0820000022649765,0.0829999968409538,520000.0
2024-01-25,0.0829999968409538,0.0829999968409538,0.0829999968409538,0.0829999968409538,0.0
2024-01-26,0.0829999968409538,0.0829999968409538,0.0829999968409538,0.0829999968409538,0.0
2024-01-29,0.0829999968409538,0.0839999988675117,0.0829999968409538,0.0839999988675117,155200.0
2024-01-30,0.0839999988675117,0.0839999988675117,0.0839999988675117,0.0839999988675117,0.0
2024-01-31,0.0799999982118606,0.0850000008940696,0.0799999982118606,0.0850000008940696,140000.0
2024-02-01,0.0850000008940696,0.0860000029206276,0.0829999968409538,0.0829999968409538,800300.0
2024-02-02,0.0829999968409538,0.0829999968409538,0.0829999968409538,0.0829999968409538,0.0
2024-02-05,0.0839999988675117,0.0839999988675117,0.0799999982118606,0.0799999982118606,108000.0
2024-02-06,0.0799999982118606,0.0799999982118606,0.0799999982118606,0.0799999982118606,0.0
2024-02-07,0.0829999968409538,0.0829999968409538,0.0829999968409538,0.0829999968409538,150000.0
2024-02-08,0.0850000008940696,0.0850000008940696,0.0850000008940696,0.0850000008940696,550000.0
2024-02-09,0.0850000008940696,0.0850000008940696,0.0850000008940696,0.0850000008940696,0.0
2024-02-13,0.0850000008940696,0.0850000008940696,0.0850000008940696,0.0850000008940696,0.0
2024-02-14,0.0850000008940696,0.0850000008940696,0.0850000008940696,0.0850000008940696,0.0
2024-02-15,0.0850000008940696,0.0850000008940696,0.0850000008940696,0.0850000008940696,0.0
2024-02-16,0.0850000008940696,0.0850000008940696,0.0850000008940696,0.0850000008940696,0.0
2024-02-19,0.0850000008940696,0.0850000008940696,0.0850000008940696,0.0850000008940696,0.0
2024-02-20,0.0820000022649765,0.0820000022649765,0.0820000022649765,0.0820000022649765,200000.0
2024-02-21,0.0820000022649765,0.0820000022649765,0.0820000022649765,0.0820000022649765,0.0
2024-02-22,0.0820000022649765,0.0820000022649765,0.0820000022649765,0.0820000022649765,0.0
2024-02-23,0.0829999968409538,0.0829999968409538,0.0829999968409538,0.0829999968409538,240200.0
2024-02-26,0.0829999968409538,0.0829999968409538,0.0829999968409538,0.0829999968409538,0.0
2024-02-27,0.0829999968409538,0.0829999968409538,0.0829999968409538,0.0829999968409538,200000.0
2024-02-28,0.0790000036358833,0.0790000036358833,0.0790000036358833,0.0790000036358833,10000.0
2024-02-29,0.0810000002384185,0.0810000002384185,0.0810000002384185,0.0810000002384185,25000.0
2024-03-01,0.0810000002384185,0.0810000002384185,0.0810000002384185,0.0810000002384185,0.0
2024-03-04,0.0820000022649765,0.0829999968409538,0.0820000022649765,0.0829999968409538,20500.0
2024-03-05,0.0790000036358833,0.0839999988675117,0.0769999995827674,0.0839999988675117,180100.0
2024-03-06,0.0839999988675117,0.0850000008940696,0.0839999988675117,0.0850000008940696,153900.0
2024-03-07,0.0850000008940696,0.0850000008940696,0.0850000008940696,0.0850000008940696,0.0
2024-03-08,0.0850000008940696,0.0860000029206276,0.0850000008940696,0.0860000029206276,368600.0
2024-03-11,0.0860000029206276,0.0860000029206276,0.0860000029206276,0.0860000029206276,0.0
2024-03-12,0.0860000029206276,0.0860000029206276,0.0860000029206276,0.0860000029206276,150000.0
2024-03-13,0.0860000029206276,0.0860000029206276,0.0860000029206276,0.0860000029206276,0.0
2024-03-14,0.0850000008940696,0.0860000029206276,0.0850000008940696,0.0860000029206276,175000.0
2024-03-15,0.0860000029206276,0.0860000029206276,0.0860000029206276,0.0860000029206276,0.0
2024-03-18,0.0860000029206276,0.0860000029206276,0.0860000029206276,0.0860000029206276,0.0
2024-03-19,0.0829999968409538,0.0829999968409538,0.0829999968409538,0.0829999968409538,600000.0
2024-03-20,0.0829999968409538,0.0829999968409538,0.0829999968409538,0.0829999968409538,0.0
2024-03-21,0.0769999995827674,0.0850000008940696,0.0769999995827674,0.0850000008940696,192000.0
2024-03-22,0.0850000008940696,0.0850000008940696,0.0850000008940696,0.0850000008940696,0.0
2024-03-25,0.0869999974966049,0.0869999974966049,0.0869999974966049,0.0869999974966049,150000.0
2024-03-26,0.0869999974966049,0.0879999995231628,0.0869999974966049,0.0879999995231628,200000.0
2024-03-27,0.0879999995231628,0.0879999995231628,0.0879999995231628,0.0879999995231628,0.0
2024-03-28,0.0879999995231628,0.0879999995231628,0.0879999995231628,0.0879999995231628,0.0
2024-04-01,0.0879999995231628,0.0879999995231628,0.0879999995231628,0.0879999995231628,0.0
2024-04-02,0.0879999995231628,0.0879999995231628,0.0879999995231628,0.0879999995231628,0.0
2024-04-03,0.0879999995231628,0.0879999995231628,0.0879999995231628,0.0879999995231628,0.0
2024-04-04,0.0920000001788139,0.0920000001788139,0.0920000001788139,0.0920000001788139,2000.0
2024-04-05,0.0769999995827674,0.0799999982118606,0.0769999995827674,0.0799999982118606,30000.0
2024-04-08,0.0769999995827674,0.0839999988675117,0.0769999995827674,0.0839999988675117,135000.0
2024-04-09,0.0839999988675117,0.0839999988675117,0.0839999988675117,0.0839999988675117,0.0
2024-04-11,0.0769999995827674,0.0839999988675117,0.0769999995827674,0.0839999988675117,170200.0
2024-04-12,0.0839999988675117,0.0839999988675117,0.0839999988675117,0.0839999988675117,0.0
2024-04-15,0.0860000029206276,0.0879999995231628,0.0860000029206276,0.0879999995231628,80000.0
2024-04-16,0.0879999995231628,0.0890000015497207,0.0879999995231628,0.0890000015497207,591800.0
2024-04-17,0.0939999967813491,0.0939999967813491,0.0939999967813491,0.0939999967813491,50000.0
2024-04-18,0.0939999967813491,0.0939999967813491,0.0939999967813491,0.0939999967813491,0.0
2024-04-19,0.0939999967813491,0.0939999967813491,0.0939999967813491,0.0939999967813491,0.0
2024-04-22,0.0939999967813491,0.0939999967813491,0.0939999967813491,0.0939999967813491,0.0
2024-04-23,0.0920000001788139,0.0920000001788139,0.0920000001788139,0.0920000001788139,189000.0
2024-04-24,0.0920000001788139,0.0920000001788139,0.0920000001788139,0.0920000001788139,0.0
2024-04-25,0.0769999995827674,0.0890000015497207,0.0769999995827674,0.0890000015497207,103000.0
2024-04-26,0.0769999995827674,0.0890000015497207,0.0769999995827674,0.0890000015497207,109000.0
2024-04-29,0.0890000015497207,0.0890000015497207,0.0890000015497207,0.0890000015497207,0.0
2024-04-30,0.0890000015497207,0.0890000015497207,0.0890000015497207,0.0890000015497207,0.0
2024-05-02,0.0890000015497207,0.0890000015497207,0.0890000015497207,0.0890000015497207,0.0
2024-05-03,0.0890000015497207,0.0890000015497207,0.0890000015497207,0.0890000015497207,0.0
2024-05-06,0.0900000035762786,0.090999998152256,0.0900000035762786,0.090999998152256,550000.0
2024-05-07,0.0769999995827674,0.0860000029206276,0.0769999995827674,0.0860000029206276,260000.0
2024-05-08,0.0860000029206276,0.0860000029206276,0.0860000029206276,0.0860000029206276,20000.0
2024-05-09,0.0860000029206276,0.0860000029206276,0.0860000029206276,0.0860000029206276,200000.0
2024-05-10,0.0839999988675117,0.0839999988675117,0.0839999988675117,0.0839999988675117,40000.0
2024-05-13,0.0839999988675117,0.0839999988675117,0.0839999988675117,0.0839999988675117,0.0
2024-05-14,0.0860000029206276,0.0860000029206276,0.0860000029206276,0.0860000029206276,5000.0
2024-05-15,0.0850000008940696,0.0850000008940696,0.0850000008940696,0.0850000008940696,200000.0
2024-05-16,0.0850000008940696,0.0850000008940696,0.0850000008940696,0.0850000008940696,0.0
2024-05-17,0.0850000008940696,0.0850000008940696,0.0850000008940696,0.0850000008940696,0.0
2024-05-20,0.0850000008940696,0.0850000008940696,0.0850000008940696,0.0850000008940696,0.0
2024-05-21,0.0850000008940696,0.0850000008940696,0.0850000008940696,0.0850000008940696,190000.0
2024-05-23,0.0850000008940696,0.0850000008940696,0.0850000008940696,0.0850000008940696,0.0
2024-05-24,0.0850000008940696,0.0850000008940696,0.0850000008940696,0.0850000008940696,0.0
2024-05-27,0.0839999988675117,0.0839999988675117,0.0839999988675117,0.0839999988675117,225000.0
2024-05-28,0.0860000029206276,0.0860000029206276,0.0860000029206276,0.0860000029206276,220000.0
2024-05-29,0.0860000029206276,0.0860000029206276,0.0860000029206276,0.0860000029206276,0.0
2024-05-30,0.0860000029206276,0.0860000029206276,0.0860000029206276,0.0860000029206276,0.0
2024-05-31,0.0850000008940696,0.0869999974966049,0.0850000008940696,0.0869999974966049,166000.0
2024-06-03,0.0869999974966049,0.0869999974966049,0.0869999974966049,0.0869999974966049,0.0
2024-06-04,0.0869999974966049,0.0869999974966049,0.0869999974966049,0.0869999974966049,0.0
2024-06-05,0.0860000029206276,0.0869999974966049,0.0860000029206276,0.0869999974966049,238000.0
2024-06-06,0.0879999995231628,0.0890000015497207,0.0879999995231628,0.0890000015497207,236000.0
2024-06-07,0.0890000015497207,0.0900000035762786,0.0890000015497207,0.0900000035762786,597000.0
2024-06-10,0.0900000035762786,0.0900000035762786,0.0900000035762786,0.0900000035762786,0.0
2024-06-11,0.0900000035762786,0.0900000035762786,0.0900000035762786,0.0900000035762786,95000.0
2024-06-12,0.090999998152256,0.090999998152256,0.090999998152256,0.090999998152256,70000.0
2024-06-13,0.090999998152256,0.090999998152256,0.090999998152256,0.090999998152256,10000.0
2024-06-14,0.0920000001788139,0.0920000001788139,0.090999998152256,0.0920000001788139,153400.0
2024-06-18,0.0920000001788139,0.0920000001788139,0.0920000001788139,0.0920000001788139,0.0
2024-06-19,0.0920000001788139,0.0920000001788139,0.0920000001788139,0.0920000001788139,100000.0
2024-06-20,0.0920000001788139,0.0920000001788139,0.0920000001788139,0.0920000001788139,0.0
2024-06-21,0.0920000001788139,0.0920000001788139,0.0920000001788139,0.0920000001788139,0.0
2024-06-24,0.0920000001788139,0.0920000001788139,0.0920000001788139,0.0920000001788139,0.0
2024-06-25,0.0920000001788139,0.0920000001788139,0.0920000001788139,0.0920000001788139,0.0
2024-06-26,0.090999998152256,0.090999998152256,0.090999998152256,0.090999998152256,5000.0
2024-06-27,0.090999998152256,0.090999998152256,0.090999998152256,0.090999998152256,0.0
2024-06-28,0.0930000022053718,0.0930000022053718,0.0930000022053718,0.0930000022053718,105500.0
2024-07-01,0.0930000022053718,0.0930000022053718,0.0930000022053718,0.0930000022053718,0.0
2024-07-02,0.0930000022053718,0.0939999967813491,0.0930000022053718,0.0939999967813491,650100.0
2024-07-03,0.0939999967813491,0.0939999967813491,0.0939999967813491,0.0939999967813491,0.0
2024-07-04,0.0939999967813491,0.0939999967813491,0.0939999967813491,0.0939999967813491,0.0
2024-07-05,0.0939999967813491,0.0939999967813491,0.0939999967813491,0.0939999967813491,0.0
2024-07-08,0.0879999995231628,0.090999998152256,0.0879999995231628,0.090999998152256,240000.0
2024-07-09,0.090999998152256,0.090999998152256,0.090999998152256,0.090999998152256,0.0
2024-07-10,0.090999998152256,0.090999998152256,0.090999998152256,0.090999998152256,0.0
2024-07-11,0.0920000001788139,0.0939999967813491,0.0900000035762786,0.0900000035762786,201000.0
2024-07-12,0.0860000029206276,0.0920000001788139,0.0850000008940696,0.0920000001788139,267600.0
2024-07-15,0.0820000022649765,0.090999998152256,0.0820000022649765,0.090999998152256,140000.0
2024-07-16,0.0820000022649765,0.0920000001788139,0.0820000022649765,0.0920000001788139,102000.0
2024-07-17,0.0920000001788139,0.0920000001788139,0.0920000001788139,0.0920000001788139,0.0
2024-07-18,0.0920000001788139,0.0920000001788139,0.0920000001788139,0.0920000001788139,0.0
2024-07-19,0.0820000022649765,0.0939999967813491,0.0820000022649765,0.0939999967813491,118200.0
2024-07-22,0.0939999967813491,0.0939999967813491,0.0939999967813491,0.0939999967813491,0.0
2024-07-23,0.0939999967813491,0.0939999967813491,0.0939999967813491,0.0939999967813491,0.0
2024-07-24,0.0939999967813491,0.0949999988079071,0.0900000035762786,0.0939999967813491,204300.0
2024-07-25,0.090999998152256,0.0920000001788139,0.0900000035762786,0.0900000035762786,96700.0
2024-07-26,0.0900000035762786,0.0900000035762786,0.0900000035762786,0.0900000035762786,0.0
2024-07-29,0.0900000035762786,0.0900000035762786,0.0900000035762786,0.0900000035762786,0.0
2024-07-30,0.0900000035762786,0.0900000035762786,0.0900000035762786,0.0900000035762786,0.0
2024-07-31,0.0900000035762786,0.0900000035762786,0.0900000035762786,0.0900000035762786,0.0
2024-08-01,0.090999998152256,0.090999998152256,0.0900000035762786,0.0900000035762786,198000.0
2024-08-02,0.0900000035762786,0.0900000035762786,0.0900000035762786,0.0900000035762786,0.0
2024-08-05,0.090999998152256,0.0920000001788139,0.090999998152256,0.0920000001788139,174700.0
2024-08-06,0.0920000001788139,0.0920000001788139,0.0920000001788139,0.0920000001788139,0.0
2024-08-07,0.0920000001788139,0.0930000022053718,0.0920000001788139,0.0930000022053718,150000.0
2024-08-08,0.0930000022053718,0.0930000022053718,0.0930000022053718,0.0930000022053718,0.0
2024-08-12,0.0930000022053718,0.0930000022053718,0.0930000022053718,0.0930000022053718,26000.0
2024-08-13,0.0930000022053718,0.0930000022053718,0.0930000022053718,0.0930000022053718,0.0
2024-08-14,0.0930000022053718,0.0930000022053718,0.0930000022053718,0.0930000022053718,0.0
2024-08-15,0.0930000022053718,0.0930000022053718,0.0930000022053718,0.0930000022053718,0.0
2024-08-16,0.0930000022053718,0.0930000022053718,0.0930000022053718,0.0930000022053718,0.0
2024-08-19,0.0930000022053718,0.0939999967813491,0.090999998152256,0.090999998152256,686000.0
2024-08-20,0.090999998152256,0.090999998152256,0.0900000035762786,0.0900000035762786,50000.0
2024-08-21,0.0900000035762786,0.0900000035762786,0.0900000035762786,0.0900000035762786,0.0
2024-08-22,0.090999998152256,0.090999998152256,0.090999998152256,0.090999998152256,140000.0
2024-08-23,0.090999998152256,0.090999998152256,0.090999998152256,0.090999998152256,150000.0
2024-08-26,0.090999998152256,0.090999998152256,0.090999998152256,0.090999998152256,0.0
2024-08-27,0.0930000022053718,0.0930000022053718,0.0930000022053718,0.0930000022053718,22500.0
2024-08-28,0.0930000022053718,0.0930000022053718,0.0930000022053718,0.0930000022053718,26600.0
2024-08-29,0.0930000022053718,0.0930000022053718,0.0930000022053718,0.0930000022053718,3000.0
2024-08-30,0.0930000022053718,0.0930000022053718,0.0930000022053718,0.0930000022053718,0.0
2024-09-02,0.0710000023245811,0.0930000022053718,0.0700000002980232,0.0869999974966049,303000.0
2024-09-03,0.0900000035762786,0.0939999967813491,0.0900000035762786,0.0939999967813491,245200.0
2024-09-04,0.0939999967813491,0.0939999967813491,0.0939999967813491,0.0939999967813491,0.0
2024-09-05,0.0939999967813491,0.0939999967813491,0.0939999967813491,0.0939999967813491,0.0
2024-09-06,0.0939999967813491,0.0939999967813491,0.0939999967813491,0.0939999967813491,0.0
2024-09-09,0.0939999967813491,0.0939999967813491,0.0939999967813491,0.0939999967813491,0.0
2024-09-10,0.0939999967813491,0.0939999967813491,0.0939999967813491,0.0939999967813491,0.0
2024-09-11,0.0939999967813491,0.0939999967813491,0.0939999967813491,0.0939999967813491,0.0
2024-09-12,0.096000000834465,0.096000000834465,0.0930000022053718,0.0930000022053718,380000.0
2024-09-13,0.0930000022053718,0.0930000022053718,0.0930000022053718,0.0930000022053718,0.0
2024-09-16,0.0930000022053718,0.0930000022053718,0.0930000022053718,0.0930000022053718,0.0
2024-09-17,0.0930000022053718,0.0930000022053718,0.0930000022053718,0.0930000022053718,0.0
2024-09-18,0.0930000022053718,0.0930000022053718,0.0930000022053718,0.0930000022053718,0.0
2024-09-19,0.0930000022053718,0.0930000022053718,0.0930000022053718,0.0930000022053718,150000.0
2024-09-20,0.0930000022053718,0.0930000022053718,0.0930000022053718,0.0930000022053718,0.0
2024-09-23,0.0930000022053718,0.0930000022053718,0.0930000022053718,0.0930000022053718,0.0
2024-09-24,0.0939999967813491,0.0949999988079071,0.0939999967813491,0.0949999988079071,217500.0
2024-09-25,0.0949999988079071,0.0949999988079071,0.0949999988079071,0.0949999988079071,0.0
2024-09-26,0.0949999988079071,0.0949999988079071,0.0949999988079071,0.0949999988079071,0.0
2024-09-27,0.0949999988079071,0.0949999988079071,0.0949999988079071,0.0949999988079071,0.0
2024-09-30,0.0949999988079071,0.0949999988079071,0.0949999988079071,0.0949999988079071,0.0
2024-10-01,0.0949999988079071,0.0949999988079071,0.0949999988079071,0.0949999988079071,0.0
2024-10-02,0.0820000022649765,0.0949999988079071,0.0820000022649765,0.0949999988079071,130000.0
2024-10-03,0.096000000834465,0.0970000028610229,0.096000000834465,0.0970000028610229,110000.0
2024-10-04,0.0970000028610229,0.0970000028610229,0.0970000028610229,0.0970000028610229,0.0
2024-10-07,0.0970000028610229,0.0970000028610229,0.0970000028610229,0.0970000028610229,0.0
2024-10-08,0.0970000028610229,0.0970000028610229,0.0970000028610229,0.0970000028610229,0.0
2024-10-09,0.0970000028610229,0.0970000028610229,0.0970000028610229,0.0970000028610229,0.0
2024-10-10,0.0970000028610229,0.0970000028610229,0.0970000028610229,0.0970000028610229,0.0
2024-10-11,0.0970000028610229,0.0970000028610229,0.0970000028610229,0.0970000028610229,0.0
2024-10-14,0.0930000022053718,0.0979999974370002,0.0930000022053718,0.0979999974370002,140100.0
2024-10-15,0.0979999974370002,0.0979999974370002,0.0979999974370002,0.0979999974370002,0.0
2024-10-16,0.0939999967813491,0.0949999988079071,0.090999998152256,0.0949999988079071,176400.0
2024-10-17,0.0949999988079071,0.096000000834465,0.0949999988079071,0.096000000834465,550000.0
2024-10-18,0.0920000001788139,0.096000000834465,0.0920000001788139,0.096000000834465,143800.0
2024-10-21,0.096000000834465,0.096000000834465,0.096000000834465,0.096000000834465,0.0
2024-10-22,0.096000000834465,0.096000000834465,0.096000000834465,0.096000000834465,0.0
2024-10-23,0.096000000834465,0.096000000834465,0.096000000834465,0.096000000834465,0.0
2024-10-24,0.096000000834465,0.096000000834465,0.096000000834465,0.096000000834465,0.0
2024-10-25,0.096000000834465,0.096000000834465,0.096000000834465,0.096000000834465,0.0
2024-10-28,0.0930000022053718,0.096000000834465,0.0930000022053718,0.096000000834465,70000.0
2024-10-29,0.096000000834465,0.096000000834465,0.096000000834465,0.096000000834465,0.0
2024-10-30,0.096000000834465,0.096000000834465,0.096000000834465,0.096000000834465,0.0
2024-11-01,0.096000000834465,0.096000000834465,0.096000000834465,0.096000000834465,0.0
2024-11-04,0.096000000834465,0.096000000834465,0.096000000834465,0.096000000834465,0.0
2024-11-05,0.096000000834465,0.096000000834465,0.096000000834465,0.096000000834465,0.0
2024-11-06,0.096000000834465,0.096000000834465,0.096000000834465,0.096000000834465,0.0
2024-11-07,0.096000000834465,0.096000000834465,0.096000000834465,0.096000000834465,0.0
2024-11-08,0.096000000834465,0.096000000834465,0.096000000834465,0.096000000834465,0.0
2024-11-11,0.096000000834465,0.096000000834465,0.096000000834465,0.096000000834465,0.0
2024-11-12,0.0850000008940696,0.096000000834465,0.0850000008940696,0.096000000834465,90000.0
2024-11-13,0.096000000834465,0.096000000834465,0.0850000008940696,0.0850000008940696,11100.0
2024-11-14,0.0900000035762786,0.0970000028610229,0.0879999995231628,0.096000000834465,462800.0
2024-11-15,0.096000000834465,0.096000000834465,0.096000000834465,0.096000000834465,0.0
2024-11-18,0.096000000834465,0.096000000834465,0.096000000834465,0.096000000834465,0.0
2024-11-19,0.096000000834465,0.096000000834465,0.096000000834465,0.096000000834465,0.0
2024-11-20,0.0869999974966049,0.0869999974966049,0.0860000029206276,0.0860000029206276,40000.0
2024-11-21,0.0890000015497207,0.096000000834465,0.0879999995231628,0.0900000035762786,273900.0
2024-11-22,0.0890000015497207,0.0930000022053718,0.0890000015497207,0.0920000001788139,126800.0
2024-11-25,0.0930000022053718,0.0939999967813491,0.0930000022053718,0.0939999967813491,110100.0
2024-11-26,0.0939999967813491,0.0939999967813491,0.0939999967813491,0.0939999967813491,0.0
2024-11-27,0.0939999967813491,0.0939999967813491,0.0939999967813491,0.0939999967813491,0.0
2024-11-28,0.0939999967813491,0.0939999967813491,0.0939999967813491,0.0939999967813491,0.0
2024-11-29,0.0939999967813491,0.0939999967813491,0.0939999967813491,0.0939999967813491,0.0
2024-12-02,0.0939999967813491,0.0939999967813491,0.0939999967813491,0.0939999967813491,0.0
2024-12-03,0.0900000035762786,0.096000000834465,0.0900000035762786,0.096000000834465,120300.0
2024-12-04,0.096000000834465,0.096000000834465,0.096000000834465,0.096000000834465,0.0
2024-12-05,0.0920000001788139,0.0920000001788139,0.0890000015497207,0.0920000001788139,145000.0
2024-12-06,0.0900000035762786,0.0930000022053718,0.0879999995231628,0.0920000001788139,262200.0
2024-12-09,0.0920000001788139,0.0920000001788139,0.0920000001788139,0.0920000001788139,0.0
2024-12-10,0.0920000001788139,0.0920000001788139,0.0920000001788139,0.0920000001788139,0.0
2024-12-11,0.0920000001788139,0.0920000001788139,0.0920000001788139,0.0920000001788139,0.0
2024-12-12,0.0920000001788139,0.0920000001788139,0.0920000001788139,0.0920000001788139,0.0
2024-12-13,0.0920000001788139,0.0920000001788139,0.0920000001788139,0.0920000001788139,0.0
2024-12-16,0.0879999995231628,0.0930000022053718,0.0860000029206276,0.0930000022053718,51200.0
2024-12-17,0.0930000022053718,0.0930000022053718,0.0930000022053718,0.0930000022053718,0.0
2024-12-18,0.0930000022053718,0.0930000022053718,0.0930000022053718,0.0930000022053718,0.0
2024-12-19,0.0930000022053718,0.0930000022053718,0.0930000022053718,0.0930000022053718,0.0
2024-12-20,0.0930000022053718,0.0930000022053718,0.0930000022053718,0.0930000022053718,0.0
2024-12-23,0.0850000008940696,0.0930000022053718,0.0850000008940696,0.0930000022053718,50000.0
2024-12-24,0.0930000022053718,0.0930000022053718,0.0930000022053718,0.0930000022053718,0.0
2024-12-26,0.0930000022053718,0.0930000022053718,0.0930000022053718,0.0930000022053718,0.0
2024-12-27,0.0930000022053718,0.0930000022053718,0.0930000022053718,0.0930000022053718,0.0
2024-12-30,0.0850000008940696,0.0930000022053718,0.0850000008940696,0.0930000022053718,160000.0
2024-12-31,0.0930000022053718,0.0930000022053718,0.0930000022053718,0.0930000022053718,0.0
2025-01-02,0.0930000022053718,0.0930000022053718,0.0930000022053718,0.0930000022053718,0.0
2025-01-03,0.0930000022053718,0.0930000022053718,0.0930000022053718,0.0930000022053718,0.0
2025-01-06,0.0850000008940696,0.0930000022053718,0.0850000008940696,0.0930000022053718,121000.0
2025-01-07,0.0890000015497207,0.0930000022053718,0.0869999974966049,0.0890000015497207,41100.0
2025-01-08,0.0860000029206276,0.0860000029206276,0.0860000029206276,0.0860000029206276,65200.0
2025-01-09,0.0860000029206276,0.0860000029206276,0.0860000029206276,0.0860000029206276,0.0
2025-01-10,0.0860000029206276,0.0860000029206276,0.0850000008940696,0.0850000008940696,20000.0
2025-01-13,0.0850000008940696,0.0850000008940696,0.0850000008940696,0.0850000008940696,0.0
2025-01-14,0.0850000008940696,0.0850000008940696,0.0850000008940696,0.0850000008940696,0.0
2025-01-15,0.0850000008940696,0.0850000008940696,0.0850000008940696,0.0850000008940696,0.0
2025-01-16,0.0850000008940696,0.0850000008940696,0.0850000008940696,0.0850000008940696,120000.0
2025-01-17,0.0850000008940696,0.0850000008940696,0.0850000008940696,0.0850000008940696,0.0
2025-01-20,0.0850000008940696,0.0850000008940696,0.0850000008940696,0.0850000008940696,0.0
2025-01-21,0.0850000008940696,0.0850000008940696,0.0850000008940696,0.0850000008940696,0.0
2025-01-22,0.0850000008940696,0.0850000008940696,0.0850000008940696,0.0850000008940696,0.0
2025-01-23,0.0850000008940696,0.0850000008940696,0.0850000008940696,0.0850000008940696,0.0
2025-01-24,0.0850000008940696,0.0850000008940696,0.0850000008940696,0.0850000008940696,0.0
2025-01-27,0.0710000023245811,0.0710000023245811,0.0700000002980232,0.0710000023245811,170800.0
2025-01-28,0.0710000023245811,0.0710000023245811,0.0710000023245811,0.0710000023245811,0.0
2025-01-31,0.0710000023245811,0.0710000023245811,0.0710000023245811,0.0710000023245811,0.0
2025-02-03,0.0710000023245811,0.0710000023245811,0.0710000023245811,0.0710000023245811,0.0
2025-02-04,0.0710000023245811,0.0710000023245811,0.0710000023245811,0.0710000023245811,0.0
2025-02-05,0.0729999989271164,0.0729999989271164,0.0729999989271164,0.0729999989271164,10000.0
2025-02-06,0.0520000010728836,0.0719999969005584,0.0520000010728836,0.0719999969005584,130000.0
2025-02-07,0.0729999989271164,0.0729999989271164,0.0729999989271164,0.0729999989271164,120000.0
2025-02-10,0.0729999989271164,0.0729999989271164,0.0729999989271164,0.0729999989271164,0.0
2025-02-11,0.0759999975562095,0.0759999975562095,0.0759999975562095,0.0759999975562095,130000.0
2025-02-12,0.0759999975562095,0.0759999975562095,0.0759999975562095,0.0759999975562095,0.0
2025-02-13,0.0759999975562095,0.0759999975562095,0.0759999975562095,0.0759999975562095,0.0
2025-02-14,0.0759999975562095,0.0759999975562095,0.0759999975562095,0.0759999975562095,0.0
2025-02-17,0.0759999975562095,0.0759999975562095,0.0759999975562095,0.0759999975562095,0.0
2025-02-18,0.0759999975562095,0.0759999975562095,0.0759999975562095,0.0759999975562095,0.0
2025-02-19,0.0759999975562095,0.0759999975562095,0.0759999975562095,0.0759999975562095,0.0
2025-02-20,0.0759999975562095,0.0759999975562095,0.0759999975562095,0.0759999975562095,0.0
2025-02-21,0.0590000003576278,0.0590000003576278,0.0590000003576278,0.0590000003576278,6000.0
2025-02-24,0.0590000003576278,0.0590000003576278,0.0590000003576278,0.0590000003576278,0.0
2025-02-25,0.0570000000298023,0.0570000000298023,0.0570000000298023,0.0570000000298023,50000.0
2025-02-26,0.0570000000298023,0.0570000000298023,0.0570000000298023,0.0570000000298023,0.0
2025-02-27,0.0570000000298023,0.0570000000298023,0.0570000000298023,0.0570000000298023,0.0
2025-02-28,0.0570000000298023,0.0570000000298023,0.0570000000298023,0.0570000000298023,0.0
2025-03-03,0.0570000000298023,0.0570000000298023,0.0570000000298023,0.0570000000298023,25000.0
2025-03-04,0.0570000000298023,0.0570000000298023,0.0570000000298023,0.0570000000298023,0.0
2025-03-05,0.0570000000298023,0.0570000000298023,0.0570000000298023,0.0570000000298023,0.0
2025-03-06,0.0549999997019767,0.0579999983310699,0.0549999997019767,0.0579999983310699,75800.0
2025-03-07,0.0579999983310699,0.0579999983310699,0.0579999983310699,0.0579999983310699,0.0
2025-03-10,0.0579999983310699,0.0579999983310699,0.0579999983310699,0.0579999983310699,0.0
2025-03-11,0.0560000017285347,0.0560000017285347,0.0509999990463256,0.0549999997019767,339100.0
2025-03-12,0.0549999997019767,0.0549999997019767,0.0549999997019767,0.0549999997019767,0.0
2025-03-13,0.0549999997019767,0.0549999997019767,0.0549999997019767,0.0549999997019767,0.0
2025-03-14,0.0599999986588954,0.0599999986588954,0.0599999986588954,0.0599999986588954,50000.0
2025-03-17,0.0599999986588954,0.0599999986588954,0.0599999986588954,0.0599999986588954,0.0
2025-03-18,0.0599999986588954,0.0599999986588954,0.0599999986588954,0.0599999986588954,0.0
2025-03-19,0.061999998986721,0.061999998986721,0.061999998986721,0.061999998986721,120000.0
2025-03-20,0.061999998986721,0.061999998986721,0.061999998986721,0.061999998986721,0.0
2025-03-21,0.0630000010132789,0.0630000010132789,0.050000000745058,0.061999998986721,260000.0
2025-03-24,0.061999998986721,0.061999998986721,0.061999998986721,0.061999998986721,0.0
2025-03-25,0.061999998986721,0.061999998986721,0.061999998986721,0.061999998986721,0.0
2025-03-26,0.0549999997019767,0.0549999997019767,0.0549999997019767,0.0549999997019767,30000.0
2025-03-27,0.0549999997019767,0.0549999997019767,0.0549999997019767,0.0549999997019767,0.0
2025-03-28,0.0549999997019767,0.0549999997019767,0.0549999997019767,0.0549999997019767,0.0
2025-04-01,0.0570000000298023,0.0570000000298023,0.0570000000298023,0.0570000000298023,100000.0
2025-04-02,0.0570000000298023,0.0570000000298023,0.0570000000298023,0.0570000000298023,0.0
2025-04-03,0.0570000000298023,0.0570000000298023,0.0529999993741512,0.0529999993741512,10000.0
2025-04-04,0.0529999993741512,0.0529999993741512,0.0529999993741512,0.0529999993741512,0.0
2025-04-07,0.0529999993741512,0.0529999993741512,0.0529999993741512,0.0529999993741512,0.0
2025-04-08,0.0549999997019767,0.0549999997019767,0.0549999997019767,0.0549999997019767,100.0
2025-04-09,0.0399999991059303,0.0529999993741512,0.0399999991059303,0.0529999993741512,100100.0
2025-04-10,0.0529999993741512,0.0529999993741512,0.0529999993741512,0.0529999993741512,0.0
2025-04-11,0.0529999993741512,0.0529999993741512,0.0529999993741512,0.0529999993741512,0.0
2025-04-14,0.0529999993741512,0.0549999997019767,0.0529999993741512,0.0549999997019767,39800.0
2025-04-15,0.0549999997019767,0.0549999997019767,0.0549999997019767,0.0549999997019767,0.0
2025-04-16,0.0549999997019767,0.0549999997019767,0.0549999997019767,0.0549999997019767,0.0
2025-04-17,0.0410000011324882,0.0529999993741512,0.0410000011324882,0.0529999993741512,108000.0
2025-04-21,0.0529999993741512,0.0529999993741512,0.0529999993741512,0.0529999993741512,0.0
2025-04-22,0.0529999993741512,0.0529999993741512,0.0529999993741512,0.0529999993741512,0.0
2025-04-23,0.0529999993741512,0.0529999993741512,0.0529999993741512,0.0529999993741512,0.0
2025-04-24,0.0529999993741512,0.0529999993741512,0.0529999993741512,0.0529999993741512,0.0
2025-04-25,0.0529999993741512,0.0529999993741512,0.0529999993741512,0.0529999993741512,0.0
2025-04-28,0.0529999993741512,0.0529999993741512,0.0529999993741512,0.0529999993741512,0.0
2025-04-29,0.0529999993741512,0.0529999993741512,0.0529999993741512,0.0529999993741512,0.0
2025-04-30,0.0529999993741512,0.0529999993741512,0.0529999993741512,0.0529999993741512,0.0
2025-05-02,0.0529999993741512,0.0529999993741512,0.0529999993741512,0.0529999993741512,0.0
2025-05-05,0.0529999993741512,0.0529999993741512,0.0529999993741512,0.0529999993741512,0.0
2025-05-06,0.0529999993741512,0.0529999993741512,0.0529999993741512,0.0529999993741512,0.0
2025-05-07,0.0529999993741512,0.0529999993741512,0.0529999993741512,0.0529999993741512,0.0
2025-05-08,0.032999999821186,0.0590000003576278,0.032999999821186,0.0579999983310699,18200.0
2025-05-09,0.0579999983310699,0.0579999983310699,0.0579999983310699,0.0579999983310699,0.0
2025-05-13,0.0579999983310699,0.0579999983310699,0.0579999983310699,0.0579999983310699,0.0
2025-05-14,0.0489999987185001,0.0599999986588954,0.0489999987185001,0.0599999986588954,63000.0
2025-05-15,0.0599999986588954,0.0599999986588954,0.0599999986588954,0.0599999986588954,0.0
2025-05-16,0.0599999986588954,0.0599999986588954,0.0599999986588954,0.0599999986588954,0.0
2025-05-19,0.0599999986588954,0.0599999986588954,0.0599999986588954,0.0599999986588954,0.0
2025-05-20,0.0599999986588954,0.0599999986588954,0.0599999986588954,0.0599999986588954,0.0
2025-05-21,0.0599999986588954,0.0599999986588954,0.0599999986588954,0.0599999986588954,0.0
2025-05-22,0.0599999986588954,0.0599999986588954,0.0599999986588954,0.0599999986588954,0.0
2025-05-23,0.0599999986588954,0.0599999986588954,0.0599999986588954,0.0599999986588954,0.0
2025-05-26,0.0599999986588954,0.0599999986588954,0.0599999986588954,0.0599999986588954,0.0
2025-05-27,0.0599999986588954,0.0599999986588954,0.0599999986588954,0.0599999986588954,0.0
2025-05-28,0.0599999986588954,0.0599999986588954,0.0599999986588954,0.0599999986588954,0.0
2025-05-29,0.0599999986588954,0.0599999986588954,0.0599999986588954,0.0599999986588954,0.0
2025-05-30,0.0599999986588954,0.0599999986588954,0.0599999986588954,0.0599999986588954,0.0
2025-06-02,0.0599999986588954,0.0599999986588954,0.0599999986588954,0.0599999986588954,0.0
2025-06-03,0.0599999986588954,0.0599999986588954,0.0599999986588954,0.0599999986588954,0.0
2025-06-04,0.0599999986588954,0.0599999986588954,0.0599999986588954,0.0599999986588954,0.0
2025-06-05,0.0599999986588954,0.0599999986588954,0.0599999986588954,0.0599999986588954,0.0
2025-06-06,0.0599999986588954,0.0599999986588954,0.0599999986588954,0.0599999986588954,0.0
2025-06-09,0.0599999986588954,0.0599999986588954,0.0599999986588954,0.0599999986588954,0.0
2025-06-10,0.0599999986588954,0.0599999986588954,0.0599999986588954,0.0599999986588954,0.0
2025-06-11,0.0599999986588954,0.0599999986588954,0.0599999986588954,0.0599999986588954,0.0
2025-06-12,0.0599999986588954,0.0599999986588954,0.0599999986588954,0.0599999986588954,0.0
2025-06-13,0.0599999986588954,0.0599999986588954,0.0599999986588954,0.0599999986588954,0.0
2025-06-16,0.0599999986588954,0.0599999986588954,0.0599999986588954,0.0599999986588954,0.0
2025-06-17,0.0599999986588954,0.0599999986588954,0.0599999986588954,0.0599999986588954,0.0
2025-06-18,0.0599999986588954,0.0599999986588954,0.0599999986588954,0.0599999986588954,0.0
2025-06-19,0.0599999986588954,0.0599999986588954,0.0599999986588954,0.0599999986588954,0.0
2025-06-20,0.0599999986588954,0.0599999986588954,0.0599999986588954,0.0599999986588954,0.0
2025-06-23,0.0599999986588954,0.0599999986588954,0.0599999986588954,0.0599999986588954,0.0
2025-06-24,0.0599999986588954,0.0599999986588954,0.0599999986588954,0.0599999986588954,0.0
2025-06-25,0.0599999986588954,0.0599999986588954,0.0599999986588954,0.0599999986588954,0.0
2025-06-26,0.0599999986588954,0.0599999986588954,0.0599999986588954,0.0599999986588954,0.0
2025-06-27,0.0599999986588954,0.0599999986588954,0.0599999986588954,0.0599999986588954,0.0
2025-06-30,0.0599999986588954,0.0599999986588954,0.0599999986588954,0.0599999986588954,0.0
2025-07-01,0.0529999993741512,0.0549999997019767,0.0529999993741512,0.0549999997019767,17000.0
2025-07-02,0.0549999997019767,0.0549999997019767,0.0549999997019767,0.0549999997019767,0.0
2025-07-03,0.0549999997019767,0.0549999997019767,0.0549999997019767,0.0549999997019767,0.0
2025-07-04,0.0549999997019767,0.0549999997019767,0.0549999997019767,0.0549999997019767,0.0
2025-07-07,0.0549999997019767,0.0549999997019767,0.0549999997019767,0.0549999997019767,0.0
2025-07-08,0.0549999997019767,0.0549999997019767,0.0549999997019767,0.0549999997019767,0.0
2025-07-09,0.0549999997019767,0.0549999997019767,0.0549999997019767,0.0549999997019767,0.0
2025-07-10,0.0549999997019767,0.0549999997019767,0.0549999997019767,0.0549999997019767,0.0
2025-07-11,0.0549999997019767,0.0549999997019767,0.0549999997019767,0.0549999997019767,0.0
2025-07-14,0.0549999997019767,0.0549999997019767,0.0549999997019767,0.0549999997019767,0.0
2025-07-15,0.0549999997019767,0.0549999997019767,0.0549999997019767,0.0549999997019767,0.0
2025-07-16,0.0549999997019767,0.0549999997019767,0.0549999997019767,0.0549999997019767,0.0
2025-07-17,0.0549999997019767,0.0549999997019767,0.0549999997019767,0.0549999997019767,0.0
2025-07-18,0.0549999997019767,0.0549999997019767,0.0549999997019767,0.0549999997019767,0.0
2025-07-21,0.032999999821186,0.0520000010728836,0.032999999821186,0.0509999990463256,60200.0
2025-07-29,0.0410000011324882,0.050000000745058,0.0399999991059303,0.050000000745058,80100.0
2025-07-30,0.050000000745058,0.050000000745058,0.050000000745058,0.050000000745058,0.0
2025-09-24,0.0469999983906745,0.0509999990463256,0.0469999983906745,0.0509999990463256,246100.0
2025-09-25,0.0509999990463256,0.0509999990463256,0.0509999990463256,0.0509999990463256,0.0
2025-09-26,0.0509999990463256,0.0509999990463256,0.0509999990463256,0.0509999990463256,0.0
2025-09-29,0.0509999990463256,0.0509999990463256,0.0509999990463256,0.0509999990463256,0.0
2025-09-30,0.0509999990463256,0.0509999990463256,0.0509999990463256,0.0509999990463256,0.0
2025-10-14,0.0509999990463256,0.0560000017285347,0.0509999990463256,0.0560000017285347,177900.0
2025-10-15,0.0570000000298023,0.0570000000298023,0.0570000000298023,0.0570000000298023,156000.0
2025-10-16,0.0570000000298023,0.0570000000298023,0.0570000000298023,0.0570000000298023,0.0
2025-10-17,0.0570000000298023,0.0579999983310699,0.0570000000298023,0.0579999983310699,110000.0
2025-10-21,0.0579999983310699,0.0579999983310699,0.0579999983310699,0.0579999983310699,0.0
2025-10-22,0.0579999983310699,0.0579999983310699,0.0579999983310699,0.0579999983310699,0.0
2025-10-23,0.0570000000298023,0.0570000000298023,0.0570000000298023,0.0570000000298023,100000.0
2025-10-24,0.0570000000298023,0.0570000000298023,0.0570000000298023,0.0570000000298023,150000.0
2025-10-27,0.0570000000298023,0.0570000000298023,0.0570000000298023,0.0570000000298023,0.0
2025-10-28,0.0570000000298023,0.0570000000298023,0.0570000000298023,0.0570000000298023,0.0
2025-10-29,0.0570000000298023,0.0570000000298023,0.0570000000298023,0.0570000000298023,0.0
2025-10-30,0.0570000000298023,0.0570000000298023,0.0570000000298023,0.0570000000298023,0.0
2025-10-31,0.0570000000298023,0.0570000000298023,0.0570000000298023,0.0570000000298023,0.0
2025-11-03,0.0570000000298023,0.0570000000298023,0.0570000000298023,0.0570000000298023,0.0
2025-11-04,0.0570000000298023,0.0570000000298023,0.0570000000298023,0.0570000000298023,0.0
2025-11-05,0.0570000000298023,0.0570000000298023,0.0570000000298023,0.0570000000298023,0.0
2025-11-06,0.0570000000298023,0.0570000000298023,0.0570000000298023,0.0570000000298023,0.0
2025-11-07,0.0570000000298023,0.0570000000298023,0.0570000000298023,0.0570000000298023,0.0
2025-11-10,0.0570000000298023,0.0570000000298023,0.0570000000298023,0.0570000000298023,0.0
2025-11-11,0.0570000000298023,0.0570000000298023,0.0570000000298023,0.0570000000298023,0.0
2025-12-10,0.0469999983906745,0.0560000017285347,0.0469999983906745,0.0560000017285347,656500.0
2025-12-11,0.0560000017285347,0.0560000017285347,0.0560000017285347,0.0560000017285347,0.0
2025-12-12,0.0529999993741512,0.061999998986721,0.0520000010728836,0.061999998986721,204900.0
2025-12-15,0.061999998986721,0.061999998986721,0.061999998986721,0.061999998986721,0.0
2025-12-16,0.0590000003576278,0.0590000003576278,0.0590000003576278,0.0590000003576278,20000.0
2025-12-17,0.0590000003576278,0.0590000003576278,0.0590000003576278,0.0590000003576278,0.0
2025-12-18,0.0590000003576278,0.0590000003576278,0.0590000003576278,0.0590000003576278,0.0
2025-12-19,0.0590000003576278,0.0630000010132789,0.0590000003576278,0.0630000010132789,192400.0
2025-12-22,0.0630000010132789,0.0630000010132789,0.0630000010132789,0.0630000010132789,0.0
2025-12-23,0.0630000010132789,0.0630000010132789,0.0630000010132789,0.0630000010132789,0.0
2025-12-24,0.0630000010132789,0.0630000010132789,0.0630000010132789,0.0630000010132789,0.0
2025-12-26,0.0630000010132789,0.0630000010132789,0.0630000010132789,0.0630000010132789,150000.0
2025-12-29,0.0630000010132789,0.0630000010132789,0.0630000010132789,0.0630000010132789,0.0
2025-12-30,0.0509999990463256,0.0630000010132789,0.0509999990463256,0.0630000010132789,221000.0
2025-12-31,0.0630000010132789,0.0630000010132789,0.0630000010132789,0.0630000010132789,0.0
2026-01-02,0.0630000010132789,0.0630000010132789,0.0630000010132789,0.0630000010132789,0.0
2026-01-05,0.0630000010132789,0.0630000010132789,0.0630000010132789,0.0630000010132789,0.0
2026-01-06,0.0630000010132789,0.0630000010132789,0.0630000010132789,0.0630000010132789,0.0
2026-01-07,0.0630000010132789,0.0630000010132789,0.0630000010132789,0.0630000010132789,0.0
2026-01-08,0.0590000003576278,0.0590000003576278,0.0590000003576278,0.0590000003576278,40000.0
2026-01-09,0.0590000003576278,0.0590000003576278,0.0590000003576278,0.0590000003576278,0.0
2026-01-12,0.0590000003576278,0.0590000003576278,0.0590000003576278,0.0590000003576278,0.0
2026-01-13,0.0590000003576278,0.0590000003576278,0.0590000003576278,0.0590000003576278,0.0
2026-01-14,0.0590000003576278,0.0590000003576278,0.0590000003576278,0.0590000003576278,0.0
2026-01-15,0.0590000003576278,0.0590000003576278,0.0590000003576278,0.0590000003576278,0.0
2026-01-16,0.0590000003576278,0.0590000003576278,0.0590000003576278,0.0590000003576278,0.0
2026-01-19,0.0590000003576278,0.0590000003576278,0.0590000003576278,0.0590000003576278,0.0
2026-01-20,0.0590000003576278,0.0590000003576278,0.0590000003576278,0.0590000003576278,0.0
2026-01-21,0.0590000003576278,0.0590000003576278,0.0590000003576278,0.0590000003576278,0.0
2026-01-22,0.0590000003576278,0.0590000003576278,0.0590000003576278,0.0590000003576278,0.0
2026-01-23,0.0590000003576278,0.0590000003576278,0.0590000003576278,0.0590000003576278,0.0
2026-01-26,0.0590000003576278,0.0590000003576278,0.0590000003576278,0.0590000003576278,0.0
2026-01-27,0.0590000003576278,0.0590000003576278,0.0590000003576278,0.0590000003576278,0.0
2026-01-28,0.0590000003576278,0.0590000003576278,0.0590000003576278,0.0590000003576278,0.0
2026-01-29,0.0590000003576278,0.0590000003576278,0.0590000003576278,0.0590000003576278,0.0
2026-01-30,0.0590000003576278,0.0590000003576278,0.0590000003576278,0.0590000003576278,0.0
2026-02-02,0.0590000003576278,0.0590000003576278,0.0590000003576278,0.0590000003576278,0.0
2026-02-03,0.0590000003576278,0.0590000003576278,0.0590000003576278,0.0590000003576278,0.0
2026-02-04,0.0590000003576278,0.0590000003576278,0.0590000003576278,0.0590000003576278,0.0
2026-02-05,0.0590000003576278,0.0590000003576278,0.0590000003576278,0.0590000003576278,0.0
2026-02-06,0.0590000003576278,0.0590000003576278,0.0590000003576278,0.0590000003576278,0.0
2026-02-09,0.0590000003576278,0.0590000003576278,0.0590000003576278,0.0590000003576278,0.0
2026-02-10,0.0590000003576278,0.0590000003576278,0.0590000003576278,0.0590000003576278,0.0
2026-02-11,0.0590000003576278,0.0590000003576278,0.0590000003576278,0.0590000003576278,0.0
2026-02-12,0.0590000003576278,0.0590000003576278,0.0590000003576278,0.0590000003576278,0.0
2026-02-13,0.0399999991059303,0.050000000745058,0.0399999991059303,0.050000000745058,10200.0
2026-02-16,0.050000000745058,0.050000000745058,0.050000000745058,0.050000000745058,0.0
2026-06-08,0.0469999983906745,0.0509999990463256,0.0469999983906745,0.0509999990463256,233100.0
2026-06-09,0.0509999990463256,0.0549999997019767,0.0509999990463256,0.0529999993741512,34600.0
2026-06-10,0.0549999997019767,0.0599999986588954,0.0549999997019767,0.0570000000298023,359400.0
2026-06-11,0.0570000000298023,0.0570000000298023,0.0570000000298023,0.0570000000298023,0.0
2026-06-12,0.0570000000298023,0.0570000000298023,0.0570000000298023,0.0570000000298023,0.0
2026-06-15,0.0590000003576278,0.061999998986721,0.0590000003576278,0.0610000006854534,411300.0
2026-06-16,0.0610000006854534,0.0610000006854534,0.0610000006854534,0.0610000006854534,0.0
2026-06-17,0.0610000006854534,0.0610000006854534,0.0610000006854534,0.0610000006854534,0.0
2026-06-18,0.0610000006854534,0.0610000006854534,0.0610000006854534,0.0610000006854534,0.0
2026-06-19,0.0579999983310699,0.0579999983310699,0.0560000017285347,0.0560000017285347,62000.0
2026-06-22,0.0560000017285347,0.0560000017285347,0.0560000017285347,0.0560000017285347,0.0
2026-06-23,0.0560000017285347,0.0560000017285347,0.0560000017285347,0.0560000017285347,0.0
2026-06-24,0.0560000017285347,0.0560000017285347,0.0560000017285347,0.0560000017285347,0.0
2026-06-25,0.0560000017285347,0.0560000017285347,0.0560000017285347,0.0560000017285347,0.0
2026-06-26,0.0560000017285347,0.0560000017285347,0.0560000017285347,0.0560000017285347,0.0
2026-06-29,0.0560000017285347,0.0560000017285347,0.0560000017285347,0.0560000017285347,0.0
2026-06-30,0.0560000017285347,0.0560000017285347,0.0560000017285347,0.0560000017285347,0.0
2026-07-01,0.0560000017285347,0.0560000017285347,0.0560000017285347,0.0560000017285347,0.0
2026-07-02,0.0560000017285347,0.0560000017285347,0.0560000017285347,0.0560000017285347,0.0
2026-07-03,0.0560000017285347,0.0560000017285347,0.0560000017285347,0.0560000017285347,0.0
2026-07-06,0.0560000017285347,0.0560000017285347,0.0560000017285347,0.0560000017285347,0.0
2026-07-07,0.0560000017285347,0.0560000017285347,0.0560000017285347,0.0560000017285347,0.0
2026-07-08,0.0560000017285347,0.0560000017285347,0.0560000017285347,0.0560000017285347,0.0
2026-07-09,0.0560000017285347,0.0560000017285347,0.0560000017285347,0.0560000017285347,0.0
2026-07-10,0.0560000017285347,0.0560000017285347,0.0560000017285347,0.0560000017285347,0.0
2026-07-13,0.0560000017285347,0.0560000017285347,0.0560000017285347,0.0560000017285347,0.0
2026-07-14,0.0560000017285347,0.0560000017285347,0.0560000017285347,0.0560000017285347,0.0
2026-07-15,0.0560000017285347,0.0560000017285347,0.0560000017285347,0.0560000017285347,0.0
2026-07-16,0.0560000017285347,0.0560000017285347,0.0560000017285347,0.0560000017285347,0.0
2026-07-17,0.0560000017285347,0.0560000017285347,0.0560000017285347,0.0560000017285347,0.0
2026-07-20,0.0560000017285347,0.0560000017285347,0.0560000017285347,0.0560000017285347,0.0
2026-07-21,0.0560000017285347,0.0560000017285347,0.0560000017285347,0.0560000017285347,0.0
2026-07-22,0.0560000017285347,0.0560000017285347,0.0560000017285347,0.0560000017285347,0.0
2026-07-23,0.0560000017285347,0.0560000017285347,0.0560000017285347,0.0560000017285347,0.0
2026-07-24,0.0560000017285347,0.0560000017285347,0.0560000017285347,0.0560000017285347,0.0
2026-07-27,0.0560000017285347,0.0560000017285347,0.0560000017285347,0.0560000017285347,0.0
2026-07-28,0.0560000017285347,0.0560000017285347,0.0560000017285347,0.0560000017285347,0.0
2026-07-29,0.0560000017285347,0.0560000017285347,0.0560000017285347,0.0560000017285347,0.0
2026-07-30,0.0560000017285347,0.0560000017285347,0.0560000017285347,0.0560000017285347,0.0
2026-07-31,0.0560000017285347,0.0560000017285347,0.0560000017285347,0.0560000017285347,0.0
2026-08-24,0.050000000745058,0.0529999993741512,0.050000000745058,0.050000000745058,238300.0
2026-08-25,0.0529999993741512,0.0529999993741512,0.0520000010728836,0.0529999993741512,90000.0
2026-08-26,0.0529999993741512,0.0529999993741512,0.0529999993741512,0.0529999993741512,0.0
2026-08-27,0.0529999993741512,0.0529999993741512,0.0529999993741512,0.0529999993741512,0.0
2026-08-28,0.0529999993741512,0.0529999993741512,0.0529999993741512,0.0529999993741512,0.0
2026-09-03,0.0469999983906745,0.0529999993741512,0.0469999983906745,0.0529999993741512,189800.0
2026-09-04,0.0489999987185001,0.050000000745058,0.0489999987185001,0.050000000745058,70000.0
2026-09-07,0.050000000745058,0.050000000745058,0.050000000745058,0.050000000745058,0.0
2026-09-08,0.050000000745058,0.050000000745058,0.050000000745058,0.050000000745058,0.0
2026-09-09,0.050000000745058,0.050000000745058,0.050000000745058,0.050000000745058,0.0
2026-09-10,0.050000000745058,0.050000000745058,0.050000000745058,0.050000000745058,0.0
2026-09-11,0.050000000745058,0.050000000745058,0.050000000745058,0.050000000745058,0.0
2026-09-14,0.050000000745058,0.050000000745058,0.050000000745058,0.050000000745058,0.0
