date,open,high,low,close,volume
2016-10-03,0.3556672235991113,0.3758469355317927,0.3556672235991113,0.3708020150661468,450600.0
2016-10-04,0.3708020117085962,0.3708020117085962,0.3556672203786037,0.3607121407985687,257000.0
2016-10-05,0.3607121023706075,0.3657570523232133,0.3531447225468403,0.3581896424293518,358700.0
2016-10-06,0.3556672282992164,0.3682795597000995,0.3506223077669024,0.3632346391677856,447200.0
2016-10-07,0.3581896424293517,0.3657570523232133,0.355667182488096,0.3581896424293518,196400.0
2016-10-10,0.3531447350978851,0.360712115190603,0.3506222750669792,0.3531447350978851,149000.0
2016-10-11,0.3531447601686212,0.3657570912886312,0.3531447601686212,0.3607121407985687,150900.0
2016-10-12,0.3632346849359152,0.3808919090238516,0.3632346849359152,0.3682796061038971,486700.0
2016-10-13,0.3682795253534164,0.3682795253534164,0.3506222750669792,0.3531447350978851,1050200.0
2016-10-14,0.3531447350978851,0.3556671951287911,0.3480998150360732,0.3531447350978851,109700.0
2016-10-17,0.3531447663137227,0.3531447663137227,0.3354875445365906,0.3354875445365906,56800.0
2016-10-18,0.3430549420474114,0.3506223231785065,0.3405324816703796,0.3405324816703796,187600.0
2016-10-19,0.3480998371150881,0.3480998371150881,0.332965075969696,0.332965075969696,132300.0
2016-10-20,0.332965075969696,0.3380099963514933,0.332965075969696,0.332965075969696,63200.0
2016-10-21,0.3329650592318747,0.3329650592318747,0.3279201090335846,0.3279201090335846,47800.0
2016-10-24,0.3228751846297157,0.3228751846297157,0.3178302645683288,0.3178302645683288,2000.0
2016-10-25,0.3153078474128796,0.3153078474128796,0.3127853870391845,0.3127853870391845,13000.0
2016-10-26,0.3077404499053954,0.3077404499053954,0.3077404499053954,0.3077404499053955,16000.0
2016-10-27,0.3178303005060789,0.3380100131034851,0.3178303005060789,0.3380100131034851,22100.0
2016-10-28,0.3178303005060789,0.3380100131034851,0.3178303005060789,0.3380100131034851,15100.0
2016-10-31,0.3380100131034851,0.3380100131034851,0.3380100131034851,0.3380100131034851,0.0
2016-11-01,0.3430549167332907,0.3430549167332907,0.3178302847542066,0.332965075969696,38100.0
2016-11-02,0.3354875445365906,0.3354875445365906,0.3203527529432363,0.3354875445365906,21000.0
2016-11-03,0.3354875361605947,0.3354875361605947,0.3178302847542066,0.332965075969696,34700.0
2016-11-04,0.3380099963514933,0.3380099963514933,0.3228752051360039,0.332965075969696,5000.0
2016-11-07,0.3178302645683288,0.330442564721796,0.3178302645683288,0.3178302645683288,25000.0
2016-11-08,0.3279201492813549,0.3279201492813549,0.3102629266654895,0.3127853870391845,15900.0
2016-11-09,0.3279200958134537,0.3279200958134537,0.3026954961894148,0.3153077960014343,162400.0
2016-11-10,0.3127853360390304,0.3203527159262421,0.3026954961894148,0.3153077960014343,63000.0
2016-11-11,0.3052179863436847,0.3077404465556079,0.2976505756378174,0.2976505756378174,108500.0
2016-11-14,0.2976505756378174,0.2976505756378174,0.2976505756378174,0.2976505756378174,0.0
2016-11-15,0.3077404499053954,0.3077404499053954,0.3077404499053954,0.3077404499053955,22000.0
2016-11-16,0.3253976627029658,0.3253976627029658,0.305217981338501,0.305217981338501,160100.0
2016-11-17,0.3127853870391845,0.3127853870391845,0.3127853870391845,0.3127853870391845,55000.0
2016-11-18,0.3127853360390304,0.3279200958134537,0.3127853360390304,0.3153077960014343,95100.0
2016-11-21,0.3127853870391845,0.3127853870391845,0.3127853870391845,0.3127853870391845,8000.0
2016-11-22,0.3228751846297157,0.3253976446604092,0.3127853445069419,0.3178302645683288,91100.0
2016-11-23,0.3153077960014343,0.3153077960014343,0.3153077960014343,0.3153077960014343,2000.0
2016-11-24,0.3178303026049744,0.3203527629375458,0.3127853819398318,0.3203527629375458,29900.0
2016-11-25,0.3127853870391845,0.3127853870391845,0.3127853870391845,0.3127853870391845,10000.0
2016-11-28,0.3127853870391845,0.3127853870391845,0.3026955455444042,0.3127853870391845,17500.0
2016-11-29,0.3178302645683288,0.3178302645683288,0.3178302645683288,0.3178302645683288,55000.0
2016-11-30,0.3026955375510388,0.3127853787793738,0.2976505868667725,0.31026291847229,64500.0
2016-12-01,0.3153078132745499,0.3279201137774934,0.3026955127716065,0.3026955127716064,73300.0
2016-12-02,0.3026955127716065,0.3026955127716065,0.3026955127716065,0.3026955127716064,10000.0
2016-12-05,0.3026955127716065,0.3026955127716065,0.3026955127716065,0.3026955127716064,0.0
2016-12-06,0.2951281154258942,0.3026955261317615,0.2951281154258942,0.2976505756378174,122300.0
2016-12-07,0.2976505756378174,0.2976505756378174,0.2976505756378174,0.2976505756378174,0.0
2016-12-08,0.287560722097978,0.3026955127716065,0.259813630921406,0.3026955127716064,1800.0
2016-12-09,0.3026955127716065,0.3026955127716065,0.3026955127716065,0.3026955127716064,0.0
2016-12-12,0.2774708867073059,0.2774708867073059,0.2774708867073059,0.2774708867073059,43100.0
2016-12-13,0.2774708913746849,0.2774708913746849,0.2699035108089447,0.2699035108089447,250000.0
2016-12-14,0.2749484396419961,0.2951281217712521,0.2724259793758392,0.2724259793758392,25200.0
2016-12-15,0.2976505756378174,0.2976505756378174,0.2976505756378174,0.2976505756378174,100.0
2016-12-16,0.2976505756378174,0.2976505756378174,0.2976505756378174,0.2976505756378174,0.0
2016-12-19,0.2724259627339555,0.2724259627339555,0.2572911719914653,0.2673810124397278,66100.0
2016-12-20,0.2623361051082611,0.267381025580328,0.2623361051082611,0.2623361051082611,122000.0
2016-12-21,0.2673810124397278,0.2673810124397278,0.2572911719914653,0.2673810124397278,49800.0
2016-12-22,0.2673810124397278,0.2673810124397278,0.2623360922155965,0.2673810124397278,49200.0
2016-12-23,0.2673809863364703,0.2673809863364703,0.2598136067390442,0.2598136067390442,52600.0
2016-12-27,0.2724259793758392,0.2724259793758392,0.259813647974956,0.2724259793758392,127100.0
2016-12-28,0.2724259540375593,0.2724259540375593,0.2648585438728332,0.2648585438728332,20100.0
2016-12-29,0.2724259627339555,0.2724259627339555,0.2598136321035309,0.2673810124397278,62100.0
2016-12-30,0.2724259361381812,0.2724259361381812,0.2598136067390442,0.2598136067390442,20200.0
2017-01-03,0.2774708867073059,0.2774708867073059,0.2774708867073059,0.2774708867073059,1600.0
2017-01-04,0.2774708780967956,0.2926056385040283,0.2673810077552113,0.2926056385040283,184500.0
2017-01-05,0.282515811751845,0.282515811751845,0.2699035108089447,0.2699035108089447,13000.0
2017-01-06,0.2699035108089447,0.2699035108089447,0.2699035108089447,0.2699035108089447,0.0
2017-01-09,0.2673810205502672,0.2926056525061654,0.2673810205502672,0.2699035108089447,51000.0
2017-01-10,0.2926056385040283,0.2926056385040283,0.2926056385040283,0.2926056385040283,100.0
2017-01-11,0.2926056385040283,0.2926056385040283,0.2926056385040283,0.2926056385040283,100.0
2017-01-12,0.2724259579610514,0.2926056385040283,0.2724259579610514,0.2926056385040283,2100.0
2017-01-13,0.2926056385040283,0.2926056385040283,0.2926056385040283,0.2926056385040283,0.0
2017-01-16,0.2900832012389381,0.2900832012389381,0.2724259793758392,0.2724259793758392,22100.0
2017-01-17,0.2724259627339555,0.2724259627339555,0.252246251767334,0.2673810124397278,20000.0
2017-01-18,0.2926056385040283,0.2926056385040283,0.2900831784361562,0.2926056385040283,1100.0
2017-01-19,0.2926056385040283,0.2926056385040283,0.2926056385040283,0.2926056385040283,0.0
2017-01-20,0.2926056385040283,0.2926056385040283,0.2926056385040283,0.2926056385040283,0.0
2017-01-23,0.2825158238410949,0.2825158238410949,0.2825158238410949,0.2825158238410949,3000.0
2017-01-24,0.2875607272919035,0.2875607272919035,0.2749484265611565,0.2774708867073059,115100.0
2017-01-25,0.2875607183682841,0.2926056385040283,0.2749484180289235,0.2926056385040283,367000.0
2017-01-26,0.2900831950020477,0.2976505756378174,0.2900831950020477,0.2976505756378174,150000.0
2017-01-27,0.2976505756378174,0.2976505756378174,0.2951281154258942,0.2976505756378174,15000.0
2017-01-31,0.2976505756378174,0.2976505756378174,0.2976505756378174,0.2976505756378174,800.0
2017-02-01,0.2799933417962119,0.3127853531739613,0.2799933417962119,0.3026955127716064,128900.0
2017-02-02,0.3001731634140014,0.3026956244452025,0.3001731634140014,0.3001731634140014,80000.0
2017-02-03,0.2926056422991553,0.3077404329727838,0.2926056422991553,0.3026955127716064,100000.0
2017-02-06,0.3077404689195137,0.3077404689195137,0.2951281368732452,0.2951281368732452,13800.0
2017-02-07,0.2951281105861714,0.3077404415090591,0.2951281105861714,0.305217981338501,74700.0
2017-02-08,0.3077404499053954,0.3077404499053954,0.2976505788777757,0.3077404499053955,89600.0
2017-02-09,0.3001730851707092,0.3127853870391845,0.3001730851707092,0.3127853870391845,25400.0
2017-02-10,0.3077404285208076,0.3279201090335846,0.3001730483285162,0.3279201090335846,76300.0
2017-02-13,0.3102629088937551,0.327920130498222,0.3102629088937551,0.3253976702690124,20000.0
2017-02-14,0.3077404285208076,0.338009979360069,0.3077404285208076,0.3279201090335846,45600.0
2017-02-15,0.3329650913061426,0.3329650913061426,0.31026291847229,0.31026291847229,60200.0
2017-02-16,0.3203527681602697,0.3203527681602697,0.3102629266654895,0.3127853870391845,17600.0
2017-02-17,0.3102629266654895,0.3127853870391845,0.3077404662917944,0.3127853870391845,47100.0
2017-02-20,0.3127853870391845,0.3127853870391845,0.3127853870391845,0.3127853870391845,80000.0
2017-02-21,0.3127853870391845,0.3127853870391845,0.3127853870391845,0.3127853870391845,0.0
2017-02-22,0.3279201228735238,0.3279201228735238,0.305217981338501,0.305217981338501,43700.0
2017-02-23,0.3178302645683288,0.3178302645683288,0.3102628844762485,0.3178302645683288,5200.0
2017-02-24,0.3178302895813837,0.327920130498222,0.3127853691229646,0.3253976702690124,148000.0
2017-02-27,0.3279201255178013,0.340532456542392,0.3279201255178013,0.332965075969696,497200.0
2017-02-28,0.3329650677995797,0.3329650677995797,0.3279201174714752,0.3304425776004791,565100.0
2017-03-01,0.3329650842827145,0.3405324650443426,0.3329650842827145,0.3354875445365906,273400.0
2017-03-02,0.3455773972296274,0.3607121592643079,0.3354875558731738,0.3480998575687408,930600.0
2017-03-03,0.3480998475007454,0.3783694007647275,0.3480998475007454,0.3632346391677856,1063700.0
2017-03-06,0.3708019853843223,0.3708019853843223,0.3531447350978851,0.3531447350978851,463000.0
2017-03-07,0.3607121407985686,0.3632346310786488,0.3531447601686212,0.3607121407985687,188000.0
2017-03-08,0.3632346610508599,0.3884592652320862,0.3632346610508599,0.3884592652320862,1192800.0
2017-03-09,0.4010715615154051,0.418728782862757,0.3783693897129979,0.3960266411304474,1715200.0
2017-03-10,0.4010715277491992,0.4288186176005369,0.3985490677690861,0.4212512075901031,1247300.0
2017-03-13,0.4288187026977538,0.4389085446204913,0.4237737516662843,0.4288187026977539,770400.0
2017-03-14,0.4237736463546752,0.4237736463546752,0.4212511865008451,0.4237736463546753,1115900.0
2017-03-15,0.4212511865008451,0.4237736463546752,0.4212511865008451,0.4237736463546753,410600.0
2017-03-16,0.4288185961324289,0.4288185961324289,0.4237736463546752,0.4237736463546753,558700.0
2017-03-17,0.4212512831950851,0.4262962341308594,0.4212512831950851,0.4262962341308594,465900.0
2017-03-20,0.4262962265151034,0.4515208303928375,0.4237737360572302,0.4515208303928375,594600.0
2017-03-21,0.4540432382070004,0.5095374204525505,0.4540432382070004,0.4893577396869659,1713400.0
2017-03-22,0.4691780251169047,0.4969251160188292,0.4691780251169047,0.4792678654193878,541600.0
2017-03-23,0.4792678783755432,0.4792678783755432,0.4717004979441102,0.4742229580879211,300600.0
2017-03-24,0.474222845171126,0.491880092043548,0.474222845171126,0.4843126833438873,752700.0
2017-03-27,0.4868352507521759,0.4868352507521759,0.4540432393550873,0.4540432393550873,344900.0
2017-03-28,0.4691780300376416,0.4691780300376416,0.4464758590488583,0.4540432393550873,188200.0
2017-03-29,0.4540432825095897,0.4540432825095897,0.4363860601168263,0.448998361825943,165800.0
2017-03-30,0.4515207576633618,0.4515207576633618,0.4338635377931147,0.4389084577560425,56200.0
2017-03-31,0.4363860704306614,0.441430991233543,0.4212512779519166,0.4338636100292206,134700.0
2017-04-03,0.4313410687352301,0.4338635286636155,0.4162062790948231,0.4187287390232086,277100.0
2017-04-04,0.4288186920228353,0.4288186920228353,0.4162063598632812,0.4162063598632812,98200.0
2017-04-05,0.4136838191664377,0.4262961488784592,0.4035939794528959,0.4187287390232086,216800.0
2017-04-06,0.4162063216805448,0.4162063216805448,0.4136838614940643,0.4136838614940643,53600.0
2017-04-07,0.4162063521462714,0.4439534462987028,0.4162063521462714,0.4414309859275818,209400.0
2017-04-10,0.4414310768709034,0.4666557158489762,0.4389086159801067,0.4616107940673828,618200.0
2017-04-11,0.4641331539469823,0.4691780746306289,0.4439534411422963,0.448998361825943,163200.0
2017-04-12,0.4439533777189702,0.4439533777189702,0.4389084577560424,0.4389084577560425,73500.0
2017-04-13,0.4338636236591226,0.4338636236591226,0.4288187026977538,0.4288187026977539,268500.0
2017-04-17,0.4313411549965334,0.4313411549965334,0.4237737436279221,0.4262962341308594,238400.0
2017-04-18,0.4288186945636964,0.4389085362950444,0.4262962341308594,0.4262962341308594,342800.0
2017-04-19,0.4338636128586168,0.4338636128586168,0.4162063598632812,0.4162063598632812,111400.0
2017-04-20,0.4212511865008451,0.4288185961324289,0.4212511865008451,0.4237736463546753,89300.0
2017-04-21,0.4237736463546752,0.4237736463546752,0.4237736463546752,0.4237736463546753,0.0
2017-04-24,0.4288186178301869,0.4389084577560424,0.4288186178301869,0.4389084577560425,73000.0
2017-04-25,0.4389084577560424,0.4389084577560424,0.4389084577560424,0.4389084577560425,10000.0
2017-04-26,0.4389085284539705,0.4515208303928375,0.4389085284539705,0.4515208303928375,174400.0
2017-04-27,0.4515207796160989,0.4515207796160989,0.4363860189914704,0.4363860189914703,105200.0
2017-04-28,0.4489983062992765,0.4590881764888763,0.4489983062992765,0.4590881764888763,156500.0
2017-05-02,0.4489983235837055,0.4489983235837055,0.4464758634567261,0.4464758634567261,26800.0
2017-05-03,0.448998361825943,0.448998361825943,0.448998361825943,0.448998361825943,14100.0
2017-05-04,0.441430980800473,0.448998361825943,0.441430980800473,0.448998361825943,36000.0
2017-05-05,0.4414309177375063,0.4414309177375063,0.4389084577560424,0.4389084577560425,15000.0
2017-05-08,0.4540432393550873,0.4540432393550873,0.4540432393550873,0.4540432393550873,11600.0
2017-05-09,0.451520779253011,0.4540432393550873,0.451520779253011,0.4540432393550873,722700.0
2017-05-11,0.4643623828887939,0.4643623828887939,0.4643623828887939,0.4643623828887939,0.0
2017-05-12,0.4643623828887939,0.4643623828887939,0.4643623828887939,0.4643623828887939,0.0
2017-05-15,0.4334049391707847,0.443724125623703,0.4308251502459325,0.443724125623703,54100.0
2017-05-16,0.4488837034734072,0.4488837034734072,0.443724125623703,0.443724125623703,305000.0
2017-05-17,0.4437241085409969,0.4437241085409969,0.4205059783576808,0.4334049224853515,77600.0
2017-05-18,0.4205059756451147,0.4205059756451147,0.3895484791848942,0.3972878456115722,158800.0
2017-05-19,0.4076070514029207,0.4127666292713675,0.3972878649125174,0.3998676538467407,1120100.0
2017-05-22,0.4024474505793541,0.4050272703170776,0.4024474505793541,0.4050272703170776,29400.0
2017-05-23,0.4024474024772644,0.4024474024772644,0.4024474024772644,0.4024474024772644,20000.0
2017-05-24,0.3998676309302323,0.4127666056156158,0.3998676309302323,0.4127666056156158,26700.0
2017-05-25,0.4076070514029207,0.4101868403371441,0.3998676538467408,0.3998676538467407,75100.0
2017-05-26,0.3998676538467408,0.4024474427809641,0.3972878649125174,0.3998676538467407,62400.0
2017-05-29,0.3998676538467408,0.3998676538467408,0.3998676538467408,0.3998676538467407,30000.0
2017-05-30,0.3998676538467408,0.3998676538467408,0.3998676538467408,0.3998676538467407,10000.0
2017-05-31,0.3998676138013978,0.4024474024772644,0.3998676138013978,0.4024474024772644,10000.0
2017-06-01,0.4024474024772644,0.4024474024772644,0.4024474024772644,0.4024474024772644,46000.0
2017-06-02,0.4076070593012906,0.4127666372697166,0.4050272703170776,0.4050272703170776,85500.0
2017-06-05,0.4024474024772644,0.4024474024772644,0.4024474024772644,0.4024474024772644,100.0
2017-06-06,0.4127666031900455,0.4334049133597675,0.4127666031900455,0.428245335817337,3876900.0
2017-06-07,0.4282453802575835,0.4282453802575835,0.4101868569850921,0.4101868569850921,41100.0
2017-06-08,0.4101868569850921,0.4101868569850921,0.4101868569850921,0.4101868569850921,0.0
2017-06-09,0.4050272598324914,0.4179262044196528,0.4050272598324914,0.4076070487499237,28000.0
2017-06-12,0.4076070105825043,0.4076070105825043,0.4024474024772644,0.4024474024772644,25000.0
2017-06-13,0.4050272703170776,0.4050272703170776,0.4024474505793541,0.4050272703170776,95000.0
2017-06-14,0.3972878456115722,0.4024474232293575,0.3972878456115722,0.3972878456115722,97000.0
2017-06-15,0.3998676538467408,0.3998676538467408,0.3998676538467408,0.3998676538467407,2000.0
2017-06-16,0.3998676538467408,0.3998676538467408,0.3998676538467408,0.3998676538467407,0.0
2017-06-19,0.3998676538467408,0.4024474427809641,0.3998676538467408,0.3998676538467407,23700.0
2017-06-20,0.4076070514029207,0.4076070514029207,0.3998676538467408,0.3998676538467407,22000.0
2017-06-21,0.3998676138013978,0.4024474024772644,0.3998676138013978,0.4024474024772644,30000.0
2017-06-22,0.4024474024772644,0.4024474024772644,0.4024474024772644,0.4024474024772644,0.0
2017-06-23,0.3947080776912996,0.3947080776912996,0.3921282887458801,0.3921282887458801,55000.0
2017-06-27,0.3611707683810983,0.4127666056156158,0.3611707683810983,0.4127666056156158,1600.0
2017-06-28,0.4127666056156158,0.4127666056156158,0.4127666056156158,0.4127666056156158,0.0
2017-06-29,0.4127666056156158,0.4127666056156158,0.4127666056156158,0.4127666056156158,0.0
2017-06-30,0.4127666056156158,0.4127666056156158,0.4127666056156158,0.4127666056156158,0.0
2017-07-03,0.4127666056156158,0.4127666056156158,0.4127666056156158,0.4127666056156158,0.0
2017-07-04,0.4127666056156158,0.4127666056156158,0.4127666056156158,0.4127666056156158,0.0
2017-07-05,0.4127666056156158,0.4127666056156158,0.4127666056156158,0.4127666056156158,0.0
2017-07-06,0.4076070105825043,0.4127665879342374,0.4024474024772644,0.4024474024772644,48300.0
2017-07-07,0.4024474024772644,0.4024474024772644,0.4024474024772644,0.4024474024772644,0.0
2017-07-10,0.4024474024772644,0.4024474024772644,0.4024474024772644,0.4024474024772644,0.0
2017-07-11,0.4024474024772644,0.4024474024772644,0.4024474024772644,0.4024474024772644,0.0
2017-07-12,0.4024474024772644,0.4024474024772644,0.4024474024772644,0.4024474024772644,0.0
2017-07-13,0.4024474024772644,0.4024474024772644,0.4024474024772644,0.4024474024772644,0.0
2017-07-14,0.363750593190376,0.394708092446164,0.363750593190376,0.3740697801113128,27800.0
2017-07-17,0.3818090654941386,0.392128219452303,0.3663303038033874,0.3869686424732208,45700.0
2017-07-18,0.3895484629850869,0.3895484629850869,0.3663303339170963,0.371489942073822,112500.0
2017-07-19,0.3714899115359742,0.3869686424732208,0.3714899115359742,0.3869686424732208,152900.0
2017-07-20,0.3869686424732208,0.3869686424732208,0.3869686424732208,0.3869686424732208,0.0
2017-07-21,0.3869686424732208,0.3869686424732208,0.3869686424732208,0.3869686424732208,0.0
2017-07-24,0.3869686424732208,0.3869686424732208,0.3869686424732208,0.3869686424732208,0.0
2017-07-25,0.3869687450397506,0.3869687450397506,0.3714900099998467,0.3766495883464813,15500.0
2017-07-26,0.3766495883464813,0.3766495883464813,0.374069799173164,0.3766495883464813,30300.0
2017-07-27,0.3740697000255153,0.3869686424732208,0.3611707268243052,0.3869686424732208,133300.0
2017-07-28,0.3508515906502822,0.3895484507083893,0.3508515906502822,0.3895484507083893,1100.0
2017-07-31,0.3895484507083893,0.3895484507083893,0.3895484507083893,0.3895484507083893,0.0
2017-08-01,0.3895484507083893,0.3895484507083893,0.3895484507083893,0.3895484507083893,0.0
2017-08-02,0.3534313616984267,0.3792292773723602,0.3508515732063838,0.3792292773723602,5100.0
2017-08-03,0.3792292773723602,0.3792292773723602,0.3792292773723602,0.3792292773723602,15100.0
2017-08-04,0.3792292773723602,0.3792292773723602,0.3792292773723602,0.3792292773723602,0.0
2017-08-07,0.3947080403883055,0.3947080403883055,0.371489942073822,0.371489942073822,40000.0
2017-08-08,0.3792293775197986,0.3792293775197986,0.3611708225530646,0.3766495883464813,28100.0
2017-08-10,0.3611707458504844,0.3818090856075287,0.3611707458504844,0.3818090856075287,3800.0
2017-08-11,0.3611707271745553,0.3792292773723602,0.3585909386825124,0.3792292773723602,5100.0
2017-08-14,0.3792292773723602,0.3792292773723602,0.3792292773723602,0.3792292773723602,0.0
2017-08-15,0.3792292773723602,0.3792292773723602,0.3792292773723602,0.3792292773723602,0.0
2017-08-16,0.3792292773723602,0.3792292773723602,0.3792292773723602,0.3792292773723602,0.0
2017-08-17,0.3792292773723602,0.3792292773723602,0.3792292773723602,0.3792292773723602,0.0
2017-08-18,0.3792292773723602,0.3792292773723602,0.3792292773723602,0.3792292773723602,0.0
2017-08-21,0.3792292969820864,0.3818090856075287,0.3792292969820864,0.3818090856075287,1100.0
2017-08-22,0.3611707458504844,0.3818090856075287,0.3585909572250421,0.3818090856075287,345200.0
2017-08-23,0.3663302958011626,0.3663302958011626,0.3611707189347877,0.3663302958011627,281100.0
2017-08-24,0.3560111501904696,0.3792292773723602,0.3560111501904696,0.3792292773723602,15000.0
2017-08-25,0.3611707565138777,0.371489942073822,0.3611707565138777,0.371489942073822,523000.0
2017-08-28,0.371489942073822,0.371489942073822,0.371489942073822,0.371489942073822,0.0
2017-08-29,0.3714899440705732,0.3843888876479511,0.363750547170639,0.363750547170639,358600.0
2017-08-30,0.3637505156665983,0.3792292773723602,0.3637505156665983,0.3792292773723602,30100.0
2017-08-31,0.3792292773723602,0.3792292773723602,0.3792292773723602,0.3792292773723602,0.0
2017-09-04,0.3792292773723602,0.3792292773723602,0.3792292773723602,0.3792292773723602,0.0
2017-09-05,0.3792292773723602,0.3792292773723602,0.3792292773723602,0.3792292773723602,0.0
2017-09-06,0.3585909307003021,0.3585909307003021,0.3585909307003021,0.3585909307003021,17000.0
2017-09-07,0.3585909307003021,0.3585909307003021,0.3585909307003021,0.3585909307003021,0.0
2017-09-08,0.3585910151066632,0.3740697801113128,0.3585910151066632,0.3740697801113128,5100.0
2017-09-11,0.3740697801113128,0.3740697801113128,0.3740697801113128,0.3740697801113128,0.0
2017-09-12,0.3740697801113128,0.3740697801113128,0.3740697801113128,0.3740697801113128,0.0
2017-09-13,0.3740697801113128,0.3740697801113128,0.3740697801113128,0.3740697801113128,0.0
2017-09-14,0.3611707985401153,0.3611707985401153,0.3611707985401153,0.3611707985401153,15000.0
2017-09-15,0.3611707985401153,0.3611707985401153,0.3611707985401153,0.3611707985401153,756000.0
2017-09-18,0.3611707985401153,0.3611707985401153,0.3611707985401153,0.3611707985401153,88000.0
2017-09-19,0.3611707985401153,0.3611707985401153,0.3611707985401153,0.3611707985401153,17000.0
2017-09-20,0.3611707985401153,0.3611707985401153,0.3611707985401153,0.3611707985401153,29800.0
2017-09-21,0.3611707985401153,0.3611707985401153,0.3611707985401153,0.3611707985401153,100.0
2017-09-22,0.3637505875419117,0.3637505875419117,0.3611707985401153,0.3611707985401153,13100.0
2017-09-25,0.3611707985401153,0.3611707985401153,0.3611707985401153,0.3611707985401153,0.0
2017-09-26,0.3611707985401153,0.3611707985401153,0.3611707985401153,0.3611707985401153,10000.0
2017-09-27,0.3611707985401153,0.3611707985401153,0.3611707985401153,0.3611707985401153,0.0
2017-09-28,0.3611707985401153,0.3611707985401153,0.3611707985401153,0.3611707985401153,0.0
2017-09-29,0.3611707674984424,0.3689101338386535,0.3611707674984424,0.3689101338386535,5100.0
2017-10-02,0.3689101338386535,0.3689101338386535,0.3689101338386535,0.3689101338386535,0.0
2017-10-03,0.3689101338386535,0.3689101338386535,0.3689101338386535,0.3689101338386535,0.0
2017-10-04,0.3689101338386535,0.3689101338386535,0.3689101338386535,0.3689101338386535,0.0
2017-10-05,0.3637505875419117,0.3637505875419117,0.3585910095383189,0.3611707985401153,30300.0
2017-10-06,0.3585909307003021,0.3585909307003021,0.3585909307003021,0.3585909307003021,30000.0
2017-10-09,0.3560111820697785,0.3560111820697785,0.3560111820697785,0.3560111820697784,24600.0
2017-10-10,0.3560111820697785,0.3560111820697785,0.3560111820697785,0.3560111820697784,30700.0
2017-10-11,0.3560111820697785,0.3560111820697785,0.3560111820697785,0.3560111820697784,10000.0
2017-10-12,0.3560111820697785,0.3560111820697785,0.3560111820697785,0.3560111820697784,10000.0
2017-10-13,0.3560111422656851,0.361170719134919,0.3560111422656851,0.3585909307003021,65000.0
2017-10-16,0.3560111820697785,0.3560111820697785,0.3560111820697785,0.3560111820697784,59000.0
2017-10-17,0.3585909307003021,0.3585909307003021,0.3585909307003021,0.3585909307003021,19000.0
2017-10-19,0.3560111422656851,0.3585909307003021,0.3560111422656851,0.3585909307003021,24300.0
2017-10-20,0.3560112029528434,0.3560112029528434,0.3508516252040862,0.3508516252040863,93000.0
2017-10-23,0.3560111422656851,0.3740696920615078,0.3560111422656851,0.3585909307003021,220700.0
2017-10-24,0.3585910095383189,0.3663303765437081,0.3585910095383189,0.3611707985401153,151800.0
2017-10-25,0.3637505795927559,0.4127666310627459,0.3637505795927559,0.3921282887458801,373600.0
2017-10-26,0.3869687450397506,0.3972879017330198,0.3766495883464813,0.3766495883464813,246000.0
2017-10-27,0.3869687253205949,0.3869687253205949,0.3714899910694564,0.3740697801113128,6000.0
2017-10-30,0.3766495309323728,0.3869686860526543,0.3689101338386535,0.3689101338386535,103000.0
2017-10-31,0.3637505482389349,0.3663303369619871,0.3560111820697785,0.3560111820697784,131300.0
2017-11-01,0.3611707985401153,0.3714899853008117,0.3611707985401153,0.3611707985401153,30000.0
2017-11-02,0.3611707985401153,0.3611707985401153,0.3611707985401153,0.3611707985401153,0.0
2017-11-03,0.3585909307003021,0.3585909307003021,0.3585909307003021,0.3585909307003021,28200.0
2017-11-06,0.3585909707928306,0.3585909707928306,0.3560111820697785,0.3560111820697784,43000.0
2017-11-07,0.3560111820697785,0.3611707595158828,0.3560111820697785,0.3560111820697784,101000.0
2017-11-08,0.3560111820697785,0.3560111820697785,0.3560111820697785,0.3560111820697784,172500.0
2017-11-09,0.3689101338386535,0.3689101338386535,0.3689101338386535,0.3689101338386535,2800.0
2017-11-10,0.3689101655455045,0.3689101655455045,0.3611707985401153,0.3611707985401153,40000.0
2017-11-13,0.3585910095383189,0.3637505875419117,0.3585910095383189,0.3611707985401153,119000.0
2017-11-14,0.3611707985401153,0.3637505875419117,0.3611707985401153,0.3611707985401153,20100.0
2017-11-15,0.361170719134919,0.366330296004153,0.3585909307003021,0.3585909307003021,201100.0
2017-11-16,0.3611707595158828,0.3611707595158828,0.3560111820697785,0.3560111820697784,86700.0
2017-11-17,0.3560111820697785,0.3560111820697785,0.3560111820697785,0.3560111820697784,500.0
2017-11-20,0.3560111820697785,0.3560111820697785,0.3560111820697785,0.3560111820697784,0.0
2017-11-21,0.3611707985401153,0.3611707985401153,0.3611707985401153,0.3611707985401153,16900.0
2017-11-22,0.3611707985401153,0.3611707985401153,0.3611707985401153,0.3611707985401153,0.0
2017-11-23,0.361170719134919,0.361170719134919,0.3585909307003021,0.3585909307003021,73500.0
2017-11-24,0.3585909307003021,0.3585909307003021,0.3585909307003021,0.3585909307003021,2000.0
2017-11-27,0.3637505073679752,0.3663302958011626,0.3637505073679752,0.3663302958011627,10000.0
2017-11-28,0.3689101338386535,0.3689101338386535,0.3689101338386535,0.3689101338386535,2000.0
2017-11-29,0.363750547170639,0.363750547170639,0.363750547170639,0.363750547170639,35900.0
2017-11-30,0.3637505875419117,0.3637505875419117,0.3611707985401153,0.3611707985401153,20200.0
2017-12-01,0.3663303450585831,0.371489953372232,0.3663303450585831,0.3689101338386535,38500.0
2017-12-04,0.3714899910694564,0.3740697801113128,0.3714899910694564,0.3740697801113128,17500.0
2017-12-05,0.3740697801113128,0.3740697801113128,0.3740697801113128,0.3740697801113128,0.0
2017-12-06,0.363750547170639,0.363750547170639,0.363750547170639,0.363750547170639,10000.0
2017-12-07,0.363750547170639,0.363750547170639,0.363750547170639,0.363750547170639,0.0
2017-12-08,0.3585909678122684,0.371489942073822,0.3585909678122684,0.371489942073822,17000.0
2017-12-11,0.3689101338386535,0.3689101338386535,0.3689101338386535,0.3689101338386535,6000.0
2017-12-12,0.3637505875419117,0.3637505875419117,0.3611707985401153,0.3611707985401153,49000.0
2017-12-13,0.3611707985401153,0.3611707985401153,0.3611707985401153,0.3611707985401153,36000.0
2017-12-14,0.3663302958011626,0.3663302958011626,0.3663302958011626,0.3663302958011627,15000.0
2017-12-15,0.3689101226187055,0.371489942073822,0.3689101226187055,0.371489942073822,9000.0
2017-12-18,0.3689100842343501,0.3689100842343501,0.3663302958011626,0.3663302958011627,25000.0
2017-12-19,0.363750547170639,0.363750547170639,0.363750547170639,0.363750547170639,3300.0
2017-12-20,0.363750547170639,0.363750547170639,0.363750547170639,0.363750547170639,0.0
2017-12-21,0.3663303765437081,0.3663303765437081,0.3611707985401153,0.3611707985401153,67300.0
2017-12-22,0.3611707985401153,0.3611707985401153,0.3611707985401153,0.3611707985401153,0.0
2017-12-26,0.3611707985401153,0.3611707985401153,0.3611707985401153,0.3611707985401153,0.0
2017-12-27,0.3611707985401153,0.3611707985401153,0.3611707985401153,0.3611707985401153,17200.0
2017-12-28,0.3611707985401153,0.3611707985401153,0.3611707985401153,0.3611707985401153,0.0
2017-12-29,0.3611707985401153,0.3611707985401153,0.3611707985401153,0.3611707985401153,0.0
2018-01-02,0.3611707985401153,0.3611707985401153,0.3611707985401153,0.3611707985401153,0.0
2018-01-03,0.3663302958011626,0.3663302958011626,0.3663302958011626,0.3663302958011627,10000.0
2018-01-04,0.3663302958011626,0.3663302958011626,0.3663302958011626,0.3663302958011627,0.0
2018-01-05,0.3663302958011626,0.3663302958011626,0.3663302958011626,0.3663302958011627,0.0
2018-01-08,0.3663302958011626,0.3663302958011626,0.3663302958011626,0.3663302958011627,0.0
2018-01-09,0.3560112029528434,0.3560112029528434,0.3508516252040862,0.3508516252040863,54900.0
2018-01-10,0.3508516252040862,0.3508516252040862,0.3508516252040862,0.3508516252040863,0.0
2018-01-11,0.3508516252040862,0.3508516252040862,0.3508516252040862,0.3508516252040863,0.0
2018-01-12,0.3611707807016005,0.3611707807016005,0.3508516252040862,0.3508516252040863,105100.0
2018-01-15,0.3508516252040862,0.3508516252040862,0.3508516252040862,0.3508516252040863,0.0
2018-01-16,0.3508516123781608,0.3689101338386535,0.3508516123781608,0.3689101338386535,3952500.0
2018-01-17,0.3663303765437081,0.3714899853008117,0.3611707985401153,0.3611707985401153,91900.0
2018-01-18,0.3560112224549528,0.3560112224549528,0.3508516444235566,0.3534314334392547,26000.0
2018-01-19,0.3611707985401153,0.3611707985401153,0.3611707985401153,0.3611707985401153,4000.0
2018-01-22,0.3611707985401153,0.3611707985401153,0.3611707985401153,0.3611707985401153,0.0
2018-01-23,0.3611707985401153,0.3611707985401153,0.3611707985401153,0.3611707985401153,0.0
2018-01-24,0.3611707985401153,0.3611707985401153,0.3611707985401153,0.3611707985401153,1000.0
2018-01-25,0.3611707985401153,0.3611707985401153,0.3611707985401153,0.3611707985401153,0.0
2018-01-26,0.3611707985401153,0.3611707985401153,0.3611707985401153,0.3611707985401153,0.0
2018-01-29,0.3560111820697785,0.3560111820697785,0.3560111820697785,0.3560111820697784,20000.0
2018-01-30,0.3560111820697785,0.3560111820697785,0.3560111820697785,0.3560111820697784,0.0
2018-01-31,0.3611707985401153,0.3611707985401153,0.3611707985401153,0.3611707985401153,5000.0
2018-02-01,0.3611707985401153,0.3611707985401153,0.3611707985401153,0.3611707985401153,26000.0
2018-02-02,0.3637505875419117,0.3637505875419117,0.3611707985401153,0.3611707985401153,23000.0
2018-02-05,0.3611707985401153,0.3611707985401153,0.3611707985401153,0.3611707985401153,36100.0
2018-02-06,0.3611707985401153,0.3611707985401153,0.3611707985401153,0.3611707985401153,0.0
2018-02-07,0.3508516267606983,0.3508516267606983,0.3431122601032257,0.3431122601032257,5000.0
2018-02-08,0.3508516161517057,0.3508516161517057,0.3456920385360717,0.3456920385360718,8300.0
2018-02-09,0.3456920489890499,0.3482718378748741,0.3431122601032257,0.3431122601032257,48000.0
2018-02-12,0.3431122601032257,0.3431122601032257,0.3431122601032257,0.3431122601032257,0.0
2018-02-13,0.3431122601032257,0.3431122601032257,0.3431122601032257,0.3431122601032257,0.0
2018-02-14,0.3508516161517057,0.3508516161517057,0.3456920385360717,0.3456920385360718,5800.0
2018-02-15,0.3508516252040862,0.3508516252040862,0.3508516252040862,0.3508516252040863,1200.0
2018-02-19,0.3508516252040862,0.3508516252040862,0.3508516252040862,0.3508516252040863,0.0
2018-02-20,0.3508516252040862,0.3508516252040862,0.3508516252040862,0.3508516252040863,0.0
2018-02-21,0.3508516252040862,0.3508516252040862,0.3508516252040862,0.3508516252040863,24000.0
2018-02-22,0.3508516252040862,0.3508516252040862,0.3508516252040862,0.3508516252040863,0.0
2018-02-23,0.3611707584551634,0.3714899440705732,0.3611707584551634,0.363750547170639,158100.0
2018-02-26,0.3663303822322324,0.3740697801113128,0.3663303822322324,0.3740697801113128,132300.0
2018-02-27,0.3766495076068556,0.392128239328696,0.3714899303662422,0.3895484507083893,204100.0
2018-02-28,0.3947080776912996,0.397287866636719,0.3869687108550412,0.3921282887458801,61600.0
2018-03-01,0.371489942073822,0.3818090968802591,0.371489942073822,0.371489942073822,29900.0
2018-03-02,0.371489942073822,0.371489942073822,0.371489942073822,0.371489942073822,0.0
2018-03-05,0.3663303822322324,0.3740697801113128,0.3663303822322324,0.3740697801113128,13200.0
2018-03-06,0.3766495687255256,0.4127666460240194,0.3714899906476708,0.4101868569850921,113500.0
2018-03-07,0.397287866636719,0.4050272642264875,0.3921282887458801,0.3921282887458801,150600.0
2018-03-08,0.3921282887458801,0.3921282887458801,0.3921282887458801,0.3921282887458801,0.0
2018-03-09,0.3972878872103144,0.4256655978329814,0.3921283090522862,0.4230858087539673,302100.0
2018-03-12,0.4179262518882752,0.4230858303091715,0.4127666734673788,0.4179262518882751,198000.0
2018-03-13,0.4230857594951321,0.4230857594951321,0.4153463931591651,0.4205059707164764,109100.0
2018-03-14,0.4179261895321466,0.4359847420643944,0.4153464007066125,0.4334049224853515,232000.0
2018-03-15,0.433404902959492,0.4385645111316171,0.4282453255408742,0.4308251142501831,287100.0
2018-03-16,0.433404902959492,0.433404902959492,0.4308251142501831,0.4308251142501831,32300.0
2018-03-19,0.4230858303091715,0.4230858303091715,0.415346462677827,0.4179262518882751,20000.0
2018-03-20,0.4153464436531067,0.4153464436531067,0.4153464436531067,0.4153464436531067,20400.0
2018-03-21,0.4256655495474911,0.4256655495474911,0.4127666056156158,0.4127666056156158,49300.0
2018-03-22,0.4127666372697166,0.4127666372697166,0.4050272703170776,0.4050272703170776,83100.0
2018-03-23,0.3947080776912996,0.3947080776912996,0.3792293440187828,0.3921282887458801,64700.0
2018-03-26,0.3895484894253064,0.3947080671787262,0.3895484894253064,0.3947080671787262,46800.0
2018-03-27,0.3972878456115722,0.3972878456115722,0.3947080568026795,0.3972878456115722,15000.0
2018-03-28,0.3972878456115722,0.3972878456115722,0.3972878456115722,0.3972878456115722,0.0
2018-03-29,0.3947080836267151,0.4050272703170776,0.3947080836267151,0.4050272703170776,30200.0
2018-04-02,0.3869686424732208,0.3947080079418441,0.3869686424732208,0.3869686424732208,14800.0
2018-04-03,0.384388854356446,0.3869686428484888,0.3766494888803173,0.3792292773723602,64300.0
2018-04-04,0.3792293775197986,0.4101868783531192,0.3766495883464813,0.3766495883464813,35600.0
2018-04-05,0.3792292770045975,0.392128219452303,0.3792292770045975,0.3869686424732208,79000.0
2018-04-06,0.381809166693116,0.381809166693116,0.374069799173164,0.3766495883464813,87900.0
2018-04-09,0.3792292969820864,0.3972878173601822,0.3792292969820864,0.3818090856075287,15800.0
2018-04-10,0.3869686628584132,0.3869686628584132,0.3766495083566442,0.3818090856075287,41900.0
2018-04-11,0.3895484507083893,0.3895484507083893,0.3895484507083893,0.3895484507083893,20200.0
2018-04-12,0.3843889534473419,0.3843889534473419,0.3843889534473419,0.3843889534473419,39400.0
2018-04-13,0.3869686424732208,0.3869686424732208,0.3843888539836797,0.3869686424732208,51100.0
2018-04-16,0.3998675853087033,0.3998675853087033,0.3766494888803173,0.3792292773723602,21000.0
2018-04-17,0.3792292773723602,0.3792292773723602,0.3792292773723602,0.3792292773723602,0.0
2018-04-18,0.3766495883464813,0.3843889558664333,0.3766495883464813,0.3766495883464813,12700.0
2018-04-19,0.3740697801113128,0.3792293581950257,0.363750593190376,0.3740697801113128,54000.0
2018-04-20,0.3766495883464813,0.3766495883464813,0.3714900099998467,0.3766495883464813,58500.0
2018-04-23,0.4024473946110667,0.4024473946110667,0.3766495083566442,0.3818090856075287,3200.0
2018-04-24,0.3921282516866962,0.3921282516866962,0.371489942073822,0.371489942073822,22600.0
2018-04-25,0.392128263612795,0.392128263612795,0.3689101338386535,0.3689101338386535,83100.0
2018-04-26,0.3663303822322324,0.3766495691531693,0.3663303822322324,0.3740697801113128,50800.0
2018-04-27,0.3740697801113128,0.3740697801113128,0.3740697801113128,0.3740697801113128,0.0
2018-04-30,0.3740697801113128,0.3740697801113128,0.3740697801113128,0.3740697801113128,0.0
2018-05-02,0.3740697801113128,0.3740697801113128,0.3740697801113128,0.3740697801113128,0.0
2018-05-03,0.3740697801113128,0.3740697801113128,0.3740697801113128,0.3740697801113128,0.0
2018-05-04,0.3792293081786498,0.3792293081786498,0.371489942073822,0.371489942073822,1800.0
2018-05-07,0.3998676705298769,0.3998676705298769,0.3740697801113128,0.3740697801113128,62000.0
2018-05-08,0.3895485143624512,0.3895485143624512,0.3740697801113128,0.3740697801113128,20000.0
2018-05-09,0.3740697801113128,0.3740697801113128,0.3740697801113128,0.3740697801113128,0.0
2018-05-10,0.3998676177915241,0.3998676177915241,0.371489942073822,0.371489942073822,110700.0
2018-05-11,0.4059854557955834,0.4059854557955834,0.3821039807244423,0.3953714668750763,35700.0
2018-05-14,0.3874109632005556,0.392717957496643,0.3874109632005556,0.392717957496643,12000.0
2018-05-15,0.392717957496643,0.392717957496643,0.392717957496643,0.392717957496643,0.0
2018-05-16,0.392717957496643,0.392717957496643,0.392717957496643,0.392717957496643,0.0
2018-05-17,0.392717957496643,0.392717957496643,0.392717957496643,0.392717957496643,0.0
2018-05-18,0.3821039795875549,0.3821039795875549,0.3821039795875549,0.3821039795875549,5000.0
2018-05-21,0.3821039795875549,0.3821039795875549,0.3821039795875549,0.3821039795875549,0.0
2018-05-22,0.3821039442118132,0.3821039442118132,0.3741434216499328,0.3741434216499328,12800.0
2018-05-23,0.3741434216499328,0.3741434216499328,0.3741434216499328,0.3741434216499328,0.0
2018-05-24,0.3821039621094265,0.3821039621094265,0.371489942073822,0.371489942073822,30000.0
2018-05-25,0.3767969416747935,0.3767969416747935,0.363529455980399,0.3661829531192779,27100.0
2018-05-28,0.3661829531192779,0.3661829531192779,0.3661829531192779,0.3661829531192779,0.0
2018-05-30,0.3661829531192779,0.3661829531192779,0.3661829531192779,0.3661829531192779,0.0
2018-05-31,0.3661829531192779,0.3661829531192779,0.3661829531192779,0.3661829531192779,0.0
2018-06-01,0.3661829531192779,0.3661829531192779,0.3661829531192779,0.3661829531192779,0.0
2018-06-04,0.3635295033454895,0.3741434932839261,0.3635295033454895,0.3635295033454895,24200.0
2018-06-05,0.3635295033454895,0.3635295033454895,0.3635295033454895,0.3635295033454895,0.0
2018-06-06,0.3635295033454895,0.3635295033454895,0.3635295033454895,0.3635295033454895,0.0
2018-06-07,0.3635295033454895,0.3635295033454895,0.3635295033454895,0.3635295033454895,35000.0
2018-06-08,0.3635295033454895,0.3635295033454895,0.3635295033454895,0.3635295033454895,0.0
2018-06-11,0.3635295033454895,0.3635295033454895,0.3635295033454895,0.3635295033454895,0.0
2018-06-12,0.3635295033454895,0.3635295033454895,0.3635295033454895,0.3635295033454895,0.0
2018-06-13,0.3635294913642109,0.3635294913642109,0.3608759939670563,0.3608759939670563,105400.0
2018-06-14,0.3608759939670563,0.3608759939670563,0.3608759939670563,0.3608759939670563,0.0
2018-06-18,0.3767969783499841,0.3767969783499841,0.3608759939670563,0.3608759939670563,1000.0
2018-06-19,0.3502619807735303,0.3555689752101898,0.3502619807735303,0.3555689752101898,8200.0
2018-06-20,0.355568999172747,0.3821040047764775,0.355568999172747,0.3608759939670563,16400.0
2018-06-21,0.3608759939670563,0.3608759939670563,0.3608759939670563,0.3608759939670563,0.0
2018-06-22,0.3608759939670563,0.3608759939670563,0.3608759939670563,0.3608759939670563,0.0
2018-06-25,0.3608759939670563,0.3608759939670563,0.3608759939670563,0.3608759939670563,0.0
2018-06-26,0.3608759939670563,0.3608759939670563,0.3608759939670563,0.3608759939670563,0.0
2018-06-27,0.3608759939670563,0.3608759939670563,0.3608759939670563,0.3608759939670563,0.0
2018-06-28,0.3608759939670563,0.3608759939670563,0.3608759939670563,0.3608759939670563,0.0
2018-06-29,0.3608759939670563,0.3608759939670563,0.3608759939670563,0.3608759939670563,0.0
2018-07-02,0.3608759939670563,0.3608759939670563,0.3608759939670563,0.3608759939670563,0.0
2018-07-03,0.3608759939670563,0.3608759939670563,0.3608759939670563,0.3608759939670563,0.0
2018-07-04,0.3608759939670563,0.3608759939670563,0.3608759939670563,0.3608759939670563,0.0
2018-07-05,0.3529154658317566,0.3529154658317566,0.3502619687048561,0.3529154658317566,43900.0
2018-07-06,0.3529155030700892,0.3529155030700892,0.3343409895896911,0.3343409895896911,48000.0
2018-07-09,0.3343409895896911,0.3343409895896911,0.3343409895896911,0.3343409895896911,0.0
2018-07-10,0.3343409895896911,0.3343409895896911,0.3343409895896911,0.3343409895896911,0.0
2018-07-11,0.3343409895896911,0.3343409895896911,0.3343409895896911,0.3343409895896911,0.0
2018-07-12,0.3343409895896911,0.3343409895896911,0.3343409895896911,0.3343409895896911,0.0
2018-07-13,0.3343409895896911,0.3343409895896911,0.3343409895896911,0.3343409895896911,0.0
2018-07-16,0.3343409895896911,0.3343409895896911,0.3343409895896911,0.3343409895896911,0.0
2018-07-17,0.3343409895896911,0.3343409895896911,0.3343409895896911,0.3343409895896911,0.0
2018-07-18,0.3343409895896911,0.3343409895896911,0.3343409895896911,0.3343409895896911,0.0
2018-07-19,0.3343409895896911,0.3343409895896911,0.3343409895896911,0.3343409895896911,0.0
2018-07-20,0.3343409895896911,0.3343409895896911,0.3343409895896911,0.3343409895896911,0.0
2018-07-23,0.3343409895896911,0.3343409895896911,0.3343409895896911,0.3343409895896911,0.0
2018-07-24,0.3343409895896911,0.3343409895896911,0.3343409895896911,0.3343409895896911,0.0
2018-07-25,0.33699446247422,0.33699446247422,0.3290339708328247,0.3290339708328247,10000.0
2018-07-26,0.3290339708328247,0.3290339708328247,0.3290339708328247,0.3290339708328247,0.0
2018-07-27,0.3396479844034665,0.3396479844034665,0.3343409895896911,0.3343409895896911,22000.0
2018-07-30,0.3343409895896911,0.3343409895896911,0.3343409895896911,0.3343409895896911,0.0
2018-07-31,0.3343409895896911,0.3343409895896911,0.3343409895896911,0.3343409895896911,0.0
2018-08-01,0.3343409895896911,0.3343409895896911,0.3343409895896911,0.3343409895896911,0.0
2018-08-02,0.3290339947759158,0.3343409895896911,0.318420005148365,0.3343409895896911,76400.0
2018-08-03,0.3343409895896911,0.3343409895896911,0.3343409895896911,0.3343409895896911,0.0
2018-08-06,0.3343409895896911,0.3343409895896911,0.3343409895896911,0.3343409895896911,0.0
2018-08-07,0.3237269520759582,0.3237269520759582,0.3237269520759582,0.3237269520759582,5500.0
2018-08-08,0.3449549078941345,0.3449549078941345,0.3449549078941345,0.3449549078941345,15000.0
2018-08-10,0.3449549078941345,0.3449549078941345,0.3449549078941345,0.3449549078941345,0.0
2018-08-13,0.3449549078941345,0.3449549078941345,0.3423014110358856,0.3449549078941345,29000.0
2018-08-14,0.3449549078941345,0.3449549078941345,0.3449549078941345,0.3449549078941345,0.0
2018-08-15,0.3343409474816325,0.3343409474816325,0.3316874504089355,0.3316874504089355,15000.0
2018-08-16,0.3316874504089355,0.3316874504089355,0.3316874504089355,0.3316874504089355,0.0
2018-08-17,0.3316874504089355,0.3316874504089355,0.3316874504089355,0.3316874504089355,0.0
2018-08-20,0.3449549078941345,0.3449549078941345,0.3449549078941345,0.3449549078941345,10000.0
2018-08-21,0.3449549078941345,0.3449549078941345,0.3449549078941345,0.3449549078941345,0.0
2018-08-23,0.3449549078941345,0.3449549078941345,0.3449549078941345,0.3449549078941345,0.0
2018-08-24,0.3449549078941345,0.3449549078941345,0.3449549078941345,0.3449549078941345,0.0
2018-08-27,0.3449549078941345,0.3449549078941345,0.3449549078941345,0.3449549078941345,0.0
2018-08-28,0.3449549078941345,0.3449549078941345,0.3449549078941345,0.3449549078941345,0.0
2018-08-29,0.3449549078941345,0.3449549078941345,0.3449549078941345,0.3449549078941345,0.0
2018-08-30,0.3449549078941345,0.3449549078941345,0.3449549078941345,0.3449549078941345,0.0
2018-08-31,0.342301458120346,0.342301458120346,0.342301458120346,0.342301458120346,35000.0
2018-09-03,0.342301458120346,0.342301458120346,0.342301458120346,0.342301458120346,0.0
2018-09-04,0.342301458120346,0.342301458120346,0.342301458120346,0.342301458120346,0.0
2018-09-05,0.342301458120346,0.342301458120346,0.342301458120346,0.342301458120346,0.0
2018-09-06,0.342301458120346,0.342301458120346,0.342301458120346,0.342301458120346,0.0
2018-09-07,0.342301458120346,0.342301458120346,0.342301458120346,0.342301458120346,0.0
2018-09-10,0.342301458120346,0.342301458120346,0.342301458120346,0.342301458120346,0.0
2018-09-11,0.3423014497678167,0.3423014497678167,0.3184199753413512,0.3210734724998474,33000.0
2018-09-12,0.3210734724998474,0.3210734724998474,0.3210734724998474,0.3210734724998474,0.0
2018-09-13,0.3237269520759582,0.3237269520759582,0.3237269520759582,0.3237269520759582,2000.0
2018-09-14,0.3184199831111466,0.3449549553435904,0.3184199831111466,0.342301458120346,16300.0
2018-09-17,0.342301458120346,0.342301458120346,0.342301458120346,0.342301458120346,0.0
2018-09-18,0.3263804736190263,0.3290339708328247,0.3263804736190263,0.3290339708328247,4000.0
2018-09-19,0.3290339708328247,0.3290339708328247,0.3290339708328247,0.3290339708328247,0.0
2018-09-20,0.3290339708328247,0.3290339708328247,0.3290339708328247,0.3290339708328247,0.0
2018-09-21,0.3290339708328247,0.3290339708328247,0.3290339708328247,0.3290339708328247,0.0
2018-09-24,0.3237269520759582,0.3237269520759582,0.3237269520759582,0.3237269520759582,2000.0
2018-09-25,0.3237269330281433,0.3449549078941345,0.3237269330281433,0.3449549078941345,17100.0
2018-09-26,0.3449549078941345,0.3449549078941345,0.3449549078941345,0.3449549078941345,0.0
2018-09-27,0.3343409652604215,0.3343409652604215,0.3290339708328247,0.3290339708328247,35000.0
2018-09-28,0.3290339947759158,0.3343409895896911,0.3290339947759158,0.3343409895896911,49500.0
2018-10-01,0.3343409895896911,0.3343409895896911,0.3343409895896911,0.3343409895896911,0.0
2018-10-02,0.3263804490903366,0.3263804490903366,0.3237269520759582,0.3237269520759582,43000.0
2018-10-03,0.3237269520759582,0.3237269520759582,0.3237269520759582,0.3237269520759582,0.0
2018-10-04,0.3237269520759582,0.3237269520759582,0.3237269520759582,0.3237269520759582,0.0
2018-10-05,0.3237269520759582,0.3237269520759582,0.3237269520759582,0.3237269520759582,0.0
2018-10-08,0.3263804614543915,0.3263804614543915,0.3263804614543915,0.3263804614543915,9700.0
2018-10-09,0.3263804614543915,0.3263804614543915,0.3263804614543915,0.3263804614543915,0.0
2018-10-10,0.3263804614543915,0.3263804614543915,0.3263804614543915,0.3263804614543915,10000.0
2018-10-11,0.3263804614543915,0.3263804614543915,0.3263804614543915,0.3263804614543915,0.0
2018-10-12,0.3263804614543915,0.3263804614543915,0.3263804614543915,0.3263804614543915,0.0
2018-10-15,0.3210734672245933,0.3263804614543915,0.3184199701096943,0.3263804614543915,37100.0
2018-10-16,0.3263804614543915,0.3263804614543915,0.3263804614543915,0.3263804614543915,0.0
2018-10-17,0.3263804614543915,0.3263804614543915,0.3263804614543915,0.3263804614543915,0.0
2018-10-18,0.3263804614543915,0.3263804614543915,0.3263804614543915,0.3263804614543915,0.0
2018-10-19,0.3263804614543915,0.3263804614543915,0.3263804614543915,0.3263804614543915,0.0
2018-10-22,0.3263804614543915,0.3263804614543915,0.3263804614543915,0.3263804614543915,0.0
2018-10-23,0.3184199631214142,0.3184199631214142,0.3184199631214142,0.3184199631214142,20000.0
2018-10-24,0.3184199631214142,0.3184199631214142,0.3184199631214142,0.3184199631214142,0.0
2018-10-25,0.3184199631214142,0.3184199631214142,0.3184199631214142,0.3184199631214142,0.0
2018-10-26,0.3184199631214142,0.3184199631214142,0.3184199631214142,0.3184199631214142,0.0
2018-10-29,0.3157664835453033,0.3157664835453033,0.3157664835453033,0.3157664835453033,32000.0
2018-10-30,0.3157664835453033,0.3157664835453033,0.3157664835453033,0.3157664835453033,0.0
2018-10-31,0.3104594647884369,0.3104594647884369,0.3104594647884369,0.3104594647884369,8800.0
2018-11-01,0.3104594647884369,0.3104594647884369,0.3104594647884369,0.3104594647884369,0.0
2018-11-02,0.3104594647884369,0.3104594647884369,0.3104594647884369,0.3104594647884369,0.0
2018-11-05,0.3104594647884369,0.3104594647884369,0.3104594647884369,0.3104594647884369,0.0
2018-11-07,0.3024989491492534,0.3184199631214142,0.3024989491492534,0.3184199631214142,11000.0
2018-11-08,0.3184199631214142,0.3184199631214142,0.3184199631214142,0.3184199631214142,0.0
2018-11-09,0.302498965895328,0.3157664835453033,0.2998454686917693,0.3157664835453033,257600.0
2018-11-12,0.2945384383201599,0.2945384383201599,0.2945384383201599,0.2945384383201599,1000.0
2018-11-13,0.2945384383201599,0.2945384383201599,0.2945384383201599,0.2945384383201599,0.0
2018-11-14,0.299845427274704,0.299845427274704,0.299845427274704,0.299845427274704,9900.0
2018-11-15,0.299845427274704,0.299845427274704,0.299845427274704,0.299845427274704,0.0
2018-11-16,0.299845427274704,0.299845427274704,0.299845427274704,0.299845427274704,0.0
2018-11-19,0.3078059554100036,0.3078059554100036,0.3078059554100036,0.3078059554100036,10000.0
2018-11-20,0.299845427274704,0.299845427274704,0.299845427274704,0.299845427274704,140000.0
2018-11-21,0.299845427274704,0.299845427274704,0.299845427274704,0.299845427274704,50000.0
2018-11-22,0.2971919667644735,0.3078059554100036,0.2971919667644735,0.3078059554100036,39100.0
2018-11-23,0.3078059554100036,0.3078059554100036,0.3078059554100036,0.3078059554100036,0.0
2018-11-26,0.2971919667644735,0.3078059554100036,0.2971919667644735,0.3078059554100036,52900.0
2018-11-27,0.3078059554100036,0.3078059554100036,0.3078059554100036,0.3078059554100036,0.0
2018-11-28,0.3078059554100036,0.3078059554100036,0.3078059554100036,0.3078059554100036,0.0
2018-11-29,0.3078059554100036,0.3078059554100036,0.3078059554100036,0.3078059554100036,0.0
2018-11-30,0.3078059554100036,0.3078059554100036,0.3078059554100036,0.3078059554100036,0.0
2018-12-03,0.3078059554100036,0.3078059554100036,0.3078059554100036,0.3078059554100036,0.0
2018-12-04,0.3078059554100036,0.3078059554100036,0.3078059554100036,0.3078059554100036,0.0
2018-12-05,0.3078059554100036,0.3078059554100036,0.3078059554100036,0.3078059554100036,0.0
2018-12-06,0.3078059554100036,0.3078059554100036,0.3078059554100036,0.3078059554100036,0.0
2018-12-07,0.3078059554100036,0.3078059554100036,0.3078059554100036,0.3078059554100036,0.0
2018-12-10,0.3078059554100036,0.3078059554100036,0.3078059554100036,0.3078059554100036,0.0
2018-12-11,0.3078059554100036,0.3078059554100036,0.3078059554100036,0.3078059554100036,0.0
2018-12-12,0.3078059554100036,0.3078059554100036,0.3078059554100036,0.3078059554100036,0.0
2018-12-13,0.3024989366531372,0.3024989366531372,0.3024989366531372,0.3024989366531372,18100.0
2018-12-14,0.3024989366531372,0.3024989366531372,0.3024989366531372,0.3024989366531372,0.0
2018-12-17,0.2971919476985931,0.3078059356631995,0.2971919476985931,0.2971919476985931,17500.0
2018-12-18,0.2971919548661282,0.3051524460315704,0.2971919548661282,0.3051524460315704,200.0
2018-12-19,0.3051524460315704,0.3051524460315704,0.3051524460315704,0.3051524460315704,0.0
2018-12-20,0.3051524460315704,0.3051524460315704,0.3051524460315704,0.3051524460315704,0.0
2018-12-21,0.3051524460315704,0.3051524460315704,0.3051524460315704,0.3051524460315704,0.0
2018-12-24,0.2998454397060887,0.3024989366531372,0.2998454397060887,0.3024989366531372,25500.0
2018-12-26,0.2998454519212756,0.3051524460315704,0.2998454519212756,0.3051524460315704,59400.0
2018-12-27,0.299845427274704,0.299845427274704,0.299845427274704,0.299845427274704,20000.0
2018-12-28,0.3051524460315704,0.3051524460315704,0.3051524460315704,0.3051524460315704,20000.0
2018-12-31,0.3051524460315704,0.3051524460315704,0.3051524460315704,0.3051524460315704,0.0
2019-01-01,0.3051524460315704,0.3051524460315704,0.3051524460315704,0.3051524460315704,0.0
2019-01-02,0.299845427274704,0.299845427274704,0.299845427274704,0.299845427274704,20000.0
2019-01-03,0.2971919476985931,0.2971919476985931,0.2971919476985931,0.2971919476985931,24600.0
2019-01-04,0.3051524462059169,0.3184199631214142,0.3051524462059169,0.3184199631214142,24300.0
2019-01-07,0.3104594146228494,0.3104594146228494,0.299845427274704,0.299845427274704,200.0
2019-01-08,0.299845427274704,0.299845427274704,0.299845427274704,0.299845427274704,0.0
2019-01-09,0.299845427274704,0.299845427274704,0.299845427274704,0.299845427274704,0.0
2019-01-10,0.2971919476985931,0.2971919476985931,0.2971919476985931,0.2971919476985931,12000.0
2019-01-11,0.3024989366531372,0.3024989366531372,0.3024989366531372,0.3024989366531372,10000.0
2019-01-14,0.2971919476985931,0.2971919476985931,0.2971919476985931,0.2971919476985931,500.0
2019-01-15,0.2971919476985931,0.2971919476985931,0.2971919476985931,0.2971919476985931,0.0
2019-01-16,0.2971919476985931,0.2971919476985931,0.2971919476985931,0.2971919476985931,100.0
2019-01-17,0.2971919476985931,0.2971919476985931,0.2971919476985931,0.2971919476985931,0.0
2019-01-18,0.2971919476985931,0.2971919476985931,0.2971919476985931,0.2971919476985931,0.0
2019-01-21,0.2971919476985931,0.2971919476985931,0.2971919476985931,0.2971919476985931,0.0
2019-01-22,0.3104594647884369,0.3184199882180245,0.3104594647884369,0.3104594647884369,24700.0
2019-01-23,0.3104594647884369,0.3104594647884369,0.3104594647884369,0.3104594647884369,0.0
2019-01-24,0.3104594647884369,0.3104594647884369,0.3104594647884369,0.3104594647884369,0.0
2019-01-25,0.3104594647884369,0.3104594647884369,0.3104594647884369,0.3104594647884369,0.0
2019-01-28,0.3104594647884369,0.3104594647884369,0.3104594647884369,0.3104594647884369,3000.0
2019-01-29,0.3104594647884369,0.3104594647884369,0.3104594647884369,0.3104594647884369,0.0
2019-01-30,0.3131129547095628,0.3157664835453033,0.302498965895328,0.3157664835453033,53600.0
2019-01-31,0.3237269591908443,0.3343409474816325,0.3237269591908443,0.3316874504089355,12800.0
2019-02-01,0.3263804973690281,0.3608759952907523,0.3263804973690281,0.3343409895896911,32400.0
2019-02-04,0.3343409895896911,0.3343409895896911,0.3343409895896911,0.3343409895896911,0.0
2019-02-05,0.3343409895896911,0.3343409895896911,0.3343409895896911,0.3343409895896911,0.0
2019-02-07,0.3343409895896911,0.3343409895896911,0.3343409895896911,0.3343409895896911,0.0
2019-02-08,0.3343409895896911,0.3343409895896911,0.3343409895896911,0.3343409895896911,0.0
2019-02-11,0.3343409895896911,0.3343409895896911,0.3343409895896911,0.3343409895896911,0.0
2019-02-12,0.3343409895896911,0.3343409895896911,0.3343409895896911,0.3343409895896911,0.0
2019-02-13,0.3343409895896911,0.3343409895896911,0.3343409895896911,0.3343409895896911,0.0
2019-02-14,0.3343409895896911,0.3343409895896911,0.3343409895896911,0.3343409895896911,0.0
2019-02-15,0.3210734361698943,0.3449549078941345,0.3157664424533966,0.3449549078941345,13200.0
2019-02-18,0.3449549078941345,0.3449549078941345,0.3449549078941345,0.3449549078941345,0.0
2019-02-19,0.3449549078941345,0.3449549078941345,0.3449549078941345,0.3449549078941345,0.0
2019-02-20,0.3449549078941345,0.3449549078941345,0.3449549078941345,0.3449549078941345,0.0
2019-02-21,0.3449549078941345,0.3449549078941345,0.3449549078941345,0.3449549078941345,0.0
2019-02-22,0.3184199580472014,0.3237269520759582,0.3131129323862651,0.3237269520759582,27400.0
2019-02-25,0.3237269520759582,0.3237269520759582,0.3237269520759582,0.3237269520759582,0.0
2019-02-26,0.3263804298863922,0.3449549078941345,0.3263804298863922,0.3449549078941345,5800.0
2019-02-27,0.3449549078941345,0.3449549078941345,0.3449549078941345,0.3449549078941345,0.0
2019-02-28,0.3449549078941345,0.3449549078941345,0.3449549078941345,0.3449549078941345,0.0
2019-03-01,0.3449549078941345,0.3449549078941345,0.3449549078941345,0.3449549078941345,0.0
2019-03-04,0.3449549078941345,0.3449549078941345,0.3449549078941345,0.3449549078941345,0.0
2019-03-05,0.3396479141776367,0.3449549078941345,0.3290339267446411,0.3449549078941345,33100.0
2019-03-06,0.3449549732664602,0.3449549732664602,0.3396479785442352,0.3396479785442352,10000.0
2019-03-07,0.3343409895896911,0.3343409895896911,0.3343409895896911,0.3343409895896911,6600.0
2019-03-08,0.3343409895896911,0.3343409895896911,0.3343409895896911,0.3343409895896911,0.0
2019-03-11,0.3343409895896911,0.3343409895896911,0.3343409895896911,0.3343409895896911,0.0
2019-03-12,0.3263804973690281,0.3343409895896911,0.3237269999621404,0.3343409895896911,2700.0
2019-03-13,0.3290339947759158,0.3343409895896911,0.3290339947759158,0.3343409895896911,25000.0
2019-03-14,0.3343409895896911,0.3343409895896911,0.3343409895896911,0.3343409895896911,5000.0
2019-03-15,0.3343409204611389,0.3449549078941345,0.3343409204611389,0.3449549078941345,47200.0
2019-03-18,0.3449549078941345,0.3449549078941345,0.3449549078941345,0.3449549078941345,0.0
2019-03-19,0.3449549078941345,0.3449549078941345,0.3449549078941345,0.3449549078941345,0.0
2019-03-20,0.3449549078941345,0.3449549078941345,0.3449549078941345,0.3449549078941345,0.0
2019-03-21,0.3449549078941345,0.3449549078941345,0.3449549078941345,0.3449549078941345,0.0
2019-03-22,0.3263804562635414,0.3529154586226923,0.3263804562635414,0.3316874504089355,8300.0
2019-03-25,0.3316874504089355,0.3316874504089355,0.3316874504089355,0.3316874504089355,0.0
2019-03-26,0.3237269304402085,0.3237269304402085,0.299845427274704,0.299845427274704,27400.0
2019-03-27,0.3078059554100036,0.3078059554100036,0.3078059554100036,0.3078059554100036,1200.0
2019-03-28,0.3078059554100036,0.3078059554100036,0.3078059554100036,0.3078059554100036,0.0
2019-03-29,0.3078059554100036,0.3078059554100036,0.3078059554100036,0.3078059554100036,0.0
2019-04-01,0.3078059554100036,0.3078059554100036,0.3078059554100036,0.3078059554100036,0.0
2019-04-02,0.3078059554100036,0.3078059554100036,0.3078059554100036,0.3078059554100036,0.0
2019-04-03,0.3078059554100036,0.3078059554100036,0.3078059554100036,0.3078059554100036,0.0
2019-04-04,0.3131129373759072,0.3184199631214142,0.3078059432625804,0.3184199631214142,5300.0
2019-04-05,0.3184199631214142,0.3184199631214142,0.3184199631214142,0.3184199631214142,0.0
2019-04-08,0.3184199631214142,0.3184199631214142,0.3184199631214142,0.3184199631214142,0.0
2019-04-09,0.3104594647884369,0.3104594647884369,0.3104594647884369,0.3104594647884369,500.0
2019-04-10,0.3104594353718867,0.3237269520759582,0.3104594353718867,0.3237269520759582,11400.0
2019-04-11,0.3210734550615798,0.3237269520759582,0.3210734550615798,0.3237269520759582,34200.0
2019-04-12,0.3210734728490975,0.3210734728490975,0.3078059554100036,0.3078059554100036,3600.0
2019-04-15,0.3157664424533966,0.3449549078941345,0.3157664424533966,0.3449549078941345,2100.0
2019-04-16,0.3449549078941345,0.3449549078941345,0.3449549078941345,0.3449549078941345,0.0
2019-04-17,0.3449549078941345,0.3449549078941345,0.3449549078941345,0.3449549078941345,0.0
2019-04-18,0.3104594647884369,0.3104594647884369,0.3104594647884369,0.3104594647884369,3800.0
2019-04-22,0.3104594647884369,0.3104594647884369,0.3104594647884369,0.3104594647884369,0.0
2019-04-23,0.3131129741668701,0.3131129741668701,0.3131129741668701,0.3131129741668701,10000.0
2019-04-24,0.3078059554100036,0.3078059554100036,0.3078059554100036,0.3078059554100036,5000.0
2019-04-25,0.3104594647884369,0.3104594647884369,0.3104594647884369,0.3104594647884369,13000.0
2019-04-26,0.3104594647884369,0.3104594647884369,0.3104594647884369,0.3104594647884369,0.0
2019-04-29,0.3131129373759072,0.3237269572347411,0.3131129373759072,0.3184199631214142,55500.0
2019-04-30,0.3131129547095628,0.3184199807488621,0.3131129547095628,0.3157664835453033,36500.0
2019-05-02,0.3131129741668701,0.3131129741668701,0.3131129741668701,0.3131129741668701,20000.0
2019-05-03,0.3104594647884369,0.3104594647884369,0.3104594647884369,0.3104594647884369,30000.0
2019-05-06,0.3078059554100036,0.3078059554100036,0.3078059554100036,0.3078059554100036,38800.0
2019-05-07,0.3078059554100036,0.3078059554100036,0.3078059554100036,0.3078059554100036,0.0
2019-05-08,0.3078059554100036,0.3078059554100036,0.3078059554100036,0.3078059554100036,0.0
2019-05-09,0.3024989366531372,0.3024989366531372,0.3024989366531372,0.3024989366531372,2500.0
2019-05-10,0.302498948976423,0.3051524460315704,0.302498948976423,0.3051524460315704,65500.0
2019-05-13,0.3051524460315704,0.3051524460315704,0.3051524460315704,0.3051524460315704,0.0
2019-05-14,0.3051524460315704,0.3051524460315704,0.3051524460315704,0.3051524460315704,0.0
2019-05-15,0.3051524460315704,0.3051524460315704,0.3051524460315704,0.3051524460315704,0.0
2019-05-16,0.3051524460315704,0.3051524460315704,0.3051524460315704,0.3051524460315704,0.0
2019-05-17,0.3051524460315704,0.3051524460315704,0.3051524460315704,0.3051524460315704,0.0
2019-05-21,0.3051524460315704,0.3051524460315704,0.3051524460315704,0.3051524460315704,0.0
2019-05-22,0.3051524460315704,0.3051524460315704,0.3051524460315704,0.3051524460315704,0.0
2019-05-23,0.2996542155742645,0.2996542155742645,0.2996542155742645,0.2996542155742645,28500.0
2019-05-24,0.2996542155742645,0.2996542155742645,0.2996542155742645,0.2996542155742645,0.0
2019-05-27,0.2996542155742645,0.2996542155742645,0.2996542155742645,0.2996542155742645,0.0
2019-05-28,0.2996542155742645,0.2996542155742645,0.2996542155742645,0.2996542155742645,0.0
2019-05-29,0.2996542155742645,0.2996542155742645,0.2996542155742645,0.2996542155742645,4000.0
2019-05-30,0.2996542155742645,0.2996542155742645,0.2996542155742645,0.2996542155742645,700.0
2019-05-31,0.2996542155742645,0.2996542155742645,0.2996542155742645,0.2996542155742645,0.0
2019-06-03,0.2996542155742645,0.2996542155742645,0.2996542155742645,0.2996542155742645,0.0
2019-06-04,0.2996542155742645,0.2996542155742645,0.2996542155742645,0.2996542155742645,0.0
2019-06-06,0.2996542155742645,0.2996542155742645,0.2996542155742645,0.2996542155742645,0.0
2019-06-07,0.2996542155742645,0.2996542155742645,0.2996542155742645,0.2996542155742645,0.0
2019-06-10,0.2996542155742645,0.2996542155742645,0.2996542155742645,0.2996542155742645,0.0
2019-06-11,0.2969051599502564,0.2969051599502564,0.2969051599502564,0.2969051599502563,11000.0
2019-06-12,0.3024033308029175,0.3024033308029175,0.3024033308029175,0.3024033308029175,25000.0
2019-06-13,0.3051524460315704,0.3051524460315704,0.3051524460315704,0.3051524460315704,6000.0
2019-06-14,0.3133997917175293,0.3133997917175293,0.3133997917175293,0.3133997917175293,110700.0
2019-06-17,0.3133998746725615,0.3133998746725615,0.2969051599502564,0.2969051599502563,16100.0
2019-06-18,0.2996542155742645,0.2996542155742645,0.2996542155742645,0.2996542155742645,11000.0
2019-06-19,0.302403315120204,0.3188980253113778,0.2996541967550084,0.3161489069461822,21600.0
2019-06-20,0.3161489069461822,0.3161489069461822,0.3161489069461822,0.3161489069461822,4400.0
2019-06-21,0.3161489069461822,0.3161489069461822,0.3161489069461822,0.3161489069461822,0.0
2019-06-24,0.3161489069461822,0.3161489069461822,0.3161489069461822,0.3161489069461822,0.0
2019-06-25,0.3161489069461822,0.3161489069461822,0.3161489069461822,0.3161489069461822,0.0
2019-06-26,0.3161489069461822,0.3161489069461822,0.3161489069461822,0.3161489069461822,0.0
2019-06-27,0.3161489069461822,0.3161489069461822,0.3161489069461822,0.3161489069461822,200.0
2019-06-28,0.3161489069461822,0.3161489069461822,0.3161489069461822,0.3161489069461822,1000.0
2019-07-01,0.3188980519771576,0.3188980519771576,0.3188980519771576,0.3188980519771576,22000.0
2019-07-02,0.3188980519771576,0.3188980519771576,0.3188980519771576,0.3188980519771576,500.0
2019-07-03,0.3188980519771576,0.3188980519771576,0.3188980519771576,0.3188980519771576,0.0
2019-07-04,0.3188980519771576,0.3188980519771576,0.3188980519771576,0.3188980519771576,0.0
2019-07-05,0.3133997917175293,0.3133997917175293,0.2969050813612744,0.3133997917175293,81900.0
2019-07-08,0.3079015612602234,0.3133997981586435,0.3024033243618031,0.3079015612602234,19700.0
2019-07-09,0.3079015744920355,0.3436401486396789,0.3079015744920355,0.3436401486396789,3600.0
2019-07-10,0.338141918182373,0.338141918182373,0.338141918182373,0.338141918182373,1100.0
2019-07-11,0.338141918182373,0.338141918182373,0.338141918182373,0.338141918182373,0.0
2019-07-12,0.3353928029537201,0.3353928029537201,0.3353928029537201,0.3353928029537201,8900.0
2019-07-15,0.3298945825900204,0.3298945825900204,0.3243963122367859,0.3243963122367859,2700.0
2019-07-16,0.3188980486395105,0.3216471672058105,0.3188980486395105,0.3216471672058105,5100.0
2019-07-17,0.3216471672058105,0.3216471672058105,0.3216471672058105,0.3216471672058105,0.0
2019-07-18,0.3106506764888763,0.3133997949095859,0.3106506764888763,0.3106506764888763,4700.0
2019-07-19,0.3079015612602234,0.3133997981586435,0.3079015612602234,0.3079015612602234,2700.0
2019-07-22,0.3161489783534876,0.3271454870700836,0.3133998593673595,0.3271454870700836,4100.0
2019-07-23,0.3271454870700836,0.3271454870700836,0.3271454870700836,0.3271454870700836,0.0
2019-07-24,0.3271454870700836,0.3271454870700836,0.3271454870700836,0.3271454870700836,0.0
2019-07-25,0.3216471468956567,0.3216471468956567,0.2941559629685653,0.3133997917175293,210000.0
2019-07-26,0.3133997917175293,0.3133997917175293,0.3133997917175293,0.3133997917175293,0.0
2019-07-29,0.3133997917175293,0.3133997917175293,0.3133997917175293,0.3133997917175293,0.0
2019-07-30,0.3079015678184487,0.3079015678184487,0.3024033308029175,0.3024033308029175,6100.0
2019-07-31,0.3079015678184487,0.3079015678184487,0.3024033308029175,0.3024033308029175,6100.0
2019-08-01,0.3051524493106831,0.3051524493106831,0.3024033308029175,0.3024033308029175,20000.0
2019-08-02,0.3051524493106831,0.3079015678184487,0.3024033308029175,0.3024033308029175,32700.0
2019-08-05,0.3024033308029175,0.3024033308029175,0.3024033308029175,0.3024033308029175,0.0
2019-08-06,0.3024033308029175,0.3024033308029175,0.3024033308029175,0.3024033308029175,0.0
2019-08-07,0.3079015612602234,0.3216471535062738,0.3079015612602234,0.3079015612602234,28200.0
2019-08-08,0.3024033308029175,0.3024033308029175,0.3024033308029175,0.3024033308029175,7000.0
2019-08-13,0.2996542155742645,0.2996542155742645,0.2996542155742645,0.2996542155742645,2000.0
2019-08-14,0.3024033275533463,0.3133998014662427,0.3024033275533463,0.3051524460315704,33500.0
2019-08-15,0.3024033341121137,0.3024033341121137,0.2996542155742645,0.2996542155742645,36500.0
2019-08-16,0.2996542790706406,0.2996542790706406,0.2969051599502564,0.2969051599502563,20000.0
2019-08-19,0.2969050970364153,0.3024033341121137,0.2969050970364153,0.2996542155742645,3300.0
2019-08-20,0.2969050905968981,0.3079015645097945,0.2969050905968981,0.3051524460315704,49200.0
2019-08-21,0.3051524460315704,0.3051524460315704,0.3051524460315704,0.3051524460315704,0.0
2019-08-22,0.3051524460315704,0.3051524460315704,0.3051524460315704,0.3051524460315704,0.0
2019-08-23,0.3051524460315704,0.3051524460315704,0.3051524460315704,0.3051524460315704,0.0
2019-08-26,0.3051524460315704,0.3051524460315704,0.3051524460315704,0.3051524460315704,0.0
2019-08-27,0.3051524460315704,0.3051524460315704,0.3051524460315704,0.3051524460315704,0.0
2019-08-28,0.2969051599502564,0.2969051599502564,0.2969051599502564,0.2969051599502563,2900.0
2019-08-29,0.2969051037166619,0.2969051037166619,0.2941559851169586,0.2941559851169586,22900.0
2019-08-30,0.2941559851169586,0.2941559851169586,0.2941559851169586,0.2941559851169586,0.0
2019-09-02,0.2941559614341054,0.2969050798124738,0.2914068102836609,0.2914068102836609,6500.0
2019-09-03,0.2969051599502564,0.3024033981910247,0.2969051599502564,0.2969051599502563,4900.0
2019-09-04,0.2914068102836609,0.2914068102836609,0.2914068102836609,0.2914068102836609,2700.0
2019-09-05,0.2969050905968981,0.3051524460315704,0.2969050905968981,0.3051524460315704,1800.0
2019-09-06,0.2996541981908422,0.2996541981908422,0.2914068102836609,0.2914068102836609,200.0
2019-09-09,0.2914068102836609,0.2914068102836609,0.2914068102836609,0.2914068102836609,0.0
2019-09-10,0.2914068208683726,0.3051524460315704,0.2914068208683726,0.3051524460315704,34300.0
2019-09-11,0.3051524460315704,0.3051524460315704,0.3051524460315704,0.3051524460315704,0.0
2019-09-12,0.3051524460315704,0.3051524460315704,0.3051524460315704,0.3051524460315704,0.0
2019-09-13,0.2969051599502564,0.2969051599502564,0.2969051599502564,0.2969051599502563,2100.0
2019-09-16,0.2969051599502564,0.2969051599502564,0.2969051599502564,0.2969051599502563,0.0
2019-09-17,0.2941559851169586,0.2941559851169586,0.2941559851169586,0.2941559851169586,1400.0
2019-09-18,0.2941559851169586,0.2941559851169586,0.2941559851169586,0.2941559851169586,2500.0
2019-09-19,0.2969051599502564,0.2969051599502564,0.2969051599502564,0.2969051599502563,31300.0
2019-09-20,0.2969051599502564,0.2969051599502564,0.2969051599502564,0.2969051599502563,0.0
2019-09-23,0.2969051599502564,0.2969051599502564,0.2969051599502564,0.2969051599502563,0.0
2019-09-24,0.2969051599502564,0.2969051599502564,0.2969051599502564,0.2969051599502563,0.0
2019-09-25,0.2969051599502564,0.2969051599502564,0.2969051599502564,0.2969051599502563,0.0
2019-09-26,0.3024033308029175,0.3024033308029175,0.3024033308029175,0.3024033308029175,10000.0
2019-09-27,0.3024033308029175,0.3024033308029175,0.3024033308029175,0.3024033308029175,0.0
2019-09-30,0.3024033308029175,0.3024033308029175,0.3024033308029175,0.3024033308029175,0.0
2019-10-01,0.3024033308029175,0.3024033308029175,0.3024033308029175,0.3024033308029175,0.0
2019-10-02,0.3024033308029175,0.3024033308029175,0.3024033308029175,0.3024033308029175,0.0
2019-10-03,0.3024033308029175,0.3024033308029175,0.3024033308029175,0.3024033308029175,0.0
2019-10-04,0.2969051037166619,0.2969051037166619,0.2941559851169586,0.2941559851169586,8100.0
2019-10-07,0.2941559851169586,0.2941559851169586,0.2941559851169586,0.2941559851169586,100.0
2019-10-08,0.2941559851169586,0.2941559851169586,0.2941559851169586,0.2941559851169586,0.0
2019-10-09,0.2914068147718324,0.3106506764888763,0.2831594595097035,0.3106506764888763,3300.0
2019-10-10,0.3106506764888763,0.3106506764888763,0.3106506764888763,0.3106506764888763,0.0
2019-10-11,0.3051524460315704,0.3051524460315704,0.3051524460315704,0.3051524460315704,1100.0
2019-10-14,0.3051524460315704,0.3051524460315704,0.3051524460315704,0.3051524460315704,0.0
2019-10-15,0.3051524460315704,0.3051524460315704,0.3051524460315704,0.3051524460315704,3800.0
2019-10-16,0.2996542790706406,0.2996542790706406,0.2969051599502564,0.2969051599502563,1000.0
2019-10-17,0.2969051599502564,0.2969051599502564,0.2969051599502564,0.2969051599502563,0.0
2019-10-18,0.2969051599502564,0.2969051599502564,0.2969051599502564,0.2969051599502563,0.0
2019-10-21,0.2969051599502564,0.2969051599502564,0.2941560408298722,0.2969051599502563,7000.0
2019-10-22,0.2969051599502564,0.2969051599502564,0.2969051599502564,0.2969051599502563,0.0
2019-10-23,0.2969051599502564,0.2969051599502564,0.2969051599502564,0.2969051599502563,0.0
2019-10-24,0.2969051599502564,0.2969051599502564,0.2969051599502564,0.2969051599502563,0.0
2019-10-25,0.2969050937873862,0.3024033308029175,0.2969050937873862,0.3024033308029175,12600.0
2019-10-29,0.2969051599502564,0.2969051599502564,0.2969051599502564,0.2969051599502563,2000.0
2019-10-30,0.2969051599502564,0.2969051599502564,0.2969051599502564,0.2969051599502563,0.0
2019-10-31,0.2969051599502564,0.2969051599502564,0.2969051599502564,0.2969051599502563,0.0
2019-11-01,0.2969051599502564,0.2969051599502564,0.2969051599502564,0.2969051599502563,0.0
2019-11-04,0.2969051599502564,0.2969051599502564,0.2969051599502564,0.2969051599502563,0.0
2019-11-05,0.2969051599502564,0.2969051599502564,0.2969051599502564,0.2969051599502563,0.0
2019-11-06,0.2969051599502564,0.2969051599502564,0.2969051599502564,0.2969051599502563,0.0
2019-11-07,0.2969051037166619,0.2969051037166619,0.2941559851169586,0.2941559851169586,4300.0
2019-11-08,0.2941559851169586,0.2941559851169586,0.2941559851169586,0.2941559851169586,2000.0
2019-11-11,0.2969051599502564,0.2969051599502564,0.2969051599502564,0.2969051599502563,12000.0
2019-11-12,0.2969051599502564,0.2969051599502564,0.2969051599502564,0.2969051599502563,0.0
2019-11-13,0.2969051599502564,0.2969051599502564,0.2969051599502564,0.2969051599502563,0.0
2019-11-14,0.2914068506783753,0.2914068506783753,0.2831594944000244,0.2831594944000244,18100.0
2019-11-15,0.2886576963511227,0.3106506764888763,0.2886576963511227,0.3106506764888763,13600.0
2019-11-18,0.3106506764888763,0.3106506764888763,0.3106506764888763,0.3106506764888763,0.0
2019-11-19,0.3106506764888763,0.3106506764888763,0.3106506764888763,0.3106506764888763,0.0
2019-11-20,0.3106506764888763,0.3106506764888763,0.3106506764888763,0.3106506764888763,0.0
2019-11-21,0.3106506764888763,0.3106506764888763,0.3106506764888763,0.3106506764888763,0.0
2019-11-22,0.3051524416710105,0.3051524416710105,0.2831594613874151,0.285908579826355,29300.0
2019-11-25,0.285908579826355,0.285908579826355,0.285908579826355,0.285908579826355,0.0
2019-11-26,0.2941559679152513,0.2941559679152513,0.285908579826355,0.285908579826355,13100.0
2019-11-27,0.285908579826355,0.285908579826355,0.285908579826355,0.285908579826355,0.0
2019-11-28,0.2859086131594747,0.2859086131594747,0.2831594944000244,0.2831594944000244,15000.0
2019-11-29,0.2831594944000244,0.2831594944000244,0.2831594944000244,0.2831594944000244,30000.0
2019-12-02,0.2831594944000244,0.2831594944000244,0.2831594944000244,0.2831594944000244,0.0
2019-12-03,0.2831594944000244,0.2831594944000244,0.2831594944000244,0.2831594944000244,0.0
2019-12-04,0.2859086131594747,0.2859086131594747,0.2749121381216736,0.2831594944000244,124400.0
2019-12-05,0.2831594944000244,0.2831594944000244,0.2831594944000244,0.2831594944000244,25000.0
2019-12-06,0.2831594944000244,0.2831594944000244,0.2831594944000244,0.2831594944000244,0.0
2019-12-09,0.2831594944000244,0.2831594944000244,0.2831594944000244,0.2831594944000244,0.0
2019-12-10,0.2831594944000244,0.2831594944000244,0.2831594944000244,0.2831594944000244,0.0
2019-12-11,0.2776612013570195,0.2804103195667267,0.2776612013570195,0.2804103195667267,4200.0
2019-12-12,0.2749121189117431,0.2749121189117431,0.2749121189117431,0.2749121189117431,7700.0
2019-12-13,0.2749121189117431,0.2749121189117431,0.2749121189117431,0.2749121189117431,8000.0
2019-12-16,0.2749121189117431,0.2749121189117431,0.2749121189117431,0.2749121189117431,3500.0
2019-12-17,0.2749121189117431,0.2749121189117431,0.2749121189117431,0.2749121189117431,200.0
2019-12-18,0.2721630334854126,0.2721630334854126,0.2721630334854126,0.2721630334854126,174500.0
2019-12-19,0.2721630334854126,0.2721630334854126,0.2721630334854126,0.2721630334854126,0.0
2019-12-20,0.2749121189117431,0.2749121189117431,0.2749121189117431,0.2749121189117431,1000.0
2019-12-23,0.2749121189117431,0.2749121189117431,0.2749121189117431,0.2749121189117431,0.0
2019-12-24,0.2749121189117431,0.2749121189117431,0.2749121189117431,0.2749121189117431,0.0
2019-12-25,0.2749121189117431,0.2749121189117431,0.2749121189117431,0.2749121189117431,0.0
2019-12-26,0.2749121189117431,0.2749121189117431,0.2749121189117431,0.2749121189117431,0.0
2019-12-27,0.2804103756405741,0.2831594944000244,0.2804103756405741,0.2831594944000244,17700.0
2019-12-30,0.285908579826355,0.285908579826355,0.285908579826355,0.285908579826355,12000.0
2019-12-31,0.2914068102836609,0.2914068102836609,0.2914068102836609,0.2914068102836609,1100.0
2020-01-02,0.2969051599502564,0.2969051599502564,0.2969051599502564,0.2969051599502563,10400.0
2020-01-03,0.2969051599502564,0.2969051599502564,0.2969051599502564,0.2969051599502563,0.0
2020-01-06,0.2969051599502564,0.2969051599502564,0.2969051599502564,0.2969051599502563,0.0
2020-01-07,0.2969051599502564,0.2969051599502564,0.2969051599502564,0.2969051599502563,0.0
2020-01-08,0.2941559614341054,0.2941559614341054,0.2914068102836609,0.2914068102836609,12500.0
2020-01-09,0.291406888937403,0.3079016364317931,0.291406888937403,0.2969051599502563,84000.0
2020-01-10,0.2969051599502564,0.2969051599502564,0.2969051599502564,0.2969051599502563,0.0
2020-01-13,0.2969051599502564,0.2969051599502564,0.2969051599502564,0.2969051599502563,0.0
2020-01-14,0.2914068102836609,0.2914068102836609,0.2914068102836609,0.2914068102836609,146900.0
2020-01-15,0.2914068102836609,0.2914068102836609,0.2914068102836609,0.2914068102836609,0.0
2020-01-16,0.2914068102836609,0.2914068102836609,0.2914068102836609,0.2914068102836609,47200.0
2020-01-17,0.2914068102836609,0.2914068102836609,0.2914068102836609,0.2914068102836609,27400.0
2020-01-20,0.2914067924055554,0.2914067924055554,0.2804103195667267,0.2804103195667267,125400.0
2020-01-21,0.2804103195667267,0.2804103195667267,0.2804103195667267,0.2804103195667267,0.0
2020-01-22,0.2804103195667267,0.2804103195667267,0.2804103195667267,0.2804103195667267,0.0
2020-01-23,0.2804103195667267,0.2804103195667267,0.2804103195667267,0.2804103195667267,0.0
2020-01-24,0.2804103195667267,0.2804103195667267,0.2804103195667267,0.2804103195667267,0.0
2020-01-28,0.2804103195667267,0.2804103195667267,0.2804103195667267,0.2804103195667267,0.0
2020-01-29,0.285908573526924,0.2914068102836609,0.285908573526924,0.2914068102836609,1800.0
2020-01-30,0.2914068102836609,0.2914068102836609,0.2914068102836609,0.2914068102836609,0.0
2020-01-31,0.2914068102836609,0.2914068102836609,0.2914068102836609,0.2914068102836609,0.0
2020-02-03,0.2914068102836609,0.2914068102836609,0.2914068102836609,0.2914068102836609,0.0
2020-02-04,0.2749120831473123,0.285908555986141,0.2749120831473123,0.2804103195667267,61400.0
2020-02-05,0.2804103526746909,0.2804103526746909,0.2749121156061013,0.2776612341403961,15800.0
2020-02-06,0.2749121189117431,0.2749121189117431,0.2749121189117431,0.2749121189117431,6500.0
2020-02-07,0.2804103195667267,0.2804103195667267,0.2804103195667267,0.2804103195667267,2400.0
2020-02-10,0.2749121257254128,0.2749121257254128,0.2694138884544372,0.2694138884544372,60900.0
2020-02-11,0.2666647700367419,0.2666647700367419,0.258417397737503,0.258417397737503,100300.0
2020-02-12,0.2556682606119786,0.285908579826355,0.250170023734099,0.285908579826355,27100.0
2020-02-13,0.2804103632254072,0.2804103632254072,0.258417397737503,0.258417397737503,47500.0
2020-02-14,0.2639156347974221,0.2694138884544372,0.2639156347974221,0.2694138884544372,1600.0
2020-02-17,0.2639156347974221,0.2694138884544372,0.2639156347974221,0.2694138884544372,3300.0
2020-02-18,0.263915631568004,0.263915631568004,0.2501700385587638,0.261166512966156,131200.0
2020-02-19,0.261166512966156,0.261166512966156,0.261166512966156,0.261166512966156,25500.0
2020-02-20,0.258417397737503,0.258417397737503,0.258417397737503,0.258417397737503,7000.0
2020-02-21,0.2611665161619342,0.2694138884544372,0.2611665161619342,0.2694138884544372,8400.0
2020-02-24,0.269413851291064,0.269413851291064,0.2639155983924866,0.2639155983924866,19200.0
2020-02-25,0.258417397737503,0.258417397737503,0.258417397737503,0.258417397737503,13300.0
2020-02-26,0.258417397737503,0.258417397737503,0.258417397737503,0.258417397737503,17300.0
2020-02-27,0.258417397737503,0.258417397737503,0.258417397737503,0.258417397737503,0.0
2020-02-28,0.2584173700938934,0.2584173700938934,0.2419226436459411,0.2446717619895935,147300.0
2020-03-02,0.2501700269800559,0.2584173824038848,0.2474208921194076,0.2474208921194076,14200.0
2020-03-03,0.2501700071111362,0.2639155983924866,0.2501700071111362,0.2639155983924866,6700.0
2020-03-04,0.2584173824038848,0.2584173824038848,0.2474208921194076,0.2474208921194076,65200.0
2020-03-05,0.2474208921194076,0.2474208921194076,0.2474208921194076,0.2474208921194076,0.0
2020-03-06,0.2474208921194076,0.2474208921194076,0.2474208921194076,0.2474208921194076,0.0
2020-03-09,0.2446717683628106,0.2446717683628106,0.2391735315322875,0.2391735315322876,14000.0
2020-03-10,0.2446717651399906,0.255668255042229,0.2419226467609405,0.2419226467609405,344700.0
2020-03-11,0.2364244798710973,0.2364244798710973,0.2309262251021126,0.2336753606796264,20800.0
2020-03-12,0.2309261709451675,0.2309261709451675,0.2309261709451675,0.2309261709451675,25400.0
2020-03-13,0.2309261709451675,0.2309261709451675,0.2309261709451675,0.2309261709451675,0.0
2020-03-16,0.2254279321821667,0.2309261692349389,0.2199296951293945,0.2199296951293945,140600.0
2020-03-17,0.2144314348697662,0.2144314348697662,0.2144314348697662,0.2144314348697662,16000.0
2020-03-18,0.2144314348697662,0.2144314348697662,0.2144314348697662,0.2144314348697662,0.0
2020-03-19,0.2144314485376066,0.2254279393803196,0.1924384832382202,0.1924384832382202,190100.0
2020-03-20,0.189689353108406,0.189689353108406,0.189689353108406,0.189689353108406,10000.0
2020-03-23,0.1869402527809143,0.1869402527809143,0.1869402527809143,0.1869402527809143,4000.0
2020-03-24,0.1869402527809143,0.1869402527809143,0.1869402527809143,0.1869402527809143,0.0
2020-03-25,0.1814420074224472,0.1869402446095991,0.1814420074224472,0.1814420074224472,12600.0
2020-03-26,0.1814420074224472,0.1814420074224472,0.1814420074224472,0.1814420074224472,0.0
2020-03-27,0.1814420074224472,0.1814420074224472,0.1814420074224472,0.1814420074224472,0.0
2020-03-30,0.1814420074224472,0.1814420074224472,0.1814420074224472,0.1814420074224472,0.0
2020-03-31,0.1841911335794912,0.1841911335794912,0.1621981511557036,0.1649472862482071,192500.0
2020-04-01,0.1649472862482071,0.1649472862482071,0.1649472862482071,0.1649472862482071,0.0
2020-04-02,0.1594490259885788,0.1594490259885788,0.1594490259885788,0.1594490259885788,4000.0
2020-04-03,0.1649472795647638,0.2199297006243386,0.1374560608419567,0.1594490259885788,282500.0
2020-04-06,0.1649472795169607,0.170445516705513,0.1649472795169607,0.170445516705513,1100.0
2020-04-07,0.1759437538492559,0.1814420074224472,0.1759437538492559,0.1814420074224472,58300.0
2020-04-08,0.1786928760746609,0.1786928760746609,0.16769640147686,0.16769640147686,10200.0
2020-04-09,0.1731946428261629,0.1979367440219234,0.1731946428261629,0.1869402527809143,14800.0
2020-04-13,0.1869402527809143,0.1869402527809143,0.1869402527809143,0.1869402527809143,0.0
2020-04-14,0.1841911273957151,0.1924384832382202,0.1731946365530021,0.1924384832382202,111100.0
2020-04-15,0.1924384832382202,0.1924384832382202,0.1924384832382202,0.1924384832382202,0.0
2020-04-16,0.1924384832382202,0.1924384832382202,0.1924384832382202,0.1924384832382202,0.0
2020-04-17,0.1924384832382202,0.1924384832382202,0.1924384832382202,0.1924384832382202,0.0
2020-04-20,0.1841911577403446,0.2006858885288238,0.1841911577403446,0.2006858885288238,116700.0
2020-04-21,0.1979367440219234,0.1979367440219234,0.1869402527809143,0.1869402527809143,5400.0
2020-04-22,0.1869402527809143,0.1869402527809143,0.1869402527809143,0.1869402527809143,0.0
2020-04-23,0.1869402527809143,0.1869402527809143,0.1869402527809143,0.1869402527809143,0.0
2020-04-24,0.1869402527809143,0.1869402527809143,0.1869402527809143,0.1869402527809143,0.0
2020-04-27,0.1924384896988816,0.2006858622043119,0.1924384896988816,0.1979367434978485,85500.0
2020-04-28,0.197936769461751,0.2006858885288238,0.197936769461751,0.2006858885288238,325800.0
2020-04-29,0.2061840742826461,0.2061840742826461,0.2061840742826461,0.2061840742826461,1000.0
2020-04-30,0.2034349590539932,0.2034349590539932,0.2034349590539932,0.2034349590539932,5000.0
2020-05-04,0.2034349740809331,0.2061840926951015,0.1924384832382202,0.1924384832382202,77800.0
2020-05-05,0.1979367434978485,0.1979367434978485,0.1979367434978485,0.1979367434978485,20700.0
2020-05-06,0.2034349641992178,0.2116823196411132,0.2034349641992178,0.2116823196411132,1400.0
2020-05-08,0.2061841266629695,0.2061841266629695,0.2006858885288238,0.2006858885288238,11900.0
2020-05-11,0.2006858885288238,0.2006858885288238,0.2006858885288238,0.2006858885288238,0.0
2020-05-12,0.2061841005941328,0.2089332193136215,0.2061841005941328,0.2089332193136215,21700.0
2020-05-13,0.2089332193136215,0.2089332193136215,0.2089332193136215,0.2089332193136215,0.0
2020-05-14,0.2089332193136215,0.2089332193136215,0.2089332193136215,0.2089332193136215,0.0
2020-05-15,0.2089332193136215,0.2089332193136215,0.2089332193136215,0.2089332193136215,10000.0
2020-05-18,0.2089332193136215,0.2089332193136215,0.2089332193136215,0.2089332193136215,0.0
2020-05-19,0.2089332193136215,0.2089332193136215,0.2089332193136215,0.2089332193136215,0.0
2020-05-20,0.2089332193136215,0.2089332193136215,0.2089332193136215,0.2089332193136215,0.0
2020-05-21,0.2089332193136215,0.2089332193136215,0.2089332193136215,0.2089332193136215,0.0
2020-05-22,0.2089332193136215,0.2089332193136215,0.2089332193136215,0.2089332193136215,0.0
2020-05-26,0.2089332193136215,0.2089332193136215,0.2089332193136215,0.2089332193136215,0.0
2020-05-27,0.2089332193136215,0.2089332193136215,0.2089332193136215,0.2089332193136215,0.0
2020-05-28,0.2034349590539932,0.2034349590539932,0.2034349590539932,0.2034349590539932,8800.0
2020-05-29,0.2034349818746441,0.2089332193136215,0.2034349818746441,0.2089332193136215,53600.0
2020-06-01,0.2089331841089731,0.2639155983924866,0.2089331841089731,0.2639155983924866,7000.0
2020-06-02,0.2639156110294966,0.2639156110294966,0.2529191374778747,0.2529191374778747,51000.0
2020-06-03,0.2529191374778747,0.2529191374778747,0.2529191374778747,0.2529191374778747,0.0
2020-06-04,0.2529191374778747,0.2529191374778747,0.2529191374778747,0.2529191374778747,0.0
2020-06-05,0.2529191374778747,0.2529191374778747,0.2529191374778747,0.2529191374778747,0.0
2020-06-08,0.2474208867780721,0.2474208867780721,0.2199296862394187,0.2391735315322876,99100.0
2020-06-09,0.2309261709451675,0.2309261709451675,0.2309261709451675,0.2309261709451675,27900.0
2020-06-10,0.2309261709451675,0.2309261709451675,0.2309261709451675,0.2309261709451675,0.0
2020-06-11,0.2309261709451675,0.2309261709451675,0.2309261709451675,0.2309261709451675,0.0
2020-06-12,0.2089332193136215,0.2089332193136215,0.2089332193136215,0.2089332193136215,12700.0
2020-06-15,0.2116823196411132,0.2116823196411132,0.2116823196411132,0.2116823196411132,20000.0
2020-06-16,0.2116823196411132,0.2116823196411132,0.2116823196411132,0.2116823196411132,0.0
2020-06-17,0.2116823196411132,0.2116823196411132,0.2116823196411132,0.2116823196411132,0.0
2020-06-18,0.2144314348697662,0.2144314348697662,0.2144314348697662,0.2144314348697662,1500.0
2020-06-19,0.2144314348697662,0.2144314348697662,0.2144314348697662,0.2144314348697662,0.0
2020-06-22,0.2144314567525989,0.2144314567525989,0.2089332193136215,0.2089332193136215,25700.0
2020-06-23,0.2089332193136215,0.2089332193136215,0.2089332193136215,0.2089332193136215,0.0
2020-06-24,0.2089332193136215,0.2089332193136215,0.2089332193136215,0.2089332193136215,0.0
2020-06-25,0.2089332193136215,0.2089332193136215,0.2089332193136215,0.2089332193136215,0.0
2020-06-26,0.2089332193136215,0.2089332193136215,0.2089332193136215,0.2089332193136215,0.0
2020-06-29,0.2089332193136215,0.2089332193136215,0.2089332193136215,0.2089332193136215,0.0
2020-06-30,0.2144314348697662,0.2144314348697662,0.2144314348697662,0.2144314348697662,23700.0
2020-07-01,0.2607950257342457,0.2607950257342457,0.220226913690567,0.220226913690567,34300.0
2020-07-02,0.2231246293945981,0.2231246293945981,0.2086360305547714,0.2086360305547714,34000.0
2020-07-03,0.2086360305547714,0.2086360305547714,0.2086360305547714,0.2086360305547714,0.0
2020-07-06,0.2086360305547714,0.2086360305547714,0.2086360305547714,0.2086360305547714,0.0
2020-07-07,0.2086360305547714,0.2086360305547714,0.2086360305547714,0.2086360305547714,0.0
2020-07-08,0.2086360305547714,0.2086360305547714,0.2086360305547714,0.2086360305547714,0.0
2020-07-09,0.2086360305547714,0.2086360305547714,0.2086360305547714,0.2086360305547714,0.0
2020-07-13,0.2086360305547714,0.2086360305547714,0.2086360305547714,0.2086360305547714,0.0
2020-07-14,0.2144314646720886,0.2144314646720886,0.2144314646720886,0.2144314646720886,15000.0
2020-07-15,0.2144314646720886,0.2144314646720886,0.2144314646720886,0.2144314646720886,40000.0
2020-07-16,0.2144314646720886,0.2144314646720886,0.2144314646720886,0.2144314646720886,0.0
2020-07-17,0.2144314646720886,0.2144314646720886,0.2144314646720886,0.2144314646720886,1000.0
2020-07-20,0.2115337699651718,0.2115337699651718,0.2115337699651718,0.2115337699651718,12000.0
2020-07-21,0.2144314646720886,0.2144314646720886,0.2144314646720886,0.2144314646720886,14000.0
2020-07-22,0.2144314646720886,0.2144314646720886,0.2144314646720886,0.2144314646720886,16000.0
2020-07-23,0.2144314646720886,0.2144314646720886,0.2144314646720886,0.2144314646720886,10000.0
2020-07-24,0.2144314646720886,0.2144314646720886,0.2144314646720886,0.2144314646720886,12000.0
2020-07-27,0.2144314646720886,0.2144314646720886,0.2144314646720886,0.2144314646720886,0.0
2020-07-28,0.2144314646720886,0.2144314646720886,0.2144314646720886,0.2144314646720886,14000.0
2020-07-29,0.2144314646720886,0.2144314646720886,0.2144314646720886,0.2144314646720886,0.0
2020-07-30,0.2144314646720886,0.2144314646720886,0.2144314646720886,0.2144314646720886,0.0
2020-08-03,0.2057382711874634,0.2057382711874634,0.2028405517339706,0.2028405517339706,55000.0
2020-08-04,0.2028405517339706,0.2028405517339706,0.2028405517339706,0.2028405517339706,146000.0
2020-08-05,0.2028405517339706,0.2028405517339706,0.2028405517339706,0.2028405517339706,62000.0
2020-08-06,0.2028405517339706,0.2028405517339706,0.2028405517339706,0.2028405517339706,10000.0
2020-08-07,0.2057382613420486,0.2057382613420486,0.2057382613420486,0.2057382613420486,5000.0
2020-08-11,0.2057382613420486,0.2057382613420486,0.2057382613420486,0.2057382613420486,0.0
2020-08-12,0.2057382613420486,0.2057382613420486,0.2057382613420486,0.2057382613420486,0.0
2020-08-13,0.2057382613420486,0.2057382613420486,0.2057382613420486,0.2057382613420486,0.0
2020-08-14,0.2086360305547714,0.2086360305547714,0.2086360305547714,0.2086360305547714,500.0
2020-08-17,0.2086360305547714,0.2086360305547714,0.2086360305547714,0.2086360305547714,0.0
2020-08-18,0.2144314646720886,0.2144314646720886,0.2144314646720886,0.2144314646720886,8000.0
2020-08-19,0.2144314646720886,0.2144314646720886,0.2144314646720886,0.2144314646720886,0.0
2020-08-20,0.2144314646720886,0.2144314646720886,0.2144314646720886,0.2144314646720886,0.0
2020-08-21,0.2144314646720886,0.2144314646720886,0.2144314646720886,0.2144314646720886,0.0
2020-08-24,0.223124623298645,0.223124623298645,0.2202269036098478,0.223124623298645,28100.0
2020-08-25,0.223124623298645,0.223124623298645,0.223124623298645,0.223124623298645,0.0
2020-08-26,0.223124623298645,0.223124623298645,0.223124623298645,0.223124623298645,0.0
2020-08-27,0.223124623298645,0.223124623298645,0.223124623298645,0.223124623298645,0.0
2020-08-28,0.2289200723171233,0.2289200723171233,0.2289200723171233,0.2289200723171234,5000.0
2020-08-31,0.2318178016219898,0.2347155213356018,0.2318178016219898,0.2347155213356018,70000.0
2020-09-01,0.2318178208383693,0.2376132607460022,0.2318178208383693,0.2376132607460022,30100.0
2020-09-02,0.2376132607460022,0.2376132607460022,0.2376132607460022,0.2376132607460022,0.0
2020-09-03,0.2376132607460022,0.2376132607460022,0.2376132607460022,0.2376132607460022,0.0
2020-09-04,0.2347155213356018,0.2347155213356018,0.2318178016219898,0.2347155213356018,45000.0
2020-09-07,0.2347155213356018,0.2347155213356018,0.2347155213356018,0.2347155213356018,0.0
2020-09-08,0.2289200723171233,0.2289200723171233,0.2289200723171233,0.2289200723171234,5000.0
2020-09-09,0.2289200723171233,0.2289200723171233,0.2289200723171233,0.2289200723171234,20000.0
2020-09-10,0.2289200723171233,0.2289200723171233,0.2289200723171233,0.2289200723171234,20000.0
2020-09-11,0.2289200723171233,0.2289200723171233,0.2289200723171233,0.2289200723171234,0.0
2020-09-14,0.2289200723171233,0.2289200723171233,0.2289200723171233,0.2289200723171234,0.0
2020-09-15,0.2289200723171233,0.2289200723171233,0.2289200723171233,0.2289200723171234,0.0
2020-09-16,0.2289200723171233,0.2289200723171233,0.2289200723171233,0.2289200723171234,0.0
2020-09-17,0.2289200723171233,0.2289200723171233,0.2289200723171233,0.2289200723171234,0.0
2020-09-18,0.2289200723171233,0.2289200723171233,0.2289200723171233,0.2289200723171234,0.0
2020-09-21,0.223124613400671,0.223124613400671,0.2173291742801666,0.2173291742801666,17000.0
2020-09-22,0.2173291742801666,0.2173291742801666,0.2173291742801666,0.2173291742801666,21100.0
2020-09-23,0.2173291898586674,0.2173291898586674,0.2086360305547714,0.2086360305547714,25700.0
2020-09-24,0.2086360305547714,0.2086360305547714,0.2086360305547714,0.2086360305547714,0.0
2020-09-25,0.2086360305547714,0.2086360305547714,0.2086360305547714,0.2086360305547714,0.0
2020-09-28,0.2144314646720886,0.2144314646720886,0.2144314646720886,0.2144314646720886,6300.0
2020-09-29,0.2144314646720886,0.2144314646720886,0.2144314646720886,0.2144314646720886,0.0
2020-09-30,0.2144314646720886,0.2144314646720886,0.2144314646720886,0.2144314646720886,0.0
2020-10-01,0.2115337309994841,0.2521018385887146,0.2115337309994841,0.2521018385887146,134200.0
2020-10-02,0.2521018385887146,0.2549995580919781,0.2521018385887146,0.2521018385887146,39700.0
2020-10-05,0.2521018385887146,0.2521018385887146,0.2521018385887146,0.2521018385887146,0.0
2020-10-06,0.2260223180055618,0.2260223180055618,0.2260223180055618,0.2260223180055618,6900.0
2020-10-07,0.2260223180055618,0.2260223180055618,0.2260223180055618,0.2260223180055618,0.0
2020-10-08,0.2318177968263626,0.2318177968263626,0.2318177968263626,0.2318177968263626,15800.0
2020-10-09,0.2318177968263626,0.2318177968263626,0.2318177968263626,0.2318177968263626,0.0
2020-10-12,0.2318177968263626,0.2318177968263626,0.2318177968263626,0.2318177968263626,5400.0
2020-10-13,0.2202269237513301,0.2376132607460022,0.2202269237513301,0.2376132607460022,25500.0
2020-10-14,0.2376132607460022,0.2376132607460022,0.2376132607460022,0.2376132607460022,0.0
2020-10-15,0.223124623298645,0.2289200799480111,0.223124623298645,0.223124623298645,4200.0
2020-10-16,0.2231246437051466,0.2376132607460022,0.2231246437051466,0.2376132607460022,64300.0
2020-10-19,0.2376132607460022,0.2376132607460022,0.2376132607460022,0.2376132607460022,0.0
2020-10-20,0.2376132607460022,0.2376132607460022,0.2376132607460022,0.2376132607460022,0.0
2020-10-21,0.2318177919093271,0.2318177919093271,0.2289200723171233,0.2289200723171234,39500.0
2020-10-22,0.2289200723171233,0.2289200723171233,0.2289200723171233,0.2289200723171234,0.0
2020-10-23,0.2289200723171233,0.2289200723171233,0.2289200723171233,0.2289200723171234,0.0
2020-10-26,0.2289200723171233,0.2289200723171233,0.2289200723171233,0.2289200723171234,0.0
2020-10-27,0.2289200723171233,0.2289200723171233,0.2289200723171233,0.2289200723171234,0.0
2020-10-28,0.2260223180055618,0.2260223180055618,0.2260223180055618,0.2260223180055618,4100.0
2020-10-29,0.2260223180055618,0.2260223180055618,0.2260223180055618,0.2260223180055618,0.0
2020-10-30,0.2260223180055618,0.2260223180055618,0.2260223180055618,0.2260223180055618,0.0
2020-11-02,0.2260223180055618,0.2260223180055618,0.2260223180055618,0.2260223180055618,0.0
2020-11-03,0.2260223180055618,0.2260223180055618,0.2260223180055618,0.2260223180055618,0.0
2020-11-04,0.2260223180055618,0.2260223180055618,0.2260223180055618,0.2260223180055618,0.0
2020-11-05,0.2839767399709446,0.2839767399709446,0.2289200268410439,0.2781812846660614,7200.0
2020-11-06,0.2781812846660614,0.2781812846660614,0.2781812846660614,0.2781812846660614,0.0
2020-11-09,0.2781812846660614,0.2781812846660614,0.2781812846660614,0.2781812846660614,0.0
2020-11-10,0.2781812846660614,0.2781812846660614,0.2781812846660614,0.2781812846660614,0.0
2020-11-11,0.2318178125993937,0.2723859250545501,0.2318178125993937,0.2723859250545501,3700.0
2020-11-12,0.2723859250545501,0.2723859250545501,0.2723859250545501,0.2723859250545501,0.0
2020-11-13,0.2723859250545501,0.2723859250545501,0.2723859250545501,0.2723859250545501,20000.0
2020-11-16,0.2781813239362362,0.2781813239362362,0.2607949901107358,0.2665904462337494,350000.0
2020-11-17,0.2578972706851141,0.2665904462337494,0.2578972706851141,0.2665904462337494,64300.0
2020-11-18,0.2665904545032797,0.3187494575977325,0.2607949982004933,0.3187494575977325,65400.0
2020-11-19,0.3187494575977325,0.3187494575977325,0.3187494575977325,0.3187494575977325,0.0
2020-11-20,0.3187494575977325,0.3187494575977325,0.3187494575977325,0.3187494575977325,0.0
2020-11-23,0.3187494575977325,0.3187494575977325,0.3187494575977325,0.3187494575977325,0.0
2020-11-24,0.2723858466329458,0.2781812846660614,0.2723858466329458,0.2781812846660614,23500.0
2020-11-25,0.278181376241191,0.2810791134834289,0.278181376241191,0.2810791134834289,5300.0
2020-11-26,0.2839767932891845,0.2897722324104264,0.2839767932891845,0.2839767932891845,93300.0
2020-11-27,0.2839767932891845,0.2839767932891845,0.2839767932891845,0.2839767932891845,0.0
2020-11-30,0.2897722423076629,0.2897722423076629,0.2897722423076629,0.2897722423076629,200.0
2020-12-01,0.2839767932891845,0.2839767932891845,0.2839767932891845,0.2839767932891845,76500.0
2020-12-02,0.2839767932891845,0.2839767932891845,0.2839767932891845,0.2839767932891845,0.0
2020-12-03,0.2839767932891845,0.2839767932891845,0.2839767932891845,0.2839767932891845,155900.0
2020-12-04,0.2781812846660614,0.2781812846660614,0.2781812846660614,0.2781812846660614,2000.0
2020-12-07,0.2781812846660614,0.2781812846660614,0.2781812846660614,0.2781812846660614,3000.0
2020-12-08,0.2781812846660614,0.2781812846660614,0.2781812846660614,0.2781812846660614,1000.0
2020-12-09,0.2839767932891845,0.2839767932891845,0.2839767932891845,0.2839767932891845,249700.0
2020-12-10,0.2781812846660614,0.2781812846660614,0.2781812846660614,0.2781812846660614,10000.0
2020-12-11,0.2781812846660614,0.2781812846660614,0.2781812846660614,0.2781812846660614,0.0
2020-12-14,0.2781812846660614,0.2781812846660614,0.2781812846660614,0.2781812846660614,6900.0
2020-12-15,0.2781813463975187,0.2897722423076629,0.2752836267379255,0.2897722423076629,63800.0
2020-12-16,0.2897722423076629,0.2897722423076629,0.2897722423076629,0.2897722423076629,0.0
2020-12-17,0.2723859070783323,0.2897722423076629,0.2723859070783323,0.2897722423076629,7900.0
2020-12-18,0.2897722423076629,0.2897722423076629,0.2897722423076629,0.2897722423076629,0.0
2020-12-21,0.2955676816268493,0.2955676816268493,0.2868745226480698,0.2897722423076629,15000.0
2020-12-22,0.2897722423076629,0.2897722423076629,0.2897722423076629,0.2897722423076629,0.0
2020-12-23,0.2897722423076629,0.2897722423076629,0.2897722423076629,0.2897722423076629,0.0
2020-12-24,0.2897722423076629,0.2897722423076629,0.2897722423076629,0.2897722423076629,0.0
2020-12-28,0.2897722278991129,0.3216471771132403,0.2897722278991129,0.3187494575977325,17600.0
2020-12-29,0.3071585297584533,0.3071585297584533,0.3071585297584533,0.3071585297584533,6300.0
2020-12-30,0.3071585297584533,0.3071585297584533,0.3071585297584533,0.3071585297584533,0.0
2020-12-31,0.3071585297584533,0.3071585297584533,0.3071585297584533,0.3071585297584533,0.0
2021-01-04,0.3071585297584533,0.3071585297584533,0.3071585297584533,0.3071585297584533,0.0
2021-01-05,0.3071585297584533,0.3071585297584533,0.3071585297584533,0.3071585297584533,0.0
2021-01-06,0.2955676615238189,0.2955676615238189,0.2955676615238189,0.2955676615238189,10000.0
2021-01-07,0.2955676615238189,0.2955676615238189,0.2955676615238189,0.2955676615238189,600.0
2021-01-08,0.2955676615238189,0.2955676615238189,0.2955676615238189,0.2955676615238189,0.0
2021-01-11,0.2955676615238189,0.2955676615238189,0.2955676615238189,0.2955676615238189,32900.0
2021-01-12,0.2955676615238189,0.2955676615238189,0.2955676615238189,0.2955676615238189,400.0
2021-01-13,0.2955676615238189,0.2955676615238189,0.2955676615238189,0.2955676615238189,1500.0
2021-01-14,0.2955676615238189,0.2955676615238189,0.2955676615238189,0.2955676615238189,0.0
2021-01-15,0.2955676615238189,0.2955676615238189,0.2955676615238189,0.2955676615238189,0.0
2021-01-18,0.2955676615238189,0.2955676615238189,0.2955676615238189,0.2955676615238189,7100.0
2021-01-19,0.2955676615238189,0.2955676615238189,0.2955676615238189,0.2955676615238189,0.0
2021-01-20,0.2955676615238189,0.2955676615238189,0.2955676615238189,0.2955676615238189,0.0
2021-01-21,0.3013631250421187,0.3187494777795336,0.3013631250421187,0.3129540383815765,13900.0
2021-01-22,0.2955676615238189,0.2955676615238189,0.2955676615238189,0.2955676615238189,1500.0
2021-01-25,0.2955676615238189,0.2955676615238189,0.2955676615238189,0.2955676615238189,0.0
2021-01-26,0.2955676669301286,0.3187494575977325,0.2955676669301286,0.3187494575977325,10100.0
2021-01-27,0.3187494575977325,0.3187494575977325,0.3187494575977325,0.3187494575977325,0.0
2021-01-28,0.3187494575977325,0.3187494575977325,0.3187494575977325,0.3187494575977325,0.0
2021-01-29,0.3187494575977325,0.3187494575977325,0.3187494575977325,0.3187494575977325,10000.0
2021-02-01,0.3187494575977325,0.3187494575977325,0.3187494575977325,0.3187494575977325,0.0
2021-02-02,0.3187494575977325,0.3187494575977325,0.3187494575977325,0.3187494575977325,0.0
2021-02-03,0.3013631209460357,0.3013631209460357,0.2897722423076629,0.2897722423076629,10500.0
2021-02-04,0.2897722423076629,0.2897722423076629,0.2897722423076629,0.2897722423076629,0.0
2021-02-05,0.2897722423076629,0.2897722423076629,0.2897722423076629,0.2897722423076629,6000.0
2021-02-08,0.2897722423076629,0.2897722423076629,0.2897722423076629,0.2897722423076629,0.0
2021-02-09,0.2897722423076629,0.2897722423076629,0.2897722423076629,0.2897722423076629,0.0
2021-02-10,0.2897722423076629,0.2897722423076629,0.2897722423076629,0.2897722423076629,0.0
2021-02-11,0.2897722423076629,0.2897722423076629,0.2897722423076629,0.2897722423076629,0.0
2021-02-15,0.2897722423076629,0.2897722423076629,0.2897722423076629,0.2897722423076629,0.0
2021-02-16,0.2897722423076629,0.2897722423076629,0.2897722423076629,0.2897722423076629,0.0
2021-02-17,0.2897722423076629,0.2897722423076629,0.2897722423076629,0.2897722423076629,0.0
2021-02-18,0.2897722423076629,0.2897722423076629,0.2897722423076629,0.2897722423076629,0.0
2021-02-19,0.2897722423076629,0.2897722423076629,0.2897722423076629,0.2897722423076629,0.0
2021-02-22,0.2897722423076629,0.2897722423076629,0.2897722423076629,0.2897722423076629,0.0
2021-02-23,0.2897722423076629,0.2897722423076629,0.2897722423076629,0.2897722423076629,0.0
2021-02-24,0.2897722423076629,0.2897722423076629,0.2897722423076629,0.2897722423076629,800.0
2021-02-25,0.2955676816268493,0.2955676816268493,0.2897722423076629,0.2897722423076629,10000.0
2021-02-26,0.2897722423076629,0.2897722423076629,0.2897722423076629,0.2897722423076629,0.0
2021-03-01,0.2897722423076629,0.2897722423076629,0.2897722423076629,0.2897722423076629,0.0
2021-03-02,0.2723859250545501,0.2723859250545501,0.2723859250545501,0.2723859250545501,10000.0
2021-03-03,0.278181376241191,0.2897722733948223,0.278181376241191,0.2810791134834289,20600.0
2021-03-04,0.2781812846660614,0.2781812846660614,0.2781812846660614,0.2781812846660614,100.0
2021-03-05,0.2781812846660614,0.2781812846660614,0.2781812846660614,0.2781812846660614,6000.0
2021-03-08,0.2839768029884766,0.2897722423076629,0.2839768029884766,0.2897722423076629,22500.0
2021-03-09,0.2897722423076629,0.2897722423076629,0.2897722423076629,0.2897722423076629,0.0
2021-03-10,0.2897722423076629,0.2897722423076629,0.2897722423076629,0.2897722423076629,0.0
2021-03-11,0.2897722423076629,0.2897722423076629,0.2897722423076629,0.2897722423076629,0.0
2021-03-12,0.2810791134834289,0.2810791134834289,0.2810791134834289,0.2810791134834289,7000.0
2021-03-15,0.2810791134834289,0.2810791134834289,0.2810791134834289,0.2810791134834289,48000.0
2021-03-16,0.2781812846660614,0.2781812846660614,0.2781812846660614,0.2781812846660614,15000.0
2021-03-17,0.2781812846660614,0.2781812846660614,0.2781812846660614,0.2781812846660614,0.0
2021-03-18,0.2781812846660614,0.2781812846660614,0.2781812846660614,0.2781812846660614,0.0
2021-03-19,0.2781812846660614,0.2781812846660614,0.2781812846660614,0.2781812846660614,0.0
2021-03-22,0.2781812846660614,0.2781812846660614,0.2781812846660614,0.2781812846660614,0.0
2021-03-23,0.2781812846660614,0.2781812846660614,0.2781812846660614,0.2781812846660614,0.0
2021-03-24,0.2781812846660614,0.2781812846660614,0.2781812846660614,0.2781812846660614,0.0
2021-03-25,0.2781812846660614,0.2781812846660614,0.2781812846660614,0.2781812846660614,0.0
2021-03-26,0.2955676856441616,0.3129540383815765,0.2955676856441616,0.3129540383815765,2000.0
2021-03-29,0.2897722423076629,0.2897722423076629,0.2897722423076629,0.2897722423076629,6500.0
2021-03-30,0.2665904498364465,0.3042608201503753,0.2665904498364465,0.3042608201503753,7000.0
2021-03-31,0.2839767932891845,0.2839767932891845,0.2839767932891845,0.2839767932891845,18500.0
2021-04-01,0.2839767932891845,0.2839767932891845,0.2839767932891845,0.2839767932891845,0.0
2021-04-05,0.2839768212679126,0.3013631403446197,0.2839768212679126,0.3013631403446197,25000.0
2021-04-06,0.2839768334538934,0.2839768334538934,0.2810791134834289,0.2810791134834289,58000.0
2021-04-07,0.2926699221134186,0.2926699221134186,0.2926699221134186,0.2926699221134186,10000.0
2021-04-08,0.2955676413784197,0.2955676413784197,0.2926699221134186,0.2926699221134186,30000.0
2021-04-09,0.2955676615238189,0.2955676615238189,0.2955676615238189,0.2955676615238189,11900.0
2021-04-12,0.2984654204985019,0.3013631403446197,0.2955677006523841,0.3013631403446197,10500.0
2021-04-13,0.3013631403446197,0.3013631403446197,0.3013631403446197,0.3013631403446197,0.0
2021-04-14,0.3013631403446197,0.3013631403446197,0.3013631403446197,0.3013631403446197,25000.0
2021-04-15,0.2897722423076629,0.2897722423076629,0.2897722423076629,0.2897722423076629,12000.0
2021-04-16,0.2897722423076629,0.2897722423076629,0.2897722423076629,0.2897722423076629,0.0
2021-04-19,0.2897722423076629,0.2897722423076629,0.2897722423076629,0.2897722423076629,0.0
2021-04-20,0.3013631403446197,0.3042608601907376,0.3013631403446197,0.3013631403446197,73400.0
2021-04-21,0.2955676615238189,0.2955676615238189,0.2955676615238189,0.2955676615238189,10000.0
2021-04-22,0.3013631403446197,0.3013631403446197,0.3013631403446197,0.3013631403446197,5000.0
2021-04-23,0.2926699221134186,0.2926699221134186,0.2926699221134186,0.2926699221134186,4000.0
2021-04-26,0.2926699808062662,0.3013631403446197,0.2926699808062662,0.3013631403446197,62000.0
2021-04-27,0.3013630799084218,0.3013630799084218,0.2926699221134186,0.2926699221134186,20900.0
2021-04-28,0.2926699221134186,0.2926699221134186,0.2926699221134186,0.2926699221134186,0.0
2021-04-29,0.3013631006855939,0.3042608201503753,0.3013631006855939,0.3042608201503753,20000.0
2021-04-30,0.3013631403446197,0.3013631403446197,0.3013631403446197,0.3013631403446197,14000.0
2021-05-03,0.3013631403446197,0.3013631403446197,0.3013631403446197,0.3013631403446197,0.0
2021-05-04,0.3013631403446197,0.3013631403446197,0.3013631403446197,0.3013631403446197,100.0
2021-05-05,0.3104039902068764,0.3104039902068764,0.3073903620243072,0.3073903620243072,15800.0
2021-05-06,0.3073903620243072,0.3073903620243072,0.3073903620243072,0.3073903620243072,0.0
2021-05-07,0.3073903620243072,0.3073903620243072,0.3073903620243072,0.3073903620243072,0.0
2021-05-10,0.3073903620243072,0.3073903620243072,0.3073903620243072,0.3073903620243072,0.0
2021-05-11,0.298349529504776,0.298349529504776,0.298349529504776,0.298349529504776,400.0
2021-05-12,0.298349529504776,0.298349529504776,0.298349529504776,0.298349529504776,43900.0
2021-05-14,0.2953358590602875,0.2953358590602875,0.2953358590602875,0.2953358590602875,8500.0
2021-05-17,0.2953358590602875,0.2953358590602875,0.2953358590602875,0.2953358590602875,0.0
2021-05-18,0.3013631582128818,0.3013631582128818,0.298349529504776,0.298349529504776,25500.0
2021-05-19,0.298349529504776,0.298349529504776,0.298349529504776,0.298349529504776,0.0
2021-05-20,0.298349529504776,0.298349529504776,0.298349529504776,0.298349529504776,0.0
2021-05-21,0.298349529504776,0.298349529504776,0.298349529504776,0.298349529504776,0.0
2021-05-24,0.298349529504776,0.298349529504776,0.298349529504776,0.298349529504776,0.0
2021-05-25,0.2983494803741068,0.2983494803741068,0.2893085777759552,0.2893085777759552,11000.0
2021-05-27,0.2893085777759552,0.2893085777759552,0.2893085777759552,0.2893085777759552,0.0
2021-05-28,0.2923222239504331,0.2923222239504331,0.2893085777759552,0.2893085777759552,20400.0
2021-05-31,0.2893085777759552,0.2893085777759552,0.2893085777759552,0.2893085777759552,0.0
2021-06-01,0.2893085777759552,0.2893085777759552,0.2893085777759552,0.2893085777759552,0.0
2021-06-02,0.3013631403446197,0.3013631403446197,0.3013631403446197,0.3013631403446197,23500.0
2021-06-03,0.3013631403446197,0.3013631403446197,0.3013631403446197,0.3013631403446197,15800.0
2021-06-04,0.3073903974034664,0.3073903974034664,0.3013631403446197,0.3013631403446197,10600.0
2021-06-07,0.3013631403446197,0.3013631403446197,0.3013631403446197,0.3013631403446197,14400.0
2021-06-08,0.3013631403446197,0.3013631403446197,0.3013631403446197,0.3013631403446197,0.0
2021-06-09,0.3013631403446197,0.3013631403446197,0.3013631403446197,0.3013631403446197,0.0
2021-06-10,0.3013631403446197,0.3013631403446197,0.3013631403446197,0.3013631403446197,85500.0
2021-06-11,0.3013631403446197,0.3043767688740431,0.3013631403446197,0.3013631403446197,9500.0
2021-06-14,0.3073904038759171,0.3104040324687958,0.3073904038759171,0.3104040324687958,30600.0
2021-06-15,0.3104040324687958,0.3104040324687958,0.3104040324687958,0.3104040324687958,0.0
2021-06-16,0.3104040324687958,0.3104040324687958,0.3104040324687958,0.3104040324687958,0.0
2021-06-17,0.3104040324687958,0.3104040324687958,0.3104040324687958,0.3104040324687958,0.0
2021-06-18,0.3104040324687958,0.3104040324687958,0.3104040324687958,0.3104040324687958,0.0
2021-06-21,0.3073903620243072,0.3073903620243072,0.3073903620243072,0.3073903620243072,26200.0
2021-06-22,0.3073903620243072,0.3073903620243072,0.3073903620243072,0.3073903620243072,0.0
2021-06-23,0.3073903620243072,0.3073903620243072,0.3073903620243072,0.3073903620243072,9500.0
2021-06-24,0.3073903620243072,0.3073903620243072,0.3073903620243072,0.3073903620243072,0.0
2021-06-25,0.3073903620243072,0.3073903620243072,0.3073903620243072,0.3073903620243072,0.0
2021-06-28,0.3043767338417381,0.3073903620243072,0.3043767338417381,0.3073903620243072,9000.0
2021-06-29,0.3104040324687958,0.3104040324687958,0.3104040324687958,0.3104040324687958,15100.0
2021-06-30,0.3104040324687958,0.3104040324687958,0.3104040324687958,0.3104040324687958,4900.0
2021-07-01,0.3104040324687958,0.3104040324687958,0.3104040324687958,0.3104040324687958,1000.0
2021-07-02,0.3043767580421098,0.3134176433086395,0.3043767580421098,0.3134176433086395,15400.0
2021-07-05,0.3013631403446197,0.3013631403446197,0.3013631403446197,0.3013631403446197,1800.0
2021-07-06,0.3073903620243072,0.3073903620243072,0.3073903620243072,0.3073903620243072,19500.0
2021-07-07,0.3104040324687958,0.3104040324687958,0.3104040324687958,0.3104040324687958,5000.0
2021-07-08,0.3104040324687958,0.3104040324687958,0.3104040324687958,0.3104040324687958,0.0
2021-07-09,0.3134176362473009,0.3134176362473009,0.3043767511844635,0.3043767511844635,36400.0
2021-07-12,0.3013631403446197,0.3013631403446197,0.3013631403446197,0.3013631403446197,1000.0
2021-07-13,0.3013631403446197,0.3013631403446197,0.3013631403446197,0.3013631403446197,0.0
2021-07-14,0.3013631403446197,0.3013631403446197,0.3013631403446197,0.3013631403446197,0.0
2021-07-15,0.3013631403446197,0.3013631403446197,0.3013631403446197,0.3013631403446197,0.0
2021-07-16,0.3013631403446197,0.3013631403446197,0.3013631403446197,0.3013631403446197,0.0
2021-07-19,0.3013631403446197,0.3013631403446197,0.3013631403446197,0.3013631403446197,500.0
2021-07-21,0.3013631403446197,0.3013631403446197,0.3013631403446197,0.3013631403446197,0.0
2021-07-22,0.3073903620243072,0.3073903620243072,0.3073903620243072,0.3073903620243072,7200.0
2021-07-23,0.3013631403446197,0.3013631403446197,0.3013631403446197,0.3013631403446197,9100.0
2021-07-26,0.3043767688740431,0.3043767688740431,0.3013631403446197,0.3013631403446197,13700.0
2021-07-27,0.3013631403446197,0.3013631403446197,0.3013631403446197,0.3013631403446197,0.0
2021-07-28,0.3013631582128818,0.3013631582128818,0.298349529504776,0.298349529504776,37000.0
2021-07-29,0.3013631403446197,0.3013631403446197,0.3013631403446197,0.3013631403446197,20000.0
2021-07-30,0.3013631403446197,0.3013631403446197,0.3013631403446197,0.3013631403446197,34000.0
2021-08-02,0.298349529504776,0.298349529504776,0.298349529504776,0.298349529504776,4400.0
2021-08-03,0.298349529504776,0.298349529504776,0.298349529504776,0.298349529504776,0.0
2021-08-04,0.3013631582128818,0.3013631582128818,0.298349529504776,0.298349529504776,50000.0
2021-08-05,0.298349529504776,0.298349529504776,0.298349529504776,0.298349529504776,0.0
2021-08-06,0.298349529504776,0.298349529504776,0.298349529504776,0.298349529504776,0.0
2021-08-10,0.3073903897119754,0.3676630306428778,0.3073903897119754,0.3525948524475097,349800.0
2021-08-11,0.3616357864561469,0.3676630435762017,0.355608493410806,0.3646494150161743,389600.0
2021-08-12,0.3676630312926942,0.3676630312926942,0.3616357743740082,0.3616357743740082,95100.0
2021-08-13,0.3616357743740082,0.3616357743740082,0.3616357743740082,0.3616357743740082,21000.0
2021-08-16,0.3646494028333512,0.3646494028333512,0.3616357743740082,0.3616357743740082,173500.0
2021-08-17,0.3616357743740082,0.3616357743740082,0.3586221459146652,0.3616357743740082,201100.0
2021-08-18,0.361635786129574,0.361635786129574,0.3556084930896759,0.3556084930896759,87700.0
2021-08-19,0.3556084930896759,0.358622157572268,0.35259486453237,0.3556084930896759,89600.0
2021-08-20,0.358622145280828,0.358622145280828,0.3525948524475097,0.3525948524475097,31500.0
2021-08-23,0.3556084815300372,0.3646494028333512,0.3556084815300372,0.3616357743740082,179700.0
2021-08-24,0.3586221635341644,0.3616357921415702,0.3556084990014718,0.3586221635341644,45600.0
2021-08-25,0.3616357743740082,0.3616357743740082,0.3616357743740082,0.3616357743740082,64100.0
2021-08-26,0.3586221459146652,0.3616357743740082,0.3586221459146652,0.3616357743740082,177600.0
2021-08-27,0.3586221635341644,0.3616357921415702,0.3586221635341644,0.3586221635341644,111600.0
2021-08-30,0.3616357743740082,0.3616357743740082,0.3616357743740082,0.3616357743740082,24100.0
2021-08-31,0.3616357743740082,0.3616357743740082,0.3586221459146652,0.3616357743740082,51300.0
2021-09-01,0.3616357921415702,0.3646494207489761,0.3586221635341644,0.3586221635341644,130800.0
2021-09-02,0.3616357864561469,0.3646494150161743,0.3616357864561469,0.3646494150161743,46500.0
2021-09-03,0.3646494028333512,0.3646494028333512,0.3616357743740082,0.3616357743740082,100100.0
2021-09-06,0.3616357743740082,0.3646494028333512,0.3586221459146652,0.3616357743740082,373700.0
2021-09-07,0.3616357921415702,0.3616357921415702,0.3586221635341644,0.3586221635341644,98000.0
2021-09-08,0.3616357921415702,0.3616357921415702,0.3525948703940659,0.3586221635341644,203000.0
2021-09-09,0.3586221635341644,0.3616357921415702,0.3586221635341644,0.3586221635341644,177800.0
2021-09-10,0.3616357743740082,0.3616357743740082,0.3616357743740082,0.3616357743740082,85400.0
2021-09-13,0.3586221459146652,0.3646494028333512,0.3586221459146652,0.3616357743740082,330000.0
2021-09-14,0.3646494150161743,0.3646494150161743,0.3616357864561469,0.3646494150161743,161200.0
2021-09-15,0.3646494150161743,0.3646494150161743,0.3616357864561469,0.3646494150161743,262200.0
2021-09-16,0.3899221491782718,0.3899221491782718,0.3538182393033793,0.3610390126705169,184300.0
2021-09-17,0.3538182533007827,0.3610390269535813,0.3321559108227837,0.357428640127182,154100.0
2021-09-20,0.3574286244495644,0.3574286244495644,0.3502078511134849,0.3538182377815246,79000.0
2021-09-21,0.3538182377815246,0.3538182377815246,0.3538182377815246,0.3538182377815246,24200.0
2021-09-22,0.3574286244495644,0.3574286244495644,0.3538182377815246,0.3538182377815246,60400.0
2021-09-23,0.3538182377815246,0.3538182377815246,0.3502078511134849,0.3538182377815246,27900.0
2021-09-24,0.3538182533007827,0.357428640127182,0.3502078664743833,0.357428640127182,42300.0
2021-09-27,0.3538182520518448,0.3538182520518448,0.3502078652381897,0.3502078652381897,15000.0
2021-09-28,0.3538182377815246,0.3538182377815246,0.3538182377815246,0.3538182377815246,28800.0
2021-09-29,0.3502078526198104,0.3610390126705169,0.3502078526198104,0.3610390126705169,31500.0
2021-09-30,0.357428640127182,0.357428640127182,0.357428640127182,0.357428640127182,20200.0
2021-10-01,0.3574286388654998,0.3574286388654998,0.3502078652381897,0.3502078652381897,28400.0
2021-10-04,0.3538182377815246,0.3538182377815246,0.3538182377815246,0.3538182377815246,30400.0
2021-10-05,0.3538182377815246,0.3538182377815246,0.3538182377815246,0.3538182377815246,20400.0
2021-10-06,0.3538182377815246,0.3538182377815246,0.3538182377815246,0.3538182377815246,5000.0
2021-10-07,0.3574286259869481,0.3610390126705169,0.3574286259869481,0.3610390126705169,74000.0
2021-10-08,0.3538182393033793,0.3610390126705169,0.3538182393033793,0.3610390126705169,2800.0
2021-10-11,0.3538182393033793,0.3610390126705169,0.3538182393033793,0.3610390126705169,37600.0
2021-10-12,0.3610390126705169,0.3610390126705169,0.3610390126705169,0.3610390126705169,0.0
2021-10-13,0.3610390126705169,0.3610390126705169,0.3610390126705169,0.3610390126705169,0.0
2021-10-14,0.3574286259869481,0.3610390126705169,0.3538182393033793,0.3610390126705169,6900.0
2021-10-15,0.3538182393033793,0.3610390126705169,0.3538182393033793,0.3610390126705169,6800.0
2021-10-18,0.3610390126705169,0.3610390126705169,0.3574286259869481,0.3610390126705169,32000.0
2021-10-19,0.3646493753077394,0.3899221234653457,0.3574286024167665,0.3827013075351715,83100.0
2021-10-20,0.3646493993540858,0.3646493993540858,0.3610390126705169,0.3610390126705169,4000.0
2021-10-21,0.3610390126705169,0.3610390126705169,0.3610390126705169,0.3610390126705169,0.0
2021-10-22,0.3610390126705169,0.3610390126705169,0.3610390126705169,0.3610390126705169,0.0
2021-10-25,0.3610390126705169,0.3610390126705169,0.3610390126705169,0.3610390126705169,4600.0
2021-10-26,0.3610390126705169,0.3610390126705169,0.3610390126705169,0.3610390126705169,0.0
2021-10-27,0.3610390126705169,0.3610390126705169,0.3610390126705169,0.3610390126705169,0.0
2021-10-28,0.357428598538258,0.3682597577571869,0.357428598538258,0.3682597577571869,5100.0
2021-10-29,0.357428598538258,0.3718701441634964,0.357428598538258,0.3682597577571869,15200.0
2021-11-01,0.3646493713508772,0.3718701441634964,0.3610389849445676,0.3682597577571869,76900.0
2021-11-02,0.3682597860376546,0.3682597860376546,0.3610390126705169,0.3610390126705169,18000.0
2021-11-03,0.3610390126705169,0.3610390126705169,0.3610390126705169,0.3610390126705169,0.0
2021-11-05,0.3610390126705169,0.3646493993540858,0.3610390126705169,0.3610390126705169,50100.0
2021-11-08,0.3610389986702852,0.3646493852138519,0.3574286121267186,0.3646493852138519,52100.0
2021-11-09,0.3610390126705169,0.3610390126705169,0.3610390126705169,0.3610390126705169,50000.0
2021-11-10,0.3610390126705169,0.3610390126705169,0.3610390126705169,0.3610390126705169,0.0
2021-11-11,0.3610390126705169,0.3610390126705169,0.3610390126705169,0.3610390126705169,50000.0
2021-11-12,0.3610390126705169,0.3610390126705169,0.3610390126705169,0.3610390126705169,2200.0
2021-11-15,0.3610390126705169,0.3610390126705169,0.3610390126705169,0.3610390126705169,1000.0
2021-11-16,0.3682597577571869,0.3682597577571869,0.3682597577571869,0.3682597577571869,29300.0
2021-11-17,0.3682597577571869,0.3682597577571869,0.3682597577571869,0.3682597577571869,10000.0
2021-11-18,0.3682597860376546,0.3682597860376546,0.3610390126705169,0.3610390126705169,45000.0
2021-11-19,0.3610390126705169,0.3610390126705169,0.3610390126705169,0.3610390126705169,0.0
2021-11-22,0.3610390126705169,0.3610390126705169,0.3610390126705169,0.3610390126705169,0.0
2021-11-23,0.3610390126705169,0.3610390126705169,0.3610390126705169,0.3610390126705169,0.0
2021-11-24,0.3610390269535813,0.3610390269535813,0.357428640127182,0.357428640127182,19000.0
2021-11-25,0.357428640127182,0.357428640127182,0.357428640127182,0.357428640127182,0.0
2021-11-26,0.357428640127182,0.357428640127182,0.357428640127182,0.357428640127182,7500.0
2021-11-29,0.3574286259869481,0.3610390126705169,0.3574286259869481,0.3610390126705169,19100.0
2021-11-30,0.3538182393033793,0.3610390126705169,0.3538182393033793,0.3610390126705169,6900.0
2021-12-01,0.3610390126705169,0.3610390126705169,0.3610390126705169,0.3610390126705169,1900.0
2021-12-02,0.3538182377815246,0.3538182377815246,0.3502078511134849,0.3538182377815246,28000.0
2021-12-03,0.3610390126705169,0.3610390126705169,0.3610390126705169,0.3610390126705169,200.0
2021-12-06,0.3465974032878876,0.3465974032878876,0.3465974032878876,0.3465974032878876,100.0
2021-12-07,0.3610390111176041,0.3610390111176041,0.3538182377815246,0.3538182377815246,27200.0
2021-12-08,0.3502078652381897,0.3502078652381897,0.3502078652381897,0.3502078652381897,15000.0
2021-12-09,0.3502078652381897,0.3502078652381897,0.3502078652381897,0.3502078652381897,0.0
2021-12-10,0.3502078652381897,0.3502078652381897,0.3502078652381897,0.3502078652381897,0.0
2021-12-13,0.3465974032878876,0.3465974032878876,0.3465974032878876,0.3465974032878876,10000.0
2021-12-14,0.3465974032878876,0.3465974032878876,0.3465974032878876,0.3465974032878876,0.0
2021-12-15,0.3465974032878876,0.3465974032878876,0.3465974032878876,0.3465974032878876,4900.0
2021-12-16,0.3465974444166395,0.3610390126705169,0.3465974444166395,0.3610390126705169,5700.0
2021-12-17,0.3610390126705169,0.3610390126705169,0.3610390126705169,0.3610390126705169,0.0
2021-12-20,0.346597458128381,0.357428640127182,0.346597458128381,0.357428640127182,8200.0
2021-12-21,0.3465974032878876,0.3465974032878876,0.3465974032878876,0.3465974032878876,3800.0
2021-12-22,0.3465974032878876,0.3465974032878876,0.3465974032878876,0.3465974032878876,3000.0
2021-12-23,0.3465974032878876,0.3465974032878876,0.3465974032878876,0.3465974032878876,0.0
2021-12-24,0.3502078652381897,0.3502078652381897,0.3502078652381897,0.3502078652381897,20500.0
2021-12-27,0.3502078652381897,0.3502078652381897,0.3502078652381897,0.3502078652381897,0.0
2021-12-28,0.3502078652381897,0.3502078652381897,0.3502078652381897,0.3502078652381897,15000.0
2021-12-29,0.3502078652381897,0.3502078652381897,0.3502078652381897,0.3502078652381897,0.0
2021-12-30,0.3502078652381897,0.3502078652381897,0.3502078652381897,0.3502078652381897,0.0
2021-12-31,0.3502078652381897,0.3502078652381897,0.3502078652381897,0.3502078652381897,0.0
2022-01-03,0.3502078511134849,0.3538182377815246,0.3502078511134849,0.3538182377815246,8500.0
2022-01-04,0.3502078652381897,0.3502078652381897,0.3502078652381897,0.3502078652381897,18500.0
2022-01-05,0.3502078652381897,0.3502078652381897,0.3502078652381897,0.3502078652381897,6700.0
2022-01-06,0.3502078664743833,0.357428640127182,0.3502078664743833,0.357428640127182,16600.0
2022-01-07,0.346597458128381,0.357428640127182,0.346597458128381,0.357428640127182,400.0
2022-01-10,0.357428640127182,0.357428640127182,0.357428640127182,0.357428640127182,0.0
2022-01-11,0.3465974032878876,0.3465974032878876,0.3465974032878876,0.3465974032878876,3800.0
2022-01-12,0.3465974032878876,0.3502078110626318,0.3465974032878876,0.3465974032878876,35100.0
2022-01-13,0.3465974032878876,0.3465974032878876,0.3465974032878876,0.3465974032878876,400.0
2022-01-14,0.3465974032878876,0.3465974032878876,0.3465974032878876,0.3465974032878876,16000.0
2022-01-17,0.3465974032878876,0.3465974032878876,0.3465974032878876,0.3465974032878876,32000.0
2022-01-18,0.3465974032878876,0.3465974032878876,0.3465974032878876,0.3465974032878876,0.0
2022-01-19,0.3465974032878876,0.3465974032878876,0.3465974032878876,0.3465974032878876,0.0
2022-01-20,0.3465974032878876,0.3465974032878876,0.3465974032878876,0.3465974032878876,0.0
2022-01-21,0.3465974032878876,0.3465974032878876,0.3465974032878876,0.3465974032878876,3000.0
2022-01-24,0.3465974032878876,0.3465974032878876,0.3465974032878876,0.3465974032878876,0.0
2022-01-25,0.3249351025682458,0.3285455107688904,0.3249351025682458,0.3285455107688904,10700.0
2022-01-26,0.3285455107688904,0.3285455107688904,0.3285455107688904,0.3285455107688904,0.0
2022-01-27,0.3538182390557893,0.3538182390557893,0.3285455107688904,0.3285455107688904,12400.0
2022-01-28,0.3285455107688904,0.3285455107688904,0.3285455107688904,0.3285455107688904,3000.0
2022-01-31,0.3285455107688904,0.3285455107688904,0.3285455107688904,0.3285455107688904,0.0
2022-02-03,0.3285455107688904,0.3285455107688904,0.3285455107688904,0.3285455107688904,0.0
2022-02-04,0.3285455107688904,0.3285455107688904,0.3285455107688904,0.3285455107688904,0.0
2022-02-07,0.3285455107688904,0.3285455107688904,0.3285455107688904,0.3285455107688904,3000.0
2022-02-08,0.3502078511134849,0.3538182377815246,0.3465974429258432,0.3538182377815246,4500.0
2022-02-09,0.3393766695897638,0.3538182377815246,0.3321558962536843,0.3538182377815246,31200.0
2022-02-10,0.3538182377815246,0.3538182377815246,0.3538182377815246,0.3538182377815246,0.0
2022-02-11,0.3538182377815246,0.3538182377815246,0.3538182377815246,0.3538182377815246,1000.0
2022-02-14,0.3538182377815246,0.3538182377815246,0.3538182377815246,0.3538182377815246,0.0
2022-02-15,0.3538182377815246,0.3538182377815246,0.3538182377815246,0.3538182377815246,0.0
2022-02-16,0.3538182377815246,0.3538182377815246,0.3538182377815246,0.3538182377815246,0.0
2022-02-17,0.3538182377815246,0.3538182377815246,0.3538182377815246,0.3538182377815246,0.0
2022-02-18,0.3321558833122253,0.3357662698395972,0.3321558833122253,0.3321558833122253,45000.0
2022-02-21,0.3321558833122253,0.3321558833122253,0.3321558833122253,0.3321558833122253,0.0
2022-02-22,0.335766282921724,0.3538182377815246,0.335766282921724,0.3538182377815246,21000.0
2022-02-23,0.342987060546875,0.342987060546875,0.342987060546875,0.342987060546875,3936700.0
2022-02-24,0.3429870428943408,0.3429870428943408,0.3321558833122253,0.3321558833122253,19000.0
2022-02-25,0.3321558833122253,0.3321558833122253,0.3321558833122253,0.3321558833122253,0.0
2022-02-28,0.3321559142756785,0.33937668800354,0.3321559142756785,0.33937668800354,25000.0
2022-03-01,0.33937668800354,0.33937668800354,0.33937668800354,0.33937668800354,0.0
2022-03-02,0.33937668800354,0.33937668800354,0.33937668800354,0.33937668800354,0.0
2022-03-03,0.3357662856578827,0.3357662856578827,0.3357662856578827,0.3357662856578827,100.0
2022-03-04,0.33937668800354,0.33937668800354,0.3357663011396092,0.33937668800354,20000.0
2022-03-07,0.33937668800354,0.33937668800354,0.33937668800354,0.33937668800354,0.0
2022-03-08,0.3321558833122253,0.3321558833122253,0.3321558833122253,0.3321558833122253,10000.0
2022-03-09,0.3321558833122253,0.3321558833122253,0.3321558833122253,0.3321558833122253,0.0
2022-03-10,0.3321558833122253,0.3321558833122253,0.3321558833122253,0.3321558833122253,0.0
2022-03-11,0.3321558833122253,0.3321558833122253,0.3321558833122253,0.3321558833122253,0.0
2022-03-14,0.3321558833122253,0.3321558833122253,0.3321558833122253,0.3321558833122253,0.0
2022-03-15,0.33937668800354,0.33937668800354,0.33937668800354,0.33937668800354,15000.0
2022-03-16,0.33937668800354,0.33937668800354,0.33937668800354,0.33937668800354,0.0
2022-03-17,0.3502078701149355,0.3502078701149355,0.33937668800354,0.33937668800354,30100.0
2022-03-18,0.33937668800354,0.33937668800354,0.33937668800354,0.33937668800354,0.0
2022-03-21,0.33937668800354,0.33937668800354,0.33937668800354,0.33937668800354,0.0
2022-03-22,0.33937668800354,0.33937668800354,0.33937668800354,0.33937668800354,3000.0
2022-03-23,0.3393766844755824,0.357428640127182,0.3393766844755824,0.357428640127182,31000.0
2022-03-24,0.3538182533007827,0.357428640127182,0.3538182533007827,0.357428640127182,14200.0
2022-03-25,0.3538182393033793,0.3610390126705169,0.3538182393033793,0.3610390126705169,38400.0
2022-03-28,0.3502078110626318,0.3502078110626318,0.3465974032878876,0.3465974032878876,29700.0
2022-03-29,0.3465974032878876,0.3465974032878876,0.3465974032878876,0.3465974032878876,0.0
2022-03-30,0.3465974032878876,0.3465974032878876,0.3465974032878876,0.3465974032878876,0.0
2022-03-31,0.3465974032878876,0.3465974032878876,0.3465974032878876,0.3465974032878876,0.0
2022-04-01,0.3465974032878876,0.3465974032878876,0.3465974032878876,0.3465974032878876,0.0
2022-04-04,0.3465974032878876,0.3465974032878876,0.3465974032878876,0.3465974032878876,0.0
2022-04-05,0.3502078110626318,0.3502078110626318,0.3465974032878876,0.3465974032878876,35000.0
2022-04-06,0.346597458128381,0.357428640127182,0.346597458128381,0.357428640127182,2300.0
2022-04-07,0.357428640127182,0.357428640127182,0.357428640127182,0.357428640127182,0.0
2022-04-08,0.357428640127182,0.357428640127182,0.357428640127182,0.357428640127182,0.0
2022-04-11,0.357428640127182,0.357428640127182,0.357428640127182,0.357428640127182,0.0
2022-04-12,0.357428640127182,0.357428640127182,0.357428640127182,0.357428640127182,0.0
2022-04-13,0.3465974032878876,0.3465974032878876,0.3465974032878876,0.3465974032878876,10000.0
2022-04-14,0.3465974032878876,0.3465974032878876,0.3465974032878876,0.3465974032878876,0.0
2022-04-18,0.346597458128381,0.357428640127182,0.346597458128381,0.357428640127182,2100.0
2022-04-19,0.346597458128381,0.357428640127182,0.346597458128381,0.357428640127182,1100.0
2022-04-20,0.357428640127182,0.357428640127182,0.357428640127182,0.357428640127182,0.0
2022-04-21,0.357428640127182,0.357428640127182,0.357428640127182,0.357428640127182,0.0
2022-04-22,0.3574286388654998,0.3574286388654998,0.3465974569049317,0.3502078652381897,74400.0
2022-04-25,0.3538182377815246,0.3538182377815246,0.3538182377815246,0.3538182377815246,29000.0
2022-04-26,0.3538182377815246,0.3538182377815246,0.3538182377815246,0.3538182377815246,25000.0
2022-04-27,0.3538182377815246,0.3538182377815246,0.3538182377815246,0.3538182377815246,22000.0
2022-04-28,0.3538182533007827,0.357428640127182,0.3538182533007827,0.357428640127182,51400.0
2022-04-29,0.3538182377815246,0.3574286244495644,0.3538182377815246,0.3538182377815246,63000.0
2022-05-04,0.3613462654041311,0.3651103079319,0.3613462654041311,0.3651103079319,27000.0
2022-05-05,0.3651103079319,0.3651103079319,0.3651103079319,0.3651103079319,0.0
2022-05-06,0.3651102871252783,0.3651102871252783,0.3613462448120117,0.3613462448120117,30000.0
2022-05-09,0.3651103079319,0.3651103079319,0.3651103079319,0.3651103079319,15000.0
2022-05-10,0.3651103079319,0.3651103079319,0.3651103079319,0.3651103079319,0.0
2022-05-11,0.3575822278882371,0.3575822278882371,0.3538182079792022,0.3538182079792022,1000.0
2022-05-12,0.3538182079792022,0.361346247797272,0.3425261482520976,0.3538182079792022,73200.0
2022-05-13,0.3538182079792022,0.3538182079792022,0.3538182079792022,0.3538182079792022,0.0
2022-05-17,0.3575822453116916,0.3651103079319,0.3575822453116916,0.3651103079319,10000.0
2022-05-18,0.3651103079319,0.3651103079319,0.3651103079319,0.3651103079319,0.0
2022-05-19,0.3575822141913508,0.3575822141913508,0.3500541746616363,0.3500541746616363,25000.0
2022-05-20,0.3613462448120117,0.3613462448120117,0.3613462448120117,0.3613462448120117,5000.0
2022-05-23,0.3538182079792022,0.3538182079792022,0.3538182079792022,0.3538182079792022,2900.0
2022-05-24,0.3538182079792022,0.3538182079792022,0.3538182079792022,0.3538182079792022,0.0
2022-05-25,0.3651103079319,0.3651103079319,0.3651103079319,0.3651103079319,19400.0
2022-05-26,0.3651103079319,0.3651103079319,0.3651103079319,0.3651103079319,0.0
2022-05-27,0.3651103079319,0.3651103079319,0.3651103079319,0.3651103079319,0.0
2022-05-30,0.3651103079319,0.3651103079319,0.3651103079319,0.3651103079319,0.0
2022-05-31,0.3500541746616363,0.3500541746616363,0.3500541746616363,0.3500541746616363,1300.0
2022-06-01,0.3613462448120117,0.3613462448120117,0.3613462448120117,0.3613462448120117,23200.0
2022-06-02,0.3613462448120117,0.3613462448120117,0.3613462448120117,0.3613462448120117,11300.0
2022-06-03,0.3651103079319,0.3651103079319,0.3651103079319,0.3651103079319,20000.0
2022-06-06,0.3651103079319,0.3651103079319,0.3651103079319,0.3651103079319,0.0
2022-06-07,0.3538182079792022,0.3538182079792022,0.3538182079792022,0.3538182079792022,2000.0
2022-06-08,0.3538182079792022,0.3538182079792022,0.3538182079792022,0.3538182079792022,0.0
2022-06-09,0.3538182079792022,0.3538182079792022,0.3538182079792022,0.3538182079792022,0.0
2022-06-10,0.3538182079792022,0.3538182079792022,0.3538182079792022,0.3538182079792022,0.0
2022-06-13,0.3613462448120117,0.3613462448120117,0.3613462448120117,0.3613462448120117,17800.0
2022-06-14,0.3613462448120117,0.3613462448120117,0.3613462448120117,0.3613462448120117,0.0
2022-06-15,0.3613462448120117,0.3613462448120117,0.3613462448120117,0.3613462448120117,16000.0
2022-06-16,0.3613462448120117,0.3613462448120117,0.3613462448120117,0.3613462448120117,0.0
2022-06-17,0.3613462448120117,0.3613462448120117,0.3613462448120117,0.3613462448120117,0.0
2022-06-20,0.3500541746616363,0.3500541746616363,0.3500541746616363,0.3500541746616363,400.0
2022-06-21,0.3500541746616363,0.3500541746616363,0.3500541746616363,0.3500541746616363,0.0
2022-06-22,0.3500541746616363,0.3500541746616363,0.3500541746616363,0.3500541746616363,0.0
2022-06-23,0.3538182079792022,0.3538182079792022,0.3538182079792022,0.3538182079792022,2400.0
2022-06-24,0.3500541851781964,0.3651102871252783,0.3500541851781964,0.3613462448120117,17000.0
2022-06-27,0.3613462448120117,0.3613462448120117,0.3613462448120117,0.3613462448120117,20800.0
2022-06-28,0.3613462448120117,0.3613462448120117,0.3613462448120117,0.3613462448120117,21600.0
2022-06-29,0.3613462448120117,0.3613462448120117,0.3613462448120117,0.3613462448120117,0.0
2022-06-30,0.3613462448120117,0.3613462448120117,0.3613462448120117,0.3613462448120117,0.0
2022-07-01,0.3613462448120117,0.3613462448120117,0.3613462448120117,0.3613462448120117,0.0
2022-07-04,0.3613462448120117,0.3613462448120117,0.3613462448120117,0.3613462448120117,0.0
2022-07-05,0.3613462448120117,0.3613462448120117,0.3613462448120117,0.3613462448120117,0.0
2022-07-06,0.3613462448120117,0.3613462448120117,0.3613462448120117,0.3613462448120117,0.0
2022-07-07,0.3613462654041311,0.3651103079319,0.3613462654041311,0.3651103079319,20100.0
2022-07-08,0.3613462448120117,0.3613462448120117,0.3613462448120117,0.3613462448120117,500.0
2022-07-12,0.3613462448120117,0.3613462448120117,0.3613462448120117,0.3613462448120117,0.0
2022-07-13,0.3613462448120117,0.3613462448120117,0.3613462448120117,0.3613462448120117,0.0
2022-07-14,0.3613462448120117,0.3613462448120117,0.3613462448120117,0.3613462448120117,0.0
2022-07-15,0.3538182079792022,0.3538182079792022,0.3538182079792022,0.3538182079792022,14100.0
2022-07-18,0.3613462654041311,0.3651103079319,0.3613462654041311,0.3651103079319,30100.0
2022-07-19,0.3651103079319,0.3651103079319,0.3651103079319,0.3651103079319,10000.0
2022-07-20,0.3613462613469453,0.3613462613469453,0.3575822412967682,0.3575822412967682,16100.0
2022-07-21,0.3651103079319,0.3651103079319,0.3651103079319,0.3651103079319,5000.0
2022-07-22,0.3613462448120117,0.3613462448120117,0.3613462448120117,0.3613462448120117,3000.0
2022-07-25,0.3613462448120117,0.3613462448120117,0.3613462448120117,0.3613462448120117,10000.0
2022-07-26,0.3538182079792022,0.3538182079792022,0.3538182079792022,0.3538182079792022,1200.0
2022-07-27,0.3538182079792022,0.3538182079792022,0.3538182079792022,0.3538182079792022,0.0
2022-07-28,0.3538182079792022,0.3538182079792022,0.3538182079792022,0.3538182079792022,0.0
2022-07-29,0.3538182079792022,0.3538182079792022,0.3538182079792022,0.3538182079792022,0.0
2022-08-01,0.3538182079792022,0.3538182079792022,0.3538182079792022,0.3538182079792022,0.0
2022-08-02,0.3538182079792022,0.3538182079792022,0.3538182079792022,0.3538182079792022,0.0
2022-08-03,0.3538182079792022,0.3538182079792022,0.3538182079792022,0.3538182079792022,0.0
2022-08-04,0.3538182079792022,0.3538182079792022,0.3538182079792022,0.3538182079792022,0.0
2022-08-05,0.3575822278882371,0.3575822278882371,0.3538182079792022,0.3538182079792022,30000.0
2022-08-08,0.3500542212141365,0.3538182414795577,0.3425261806832939,0.3462902009487152,170000.0
2022-08-10,0.3462902009487152,0.3462902009487152,0.3462902009487152,0.3462902009487152,0.0
2022-08-11,0.3500541851781964,0.3613462448120117,0.3500541851781964,0.3613462448120117,104100.0
2022-08-12,0.3651103079319,0.3651103079319,0.3613462654041311,0.3651103079319,105100.0
2022-08-15,0.3688743376999355,0.3764023780822754,0.3688743376999355,0.3764023780822754,156600.0
2022-08-16,0.3764023780822754,0.3764023780822754,0.3764023780822754,0.3764023780822754,40000.0
2022-08-17,0.3764023780822754,0.3764023780822754,0.3764023780822754,0.3764023780822754,0.0
2022-08-18,0.3764023780822754,0.3764023780822754,0.3764023780822754,0.3764023780822754,23400.0
2022-08-19,0.3764023780822754,0.3764023780822754,0.3764023780822754,0.3764023780822754,0.0
2022-08-22,0.3764023780822754,0.3764023780822754,0.3764023780822754,0.3764023780822754,5000.0
2022-08-23,0.3764023780822754,0.3764023780822754,0.3764023780822754,0.3764023780822754,0.0
2022-08-24,0.3764023780822754,0.3764023780822754,0.3764023780822754,0.3764023780822754,0.0
2022-08-25,0.3764023780822754,0.3764023780822754,0.3764023780822754,0.3764023780822754,7000.0
2022-08-26,0.3764023780822754,0.3764023780822754,0.3764023780822754,0.3764023780822754,0.0
2022-08-29,0.3764023780822754,0.3764023780822754,0.3764023780822754,0.3764023780822754,0.0
2022-08-30,0.3764023780822754,0.3764023780822754,0.3764023780822754,0.3764023780822754,0.0
2022-08-31,0.3764023780822754,0.3764023780822754,0.3764023780822754,0.3764023780822754,0.0
2022-09-01,0.3764023780822754,0.3764023780822754,0.3764023780822754,0.3764023780822754,0.0
2022-09-02,0.3651102871252783,0.3651102871252783,0.3613462448120117,0.3613462448120117,900.0
2022-09-05,0.3651103079319,0.3651103079319,0.3651103079319,0.3651103079319,2000.0
2022-09-06,0.3651103079319,0.3651103079319,0.3651103079319,0.3651103079319,0.0
2022-09-07,0.3651103079319,0.3651103079319,0.3651103079319,0.3651103079319,12000.0
2022-09-08,0.3651103079319,0.3651103079319,0.3651103079319,0.3651103079319,0.0
2022-09-09,0.3764023780822754,0.3764023780822754,0.3764023780822754,0.3764023780822754,8600.0
2022-09-12,0.3764023780822754,0.3764023780822754,0.3764023780822754,0.3764023780822754,1400.0
2022-09-13,0.3764023780822754,0.3764023780822754,0.3764023780822754,0.3764023780822754,0.0
2022-09-14,0.3764023780822754,0.3764023780822754,0.3764023780822754,0.3764023780822754,0.0
2022-09-15,0.3764023780822754,0.3764023780822754,0.3764023780822754,0.3764023780822754,0.0
2022-09-16,0.3764023780822754,0.3764023780822754,0.3764023780822754,0.3764023780822754,0.0
2022-09-19,0.3764023780822754,0.3764023780822754,0.3764023780822754,0.3764023780822754,0.0
2022-09-20,0.3764023780822754,0.3764023780822754,0.3764023780822754,0.3764023780822754,0.0
2022-09-21,0.3764023780822754,0.3764023780822754,0.3764023780822754,0.3764023780822754,0.0
2022-09-22,0.3764023780822754,0.3764023780822754,0.3764023780822754,0.3764023780822754,0.0
2022-09-23,0.3764023780822754,0.3764023780822754,0.3764023780822754,0.3764023780822754,0.0
2022-09-26,0.3764023780822754,0.3764023780822754,0.3764023780822754,0.3764023780822754,143000.0
2022-09-27,0.3764023780822754,0.3764023780822754,0.3764023780822754,0.3764023780822754,0.0
2022-09-28,0.3688742959212501,0.3688742959212501,0.3500541746616363,0.3500541746616363,20000.0
2022-09-29,0.3538182344999256,0.3764023780822754,0.3500542143087557,0.3764023780822754,10100.0
2022-09-30,0.3764023780822754,0.3764023780822754,0.3764023780822754,0.3764023780822754,0.0
2022-10-03,0.3764023780822754,0.3764023780822754,0.3764023780822754,0.3764023780822754,0.0
2022-10-04,0.3538182079792022,0.3538182079792022,0.3500541880701674,0.3538182079792022,17100.0
2022-10-05,0.3538182079792022,0.3538182079792022,0.3538182079792022,0.3538182079792022,0.0
2022-10-06,0.3538182079792022,0.3538182079792022,0.3538182079792022,0.3538182079792022,0.0
2022-10-07,0.3538182079792022,0.3538182079792022,0.3538182079792022,0.3538182079792022,0.0
2022-10-10,0.3538182079792022,0.3538182079792022,0.3538182079792022,0.3538182079792022,0.0
2022-10-11,0.3500542174228789,0.353818237647534,0.3387621343135834,0.3387621343135834,74000.0
2022-10-12,0.3387621343135834,0.3387621343135834,0.3387621343135834,0.3387621343135834,0.0
2022-10-13,0.3387621343135834,0.3387621343135834,0.3387621343135834,0.3387621343135834,0.0
2022-10-14,0.3387621343135834,0.3387621343135834,0.3387621343135834,0.3387621343135834,6500.0
2022-10-17,0.3387621343135834,0.3387621343135834,0.3387621343135834,0.3387621343135834,0.0
2022-10-18,0.3651103079319,0.3651103079319,0.3651103079319,0.3651103079319,5000.0
2022-10-19,0.3651103079319,0.3651103079319,0.3651103079319,0.3651103079319,0.0
2022-10-20,0.3651103079319,0.3651103079319,0.3651103079319,0.3651103079319,0.0
2022-10-21,0.3651103079319,0.3651103079319,0.3651103079319,0.3651103079319,0.0
2022-10-25,0.3651103079319,0.3651103079319,0.3651103079319,0.3651103079319,0.0
2022-10-26,0.3651103079319,0.3651103079319,0.3651103079319,0.3651103079319,0.0
2022-10-27,0.3651103079319,0.3651103079319,0.3651103079319,0.3651103079319,0.0
2022-10-28,0.3651103079319,0.3651103079319,0.3651103079319,0.3651103079319,0.0
2022-10-31,0.3651103079319,0.3651103079319,0.3651103079319,0.3651103079319,0.0
2022-11-01,0.3651103079319,0.3651103079319,0.3651103079319,0.3651103079319,0.0
2022-11-02,0.3651103079319,0.3651103079319,0.3651103079319,0.3651103079319,0.0
2022-11-03,0.3651103079319,0.3651103079319,0.3651103079319,0.3651103079319,0.0
2022-11-04,0.3651103079319,0.3651103079319,0.3651103079319,0.3651103079319,0.0
2022-11-07,0.3462902009487152,0.3462902009487152,0.3462902009487152,0.3462902009487152,1000.0
2022-11-08,0.3462901548967791,0.3500541746616363,0.3462901548967791,0.3500541746616363,8100.0
2022-11-09,0.3500541746616363,0.3500541746616363,0.3500541746616363,0.3500541746616363,0.0
2022-11-10,0.3500541746616363,0.3500541746616363,0.3500541746616363,0.3500541746616363,0.0
2022-11-11,0.3500541746616363,0.3500541746616363,0.3500541746616363,0.3500541746616363,0.0
2022-11-14,0.3462901548967791,0.3500541746616363,0.3462901548967791,0.3500541746616363,2000.0
2022-11-15,0.3500541746616363,0.3500541746616363,0.3500541746616363,0.3500541746616363,0.0
2022-11-16,0.3500541893953922,0.3688743114471435,0.3500541893953922,0.3688743114471435,9000.0
2022-11-17,0.3688743114471435,0.3688743114471435,0.3688743114471435,0.3688743114471435,0.0
2022-11-18,0.3688743114471435,0.3688743114471435,0.3688743114471435,0.3688743114471435,0.0
2022-11-21,0.3538182079792022,0.3538182079792022,0.3538182079792022,0.3538182079792022,14000.0
2022-11-22,0.3538181944264936,0.3538181944264936,0.3500541746616363,0.3500541746616363,17200.0
2022-11-23,0.3500541746616363,0.3500541746616363,0.3500541746616363,0.3500541746616363,0.0
2022-11-24,0.3500541746616363,0.3500541746616363,0.3500541746616363,0.3500541746616363,0.0
2022-11-25,0.3538182079792022,0.3538182079792022,0.3538182079792022,0.3538182079792022,1500.0
2022-11-28,0.3538182079792022,0.3538182079792022,0.3538182079792022,0.3538182079792022,0.0
2022-11-29,0.3688743114471435,0.3688743114471435,0.3688743114471435,0.3688743114471435,55400.0
2022-11-30,0.3575822278882371,0.3575822278882371,0.3538182079792022,0.3538182079792022,50000.0
2022-12-01,0.3538182079792022,0.3538182079792022,0.3538182079792022,0.3538182079792022,0.0
2022-12-02,0.3538182079792022,0.3538182079792022,0.3538182079792022,0.3538182079792022,0.0
2022-12-05,0.3575822412967682,0.3575822412967682,0.3575822412967682,0.3575822412967682,1900.0
2022-12-06,0.3575822412967682,0.3575822412967682,0.3575822412967682,0.3575822412967682,0.0
2022-12-07,0.3575822412967682,0.3575822412967682,0.3575822412967682,0.3575822412967682,0.0
2022-12-08,0.3613462448120117,0.3613462448120117,0.3613462448120117,0.3613462448120117,100.0
2022-12-09,0.3613462448120117,0.3613462448120117,0.3613462448120117,0.3613462448120117,0.0
2022-12-12,0.3613462448120117,0.3613462448120117,0.3613462448120117,0.3613462448120117,600.0
2022-12-13,0.3688743114471435,0.3688743114471435,0.3688743114471435,0.3688743114471435,11200.0
2022-12-14,0.3688743114471435,0.3688743114471435,0.3688743114471435,0.3688743114471435,0.0
2022-12-15,0.3613462448120117,0.3613462448120117,0.3613462448120117,0.3613462448120117,5800.0
2022-12-16,0.3613462448120117,0.3613462448120117,0.3613462448120117,0.3613462448120117,0.0
2022-12-19,0.3613462448120117,0.3613462448120117,0.3312340633531761,0.3613462448120117,37000.0
2022-12-20,0.3613462491652459,0.3688743114471435,0.3613462491652459,0.3688743114471435,10000.0
2022-12-21,0.3726383578911054,0.3764023780822754,0.3726383578911054,0.3764023780822754,13000.0
2022-12-22,0.3764023780822754,0.3764023780822754,0.3764023780822754,0.3764023780822754,0.0
2022-12-23,0.3764023780822754,0.3764023780822754,0.3764023780822754,0.3764023780822754,0.0
2022-12-27,0.3688743376999355,0.3764023780822754,0.3688743376999355,0.3764023780822754,20500.0
2022-12-28,0.3764023780822754,0.3764023780822754,0.3764023780822754,0.3764023780822754,0.0
2022-12-29,0.3764023780822754,0.3764023780822754,0.3764023780822754,0.3764023780822754,23200.0
2022-12-30,0.3764023780822754,0.3764023780822754,0.3764023780822754,0.3764023780822754,0.0
2023-01-03,0.3764023780822754,0.3764023780822754,0.3764023780822754,0.3764023780822754,4400.0
2023-01-04,0.3764023780822754,0.3764023780822754,0.3764023780822754,0.3764023780822754,0.0
2023-01-05,0.3764023512937127,0.3764023512937127,0.3688743114471435,0.3688743114471435,8100.0
2023-01-06,0.3688743114471435,0.3688743114471435,0.3688743114471435,0.3688743114471435,0.0
2023-01-09,0.3801663815975189,0.3801663815975189,0.3801663815975189,0.3801663815975189,8600.0
2023-01-10,0.3801663815975189,0.3801663815975189,0.3801663815975189,0.3801663815975189,5000.0
2023-01-11,0.3839304149150848,0.3839304149150848,0.3839304149150848,0.3839304149150848,4500.0
2023-01-12,0.3839304149150848,0.3839304149150848,0.3839304149150848,0.3839304149150848,0.0
2023-01-13,0.3801663712169972,0.3801663712169972,0.3688743114471435,0.3688743114471435,35700.0
2023-01-16,0.3801663815975189,0.3801663815975189,0.3801663815975189,0.3801663815975189,1000.0
2023-01-17,0.3914584517478943,0.3914584517478943,0.3876944316249844,0.3914584517478943,36600.0
2023-01-18,0.3914584384251348,0.3914584384251348,0.3876944184303283,0.3876944184303283,33000.0
2023-01-19,0.3914584517478943,0.3914584517478943,0.3914584517478943,0.3914584517478943,18000.0
2023-01-20,0.3914584776392954,0.3989865183830261,0.3914584776392954,0.3989865183830261,30000.0
2023-01-25,0.3839303984355219,0.3876944184303283,0.3839303984355219,0.3876944184303283,5500.0
2023-01-26,0.3876944184303283,0.3876944184303283,0.3876944184303283,0.3876944184303283,0.0
2023-01-27,0.3876944184303283,0.3876944184303283,0.3876944184303283,0.3876944184303283,0.0
2023-01-30,0.3989865183830261,0.3989865183830261,0.3989865183830261,0.3989865183830261,1000.0
2023-01-31,0.3989865183830261,0.4027505836255537,0.3989865183830261,0.3989865183830261,37000.0
2023-02-01,0.3989865183830261,0.3989865183830261,0.3989865183830261,0.3989865183830261,400.0
2023-02-02,0.3989865183830261,0.4027505836255537,0.3989865183830261,0.3989865183830261,12600.0
2023-02-03,0.4027505569872829,0.4027505569872829,0.3914584517478943,0.3914584517478943,2000.0
2023-02-06,0.3989864997552345,0.4102786052142896,0.3952224795591029,0.4065145850181579,3988700.0
2023-02-07,0.4065145850181579,0.4065145850181579,0.4065145850181579,0.4065145850181579,26000.0
2023-02-08,0.410278572155802,0.414042592048645,0.410278572155802,0.414042592048645,83600.0
2023-02-09,0.414042592048645,0.414042592048645,0.414042592048645,0.414042592048645,32000.0
2023-02-10,0.414042592048645,0.414042592048645,0.414042592048645,0.414042592048645,0.0
2023-02-13,0.4102785885334015,0.4102785885334015,0.4065145684903054,0.4102785885334015,36000.0
2023-02-14,0.4065145850181579,0.4065145850181579,0.4065145850181579,0.4065145850181579,18000.0
2023-02-15,0.4027505815029144,0.4027505815029144,0.4027505815029144,0.4027505815029144,18800.0
2023-02-16,0.3989865053140333,0.3989865053140333,0.3952224850654602,0.3952224850654602,19300.0
2023-02-17,0.3876944350714554,0.3876944350714554,0.3839304149150848,0.3839304149150848,30000.0
2023-02-20,0.395222471870804,0.4065145771101928,0.3914584517478943,0.3914584517478943,16100.0
2023-02-21,0.3914584517478943,0.3914584517478943,0.3914584517478943,0.3914584517478943,0.0
2023-02-22,0.3914584517478943,0.3914584517478943,0.3914584517478943,0.3914584517478943,38200.0
2023-02-23,0.3914584517478943,0.3914584517478943,0.3914584517478943,0.3914584517478943,9800.0
2023-02-24,0.3876944316249844,0.3914584517478943,0.3876944316249844,0.3914584517478943,39900.0
2023-02-27,0.3914584517478943,0.4065145771101928,0.3914584517478943,0.3914584517478943,93500.0
2023-02-28,0.3989864919937139,0.3989864919937139,0.3914584517478943,0.3914584517478943,10500.0
2023-03-01,0.414042592048645,0.4215706318343311,0.410278572155802,0.414042592048645,378400.0
2023-03-02,0.414042592048645,0.414042592048645,0.410278572155802,0.414042592048645,61200.0
2023-03-03,0.414042592048645,0.4178066119414881,0.410278572155802,0.414042592048645,117200.0
2023-03-06,0.4178066119414881,0.4253346517271742,0.414042592048645,0.414042592048645,207600.0
2023-03-07,0.414042592048645,0.414042592048645,0.414042592048645,0.414042592048645,56500.0
2023-03-08,0.4102785885334015,0.4102785885334015,0.4102785885334015,0.4102785885334015,39000.0
2023-03-09,0.4102785885334015,0.4140426085764976,0.4102785885334015,0.4102785885334015,108200.0
2023-03-10,0.4102785885334015,0.4102785885334015,0.4065145684903054,0.4102785885334015,73500.0
2023-03-13,0.4102785885334015,0.4102785885334015,0.4065145684903054,0.4102785885334015,57000.0
2023-03-14,0.4102785885334015,0.4102785885334015,0.4102785885334015,0.4102785885334015,63300.0
2023-03-15,0.4102785885334015,0.4102785885334015,0.4102785885334015,0.4102785885334015,0.0
2023-03-16,0.4102785885334015,0.4102785885334015,0.4102785885334015,0.4102785885334015,31200.0
2023-03-17,0.4140426085764976,0.4140426085764976,0.4102785885334015,0.4102785885334015,109400.0
2023-03-20,0.4102785885334015,0.4102785885334015,0.4102785885334015,0.4102785885334015,40000.0
2023-03-21,0.4102785885334015,0.4102785885334015,0.4102785885334015,0.4102785885334015,0.0
2023-03-22,0.4140426085764976,0.4140426085764976,0.4102785885334015,0.4102785885334015,30000.0
2023-03-23,0.414042592048645,0.414042592048645,0.414042592048645,0.414042592048645,22000.0
2023-03-24,0.414042592048645,0.414042592048645,0.414042592048645,0.414042592048645,0.0
2023-03-27,0.4065145850181579,0.4065145850181579,0.4065145850181579,0.4065145850181579,90900.0
2023-03-28,0.4065145850181579,0.4065145850181579,0.4065145850181579,0.4065145850181579,0.0
2023-03-29,0.4065145850181579,0.4065145850181579,0.4065145850181579,0.4065145850181579,0.0
2023-03-30,0.4065145850181579,0.4065145850181579,0.4065145850181579,0.4065145850181579,0.0
2023-03-31,0.4065145850181579,0.4065145850181579,0.4065145850181579,0.4065145850181579,0.0
2023-04-03,0.4102785885334015,0.4102785885334015,0.4102785885334015,0.4102785885334015,40000.0
2023-04-04,0.4102785885334015,0.4102785885334015,0.4102785885334015,0.4102785885334015,0.0
2023-04-05,0.4102785885334015,0.4102785885334015,0.4102785885334015,0.4102785885334015,4800.0
2023-04-06,0.4102785885334015,0.4102785885334015,0.4102785885334015,0.4102785885334015,0.0
2023-04-10,0.414042592048645,0.4178066119414881,0.410278572155802,0.414042592048645,88500.0
2023-04-11,0.414042592048645,0.414042592048645,0.414042592048645,0.414042592048645,10000.0
2023-04-12,0.4140425732313668,0.425334632396698,0.4140425732313668,0.425334632396698,90500.0
2023-04-13,0.4178066680874373,0.4215706884860992,0.4178066680874373,0.4215706884860992,94000.0
2023-04-14,0.4215706754508088,0.4215706754508088,0.4178066551685333,0.4178066551685333,50700.0
2023-04-17,0.4178066680874373,0.4253347088847611,0.4178066680874373,0.4215706884860992,62000.0
2023-04-18,0.4178066680874373,0.4215706884860992,0.4178066680874373,0.4215706884860992,11200.0
2023-04-19,0.4215706884860992,0.4215706884860992,0.4215706884860992,0.4215706884860992,25900.0
2023-04-20,0.4178066551685333,0.4178066551685333,0.4178066551685333,0.4178066551685333,1000.0
2023-04-21,0.4215706884860992,0.4215706884860992,0.4215706884860992,0.4215706884860992,48400.0
2023-04-24,0.4215706126749209,0.425334632396698,0.4178065929531439,0.425334632396698,152000.0
2023-04-25,0.4215706884860992,0.4215706884860992,0.4215706884860992,0.4215706884860992,42000.0
2023-04-26,0.4215706884860992,0.4215706884860992,0.4215706884860992,0.4215706884860992,0.0
2023-04-27,0.4215706884860992,0.4215706884860992,0.4215706884860992,0.4215706884860992,14900.0
2023-04-28,0.4215706884860992,0.4215706884860992,0.4215706884860992,0.4215706884860992,5000.0
2023-05-02,0.4215706884860992,0.4215706884860992,0.4215706884860992,0.4215706884860992,21000.0
2023-05-03,0.4253346957330843,0.4253346957330843,0.4178066551685333,0.4178066551685333,18900.0
2023-05-04,0.4215706884860992,0.4215706884860992,0.4215706884860992,0.4215706884860992,40000.0
2023-05-05,0.4215706884860992,0.4253347088847611,0.4215706884860992,0.4215706884860992,67500.0
2023-05-08,0.4253347088847611,0.4253347088847611,0.4215706884860992,0.4215706884860992,37000.0
2023-05-09,0.432862749682085,0.432862749682085,0.4215706884860992,0.4215706884860992,39200.0
2023-05-10,0.425334632396698,0.425334632396698,0.425334632396698,0.425334632396698,45300.0
2023-05-11,0.425334632396698,0.425334632396698,0.425334632396698,0.425334632396698,0.0
2023-05-12,0.4215706884860992,0.4215706884860992,0.4215706884860992,0.4215706884860992,10000.0
2023-05-15,0.4290987292834231,0.4290987292834231,0.4215706884860992,0.4215706884860992,43900.0
2023-05-16,0.4253347088847611,0.4253347088847611,0.4215706884860992,0.4215706884860992,44000.0
2023-05-17,0.4215706884860992,0.4215706884860992,0.4215706884860992,0.4215706884860992,51300.0
2023-05-18,0.4215706126749209,0.425334632396698,0.4215706126749209,0.425334632396698,83000.0
2023-05-19,0.425334632396698,0.425334632396698,0.4215706126749209,0.425334632396698,16600.0
2023-05-22,0.425334632396698,0.425334632396698,0.425334632396698,0.425334632396698,73600.0
2023-05-23,0.4253347088847611,0.4253347088847611,0.4140426476887753,0.4215706884860992,136400.0
2023-05-24,0.4215706391571538,0.4403907389482805,0.4215706391571538,0.4328626990318298,243600.0
2023-05-25,0.4366267621517181,0.4403907824820264,0.4366267621517181,0.4366267621517181,125100.0
2023-05-26,0.4366267189900552,0.4366267189900552,0.4215706391571538,0.4328626990318298,11200.0
2023-05-29,0.4328626718402521,0.4328626718402521,0.425334632396698,0.425334632396698,48000.0
2023-05-30,0.429098652118475,0.429098652118475,0.425334632396698,0.425334632396698,93200.0
2023-05-31,0.4253347088847611,0.4253347088847611,0.4215706884860992,0.4215706884860992,131700.0
2023-06-01,0.4050385082717882,0.4174376342140478,0.3719741231560158,0.3802402317523956,239200.0
2023-06-05,0.3885062923114191,0.4133045673370361,0.3885062923114191,0.4133045673370361,106700.0
2023-06-06,0.4133045673370361,0.4133045673370361,0.4091715256052453,0.4133045673370361,46900.0
2023-06-07,0.4133045633556427,0.4133045633556427,0.4091715216636657,0.4091715216636657,12800.0
2023-06-08,0.4133045673370361,0.4133045673370361,0.4133045673370361,0.4133045673370361,5000.0
2023-06-09,0.4133045673370361,0.4133045673370361,0.4133045673370361,0.4133045673370361,22000.0
2023-06-12,0.4215706586837768,0.4215706586837768,0.4133045750656235,0.4215706586837768,12000.0
2023-06-13,0.4133045750656235,0.4215706586837768,0.4133045750656235,0.4215706586837768,10600.0
2023-06-14,0.4298367202281952,0.4339697618250246,0.4298367202281952,0.4298367202281952,178400.0
2023-06-15,0.4298367202281952,0.4298367202281952,0.4298367202281952,0.4298367202281952,0.0
2023-06-16,0.4298367202281952,0.4298367202281952,0.4298367202281952,0.4298367202281952,26000.0
2023-06-19,0.4257037043571472,0.4298367462037412,0.4257037043571472,0.4257037043571472,28400.0
2023-06-20,0.4298367282274455,0.4381028115749359,0.4298367282274455,0.4381028115749359,9300.0
2023-06-21,0.4339697957038879,0.4339697957038879,0.4339697957038879,0.4339697957038879,62400.0
2023-06-22,0.4339697957038879,0.4339697957038879,0.4339697957038879,0.4339697957038879,2600.0
2023-06-23,0.4339697957038879,0.4339697957038879,0.4339697957038879,0.4339697957038879,7400.0
2023-06-26,0.4339697957038879,0.4339697957038879,0.4339697957038879,0.4339697957038879,0.0
2023-06-27,0.4298367202281952,0.4298367202281952,0.4298367202281952,0.4298367202281952,45600.0
2023-06-28,0.4257037043571472,0.4257037043571472,0.4257037043571472,0.4257037043571472,12000.0
2023-06-30,0.4174376168747002,0.4215706586837768,0.4174376168747002,0.4215706586837768,5300.0
2023-07-03,0.4215706370345364,0.4298367202281952,0.4215706370345364,0.4298367202281952,10100.0
2023-07-04,0.4298367202281952,0.4298367202281952,0.4298367202281952,0.4298367202281952,3500.0
2023-07-05,0.4257036786313658,0.4298367202281952,0.4257036786313658,0.4298367202281952,24100.0
2023-07-06,0.4339697699011907,0.4381028115749359,0.4339697699011907,0.4381028115749359,23900.0
2023-07-07,0.4381028115749359,0.4381028115749359,0.4381028115749359,0.4381028115749359,2100.0
2023-07-10,0.4381028115749359,0.4381028115749359,0.4381028115749359,0.4381028115749359,400.0
2023-07-11,0.4339697618250246,0.4546350190789138,0.4298367202281952,0.4298367202281952,42600.0
2023-07-12,0.4298367202281952,0.4298367202281952,0.4298367202281952,0.4298367202281952,0.0
2023-07-13,0.4422359025184242,0.4422359025184242,0.4381028115749359,0.4381028115749359,10000.0
2023-07-14,0.4381028257754937,0.442235916852951,0.4381028257754937,0.442235916852951,10100.0
2023-07-17,0.4505020004683762,0.4505020004683762,0.442235916852951,0.442235916852951,9400.0
2023-07-18,0.4381028115749359,0.4381028115749359,0.4381028115749359,0.4381028115749359,5100.0
2023-07-19,0.4381028115749359,0.4381028115749359,0.4381028115749359,0.4381028115749359,4900.0
2023-07-20,0.4381028115749359,0.4381028115749359,0.4381028115749359,0.4381028115749359,10000.0
2023-07-21,0.4546350200025959,0.4587680616078224,0.4505019783973694,0.4505019783973694,397200.0
2023-07-24,0.4463689367921429,0.4546350200025959,0.4463689367921429,0.4505019783973694,42100.0
2023-07-25,0.4463689441921695,0.4546350275396598,0.4381028115749359,0.4381028115749359,33000.0
2023-07-26,0.4463689625263214,0.4463689625263214,0.4463689625263214,0.4463689625263214,1000.0
2023-07-27,0.4505019824285301,0.4546350240707397,0.4505019824285301,0.4546350240707397,11200.0
2023-07-28,0.4587680657129493,0.4587680657129493,0.4546350240707397,0.4546350240707397,44600.0
2023-07-31,0.4546350240707397,0.4546350240707397,0.4546350240707397,0.4546350240707397,52800.0
2023-08-01,0.4546350240707397,0.4546350240707397,0.4546350240707397,0.4546350240707397,0.0
2023-08-02,0.4587680697441101,0.4587680697441101,0.4587680697441101,0.4587680697441101,6000.0
2023-08-03,0.4546350280655838,0.4587680697441101,0.4546350280655838,0.4587680697441101,31900.0
2023-08-04,0.4587680657129493,0.4587680657129493,0.4546350240707397,0.4546350240707397,28500.0
2023-08-07,0.4587681032395164,0.4629011452198028,0.4587681032395164,0.4629011452198028,438100.0
2023-08-08,0.4587680657129493,0.471167190639578,0.4546350240707397,0.4546350240707397,162300.0
2023-08-10,0.4546350422760888,0.4546350422760888,0.442235916852951,0.442235916852951,61200.0
2023-08-11,0.4505019824285301,0.4587680657129493,0.4505019824285301,0.4546350240707397,59000.0
2023-08-14,0.4505020192789435,0.4629011452198028,0.4505020192789435,0.4629011452198028,53500.0
2023-08-15,0.4670341312885284,0.4670341312885284,0.4670341312885284,0.4670341312885284,10000.0
2023-08-16,0.4753002014317895,0.4835662841796875,0.4753002014317895,0.4835662841796875,108000.0
2023-08-17,0.4794332428057385,0.4835662841796875,0.4753002014317895,0.4835662841796875,110200.0
2023-08-18,0.4835663360725461,0.4835663360725461,0.4753002524375915,0.4753002524375915,46200.0
2023-08-21,0.4794332428057385,0.4835662841796875,0.4711671600578405,0.4835662841796875,52700.0
2023-08-22,0.4876993255536365,0.4876993255536365,0.4794332428057385,0.4835662841796875,63900.0
2023-08-23,0.4876994121285524,0.4876994121285524,0.4794333279132843,0.4794333279132843,87400.0
2023-08-24,0.4835663700209184,0.4835663700209184,0.4794333279132843,0.4794333279132843,72000.0
2023-08-25,0.4794332428057385,0.4876993255536365,0.4794332428057385,0.4835662841796875,57700.0
2023-08-28,0.4835663700209184,0.4876994121285524,0.4794333279132843,0.4794333279132843,80000.0
2023-08-29,0.4876993894577026,0.4876993894577026,0.4835663475421943,0.4876993894577026,54100.0
2023-08-30,0.4876993738801555,0.4959655067168907,0.4794332903131647,0.4918324649333954,83000.0
2023-08-31,0.4959655067168907,0.4959655067168907,0.4918324649333954,0.4918324649333954,72000.0
2023-09-04,0.4959655067168907,0.4959655067168907,0.4918324649333954,0.4918324649333954,51800.0
2023-09-05,0.4918324983448247,0.4959655404090881,0.4918324983448247,0.4959655404090881,113700.0
2023-09-06,0.4959654848763228,0.5000985264778137,0.4959654848763228,0.5000985264778137,43100.0
2023-09-07,0.5042315425164176,0.537295873652091,0.5042315425164176,0.5331628322601318,249600.0
2023-09-08,0.5331628704904027,0.5662272532666868,0.5331628704904027,0.5620942115783691,289900.0
2023-09-11,0.5620941563647591,0.5662271976470947,0.5579611150824236,0.5662271976470947,51400.0
2023-09-12,0.5786263942718506,0.5868924778762029,0.5786263942718506,0.5786263942718506,216800.0
2023-09-13,0.5786263942718506,0.5827594360740268,0.5538281434587938,0.5786263942718506,551200.0
2023-09-14,0.5703602389294303,0.5744932802117658,0.5662271976470947,0.5662271976470947,40500.0
2023-09-15,0.5703602389294303,0.5703602389294303,0.5662271976470947,0.5662271976470947,16700.0
2023-09-18,0.5703603029251099,0.5703603029251099,0.5703603029251099,0.5703603029251099,30700.0
2023-09-19,0.5703602949550044,0.5703602949550044,0.5579611698900516,0.5620942115783691,327600.0
2023-09-20,0.5620942034893069,0.5620942034893069,0.5538281202316284,0.5538281202316284,10100.0
2023-09-21,0.553828128201734,0.5620942115783691,0.553828128201734,0.5620942115783691,10900.0
2023-09-22,0.5579611659049988,0.5579611659049988,0.5496950825874014,0.5579611659049988,25600.0
2023-09-25,0.5620942565659662,0.5620942565659662,0.495965534990484,0.5455620884895325,336900.0
2023-09-26,0.5455620884895325,0.5455620884895325,0.5455620884895325,0.5455620884895325,400.0
2023-09-27,0.5455620884895325,0.5455620884895325,0.5455620884895325,0.5455620884895325,0.0
2023-09-28,0.537295937538147,0.537295937538147,0.537295937538147,0.537295937538147,200.0
2023-09-29,0.537295937538147,0.537295937538147,0.537295937538147,0.537295937538147,0.0
2023-10-02,0.5372959044465287,0.5538281202316284,0.5372959044465287,0.5538281202316284,59600.0
2023-10-03,0.5538281202316284,0.5538281202316284,0.5538281202316284,0.5538281202316284,13000.0
2023-10-04,0.5372959218969583,0.5372959218969583,0.5042315877923728,0.5207637548446655,90200.0
2023-10-05,0.5207637548446655,0.5207637548446655,0.5207637548446655,0.5207637548446655,0.0
2023-10-06,0.5455620546928489,0.5496950964559222,0.5207637548446655,0.5207637548446655,38800.0
2023-10-09,0.5207637548446655,0.5207637548446655,0.5166307130815924,0.5207637548446655,28000.0
2023-10-10,0.5248967494762135,0.537295873652091,0.5248967494762135,0.5331628322601318,2600.0
2023-10-11,0.5331628322601318,0.5331628322601318,0.5331628322601318,0.5331628322601318,0.0
2023-10-12,0.5455620884895325,0.5455620884895325,0.5455620884895325,0.5455620884895325,400.0
2023-10-13,0.5414289716639209,0.5414289716639209,0.5290298461914062,0.5290298461914062,15200.0
2023-10-16,0.5455619876210677,0.5455619876210677,0.5166306495666504,0.5166306495666504,24000.0
2023-10-17,0.5166306495666504,0.5166306495666504,0.5166306495666504,0.5166306495666504,0.0
2023-10-18,0.5290297733315129,0.5290297733315129,0.5166306495666504,0.5166306495666504,10700.0
2023-10-19,0.5290298461914062,0.5290298461914062,0.5290298461914062,0.5290298461914062,8400.0
2023-10-20,0.5290297733315129,0.5290297733315129,0.5166306495666504,0.5166306495666504,1000.0
2023-10-23,0.5207636908216046,0.5207636908216046,0.5166306495666504,0.5166306495666504,125100.0
2023-10-24,0.5207637548446655,0.5207637548446655,0.5207637548446655,0.5207637548446655,7000.0
2023-10-25,0.5207637548446655,0.5207637548446655,0.5207637548446655,0.5207637548446655,0.0
2023-10-26,0.5166306495666504,0.5166306495666504,0.5166306495666504,0.5166306495666504,10000.0
2023-10-27,0.5124977231025696,0.5207638074639418,0.5042316387411974,0.5124977231025696,25800.0
2023-10-30,0.5248967760867587,0.5248967760867587,0.5000985264778137,0.5000985264778137,103400.0
2023-10-31,0.5042315721511841,0.5042315721511841,0.5000985305163173,0.5042315721511841,164400.0
2023-11-01,0.5042315721511841,0.5042315721511841,0.5000985305163173,0.5042315721511841,46900.0
2023-11-02,0.5042315721511841,0.5042315721511841,0.5042315721511841,0.5042315721511841,181000.0
2023-11-03,0.5042315761568542,0.5083646178245544,0.5042315761568542,0.5083646178245544,34900.0
2023-11-06,0.520763758724173,0.5248968005180359,0.520763758724173,0.5248968005180359,10600.0
2023-11-07,0.5207637548446655,0.5207637548446655,0.5207637548446655,0.5207637548446655,10000.0
2023-11-08,0.5372958821495484,0.5414289236068726,0.5372958821495484,0.5414289236068726,11900.0
2023-11-09,0.537295937538147,0.537295937538147,0.537295937538147,0.537295937538147,30000.0
2023-11-10,0.5455620884895325,0.5455620884895325,0.5455620884895325,0.5455620884895325,7700.0
2023-11-14,0.5455620884895325,0.5455620884895325,0.5372959551815684,0.5455620884895325,352900.0
2023-11-15,0.5496951305086409,0.5496951305086409,0.5455620884895325,0.5455620884895325,2400.0
2023-11-16,0.553828128201734,0.5620942115783691,0.553828128201734,0.5620942115783691,80200.0
2023-11-17,0.5620942115783691,0.5620942115783691,0.5620942115783691,0.5620942115783691,0.0
2023-11-20,0.5538281202316284,0.5538281202316284,0.5538281202316284,0.5538281202316284,1000.0
2023-11-21,0.5538281202316284,0.5538281202316284,0.5538281202316284,0.5538281202316284,500.0
2023-11-22,0.5538281202316284,0.5579611618604676,0.5538281202316284,0.5538281202316284,23500.0
2023-11-23,0.5538281725277493,0.5579612145468578,0.5455620884895325,0.5455620884895325,35500.0
2023-11-24,0.5579611659049988,0.5579611659049988,0.5579611659049988,0.5579611659049988,1500.0
2023-11-27,0.5579611659049988,0.5579611659049988,0.5579611659049988,0.5579611659049988,0.0
2023-11-28,0.5579611698900516,0.5620942115783691,0.5579611698900516,0.5620942115783691,10400.0
2023-11-29,0.5620942115783691,0.5620942115783691,0.5620942115783691,0.5620942115783691,0.0
2023-11-30,0.5620942115783691,0.5620942115783691,0.5620942115783691,0.5620942115783691,700.0
2023-12-01,0.5703602389294303,0.5703602389294303,0.5662271976470947,0.5662271976470947,600.0
2023-12-04,0.5662271976470947,0.5662271976470947,0.5662271976470947,0.5662271976470947,0.0
2023-12-05,0.5662271976470947,0.5662271976470947,0.5662271976470947,0.5662271976470947,0.0
2023-12-06,0.5620942115783691,0.5662272532666868,0.5620942115783691,0.5620942115783691,11000.0
2023-12-07,0.5620942115783691,0.5620942115783691,0.5620942115783691,0.5620942115783691,0.0
2023-12-08,0.5620942115783691,0.5620942115783691,0.5620942115783691,0.5620942115783691,0.0
2023-12-11,0.5620942115783691,0.5620942115783691,0.5620942115783691,0.5620942115783691,0.0
2023-12-12,0.5538281725277493,0.5538281725277493,0.5455620884895325,0.5455620884895325,17100.0
2023-12-13,0.5455620884895325,0.5455620884895325,0.5455620884895325,0.5455620884895325,0.0
2023-12-14,0.5455620409286026,0.5579611659049988,0.5455620409286026,0.5579611659049988,5900.0
2023-12-15,0.5538281725277493,0.5538281725277493,0.5455620884895325,0.5455620884895325,86200.0
2023-12-18,0.5455620884895325,0.5455620884895325,0.5455620884895325,0.5455620884895325,3000.0
2023-12-19,0.5496950786027892,0.5538281202316284,0.5496950786027892,0.5538281202316284,16000.0
2023-12-20,0.5538281202316284,0.5538281202316284,0.5538281202316284,0.5538281202316284,21100.0
2023-12-21,0.5496950745582581,0.5496950745582581,0.5496950745582581,0.5496950745582581,3000.0
2023-12-22,0.5496950745582581,0.5496950745582581,0.5496950745582581,0.5496950745582581,10100.0
2023-12-26,0.5538281202316284,0.5538281202316284,0.5538281202316284,0.5538281202316284,2000.0
2023-12-27,0.5579611618604676,0.5579611618604676,0.5496950786027892,0.5538281202316284,41200.0
2023-12-28,0.5579611618604676,0.5579611618604676,0.5538281202316284,0.5538281202316284,11000.0
2023-12-29,0.5496951305086409,0.5538281725277493,0.5455620884895325,0.5455620884895325,34700.0
2024-01-02,0.5538281202316284,0.5538281202316284,0.5538281202316284,0.5538281202316284,200.0
2024-01-03,0.5620942115783691,0.5620942115783691,0.5579611698900516,0.5620942115783691,56800.0
2024-01-04,0.5620942115783691,0.5620942115783691,0.5620942115783691,0.5620942115783691,110200.0
2024-01-05,0.5620942115783691,0.5620942115783691,0.5620942115783691,0.5620942115783691,0.0
2024-01-08,0.5620942075637975,0.5620942075637975,0.5496950825874014,0.5579611659049988,118700.0
2024-01-09,0.5579611659049988,0.5579611659049988,0.5579611659049988,0.5579611659049988,0.0
2024-01-10,0.5620942115783691,0.5620942115783691,0.5620942115783691,0.5620942115783691,11500.0
2024-01-11,0.553828128201734,0.5620942115783691,0.553828128201734,0.5620942115783691,16000.0
2024-01-12,0.553828128201734,0.5620942115783691,0.553828128201734,0.5620942115783691,15600.0
2024-01-15,0.5620942115783691,0.5620942115783691,0.5579611698900516,0.5620942115783691,74500.0
2024-01-16,0.5662272532666868,0.5662272532666868,0.5620942115783691,0.5620942115783691,32900.0
2024-01-17,0.5579611659049988,0.5579611659049988,0.5579611659049988,0.5579611659049988,21400.0
2024-01-18,0.5579611659049988,0.5579611659049988,0.5579611659049988,0.5579611659049988,4800.0
2024-01-19,0.5620942075637975,0.5620942075637975,0.5579611659049988,0.5579611659049988,37700.0
2024-01-22,0.5620942075637975,0.570360290881395,0.5579611659049988,0.5579611659049988,99100.0
2024-01-23,0.5620942115783691,0.5620942115783691,0.5579611698900516,0.5620942115783691,59100.0
2024-01-24,0.5620942075637975,0.5620942075637975,0.5579611659049988,0.5579611659049988,61200.0
2024-01-25,0.5579611659049988,0.5579611659049988,0.5579611659049988,0.5579611659049988,15200.0
2024-01-26,0.5579611659049988,0.5579611659049988,0.5579611659049988,0.5579611659049988,0.0
2024-01-29,0.5620942115783691,0.5662272532666868,0.5620942115783691,0.5620942115783691,53900.0
2024-01-30,0.5620942075637975,0.5620942075637975,0.5579611659049988,0.5579611659049988,102200.0
2024-01-31,0.5620942115783691,0.5620942115783691,0.5620942115783691,0.5620942115783691,29700.0
2024-02-01,0.5620942115783691,0.5620942115783691,0.5579611698900516,0.5620942115783691,60000.0
2024-02-02,0.5620942075637975,0.5620942075637975,0.5579611659049988,0.5579611659049988,57800.0
2024-02-05,0.5620942075637975,0.5620942075637975,0.5579611659049988,0.5579611659049988,76200.0
2024-02-06,0.5579611659049988,0.5579611659049988,0.5579611659049988,0.5579611659049988,20100.0
2024-02-07,0.5579611618604676,0.5620942034893069,0.5538281202316284,0.5538281202316284,39100.0
2024-02-08,0.5579611659049988,0.5620942075637975,0.5579611659049988,0.5579611659049988,32300.0
2024-02-09,0.5579611659049988,0.5579611659049988,0.5579611659049988,0.5579611659049988,400.0
2024-02-13,0.5620942115783691,0.5620942115783691,0.5620942115783691,0.5620942115783691,18700.0
2024-02-14,0.5620942115783691,0.5620942115783691,0.5620942115783691,0.5620942115783691,3900.0
2024-02-15,0.5620942075637975,0.5620942075637975,0.5579611659049988,0.5579611659049988,21200.0
2024-02-16,0.5579611659049988,0.5579611659049988,0.5579611659049988,0.5579611659049988,64200.0
2024-02-19,0.5620942115783691,0.5620942115783691,0.5579611698900516,0.5620942115783691,58200.0
2024-02-20,0.5620942075637975,0.5620942075637975,0.5579611659049988,0.5579611659049988,27400.0
2024-02-21,0.5620942075637975,0.5620942075637975,0.5579611659049988,0.5579611659049988,31000.0
2024-02-22,0.5579611698900516,0.5620942115783691,0.5579611698900516,0.5620942115783691,40000.0
2024-02-23,0.5620942075637975,0.5620942075637975,0.5579611659049988,0.5579611659049988,33300.0
2024-02-26,0.5620942034893069,0.5620942034893069,0.5538281202316284,0.5538281202316284,11400.0
2024-02-27,0.553828128201734,0.5620942115783691,0.553828128201734,0.5620942115783691,89500.0
2024-02-28,0.5662271976470947,0.5662271976470947,0.5620941563647591,0.5662271976470947,156500.0
2024-02-29,0.566227261179038,0.5703603029251099,0.566227261179038,0.5703603029251099,51100.0
2024-03-01,0.5703602389294303,0.5703602389294303,0.5662271976470947,0.5662271976470947,112000.0
2024-03-04,0.566227261179038,0.5703603029251099,0.566227261179038,0.5703603029251099,115700.0
2024-03-05,0.5703602389294303,0.5703602389294303,0.5662271976470947,0.5662271976470947,109000.0
2024-03-06,0.5662272532666868,0.5662272532666868,0.5620942115783691,0.5620942115783691,306200.0
2024-03-07,0.5620942115783691,0.5620942115783691,0.5620942115783691,0.5620942115783691,67900.0
2024-03-08,0.5620941563647591,0.5662271976470947,0.5579611150824236,0.5662271976470947,11500.0
2024-03-11,0.5662271976470947,0.5662271976470947,0.5662271976470947,0.5662271976470947,600.0
2024-03-12,0.5662271976470947,0.5662271976470947,0.5662271976470947,0.5662271976470947,0.0
2024-03-13,0.5662271976470947,0.5662271976470947,0.553828073800088,0.5662271976470947,81100.0
2024-03-14,0.5538281202316284,0.5538281202316284,0.5538281202316284,0.5538281202316284,27000.0
2024-03-15,0.5620942115783691,0.5620942115783691,0.5620942115783691,0.5620942115783691,36600.0
2024-03-18,0.5620942075637975,0.5620942075637975,0.5579611659049988,0.5579611659049988,3400.0
2024-03-19,0.5579611618604676,0.5579611618604676,0.5538281202316284,0.5538281202316284,13000.0
2024-03-20,0.5538281202316284,0.5538281202316284,0.5538281202316284,0.5538281202316284,300.0
2024-03-21,0.5538281202316284,0.5538281202316284,0.5538281202316284,0.5538281202316284,0.0
2024-03-22,0.5538281202316284,0.5538281202316284,0.5538281202316284,0.5538281202316284,0.0
2024-03-25,0.5579612145468578,0.5620942565659662,0.5455620884895325,0.5455620884895325,97400.0
2024-03-26,0.5579611659049988,0.5579611659049988,0.5579611659049988,0.5579611659049988,1000.0
2024-03-27,0.5579611698900516,0.5620942115783691,0.5579611698900516,0.5620942115783691,5000.0
2024-03-28,0.5538281202316284,0.5538281202316284,0.5538281202316284,0.5538281202316284,2100.0
2024-04-01,0.5538281202316284,0.5538281202316284,0.5538281202316284,0.5538281202316284,36000.0
2024-04-02,0.5538281202316284,0.5538281202316284,0.5538281202316284,0.5538281202316284,44500.0
2024-04-03,0.5538281161566874,0.5538281161566874,0.5496950745582581,0.5496950745582581,30600.0
2024-04-04,0.5579611618604676,0.5579611618604676,0.5538281202316284,0.5538281202316284,70700.0
2024-04-05,0.5620941563647591,0.5662271976470947,0.5620941563647591,0.5662271976470947,22900.0
2024-04-08,0.5662272532666868,0.5662272532666868,0.5620942115783691,0.5620942115783691,15000.0
2024-04-09,0.5620942115783691,0.5620942115783691,0.5620942115783691,0.5620942115783691,30800.0
2024-04-11,0.5579611698900516,0.5662272532666868,0.5579611698900516,0.5620942115783691,20000.0
2024-04-12,0.5620942075637975,0.5662272492225963,0.5579611659049988,0.5579611659049988,54500.0
2024-04-15,0.5579611659049988,0.5620942075637975,0.5579611659049988,0.5579611659049988,61100.0
2024-04-16,0.5620942115783691,0.5620942115783691,0.5579611698900516,0.5620942115783691,83100.0
2024-04-17,0.5620942115783691,0.5620942115783691,0.5620942115783691,0.5620942115783691,76600.0
2024-04-18,0.5620942075637975,0.5620942075637975,0.5579611659049988,0.5579611659049988,29000.0
2024-04-19,0.5620942075637975,0.5620942075637975,0.5579611659049988,0.5579611659049988,110500.0
2024-04-22,0.5620942115783691,0.5620942115783691,0.5620942115783691,0.5620942115783691,44000.0
2024-04-23,0.5620942115783691,0.5620942115783691,0.5620942115783691,0.5620942115783691,0.0
2024-04-24,0.5662271976470947,0.5662271976470947,0.5662271976470947,0.5662271976470947,2300.0
2024-04-25,0.5662271976470947,0.5703602389294303,0.5662271976470947,0.5662271976470947,76200.0
2024-04-26,0.5662271976470947,0.5662271976470947,0.5620941563647591,0.5662271976470947,17100.0
2024-04-29,0.5620942115783691,0.5620942115783691,0.5579611698900516,0.5620942115783691,71000.0
2024-04-30,0.5662271976470947,0.5662271976470947,0.5620941563647591,0.5662271976470947,77200.0
2024-05-02,0.5662271976470947,0.5662271976470947,0.5620941563647591,0.5662271976470947,42300.0
2024-05-03,0.5662272532666868,0.5662272532666868,0.5620942115783691,0.5620942115783691,77700.0
2024-05-06,0.5620941563647591,0.5703602389294303,0.5620941563647591,0.5662271976470947,134500.0
2024-05-07,0.5662271976470947,0.5703602389294303,0.5662271976470947,0.5662271976470947,47400.0
2024-05-08,0.5662271976470947,0.5662271976470947,0.5662271976470947,0.5662271976470947,100.0
2024-05-09,0.5703603029251099,0.5703603029251099,0.5703603029251099,0.5703603029251099,34800.0
2024-05-10,0.5703603068241544,0.5744933485984802,0.5703603068241544,0.5744933485984802,52500.0
2024-05-13,0.5744933485984802,0.5744933485984802,0.5744933485984802,0.5744933485984802,25600.0
2024-05-14,0.5744933017030985,0.5868924260139465,0.5744933017030985,0.5868924260139465,194700.0
2024-05-15,0.5868924525471203,0.6034246683120728,0.5868924525471203,0.6034246683120728,379200.0
2024-05-16,0.5951586365699768,0.6034247205329353,0.5910255453187507,0.5951586365699768,216000.0
2024-05-17,0.5951586224450973,0.5951586224450973,0.5910255312919617,0.5910255312919617,35000.0
2024-05-20,0.5910255453187507,0.6034247205329353,0.5910255453187507,0.5951586365699768,329300.0
2024-05-21,0.5951586224450973,0.6034247062118772,0.5910255312919617,0.5910255312919617,208500.0
2024-05-23,0.5951585810428279,0.5992916226387024,0.5910254901772113,0.5992916226387024,143200.0
2024-05-24,0.6034246642345769,0.6034246642345769,0.5951585810428279,0.5992916226387024,151600.0
2024-05-27,0.6214875688163088,0.6214875688163088,0.6037307977676392,0.6037307977676392,129800.0
2024-05-28,0.6037308155314862,0.6037308155314862,0.5948524297459186,0.5992916226387024,13000.0
2024-05-29,0.6037307977676392,0.6037307977676392,0.6037307977676392,0.6037307977676392,190100.0
2024-05-30,0.6037307977676392,0.6081699905298066,0.5992916050054717,0.6037307977676392,199600.0
2024-05-31,0.6081699728965759,0.6081699728965759,0.6037307802631181,0.6081699728965759,39000.0
2024-06-03,0.6081699728965759,0.6126091655300338,0.6037307802631181,0.6081699728965759,24600.0
2024-06-04,0.6126091725198143,0.621487557888031,0.6126091725198143,0.621487557888031,106100.0
2024-06-05,0.621487557888031,0.621487557888031,0.621487557888031,0.621487557888031,80000.0
2024-06-06,0.6170483827590942,0.6170483827590942,0.6170483827590942,0.6170483827590942,73000.0
2024-06-07,0.6170483652039226,0.621487557888031,0.6170483652039226,0.621487557888031,62500.0
2024-06-10,0.6170483581634916,0.6214875507969494,0.6081699728965759,0.6081699728965759,28500.0
2024-06-11,0.6126092076301575,0.6126092076301575,0.6126092076301575,0.6126092076301575,40000.0
2024-06-12,0.6126091655300338,0.6126091655300338,0.6081699728965759,0.6081699728965759,7900.0
2024-06-13,0.6081699728965759,0.6081699728965759,0.6037307802631181,0.6081699728965759,29900.0
2024-06-14,0.6081700146916266,0.6214875935072192,0.6081700146916266,0.6126092076301575,96800.0
2024-06-18,0.6126092076301575,0.6170484005686884,0.6081700146916266,0.6126092076301575,97100.0
2024-06-19,0.6170484005686884,0.630365979384281,0.6126092076301575,0.6126092076301575,99900.0
2024-06-20,0.6214875996392812,0.6303659856039439,0.6214875996392812,0.6259267926216125,19600.0
2024-06-21,0.625926768379903,0.6303659611903075,0.6170483827590942,0.6170483827590942,53200.0
2024-06-24,0.621487557888031,0.621487557888031,0.621487557888031,0.621487557888031,5000.0
2024-06-25,0.6259267505721393,0.6259267505721393,0.621487557888031,0.621487557888031,98900.0
2024-06-26,0.621487557888031,0.621487557888031,0.621487557888031,0.621487557888031,15000.0
2024-06-27,0.6303659432562477,0.6303659432562477,0.621487557888031,0.621487557888031,1200.0
2024-06-28,0.6303659432562477,0.6303659432562477,0.621487557888031,0.621487557888031,16000.0
2024-07-01,0.6259267505721393,0.6259267505721393,0.6170483652039226,0.621487557888031,5500.0
2024-07-02,0.621487557888031,0.621487557888031,0.621487557888031,0.621487557888031,29000.0
2024-07-03,0.621487557888031,0.621487557888031,0.621487557888031,0.621487557888031,25800.0
2024-07-04,0.6214875755694986,0.6214875755694986,0.6170483827590942,0.6170483827590942,66100.0
2024-07-05,0.6170483827590942,0.6170483827590942,0.6170483827590942,0.6170483827590942,0.0
2024-07-08,0.6170484066569499,0.6259267926216125,0.6170484066569499,0.6259267926216125,2000.0
2024-07-09,0.6126092076301575,0.6126092076301575,0.6081700146916266,0.6126092076301575,81600.0
2024-07-10,0.6126091899486897,0.6170483827590942,0.6126091899486897,0.6170483827590942,60500.0
2024-07-11,0.6214875755694986,0.6214875755694986,0.6170483827590942,0.6170483827590942,31400.0
2024-07-12,0.6170483827590942,0.6214875755694986,0.6170483827590942,0.6170483827590942,76700.0
2024-07-15,0.621487557888031,0.621487557888031,0.6170483652039226,0.621487557888031,79700.0
2024-07-16,0.621487557888031,0.621487557888031,0.621487557888031,0.621487557888031,800.0
2024-07-17,0.6170483891807395,0.6303659677505493,0.6170483891807395,0.6303659677505493,108400.0
2024-07-18,0.6259267926216125,0.6525620034349549,0.6259267926216125,0.6259267926216125,31700.0
2024-07-19,0.6303659677505493,0.6303659677505493,0.6303659677505493,0.6303659677505493,1700.0
2024-07-22,0.6303659856039439,0.6303659856039439,0.6170484066569499,0.6259267926216125,15300.0
2024-07-23,0.6214875507969494,0.6214875507969494,0.6081699728965759,0.6081699728965759,21000.0
2024-07-24,0.6170483827590942,0.6214875755694986,0.6170483827590942,0.6170483827590942,10300.0
2024-07-25,0.6214875935072192,0.6214875935072192,0.6126092076301575,0.6126092076301575,86800.0
2024-07-26,0.621487557888031,0.621487557888031,0.621487557888031,0.621487557888031,61500.0
2024-07-29,0.621487557888031,0.621487557888031,0.621487557888031,0.621487557888031,5000.0
2024-07-30,0.621487557888031,0.621487557888031,0.621487557888031,0.621487557888031,0.0
2024-07-31,0.6214875820373428,0.6303659677505493,0.6214875820373428,0.6303659677505493,23000.0
2024-08-01,0.6303659677505493,0.6303659677505493,0.6303659677505493,0.6303659677505493,14300.0
2024-08-02,0.6348051606071526,0.6348051606071526,0.6259267748939461,0.6303659677505493,103900.0
2024-08-05,0.6392443742501311,0.6392443742501311,0.6037307802631181,0.6081699728965759,251100.0
2024-08-06,0.5992916115174765,0.6170483827590942,0.5992916115174765,0.6170483827590942,7400.0
2024-08-07,0.6170483827590942,0.6170483827590942,0.6126091899486897,0.6170483827590942,20000.0
2024-08-08,0.6126092076301575,0.6126092076301575,0.6037308217530957,0.6126092076301575,60500.0
2024-08-12,0.6126092076301575,0.6126092076301575,0.6126092076301575,0.6126092076301575,122200.0
2024-08-13,0.6126092076301575,0.6126092076301575,0.6126092076301575,0.6126092076301575,120000.0
2024-08-14,0.612609183291974,0.6214875688163088,0.6037307977676392,0.6037307977676392,39800.0
2024-08-15,0.6081699905298066,0.6081699905298066,0.6037307977676392,0.6037307977676392,8000.0
2024-08-16,0.6037308155314862,0.6037308155314862,0.5992916226387024,0.5992916226387024,2000.0
2024-08-19,0.5992915804856602,0.5992915804856602,0.5948523879051208,0.5948523879051208,57600.0
2024-08-20,0.5859740200644298,0.5904132127761841,0.5770955817215698,0.5904132127761841,62300.0
2024-08-21,0.5992916226387024,0.5992916226387024,0.5992916226387024,0.5992916226387024,200.0
2024-08-22,0.5992916226387024,0.5992916226387024,0.5992916226387024,0.5992916226387024,0.0
2024-08-23,0.5992916226387024,0.5992916226387024,0.5992916226387024,0.5992916226387024,1400.0
2024-08-26,0.6037307977676392,0.6037307977676392,0.6037307977676392,0.6037307977676392,2000.0
2024-08-27,0.6037307977676392,0.6037307977676392,0.6037307977676392,0.6037307977676392,0.0
2024-08-28,0.6037307802631181,0.6126091655300338,0.5992915876296603,0.6081699728965759,34500.0
2024-08-29,0.6081699728965759,0.6081699728965759,0.6081699728965759,0.6081699728965759,0.0
2024-08-30,0.6081699728965759,0.6081699728965759,0.6081699728965759,0.6081699728965759,10200.0
2024-09-02,0.6081699728965759,0.6081699728965759,0.6081699728965759,0.6081699728965759,4000.0
2024-09-03,0.6081699728965759,0.6081699728965759,0.6081699728965759,0.6081699728965759,0.0
2024-09-04,0.6081699728965759,0.6081699728965759,0.6081699728965759,0.6081699728965759,5000.0
2024-09-05,0.6081699728965759,0.6081699728965759,0.6081699728965759,0.6081699728965759,0.0
2024-09-06,0.6081699728965759,0.6081699728965759,0.6037307802631181,0.6081699728965759,43800.0
2024-09-09,0.6037307730661995,0.6037307730661995,0.5948523879051208,0.5948523879051208,28500.0
2024-09-10,0.5948523879051208,0.5948523879051208,0.5948523879051208,0.5948523879051208,0.0
2024-09-11,0.5992915804856602,0.5992915804856602,0.5904131953245815,0.5948523879051208,49500.0
2024-09-12,0.5904132127761841,0.5904132127761841,0.5904132127761841,0.5904132127761841,38000.0
2024-09-13,0.590413235245028,0.590413235245028,0.5682172179222107,0.5682172179222107,85600.0
2024-09-16,0.585974043960351,0.5992916226387024,0.585974043960351,0.5992916226387024,12000.0
2024-09-17,0.5992915981996926,0.5992915981996926,0.5904132127761841,0.5904132127761841,7000.0
2024-09-18,0.5948523879051208,0.5948523879051208,0.5948523879051208,0.5948523879051208,1000.0
2024-09-19,0.5859740376472473,0.5859740376472473,0.5859740376472473,0.5859740376472473,5000.0
2024-09-20,0.5859740376472473,0.5859740376472473,0.5859740376472473,0.5859740376472473,0.0
2024-09-23,0.5859740487621811,0.5859740487621811,0.5815348029136658,0.5815348029136658,53500.0
2024-09-24,0.5815348029136658,0.5815348029136658,0.5815348029136658,0.5815348029136658,0.0
2024-09-25,0.5948524346205036,0.5948524346205036,0.5815348029136658,0.5815348029136658,17000.0
2024-09-26,0.5992916226387024,0.5992916226387024,0.5992916226387024,0.5992916226387024,1800.0
2024-09-27,0.5948524233371619,0.5948524233371619,0.5859740376472473,0.5859740376472473,25900.0
2024-09-30,0.5904132127761841,0.5904132127761841,0.5904132127761841,0.5904132127761841,23200.0
2024-10-01,0.5992916115174765,0.6214875755694986,0.5992916115174765,0.6170483827590942,54200.0
2024-10-02,0.6170483827590942,0.6170483827590942,0.6170483827590942,0.6170483827590942,0.0
2024-10-03,0.6170483827590942,0.6170483827590942,0.6170483827590942,0.6170483827590942,0.0
2024-10-04,0.6170483827590942,0.6170483827590942,0.6170483827590942,0.6170483827590942,0.0
2024-10-07,0.6037308155314862,0.6037308155314862,0.5992916226387024,0.5992916226387024,68100.0
2024-10-08,0.5992916226387024,0.5992916226387024,0.5992916226387024,0.5992916226387024,1000.0
2024-10-09,0.6037308155314862,0.6037308155314862,0.5992916226387024,0.5992916226387024,36400.0
2024-10-10,0.6126091655300338,0.6126091655300338,0.6081699728965759,0.6081699728965759,13700.0
2024-10-11,0.6081699905298066,0.6081699905298066,0.6037307977676392,0.6037307977676392,4600.0
2024-10-14,0.6037307802631181,0.6081699728965759,0.5992915876296603,0.6081699728965759,35600.0
2024-10-15,0.6081699728965759,0.6081699728965759,0.6081699728965759,0.6081699728965759,0.0
2024-10-16,0.6081699728965759,0.6081699728965759,0.6081699728965759,0.6081699728965759,0.0
2024-10-17,0.5992916226387024,0.5992916226387024,0.5992916226387024,0.5992916226387024,700.0
2024-10-18,0.5992916226387024,0.5992916226387024,0.5992916226387024,0.5992916226387024,2400.0
2024-10-21,0.5992915876296603,0.6081699728965759,0.5992915876296603,0.6081699728965759,15100.0
2024-10-22,0.6037307977676392,0.6037307977676392,0.6037307977676392,0.6037307977676392,3000.0
2024-10-23,0.6037307977676392,0.6037307977676392,0.6037307977676392,0.6037307977676392,15000.0
2024-10-24,0.612609183291974,0.612609183291974,0.6037307977676392,0.6037307977676392,33200.0
2024-10-25,0.6037307977676392,0.6037307977676392,0.6037307977676392,0.6037307977676392,1800.0
2024-10-28,0.6037308217530957,0.6214875935072192,0.6037308217530957,0.6126092076301575,37900.0
2024-10-29,0.6126091655300338,0.6126091655300338,0.6081699728965759,0.6081699728965759,44900.0
2024-10-30,0.6037308217530957,0.6126092076301575,0.6037308217530957,0.6126092076301575,35000.0
2024-11-01,0.6126092076301575,0.6126092076301575,0.6126092076301575,0.6126092076301575,16900.0
2024-11-04,0.6170483652039226,0.621487557888031,0.6170483652039226,0.621487557888031,116200.0
2024-11-05,0.6126092076301575,0.6126092076301575,0.6126092076301575,0.6126092076301575,20000.0
2024-11-06,0.6170483827590942,0.6170483827590942,0.6170483827590942,0.6170483827590942,3000.0
2024-11-07,0.6126092076301575,0.6126092076301575,0.6126092076301575,0.6126092076301575,38600.0
2024-11-08,0.6126092076301575,0.6126092076301575,0.6126092076301575,0.6126092076301575,25000.0
2024-11-11,0.621487557888031,0.621487557888031,0.621487557888031,0.621487557888031,34200.0
2024-11-12,0.621487557888031,0.621487557888031,0.6126091725198143,0.621487557888031,38400.0
2024-11-13,0.6214875935072192,0.6214875935072192,0.6126092076301575,0.6126092076301575,20600.0
2024-11-14,0.6170483827590942,0.6170483827590942,0.6081699971382853,0.6170483827590942,23600.0
2024-11-15,0.6170483827590942,0.6170483827590942,0.6170483827590942,0.6170483827590942,0.0
2024-11-18,0.6170483827590942,0.6214875755694986,0.6170483827590942,0.6170483827590942,73000.0
2024-11-19,0.621487557888031,0.621487557888031,0.621487557888031,0.621487557888031,66300.0
2024-11-20,0.621487557888031,0.621487557888031,0.621487557888031,0.621487557888031,0.0
2024-11-21,0.621487557888031,0.621487557888031,0.621487557888031,0.621487557888031,0.0
2024-11-22,0.621487557888031,0.621487557888031,0.621487557888031,0.621487557888031,54100.0
2024-11-25,0.6214875688163088,0.6214875688163088,0.6037307977676392,0.6037307977676392,82600.0
2024-11-26,0.6126092076301575,0.6170484005686884,0.6081700146916266,0.6126092076301575,19900.0
2024-11-27,0.6126092076301575,0.6126092076301575,0.6126092076301575,0.6126092076301575,0.0
2024-11-28,0.6126092076301575,0.6126092076301575,0.6126092076301575,0.6126092076301575,10100.0
2024-11-29,0.6081700146916266,0.6126092076301575,0.6081700146916266,0.6126092076301575,5100.0
2024-12-02,0.6126092076301575,0.6126092076301575,0.6081700146916266,0.6126092076301575,53000.0
2024-12-03,0.6126092076301575,0.6126092076301575,0.6126092076301575,0.6126092076301575,500.0
2024-12-04,0.6126092076301575,0.6126092076301575,0.6126092076301575,0.6126092076301575,22100.0
2024-12-05,0.6170483827590942,0.6170483827590942,0.6170483827590942,0.6170483827590942,45700.0
2024-12-06,0.6214875755694986,0.6214875755694986,0.6170483827590942,0.6170483827590942,128900.0
2024-12-09,0.621487557888031,0.621487557888031,0.6170483652039226,0.621487557888031,50700.0
2024-12-10,0.6214875755694986,0.6214875755694986,0.6170483827590942,0.6170483827590942,111900.0
2024-12-11,0.621487557888031,0.6259267505721393,0.621487557888031,0.621487557888031,272000.0
2024-12-12,0.621487557888031,0.621487557888031,0.6170483652039226,0.621487557888031,33200.0
2024-12-13,0.621487557888031,0.621487557888031,0.6170483652039226,0.621487557888031,31200.0
2024-12-16,0.621487557888031,0.621487557888031,0.621487557888031,0.621487557888031,75900.0
2024-12-17,0.6214875755694986,0.6214875755694986,0.6170483827590942,0.6170483827590942,53400.0
2024-12-18,0.6170483652039226,0.621487557888031,0.6170483652039226,0.621487557888031,31600.0
2024-12-19,0.6126092076301575,0.6170484005686884,0.6037308217530957,0.6126092076301575,41400.0
2024-12-20,0.6170483827590942,0.6170483827590942,0.6170483827590942,0.6170483827590942,2600.0
2024-12-23,0.6170484005686884,0.6214875935072192,0.6126092076301575,0.6126092076301575,22900.0
2024-12-24,0.6170483652039226,0.621487557888031,0.6170483652039226,0.621487557888031,11400.0
2024-12-26,0.621487557888031,0.621487557888031,0.621487557888031,0.621487557888031,0.0
2024-12-27,0.621487557888031,0.621487557888031,0.621487557888031,0.621487557888031,0.0
2024-12-30,0.6126091899486897,0.6170483827590942,0.6126091899486897,0.6170483827590942,33000.0
2024-12-31,0.6126092076301575,0.6126092076301575,0.6126092076301575,0.6126092076301575,14300.0
2025-01-02,0.6126092076301575,0.6126092076301575,0.6126092076301575,0.6126092076301575,0.0
2025-01-03,0.6170483652039226,0.621487557888031,0.6170483652039226,0.621487557888031,300.0
2025-01-06,0.6214875755694986,0.6214875755694986,0.6126091899486897,0.6170483827590942,8600.0
2025-01-07,0.621487557888031,0.621487557888031,0.6170483652039226,0.621487557888031,35900.0
2025-01-08,0.621487557888031,0.621487557888031,0.621487557888031,0.621487557888031,16300.0
2025-01-09,0.6214875755694986,0.6214875755694986,0.6170483827590942,0.6170483827590942,57900.0
2025-01-10,0.621487557888031,0.621487557888031,0.621487557888031,0.621487557888031,293000.0
2025-01-13,0.621487557888031,0.621487557888031,0.621487557888031,0.621487557888031,0.0
2025-01-14,0.6214875935072192,0.6214875935072192,0.6126092076301575,0.6126092076301575,107200.0
2025-01-15,0.6126092076301575,0.6126092076301575,0.6126092076301575,0.6126092076301575,0.0
2025-01-16,0.6170483827590942,0.6170483827590942,0.6170483827590942,0.6170483827590942,55500.0
2025-01-17,0.6170483827590942,0.6170483827590942,0.6170483827590942,0.6170483827590942,7300.0
2025-01-20,0.6214875935072192,0.6214875935072192,0.6126092076301575,0.6126092076301575,79300.0
2025-01-21,0.6126092076301575,0.6126092076301575,0.6126092076301575,0.6126092076301575,0.0
2025-01-22,0.6170483652039226,0.621487557888031,0.6170483652039226,0.621487557888031,15000.0
2025-01-23,0.6214875935072192,0.6214875935072192,0.6126092076301575,0.6126092076301575,16000.0
2025-01-24,0.6126092076301575,0.6126092076301575,0.6126092076301575,0.6126092076301575,0.0
2025-01-27,0.6214875755694986,0.6214875755694986,0.6170483827590942,0.6170483827590942,8400.0
2025-01-28,0.621487557888031,0.621487557888031,0.621487557888031,0.621487557888031,55000.0
2025-01-31,0.6170483827590942,0.6214875755694986,0.6126091899486897,0.6170483827590942,141000.0
2025-02-03,0.6170483891807395,0.6348051606071526,0.6170483891807395,0.6303659677505493,301800.0
2025-02-04,0.6303659856039439,0.6303659856039439,0.6259267926216125,0.6259267926216125,329900.0
2025-02-05,0.6303659677505493,0.6303659677505493,0.6303659677505493,0.6303659677505493,68000.0
2025-02-06,0.6303659856039439,0.6303659856039439,0.6259267926216125,0.6259267926216125,151600.0
2025-02-07,0.6303659611903075,0.6303659611903075,0.6170483827590942,0.6170483827590942,53400.0
2025-02-10,0.6214875755694986,0.6214875755694986,0.6170483827590942,0.6170483827590942,53500.0
2025-02-11,0.6170484005686884,0.6170484005686884,0.6126092076301575,0.6126092076301575,20000.0
2025-02-12,0.6170483827590942,0.6170483827590942,0.6170483827590942,0.6170483827590942,5100.0
2025-02-13,0.621487557888031,0.621487557888031,0.621487557888031,0.621487557888031,700.0
2025-02-14,0.621487557888031,0.621487557888031,0.621487557888031,0.621487557888031,46400.0
2025-02-17,0.6214875820373428,0.6303659677505493,0.6170483891807395,0.6303659677505493,10700.0
2025-02-18,0.6259267926216125,0.6259267926216125,0.6214875996392812,0.6259267926216125,49000.0
2025-02-19,0.621487557888031,0.621487557888031,0.621487557888031,0.621487557888031,22500.0
2025-02-20,0.621487557888031,0.621487557888031,0.621487557888031,0.621487557888031,10000.0
2025-02-21,0.6214875755694986,0.6214875755694986,0.6170483827590942,0.6170483827590942,23000.0
2025-02-24,0.6170484066569499,0.6259267926216125,0.6170484066569499,0.6259267926216125,29300.0
2025-02-25,0.6259267748939461,0.6303659677505493,0.6214875820373428,0.6303659677505493,102800.0
2025-02-26,0.6303659432562477,0.6303659432562477,0.6170483652039226,0.621487557888031,359600.0
2025-02-27,0.621487557888031,0.621487557888031,0.621487557888031,0.621487557888031,47900.0
2025-02-28,0.6170484066569499,0.6259267926216125,0.6170484066569499,0.6259267926216125,87200.0
2025-03-03,0.625926768379903,0.625926768379903,0.6170483827590942,0.6170483827590942,6900.0
2025-03-04,0.6303659677505493,0.6303659677505493,0.6303659677505493,0.6303659677505493,138000.0
2025-03-05,0.6214875996392812,0.6303659856039439,0.6214875996392812,0.6259267926216125,101100.0
2025-03-06,0.6303659677505493,0.6303659677505493,0.6303659677505493,0.6303659677505493,113100.0
2025-03-07,0.6303659432562477,0.6303659432562477,0.621487557888031,0.621487557888031,5100.0
2025-03-10,0.6259267748939461,0.6303659677505493,0.6259267748939461,0.6303659677505493,39800.0
2025-03-11,0.6214875996392812,0.6303659856039439,0.6170484066569499,0.6259267926216125,93700.0
2025-03-12,0.6259267926216125,0.6259267926216125,0.6259267926216125,0.6259267926216125,40100.0
2025-03-13,0.621487557888031,0.6259267505721393,0.621487557888031,0.621487557888031,27100.0
2025-03-14,0.6214875755694986,0.6214875755694986,0.6170483827590942,0.6170483827590942,5100.0
2025-03-17,0.621487557888031,0.6259267505721393,0.6170483652039226,0.621487557888031,29600.0
2025-03-18,0.621487557888031,0.621487557888031,0.6170483652039226,0.621487557888031,19900.0
2025-03-19,0.621487557888031,0.621487557888031,0.621487557888031,0.621487557888031,0.0
2025-03-20,0.6259267505721393,0.6259267505721393,0.621487557888031,0.621487557888031,4200.0
2025-03-21,0.621487557888031,0.621487557888031,0.621487557888031,0.621487557888031,10000.0
2025-03-24,0.6259267926216125,0.6259267926216125,0.6259267926216125,0.6259267926216125,101000.0
2025-03-25,0.6259267926216125,0.6259267926216125,0.6259267926216125,0.6259267926216125,61000.0
2025-03-26,0.6259267926216125,0.6259267926216125,0.6214875996392812,0.6259267926216125,47300.0
2025-03-27,0.6259267926216125,0.6259267926216125,0.6259267926216125,0.6259267926216125,0.0
2025-03-28,0.6259267505721393,0.6259267505721393,0.621487557888031,0.621487557888031,29500.0
2025-04-01,0.6214875996392812,0.6259267926216125,0.6214875996392812,0.6259267926216125,13500.0
2025-04-02,0.6259267748939461,0.6303659677505493,0.6259267748939461,0.6303659677505493,72500.0
2025-04-03,0.6259267505721393,0.6259267505721393,0.621487557888031,0.621487557888031,143300.0
2025-04-04,0.625926768379903,0.625926768379903,0.6170483827590942,0.6170483827590942,42000.0
2025-04-07,0.6170484182988581,0.6170484182988581,0.572656434718643,0.577095627784729,99300.0
2025-04-08,0.6037307977676392,0.6037307977676392,0.6037307977676392,0.6037307977676392,74100.0
2025-04-09,0.6037308155314862,0.6037308155314862,0.5992916226387024,0.5992916226387024,75200.0
2025-04-10,0.6037307977676392,0.6037307977676392,0.6037307977676392,0.6037307977676392,74000.0
2025-04-11,0.5992915804856602,0.5992915804856602,0.5948523879051208,0.5948523879051208,21400.0
2025-04-14,0.5948523879051208,0.5948523879051208,0.5948523879051208,0.5948523879051208,0.0
2025-04-15,0.5948524122433044,0.6037307977676392,0.5948524122433044,0.6037307977676392,78700.0
2025-04-16,0.6037307977676392,0.6037307977676392,0.5992916050054717,0.6037307977676392,80600.0
2025-04-17,0.6037307977676392,0.6037307977676392,0.6037307977676392,0.6037307977676392,107100.0
2025-04-21,0.6126092076301575,0.6126092076301575,0.6126092076301575,0.6126092076301575,26100.0
2025-04-22,0.6126092076301575,0.6126092076301575,0.6126092076301575,0.6126092076301575,75000.0
2025-04-23,0.6126091655300338,0.6126091655300338,0.6081699728965759,0.6081699728965759,98200.0
2025-04-24,0.6126092076301575,0.6126092076301575,0.6081700146916266,0.6126092076301575,498900.0
2025-04-25,0.6170483652039226,0.6259267505721393,0.6170483652039226,0.621487557888031,104700.0
2025-04-28,0.621487557888031,0.621487557888031,0.621487557888031,0.621487557888031,18500.0
2025-04-29,0.6170483652039226,0.621487557888031,0.6170483652039226,0.621487557888031,59400.0
2025-04-30,0.6303659432562477,0.6303659432562477,0.621487557888031,0.621487557888031,37000.0
2025-05-02,0.621487557888031,0.621487557888031,0.621487557888031,0.621487557888031,29500.0
2025-05-05,0.6259267505721393,0.6303659432562477,0.621487557888031,0.621487557888031,26600.0
2025-05-06,0.6259267748939461,0.6303659677505493,0.6259267748939461,0.6303659677505493,8000.0
2025-05-07,0.6303659677505493,0.6303659677505493,0.6303659677505493,0.6303659677505493,11200.0
2025-05-08,0.6392444193996533,0.6436836123466492,0.6392444193996533,0.6436836123466492,93200.0
2025-05-09,0.6348051735333032,0.6436836123466492,0.6170484017453198,0.6436836123466492,86900.0
2025-05-13,0.6436835702698791,0.6436835702698791,0.6348051320369054,0.6392443776130676,38600.0
2025-05-14,0.6303659393800938,0.6392443776130676,0.6303659393800938,0.6392443776130676,26300.0
2025-05-15,0.6436836123466492,0.648122805293645,0.6436836123466492,0.6436836123466492,175400.0
2025-05-16,0.6481227629266906,0.6481227629266906,0.6392443776130676,0.6392443776130676,103800.0
2025-05-19,0.6392443776130676,0.6392443776130676,0.6392443776130676,0.6392443776130676,0.0
2025-05-20,0.6570011911876367,0.6570011911876367,0.6436836123466492,0.6436836123466492,59500.0
2025-05-21,0.6436835702698791,0.6436835702698791,0.6392443776130676,0.6392443776130676,61700.0
2025-05-22,0.6436835946506315,0.6570011731254949,0.6436835946506315,0.6481227874755859,153100.0
2025-05-23,0.665879565335731,0.665879565335731,0.661440372467041,0.661440372467041,22800.0
2025-05-26,0.661440372467041,0.665879565335731,0.661440372467041,0.661440372467041,47100.0
2025-05-27,0.6747579574584961,0.6836363432798942,0.6747579574584961,0.6747579574584961,106400.0
2025-05-28,0.6747579990080267,0.6836363853761286,0.6747579990080267,0.6791971921920776,55700.0
2025-05-29,0.6747579811873944,0.6836363673210144,0.6747579811873944,0.6836363673210144,97800.0
2025-05-30,0.6880755603878245,0.6925147534546345,0.6836363673210144,0.6836363673210144,87500.0
2025-06-02,0.6978788151732894,0.6978788151732894,0.6741414070129395,0.6741414070129395,110600.0
2025-06-03,0.6741413870501141,0.6741413870501141,0.6646464467048645,0.6646464467048645,74200.0
2025-06-04,0.6646464467048645,0.6646464467048645,0.6646464467048645,0.6646464467048645,11600.0
2025-06-05,0.6646464467048645,0.6646464467048645,0.6646464467048645,0.6646464467048645,18500.0
2025-06-06,0.6646464467048645,0.6646464467048645,0.6598989765322397,0.6646464467048645,16800.0
2025-06-09,0.6646464467048645,0.6646464467048645,0.6646464467048645,0.6646464467048645,0.0
2025-06-10,0.674141427116003,0.674141427116003,0.6693939566612244,0.6693939566612244,36000.0
2025-06-11,0.6646464467048645,0.6646464467048645,0.6646464467048645,0.6646464467048645,500.0
2025-06-12,0.6646464498636552,0.6931313276290894,0.6646464498636552,0.6931313276290894,157400.0
2025-06-13,0.6741413706129665,0.6836363673210144,0.6741413706129665,0.6836363673210144,43000.0
2025-06-16,0.6836363673210144,0.6836363673210144,0.6836363673210144,0.6836363673210144,0.0
2025-06-17,0.6836364246198723,0.688383895074651,0.6693939566612244,0.6693939566612244,1800.0
2025-06-18,0.6693939005560962,0.6836363673210144,0.6646464304992258,0.6836363673210144,54500.0
2025-06-19,0.6836363673210144,0.6836363673210144,0.6836363673210144,0.6836363673210144,1000.0
2025-06-20,0.6836363673210144,0.6836363673210144,0.6836363673210144,0.6836363673210144,0.0
2025-06-23,0.6741413871910373,0.6788888573646545,0.6741413871910373,0.6788888573646545,21600.0
2025-06-24,0.6788888573646545,0.6788888573646545,0.6788888573646545,0.6788888573646545,0.0
2025-06-25,0.6741413870501141,0.6741413870501141,0.6646464467048645,0.6646464467048645,21400.0
2025-06-26,0.6646464663865236,0.6788888773261473,0.6646464663865236,0.6741414070129395,13700.0
2025-06-27,0.6741413871910373,0.6836363841325804,0.6646464468438029,0.6788888573646545,131500.0
2025-06-30,0.674141427116003,0.674141427116003,0.6693939566612244,0.6693939566612244,45300.0
2025-07-01,0.6788888573646545,0.6788888573646545,0.6788888573646545,0.6788888573646545,8800.0
2025-07-02,0.6788888573646545,0.6788888573646545,0.6788888573646545,0.6788888573646545,0.0
2025-07-03,0.6788888573646545,0.6788888573646545,0.6788888573646545,0.6788888573646545,0.0
2025-07-04,0.6788888573646545,0.6788888573646545,0.6788888573646545,0.6788888573646545,10100.0
2025-07-07,0.6788888773261473,0.6836364042336656,0.6741414070129395,0.6741414070129395,82100.0
2025-07-08,0.6741413871910373,0.6836363841325804,0.6741413871910373,0.6788888573646545,62000.0
2025-07-09,0.6741413706129665,0.6836363673210144,0.6741413706129665,0.6836363673210144,20500.0
2025-07-10,0.6978787774916254,0.6978787774916254,0.6836363673210144,0.6836363673210144,21900.0
2025-07-11,0.6883838378604082,0.6978787779808044,0.6883838378604082,0.6978787779808044,67100.0
2025-07-14,0.7026262879371643,0.7216161692562302,0.6978788176073979,0.7026262879371643,68400.0
2025-07-15,0.7073737777844826,0.7121212482452393,0.702626307323726,0.7121212482452393,129800.0
2025-07-16,0.7121212282693701,0.7216161689245386,0.7121212282693701,0.7168686985969543,10600.0
2025-07-17,0.7833333411645582,0.7880808115005493,0.750101048812621,0.7880808115005493,137300.0
2025-07-18,0.788080772007813,0.7975757122039795,0.764343421517397,0.7975757122039795,43300.0
2025-07-21,0.7975757122039795,0.8070707089944537,0.7975757122039795,0.7975757122039795,10000.0
2025-07-22,0.7975757544326861,0.8165656924247742,0.7975757544326861,0.8165656924247742,15000.0
2025-07-23,0.816565690110806,0.816565690110806,0.7880808115005493,0.7880808115005493,15000.0
2025-07-24,0.7880807916136366,0.7880807916136366,0.7643434405326843,0.7643434405326843,70300.0
2025-07-25,0.7833333015441895,0.7833333015441895,0.7501010108731148,0.7833333015441895,81800.0
2025-07-28,0.7738383609779698,0.7738383609779698,0.7595959506972587,0.7690908908843994,12600.0
2025-07-29,0.7738383609779698,0.7738383609779698,0.7501010105101179,0.7690908908843994,24500.0
2025-07-30,0.7738383809762155,0.7785858511924744,0.7643434405436977,0.7785858511924744,32900.0
2025-07-31,0.7690908908843994,0.7690908908843994,0.7690908908843994,0.7690908908843994,22500.0
2025-08-01,0.7690908908843994,0.7690908908843994,0.7690908908843994,0.7690908908843994,0.0
2025-08-04,0.7595959901809692,0.7643434605213125,0.7595959901809692,0.7595959901809692,2400.0
2025-08-05,0.7595959901809692,0.7595959901809692,0.7595959901809692,0.7595959901809692,0.0
2025-08-06,0.7643434405326843,0.7643434405326843,0.7643434405326843,0.7643434405326843,1900.0
2025-08-07,0.7595959703274389,0.7785858511924744,0.7595959703274389,0.7785858511924744,35600.0
2025-08-08,0.7785858715423425,0.7785858715423425,0.754848519840626,0.7595959901809692,51000.0
2025-08-11,0.7690909308616559,0.7690909308616559,0.7595959901809692,0.7595959901809692,42300.0
2025-08-12,0.7595959901809692,0.7595959901809692,0.7595959901809692,0.7595959901809692,17500.0
2025-08-13,0.7595959506972587,0.7738383609779698,0.7595959506972587,0.7690908908843994,47100.0
2025-08-14,0.7690908908843994,0.7690908908843994,0.7690908908843994,0.7690908908843994,70500.0
2025-08-15,0.7595959905491119,0.7595959905491119,0.7406060525842244,0.7453535795211792,64000.0
2025-08-18,0.7548485000890137,0.7548485000890137,0.7501010298728943,0.7501010298728943,22800.0
2025-08-19,0.7643434405326843,0.7643434405326843,0.7643434405326843,0.7643434405326843,100.0
2025-08-20,0.7643434405212527,0.7643434405212527,0.7501010298728943,0.7501010298728943,17400.0
2025-08-21,0.7595959503157956,0.7595959503157956,0.7548484802246094,0.7548484802246094,16900.0
2025-08-22,0.7595959901809692,0.7595959901809692,0.7595959901809692,0.7595959901809692,12300.0
2025-08-25,0.7643434601645049,0.7738384008407593,0.7643434601645049,0.7738384008407593,19400.0
2025-08-26,0.7738383609779698,0.7738383609779698,0.7690908908843994,0.7690908908843994,34800.0
2025-08-27,0.7643434405326843,0.7690909107488748,0.7643434405326843,0.7643434405326843,15900.0
2025-08-28,0.7595959901809692,0.7643434605213125,0.7595959901809692,0.7595959901809692,40100.0
2025-08-29,0.7595959901809692,0.7595959901809692,0.7595959901809692,0.7595959901809692,0.0
2025-09-01,0.7595959901809692,0.7690909308616559,0.7595959901809692,0.7595959901809692,3200.0
2025-09-02,0.7548485000890137,0.7548485000890137,0.7501010298728943,0.7501010298728943,71800.0
2025-09-03,0.7501010298728943,0.7501010298728943,0.7501010298728943,0.7501010298728943,0.0
2025-09-04,0.7501010298728943,0.7501010298728943,0.7501010298728943,0.7501010298728943,4200.0
2025-09-05,0.7501010298728943,0.7501010298728943,0.7406060328463462,0.7501010298728943,45200.0
2025-09-08,0.7595959506972587,0.7785858310715401,0.7595959506972587,0.7690908908843994,40600.0
2025-09-09,0.7690908908843994,0.7738383609779698,0.7643434207908291,0.7690908908843994,28700.0
2025-09-10,0.7595959901809692,0.7595959901809692,0.754848519840626,0.7595959901809692,39000.0
2025-09-11,0.7595959503157956,0.7595959503157956,0.7548484802246094,0.7548484802246094,23200.0
2025-09-12,0.7548485000890137,0.7548485000890137,0.7501010298728943,0.7501010298728943,21600.0
2025-09-15,0.7643434405326843,0.7643434405326843,0.7643434405326843,0.7643434405326843,1000.0
2025-09-16,0.7643434204069819,0.7643434204069819,0.7548484802246094,0.7548484802246094,39500.0
2025-09-17,0.7595959506972587,0.7738383609779698,0.7548484806036883,0.7690908908843994,20000.0
2025-09-18,0.7690909107488748,0.7738383809650652,0.7595959703164938,0.7643434405326843,20100.0
2025-09-19,0.7595959901809692,0.7595959901809692,0.7595959901809692,0.7595959901809692,200.0
2025-09-22,0.7643434601645049,0.7738384008407593,0.7643434601645049,0.7738384008407593,25400.0
2025-09-23,0.7738383609779698,0.7738383609779698,0.7690908908843994,0.7690908908843994,12100.0
2025-09-24,0.7738384008407593,0.7738384008407593,0.7738384008407593,0.7738384008407593,24000.0
2025-09-25,0.7738383609779698,0.7738383609779698,0.7690908908843994,0.7690908908843994,44800.0
2025-09-26,0.7595959506972587,0.7690908908843994,0.7595959506972587,0.7690908908843994,13600.0
2025-09-29,0.7785858310715401,0.7785858310715401,0.7690908908843994,0.7690908908843994,13000.0
2025-09-30,0.7643434605213125,0.7643434605213125,0.7595959901809692,0.7595959901809692,8200.0
2025-10-01,0.7595959901809692,0.7595959901809692,0.7595959901809692,0.7595959901809692,0.0
2025-10-02,0.7738384008407593,0.7738384008407593,0.7738384008407593,0.7738384008407593,2000.0
2025-10-03,0.7738384008407593,0.7738384008407593,0.7738384008407593,0.7738384008407593,600.0
2025-10-06,0.7738383609779698,0.7785858310715401,0.7690908908843994,0.7690908908843994,51800.0
2025-10-07,0.7785858511924744,0.7785858511924744,0.7738383809762155,0.7785858511924744,36000.0
2025-10-08,0.7833333015441895,0.7833333015441895,0.7833333015441895,0.7833333015441895,6000.0
2025-10-09,0.7833333214087332,0.7833333214087332,0.7785858511924744,0.7785858511924744,2600.0
2025-10-10,0.7738383613524539,0.7833333015441895,0.769090891256586,0.7833333015441895,30700.0
2025-10-13,0.7833333411645582,0.7880808115005493,0.7833333411645582,0.7880808115005493,31300.0
2025-10-14,0.7928282844671866,0.8023232817649841,0.7928282844671866,0.8023232817649841,33900.0
2025-10-15,0.7975757155206309,0.8118181824684143,0.7833333051671554,0.8118181824684143,41200.0
2025-10-16,0.807070729095548,0.807070729095548,0.7928282618522644,0.7928282618522644,23000.0
2025-10-17,0.7928282618522644,0.8165656695281976,0.7928282618522644,0.7928282618522644,58100.0
2025-10-21,0.8118182224684709,0.8118182224684709,0.8023232817649841,0.8023232817649841,46000.0
2025-10-22,0.8023232817649841,0.8023232817649841,0.7928282844671866,0.8023232817649841,51600.0
2025-10-23,0.8070707321166992,0.8070707321166992,0.8070707321166992,0.8070707321166992,30000.0
2025-10-24,0.8118182220753298,0.8260606331236628,0.8118182220753298,0.8165656924247742,55400.0
2025-10-27,0.8308081030845642,0.8308081030845642,0.8308081030845642,0.8308081030845642,19000.0
2025-10-28,0.8260605931282043,0.8260605931282043,0.8260605931282043,0.8260605931282043,12000.0
2025-10-29,0.830808083202666,0.8355555534362793,0.8260606129690526,0.8355555534362793,40000.0
2025-10-30,0.835555550393497,0.835555550393497,0.7928282618522644,0.7928282618522644,121700.0
2025-10-31,0.8308080635454217,0.8403030037879944,0.8308080635454217,0.8403030037879944,16200.0
2025-11-03,0.8165656924247742,0.8165656924247742,0.8165656924247742,0.8165656924247742,8000.0
2025-11-04,0.8213131427764893,0.8213131427764893,0.8213131427764893,0.8213131427764893,1000.0
2025-11-05,0.821313123302849,0.8403030037879944,0.821313123302849,0.8403030037879944,11200.0
2025-11-06,0.8450505137443542,0.8592929247795903,0.8450505137443542,0.8450505137443542,52400.0
2025-11-07,0.8450504742019237,0.8640404112879533,0.8450504742019237,0.8545454144477844,29300.0
2025-11-10,0.8640404112879533,0.8640404112879533,0.8545454144477844,0.8545454144477844,2000.0
2025-11-11,0.8545454544345116,0.8545454544345116,0.8450505137443542,0.8450505137443542,28700.0
2025-11-12,0.8450504939035061,0.8450504939035061,0.8260606129690526,0.8355555534362793,5700.0
2025-11-13,0.835555533666708,0.8497979440305671,0.835555533666708,0.8403030037879944,26200.0
2025-11-14,0.8403030037879944,0.8403030037879944,0.8403030037879944,0.8403030037879944,0.0
2025-11-17,0.8403030237118918,0.8403030237118918,0.8213131427764893,0.8213131427764893,25000.0
2025-11-18,0.8213131627742185,0.8213131627742185,0.8165656924247742,0.8165656924247742,13700.0
2025-11-19,0.811818219774815,0.811818219774815,0.7785858708285672,0.7880808115005493,58400.0
2025-11-20,0.8118181830602763,0.8403030037879944,0.80707071293899,0.8403030037879944,24200.0
2025-11-21,0.7975757320685892,0.7975757320685892,0.7928282618522644,0.7928282618522644,22000.0
2025-11-24,0.7975757320685892,0.7975757320685892,0.7928282618522644,0.7928282618522644,17600.0
2025-11-25,0.7928282618522644,0.7928282618522644,0.7928282618522644,0.7928282618522644,0.0
2025-11-26,0.7928282618522644,0.7928282618522644,0.7928282618522644,0.7928282618522644,4000.0
2025-11-27,0.8260605931282043,0.8260605931282043,0.8260605931282043,0.8260605931282043,2000.0
2025-11-28,0.8213131427764893,0.8213131427764893,0.8213131427764893,0.8213131427764893,4300.0
2025-12-01,0.8213131427764893,0.8213131427764893,0.8213131427764893,0.8213131427764893,0.0
2025-12-02,0.7975757350541973,0.8070707321166992,0.7880807945860048,0.8070707321166992,33000.0
2025-12-03,0.8070707321166992,0.8070707321166992,0.8070707321166992,0.8070707321166992,24800.0
2025-12-04,0.8070707321166992,0.8070707321166992,0.8070707321166992,0.8070707321166992,0.0
2025-12-05,0.8260606130103398,0.8355555534780411,0.811818202308788,0.8213131427764893,35400.0
2025-12-08,0.8260605931282043,0.8260605931282043,0.8213131230086187,0.8260605931282043,4900.0
2025-12-09,0.8260605931282043,0.8260605931282043,0.8260605931282043,0.8260605931282043,20000.0
2025-12-10,0.8260605931282043,0.8260605931282043,0.8260605931282043,0.8260605931282043,10000.0
2025-12-11,0.8118181827694476,0.8260605931282043,0.807070712649862,0.8260605931282043,29000.0
2025-12-12,0.8260605931282043,0.8260605931282043,0.8260605931282043,0.8260605931282043,1000.0
2025-12-15,0.8260605931282043,0.8260605931282043,0.8260605931282043,0.8260605931282043,0.0
2025-12-16,0.8260605931282043,0.8260605931282043,0.8260605931282043,0.8260605931282043,0.0
2025-12-17,0.8260605931282043,0.8260605931282043,0.8260605931282043,0.8260605931282043,0.0
2025-12-18,0.8213131627742185,0.8213131627742185,0.8023232813764413,0.8165656924247742,30500.0
2025-12-19,0.802323242232764,0.8118181824684143,0.802323242232764,0.8118181824684143,14000.0
2025-12-22,0.802323261882603,0.8118182023507955,0.802323261882603,0.8070707321166992,139100.0
2025-12-23,0.8070707321166992,0.8118182023507955,0.8070707321166992,0.8070707321166992,101000.0
2025-12-24,0.8070707321166992,0.8070707321166992,0.8070707321166992,0.8070707321166992,0.0
2025-12-26,0.8070707321166992,0.8118182023507955,0.8070707321166992,0.8070707321166992,154100.0
2025-12-29,0.8070707321166992,0.8070707321166992,0.7975757350541973,0.8070707321166992,86800.0
2025-12-30,0.8213131427764893,0.8213131427764893,0.8213131427764893,0.8213131427764893,100.0
2025-12-31,0.835555537355261,0.9020201759409852,0.835555537355261,0.8830302953720093,338100.0
2026-01-02,0.902020196177589,0.902020196177589,0.8782828449338272,0.8925252556800842,195900.0
2026-01-05,0.9020202159881592,0.911515156694196,0.8925252752821223,0.9020202159881592,36100.0
2026-01-06,0.902020176402246,0.9115151166915894,0.8782828256788875,0.9115151166915894,167500.0
2026-01-07,0.9210101539945436,0.925757624347562,0.9020202159881592,0.9020202159881592,37600.0
2026-01-08,0.9020202159881592,0.9020202159881592,0.9020202159881592,0.9020202159881592,23000.0
2026-01-09,0.9020202159881592,0.9020202159881592,0.8830303345760855,0.9020202159881592,72500.0
2026-01-12,0.9020202159881592,0.9020202159881592,0.8925252752821223,0.9020202159881592,37200.0
2026-01-13,0.902020196177589,0.9067676664263412,0.8925252556800842,0.8925252556800842,85000.0
2026-01-14,0.8925252557679534,0.9020201962663928,0.8782828450202942,0.8782828450202942,34700.0
2026-01-15,0.8782828450202942,0.8782828450202942,0.8782828450202942,0.8782828450202942,47200.0
2026-01-16,0.9067676664263412,0.9067676664263412,0.8925252556800842,0.8925252556800842,7100.0
2026-01-19,0.8830303152695139,0.8830303152695139,0.8735353747710745,0.8782828450202942,13000.0
2026-01-20,0.8782828450202942,0.8782828450202942,0.8782828450202942,0.8782828450202942,30000.0
2026-01-21,0.8735353747710745,0.8782828450202942,0.864040434272635,0.8782828450202942,224200.0
2026-01-22,0.8782828450202942,0.8782828450202942,0.8782828450202942,0.8782828450202942,20500.0
2026-01-23,0.8782828450202942,0.8925252557679534,0.8687879045218547,0.8782828450202942,60700.0
2026-01-26,0.8782828450202942,0.8782828450202942,0.8782828450202942,0.8782828450202942,4000.0
2026-01-27,0.8830303152695139,0.8830303152695139,0.8782828450202942,0.8782828450202942,25000.0
2026-01-28,0.8782828451096117,0.8782828451096117,0.8355555562679794,0.8640404343605042,126600.0
2026-01-29,0.849797967017087,0.8640404343605042,0.8450504967673844,0.8640404343605042,131900.0
2026-01-30,0.8450504742019237,0.8545454144477844,0.8450504742019237,0.8545454144477844,66100.0
2026-02-02,0.8545454343294533,0.8592929045628374,0.8497979640960693,0.8497979640960693,313000.0
2026-02-03,0.8545454343294533,0.8545454343294533,0.8497979640960693,0.8497979640960693,35700.0
2026-02-04,0.8545454138457179,0.864040410679197,0.8260605931282043,0.8260605931282043,117000.0
2026-02-05,0.8450504742019237,0.8545454144477844,0.8308080638331324,0.8545454144477844,155800.0
2026-02-06,0.8497979437261323,0.8497979437261323,0.8165656528890332,0.8260605931282043,87400.0
2026-02-09,0.849797944324854,0.8640404112879533,0.8355555339560629,0.8545454144477844,81200.0
2026-02-10,0.8592929244041443,0.8592929244041443,0.8592929244041443,0.8592929244041443,2300.0
2026-02-11,0.8592929244041443,0.8592929244041443,0.8592929244041443,0.8592929244041443,0.0
2026-02-12,0.8592929244041443,0.8640404513414593,0.8592929244041443,0.8592929244041443,35200.0
2026-02-13,0.8545454548206846,0.8545454548206846,0.8308081030845642,0.8308081030845642,27400.0
2026-02-16,0.8308081030845642,0.8308081030845642,0.8308081030845642,0.8308081030845642,0.0
2026-02-19,0.8450504938626853,0.8497979640960693,0.8450504938626853,0.8497979640960693,40300.0
2026-02-20,0.8592929045628374,0.8592929045628374,0.8497979640960693,0.8497979640960693,10000.0
2026-02-23,0.8545454343707327,0.8545454343707327,0.8260606129690526,0.8355555534362793,45700.0
2026-02-24,0.8545454343707327,0.8545454343707327,0.8355555534362793,0.8355555534362793,25400.0
2026-02-25,0.859292904604346,0.859292904604346,0.8355555534362793,0.8355555534362793,105300.0
2026-02-26,0.8450504739092807,0.8640404109887341,0.8403030037879944,0.8403030037879944,59300.0
2026-02-27,0.8592929045628374,0.8592929045628374,0.8497979640960693,0.8497979640960693,30000.0
2026-03-02,0.8260606327373401,0.8308081030845642,0.8260606327373401,0.8308081030845642,32000.0
2026-03-03,0.8450505137443542,0.8450505137443542,0.8450505137443542,0.8450505137443542,10000.0
2026-03-04,0.8450505137443542,0.8450505137443542,0.8450505137443542,0.8450505137443542,0.0
2026-03-05,0.8450505141262364,0.8450505141262364,0.8308081030845642,0.8308081030845642,58500.0
2026-03-06,0.8308081027091182,0.8450505137443542,0.8260606323640396,0.8450505137443542,30400.0
2026-03-09,0.8165656725848918,0.8165656725848918,0.7975757350541973,0.8070707321166992,186900.0
2026-03-10,0.8403030237553732,0.8403030237553732,0.8070707321166992,0.8070707321166992,27100.0
2026-03-11,0.8118182023507955,0.8118182023507955,0.8070707321166992,0.8070707321166992,44500.0
2026-03-12,0.7975757122039795,0.7975757122039795,0.7975757122039795,0.7975757122039795,15500.0
2026-03-13,0.7975757122039795,0.7975757122039795,0.7975757122039795,0.7975757122039795,200.0
2026-03-16,0.8165656924247742,0.8165656924247742,0.8165656924247742,0.8165656924247742,5000.0
2026-03-17,0.8165656924247742,0.8165656924247742,0.8165656924247742,0.8165656924247742,0.0
2026-03-18,0.8165656924247742,0.8165656924247742,0.8165656924247742,0.8165656924247742,0.0
2026-03-19,0.8165656924247742,0.8165656924247742,0.8165656924247742,0.8165656924247742,0.0
2026-03-20,0.8118182220753298,0.8165656924247742,0.8118182220753298,0.8165656924247742,19000.0
2026-03-23,0.8165656924247742,0.8213131627742185,0.8165656924247742,0.8165656924247742,47500.0
2026-03-24,0.8260605931282043,0.8260605931282043,0.8260605931282043,0.8260605931282043,10000.0
2026-03-25,0.8260605931282043,0.8260605931282043,0.8260605931282043,0.8260605931282043,0.0
2026-03-26,0.8260606331236628,0.8260606331236628,0.8165656924247742,0.8165656924247742,8900.0
2026-03-27,0.8165656528890332,0.8260605931282043,0.8165656528890332,0.8260605931282043,20600.0
2026-03-30,0.8260606130103398,0.8260606130103398,0.8213131427764893,0.8213131427764893,35000.0
2026-03-31,0.8165656725426387,0.8213131427764893,0.8165656725426387,0.8213131427764893,2400.0
2026-04-01,0.8355555734317883,0.8355555734317883,0.8308081030845642,0.8308081030845642,26000.0
2026-04-02,0.8308081030845642,0.8308081030845642,0.8308081030845642,0.8308081030845642,0.0
2026-04-06,0.8355555534362793,0.8403030236698927,0.830808083202666,0.8355555534362793,49500.0
2026-04-07,0.8735353515338141,0.8735353515338141,0.8545454144477844,0.8545454144477844,3200.0
2026-04-08,0.8403030040789933,0.8735353515338141,0.8403030040789933,0.8545454144477844,26300.0
2026-04-09,0.8545454144477844,0.8545454144477844,0.8545454144477844,0.8545454144477844,85000.0
2026-04-10,0.8640404343605042,0.8735353748599092,0.8592929075164921,0.8640404343605042,37200.0
2026-04-13,0.864040434272635,0.8877777855187337,0.854545437179886,0.8782828450202942,46300.0
2026-04-14,0.883030336675042,0.930505096912384,0.883030336675042,0.930505096912384,86100.0
2026-04-15,0.8925252752821223,0.911515156694196,0.8925252752821223,0.9020202159881592,111200.0
2026-04-16,0.9067676884965576,0.930505096912384,0.9020202181322544,0.930505096912384,110100.0
2026-04-17,0.9067676497166473,0.9257575869560242,0.9067676497166473,0.9257575869560242,48000.0
2026-04-20,0.9257575869560242,0.9257575869560242,0.9210101167947572,0.9257575869560242,48600.0
2026-04-21,0.911515156694196,0.911515156694196,0.9020202159881592,0.9020202159881592,121300.0
2026-04-22,0.9020202159881592,0.9020202159881592,0.9020202159881592,0.9020202159881592,1000.0
2026-04-23,0.9020202159881592,0.9020202159881592,0.9020202159881592,0.9020202159881592,0.0
2026-04-24,0.9020202159881592,0.9020202159881592,0.8972727456351407,0.9020202159881592,2500.0
2026-04-27,0.902020176402246,0.9115151166915894,0.902020176402246,0.9115151166915894,30000.0
2026-04-28,0.9020201960915748,0.9067676663398744,0.897272725843275,0.9067676663398744,41000.0
2026-04-29,0.9067676663398744,0.9067676663398744,0.9067676663398744,0.9067676663398744,0.0
2026-04-30,0.921010113575241,0.921010113575241,0.9115151166915894,0.9115151166915894,16700.0
2026-05-04,0.9210101366043092,0.9210101366043092,0.9162626097466212,0.9210101366043092,11100.0
2026-05-05,0.9257576068676872,0.9257576068676872,0.9210101366043092,0.9210101366043092,97300.0
2026-05-06,0.9210101366043092,0.9210101366043092,0.9210101366043092,0.9210101366043092,0.0
2026-05-07,0.9210101366043092,0.9210101366043092,0.9210101366043092,0.9210101366043092,2500.0
2026-05-08,0.9210101366043092,0.9210101366043092,0.9210101366043092,0.9210101366043092,0.0
2026-05-11,0.9210101366043092,0.9210101366043092,0.9210101366043092,0.9210101366043092,0.0
2026-05-12,0.9210101561837778,0.9352525672766872,0.9210101561837778,0.930505096912384,146000.0
2026-05-13,0.9305050571172914,0.9305050571172914,0.9257575869560242,0.9257575869560242,14900.0
2026-05-14,0.925757606738666,0.9352525472640992,0.925757606738666,0.9352525472640992,27600.0
2026-05-15,0.9352525472640992,0.9352525472640992,0.9352525472640992,0.9352525472640992,0.0
2026-05-18,0.9352525272785585,0.9352525272785585,0.9257575869560242,0.9257575869560242,30300.0
2026-05-19,0.9257575869560242,0.9305050571172914,0.9257575869560242,0.9257575869560242,41200.0
2026-05-20,0.9352525672766872,0.9352525672766872,0.930505096912384,0.930505096912384,12400.0
2026-05-21,0.9352525471376651,0.9494949579238892,0.9352525471376651,0.9494949579238892,83000.0
2026-05-22,0.9494949579238892,0.9494949579238892,0.9494949579238892,0.9494949579238892,1600.0
2026-05-25,0.9494949579238892,0.9494949579238892,0.9494949579238892,0.9494949579238892,2500.0
2026-05-26,0.9494949581845776,0.9494949581845776,0.9210101366043092,0.9210101366043092,2300.0
2026-05-27,0.9210101366043092,0.9210101366043092,0.9210101366043092,0.9210101366043092,0.0
2026-05-28,0.9210101366043092,0.9210101366043092,0.9210101366043092,0.9210101366043092,0.0
2026-05-29,0.9210101364759496,0.9400000175268156,0.9210101364759496,0.9352525472640992,20100.0
2026-06-02,0.9494949579238892,0.9589898984480384,0.9494949579238892,0.9494949579238892,62500.0
2026-06-03,0.9494949580522484,0.9494949580522484,0.9352525472640992,0.9352525472640992,1300.0
2026-06-04,0.9400000349970083,0.9400000349970083,0.9162626266479492,0.9162626266479492,25000.0
2026-06-05,0.958989878607684,0.9684848189353944,0.9494949382799736,0.9684848189353944,52400.0
2026-06-08,0.9589899190982027,0.9589899190982027,0.930505096912384,0.930505096912384,20300.0
2026-06-09,0.9352525668479208,0.9494949779343008,0.9352525668479208,0.944747507572174,8100.0
2026-06-10,0.9399999976158142,0.9399999976158142,0.9399999976158142,0.9399999976158142,20000.0
2026-06-11,0.9399999976158142,0.9399999976158142,0.9399999976158142,0.9399999976158142,20600.0
2026-06-12,0.9449999928474426,0.959999978542328,0.9350000023841858,0.949999988079071,23200.0
2026-06-15,0.9399999976158142,0.9399999976158142,0.9350000023841858,0.9350000023841858,4000.0
2026-06-16,0.9350000023841858,0.9350000023841858,0.9350000023841858,0.9350000023841858,20200.0
2026-06-17,0.9350000023841858,0.9350000023841858,0.9300000071525574,0.9300000071525574,7400.0
2026-06-18,0.9350000023841858,0.9350000023841858,0.9300000071525574,0.9350000023841858,5100.0
2026-06-19,0.9399999976158142,0.9399999976158142,0.9300000071525574,0.9350000023841858,42500.0
2026-06-22,0.9350000023841858,0.9350000023841858,0.9350000023841858,0.9350000023841858,0.0
2026-06-23,0.9350000023841858,0.9350000023841858,0.9350000023841858,0.9350000023841858,0.0
2026-06-24,0.9350000023841858,0.9350000023841858,0.9350000023841858,0.9350000023841858,0.0
2026-06-25,0.9350000023841858,0.9350000023841858,0.9350000023841858,0.9350000023841858,0.0
2026-06-26,0.9350000023841858,0.9350000023841858,0.9350000023841858,0.9350000023841858,0.0
2026-06-29,0.9350000023841858,0.9350000023841858,0.9350000023841858,0.9350000023841858,9900.0
2026-06-30,0.9399999976158142,0.9399999976158142,0.9399999976158142,0.9399999976158142,12000.0
2026-07-01,0.9300000071525574,0.9300000071525574,0.9200000166893004,0.9200000166893004,38500.0
2026-07-02,0.9200000166893004,0.9200000166893004,0.915000021457672,0.9200000166893004,9300.0
2026-07-03,0.9200000166893004,0.9200000166893004,0.9100000262260436,0.9100000262260436,4500.0
2026-07-06,0.915000021457672,0.9300000071525574,0.9100000262260436,0.9300000071525574,14200.0
2026-07-07,0.9300000071525574,0.9300000071525574,0.9300000071525574,0.9300000071525574,3400.0
2026-07-08,0.9300000071525574,0.9300000071525574,0.9300000071525574,0.9300000071525574,0.0
2026-07-09,0.9300000071525574,0.9350000023841858,0.9300000071525574,0.9350000023841858,12300.0
2026-07-10,0.9399999976158142,0.9399999976158142,0.9350000023841858,0.9399999976158142,20100.0
2026-07-13,0.9399999976158142,0.9399999976158142,0.9399999976158142,0.9399999976158142,5600.0
2026-07-14,0.9399999976158142,0.9399999976158142,0.9399999976158142,0.9399999976158142,16200.0
2026-07-15,0.9399999976158142,0.9399999976158142,0.9399999976158142,0.9399999976158142,3300.0
2026-07-16,0.9399999976158142,0.9399999976158142,0.9399999976158142,0.9399999976158142,0.0
2026-07-17,0.9200000166893004,0.9200000166893004,0.9200000166893004,0.9200000166893004,14200.0
2026-07-20,0.9200000166893004,0.9200000166893004,0.9200000166893004,0.9200000166893004,0.0
2026-07-21,0.915000021457672,0.915000021457672,0.915000021457672,0.915000021457672,2000.0
2026-07-22,0.915000021457672,0.915000021457672,0.915000021457672,0.915000021457672,0.0
2026-07-23,0.9200000166893004,0.9200000166893004,0.9200000166893004,0.9200000166893004,23300.0
2026-07-24,0.9200000166893004,0.9200000166893004,0.9200000166893004,0.9200000166893004,1100.0
2026-07-27,0.9200000166893004,0.9200000166893004,0.9200000166893004,0.9200000166893004,11200.0
2026-07-28,0.9200000166893004,0.9200000166893004,0.9200000166893004,0.9200000166893004,500.0
2026-07-29,0.9200000166893004,0.9200000166893004,0.915000021457672,0.915000021457672,4700.0
2026-07-30,0.915000021457672,0.915000021457672,0.915000021457672,0.915000021457672,10900.0
2026-07-31,0.915000021457672,0.915000021457672,0.915000021457672,0.915000021457672,4000.0
2026-08-03,0.915000021457672,0.915000021457672,0.915000021457672,0.915000021457672,0.0
2026-08-04,0.9049999713897704,0.9049999713897704,0.9049999713897704,0.9049999713897704,2000.0
2026-08-05,0.8999999761581421,0.8999999761581421,0.8999999761581421,0.8999999761581421,18000.0
2026-08-06,0.8999999761581421,0.8999999761581421,0.8999999761581421,0.8999999761581421,600.0
2026-08-07,0.8999999761581421,0.8999999761581421,0.8999999761581421,0.8999999761581421,500.0
2026-08-11,0.8999999761581421,0.8999999761581421,0.8700000047683716,0.8700000047683716,60600.0
2026-08-12,0.8700000047683716,0.8700000047683716,0.8600000143051147,0.8650000095367432,22500.0
2026-08-13,0.8700000047683716,0.8700000047683716,0.8500000238418579,0.8500000238418579,105500.0
2026-08-14,0.8500000238418579,0.8500000238418579,0.8450000286102295,0.8500000238418579,127200.0
2026-08-17,0.8500000238418579,0.8500000238418579,0.8500000238418579,0.8500000238418579,25200.0
2026-08-18,0.8399999737739563,0.8500000238418579,0.8399999737739563,0.8500000238418579,18400.0
2026-08-19,0.8500000238418579,0.8500000238418579,0.8450000286102295,0.8450000286102295,8100.0
2026-08-20,0.8500000238418579,0.8500000238418579,0.8399999737739563,0.8399999737739563,183800.0
2026-08-21,0.8399999737739563,0.8399999737739563,0.8299999833106995,0.8299999833106995,68500.0
2026-08-24,0.8299999833106995,0.8399999737739563,0.8299999833106995,0.8399999737739563,28300.0
2026-08-25,0.8399999737739563,0.8399999737739563,0.8399999737739563,0.8399999737739563,12900.0
2026-08-26,0.8399999737739563,0.8399999737739563,0.8349999785423279,0.8349999785423279,111400.0
2026-08-27,0.8399999737739563,0.8399999737739563,0.8399999737739563,0.8399999737739563,2500.0
2026-08-28,0.8399999737739563,0.8399999737739563,0.8349999785423279,0.8349999785423279,1200.0
2026-08-31,0.8799999952316284,0.9300000071525574,0.8799999952316284,0.9300000071525574,264100.0
2026-09-01,0.9300000071525574,0.9350000023841858,0.8500000238418579,0.8700000047683716,14300.0
2026-09-02,0.8700000047683716,0.8700000047683716,0.8700000047683716,0.8700000047683716,0.0
2026-09-03,0.8700000047683716,0.8700000047683716,0.8600000143051147,0.8600000143051147,6600.0
2026-09-04,0.8600000143051147,0.8600000143051147,0.8600000143051147,0.8600000143051147,0.0
2026-09-07,0.8600000143051147,0.8600000143051147,0.8600000143051147,0.8600000143051147,0.0
2026-09-08,0.8600000143051147,0.8799999952316284,0.8600000143051147,0.8799999952316284,22000.0
2026-09-09,0.8799999952316284,0.8799999952316284,0.8799999952316284,0.8799999952316284,0.0
2026-09-10,0.8799999952316284,0.8799999952316284,0.8799999952316284,0.8799999952316284,0.0
2026-09-11,0.8799999952316284,0.8999999761581421,0.8799999952316284,0.8799999952316284,9000.0
2026-09-14,0.875,0.875,0.875,0.875,11400.0
2026-09-15,0.875,0.875,0.875,0.875,0.0
2026-09-16,0.875,0.875,0.875,0.875,0.0
2026-09-17,0.8949999809265137,0.8949999809265137,0.8949999809265137,0.8949999809265137,3500.0
2026-09-18,0.875,0.875,0.875,0.875,6000.0
2026-09-21,0.875,0.875,0.875,0.875,15500.0
2026-09-22,0.8949999809265137,0.8999999761581421,0.8949999809265137,0.8999999761581421,12400.0
2026-09-23,0.875,0.875,0.8700000047683716,0.8700000047683716,21900.0
2026-09-24,0.875,0.875,0.875,0.875,1300.0
2026-09-25,0.875,0.9049999713897704,0.875,0.875,18300.0
2026-09-28,0.875,0.875,0.875,0.875,0.0
2026-09-29,0.9100000262260436,0.9100000262260436,0.8999999761581421,0.8999999761581421,10000.0
2026-09-30,0.8799999952316284,0.8799999952316284,0.8799999952316284,0.8799999952316284,36000.0
2026-10-01,0.8799999952316284,0.8799999952316284,0.8799999952316284,0.8799999952316284,0.0
2026-10-02,0.8700000047683716,0.8999999761581421,0.8700000047683716,0.8999999761581421,6500.0
