date,open,high,low,close,volume
2016-10-03,0.1674118340015411,0.1674118340015411,0.1674118340015411,0.1674118340015411,18000.0
2016-10-04,0.1674118094766901,0.1674118094766901,0.1636915504932403,0.1636915504932403,67600.0
2016-10-05,0.1636915504932403,0.1636915504932403,0.1636915504932403,0.1636915504932403,0.0
2016-10-06,0.1674118466138733,0.1711321175098419,0.1674118466138733,0.1711321175098419,5000.0
2016-10-07,0.1674118466138733,0.1711321175098419,0.1674118466138733,0.1711321175098419,20100.0
2016-10-10,0.1674118407708232,0.1748523712158203,0.1674118407708232,0.1748523712158203,92200.0
2016-10-11,0.1748523712158203,0.1785726308946946,0.1711321115369459,0.1748523712158203,128900.0
2016-10-12,0.174852377708805,0.1860131682471223,0.174852377708805,0.1822929084300995,277900.0
2016-10-13,0.1822929084300995,0.1860131682471223,0.1785726375258278,0.1822929084300995,155800.0
2016-10-14,0.1785726398229599,0.1785726398229599,0.1785726398229599,0.1785726398229599,30000.0
2016-10-17,0.1748523712158203,0.1748523712158203,0.1748523712158203,0.1748523712158203,25000.0
2016-10-18,0.1711321175098419,0.1711321175098419,0.1711321175098419,0.1711321175098419,16800.0
2016-10-19,0.1711321175098419,0.1711321175098419,0.1711321175098419,0.1711321175098419,100.0
2016-10-20,0.1711320795473863,0.1711320795473863,0.1636915504932403,0.1636915504932403,120000.0
2016-10-21,0.1636915504932403,0.1636915504932403,0.1636915504932403,0.1636915504932403,1900.0
2016-10-24,0.1636915744730951,0.1674118340015411,0.1636915744730951,0.1674118340015411,147200.0
2016-10-25,0.1674118340015411,0.1674118340015411,0.1674118340015411,0.1674118340015411,0.0
2016-10-26,0.1711321175098419,0.1711321175098419,0.1711321175098419,0.1711321175098419,200.0
2016-10-27,0.1636915504932403,0.1711320795473863,0.1636915504932403,0.1636915504932403,54000.0
2016-10-28,0.1674118466138733,0.1711321175098419,0.1674118466138733,0.1711321175098419,107900.0
2016-10-31,0.1674118340015411,0.1674118340015411,0.1674118340015411,0.1674118340015411,12000.0
2016-11-01,0.1636915504932403,0.1636915504932403,0.1636915504932403,0.1636915504932403,4000.0
2016-11-02,0.1711321115369459,0.1748523712158203,0.1674118407708232,0.1748523712158203,92100.0
2016-11-03,0.1711320795473863,0.1711320795473863,0.1636915504932403,0.1636915504932403,8500.0
2016-11-04,0.1636915810919488,0.1748523712158203,0.1636915810919488,0.1748523712158203,12800.0
2016-11-07,0.1748523712158203,0.1748523712158203,0.1748523712158203,0.1748523712158203,0.0
2016-11-08,0.1636915504932403,0.1636915504932403,0.1636915504932403,0.1636915504932403,30000.0
2016-11-09,0.1636915871704877,0.1822929084300995,0.1636915871704877,0.1822929084300995,312600.0
2016-11-10,0.1822929024412758,0.1897334218308799,0.1822929024412758,0.1860131621360778,330300.0
2016-11-11,0.1785726398229599,0.1785726398229599,0.1785726398229599,0.1785726398229599,52000.0
2016-11-14,0.1785726398229599,0.1822929107750885,0.1785726398229599,0.1785726398229599,251400.0
2016-11-15,0.1785726398229599,0.1785726398229599,0.1785726398229599,0.1785726398229599,2000.0
2016-11-16,0.1785726316592253,0.1860131621360778,0.1785726316592253,0.1860131621360778,101000.0
2016-11-17,0.1785726316592253,0.1860131621360778,0.1785726316592253,0.1860131621360778,100100.0
2016-11-18,0.1785726398229599,0.1822929107750885,0.1785726398229599,0.1785726398229599,38500.0
2016-11-21,0.1748523799580802,0.1785726398229599,0.1748523799580802,0.1785726398229599,9000.0
2016-11-22,0.1748523773185616,0.1785726371272814,0.1711321175098419,0.1711321175098419,167100.0
2016-11-23,0.1674118407708232,0.1748523712158203,0.1674118407708232,0.1748523712158203,5400.0
2016-11-24,0.1748523712158203,0.1748523712158203,0.1748523712158203,0.1748523712158203,70000.0
2016-11-25,0.1674118407708232,0.1748523712158203,0.1674118407708232,0.1748523712158203,73600.0
2016-11-28,0.1748523712158203,0.1748523712158203,0.1711321115369459,0.1748523712158203,72000.0
2016-11-29,0.1711321175098419,0.1711321175098419,0.1711321175098419,0.1711321175098419,100000.0
2016-11-30,0.1711321046172351,0.1711321046172351,0.1674118340015411,0.1674118340015411,173900.0
2016-12-01,0.1674118340015411,0.1711321046172351,0.1674118340015411,0.1674118340015411,305100.0
2016-12-02,0.1674118340015411,0.1674118340015411,0.1674118340015411,0.1674118340015411,65700.0
2016-12-05,0.1674118340015411,0.1674118340015411,0.1674118340015411,0.1674118340015411,213900.0
2016-12-06,0.1636915504932403,0.1636915504932403,0.1636915504932403,0.1636915504932403,2000.0
2016-12-07,0.1636915504932403,0.1636915504932403,0.1636915504932403,0.1636915504932403,0.0
2016-12-08,0.1674118340015411,0.1674118340015411,0.1674118340015411,0.1674118340015411,20000.0
2016-12-09,0.1674118340015411,0.1711321046172351,0.1674118340015411,0.1674118340015411,90600.0
2016-12-12,0.1674118340015411,0.1674118340015411,0.1674118340015411,0.1674118340015411,4000.0
2016-12-13,0.1674118340015411,0.1748523641456811,0.1674118340015411,0.1674118340015411,12400.0
2016-12-14,0.1748523773185616,0.1748523773185616,0.1711321175098419,0.1711321175098419,60100.0
2016-12-15,0.1674118340015411,0.1674118340015411,0.1674118340015411,0.1674118340015411,5000.0
2016-12-16,0.1674118340015411,0.1674118340015411,0.1674118340015411,0.1674118340015411,100.0
2016-12-19,0.1674118094766901,0.1674118094766901,0.1636915504932403,0.1636915504932403,39000.0
2016-12-20,0.1674118466138733,0.1711321175098419,0.1674118466138733,0.1711321175098419,81000.0
2016-12-21,0.1711321175098419,0.1711321175098419,0.1711321175098419,0.1711321175098419,0.0
2016-12-22,0.1711321175098419,0.1711321175098419,0.1711321175098419,0.1711321175098419,0.0
2016-12-23,0.1711321175098419,0.1711321175098419,0.1711321175098419,0.1711321175098419,80000.0
2016-12-27,0.1636915504932403,0.1636915504932403,0.1636915504932403,0.1636915504932403,1900.0
2016-12-28,0.1674118407708232,0.1748523712158203,0.1674118407708232,0.1748523712158203,8100.0
2016-12-29,0.1748523799580802,0.1785726398229599,0.1711321200932005,0.1785726398229599,64300.0
2016-12-30,0.1711321200932005,0.1785726398229599,0.1711321200932005,0.1785726398229599,13000.0
2017-01-03,0.1636915504932403,0.1636915504932403,0.1636915504932403,0.1636915504932403,3000.0
2017-01-04,0.1711321200932005,0.1785726398229599,0.1711321200932005,0.1785726398229599,12900.0
2017-01-05,0.1711321175098419,0.1711321175098419,0.1711321175098419,0.1711321175098419,63100.0
2017-01-06,0.1711321175098419,0.1748523773185616,0.1711321175098419,0.1711321175098419,120600.0
2017-01-09,0.1711321175098419,0.1711321175098419,0.1711321175098419,0.1711321175098419,0.0
2017-01-10,0.1674118407708232,0.1748523712158203,0.1674118407708232,0.1748523712158203,70300.0
2017-01-11,0.1674118340015411,0.1711321046172351,0.1674118340015411,0.1674118340015411,110300.0
2017-01-12,0.1674118407708232,0.1748523712158203,0.1674118407708232,0.1748523712158203,145000.0
2017-01-13,0.1748523799580802,0.1785726398229599,0.1748523799580802,0.1785726398229599,236000.0
2017-01-16,0.1785726398229599,0.1785726398229599,0.1785726398229599,0.1785726398229599,185000.0
2017-01-17,0.1748523712158203,0.1748523712158203,0.1748523712158203,0.1748523712158203,45300.0
2017-01-18,0.1711321175098419,0.1748523773185616,0.1711321175098419,0.1711321175098419,12100.0
2017-01-19,0.1711321175098419,0.1711321175098419,0.1711321175098419,0.1711321175098419,2000.0
2017-01-20,0.1711321175098419,0.1711321175098419,0.1711321175098419,0.1711321175098419,0.0
2017-01-23,0.1674118340015411,0.1674118340015411,0.1674118340015411,0.1674118340015411,5000.0
2017-01-24,0.1674118340015411,0.1674118340015411,0.1674118340015411,0.1674118340015411,7000.0
2017-01-25,0.1711321115369459,0.1785726308946946,0.1674118407708232,0.1748523712158203,101600.0
2017-01-26,0.1711321175098419,0.1711321175098419,0.1711321175098419,0.1711321175098419,24200.0
2017-01-27,0.1748523712158203,0.1748523712158203,0.1748523712158203,0.1748523712158203,62000.0
2017-01-31,0.1711321175098419,0.1711321175098419,0.1711321175098419,0.1711321175098419,15000.0
2017-02-01,0.1674118340015411,0.1674118340015411,0.1674118340015411,0.1674118340015411,10000.0
2017-02-02,0.1711321115369459,0.1785726308946946,0.1711321115369459,0.1748523712158203,320200.0
2017-02-03,0.1748523712158203,0.1748523712158203,0.1748523712158203,0.1748523712158203,0.0
2017-02-06,0.1785726308946946,0.1785726308946946,0.1748523712158203,0.1748523712158203,155000.0
2017-02-07,0.1748523712158203,0.1785726308946946,0.1748523712158203,0.1748523712158203,251300.0
2017-02-08,0.1785726398229599,0.1785726398229599,0.1785726398229599,0.1785726398229599,10200.0
2017-02-09,0.1785726375258278,0.1860131682471223,0.1785726375258278,0.1822929084300995,412400.0
2017-02-10,0.1822929024412758,0.1860131621360778,0.1785726316592253,0.1860131621360778,115400.0
2017-02-13,0.1822929107750885,0.1822929107750885,0.1785726398229599,0.1785726398229599,60200.0
2017-02-14,0.1822929084300995,0.1822929084300995,0.1785726375258278,0.1822929084300995,228000.0
2017-02-15,0.1785726398229599,0.1822929107750885,0.1785726398229599,0.1785726398229599,82600.0
2017-02-16,0.1785726316592253,0.1897334218308799,0.1785726316592253,0.1860131621360778,685000.0
2017-02-17,0.1860131621360778,0.1860131621360778,0.1822929024412758,0.1860131621360778,332500.0
2017-02-20,0.1860131682471223,0.1860131682471223,0.1822929084300995,0.1822929084300995,134600.0
2017-02-21,0.1822929024412758,0.1860131621360778,0.1822929024412758,0.1860131621360778,35000.0
2017-02-22,0.1860131506191089,0.1971739290124975,0.1860131506191089,0.1934536695480346,714000.0
2017-02-23,0.1934536695480346,0.1934536695480346,0.1934536695480346,0.1934536695480346,200000.0
2017-02-24,0.1934536695480346,0.1934536695480346,0.1934536695480346,0.1934536695480346,0.0
2017-02-27,0.1934536829159445,0.2120550036981308,0.1934536829159445,0.208334743976593,1187900.0
2017-02-28,0.2008942047843203,0.2008942047843203,0.197173923254013,0.197173923254013,304200.0
2017-03-01,0.1971739690710141,0.2083347719063639,0.1971739690710141,0.2008942514657974,533400.0
2017-03-02,0.2008942514657974,0.2008942514657974,0.2008942514657974,0.2008942514657974,106300.0
2017-03-03,0.1971739690710141,0.2008942514657974,0.1971739690710141,0.2008942514657974,48000.0
2017-03-06,0.2008942047843203,0.2008942047843203,0.197173923254013,0.197173923254013,45000.0
2017-03-07,0.1971739426374824,0.208334743976593,0.1971739426374824,0.208334743976593,217700.0
2017-03-08,0.2046144842550551,0.2120550036981308,0.2046144842550551,0.208334743976593,260800.0
2017-03-09,0.2083347564533084,0.2269360783494875,0.2083347564533084,0.2232158184051513,1509000.0
2017-03-10,0.2232158184051513,0.2232158184051513,0.2194955362863168,0.2232158184051513,343200.0
2017-03-13,0.2232157976121816,0.2343765764055425,0.2232157976121816,0.2269360572099685,733000.0
2017-03-14,0.2232157925912555,0.2269360521053604,0.2157752513885497,0.2157752513885498,684700.0
2017-03-15,0.2157752513885497,0.2157752513885497,0.2157752513885497,0.2157752513885498,310000.0
2017-03-16,0.2157752749760647,0.2232158169921347,0.2120550150552788,0.2194955348968505,433200.0
2017-03-17,0.2194955109026547,0.2232157925912555,0.2157752513885497,0.2157752513885498,231700.0
2017-03-20,0.2194955362863168,0.2232158184051513,0.2120550163976446,0.2232158184051513,962500.0
2017-03-21,0.2232158495923473,0.2343766309847139,0.2232158495923473,0.2306563705205917,1578400.0
2017-03-22,0.2269360591030598,0.2641386775657686,0.2269360591030598,0.2492576390504837,3551100.0
2017-03-23,0.245537419008705,0.2939008463298211,0.2418171366055806,0.2901805639266968,5380800.0
2017-03-24,0.2790197432041168,0.3087818429370301,0.2678589641197106,0.2790197432041168,3514600.0
2017-03-27,0.267858946539209,0.2752994654404663,0.2604184054634562,0.2715792059898376,499500.0
2017-03-28,0.260418440023011,0.2827400218635261,0.260418440023011,0.2678589820861816,1456500.0
2017-03-29,0.2715792099600854,0.2752994694651009,0.2641386687755584,0.2641386687755584,887200.0
2017-03-30,0.2641386775657686,0.2641386775657686,0.2380968379895235,0.2492576390504837,2136400.0
2017-03-31,0.2529779076576233,0.2641386869401888,0.249257647896768,0.2529779076576233,1545400.0
2017-04-03,0.2566981800786749,0.2752995019748539,0.2566981800786749,0.2678589820861816,2195300.0
2017-04-04,0.2678589870736131,0.275299507100825,0.2604184448719024,0.2604184448719024,2735900.0
2017-04-05,0.2641386999673471,0.2678589820861816,0.2641386999673471,0.2678589820861816,779200.0
2017-04-06,0.2641387048855084,0.2641387048855084,0.2566981848582965,0.2604184448719024,498200.0
2017-04-07,0.2641386687755584,0.2641386687755584,0.2604184092705429,0.2641386687755584,331100.0
2017-04-10,0.2641387113759655,0.2641387113759655,0.2566981911659241,0.2566981911659241,580000.0
2017-04-11,0.2566981674184784,0.2566981674184784,0.249257647896768,0.2529779076576233,758600.0
2017-04-12,0.2566981848582965,0.2641387048855084,0.2529779248446906,0.2604184448719024,208900.0
2017-04-13,0.2641386999673471,0.2678589820861816,0.260418440023011,0.2678589820861816,879100.0
2017-04-17,0.2641386869401888,0.2641386869401888,0.2529779076576233,0.2529779076576233,383700.0
2017-04-18,0.2604184271793336,0.2604184271793336,0.2529779076576233,0.2529779076576233,662800.0
2017-04-19,0.2529778875029275,0.2529778875029275,0.2418170869350433,0.2418170869350433,579000.0
2017-04-20,0.2455374052460861,0.2455374052460861,0.2380968630313873,0.2380968630313873,383300.0
2017-04-21,0.2418171474776017,0.2455374300479889,0.2380968870817157,0.2455374300479889,564000.0
2017-04-24,0.2455374052460861,0.2492576652661861,0.2380968630313873,0.2380968630313873,842700.0
2017-04-25,0.2380968914488361,0.2380968914488361,0.2232158495923473,0.2306563705205917,1165000.0
2017-04-26,0.2343765764055425,0.2343765764055425,0.2232157976121816,0.2269360572099685,854300.0
2017-04-27,0.2269360783494875,0.2269360783494875,0.2194955362863168,0.2232158184051513,556800.0
2017-04-28,0.2307824343442917,0.2307824343442917,0.2269991194452599,0.2307824343442917,335100.0
2017-05-02,0.2269990920547021,0.2421323498247937,0.2269990920547021,0.2383490353822708,602600.0
2017-05-03,0.2345657492433234,0.2345657492433234,0.2269991194452599,0.2307824343442917,418800.0
2017-05-04,0.230782440744893,0.230782440744893,0.2194324731826782,0.2194324731826782,1202800.0
2017-05-05,0.2194324882404147,0.2232158035039901,0.2156491729768393,0.2232158035039901,1208000.0
2017-05-08,0.2232158035039901,0.2232158035039901,0.2194324882404147,0.2232158035039901,379000.0
2017-05-09,0.2232158035039901,0.2345657718450542,0.2232158035039901,0.2232158035039901,1084400.0
2017-05-11,0.2269991338253021,0.2269991338253021,0.2232157961362662,0.2269991338253021,665400.0
2017-05-12,0.2232158035039901,0.2232158035039901,0.2232158035039901,0.2232158035039901,184200.0
2017-05-15,0.2232157873096634,0.2232157873096634,0.2118658423423767,0.2118658423423767,1683700.0
2017-05-16,0.2156491573314722,0.2156491573314722,0.2080825273532811,0.2118658423423767,754300.0
2017-05-17,0.2118658423423767,0.2118658423423767,0.2118658423423767,0.2118658423423767,156500.0
2017-05-18,0.2118658423423767,0.2118658423423767,0.2080825273532811,0.2118658423423767,156600.0
2017-05-19,0.2118658115593019,0.2118658115593019,0.2080824971199036,0.2080824971199035,226500.0
2017-05-22,0.2118658577132638,0.2269991413179033,0.2118658577132638,0.2232158035039901,2856400.0
2017-05-23,0.2232157569078264,0.2232157569078264,0.2156491279602051,0.215649127960205,625900.0
2017-05-24,0.2156491279602051,0.2156491279602051,0.2156491279602051,0.215649127960205,235000.0
2017-05-25,0.2194324731826782,0.2194324731826782,0.2194324731826782,0.2194324731826782,304100.0
2017-05-26,0.2156491279602051,0.2194324424340157,0.2156491279602051,0.215649127960205,346500.0
2017-05-29,0.2156491573314722,0.2156491573314722,0.2080825273532811,0.2118658423423767,964900.0
2017-05-30,0.2118658115593019,0.2156491259987002,0.2080824971199036,0.2080824971199035,404600.0
2017-05-31,0.2118658423423767,0.2156491573314722,0.2118658423423767,0.2118658423423767,291500.0
2017-06-01,0.2156491279602051,0.2156491279602051,0.2156491279602051,0.215649127960205,121500.0
2017-06-02,0.2194324685136532,0.2534823479254571,0.2194324685136532,0.2421323806047439,7669500.0
2017-06-05,0.2459156726185663,0.2799655488582654,0.2459156726185663,0.2761822342872619,7933800.0
2017-06-06,0.268615601092487,0.268615601092487,0.2534823417663574,0.2534823417663574,2669100.0
2017-06-07,0.2459157188662645,0.2648323178291321,0.2459157188662645,0.2648323178291321,999200.0
2017-06-08,0.2648323176894924,0.2648323176894924,0.2572656871284702,0.2610490024089813,765800.0
2017-06-09,0.2610490022672881,0.2610490022672881,0.2496990564319154,0.2572656869888305,848700.0
2017-06-12,0.2610489550153451,0.2950988089085058,0.2572656404216976,0.2837488651275635,9928700.0
2017-06-13,0.2875322085619559,0.2875322085619559,0.2723989486694336,0.2723989486694336,1432600.0
2017-06-14,0.2761822636425642,0.2799655786156947,0.2648322961728364,0.2723989486694336,1035600.0
2017-06-15,0.2723989221296243,0.2988821469116155,0.268615584974768,0.2875321805477142,4490900.0
2017-06-16,0.2799655513386693,0.2988821469116155,0.2799655513386693,0.2875321805477142,2862300.0
2017-06-19,0.2875321797212109,0.2875321797212109,0.2761822359402686,0.2837488651275635,1372200.0
2017-06-20,0.2837488935888253,0.2837488935888253,0.268615611145967,0.2723989486694336,1857400.0
2017-06-21,0.2723989486694336,0.2723989486694336,0.2648322961728364,0.2723989486694336,542300.0
2017-06-22,0.2686156328242032,0.2686156328242032,0.2572656869888305,0.2572656869888305,993500.0
2017-06-23,0.2572656871284702,0.2648323176894924,0.2572656871284702,0.2610490024089813,2184300.0
2017-06-27,0.2572656565978898,0.268615601092487,0.2534823417663574,0.2534823417663574,1308600.0
2017-06-28,0.253482371710373,0.2572656869888305,0.2421324033246624,0.2572656869888305,2196500.0
2017-06-29,0.2572656565978898,0.2572656565978898,0.2534823417663574,0.2534823417663574,551000.0
2017-06-30,0.249699033506331,0.2534823484374316,0.2459156960248947,0.2459156960248947,514400.0
2017-07-03,0.249699033506331,0.2534823484374316,0.2459156960248947,0.2459156960248947,609300.0
2017-07-04,0.249699033001998,0.2534823479254571,0.2383490656812847,0.2421323806047439,1044200.0
2017-07-05,0.2459156895529574,0.2572656565978898,0.242132374721425,0.2534823417663574,1789500.0
2017-07-06,0.2572656869888305,0.2610490022672881,0.253482371710373,0.2572656869888305,1384200.0
2017-07-07,0.2572656565978898,0.2572656565978898,0.2534823417663574,0.2534823417663574,269900.0
2017-07-10,0.253482371710373,0.2610490022672881,0.253482371710373,0.2572656869888305,609100.0
2017-07-11,0.2610489737175725,0.2761822557266837,0.2610489737175725,0.2686156034469604,3092600.0
2017-07-12,0.268615633111638,0.268615633111638,0.2648323178291321,0.2648323178291321,791500.0
2017-07-13,0.2648322885822665,0.2761822557266837,0.2648322885822665,0.2686156034469604,1879900.0
2017-07-14,0.268615633111638,0.2723989709444818,0.2648323178291321,0.2648323178291321,560200.0
2017-07-17,0.268615633111638,0.2723989709444818,0.2610490025466261,0.2648323178291321,1326800.0
2017-07-18,0.2610490024089813,0.2648323176894924,0.2572656871284702,0.2610490024089813,751800.0
2017-07-19,0.2610490025466261,0.2723989709444818,0.2610490025466261,0.2648323178291321,1443100.0
2017-07-20,0.2686156329700035,0.2686156329700035,0.2610490024089813,0.2610490024089813,995900.0
2017-07-21,0.2610490024089813,0.2648323176894924,0.2572656871284702,0.2610490024089813,732300.0
2017-07-24,0.2648323178291321,0.2723989709444818,0.2648323178291321,0.2648323178291321,1529300.0
2017-07-25,0.2648322885822665,0.2686156034469604,0.2610489737175725,0.2686156034469604,732600.0
2017-07-26,0.2686156329700035,0.2686156329700035,0.2610490024089813,0.2610490024089813,529400.0
2017-07-27,0.2610490022672881,0.2648323175457457,0.2572656869888305,0.2572656869888305,496500.0
2017-07-28,0.2572657020495678,0.2572657020495678,0.2496990710496902,0.2496990710496902,885600.0
2017-07-31,0.2496990710496902,0.253482386549629,0.2459157329994123,0.2496990710496902,709100.0
2017-08-01,0.249699033506331,0.249699033506331,0.2459156960248947,0.2459156960248947,764200.0
2017-08-02,0.2496990710496902,0.2496990710496902,0.2459157329994123,0.2496990710496902,173300.0
2017-08-03,0.2496990710496902,0.2572657020495678,0.2496990710496902,0.2496990710496902,686500.0
2017-08-04,0.249699033506331,0.249699033506331,0.2459156960248947,0.2459156960248947,161100.0
2017-08-07,0.2459156955282031,0.2459156955282031,0.2421323806047439,0.2421323806047439,284200.0
2017-08-08,0.2459156955282031,0.2459156955282031,0.2345657507578256,0.2421323806047439,819200.0
2017-08-10,0.2421323498247937,0.2421323498247937,0.2383490353822708,0.2383490353822708,272700.0
2017-08-11,0.2383490656812847,0.2421323806047439,0.2383490656812847,0.2421323806047439,246300.0
2017-08-14,0.2421323806047439,0.2421323806047439,0.2345657507578256,0.2421323806047439,359200.0
2017-08-15,0.2421323498247937,0.2421323498247937,0.230782406497225,0.2383490353822708,402700.0
2017-08-16,0.2383490641423551,0.2383490641423551,0.2307824343442917,0.2307824343442917,189000.0
2017-08-17,0.234565794467926,0.2383491100963861,0.234565794467926,0.234565794467926,391100.0
2017-08-18,0.2307824788394659,0.234565794467926,0.2307824788394659,0.234565794467926,281900.0
2017-08-21,0.2345657641026999,0.2345657641026999,0.2269991338253021,0.2269991338253021,366900.0
2017-08-22,0.234565751231593,0.2534823484374316,0.234565751231593,0.2459156960248947,1144000.0
2017-08-23,0.2459156955282031,0.249699033001998,0.2421323806047439,0.2421323806047439,10500.0
2017-08-24,0.2459156955282031,0.2459156955282031,0.2421323806047439,0.2421323806047439,295700.0
2017-08-25,0.2421323806047439,0.2459156955282031,0.2421323806047439,0.2421323806047439,106000.0
2017-08-28,0.2459156960248947,0.2459156960248947,0.2421323810937941,0.2459156960248947,220300.0
2017-08-29,0.2421324257248462,0.2421324257248462,0.234565794467926,0.234565794467926,308300.0
2017-08-30,0.2383490353822708,0.2383490353822708,0.2345657209397479,0.2383490353822708,167500.0
2017-08-31,0.2383490353822708,0.2383490353822708,0.2383490353822708,0.2383490353822708,107900.0
2017-09-04,0.2383491100963861,0.2383491100963861,0.234565794467926,0.234565794467926,147000.0
2017-09-05,0.2345657492433234,0.2383490641423551,0.2307824343442917,0.2307824343442917,35300.0
2017-09-06,0.2307824343442917,0.2345657492433234,0.2269991194452599,0.2307824343442917,392500.0
2017-09-07,0.234565794467926,0.234565794467926,0.234565794467926,0.234565794467926,40200.0
2017-09-08,0.2345657492433234,0.2345657492433234,0.2307824343442917,0.2307824343442917,134900.0
2017-09-11,0.2307824358343664,0.2459156955282031,0.2307824358343664,0.2421323806047439,5513500.0
2017-09-12,0.2383490598898927,0.2572656565978898,0.2345657450583602,0.2534823417663574,6746900.0
2017-09-13,0.2534823417663574,0.2572656565978898,0.249699026934825,0.2534823417663574,1225400.0
2017-09-14,0.249699033506331,0.249699033506331,0.2421323810937941,0.2459156960248947,471200.0
2017-09-15,0.2421323806047439,0.2459156955282031,0.2421323806047439,0.2421323806047439,142900.0
2017-09-18,0.2421323810937941,0.2459156960248947,0.2383490661626935,0.2459156960248947,153700.0
2017-09-19,0.2459156642673166,0.2496990012601723,0.2383490353822708,0.2383490353822708,371000.0
2017-09-20,0.2421323498247937,0.2421323498247937,0.2383490353822708,0.2383490353822708,316400.0
2017-09-21,0.2421324257248462,0.2459157413533063,0.234565794467926,0.234565794467926,91300.0
2017-09-22,0.2383490353822708,0.2421323498247937,0.2383490353822708,0.2383490353822708,181400.0
2017-09-25,0.2421323498247937,0.2421323498247937,0.2383490353822708,0.2383490353822708,175000.0
2017-09-26,0.2383491100963861,0.2383491100963861,0.234565794467926,0.234565794467926,178300.0
2017-09-27,0.234565751231593,0.2534823484374316,0.234565751231593,0.2459156960248947,1504200.0
2017-09-28,0.249699033001998,0.2534823479254571,0.2421323806047439,0.2421323806047439,662600.0
2017-09-29,0.2421323806047439,0.2421323806047439,0.2421323806047439,0.2421323806047439,95200.0
2017-10-02,0.2459156960248947,0.2459156960248947,0.2459156960248947,0.2459156960248947,286400.0
2017-10-03,0.2459157329994123,0.253482386549629,0.2459157329994123,0.2496990710496902,865100.0
2017-10-04,0.249699056567448,0.2648323176894924,0.249699056567448,0.2610490024089813,4631900.0
2017-10-05,0.2572656869888305,0.2572656869888305,0.2572656869888305,0.2572656869888305,651900.0
2017-10-06,0.2572656869888305,0.2610490022672881,0.253482371710373,0.2572656869888305,677200.0
2017-10-09,0.2572656871284702,0.2686156329700035,0.2572656871284702,0.2610490024089813,2388400.0
2017-10-10,0.2610489714294222,0.2610489714294222,0.2534823417663574,0.2534823417663574,823300.0
2017-10-11,0.253482386549629,0.2572657020495678,0.2496990710496902,0.2496990710496902,625800.0
2017-10-12,0.2534823484374316,0.2572656633685322,0.2459156960248947,0.2459156960248947,849500.0
2017-10-13,0.2496990710496902,0.2572657020495678,0.2496990710496902,0.2496990710496902,934000.0
2017-10-16,0.2534823417663574,0.2572656565978898,0.249699026934825,0.2534823417663574,825700.0
2017-10-17,0.2534823484374316,0.2534823484374316,0.2459156960248947,0.2459156960248947,659800.0
2017-10-19,0.249699033001998,0.2534823479254571,0.2421323806047439,0.2421323806047439,1395000.0
2017-10-20,0.2459156955282031,0.2459156955282031,0.2421323806047439,0.2421323806047439,359200.0
2017-10-23,0.2459156642673166,0.2459156642673166,0.2383490353822708,0.2383490353822708,415500.0
2017-10-24,0.2383490661626935,0.249699033506331,0.2383490661626935,0.2459156960248947,960900.0
2017-10-25,0.249699033001998,0.2534823479254571,0.2421323806047439,0.2421323806047439,957400.0
2017-10-26,0.2459156960248947,0.249699033506331,0.2459156960248947,0.2459156960248947,620700.0
2017-10-27,0.2459156960248947,0.2459156960248947,0.2459156960248947,0.2459156960248947,566800.0
2017-10-30,0.2459157329994123,0.2572657020495678,0.2459157329994123,0.2496990710496902,1947500.0
2017-10-31,0.2534823484374316,0.2534823484374316,0.2459156960248947,0.2459156960248947,810200.0
2017-11-01,0.249699033506331,0.249699033506331,0.2459156960248947,0.2459156960248947,867300.0
2017-11-02,0.2459156960248947,0.2459156960248947,0.2459156960248947,0.2459156960248947,143100.0
2017-11-03,0.2459156955282031,0.2459156955282031,0.2421323806047439,0.2421323806047439,207300.0
2017-11-06,0.2421323498247937,0.2459156642673166,0.2383490353822708,0.2383490353822708,986800.0
2017-11-07,0.2383490353822708,0.2421323498247937,0.2345657209397479,0.2383490353822708,461500.0
2017-11-08,0.2383490656812847,0.2421323806047439,0.2383490656812847,0.2421323806047439,1503100.0
2017-11-09,0.2421323806047439,0.2421323806047439,0.2383490656812847,0.2421323806047439,257400.0
2017-11-10,0.2383490656812847,0.2421323806047439,0.2383490656812847,0.2421323806047439,201300.0
2017-11-13,0.2421323498247937,0.2459156642673166,0.2383490353822708,0.2383490353822708,335200.0
2017-11-14,0.2383490353822708,0.2383490353822708,0.2345657209397479,0.2383490353822708,536900.0
2017-11-15,0.2345657492433234,0.2345657492433234,0.2307824343442917,0.2307824343442917,359200.0
2017-11-16,0.2307824788394659,0.2383491100963861,0.2307824788394659,0.234565794467926,479500.0
2017-11-17,0.2383490656812847,0.2421323806047439,0.2345657507578256,0.2421323806047439,402000.0
2017-11-20,0.2421323806047439,0.2421323806047439,0.2345657507578256,0.2421323806047439,282300.0
2017-11-21,0.2383490656812847,0.2421323806047439,0.2345657507578256,0.2421323806047439,188800.0
2017-11-22,0.2383490656812847,0.2421323806047439,0.2383490656812847,0.2421323806047439,178900.0
2017-11-23,0.2383490656812847,0.2421323806047439,0.2345657507578256,0.2421323806047439,158800.0
2017-11-24,0.2383490353822708,0.2383490353822708,0.2383490353822708,0.2383490353822708,100.0
2017-11-27,0.2383491100963861,0.2383491100963861,0.234565794467926,0.234565794467926,80000.0
2017-11-28,0.2345657492433234,0.2345657492433234,0.2307824343442917,0.2307824343442917,322800.0
2017-11-29,0.2307824343442917,0.2345657492433234,0.2307824343442917,0.2307824343442917,341800.0
2017-11-30,0.2269991632110058,0.234565794467926,0.2269991632110058,0.234565794467926,78400.0
2017-12-01,0.2345657492433234,0.2345657492433234,0.2307824343442917,0.2307824343442917,32600.0
2017-12-04,0.2307824788394659,0.234565794467926,0.2269991632110058,0.234565794467926,55400.0
2017-12-05,0.2307824788394659,0.234565794467926,0.2269991632110058,0.234565794467926,201900.0
2017-12-06,0.230782448964001,0.230782448964001,0.2269991338253021,0.2269991338253021,115000.0
2017-12-07,0.2307824788394659,0.234565794467926,0.2269991632110058,0.234565794467926,252600.0
2017-12-08,0.2269991632110058,0.234565794467926,0.2232158250322057,0.234565794467926,143400.0
2017-12-11,0.2307824788394659,0.2383491100963861,0.2307824788394659,0.234565794467926,260000.0
2017-12-12,0.230782406497225,0.2383490353822708,0.230782406497225,0.2383490353822708,116500.0
2017-12-13,0.234565794467926,0.2383491100963861,0.2307824788394659,0.234565794467926,189700.0
2017-12-14,0.2345657209397479,0.2383490353822708,0.2345657209397479,0.2383490353822708,105200.0
2017-12-15,0.2307824788394659,0.2421324257248462,0.2307824788394659,0.234565794467926,404600.0
2017-12-18,0.2345657209397479,0.2421323498247937,0.2345657209397479,0.2383490353822708,202100.0
2017-12-19,0.2345657209397479,0.2421323498247937,0.230782406497225,0.2383490353822708,234700.0
2017-12-20,0.2269991194452599,0.2307824343442917,0.2269991194452599,0.2307824343442917,2000.0
2017-12-21,0.2307824343442917,0.2383490641423551,0.2269991194452599,0.2307824343442917,198500.0
2017-12-22,0.2307824343442917,0.2383490641423551,0.2269991194452599,0.2307824343442917,243500.0
2017-12-26,0.2345657641026999,0.2345657641026999,0.2269991338253021,0.2269991338253021,297400.0
2017-12-27,0.230782406497225,0.2383490353822708,0.230782406497225,0.2383490353822708,288000.0
2017-12-28,0.2345657209397479,0.2421323498247937,0.2345657209397479,0.2383490353822708,164500.0
2017-12-29,0.234565794467926,0.234565794467926,0.234565794467926,0.234565794467926,27000.0
2018-01-02,0.230782406497225,0.2421323498247937,0.230782406497225,0.2383490353822708,181800.0
2018-01-03,0.2345657209397479,0.2459156642673166,0.2345657209397479,0.2383490353822708,436700.0
2018-01-04,0.2383490353822708,0.2383490353822708,0.2383490353822708,0.2383490353822708,0.0
2018-01-05,0.2421323806047439,0.2459156955282031,0.2383490656812847,0.2421323806047439,108900.0
2018-01-08,0.2421323810937941,0.2459156960248947,0.2383490661626935,0.2459156960248947,167700.0
2018-01-09,0.2421323810937941,0.2459156960248947,0.2383490661626935,0.2459156960248947,188800.0
2018-01-10,0.2421323806047439,0.2421323806047439,0.2383490656812847,0.2421323806047439,23400.0
2018-01-11,0.2421323498247937,0.2421323498247937,0.2383490353822708,0.2383490353822708,100700.0
2018-01-12,0.2421323498247937,0.2421323498247937,0.2383490353822708,0.2383490353822708,188200.0
2018-01-15,0.2383490656812847,0.2421323806047439,0.2383490656812847,0.2421323806047439,108300.0
2018-01-16,0.2421323810937941,0.249699033506331,0.2421323810937941,0.2459156960248947,363300.0
2018-01-17,0.2421323806047439,0.2421323806047439,0.2421323806047439,0.2421323806047439,99300.0
2018-01-18,0.2421323498247937,0.2421323498247937,0.2383490353822708,0.2383490353822708,59800.0
2018-01-19,0.2383490353822708,0.2383490353822708,0.2383490353822708,0.2383490353822708,30300.0
2018-01-22,0.2383490353822708,0.2383490353822708,0.2383490353822708,0.2383490353822708,79000.0
2018-01-23,0.2383490353822708,0.2383490353822708,0.2345657209397479,0.2383490353822708,142400.0
2018-01-24,0.2345657209397479,0.2421323498247937,0.2345657209397479,0.2383490353822708,394200.0
2018-01-25,0.24591571860312,0.2610490022672881,0.2421324033246624,0.2572656869888305,3123500.0
2018-01-26,0.2572657020495678,0.2572657020495678,0.2459157329994123,0.2496990710496902,600700.0
2018-01-29,0.2496990710496902,0.2496990710496902,0.2496990710496902,0.2496990710496902,205000.0
2018-01-30,0.2459156955282031,0.2459156955282031,0.2421323806047439,0.2421323806047439,528900.0
2018-01-31,0.2383490661626935,0.249699033506331,0.2383490661626935,0.2459156960248947,673800.0
2018-02-01,0.249699033001998,0.249699033001998,0.2421323806047439,0.2421323806047439,245400.0
2018-02-02,0.2421323806047439,0.2421323806047439,0.2421323806047439,0.2421323806047439,187000.0
2018-02-05,0.2383490656812847,0.2421323806047439,0.2307824358343664,0.2421323806047439,287700.0
2018-02-06,0.2307824343442917,0.2345657492433234,0.2269991194452599,0.2307824343442917,1525200.0
2018-02-07,0.2383490792413987,0.2383490792413987,0.2269991338253021,0.2269991338253021,628200.0
2018-02-08,0.230782448964001,0.230782448964001,0.2269991338253021,0.2269991338253021,234500.0
2018-02-09,0.2269991413179033,0.2269991413179033,0.2232158035039901,0.2232158035039901,364100.0
2018-02-12,0.2269991338253021,0.2269991338253021,0.2269991338253021,0.2269991338253021,94700.0
2018-02-13,0.2269991338253021,0.2269991338253021,0.2232157961362662,0.2269991338253021,236400.0
2018-02-14,0.2269991338253021,0.2269991338253021,0.2269991338253021,0.2269991338253021,72500.0
2018-02-15,0.2232158035039901,0.2269991413179033,0.2232158035039901,0.2232158035039901,100200.0
2018-02-19,0.2269991194452599,0.2345657492433234,0.2269991194452599,0.2307824343442917,409600.0
2018-02-20,0.2269991338253021,0.230782448964001,0.2269991338253021,0.2269991338253021,328000.0
2018-02-21,0.230782406497225,0.2383490353822708,0.230782406497225,0.2383490353822708,1019100.0
2018-02-22,0.2307824343442917,0.2345657492433234,0.2307824343442917,0.2307824343442917,179000.0
2018-02-23,0.2345657492433234,0.2345657492433234,0.2307824343442917,0.2307824343442917,259400.0
2018-02-26,0.2345657492433234,0.2345657492433234,0.2307824343442917,0.2307824343442917,248000.0
2018-02-27,0.2307824565814787,0.2307824565814787,0.2232158035039901,0.2232158035039901,1176500.0
2018-02-28,0.2232157569078264,0.2232157569078264,0.2118658134863944,0.215649127960205,2327900.0
2018-03-01,0.2118658115593019,0.2118658115593019,0.2080824971199036,0.2080824971199035,785300.0
2018-03-02,0.2080825264752057,0.2080825264752057,0.2005158739786086,0.2042992115020752,507600.0
2018-03-05,0.2042992030427391,0.2080825178592154,0.1967325508594513,0.1967325508594513,922900.0
2018-03-06,0.2005158656759276,0.2005158656759276,0.1967325508594513,0.1967325508594513,682500.0
2018-03-07,0.1929492500106633,0.1967325651010156,0.1853826198299586,0.1891659349203109,1021200.0
2018-03-08,0.1891659212264985,0.2005158656759276,0.1891659212264985,0.1967325508594513,1482400.0
2018-03-09,0.1967325654372807,0.1967325654372807,0.1929492503404617,0.1929492503404617,467400.0
2018-03-12,0.1929492360429749,0.2005158656759276,0.1891659212264985,0.1967325508594513,550100.0
2018-03-13,0.1929492500106633,0.1929492500106633,0.1891659349203109,0.1891659349203109,626900.0
2018-03-14,0.1929492454572243,0.1929492454572243,0.1815992891788482,0.1815992891788482,2120800.0
2018-03-15,0.1815992891788482,0.1815992891788482,0.1740326591767096,0.1815992891788482,2250200.0
2018-03-16,0.1815992931413701,0.189165934583782,0.1815992931413701,0.1853826195001602,1881300.0
2018-03-19,0.1815992891788482,0.1853826154550856,0.1815992891788482,0.1815992891788482,1300500.0
2018-03-20,0.1778159733213951,0.1815992883042435,0.1740326583385467,0.1740326583385467,2193400.0
2018-03-21,0.1740326541849556,0.1740326541849556,0.1626826982321287,0.1702493280172348,3849600.0
2018-03-22,0.1702493122378226,0.1702493122378226,0.1626826831540231,0.1664659976959228,2595600.0
2018-03-23,0.1664659976959228,0.1664659976959228,0.1588993573369566,0.1664659976959228,1782100.0
2018-03-26,0.1626826982321287,0.1702493280172348,0.1626826982321287,0.1702493280172348,1361700.0
2018-03-27,0.1702493280172348,0.1740326541849556,0.1664660131246817,0.1702493280172348,1921500.0
2018-03-28,0.1664659976959228,0.1664659976959228,0.1626826831540231,0.1664659976959228,3719900.0
2018-03-29,0.1702493182321551,0.1815992735326433,0.1702493182321551,0.1778159588575363,7404700.0
2018-04-02,0.1778159741777789,0.1815992891788482,0.1778159741777789,0.1815992891788482,2247900.0
2018-04-03,0.1778159588575363,0.1778159588575363,0.1740326441824293,0.1778159588575363,679100.0
2018-04-04,0.1778159525967888,0.1778159525967888,0.1664659976959228,0.1664659976959228,2557000.0
2018-04-05,0.1664660131246817,0.1740326541849556,0.1664660131246817,0.1702493280172348,350400.0
2018-04-06,0.1702493320805303,0.1740326583385467,0.1664660170976819,0.1740326583385467,524600.0
2018-04-09,0.1740326583385467,0.1778159733213951,0.1740326583385467,0.1740326583385467,1095200.0
2018-04-10,0.1740326583385467,0.1778159733213951,0.1702493320805303,0.1740326583385467,664900.0
2018-04-11,0.1778159588575363,0.1853825994829174,0.1740326441824293,0.1778159588575363,1879200.0
2018-04-12,0.1815992735326433,0.1815992735326433,0.1778159588575363,0.1778159588575363,864200.0
2018-04-13,0.1778159741777789,0.1815992891788482,0.1740326591767096,0.1815992891788482,655500.0
2018-04-16,0.1778159733213951,0.1815992883042435,0.1740326583385467,0.1740326583385467,507200.0
2018-04-17,0.1778159588575363,0.1778159588575363,0.1740326441824293,0.1778159588575363,369000.0
2018-04-18,0.1778159733213951,0.1778159733213951,0.1740326583385467,0.1740326583385467,372800.0
2018-04-19,0.1740326583385467,0.1778159733213951,0.1740326583385467,0.1740326583385467,218600.0
2018-04-20,0.1778159733213951,0.1778159733213951,0.1740326583385467,0.1740326583385467,383000.0
2018-04-23,0.1740326441824293,0.1778159588575363,0.1702493182321551,0.1778159588575363,226600.0
2018-04-24,0.1740326441824293,0.1778159588575363,0.1740326441824293,0.1778159588575363,223900.0
2018-04-25,0.1740326583385467,0.1740326583385467,0.1702493320805303,0.1740326583385467,102000.0
2018-04-26,0.1740326583385467,0.1740326583385467,0.1702493320805303,0.1740326583385467,200700.0
2018-04-27,0.1740326583385467,0.1740326583385467,0.1702493320805303,0.1740326583385467,160500.0
2018-04-30,0.1740326583385467,0.1740326583385467,0.1702493320805303,0.1740326583385467,69900.0
2018-05-02,0.1759450997625255,0.1759450997625255,0.1721201986074447,0.1721201986074447,523700.0
2018-05-03,0.1721202019393639,0.1759451031684875,0.1721202019393639,0.1759451031684875,55200.0
2018-05-04,0.1759450997625255,0.1759450997625255,0.1682953088514346,0.1721201986074447,87500.0
2018-05-07,0.1721202019393639,0.1759451031684875,0.1682953121093112,0.1759451031684875,82700.0
2018-05-08,0.1759451031684875,0.1759451031684875,0.1721202019393639,0.1759451031684875,58100.0
2018-05-09,0.1759451031684875,0.1759451031684875,0.1721202019393639,0.1759451031684875,199900.0
2018-05-10,0.1721202019393639,0.1759451031684875,0.1721202019393639,0.1759451031684875,71100.0
2018-05-11,0.1759451031684875,0.1759451031684875,0.1721202019393639,0.1759451031684875,101400.0
2018-05-14,0.1759450997625255,0.1797699895185356,0.1682953088514346,0.1721201986074447,1716800.0
2018-05-15,0.1721201986074447,0.1721201986074447,0.1682953088514346,0.1721201986074447,228200.0
2018-05-16,0.1759451031684875,0.1759451031684875,0.1721202019393639,0.1759451031684875,20200.0
2018-05-17,0.1759450997625255,0.1759450997625255,0.1721201986074447,0.1721201986074447,500.0
2018-05-18,0.1759450997625255,0.1759450997625255,0.1721201986074447,0.1721201986074447,25800.0
2018-05-21,0.1721202019393639,0.1759451031684875,0.1721202019393639,0.1759451031684875,172100.0
2018-05-22,0.1759451031684875,0.1759451031684875,0.1721202019393639,0.1759451031684875,51800.0
2018-05-23,0.1759451031684875,0.1759451031684875,0.1721202019393639,0.1759451031684875,288200.0
2018-05-24,0.1721201986074447,0.1759450997625255,0.1721201986074447,0.1721201986074447,210200.0
2018-05-25,0.1721201986074447,0.1721201986074447,0.1721201986074447,0.1721201986074447,0.0
2018-05-28,0.1759451031684875,0.1759451031684875,0.1759451031684875,0.1759451031684875,451300.0
2018-05-30,0.1759451031684875,0.1759451031684875,0.1759451031684875,0.1759451031684875,0.0
2018-05-31,0.1759451031684875,0.1759451031684875,0.1759451031684875,0.1759451031684875,104900.0
2018-06-01,0.1721201986074447,0.1721201986074447,0.1721201986074447,0.1721201986074447,100000.0
2018-06-04,0.1759451031684875,0.1759451031684875,0.1721202019393639,0.1759451031684875,14700.0
2018-06-05,0.1721201986074447,0.1721201986074447,0.1721201986074447,0.1721201986074447,283600.0
2018-06-06,0.1721201986074447,0.1721201986074447,0.1721201986074447,0.1721201986074447,17600.0
2018-06-07,0.1721201986074447,0.1721201986074447,0.1721201986074447,0.1721201986074447,21600.0
2018-06-08,0.1721201986074447,0.1759450997625255,0.1721201986074447,0.1721201986074447,62100.0
2018-06-11,0.1721201986074447,0.1759450997625255,0.1721201986074447,0.1721201986074447,45000.0
2018-06-12,0.1721201986074447,0.1721201986074447,0.1721201986074447,0.1721201986074447,171000.0
2018-06-13,0.1721201834659344,0.1721201834659344,0.1682952940464019,0.1682952940464019,1200.0
2018-06-14,0.1721201834659344,0.1721201834659344,0.1682952940464019,0.1682952940464019,276500.0
2018-06-18,0.1682953088514346,0.1721201986074447,0.1644704190954245,0.1721201986074447,306000.0
2018-06-19,0.1682952785527638,0.1682952785527638,0.1644703894853592,0.1644703894853592,77300.0
2018-06-20,0.168295305484696,0.168295305484696,0.1606455147266388,0.1606455147266388,482000.0
2018-06-21,0.1644703894853592,0.1644703894853592,0.1606454890188859,0.1644703894853592,97700.0
2018-06-22,0.1644704158052026,0.1644704158052026,0.1606455147266388,0.1606455147266388,322100.0
2018-06-25,0.1606455147266388,0.1644704158052026,0.1606455147266388,0.1606455147266388,105400.0
2018-06-26,0.1606455147266388,0.1644704158052026,0.1606455147266388,0.1606455147266388,23800.0
2018-06-27,0.1644704158052026,0.1644704158052026,0.1606455147266388,0.1606455147266388,70000.0
2018-06-28,0.1606455147266388,0.1606455147266388,0.1606455147266388,0.1606455147266388,0.0
2018-06-29,0.1606455147266388,0.1644704158052026,0.1606455147266388,0.1606455147266388,46800.0
2018-07-02,0.1644704314538186,0.1644704314538186,0.1568206399679184,0.1568206399679184,527600.0
2018-07-03,0.1568206399679184,0.1568206399679184,0.1568206399679184,0.1568206399679184,4200.0
2018-07-04,0.1606454890188859,0.1644703894853592,0.1568205999514813,0.1644703894853592,120900.0
2018-07-05,0.1644703894853592,0.1644703894853592,0.1644703894853592,0.1644703894853592,0.0
2018-07-06,0.1606455147266388,0.1606455147266388,0.1568206250471453,0.1606455147266388,538800.0
2018-07-09,0.1606455147266388,0.1606455147266388,0.1568206250471453,0.1606455147266388,237300.0
2018-07-10,0.1606455147266388,0.1606455147266388,0.1606455147266388,0.1606455147266388,0.0
2018-07-11,0.1606455300113327,0.1606455300113327,0.1568206399679184,0.1568206399679184,348000.0
2018-07-12,0.1568206399679184,0.1606455300113327,0.1568206399679184,0.1568206399679184,216300.0
2018-07-13,0.1606455147266388,0.1606455147266388,0.1568206250471453,0.1606455147266388,58500.0
2018-07-16,0.1606455147266388,0.1606455147266388,0.1606455147266388,0.1606455147266388,63100.0
2018-07-17,0.1606455300113327,0.1606455300113327,0.1568206399679184,0.1568206399679184,695700.0
2018-07-18,0.1568206399679184,0.1568206399679184,0.1568206399679184,0.1568206399679184,0.0
2018-07-19,0.1606455147266388,0.1606455147266388,0.1606455147266388,0.1606455147266388,105400.0
2018-07-20,0.1606455147266388,0.1606455147266388,0.1606455147266388,0.1606455147266388,130700.0
2018-07-23,0.1606455147266388,0.1606455147266388,0.1606455147266388,0.1606455147266388,45000.0
2018-07-24,0.1606454890188859,0.1644703894853592,0.1606454890188859,0.1644703894853592,35000.0
2018-07-25,0.1644704046268695,0.1682952940464019,0.1644704046268695,0.1682952940464019,240100.0
2018-07-26,0.1644703894853592,0.1644703894853592,0.1644703894853592,0.1644703894853592,97100.0
2018-07-27,0.1644703894853592,0.1644703894853592,0.1644703894853592,0.1644703894853592,0.0
2018-07-30,0.1644703894853592,0.1644703894853592,0.1644703894853592,0.1644703894853592,0.0
2018-07-31,0.1644703894853592,0.1682952785527638,0.1644703894853592,0.1644703894853592,100900.0
2018-08-01,0.1644703894853592,0.1644703894853592,0.1644703894853592,0.1644703894853592,0.0
2018-08-02,0.1606455147266388,0.1606455147266388,0.1606455147266388,0.1606455147266388,4900.0
2018-08-03,0.1644703894853592,0.1644703894853592,0.1644703894853592,0.1644703894853592,45000.0
2018-08-06,0.1644703894853592,0.1644703894853592,0.1644703894853592,0.1644703894853592,0.0
2018-08-07,0.1644703894853592,0.1644703894853592,0.1644703894853592,0.1644703894853592,0.0
2018-08-08,0.1606455147266388,0.1606455147266388,0.1606455147266388,0.1606455147266388,6000.0
2018-08-10,0.1606455038082674,0.1682952940464019,0.1606455038082674,0.1682952940464019,89000.0
2018-08-13,0.1682953259000253,0.183594897873008,0.1644704357565476,0.1797700077295303,2538300.0
2018-08-14,0.1797699929985402,0.1797699929985402,0.1721202019393639,0.1759451031684875,160300.0
2018-08-15,0.1759450997625255,0.1759450997625255,0.1721201986074447,0.1721201986074447,71700.0
2018-08-16,0.1721201986074447,0.1759450997625255,0.1721201986074447,0.1721201986074447,115000.0
2018-08-17,0.1721201986074447,0.1721201986074447,0.1721201986074447,0.1721201986074447,123900.0
2018-08-20,0.1721202019393639,0.1759451031684875,0.1721202019393639,0.1759451031684875,23800.0
2018-08-21,0.1759451031684875,0.1759451031684875,0.1759451031684875,0.1759451031684875,0.0
2018-08-23,0.1721201986074447,0.1721201986074447,0.1721201986074447,0.1721201986074447,35000.0
2018-08-24,0.1721201986074447,0.1721201986074447,0.1721201986074447,0.1721201986074447,0.0
2018-08-27,0.1759450997625255,0.1759450997625255,0.1721201986074447,0.1721201986074447,123600.0
2018-08-28,0.1682953088514346,0.1721201986074447,0.1682953088514346,0.1721201986074447,62000.0
2018-08-29,0.1721201986074447,0.1721201986074447,0.1721201986074447,0.1721201986074447,0.0
2018-08-30,0.1721201986074447,0.1721201986074447,0.1721201986074447,0.1721201986074447,0.0
2018-08-31,0.1721201986074447,0.1721201986074447,0.1721201986074447,0.1721201986074447,40700.0
2018-09-03,0.1721201986074447,0.1721201986074447,0.1721201986074447,0.1721201986074447,50400.0
2018-09-04,0.1721201834659344,0.1721201834659344,0.1682952940464019,0.1682952940464019,25000.0
2018-09-05,0.1721201834659344,0.1721201834659344,0.1682952940464019,0.1682952940464019,35000.0
2018-09-06,0.1721201834659344,0.1721201834659344,0.1682952940464019,0.1682952940464019,36400.0
2018-09-07,0.1721201834659344,0.1759450842845364,0.1682952940464019,0.1682952940464019,149100.0
2018-09-10,0.1721201986074447,0.1721201986074447,0.1721201986074447,0.1721201986074447,247000.0
2018-09-11,0.1682952940464019,0.1682952940464019,0.1682952940464019,0.1682952940464019,209200.0
2018-09-12,0.1682952940464019,0.1682952940464019,0.1682952940464019,0.1682952940464019,0.0
2018-09-13,0.1721201986074447,0.1721201986074447,0.1721201986074447,0.1721201986074447,10000.0
2018-09-14,0.1721201986074447,0.1721201986074447,0.1721201986074447,0.1721201986074447,0.0
2018-09-17,0.1721201834659344,0.1721201834659344,0.1682952940464019,0.1682952940464019,6400.0
2018-09-18,0.1682952940464019,0.1682952940464019,0.1682952940464019,0.1682952940464019,0.0
2018-09-19,0.1721201986074447,0.1721201986074447,0.1721201986074447,0.1721201986074447,500.0
2018-09-20,0.1721201986074447,0.1721201986074447,0.1721201986074447,0.1721201986074447,0.0
2018-09-21,0.1721201986074447,0.1721201986074447,0.1721201986074447,0.1721201986074447,0.0
2018-09-24,0.1682952940464019,0.1721201834659344,0.1682952940464019,0.1682952940464019,83500.0
2018-09-25,0.1682952940464019,0.1682952940464019,0.1682952940464019,0.1682952940464019,32100.0
2018-09-26,0.1682953088514346,0.1721201986074447,0.1682953088514346,0.1721201986074447,9300.0
2018-09-27,0.1721201986074447,0.1721201986074447,0.1682953088514346,0.1721201986074447,48600.0
2018-09-28,0.1682952940464019,0.1721201834659344,0.1682952940464019,0.1682952940464019,101100.0
2018-10-01,0.1682952940464019,0.1682952940464019,0.1682952940464019,0.1682952940464019,131500.0
2018-10-02,0.1682952940464019,0.1682952940464019,0.1682952940464019,0.1682952940464019,20000.0
2018-10-03,0.1682952940464019,0.1682952940464019,0.1682952940464019,0.1682952940464019,66800.0
2018-10-04,0.1682952940464019,0.1682952940464019,0.1682952940464019,0.1682952940464019,13500.0
2018-10-05,0.1682952940464019,0.1682952940464019,0.1682952940464019,0.1682952940464019,141000.0
2018-10-08,0.1721201986074447,0.1759450997625255,0.1721201986074447,0.1721201986074447,416200.0
2018-10-09,0.1721201986074447,0.1721201986074447,0.1721201986074447,0.1721201986074447,0.0
2018-10-10,0.1682952940464019,0.1682952940464019,0.1682952940464019,0.1682952940464019,85000.0
2018-10-11,0.1682952785527638,0.1682952785527638,0.1644703894853592,0.1644703894853592,299400.0
2018-10-12,0.1644703894853592,0.1682952785527638,0.1644703894853592,0.1644703894853592,326200.0
2018-10-15,0.1644704046268695,0.1682952940464019,0.1644704046268695,0.1682952940464019,270000.0
2018-10-16,0.1682952940464019,0.1682952940464019,0.1682952940464019,0.1682952940464019,148400.0
2018-10-17,0.1682952940464019,0.1682952940464019,0.1682952940464019,0.1682952940464019,0.0
2018-10-18,0.1644703894853592,0.1644703894853592,0.1606454890188859,0.1644703894853592,261800.0
2018-10-19,0.1682952785527638,0.1682952785527638,0.1644703894853592,0.1644703894853592,194900.0
2018-10-22,0.1644704046268695,0.1682952940464019,0.1644704046268695,0.1682952940464019,41200.0
2018-10-23,0.1644704046268695,0.1682952940464019,0.1644704046268695,0.1682952940464019,116800.0
2018-10-24,0.1644703894853592,0.1644703894853592,0.1644703894853592,0.1644703894853592,76000.0
2018-10-25,0.1644703894853592,0.1644703894853592,0.1644703894853592,0.1644703894853592,5000.0
2018-10-26,0.1606454890188859,0.1644703894853592,0.1606454890188859,0.1644703894853592,114200.0
2018-10-29,0.1606455147266388,0.1606455147266388,0.1606455147266388,0.1606455147266388,50000.0
2018-10-30,0.1606455147266388,0.1606455147266388,0.1606455147266388,0.1606455147266388,0.0
2018-10-31,0.1606455147266388,0.1606455147266388,0.1606455147266388,0.1606455147266388,0.0
2018-11-01,0.1606455147266388,0.1606455147266388,0.1606455147266388,0.1606455147266388,0.0
2018-11-02,0.1644704158052026,0.1644704158052026,0.1568206250471453,0.1606455147266388,31000.0
2018-11-05,0.1606455147266388,0.1606455147266388,0.1606455147266388,0.1606455147266388,0.0
2018-11-07,0.1606454890188859,0.1644703894853592,0.1568205999514813,0.1644703894853592,8100.0
2018-11-08,0.1644703894853592,0.1644703894853592,0.1644703894853592,0.1644703894853592,0.0
2018-11-09,0.1606454890188859,0.1644703894853592,0.1606454890188859,0.1644703894853592,60100.0
2018-11-12,0.1606455147266388,0.1606455147266388,0.1606455147266388,0.1606455147266388,20000.0
2018-11-13,0.1606455300113327,0.1606455300113327,0.152995749924504,0.1568206399679184,1017500.0
2018-11-14,0.152995749924504,0.1606455300113327,0.152995749924504,0.1568206399679184,1920200.0
2018-11-15,0.152995749924504,0.1568206399679184,0.152995749924504,0.1568206399679184,906000.0
2018-11-16,0.1529957205057144,0.1529957205057144,0.1491708197986997,0.1529957205057144,300000.0
2018-11-19,0.152995732564836,0.152995732564836,0.1499358117580413,0.1499358117580413,180000.0
2018-11-20,0.1507008062959367,0.1507008062959367,0.149170845746994,0.149170845746994,130000.0
2018-11-21,0.1507008062959367,0.1507008062959367,0.1484058768715939,0.149170845746994,154500.0
2018-11-22,0.149170845746994,0.149170845746994,0.149170845746994,0.149170845746994,53900.0
2018-11-23,0.149170845746994,0.149170845746994,0.149170845746994,0.149170845746994,0.0
2018-11-26,0.149170845746994,0.149170845746994,0.149170845746994,0.149170845746994,0.0
2018-11-27,0.149170845746994,0.149170845746994,0.149170845746994,0.149170845746994,85000.0
2018-11-28,0.149170845746994,0.149170845746994,0.149170845746994,0.149170845746994,0.0
2018-11-29,0.1522307403643115,0.1529957205057144,0.1522307403643115,0.1529957205057144,200.0
2018-11-30,0.1529957205057144,0.1529957205057144,0.1529957205057144,0.1529957205057144,0.0
2018-12-03,0.1529957205057144,0.1529957205057144,0.1514657602229085,0.1529957205057144,221500.0
2018-12-04,0.1529957205057144,0.1529957205057144,0.1529957205057144,0.1529957205057144,2000.0
2018-12-05,0.1529957471193509,0.1529957471193509,0.149170845746994,0.149170845746994,217000.0
2018-12-06,0.1507008243361743,0.1507008243361743,0.1484058946371078,0.1484058946371078,259600.0
2018-12-07,0.1491708636040815,0.1491708636040815,0.1484058946371078,0.1484058946371078,115900.0
2018-12-10,0.1484058771915959,0.1484058771915959,0.1453459560871124,0.1453459560871124,463600.0
2018-12-11,0.1453459560871124,0.1453459560871124,0.1445809758109915,0.1453459560871124,146900.0
2018-12-12,0.1453459567198698,0.1468759172787721,0.1453459567198698,0.1461109369993209,247200.0
2018-12-13,0.1453459560871124,0.1461109363632333,0.1453459560871124,0.1453459560871124,50100.0
2018-12-14,0.1453459560871124,0.1461109363632333,0.1453459560871124,0.1453459560871124,96300.0
2018-12-17,0.1453459548014032,0.1453459548014032,0.1438159942626953,0.1438159942626953,178900.0
2018-12-18,0.1422860154214215,0.1422860154214215,0.1361661859431508,0.1369311660528183,1398800.0
2018-12-19,0.1361662129911752,0.1376961735144211,0.1338712722063064,0.1338712722063064,571700.0
2018-12-20,0.1323413103818893,0.1338712708900927,0.1285164205104518,0.1323413103818893,1040000.0
2018-12-21,0.1323413119366195,0.1323413119366195,0.1300463825464248,0.1300463825464248,209800.0
2018-12-24,0.1300463825464248,0.1300463825464248,0.1300463825464248,0.1300463825464248,0.0
2018-12-26,0.1300463825464248,0.1300463825464248,0.1300463825464248,0.1300463825464248,0.0
2018-12-27,0.1308113612727569,0.1338712708900927,0.1308113612727569,0.1323413103818893,230000.0
2018-12-28,0.1300463543737859,0.1323412832668178,0.1300463543737859,0.1315763145685196,240000.0
2018-12-31,0.1300463810186552,0.1323413103818893,0.1300463810186552,0.1323413103818893,55000.0
2019-01-01,0.1323413103818893,0.1323413103818893,0.1323413103818893,0.1323413103818893,0.0
2019-01-02,0.1323413103818893,0.1323413103818893,0.1292814007645535,0.1323413103818893,32600.0
2019-01-03,0.1323412832668178,0.1323412832668178,0.1285163941790522,0.1315763145685196,55600.0
2019-01-04,0.1285164058208465,0.1285164058208465,0.1285164058208465,0.1285164058208465,220000.0
2019-01-07,0.1285164058208465,0.1285164058208465,0.1285164058208465,0.1285164058208465,0.0
2019-01-08,0.1331062763929367,0.1331062763929367,0.1331062763929367,0.1331062763929367,15000.0
2019-01-09,0.134636253485257,0.1392261236906051,0.1338712732178538,0.1392261236906051,108100.0
2019-01-10,0.137696161866188,0.1384611306640283,0.1369311816692776,0.137696161866188,5100.0
2019-01-11,0.1606455038082674,0.1721201834659344,0.156820614388735,0.1682952940464019,1981400.0
2019-01-14,0.1682952785527638,0.1682952785527638,0.1644703894853592,0.1644703894853592,181800.0
2019-01-15,0.1644703894853592,0.1644703894853592,0.1644703894853592,0.1644703894853592,0.0
2019-01-16,0.1644704158052026,0.1644704158052026,0.1606455147266388,0.1606455147266388,444400.0
2019-01-17,0.1606455147266388,0.1644704158052026,0.1568206250471453,0.1606455147266388,202300.0
2019-01-18,0.1606455147266388,0.1606455147266388,0.1606455147266388,0.1606455147266388,18100.0
2019-01-21,0.1606455147266388,0.1606455147266388,0.1606455147266388,0.1606455147266388,0.0
2019-01-22,0.1644703894853592,0.1644703894853592,0.1644703894853592,0.1644703894853592,21000.0
2019-01-23,0.1644704158052026,0.1644704158052026,0.1606455147266388,0.1606455147266388,71100.0
2019-01-24,0.1644703894853592,0.1644703894853592,0.1644703894853592,0.1644703894853592,25100.0
2019-01-25,0.1644703894853592,0.1644703894853592,0.1644703894853592,0.1644703894853592,30700.0
2019-01-28,0.1644703894853592,0.1644703894853592,0.1644703894853592,0.1644703894853592,25600.0
2019-01-29,0.1644703894853592,0.1644703894853592,0.1644703894853592,0.1644703894853592,10000.0
2019-01-30,0.1644703894853592,0.1682952785527638,0.1606454890188859,0.1644703894853592,192600.0
2019-01-31,0.1644704046268695,0.1682952940464019,0.1644704046268695,0.1682952940464019,93000.0
2019-02-01,0.1682952785527638,0.1682952785527638,0.1644703894853592,0.1644703894853592,12000.0
2019-02-04,0.1682952940464019,0.1682952940464019,0.1682952940464019,0.1682952940464019,223100.0
2019-02-05,0.1682952940464019,0.1682952940464019,0.1682952940464019,0.1682952940464019,0.0
2019-02-07,0.1682952940464019,0.1682952940464019,0.1682952940464019,0.1682952940464019,109800.0
2019-02-08,0.1721201834659344,0.1721201834659344,0.1682952940464019,0.1682952940464019,223000.0
2019-02-11,0.1682952940464019,0.1682952940464019,0.1682952940464019,0.1682952940464019,0.0
2019-02-12,0.1721201986074447,0.1721201986074447,0.1721201986074447,0.1721201986074447,291200.0
2019-02-13,0.1721202019393639,0.1759451031684875,0.1721202019393639,0.1759451031684875,40000.0
2019-02-14,0.1721201834659344,0.1721201834659344,0.1682952940464019,0.1682952940464019,175300.0
2019-02-15,0.1682952940464019,0.1721201834659344,0.1682952940464019,0.1682952940464019,42000.0
2019-02-18,0.1682952940464019,0.1682952940464019,0.1682952940464019,0.1682952940464019,0.0
2019-02-19,0.1721201834659344,0.1721201834659344,0.1682952940464019,0.1682952940464019,69800.0
2019-02-20,0.1721201834659344,0.1721201834659344,0.1682952940464019,0.1682952940464019,84900.0
2019-02-21,0.1682952940464019,0.1721201834659344,0.1682952940464019,0.1682952940464019,72000.0
2019-02-22,0.1682952940464019,0.1682952940464019,0.1644704046268695,0.1682952940464019,642200.0
2019-02-25,0.1721202019393639,0.1759451031684875,0.1682953121093112,0.1759451031684875,669800.0
2019-02-26,0.1759450997625255,0.1759450997625255,0.1721201986074447,0.1721201986074447,127600.0
2019-02-27,0.1721201986074447,0.1721201986074447,0.1721201986074447,0.1721201986074447,133100.0
2019-02-28,0.1721202019393639,0.1759451031684875,0.1721202019393639,0.1759451031684875,124000.0
2019-03-01,0.1759451031684875,0.1759451031684875,0.1721202019393639,0.1759451031684875,606000.0
2019-03-04,0.172120216043503,0.183594897873008,0.172120216043503,0.1797700077295303,1227800.0
2019-03-05,0.1797700077295303,0.183594897873008,0.1759451175860525,0.1797700077295303,448100.0
2019-03-06,0.1797700077295303,0.1797700077295303,0.1797700077295303,0.1797700077295303,0.0
2019-03-07,0.1797700077295303,0.183594897873008,0.1797700077295303,0.1797700077295303,703600.0
2019-03-08,0.1797700077295303,0.1797700077295303,0.1759451175860525,0.1797700077295303,179200.0
2019-03-11,0.1835948712992504,0.1950695514678955,0.1797699817093921,0.1950695514678955,1912400.0
2019-03-12,0.1950695514678955,0.1988944410577538,0.1912446618780372,0.1950695514678955,2035800.0
2019-03-13,0.1912446618080139,0.1912446618080139,0.1912446618080139,0.1912446618080139,315700.0
2019-03-14,0.1912446618780372,0.1950695514678955,0.1874197722881789,0.1950695514678955,441300.0
2019-03-15,0.1912446618780372,0.1950695514678955,0.1874197722881789,0.1950695514678955,760800.0
2019-03-18,0.1912446618780372,0.1988944410577538,0.1912446618780372,0.1950695514678955,1217500.0
2019-03-19,0.1950695514678955,0.1950695514678955,0.1912446618780372,0.1950695514678955,347800.0
2019-03-20,0.1950695513964717,0.1950695513964717,0.1912446618080139,0.1912446618080139,595300.0
2019-03-21,0.1912446618780372,0.1988944410577538,0.1874197722881789,0.1950695514678955,1197000.0
2019-03-22,0.1950695516026573,0.2065442431782996,0.1950695516026573,0.2027193307876587,1378800.0
2019-03-25,0.1988944479447045,0.2141940296320438,0.1988944479447045,0.2103691399097442,2553400.0
2019-03-26,0.2103691855046431,0.21419407605594,0.2065442949533462,0.2065442949533462,707200.0
2019-03-27,0.2103691399097442,0.2141940296320438,0.2065442501874447,0.2103691399097442,693500.0
2019-03-28,0.2103691399097442,0.2141940296320438,0.2065442501874447,0.2103691399097442,539000.0
2019-03-29,0.2103691399097442,0.2141940296320438,0.2065442501874447,0.2103691399097442,522200.0
2019-04-01,0.2103691399097442,0.2103691399097442,0.2065442501874447,0.2103691399097442,553600.0
2019-04-02,0.2103691399097442,0.2103691399097442,0.2065442501874447,0.2103691399097442,918300.0
2019-04-03,0.2065442949533462,0.2065442949533462,0.2027193816039033,0.2065442949533462,170900.0
2019-04-04,0.2065442949533462,0.2103691855046431,0.2027193816039033,0.2065442949533462,456400.0
2019-04-05,0.2065442431782996,0.2103691327708003,0.2027193307876587,0.2027193307876587,262300.0
2019-04-08,0.2027193307876587,0.2065442431782996,0.2027193307876587,0.2027193307876587,53700.0
2019-04-09,0.2027193816039033,0.2065442949533462,0.1950696005013095,0.2065442949533462,427400.0
2019-04-10,0.198894441195158,0.2027193307876587,0.198894441195158,0.2027193307876587,216700.0
2019-04-11,0.2065442276340432,0.2065442276340432,0.1988944262266159,0.1988944262266159,93700.0
2019-04-12,0.1988944262266159,0.2027193155312602,0.1988944262266159,0.1988944262266159,156100.0
2019-04-15,0.1988944262266159,0.2027193155312602,0.1988944262266159,0.1988944262266159,50300.0
2019-04-16,0.1988944262266159,0.1988944262266159,0.1988944262266159,0.1988944262266159,399700.0
2019-04-17,0.1950695516026573,0.2027193307876587,0.1950695516026573,0.2027193307876587,229800.0
2019-04-18,0.2027193307876587,0.2027193307876587,0.1950695516026573,0.2027193307876587,693800.0
2019-04-22,0.198894441195158,0.2027193307876587,0.198894441195158,0.2027193307876587,322000.0
2019-04-23,0.1988944410577538,0.1988944410577538,0.1950695514678955,0.1950695514678955,236800.0
2019-04-24,0.1950695369219715,0.1988944262266159,0.1950695369219715,0.1988944262266159,10900.0
2019-04-25,0.1988944262266159,0.1988944262266159,0.1950695369219715,0.1988944262266159,60100.0
2019-04-26,0.1950695514678955,0.1988944410577538,0.1950695514678955,0.1950695514678955,100800.0
2019-04-29,0.1988944410577538,0.1988944410577538,0.1950695514678955,0.1950695514678955,242600.0
2019-04-30,0.1988944262266159,0.1988944262266159,0.1950695369219715,0.1988944262266159,300000.0
2019-05-02,0.1988944262266159,0.1988944262266159,0.1950695369219715,0.1988944262266159,297500.0
2019-05-03,0.1988944262266159,0.1988944262266159,0.1988944262266159,0.1988944262266159,140000.0
2019-05-06,0.1950695514678955,0.1950695514678955,0.1950695514678955,0.1950695514678955,492300.0
2019-05-07,0.1950695514678955,0.1988944410577538,0.1912446618780372,0.1950695514678955,224500.0
2019-05-08,0.1990505849109472,0.1990505849109472,0.1910885572433471,0.1910885572433471,322400.0
2019-05-09,0.1950695812702179,0.1950695812702179,0.1910885614172908,0.1950695812702179,258000.0
2019-05-10,0.1950695770093169,0.1950695770093169,0.1910885572433471,0.1910885572433471,261000.0
2019-05-13,0.1871075630187988,0.1871075630187988,0.1871075630187988,0.1871075630187988,115100.0
2019-05-14,0.1831265389919281,0.1831265389919281,0.1791455192791793,0.1831265389919281,704100.0
2019-05-15,0.1831265498142353,0.1831265498142353,0.1791455298662185,0.1791455298662185,64000.0
2019-05-16,0.1791455192791793,0.1831265389919281,0.1751645114307697,0.1831265389919281,204700.0
2019-05-17,0.1791455298662185,0.1831265498142353,0.1791455298662185,0.1791455298662185,65800.0
2019-05-21,0.1791455192791793,0.1831265389919281,0.1791455192791793,0.1831265389919281,211000.0
2019-05-22,0.1831265498142353,0.1831265498142353,0.1791455298662185,0.1791455298662185,40700.0
2019-05-23,0.1831265389919281,0.1831265389919281,0.1791455192791793,0.1831265389919281,61200.0
2019-05-24,0.1831265498142353,0.1831265498142353,0.1791455298662185,0.1791455298662185,109000.0
2019-05-27,0.1871075630187988,0.1871075630187988,0.1871075630187988,0.1871075630187988,75000.0
2019-05-28,0.1831265389919281,0.1831265389919281,0.1831265389919281,0.1831265389919281,13700.0
2019-05-29,0.1791455298662185,0.1791455298662185,0.1791455298662185,0.1791455298662185,31000.0
2019-05-30,0.1791455298662185,0.1831265498142353,0.1791455298662185,0.1791455298662185,1500.0
2019-05-31,0.1831265389919281,0.1831265389919281,0.1791455192791793,0.1831265389919281,328000.0
2019-06-03,0.1791455298662185,0.1791455298662185,0.1791455298662185,0.1791455298662185,6000.0
2019-06-04,0.1791455298662185,0.1791455298662185,0.1791455298662185,0.1791455298662185,0.0
2019-06-06,0.1791454983208561,0.1791454983208561,0.1751644909381866,0.1751644909381866,73000.0
2019-06-07,0.1751645217825417,0.1791455298662185,0.1751645217825417,0.1791455298662185,35000.0
2019-06-10,0.1791455298662185,0.1791455298662185,0.1751645217825417,0.1791455298662185,438300.0
2019-06-11,0.1791455347691949,0.1871075630187988,0.1791455347691949,0.1871075630187988,412300.0
2019-06-12,0.1831265389919281,0.1831265389919281,0.1831265389919281,0.1831265389919281,52000.0
2019-06-13,0.1831265498142353,0.1831265498142353,0.1791455298662185,0.1791455298662185,60900.0
2019-06-14,0.1791455255871889,0.1950695812702179,0.1791455255871889,0.1950695812702179,872400.0
2019-06-17,0.1950695677814593,0.1990505754947662,0.1910885482038136,0.1990505754947662,372000.0
2019-06-18,0.1950695770093169,0.1950695770093169,0.1871075493417168,0.1910885572433471,587500.0
2019-06-19,0.1910885712114306,0.1910885712114306,0.183126554826167,0.1871075630187988,600900.0
2019-06-20,0.1871075468403376,0.1871075468403376,0.1831265389919281,0.1831265389919281,196000.0
2019-06-21,0.1592404433308816,0.1672024577856063,0.1592404433308816,0.1672024577856063,990500.0
2019-06-24,0.1632214784622192,0.1632214784622192,0.1592404705542727,0.1632214784622192,132000.0
2019-06-25,0.1592404705542727,0.1632214784622192,0.1592404705542727,0.1632214784622192,349700.0
2019-06-26,0.1672024577856063,0.1672024577856063,0.163221450558244,0.1672024577856063,270000.0
2019-06-27,0.1632214784622192,0.1672024863701657,0.1632214784622192,0.1632214784622192,82500.0
2019-06-28,0.1632214784622192,0.1672024863701657,0.1632214784622192,0.1632214784622192,324800.0
2019-07-01,0.1672024863701657,0.1672024863701657,0.1632214784622192,0.1632214784622192,207900.0
2019-07-02,0.1672024577856063,0.1672024577856063,0.1672024577856063,0.1672024577856063,338000.0
2019-07-03,0.1672024577856063,0.1672024577856063,0.163221450558244,0.1672024577856063,86500.0
2019-07-04,0.1672024577856063,0.1672024577856063,0.163221450558244,0.1672024577856063,307300.0
2019-07-05,0.1672024577856063,0.1672024577856063,0.1672024577856063,0.1672024577856063,77000.0
2019-07-08,0.1672024577856063,0.1672024577856063,0.1672024577856063,0.1672024577856063,112000.0
2019-07-09,0.1672024863701657,0.1672024863701657,0.1632214784622192,0.1632214784622192,123100.0
2019-07-10,0.1672024863701657,0.1672024863701657,0.1632214784622192,0.1632214784622192,88000.0
2019-07-11,0.1672024863701657,0.1672024863701657,0.1632214784622192,0.1632214784622192,219000.0
2019-07-12,0.1632214619403223,0.1632214619403223,0.1592404544353485,0.1592404544353485,593700.0
2019-07-15,0.1592404705542727,0.1632214784622192,0.1592404705542727,0.1632214784622192,362500.0
2019-07-16,0.1592404544353485,0.1592404544353485,0.1592404544353485,0.1592404544353485,63500.0
2019-07-17,0.1592404705542727,0.1632214784622192,0.1592404705542727,0.1632214784622192,3800.0
2019-07-18,0.1592404544353485,0.1632214619403223,0.1592404544353485,0.1592404544353485,64100.0
2019-07-19,0.1592404544353485,0.1592404544353485,0.1592404544353485,0.1592404544353485,34000.0
2019-07-22,0.1632214784622192,0.1632214784622192,0.1592404705542727,0.1632214784622192,207400.0
2019-07-23,0.1592404544353485,0.1592404544353485,0.1592404544353485,0.1592404544353485,11000.0
2019-07-24,0.1592404544353485,0.1592404544353485,0.1592404544353485,0.1592404544353485,29000.0
2019-07-25,0.1592404705542727,0.1632214784622192,0.1592404705542727,0.1632214784622192,107000.0
2019-07-26,0.1592404705542727,0.1632214784622192,0.1592404705542727,0.1632214784622192,151400.0
2019-07-29,0.1592404705542727,0.1632214784622192,0.1592404705542727,0.1632214784622192,142300.0
2019-07-30,0.1592404544353485,0.1592404544353485,0.1592404544353485,0.1592404544353485,3400.0
2019-07-31,0.1592404705542727,0.1632214784622192,0.1592404705542727,0.1632214784622192,138200.0
2019-08-01,0.1632214784622192,0.1632214784622192,0.1632214784622192,0.1632214784622192,187100.0
2019-08-02,0.1632214970339321,0.1632214970339321,0.1544632762670517,0.1544632762670517,1390900.0
2019-08-05,0.1544632557414596,0.1544632557414596,0.1425202203814051,0.1465012282133102,963400.0
2019-08-06,0.1441126099719308,0.1449088138756899,0.1393353984137148,0.1433164179325103,1025800.0
2019-08-07,0.1457050195356857,0.1480936312757539,0.1433164196599564,0.1449088156223297,262200.0
2019-08-08,0.1457050293684005,0.1457050293684005,0.1457050293684005,0.1457050293684005,100.0
2019-08-13,0.1441126117089736,0.1449088156223297,0.1441126117089736,0.1449088156223297,100000.0
2019-08-14,0.1449088156223297,0.1449088156223297,0.1449088156223297,0.1449088156223297,0.0
2019-08-15,0.14411261677742,0.14411261677742,0.1433164247004007,0.14411261677742,129800.0
2019-08-16,0.1441126099719308,0.1441126099719308,0.1433164179325103,0.1433164179325103,84500.0
2019-08-19,0.1441126163955636,0.1488898400310568,0.1441126163955636,0.1465012282133102,51800.0
2019-08-20,0.1472974321525591,0.1472974321525591,0.1457050242740614,0.1465012282133102,15100.0
2019-08-21,0.1457050304923077,0.1496860384941101,0.1457050304923077,0.1496860384941101,51700.0
2019-08-22,0.1465012282133102,0.1465012282133102,0.1465012282133102,0.1465012282133102,1000.0
2019-08-23,0.1465012033932544,0.1480936110019683,0.1465012033932544,0.1480936110019683,104700.0
2019-08-26,0.1457050293684005,0.1457050293684005,0.1457050293684005,0.1457050293684005,126100.0
2019-08-27,0.1457050293684005,0.1457050293684005,0.1457050293684005,0.1457050293684005,0.0
2019-08-28,0.14411261677742,0.1457050246601371,0.14411261677742,0.14411261677742,273700.0
2019-08-29,0.1441126117089736,0.1449088156223297,0.1441126117089736,0.1449088156223297,105100.0
2019-08-30,0.14411261677742,0.1457050246601371,0.14411261677742,0.14411261677742,38800.0
2019-09-02,0.14411261677742,0.14411261677742,0.14411261677742,0.14411261677742,0.0
2019-09-03,0.1457050293684005,0.1457050293684005,0.1441126214342269,0.1457050293684005,44200.0
2019-09-04,0.1441125919801835,0.1480936110019683,0.1441125919801835,0.1480936110019683,11000.0
2019-09-05,0.1488898400310568,0.1488898400310568,0.1465012282133102,0.1465012282133102,17600.0
2019-09-06,0.1488898545503616,0.1488898545503616,0.1457050384827922,0.1488898545503616,33500.0
2019-09-09,0.1472974321525591,0.1472974321525591,0.1465012282133102,0.1465012282133102,11600.0
2019-09-10,0.1465012424996845,0.1488898545503616,0.1465012424996845,0.1488898545503616,38300.0
2019-09-11,0.1480936505334693,0.1488898545503616,0.1472974465165769,0.1488898545503616,41200.0
2019-09-12,0.1480936419408627,0.1520746499300003,0.1480936419408627,0.1520746499300003,265000.0
2019-09-13,0.1528708539006957,0.1544632618420866,0.1520746499300003,0.1520746499300003,119000.0
2019-09-16,0.1520746397846628,0.1552594435906375,0.1520746397846628,0.1536670476198196,55000.0
2019-09-17,0.1536670296444009,0.1584442407267114,0.1536670296444009,0.1560556292533874,333700.0
2019-09-18,0.1552594350660365,0.1592404544353485,0.1552594350660365,0.1592404544353485,183600.0
2019-09-19,0.1592404544353485,0.1632214619403223,0.1592404544353485,0.1592404544353485,408900.0
2019-09-20,0.1592404544353485,0.1632214619403223,0.1592404544353485,0.1592404544353485,246600.0
2019-09-23,0.1632214619403223,0.1632214619403223,0.1592404544353485,0.1592404544353485,342500.0
2019-09-24,0.1592404796465274,0.1592404796465274,0.1576480716466903,0.1576480716466903,235700.0
2019-09-25,0.1568518625435721,0.1584442704916,0.1568518625435721,0.1584442704916,51100.0
2019-09-26,0.1584442592609511,0.1584442592609511,0.1536670476198196,0.1536670476198196,91000.0
2019-09-27,0.1552594254289461,0.1560556292533874,0.1552594254289461,0.1560556292533874,5300.0
2019-09-30,0.1560556292533874,0.1560556292533874,0.1560556292533874,0.1560556292533874,15000.0
2019-10-01,0.1560556292533874,0.1560556292533874,0.1560556292533874,0.1560556292533874,1000.0
2019-10-02,0.1552594352498482,0.1584442507490683,0.1552594352498482,0.1568518429994583,51400.0
2019-10-03,0.1584442610152142,0.1584442610152142,0.1544632532475841,0.1552594453096389,35200.0
2019-10-04,0.1560556492360328,0.1560556492360328,0.1552594453096389,0.1552594453096389,11100.0
2019-10-07,0.1544632762670517,0.1576480805829152,0.1544632762670517,0.1544632762670517,16000.0
2019-10-08,0.1544632762670517,0.1544632762670517,0.1544632762670517,0.1544632762670517,0.0
2019-10-09,0.1568518514257943,0.1568518514257943,0.1512784358670844,0.1536670476198196,205400.0
2019-10-10,0.1536670476198196,0.1536670476198196,0.1536670476198196,0.1536670476198196,0.0
2019-10-11,0.1536670476198196,0.1536670476198196,0.1536670476198196,0.1536670476198196,5000.0
2019-10-14,0.1552594507819868,0.1672024863701657,0.1552594507819868,0.1632214784622192,594400.0
2019-10-15,0.1672024838696114,0.1831265389919281,0.1672024838696114,0.1831265389919281,3936700.0
2019-10-16,0.1910885546887472,0.195069574401496,0.1831265389919281,0.1831265389919281,2964900.0
2019-10-17,0.1791454983208561,0.1831265175678634,0.1711834835555171,0.1751644909381866,565200.0
2019-10-18,0.1672024577856063,0.1751644841046685,0.1672024577856063,0.1672024577856063,132300.0
2019-10-21,0.1711835136988648,0.1831265498142353,0.1711835136988648,0.1791455298662185,531200.0
2019-10-22,0.1831265389919281,0.1910885546887472,0.1831265389919281,0.1831265389919281,2944800.0
2019-10-23,0.1791455298662185,0.1871075578979122,0.1791455298662185,0.1791455298662185,113400.0
2019-10-24,0.183126554826167,0.1871075630187988,0.183126554826167,0.1871075630187988,297400.0
2019-10-25,0.183126554826167,0.1910885712114306,0.183126554826167,0.1871075630187988,1588300.0
2019-10-29,0.1871075630187988,0.1871075630187988,0.183126554826167,0.1871075630187988,157000.0
2019-10-30,0.1871075630187988,0.1871075630187988,0.183126554826167,0.1871075630187988,445100.0
2019-10-31,0.1831265389919281,0.1871075468403376,0.1831265389919281,0.1831265389919281,127100.0
2019-11-01,0.1831265389919281,0.1871075468403376,0.1831265389919281,0.1831265389919281,518200.0
2019-11-04,0.1831265389919281,0.1871075468403376,0.1791455192791793,0.1831265389919281,201000.0
2019-11-05,0.1791455192791793,0.1831265389919281,0.1791455192791793,0.1831265389919281,409200.0
2019-11-06,0.1791455192791793,0.1831265389919281,0.1791455192791793,0.1831265389919281,375800.0
2019-11-07,0.1831265389919281,0.1831265389919281,0.1791455192791793,0.1831265389919281,76400.0
2019-11-08,0.1791455298662185,0.1831265498142353,0.1791455298662185,0.1791455298662185,166300.0
2019-11-11,0.1791454983208561,0.1791454983208561,0.1751644909381866,0.1751644909381866,197800.0
2019-11-12,0.1751644909381866,0.1791454983208561,0.1751644909381866,0.1751644909381866,56100.0
2019-11-13,0.1791455192791793,0.1871075468403376,0.1751645114307697,0.1831265389919281,719300.0
2019-11-14,0.1871075468403376,0.1871075468403376,0.1791455192791793,0.1831265389919281,340600.0
2019-11-15,0.1791455298662185,0.1831265498142353,0.1791455298662185,0.1791455298662185,366800.0
2019-11-18,0.1791455192791793,0.1831265389919281,0.1751645114307697,0.1831265389919281,199500.0
2019-11-19,0.1751644909381866,0.1831265175678634,0.1751644909381866,0.1751644909381866,248700.0
2019-11-20,0.1751644739069113,0.1751644739069113,0.1711834669113159,0.1711834669113159,592800.0
2019-11-21,0.1751644909381866,0.1791454983208561,0.1711834835555171,0.1751644909381866,294300.0
2019-11-22,0.1791455192791793,0.1831265389919281,0.1791455192791793,0.1831265389919281,83800.0
2019-11-25,0.1831265389919281,0.1831265389919281,0.1831265389919281,0.1831265389919281,0.0
2019-11-26,0.1751645217825417,0.1791455298662185,0.1751645217825417,0.1791455298662185,406300.0
2019-11-27,0.1791455298662185,0.1791455298662185,0.1751645217825417,0.1791455298662185,371000.0
2019-11-28,0.1751644909381866,0.1791454983208561,0.1751644909381866,0.1751644909381866,221300.0
2019-11-29,0.1711835136988648,0.1791455298662185,0.1711835136988648,0.1791455298662185,173100.0
2019-12-02,0.1791454983208561,0.1831265175678634,0.1751644909381866,0.1751644909381866,1032000.0
2019-12-03,0.1751644909381866,0.1751644909381866,0.1711834835555171,0.1751644909381866,377900.0
2019-12-04,0.1751644909381866,0.1751644909381866,0.1751644909381866,0.1751644909381866,454000.0
2019-12-05,0.1791455298662185,0.1791455298662185,0.1751645217825417,0.1791455298662185,51800.0
2019-12-06,0.1791455298662185,0.1831265498142353,0.1751645217825417,0.1791455298662185,500200.0
2019-12-09,0.1751644739069113,0.1751644739069113,0.1711834669113159,0.1711834669113159,1201900.0
2019-12-10,0.1711834888146081,0.1711834888146081,0.1592404544353485,0.1592404544353485,1367000.0
2019-12-11,0.1592404705542727,0.1672024863701657,0.1592404705542727,0.1632214784622192,447400.0
2019-12-12,0.1632214410557884,0.1711834669113159,0.1632214410557884,0.1711834669113159,305800.0
2019-12-13,0.1672024577856063,0.1672024577856063,0.1672024577856063,0.1672024577856063,114500.0
2019-12-16,0.1672024577856063,0.1711834768773061,0.1672024577856063,0.1672024577856063,158800.0
2019-12-17,0.1672024577856063,0.1672024577856063,0.1672024577856063,0.1672024577856063,18100.0
2019-12-18,0.1672024577856063,0.1711834768773061,0.1672024577856063,0.1672024577856063,31900.0
2019-12-19,0.1672024643085098,0.1751644909381866,0.1672024643085098,0.1751644909381866,187100.0
2019-12-20,0.1711834835555171,0.1751644909381866,0.1711834835555171,0.1751644909381866,147100.0
2019-12-23,0.1711834768773061,0.1711834768773061,0.1672024577856063,0.1672024577856063,229200.0
2019-12-24,0.1672024480513838,0.1711834669113159,0.1672024480513838,0.1711834669113159,50800.0
2019-12-25,0.1711834669113159,0.1711834669113159,0.1711834669113159,0.1711834669113159,0.0
2019-12-26,0.1672024577856063,0.1672024577856063,0.1672024577856063,0.1672024577856063,60000.0
2019-12-27,0.1672024480513838,0.1711834669113159,0.1672024480513838,0.1711834669113159,21000.0
2019-12-30,0.1711834768773061,0.1711834768773061,0.1672024577856063,0.1672024577856063,77000.0
2019-12-31,0.1711834669113159,0.1711834669113159,0.1711834669113159,0.1711834669113159,71000.0
2020-01-02,0.1711834669113159,0.1751644739069113,0.1711834669113159,0.1711834669113159,279900.0
2020-01-03,0.1711834669113159,0.1751644739069113,0.1711834669113159,0.1711834669113159,157400.0
2020-01-06,0.1711834669113159,0.1711834669113159,0.1711834669113159,0.1711834669113159,281000.0
2020-01-07,0.1672024577856063,0.1711834768773061,0.1672024577856063,0.1672024577856063,345000.0
2020-01-08,0.1672024480513838,0.1711834669113159,0.1672024480513838,0.1711834669113159,78200.0
2020-01-09,0.1711834669113159,0.1711834669113159,0.1711834669113159,0.1711834669113159,43000.0
2020-01-10,0.1751644739069113,0.1751644739069113,0.1711834669113159,0.1711834669113159,294000.0
2020-01-13,0.1711834669113159,0.1711834669113159,0.1711834669113159,0.1711834669113159,0.0
2020-01-14,0.1711834669113159,0.1711834669113159,0.1711834669113159,0.1711834669113159,73600.0
2020-01-15,0.1711834768773061,0.1711834768773061,0.1672024577856063,0.1672024577856063,164000.0
2020-01-16,0.1711834835555171,0.1751644909381866,0.1711834835555171,0.1751644909381866,522000.0
2020-01-17,0.1751644909381866,0.1751644909381866,0.1751644909381866,0.1751644909381866,304000.0
2020-01-20,0.1751644739069113,0.1791454809025067,0.1711834669113159,0.1711834669113159,383800.0
2020-01-21,0.1711834669113159,0.1711834669113159,0.1711834669113159,0.1711834669113159,0.0
2020-01-22,0.1711834669113159,0.1711834669113159,0.1711834669113159,0.1711834669113159,295600.0
2020-01-23,0.1711834669113159,0.1711834669113159,0.1711834669113159,0.1711834669113159,95000.0
2020-01-24,0.1711834669113159,0.1711834669113159,0.1711834669113159,0.1711834669113159,211000.0
2020-01-28,0.1672024863701657,0.1672024863701657,0.1632214784622192,0.1632214784622192,397600.0
2020-01-29,0.163221450558244,0.1672024577856063,0.163221450558244,0.1672024577856063,84100.0
2020-01-30,0.1632214784622192,0.1672024863701657,0.1632214784622192,0.1632214784622192,543800.0
2020-01-31,0.1632214784622192,0.1632214784622192,0.1632214784622192,0.1632214784622192,324000.0
2020-02-03,0.1552594350660365,0.1632214619403223,0.1552594350660365,0.1592404544353485,95900.0
2020-02-04,0.1576480716466903,0.1576480716466903,0.1576480716466903,0.1576480716466903,1000.0
2020-02-05,0.1568518429994583,0.1576480468742633,0.1568518429994583,0.1568518429994583,37600.0
2020-02-06,0.1576480665175861,0.1584442704916,0.1576480665175861,0.1584442704916,198000.0
2020-02-07,0.1568518429994583,0.1568518429994583,0.1568518429994583,0.1568518429994583,77900.0
2020-02-10,0.163221450558244,0.1711834768773061,0.163221450558244,0.1672024577856063,1799800.0
2020-02-11,0.1711834768773061,0.1711834768773061,0.163221450558244,0.1672024577856063,537100.0
2020-02-12,0.1632214784622192,0.1632214784622192,0.1632214784622192,0.1632214784622192,2500.0
2020-02-13,0.1632214784622192,0.1632214784622192,0.1632214784622192,0.1632214784622192,150000.0
2020-02-14,0.1632214784622192,0.1632214784622192,0.1632214784622192,0.1632214784622192,403600.0
2020-02-17,0.1632214784622192,0.1632214784622192,0.1632214784622192,0.1632214784622192,110000.0
2020-02-18,0.1632214784622192,0.1632214784622192,0.1632214784622192,0.1632214784622192,389000.0
2020-02-19,0.1632214784622192,0.1632214784622192,0.1632214784622192,0.1632214784622192,555100.0
2020-02-20,0.1672024863701657,0.1672024863701657,0.1632214784622192,0.1632214784622192,145000.0
2020-02-21,0.1672024480513838,0.1711834669113159,0.1672024480513838,0.1711834669113159,159700.0
2020-02-24,0.1711834768773061,0.1711834768773061,0.1672024577856063,0.1672024577856063,208000.0
2020-02-25,0.1672024577856063,0.1672024577856063,0.1672024577856063,0.1672024577856063,130000.0
2020-02-26,0.1672024577856063,0.1672024577856063,0.163221450558244,0.1672024577856063,392000.0
2020-02-27,0.1632214784622192,0.1632214784622192,0.1592404705542727,0.1632214784622192,305000.0
2020-02-28,0.159240464941608,0.159240464941608,0.1544632532475841,0.1552594453096389,373500.0
2020-03-02,0.1552594350660365,0.1592404544353485,0.1552594350660365,0.1592404544353485,80200.0
2020-03-03,0.1632214877817801,0.1632214877817801,0.1576480716466903,0.1576480716466903,218700.0
2020-03-04,0.1560556475082159,0.1560556475082159,0.1536670476198196,0.1536670476198196,159700.0
2020-03-05,0.1528708338737487,0.1528708338737487,0.1528708338737487,0.1528708338737487,9200.0
2020-03-06,0.1528708539006957,0.1528708539006957,0.1520746499300003,0.1520746499300003,36600.0
2020-03-09,0.1520746587535907,0.1520746587535907,0.1472974465165769,0.1488898545503616,154900.0
2020-03-10,0.1488898463852213,0.1512784464405669,0.1488898463852213,0.1496860384941101,103300.0
2020-03-11,0.1512784464405669,0.1512784464405669,0.1496860384941101,0.1496860384941101,59800.0
2020-03-12,0.1472974273623978,0.1472974273623978,0.1433164196599564,0.1449088156223297,222500.0
2020-03-13,0.1433164185022768,0.1433164185022768,0.1361505952042952,0.1385391950607299,271700.0
2020-03-16,0.1393354023670607,0.1393354023670607,0.1353543945996513,0.1361505985260009,305000.0
2020-03-17,0.1289847787086391,0.1313733905553817,0.1273923708108106,0.1313733905553817,70000.0
2020-03-18,0.1313733905553817,0.1313733905553817,0.1313733905553817,0.1313733905553817,0.0
2020-03-19,0.1289847732550742,0.1289847732550742,0.1194303500007498,0.1210227459669113,273000.0
2020-03-20,0.1218189546117294,0.1226151585578918,0.1218189546117294,0.1226151585578918,21500.0
2020-03-23,0.1226151585578918,0.1226151585578918,0.1226151585578918,0.1226151585578918,0.0
2020-03-24,0.1210227597060175,0.1257999837398529,0.1210227597060175,0.1257999837398529,139100.0
2020-03-25,0.1289847493171692,0.1289847493171692,0.1289847493171692,0.1289847493171692,25000.0
2020-03-26,0.1210227254659273,0.1337619622232537,0.1210227254659273,0.1329657584428787,144500.0
2020-03-27,0.1353543675927128,0.1353543675927128,0.1289847493171692,0.1289847493171692,27600.0
2020-03-30,0.1329657584428787,0.1329657584428787,0.1329657584428787,0.1329657584428787,10000.0
2020-03-31,0.1289847562272183,0.1345581710338592,0.1289847562272183,0.1345581710338592,24900.0
2020-04-01,0.1345581710338592,0.1345581710338592,0.1345581710338592,0.1345581710338592,0.0
2020-04-02,0.1353543996810913,0.1353543996810913,0.1353543996810913,0.1353543996810913,4600.0
2020-04-03,0.1353543996810913,0.1353543996810913,0.1353543996810913,0.1353543996810913,0.0
2020-04-06,0.1353543996810913,0.1353543996810913,0.1353543996810913,0.1353543996810913,0.0
2020-04-07,0.1353543996810913,0.1353543996810913,0.1353543996810913,0.1353543996810913,0.0
2020-04-08,0.1417240141461098,0.1425202180724595,0.1361505985260009,0.1361505985260009,65000.0
2020-04-09,0.1401315848227358,0.152870821963773,0.1401315848227358,0.1480936110019683,175500.0
2020-04-13,0.1544632762670517,0.1544632762670517,0.1544632762670517,0.1544632762670517,200.0
2020-04-14,0.1472974270582199,0.1512784347524403,0.1457050192347962,0.1472974270582199,651600.0
2020-04-15,0.146501223146508,0.1472974270582199,0.146501223146508,0.1472974270582199,92800.0
2020-04-16,0.1472974373025742,0.148093641269661,0.1457050293684005,0.1457050293684005,235900.0
2020-04-17,0.1457050384827922,0.1488898545503616,0.1457050384827922,0.1488898545503616,248000.0
2020-04-20,0.1472974373025742,0.1472974373025742,0.1441126214342269,0.1457050293684005,102000.0
2020-04-21,0.1480936110019683,0.1480936110019683,0.1480936110019683,0.1480936110019683,200.0
2020-04-22,0.1480936309699317,0.1480936309699317,0.1433164193639995,0.1472974270582199,30000.0
2020-04-23,0.1472974270582199,0.1472974270582199,0.1472974270582199,0.1472974270582199,0.0
2020-04-24,0.1480936110019683,0.1480936110019683,0.1480936110019683,0.1480936110019683,10000.0
2020-04-27,0.1472974270582199,0.1472974270582199,0.1472974270582199,0.1472974270582199,1000.0
2020-04-28,0.1472974270582199,0.1472974270582199,0.1472974270582199,0.1472974270582199,54000.0
2020-04-29,0.1465012424996845,0.1488898545503616,0.1449088344658998,0.1488898545503616,158800.0
2020-04-30,0.1480936505334693,0.1488898545503616,0.1457050384827922,0.1488898545503616,121000.0
2020-05-04,0.1457050293684005,0.1457050293684005,0.1457050293684005,0.1457050293684005,6400.0
2020-05-05,0.1457050293684005,0.1457050293684005,0.1457050293684005,0.1457050293684005,0.0
2020-05-06,0.1457050195356857,0.1488898351891099,0.1449088156223297,0.1449088156223297,178900.0
2020-05-08,0.1449088156223297,0.1449088156223297,0.1449088156223297,0.1449088156223297,0.0
2020-05-11,0.1457050304923077,0.1496860384941101,0.1449088265190793,0.1496860384941101,27100.0
2020-05-12,0.1457050304923077,0.1496860384941101,0.1457050304923077,0.1496860384941101,70000.0
2020-05-13,0.1496860384941101,0.1496860384941101,0.1496860384941101,0.1496860384941101,5000.0
2020-05-14,0.1480936505334693,0.1488898545503616,0.1480936505334693,0.1488898545503616,110000.0
2020-05-15,0.1465012424996845,0.1496860467029136,0.1465012424996845,0.1488898545503616,70100.0
2020-05-18,0.1496860321059664,0.1528708478629619,0.1465012282133102,0.1465012282133102,256000.0
2020-05-19,0.1457050255267926,0.1504822373390197,0.1457050255267926,0.1504822373390197,99700.0
2020-05-20,0.1512784412851141,0.1520746452312086,0.1504822373390197,0.1504822373390197,164100.0
2020-05-21,0.1512784510850906,0.1512784510850906,0.1512784510850906,0.1512784510850906,29000.0
2020-05-22,0.1504822308407284,0.1504822308407284,0.1472974270582199,0.1472974270582199,139800.0
2020-05-26,0.1472974071976114,0.1504822105507021,0.1472974071976114,0.1480936110019683,43100.0
2020-05-27,0.1480936110019683,0.1480936110019683,0.1480936110019683,0.1480936110019683,0.0
2020-05-28,0.1472974071976114,0.1480936110019683,0.1472974071976114,0.1480936110019683,40000.0
2020-05-29,0.1480936110019683,0.1480936110019683,0.1480936110019683,0.1480936110019683,40000.0
2020-06-01,0.1465012344655361,0.1496860384941101,0.1353544025690177,0.1496860384941101,185900.0
2020-06-02,0.1496860373394951,0.1496860373394951,0.1457050293684005,0.1457050293684005,4000.0
2020-06-03,0.1465012339994718,0.1520746499300003,0.1465012339994718,0.1520746499300003,299500.0
2020-06-04,0.1520746499300003,0.1536670578713912,0.1504822419886093,0.1520746499300003,172100.0
2020-06-05,0.1520746300073605,0.153667037740137,0.1512784261409723,0.1528708338737487,136800.0
2020-06-08,0.153667037740137,0.1544632416065252,0.1504822222745841,0.1528708338737487,160400.0
2020-06-09,0.1512784261409723,0.1528708338737487,0.1504822222745841,0.1528708338737487,86700.0
2020-06-10,0.1520746550827639,0.1520746550827639,0.1512784510850906,0.1512784510850906,288200.0
2020-06-11,0.1520746504137953,0.1520746504137953,0.1496860384941101,0.1496860384941101,230900.0
2020-06-12,0.1496860430897439,0.1512784510850906,0.1496860430897439,0.1512784510850906,3300.0
2020-06-15,0.1496860384941101,0.1496860384941101,0.1496860384941101,0.1496860384941101,4000.0
2020-06-16,0.1504822373390197,0.1504822373390197,0.1504822373390197,0.1504822373390197,2100.0
2020-06-17,0.1512784412851141,0.1512784412851141,0.1504822373390197,0.1504822373390197,152000.0
2020-06-18,0.1504822419886093,0.1528708539006957,0.1504822419886093,0.1520746499300003,483000.0
2020-06-19,0.1520746452312086,0.1520746452312086,0.1504822373390197,0.1504822373390197,141800.0
2020-06-22,0.1512784510850906,0.1512784510850906,0.1512784510850906,0.1512784510850906,9000.0
2020-06-23,0.1512784510850906,0.1512784510850906,0.1512784510850906,0.1512784510850906,22100.0
2020-06-24,0.1512784510850906,0.1512784510850906,0.1496860430897439,0.1512784510850906,64900.0
2020-06-25,0.1512784547366983,0.1512784547366983,0.1488898545503616,0.1488898545503616,40000.0
2020-06-26,0.1488898359786881,0.1568518514257943,0.1488898359786881,0.1536670476198196,1166100.0
2020-06-29,0.1528708338737487,0.1528708338737487,0.1528708338737487,0.1528708338737487,30000.0
2020-06-30,0.1528708437022412,0.1536670476198196,0.1528708437022412,0.1536670476198196,152100.0
2020-07-01,0.1536670476198196,0.1536670476198196,0.1536670476198196,0.1536670476198196,190000.0
2020-07-02,0.154463258691869,0.1672024863701657,0.1536670547374118,0.1632214784622192,1902400.0
2020-07-03,0.1632214410557884,0.1711834669113159,0.159240434060193,0.1711834669113159,568100.0
2020-07-06,0.1672024577856063,0.1711834768773061,0.163221450558244,0.1672024577856063,495100.0
2020-07-07,0.163221450558244,0.1711834768773061,0.163221450558244,0.1672024577856063,2189500.0
2020-07-08,0.1692169513737146,0.1692169513737146,0.1611590087413787,0.1611590087413787,105400.0
2020-07-09,0.1651880145072937,0.1651880145072937,0.1651880145072937,0.1651880145072937,608700.0
2020-07-13,0.1651879800575467,0.1651879800575467,0.1611590087413787,0.1611590087413787,202000.0
2020-07-14,0.1611590423508888,0.1692169866636985,0.1611590423508888,0.1651880145072937,426800.0
2020-07-15,0.1611590423508888,0.1651880145072937,0.1611590423508888,0.1651880145072937,38000.0
2020-07-16,0.1651879800575467,0.1651879800575467,0.1611590087413787,0.1611590087413787,146600.0
2020-07-17,0.1611590087413787,0.1611590087413787,0.1611590087413787,0.1611590087413787,0.0
2020-07-20,0.1611590087413787,0.1651879800575467,0.1611590087413787,0.1611590087413787,461100.0
2020-07-21,0.1611590423508888,0.1651880145072937,0.1611590423508888,0.1651880145072937,130300.0
2020-07-22,0.1651880145072937,0.1651880145072937,0.1651880145072937,0.1651880145072937,0.0
2020-07-23,0.1611590087413787,0.1611590087413787,0.1611590087413787,0.1611590087413787,116200.0
2020-07-24,0.1651879800575467,0.1651879800575467,0.1611590087413787,0.1611590087413787,175600.0
2020-07-27,0.1611590087413787,0.1611590087413787,0.1611590087413787,0.1611590087413787,90000.0
2020-07-28,0.1651879800575467,0.1651879800575467,0.1611590087413787,0.1611590087413787,337000.0
2020-07-29,0.1611590087413787,0.1611590087413787,0.1611590087413787,0.1611590087413787,0.0
2020-07-30,0.1611590423508888,0.1651880145072937,0.1611590423508888,0.1651880145072937,356900.0
2020-08-03,0.1692169678183287,0.1813038949487295,0.1692169678183287,0.1732459515333175,1470100.0
2020-08-04,0.1732459522441045,0.1853328794240951,0.1732459522441045,0.1853328794240951,961100.0
2020-08-05,0.1853328981573682,0.1893618702888488,0.1813039140186036,0.1893618702888488,1377100.0
2020-08-06,0.189361851148331,0.189361851148331,0.1813038956925763,0.1853328794240951,842100.0
2020-08-07,0.1853328721323435,0.1853328721323435,0.1772749169936217,0.1813038885593414,1322100.0
2020-08-11,0.1772749232410235,0.1772749232410235,0.1732459515333175,0.1732459515333175,529200.0
2020-08-12,0.1732459556924795,0.1772749274969101,0.1732459556924795,0.1772749274969101,377000.0
2020-08-13,0.1813038885593414,0.1813038885593414,0.1772749169936217,0.1813038885593414,521100.0
2020-08-14,0.1933908228725669,0.2014487783283216,0.1813038956925763,0.1853328794240951,4682400.0
2020-08-17,0.189361854917485,0.189361854917485,0.1772749274969101,0.1772749274969101,1042700.0
2020-08-18,0.1772749232410235,0.1772749232410235,0.1732459515333175,0.1732459515333175,693500.0
2020-08-19,0.1772749169936217,0.1813038885593414,0.1772749169936217,0.1813038885593414,497800.0
2020-08-20,0.1772749232410235,0.1813038949487295,0.1732459515333175,0.1732459515333175,885900.0
2020-08-21,0.1772749274969101,0.1772749274969101,0.1772749274969101,0.1772749274969101,250700.0
2020-08-24,0.1813038867366607,0.201448768377304,0.1813038867366607,0.201448768377304,3120100.0
2020-08-25,0.2135356864095766,0.2135356864095766,0.193390816450119,0.193390816450119,2354900.0
2020-08-26,0.1893618702888488,0.1893618702888488,0.1853328981573682,0.1893618702888488,380000.0
2020-08-27,0.189361851148331,0.189361851148331,0.1853328794240951,0.1853328794240951,136300.0
2020-08-28,0.1933908228725669,0.1933908228725669,0.1853328794240951,0.1853328794240951,266400.0
2020-08-31,0.1853328721323435,0.1853328721323435,0.1813038885593414,0.1813038885593414,675200.0
2020-09-01,0.1853328732692489,0.1974198000478365,0.1853328732692489,0.193390816450119,1456900.0
2020-09-02,0.193390816450119,0.193390816450119,0.189361844859684,0.193390816450119,155400.0
2020-09-03,0.189361851148331,0.189361851148331,0.1853328794240951,0.1853328794240951,208600.0
2020-09-04,0.1853328981573682,0.1893618702888488,0.1853328981573682,0.1893618702888488,284800.0
2020-09-07,0.1853328981573682,0.1893618702888488,0.1853328981573682,0.1893618702888488,290000.0
2020-09-08,0.1893618702888488,0.1893618702888488,0.1893618702888488,0.1893618702888488,430000.0
2020-09-09,0.1853328981573682,0.1893618702888488,0.1853328981573682,0.1893618702888488,1035800.0
2020-09-10,0.1933908318082082,0.2417385547693646,0.1933908318082082,0.2296516150236129,16441500.0
2020-09-11,0.2215936779975891,0.2296516220654611,0.2135357099151494,0.2215936779975891,2308300.0
2020-09-14,0.2215936233167961,0.2417385025300615,0.2175646522770553,0.2256225943565368,2820100.0
2020-09-15,0.2215936509778048,0.2377095371484756,0.2215936509778048,0.2377095371484756,2222000.0
2020-09-16,0.2377095478094055,0.249796486994055,0.229651604362683,0.2336805760860443,6113200.0
2020-09-17,0.2377095074757591,0.2377095074757591,0.2215936233167961,0.2256225943565368,1778600.0
2020-09-18,0.2296515653962776,0.2296515653962776,0.2215936233167961,0.2256225943565368,1289300.0
2020-09-21,0.2256225943565368,0.2336805364360183,0.2135356572227529,0.2256225943565368,2178200.0
2020-09-22,0.217564705963653,0.2256226500315251,0.217564705963653,0.2215936779975891,4170700.0
2020-09-23,0.225622643113218,0.2336805869340079,0.2215936712028231,0.2296516150236129,3677200.0
2020-09-24,0.2215936609159605,0.2417385435473325,0.2175646891925993,0.2336805760860443,8863800.0
2020-09-25,0.2336805869340079,0.2336805869340079,0.2215936712028231,0.2296516150236129,2762900.0
2020-09-28,0.2296516150236129,0.2336805869340079,0.225622643113218,0.2296516150236129,1438100.0
2020-09-29,0.2336805760860443,0.2377095478094055,0.229651604362683,0.2336805760860443,1119500.0
2020-09-30,0.2336805760860443,0.2457675152706938,0.2336805760860443,0.2336805760860443,1492000.0
2020-10-01,0.2417385435473325,0.2417385435473325,0.2336805760860443,0.2336805760860443,139000.0
2020-10-02,0.2377095588444028,0.2377095588444028,0.2296516150236129,0.2296516150236129,487800.0
2020-10-05,0.2296515653962776,0.2296515653962776,0.2256225943565368,0.2256225943565368,324000.0
2020-10-06,0.225622643113218,0.2296516150236129,0.225622643113218,0.2296516150236129,307500.0
2020-10-07,0.229651604362683,0.2336805760860443,0.229651604362683,0.2336805760860443,251300.0
2020-10-08,0.2296515940631402,0.2417385327057079,0.2296515940631402,0.2377095371484756,934600.0
2020-10-09,0.2377095478094055,0.2377095478094055,0.2336805760860443,0.2336805760860443,89900.0
2020-10-12,0.2296516150236129,0.2296516150236129,0.2296516150236129,0.2296516150236129,131000.0
2020-10-13,0.2296516150236129,0.2296516150236129,0.2296516150236129,0.2296516150236129,298600.0
2020-10-14,0.2296516150236129,0.2377095588444028,0.2296516150236129,0.2296516150236129,184200.0
2020-10-15,0.2296515653962776,0.2296515653962776,0.2256225943565368,0.2256225943565368,316300.0
2020-10-16,0.2296516150236129,0.2336805869340079,0.2296516150236129,0.2296516150236129,197200.0
2020-10-19,0.2336805364360183,0.2336805364360183,0.2256225943565368,0.2256225943565368,306700.0
2020-10-20,0.225622643113218,0.2296516150236129,0.225622643113218,0.2296516150236129,224200.0
2020-10-21,0.2296516150236129,0.2296516150236129,0.2296516150236129,0.2296516150236129,113300.0
2020-10-22,0.2296515653962776,0.2296515653962776,0.2256225943565368,0.2256225943565368,30000.0
2020-10-23,0.2296516150236129,0.2296516150236129,0.2296516150236129,0.2296516150236129,50000.0
2020-10-26,0.2296515653962776,0.2296515653962776,0.2256225943565368,0.2256225943565368,159200.0
2020-10-27,0.2296515653962776,0.2296515653962776,0.2256225943565368,0.2256225943565368,470300.0
2020-10-28,0.225622643113218,0.2296516150236129,0.225622643113218,0.2296516150236129,189200.0
2020-10-29,0.2296515653962776,0.2296515653962776,0.2256225943565368,0.2256225943565368,484700.0
2020-10-30,0.2336805869340079,0.2336805869340079,0.2296516150236129,0.2296516150236129,372300.0
2020-11-02,0.2296516150236129,0.2296516150236129,0.2296516150236129,0.2296516150236129,57000.0
2020-11-03,0.2296516150236129,0.2296516150236129,0.2296516150236129,0.2296516150236129,26000.0
2020-11-04,0.2256226326393218,0.2336805760860443,0.2256226326393218,0.2336805760860443,41100.0
2020-11-05,0.2296516150236129,0.2296516150236129,0.225622643113218,0.2296516150236129,110400.0
2020-11-06,0.2256225943565368,0.2256225943565368,0.2256225943565368,0.2256225943565368,11700.0
2020-11-09,0.225622643113218,0.2336805869340079,0.225622643113218,0.2296516150236129,94800.0
2020-11-10,0.2296515940631402,0.2377095371484756,0.2296515940631402,0.2377095371484756,1176000.0
2020-11-11,0.2377095478094055,0.2417385435473325,0.2336805760860443,0.2336805760860443,1056100.0
2020-11-12,0.2417385435473325,0.2417385435473325,0.2336805760860443,0.2336805760860443,309100.0
2020-11-13,0.2336805760860443,0.2336805760860443,0.2336805760860443,0.2336805760860443,145300.0
2020-11-16,0.2336805760860443,0.2417385435473325,0.2336805760860443,0.2336805760860443,255400.0
2020-11-17,0.2336805760860443,0.2336805760860443,0.2336805760860443,0.2336805760860443,394900.0
2020-11-18,0.2377095478094055,0.2377095478094055,0.2336805760860443,0.2336805760860443,138300.0
2020-11-19,0.2336805760860443,0.2336805760860443,0.2336805760860443,0.2336805760860443,178000.0
2020-11-20,0.2336805760860443,0.2377095478094055,0.2336805760860443,0.2336805760860443,258000.0
2020-11-23,0.2336805760860443,0.2336805760860443,0.2336805760860443,0.2336805760860443,260000.0
2020-11-24,0.2336805760860443,0.2336805760860443,0.2336805760860443,0.2336805760860443,100000.0
2020-11-25,0.2336805656058079,0.2377095371484756,0.2336805656058079,0.2377095371484756,138700.0
2020-11-26,0.2336805760860443,0.2336805760860443,0.2336805760860443,0.2336805760860443,91900.0
2020-11-27,0.2377095478094055,0.2377095478094055,0.2336805760860443,0.2336805760860443,107800.0
2020-11-30,0.2336805760860443,0.2336805760860443,0.2336805760860443,0.2336805760860443,118900.0
2020-12-01,0.2336805760860443,0.2336805760860443,0.2336805760860443,0.2336805760860443,150600.0
2020-12-02,0.2336805760860443,0.2336805760860443,0.2336805760860443,0.2336805760860443,87300.0
2020-12-03,0.2336805656058079,0.2377095371484756,0.2336805656058079,0.2377095371484756,377600.0
2020-12-04,0.2336805760860443,0.2336805760860443,0.2336805760860443,0.2336805760860443,149200.0
2020-12-07,0.2336805869340079,0.2336805869340079,0.2296516150236129,0.2296516150236129,208400.0
2020-12-08,0.2336805760860443,0.2377095478094055,0.2336805760860443,0.2336805760860443,334500.0
2020-12-09,0.2336805760860443,0.2336805760860443,0.2336805760860443,0.2336805760860443,241800.0
2020-12-10,0.2336805760860443,0.2336805760860443,0.229651604362683,0.2336805760860443,654200.0
2020-12-11,0.2336805760860443,0.2377095478094055,0.2336805760860443,0.2336805760860443,64900.0
2020-12-14,0.2377095371484756,0.2417385327057079,0.2336805656058079,0.2377095371484756,145700.0
2020-12-15,0.2377095478094055,0.2377095478094055,0.2336805760860443,0.2336805760860443,19100.0
2020-12-16,0.2336805760860443,0.2336805760860443,0.2336805760860443,0.2336805760860443,28400.0
2020-12-17,0.2336805760860443,0.2336805760860443,0.2336805760860443,0.2336805760860443,0.0
2020-12-18,0.2336805760860443,0.2336805760860443,0.2336805760860443,0.2336805760860443,184500.0
2020-12-21,0.2377095478094055,0.2377095478094055,0.2336805760860443,0.2336805760860443,433200.0
2020-12-22,0.2336805760860443,0.2336805760860443,0.2336805760860443,0.2336805760860443,137100.0
2020-12-23,0.2336805760860443,0.2336805760860443,0.229651604362683,0.2336805760860443,124300.0
2020-12-24,0.2336805760860443,0.2336805760860443,0.2336805760860443,0.2336805760860443,0.0
2020-12-28,0.2336805760860443,0.2336805760860443,0.2336805760860443,0.2336805760860443,50800.0
2020-12-29,0.2336805760860443,0.2336805760860443,0.2336805760860443,0.2336805760860443,95500.0
2020-12-30,0.2336805760860443,0.2377095478094055,0.2336805760860443,0.2336805760860443,1119700.0
2020-12-31,0.2336805760860443,0.2336805760860443,0.2336805760860443,0.2336805760860443,0.0
2021-01-04,0.2336805760860443,0.2336805760860443,0.229651604362683,0.2336805760860443,1824600.0
2021-01-05,0.2377095478094055,0.2377095478094055,0.2336805760860443,0.2336805760860443,70200.0
2021-01-06,0.2377095371484756,0.2417385327057079,0.2336805656058079,0.2377095371484756,313600.0
2021-01-07,0.2377095371484756,0.2377095371484756,0.2336805656058079,0.2377095371484756,141400.0
2021-01-08,0.2336805869340079,0.2336805869340079,0.2296516150236129,0.2296516150236129,1235100.0
2021-01-11,0.2296516150236129,0.2296516150236129,0.225622643113218,0.2296516150236129,2381700.0
2021-01-12,0.2256225943565368,0.2256225943565368,0.2215936233167961,0.2256225943565368,936900.0
2021-01-13,0.2256225943565368,0.2256225943565368,0.2215936233167961,0.2256225943565368,240900.0
2021-01-14,0.2256225943565368,0.2296515653962776,0.2256225943565368,0.2256225943565368,190500.0
2021-01-15,0.2256226500315251,0.2256226500315251,0.2215936779975891,0.2215936779975891,571000.0
2021-01-18,0.2256225943565368,0.2256225943565368,0.2215936233167961,0.2256225943565368,496100.0
2021-01-19,0.2256226500315251,0.2256226500315251,0.2215936779975891,0.2215936779975891,77400.0
2021-01-20,0.2256226500315251,0.2256226500315251,0.2215936779975891,0.2215936779975891,40200.0
2021-01-21,0.2256226500315251,0.2256226500315251,0.217564705963653,0.2215936779975891,1186300.0
2021-01-22,0.2215936284638361,0.2215936284638361,0.2175646573305129,0.217564657330513,1100600.0
2021-01-25,0.2215936284638361,0.2215936284638361,0.2175646573305129,0.217564657330513,871400.0
2021-01-26,0.2175647072414087,0.2175647072414087,0.2135357111692428,0.2135357111692428,288200.0
2021-01-27,0.2175646573305129,0.2175646573305129,0.2135356621826275,0.217564657330513,1189800.0
2021-01-28,0.2135357099151494,0.2296516220654611,0.2135357099151494,0.2215936779975891,2677800.0
2021-01-29,0.2215936779975891,0.2215936779975891,0.2215936779975891,0.2215936779975891,1331600.0
2021-02-01,0.2215936779975891,0.2256226500315251,0.2215936779975891,0.2215936779975891,1174500.0
2021-02-02,0.2215936233167961,0.2256225943565368,0.2215936233167961,0.2256225943565368,1040500.0
2021-02-03,0.2256226500315251,0.2296516220654611,0.2215936779975891,0.2215936779975891,1852000.0
2021-02-04,0.2256225943565368,0.2256225943565368,0.2215936233167961,0.2256225943565368,1098900.0
2021-02-05,0.2215936779975891,0.2256226500315251,0.2215936779975891,0.2215936779975891,1112400.0
2021-02-08,0.225622643113218,0.2296516150236129,0.225622643113218,0.2296516150236129,1588700.0
2021-02-09,0.2296515940631402,0.2377095371484756,0.2296515940631402,0.2377095371484756,339100.0
2021-02-10,0.2336805869340079,0.2336805869340079,0.225622643113218,0.2296516150236129,505500.0
2021-02-11,0.2296515653962776,0.2296515653962776,0.2256225943565368,0.2256225943565368,570700.0
2021-02-15,0.229651604362683,0.2377095478094055,0.229651604362683,0.2336805760860443,578600.0
2021-02-16,0.2336805364360183,0.2336805364360183,0.2256225943565368,0.2256225943565368,887000.0
2021-02-17,0.2336805760860443,0.2336805760860443,0.229651604362683,0.2336805760860443,1500200.0
2021-02-18,0.2336805869340079,0.2336805869340079,0.2296516150236129,0.2296516150236129,913400.0
2021-02-19,0.2377095618398199,0.2699413855582716,0.2377095618398199,0.2659124135971069,4369500.0
2021-02-22,0.2699413597583771,0.2699413597583771,0.2618833925916282,0.2699413597583771,1274100.0
2021-02-23,0.2659123881822851,0.2699413597583771,0.2618833925916282,0.2699413597583771,1005600.0
2021-02-24,0.2659123881822851,0.2699413597583771,0.2659123881822851,0.2699413597583771,1207200.0
2021-02-25,0.269941372356772,0.2900862551919757,0.269941372356772,0.2820282876491546,2256900.0
2021-02-26,0.2860572817609411,0.2860572817609411,0.261883425273075,0.273970365524292,1428800.0
2021-03-01,0.2699413682790305,0.2820282833888279,0.2699413682790305,0.2779993116855621,1201800.0
2021-03-02,0.2820283090139261,0.3062021654445237,0.2779993369445879,0.2981442213058471,3969900.0
2021-03-03,0.2981442038922437,0.3142600912283219,0.2981442038922437,0.3102311193943023,3990100.0
2021-03-04,0.3062021654445237,0.3062021654445237,0.2779993369445879,0.2981442213058471,1570800.0
2021-03-05,0.2981442213058471,0.3021731933751854,0.2941152492365088,0.2981442213058471,652000.0
2021-03-08,0.3021731674671173,0.306202139191015,0.3021731674671173,0.3021731674671173,1506300.0
2021-03-09,0.3021731933751854,0.3021731933751854,0.2941152492365088,0.2981442213058471,1178800.0
2021-03-10,0.2981441708532921,0.3182890518055942,0.2981441708532921,0.3062021136283874,1898600.0
2021-03-11,0.3062021136283874,0.3102310850159351,0.2981441708532921,0.3062021136283874,611300.0
2021-03-12,0.3021731674671173,0.3021731674671173,0.2981441957432196,0.3021731674671173,359800.0
2021-03-15,0.3062021136283874,0.3102310850159351,0.3021731422408398,0.3062021136283874,735200.0
2021-03-16,0.306202139191015,0.3102311109149127,0.3021731674671173,0.3021731674671173,386500.0
2021-03-17,0.3021731422408398,0.3062021136283874,0.3021731422408398,0.3062021136283874,170400.0
2021-03-18,0.3062021136283874,0.3102310850159351,0.3021731422408398,0.3062021136283874,611800.0
2021-03-19,0.3021731422408398,0.3062021136283874,0.3021731422408398,0.3062021136283874,155200.0
2021-03-22,0.3062021136283874,0.3102310850159351,0.3021731422408398,0.3062021136283874,581600.0
2021-03-23,0.3062021475602828,0.3102311193943023,0.3062021475602828,0.3102311193943023,336800.0
2021-03-24,0.3102311193943023,0.3102311193943023,0.3062021475602828,0.3102311193943023,405400.0
2021-03-25,0.3062021075083995,0.3505208399147634,0.3062021075083995,0.3424628973007202,3112500.0
2021-03-26,0.3424629123563934,0.3545498268088343,0.3344049453735351,0.3344049453735351,1711200.0
2021-03-29,0.3384339168576821,0.3424629123563934,0.3344049453735351,0.3344049453735351,317200.0
2021-03-30,0.3344049972698,0.3344049972698,0.3263470530509949,0.3263470530509949,542400.0
2021-03-31,0.3303760290145874,0.3464919416547752,0.3303760290145874,0.3303760290145874,809300.0
2021-04-01,0.334404939557065,0.3505208492279053,0.334404939557065,0.3505208492279053,1440900.0
2021-04-05,0.3464918686077418,0.3464918686077418,0.3384339019791354,0.3424628973007202,297300.0
2021-04-06,0.3384339019791354,0.3424628973007202,0.3344049306721138,0.3424628973007202,139500.0
2021-04-07,0.3384339356366574,0.3505208747743411,0.3384339356366574,0.3464919030666351,432700.0
2021-04-08,0.3384338915348053,0.3464918579147367,0.3344049203521208,0.3384338915348053,470100.0
2021-04-09,0.3384338915348053,0.3424628867320522,0.3344049203521208,0.3384338915348053,431400.0
2021-04-12,0.3384338915348053,0.3384338915348053,0.3344049203521208,0.3384338915348053,429200.0
2021-04-13,0.3384339356366574,0.3505208747743411,0.3384339356366574,0.3464919030666351,740100.0
2021-04-14,0.3464918579147367,0.3464918579147367,0.3384338915348053,0.3384338915348053,218200.0
2021-04-15,0.3384338915348053,0.3424628867320522,0.3384338915348053,0.3384338915348053,162900.0
2021-04-16,0.3384339356366574,0.3505208747743411,0.3384339356366574,0.3464919030666351,775000.0
2021-04-19,0.3464919004817842,0.3787236979175467,0.3464919004817842,0.3666367828845978,5047800.0
2021-04-20,0.3706657442646871,0.3706657442646871,0.3545498339872434,0.3626077771186828,558500.0
2021-04-21,0.3626077913851527,0.3746947305724262,0.3585788196609168,0.3706657588481903,1167300.0
2021-04-22,0.3746947305724262,0.3746947305724262,0.3706657588481903,0.3706657588481903,753500.0
2021-04-23,0.3746947138478418,0.3988685671288176,0.3746947138478418,0.3827526569366455,5624600.0
2021-04-26,0.3908106809867077,0.3908106809867077,0.3787237405776977,0.3787237405776977,1019700.0
2021-04-27,0.3787237065816031,0.3867816501212439,0.3746947348117828,0.3746947348117828,1150000.0
2021-04-28,0.3746947138478418,0.3867816284810473,0.3746947138478418,0.3827526569366455,1222000.0
2021-04-29,0.3867816284810473,0.3908106240400139,0.3787236853922436,0.3827526569366455,2116000.0
2021-04-30,0.3908106178302482,0.4230423896733178,0.3908106178302482,0.3988685607910156,8235000.0
2021-05-03,0.3988685716861081,0.3988685716861081,0.378723689719368,0.386781632900238,1689800.0
2021-05-04,0.3867816429564008,0.3908106386661529,0.3827526712612141,0.3908106386661529,534800.0
2021-05-05,0.386781630527566,0.386781630527566,0.3545498339872434,0.3626077771186828,2065600.0
2021-05-06,0.3626077913851527,0.3706657588481903,0.3585788196609168,0.3706657588481903,1169000.0
2021-05-07,0.3706657705254673,0.3706657705254673,0.3585788309574127,0.3585788309574127,672000.0
2021-05-10,0.3585787920560434,0.3626077634701125,0.3464918778138361,0.3505208492279053,792500.0
2021-05-11,0.3464918579147367,0.3464918579147367,0.326346977986752,0.3384338915348053,1267500.0
2021-05-12,0.3343564436653652,0.3506665229797363,0.3343564436653652,0.3506665229797363,571000.0
2021-05-14,0.3465889417563906,0.3465889417563906,0.3221238396994231,0.3384338915348053,957500.0
2021-05-17,0.3262013526582687,0.3425114044936508,0.3262013526582687,0.3384338915348053,484400.0
2021-05-18,0.3343564474877474,0.3547440407878087,0.3343564474877474,0.3425114750862121,1397300.0
2021-05-19,0.3384339612869798,0.3465890131893439,0.3384339612869798,0.3425114750862121,460300.0
2021-05-20,0.3425114750862121,0.3425114750862121,0.3384339612869798,0.3425114750862121,395100.0
2021-05-21,0.3384338915348053,0.3465889417563906,0.3384338915348053,0.3384338915348053,297200.0
2021-05-24,0.3384338915348053,0.3425114044936508,0.3384338915348053,0.3384338915348053,670800.0
2021-05-25,0.3384338915348053,0.3425114044936508,0.3343563785759598,0.3384338915348053,387600.0
2021-05-27,0.3384339400543199,0.37920912409629,0.3384339400543199,0.3669765591621399,4310300.0
2021-05-28,0.3751315964995662,0.3751315964995662,0.3669765454143407,0.371054083108902,709600.0
2021-05-31,0.3710540970094551,0.3710540970094551,0.3669765591621399,0.3669765591621399,218400.0
2021-06-01,0.3669765779902084,0.3710541160467254,0.3506665229797363,0.3506665229797363,1118500.0
2021-06-02,0.3506665229797363,0.3547440367323543,0.3465890092271182,0.3506665229797363,1062400.0
2021-06-03,0.3465890092271182,0.3547440367323543,0.3465890092271182,0.3506665229797363,880500.0
2021-06-04,0.3465889990329742,0.3506665126656612,0.3425114610963888,0.3465889990329742,448600.0
2021-06-07,0.3506665229797363,0.3547440367323543,0.3465890092271182,0.3506665229797363,786200.0
2021-06-08,0.3506665269885762,0.3506665269885762,0.3425114750862121,0.3425114750862121,524600.0
2021-06-09,0.3425114610963888,0.3506665126656612,0.3425114610963888,0.3465889990329742,754500.0
2021-06-10,0.3465889990329742,0.3506665126656612,0.3425114610963888,0.3465889990329742,588100.0
2021-06-11,0.3465889784610194,0.403674214538113,0.3465889784610194,0.371054083108902,77412100.0
2021-06-14,0.3710540754934462,0.3751315888004242,0.3588215112686157,0.3588215112686157,990300.0
2021-06-15,0.3955192368395648,0.4362944244140828,0.3955192368395648,0.3995967507362366,67204500.0
2021-06-16,0.3995967139617939,0.4077517410046394,0.3792091220507824,0.3873641490936279,13756000.0
2021-06-17,0.387364171889899,0.387364171889899,0.3628990650177002,0.3628990650177002,4721000.0
2021-06-18,0.3669765378825718,0.3751315888004242,0.3547439979616377,0.3588215112686157,6132600.0
2021-06-21,0.3588215306514129,0.3588215306514129,0.3506665035969392,0.354744017124176,3711600.0
2021-06-22,0.3547440367323543,0.3628990642375904,0.3465890092271182,0.3506665229797363,3055000.0
2021-06-23,0.354744017124176,0.379209122591495,0.354744017124176,0.354744017124176,12727400.0
2021-06-24,0.3588215504849723,0.3588215504849723,0.3465890092271182,0.3506665229797363,1674200.0
2021-06-25,0.3506665035969392,0.3628990441786497,0.3465889900697023,0.354744017124176,2134300.0
2021-06-28,0.3547440262983483,0.3547440262983483,0.3425114610963888,0.3465889990329742,2105100.0
2021-06-29,0.3506665269885762,0.3506665269885762,0.3425114750862121,0.3425114750862121,2255400.0
2021-06-30,0.3465889990329742,0.3547440262983483,0.3425114610963888,0.3465889990329742,4024800.0
2021-07-01,0.3465889990329742,0.3547440262983483,0.3465889990329742,0.3465889990329742,1733700.0
2021-07-02,0.3465889990329742,0.3506665126656612,0.3425114610963888,0.3465889990329742,1311800.0
2021-07-05,0.3506665126656612,0.3506665126656612,0.3465889990329742,0.3465889990329742,860700.0
2021-07-06,0.3465889713476817,0.3628990245755937,0.3465889713476817,0.3588215112686157,5085200.0
2021-07-07,0.3588215504849723,0.3588215504849723,0.3465890092271182,0.3506665229797363,1571200.0
2021-07-08,0.3465889990329742,0.3506665126656612,0.3465889990329742,0.3465889990329742,1618800.0
2021-07-09,0.3465890092271182,0.3547440367323543,0.3465890092271182,0.3506665229797363,1233300.0
2021-07-12,0.3506665269885762,0.3506665269885762,0.3425114750862121,0.3425114750862121,1156600.0
2021-07-13,0.3465890131893439,0.3465890131893439,0.3425114750862121,0.3425114750862121,967100.0
2021-07-14,0.3465890092271182,0.3547440367323543,0.3425114711706012,0.3506665229797363,2249900.0
2021-07-15,0.3506665126656612,0.3506665126656612,0.3465889990329742,0.3465889990329742,1128000.0
2021-07-16,0.3506665229797363,0.3506665229797363,0.3465890092271182,0.3506665229797363,1078400.0
2021-07-19,0.3465889990329742,0.3506665126656612,0.3425114610963888,0.3465889990329742,1291100.0
2021-07-21,0.3465889990329742,0.3506665126656612,0.3425114610963888,0.3465889990329742,1115800.0
2021-07-22,0.3506665229797363,0.3547440367323543,0.3465890092271182,0.3506665229797363,1248300.0
2021-07-23,0.3506665229797363,0.3506665229797363,0.3465890092271182,0.3506665229797363,355300.0
2021-07-26,0.3506664846546597,0.3710540754934462,0.3506664846546597,0.3588215112686157,2843900.0
2021-07-27,0.3588215306514129,0.3669765577058866,0.3506665035969392,0.354744017124176,669000.0
2021-07-28,0.3547440367323543,0.3588215504849723,0.3506665229797363,0.3506665229797363,173400.0
2021-07-29,0.3506665035969392,0.354744017124176,0.3506665035969392,0.354744017124176,190600.0
2021-07-30,0.3547440262983483,0.3547440262983483,0.3465889990329742,0.3465889990329742,1120200.0
2021-08-02,0.3465890092271182,0.3547440367323543,0.3465890092271182,0.3506665229797363,373300.0
2021-08-03,0.3506665229797363,0.3506665229797363,0.3465890092271182,0.3506665229797363,35400.0
2021-08-04,0.3506665229797363,0.3547440367323543,0.3465890092271182,0.3506665229797363,305800.0
2021-08-05,0.3506665229797363,0.3506665229797363,0.3425114711706012,0.3506665229797363,491900.0
2021-08-06,0.3465890092271182,0.3506665229797363,0.3425114711706012,0.3506665229797363,401600.0
2021-08-10,0.3465889990329742,0.3506665126656612,0.3425114610963888,0.3465889990329742,637400.0
2021-08-11,0.3465889900697023,0.354744017124176,0.3465889900697023,0.354744017124176,651100.0
2021-08-12,0.3547440262983483,0.3547440262983483,0.3465889990329742,0.3465889990329742,342300.0
2021-08-13,0.3465889990329742,0.3465889990329742,0.3425114610963888,0.3465889990329742,1016800.0
2021-08-16,0.3465889417563906,0.3506664547152362,0.3262013526582687,0.3384338915348053,1064300.0
2021-08-17,0.3343564468395761,0.3343564468395761,0.3262014192569204,0.3302789330482483,741500.0
2021-08-18,0.3302789136409561,0.334356427192688,0.3302789136409561,0.334356427192688,506400.0
2021-08-19,0.3343564058828766,0.3343564058828766,0.3262013792991638,0.3262013792991638,1266700.0
2021-08-20,0.3302789330482483,0.3343564468395761,0.3262014192569204,0.3302789330482483,458100.0
2021-08-23,0.3302788925910202,0.3343564058828766,0.3262013792991638,0.3262013792991638,426500.0
2021-08-24,0.3302789136409561,0.334356427192688,0.3302789136409561,0.334356427192688,90200.0
2021-08-25,0.3302789330482483,0.338433960630904,0.3302789330482483,0.3302789330482483,87500.0
2021-08-26,0.3302788925910202,0.3302788925910202,0.3262013792991638,0.3262013792991638,151800.0
2021-08-27,0.3302788925910202,0.3343564058828766,0.3262013792991638,0.3262013792991638,36800.0
2021-08-30,0.3302789330482483,0.3343564468395761,0.3302789330482483,0.3302789330482483,92800.0
2021-08-31,0.3302789330482483,0.3302789330482483,0.3262014192569204,0.3302789330482483,133000.0
2021-09-01,0.3262014192569204,0.338433960630904,0.3262014192569204,0.3302789330482483,307500.0
2021-09-02,0.3302788925910202,0.3343564058828766,0.3262013792991638,0.3262013792991638,103900.0
2021-09-03,0.3262013792991638,0.3302788925910202,0.3262013792991638,0.3262013792991638,139700.0
2021-09-06,0.3262014192569204,0.3302789330482483,0.3262014192569204,0.3302789330482483,43400.0
2021-09-07,0.3262014000892241,0.334356427192688,0.3262014000892241,0.334356427192688,350000.0
2021-09-08,0.3262013792991638,0.3343564058828766,0.3262013792991638,0.3262013792991638,72100.0
2021-09-09,0.3282529711723327,0.3282529711723327,0.320046630384717,0.3282529711723327,214100.0
2021-09-10,0.3200466334819793,0.3200466334819793,0.3159434752768389,0.3200466334819793,50100.0
2021-09-13,0.3200466334819793,0.3241498161438719,0.3118403170716985,0.3200466334819793,471000.0
2021-09-14,0.320046630384717,0.3282529711723327,0.315943472219285,0.3282529711723327,57600.0
2021-09-15,0.3241498130069007,0.3282529711723327,0.320046630384717,0.3282529711723327,78100.0
2021-09-16,0.320046630384717,0.3282529711723327,0.315943472219285,0.3282529711723327,301200.0
2021-09-17,0.3200466345526975,0.3241498172283172,0.3200466345526975,0.3241498172283172,178200.0
2021-09-20,0.3241498531830856,0.3446656465530395,0.3200466700523399,0.3446656465530395,1161800.0
2021-09-21,0.3323561293377647,0.3405624456686287,0.3282529711723327,0.3282529711723327,67200.0
2021-09-22,0.3405624672885994,0.3405624672885994,0.3323561504367728,0.3364593088626861,363200.0
2021-09-23,0.3364593133999159,0.3364593133999159,0.3323561549186706,0.3323561549186706,185600.0
2021-09-24,0.3364593133999159,0.3364593133999159,0.3282529964374253,0.3323561549186706,76400.0
2021-09-27,0.3323561293377647,0.3364592875031967,0.3282529711723327,0.3282529711723327,85200.0
2021-09-28,0.3282529711723327,0.3282529711723327,0.3241498130069007,0.3282529711723327,306100.0
2021-09-29,0.3241498161438719,0.3323561325541527,0.3200466334819793,0.3200466334819793,58500.0
2021-09-30,0.320046630384717,0.3323561293377647,0.320046630384717,0.3282529711723327,36200.0
2021-10-01,0.3241498130069007,0.3282529711723327,0.320046630384717,0.3282529711723327,74700.0
2021-10-04,0.3241498172283172,0.3282529754471848,0.3200466345526975,0.3241498172283172,168600.0
2021-10-05,0.3241498130069007,0.3282529711723327,0.320046630384717,0.3282529711723327,108100.0
2021-10-06,0.3282529711723327,0.3282529711723327,0.320046630384717,0.3282529711723327,90200.0
2021-10-07,0.3200466550181809,0.3364593133999159,0.3200466550181809,0.3323561549186706,305500.0
2021-10-08,0.3364592875031967,0.3364592875031967,0.3282529711723327,0.3282529711723327,44400.0
2021-10-11,0.3282529964374253,0.3405624718811613,0.3282529964374253,0.3323561549186706,307900.0
2021-10-12,0.3323561549186706,0.3364593133999159,0.3282529964374253,0.3323561549186706,119400.0
2021-10-13,0.3323561705310672,0.3446656465530395,0.3323561705310672,0.3446656465530395,380800.0
2021-10-14,0.3405624672885994,0.3528719670230928,0.3364593088626861,0.3364593088626861,316900.0
2021-10-15,0.3446656465530395,0.3446656465530395,0.3323561705310672,0.3446656465530395,161000.0
2021-10-18,0.3323561549186706,0.3446656303624066,0.3282529964374253,0.3323561549186706,158500.0
2021-10-19,0.3364592749915284,0.3405624330043793,0.3323561169786777,0.3405624330043793,114400.0
2021-10-20,0.3405624330043793,0.3405624330043793,0.3323561169786777,0.3405624330043793,128900.0
2021-10-21,0.3323561169786777,0.3405624330043793,0.3323561169786777,0.3405624330043793,43600.0
2021-10-22,0.3323561504367728,0.3405624672885994,0.3323561504367728,0.3364593088626861,341500.0
2021-10-25,0.3364593088626861,0.3364593088626861,0.3323561504367728,0.3364593088626861,149300.0
2021-10-26,0.3364593088626861,0.3364593088626861,0.3282529920108595,0.3364593088626861,96800.0
2021-10-27,0.3323561504367728,0.3364593088626861,0.3323561504367728,0.3364593088626861,89200.0
2021-10-28,0.3323561504367728,0.3364593088626861,0.3323561504367728,0.3364593088626861,198400.0
2021-10-29,0.3364593088626861,0.3364593088626861,0.3323561504367728,0.3364593088626861,131300.0
2021-11-01,0.3323561504367728,0.3364593088626861,0.3323561504367728,0.3364593088626861,40000.0
2021-11-02,0.3364593088626861,0.3364593088626861,0.3323561504367728,0.3364593088626861,44300.0
2021-11-03,0.3364592875031967,0.3364592875031967,0.3282529711723327,0.3282529711723327,146200.0
2021-11-05,0.3282529920108595,0.3364593088626861,0.3282529920108595,0.3364593088626861,163800.0
2021-11-08,0.3323561504367728,0.3364593088626861,0.3323561504367728,0.3364593088626861,25200.0
2021-11-09,0.3364593088626861,0.3364593088626861,0.3323561504367728,0.3364593088626861,87900.0
2021-11-10,0.3364593133999159,0.3364593133999159,0.3323561549186706,0.3323561549186706,100100.0
2021-11-11,0.3323561549186706,0.3364593133999159,0.3282529964374253,0.3323561549186706,110200.0
2021-11-12,0.3323561549186706,0.3323561549186706,0.3282529964374253,0.3323561549186706,78400.0
2021-11-15,0.3282529964374253,0.3323561549186706,0.3282529964374253,0.3323561549186706,87300.0
2021-11-16,0.3323561169786777,0.3528719314996826,0.3282529589658268,0.3405624330043793,544600.0
2021-11-17,0.3446656465530395,0.352871988357776,0.3446656465530395,0.3446656465530395,333800.0
2021-11-18,0.3487688550730278,0.3610783319910903,0.3446656716435838,0.3528720140457153,1078700.0
2021-11-19,0.3610782876071148,0.3651814460754394,0.3569751291387902,0.3651814460754394,2007800.0
2021-11-22,0.3651814506511611,0.3692846091708982,0.3610782921314239,0.3610782921314239,1711600.0
2021-11-23,0.36107829675974,0.3651814553320716,0.3569751381874084,0.3569751381874084,570900.0
2021-11-24,0.3569751730184028,0.3610783319910903,0.3528720140457153,0.3528720140457153,391700.0
2021-11-25,0.3569751730184028,0.3569751730184028,0.3487688550730278,0.3528720140457153,580100.0
2021-11-26,0.3569751254490061,0.3569751254490061,0.3364593088626861,0.3364593088626861,167000.0
2021-11-29,0.3364593536982088,0.3528720140457153,0.3364593536982088,0.3528720140457153,157100.0
2021-11-30,0.3487688302993774,0.3487688302993774,0.3446656471613895,0.3487688302993774,176200.0
2021-12-01,0.3446656465530395,0.3446656465530395,0.3446656465530395,0.3446656465530395,12700.0
2021-12-02,0.3487688296837852,0.3487688296837852,0.3405624878790487,0.3446656465530395,122800.0
2021-12-03,0.3446656471613895,0.3487688302993774,0.3405624884801564,0.3487688302993774,76800.0
2021-12-06,0.3487688302993774,0.3487688302993774,0.3405624884801564,0.3487688302993774,76100.0
2021-12-07,0.3405624878790487,0.3446656465530395,0.3405624878790487,0.3446656465530395,25700.0
2021-12-08,0.3405624878790487,0.3487688296837852,0.3405624878790487,0.3446656465530395,160200.0
2021-12-09,0.3446655910172301,0.3528719314996826,0.3405624330043793,0.3405624330043793,41300.0
2021-12-10,0.3405624330043793,0.3446655910172301,0.3405624330043793,0.3405624330043793,27500.0
2021-12-13,0.3405624330043793,0.3405624330043793,0.3405624330043793,0.3405624330043793,0.0
2021-12-14,0.3405624884801564,0.3528719889806105,0.3405624884801564,0.3487688302993774,25700.0
2021-12-15,0.3487688302993774,0.3487688302993774,0.3364593297989234,0.3487688302993774,28200.0
2021-12-16,0.3446656471613895,0.3487688302993774,0.3446656471613895,0.3487688302993774,39800.0
2021-12-17,0.3364593292050579,0.3446656465530395,0.3364593292050579,0.3446656465530395,10300.0
2021-12-20,0.3446656465530395,0.3446656465530395,0.3364593292050579,0.3446656465530395,81700.0
2021-12-21,0.3364593088626861,0.3364593088626861,0.3364593088626861,0.3364593088626861,14900.0
2021-12-22,0.3446655910172301,0.3487687734868318,0.3364592749915284,0.3405624330043793,62600.0
2021-12-23,0.3405624878790487,0.3446656465530395,0.3323561705310672,0.3446656465530395,46700.0
2021-12-24,0.3446656465530395,0.3446656465530395,0.3405624878790487,0.3446656465530395,56600.0
2021-12-27,0.3405624330043793,0.3446655910172301,0.3405624330043793,0.3405624330043793,35900.0
2021-12-28,0.3364593133999159,0.3364593133999159,0.3323561549186706,0.3323561549186706,3000.0
2021-12-29,0.3323561169786777,0.3405624330043793,0.3323561169786777,0.3405624330043793,86900.0
2021-12-30,0.3405624718811613,0.3405624718811613,0.3323561549186706,0.3323561549186706,14600.0
2021-12-31,0.3405624878790487,0.3487688296837852,0.3405624878790487,0.3446656465530395,25800.0
2022-01-03,0.3446656257145128,0.3446656257145128,0.3364593088626861,0.3364593088626861,59000.0
2022-01-04,0.3405624878790487,0.3446656465530395,0.3405624878790487,0.3446656465530395,61400.0
2022-01-05,0.3405624330043793,0.3446655910172301,0.3405624330043793,0.3405624330043793,49100.0
2022-01-06,0.3364593088626861,0.3446656257145128,0.3323561504367728,0.3364593088626861,127800.0
2022-01-07,0.3364593088626861,0.3364593088626861,0.3364593088626861,0.3364593088626861,5000.0
2022-01-10,0.3364593088626861,0.3364593088626861,0.3364593088626861,0.3364593088626861,16000.0
2022-01-11,0.3323561504367728,0.3405624672885994,0.3323561504367728,0.3364593088626861,87300.0
2022-01-12,0.3364593133999159,0.3364593133999159,0.3323561549186706,0.3323561549186706,95900.0
2022-01-13,0.3364593133999159,0.3364593133999159,0.3323561549186706,0.3323561549186706,21000.0
2022-01-14,0.3323561504367728,0.3364593088626861,0.3323561504367728,0.3364593088626861,69500.0
2022-01-17,0.3323561549186706,0.3323561549186706,0.3282529964374253,0.3323561549186706,78400.0
2022-01-18,0.3323561504367728,0.3364593088626861,0.3282529920108595,0.3364593088626861,65400.0
2022-01-19,0.3282529711723327,0.3323561293377647,0.3282529711723327,0.3282529711723327,45200.0
2022-01-20,0.3323561504367728,0.3364593088626861,0.3323561504367728,0.3364593088626861,41300.0
2022-01-21,0.3364593088626861,0.3364593088626861,0.3364593088626861,0.3364593088626861,0.0
2022-01-24,0.3282529920108595,0.3364593088626861,0.3241498335849462,0.3364593088626861,49600.0
2022-01-25,0.3241498130069007,0.3323561293377647,0.3241498130069007,0.3282529711723327,59200.0
2022-01-26,0.3282529964374253,0.3323561549186706,0.3241498379561799,0.3323561549186706,91700.0
2022-01-27,0.3323561336660524,0.3323561336660524,0.3241498172283172,0.3241498172283172,165000.0
2022-01-28,0.3282529711723327,0.3282529711723327,0.3241498130069007,0.3282529711723327,60100.0
2022-01-31,0.3282529711723327,0.3323561293377647,0.3282529711723327,0.3282529711723327,46300.0
2022-02-03,0.3282529711723327,0.3282529711723327,0.3241498130069007,0.3282529711723327,121200.0
2022-02-04,0.3282529964374253,0.3323561549186706,0.3282529964374253,0.3323561549186706,3200.0
2022-02-07,0.3323561293377647,0.3323561293377647,0.3241498130069007,0.3282529711723327,126400.0
2022-02-08,0.3282529964374253,0.3323561549186706,0.3282529964374253,0.3323561549186706,34900.0
2022-02-09,0.3282529711723327,0.3323561293377647,0.3241498130069007,0.3282529711723327,113800.0
2022-02-10,0.3323561293377647,0.3323561293377647,0.3241498130069007,0.3282529711723327,106600.0
2022-02-11,0.3323561504367728,0.3446656257145128,0.3323561504367728,0.3364593088626861,813500.0
2022-02-14,0.3364593292050579,0.3446656465530395,0.3323561705310672,0.3446656465530395,358100.0
2022-02-15,0.3446655910172301,0.3446655910172301,0.3364592749915284,0.3405624330043793,211400.0
2022-02-16,0.3446656465530395,0.3487688296837852,0.3446656465530395,0.3446656465530395,509200.0
2022-02-17,0.3446656380136594,0.3569751381874084,0.3446656380136594,0.3569751381874084,795500.0
2022-02-18,0.3569751730184028,0.3569751730184028,0.3487688550730278,0.3528720140457153,155000.0
2022-02-21,0.3487688302993774,0.3487688302993774,0.3446656471613895,0.3487688302993774,53000.0
2022-02-22,0.3487688296837852,0.3487688296837852,0.3446656465530395,0.3446656465530395,115000.0
2022-02-23,0.3405624878790487,0.3446656465530395,0.3405624878790487,0.3446656465530395,40200.0
2022-02-24,0.3405624456686287,0.3405624456686287,0.3241498130069007,0.3282529711723327,294100.0
2022-02-25,0.3282529920108595,0.3364593088626861,0.3282529920108595,0.3364593088626861,61300.0
2022-02-28,0.3364593088626861,0.3364593088626861,0.3364593088626861,0.3364593088626861,2000.0
2022-03-01,0.3282529920108595,0.3364593088626861,0.3282529920108595,0.3364593088626861,5100.0
2022-03-02,0.3364593088626861,0.3364593088626861,0.3282529920108595,0.3364593088626861,122700.0
2022-03-03,0.3282529920108595,0.3364593088626861,0.3241498335849462,0.3364593088626861,37600.0
2022-03-04,0.3282529711723327,0.3282529711723327,0.3241498130069007,0.3282529711723327,87700.0
2022-03-07,0.3282529743490123,0.3282529743490123,0.3200466334819793,0.3200466334819793,17900.0
2022-03-08,0.3200466334819793,0.3282529743490123,0.3200466334819793,0.3200466334819793,78100.0
2022-03-09,0.3200466345526975,0.3241498172283172,0.3200466345526975,0.3241498172283172,3800.0
2022-03-10,0.3241498172283172,0.3241498172283172,0.3241498172283172,0.3241498172283172,122600.0
2022-03-11,0.3200466550181809,0.3323561549186706,0.3200466550181809,0.3323561549186706,30800.0
2022-03-14,0.3323561683871308,0.3323561683871308,0.3159435093402862,0.3159435093402862,95900.0
2022-03-15,0.315943472219285,0.3282529711723327,0.315943472219285,0.3282529711723327,90200.0
2022-03-16,0.3200466334819793,0.3200466334819793,0.3200466334819793,0.3200466334819793,81800.0
2022-03-17,0.320046630384717,0.3282529711723327,0.320046630384717,0.3282529711723327,6000.0
2022-03-18,0.3282529711723327,0.3282529711723327,0.3282529711723327,0.3282529711723327,0.0
2022-03-21,0.3241498130069007,0.3282529711723327,0.3241498130069007,0.3282529711723327,134700.0
2022-03-22,0.3241498130069007,0.3323561293377647,0.3241498130069007,0.3282529711723327,92400.0
2022-03-23,0.3241498130069007,0.3282529711723327,0.3241498130069007,0.3282529711723327,42300.0
2022-03-24,0.3282529711723327,0.3323561293377647,0.3241498130069007,0.3282529711723327,113800.0
2022-03-25,0.3282529964374253,0.3323561549186706,0.3282529964374253,0.3323561549186706,98100.0
2022-03-28,0.3323561293377647,0.3323561293377647,0.3282529711723327,0.3282529711723327,89500.0
2022-03-29,0.3282529964374253,0.3323561549186706,0.3282529964374253,0.3323561549186706,29500.0
2022-03-30,0.3323561293377647,0.3323561293377647,0.3282529711723327,0.3282529711723327,23700.0
2022-03-31,0.3282529964374253,0.3323561549186706,0.3282529964374253,0.3323561549186706,30200.0
2022-04-01,0.3282529711723327,0.3282529711723327,0.3282529711723327,0.3282529711723327,86000.0
2022-04-04,0.3282529711723327,0.3282529711723327,0.3282529711723327,0.3282529711723327,0.0
2022-04-05,0.3282529964374253,0.3323561549186706,0.3241498379561799,0.3323561549186706,141800.0
2022-04-06,0.3282529711723327,0.3282529711723327,0.3282529711723327,0.3282529711723327,34500.0
2022-04-07,0.3282529964374253,0.3323561549186706,0.3282529964374253,0.3323561549186706,7200.0
2022-04-08,0.3282529711723327,0.3282529711723327,0.3282529711723327,0.3282529711723327,55000.0
2022-04-11,0.3323561293377647,0.3323561293377647,0.3282529711723327,0.3282529711723327,2300.0
2022-04-12,0.3282529711723327,0.3282529711723327,0.3282529711723327,0.3282529711723327,5800.0
2022-04-13,0.3241498130069007,0.3282529711723327,0.3241498130069007,0.3282529711723327,20100.0
2022-04-14,0.3323561293377647,0.3323561293377647,0.3282529711723327,0.3282529711723327,19200.0
2022-04-18,0.3282529711723327,0.3282529711723327,0.3241498130069007,0.3282529711723327,162600.0
2022-04-19,0.3282529711723327,0.3282529711723327,0.3241498130069007,0.3282529711723327,65100.0
2022-04-20,0.3282529711723327,0.3282529711723327,0.3241498130069007,0.3282529711723327,93500.0
2022-04-21,0.3282529711723327,0.3282529711723327,0.3241498130069007,0.3282529711723327,2500.0
2022-04-22,0.3241498172283172,0.3241498172283172,0.3200466345526975,0.3241498172283172,30500.0
2022-04-25,0.320046630384717,0.3282529711723327,0.320046630384717,0.3282529711723327,45400.0
2022-04-26,0.3282529711723327,0.3282529711723327,0.3282529711723327,0.3282529711723327,11000.0
2022-04-27,0.3200466550181809,0.3323561549186706,0.3200466550181809,0.3323561549186706,15400.0
2022-04-28,0.3241498379561799,0.3323561549186706,0.3200466550181809,0.3323561549186706,201600.0
2022-04-29,0.3323561293377647,0.3323561293377647,0.3282529711723327,0.3282529711723327,41300.0
2022-05-04,0.3282529964374253,0.3323561549186706,0.3282529964374253,0.3323561549186706,190700.0
2022-05-05,0.3323561549186706,0.3323561549186706,0.3282529964374253,0.3323561549186706,202700.0
2022-05-06,0.3282529964374253,0.3323561549186706,0.3241498379561799,0.3323561549186706,42500.0
2022-05-09,0.3323561549186706,0.3323561549186706,0.3282529964374253,0.3323561549186706,22900.0
2022-05-10,0.3323561504367728,0.3364593088626861,0.3282529920108595,0.3364593088626861,89600.0
2022-05-11,0.3282529920108595,0.3405624672885994,0.3282529920108595,0.3364593088626861,87900.0
2022-05-12,0.3364593088626861,0.3364593088626861,0.3282529920108595,0.3364593088626861,143900.0
2022-05-13,0.3323561549186706,0.3323561549186706,0.3323561549186706,0.3323561549186706,25000.0
2022-05-17,0.3323561549186706,0.3323561549186706,0.3323561549186706,0.3323561549186706,153000.0
2022-05-18,0.3323561549186706,0.3405624718811613,0.3282529964374253,0.3323561549186706,602200.0
2022-05-19,0.3323561549186706,0.3323561549186706,0.3282017070060875,0.3323561549186706,83100.0
2022-05-20,0.3240472078323364,0.3365105753133667,0.3240472078323364,0.3240472078323364,35400.0
2022-05-23,0.3240472343310415,0.3323561549186706,0.3240472343310415,0.3323561549186706,20600.0
2022-05-24,0.3282016813755035,0.3323561289636492,0.3282016813755035,0.3282016813755035,25400.0
2022-05-25,0.3282017146756087,0.3282017146756087,0.3198927938938141,0.3198927938938141,210000.0
2022-05-26,0.3198927864184583,0.3323561549186706,0.3198927864184583,0.3323561549186706,2200.0
2022-05-27,0.3323561626852743,0.3323561626852743,0.3198927938938141,0.3198927938938141,10100.0
2022-05-30,0.3198927614367512,0.3282016813755035,0.3198927614367512,0.3282016813755035,31300.0
2022-05-31,0.3282017070060875,0.3323561549186706,0.3240472343310415,0.3323561549186706,40600.0
2022-06-01,0.3282016801676537,0.3282016801676537,0.3240472078323364,0.3240472078323364,7100.0
2022-06-02,0.3282017070060875,0.3323561549186706,0.3282017070060875,0.3323561549186706,12100.0
2022-06-03,0.3282017070060875,0.3323561549186706,0.3282017070060875,0.3323561549186706,28500.0
2022-06-06,0.3323561277405102,0.3323561277405102,0.3240472078323364,0.3240472078323364,12600.0
2022-06-07,0.3282016989678594,0.3406650424003601,0.3282016989678594,0.3406650424003601,268400.0
2022-06-08,0.3365105615334148,0.3448194563388824,0.332356114130681,0.3448194563388824,961400.0
2022-06-09,0.3448194563388824,0.3448194563388824,0.3448194563388824,0.3448194563388824,369400.0
2022-06-10,0.3406650465205957,0.3406650465205957,0.3365105986595154,0.3365105986595154,25100.0
2022-06-13,0.3406650465205957,0.3406650465205957,0.3365105986595154,0.3365105986595154,283400.0
2022-06-14,0.3365105945895266,0.3448194902111937,0.3365105945895266,0.3406650424003601,486300.0
2022-06-15,0.3489739596843719,0.3489739596843719,0.3448195116156536,0.3489739596843719,271000.0
2022-06-16,0.3489739037416162,0.3489739037416162,0.3406650089361486,0.3448194563388824,128100.0
2022-06-17,0.3406650089361486,0.3448194563388824,0.3365105615334148,0.3448194563388824,10700.0
2022-06-20,0.3365105986595154,0.3365105986595154,0.3323561507984351,0.3365105986595154,127700.0
2022-06-21,0.3323561289636492,0.336510576551795,0.3282016813755035,0.3282016813755035,92600.0
2022-06-22,0.3365106028312538,0.340665050743837,0.3282017070060875,0.3323561549186706,55900.0
2022-06-23,0.3282017070060875,0.3323561549186706,0.3282017070060875,0.3323561549186706,10100.0
2022-06-24,0.3240472343310415,0.3323561549186706,0.3240472343310415,0.3323561549186706,117700.0
2022-06-27,0.3323561549186706,0.3323561549186706,0.3323561549186706,0.3323561549186706,0.0
2022-06-28,0.3282017070060875,0.3365106028312538,0.3282017070060875,0.3323561549186706,600.0
2022-06-29,0.3365106028312538,0.3365106028312538,0.3240472343310415,0.3323561549186706,29500.0
2022-06-30,0.3282017146756087,0.3282017146756087,0.3198927938938141,0.3198927938938141,276800.0
2022-07-01,0.3198927490340792,0.3198927490340792,0.2991205118987182,0.3032749593257904,831200.0
2022-07-04,0.299120545387268,0.299120545387268,0.2866571769482338,0.299120545387268,573800.0
2022-07-05,0.299120545387268,0.299120545387268,0.299120545387268,0.299120545387268,94000.0
2022-07-06,0.2991205531238016,0.2991205531238016,0.2866571843624115,0.2866571843624115,64300.0
2022-07-07,0.2991205142641642,0.2991205142641642,0.2949660420417785,0.2949660420417785,28700.0
2022-07-08,0.3032749593257904,0.3032749593257904,0.2991205118987182,0.3032749593257904,3300.0
2022-07-12,0.3032750144885541,0.3074294626712799,0.2991205663058283,0.3074294626712799,13600.0
2022-07-13,0.3074294067528626,0.3074294067528626,0.294966039709186,0.3032749593257904,7200.0
2022-07-14,0.3032749932794585,0.3032749932794585,0.299120545387268,0.299120545387268,300.0
2022-07-15,0.299120545387268,0.299120545387268,0.299120545387268,0.299120545387268,0.0
2022-07-18,0.3074294067528626,0.3074294067528626,0.294966039709186,0.3032749593257904,132900.0
2022-07-19,0.3032749593257904,0.3032749593257904,0.2908115922821138,0.3032749593257904,42800.0
2022-07-20,0.3032749593257904,0.3032749593257904,0.3032749593257904,0.3032749593257904,3000.0
2022-07-21,0.2908116248404243,0.299120545387268,0.2908116248404243,0.299120545387268,54600.0
2022-07-22,0.2991205118987182,0.3032749593257904,0.2991205118987182,0.3032749593257904,106100.0
2022-07-25,0.3032750144885541,0.3074294626712799,0.2949660933606381,0.3074294626712799,13000.0
2022-07-26,0.3074294626712799,0.3074294626712799,0.3074294626712799,0.3074294626712799,0.0
2022-07-27,0.3074294067528626,0.3074294067528626,0.3032749593257904,0.3032749593257904,900.0
2022-07-28,0.3032750101651231,0.3115839064121246,0.2991205620416224,0.3115839064121246,140500.0
2022-07-29,0.3115838541799348,0.3115838541799348,0.2991205118987182,0.3032749593257904,55600.0
2022-08-01,0.3032750144885541,0.3074294626712799,0.2908116451779124,0.3074294626712799,17400.0
2022-08-02,0.3032750144885541,0.3115839108540056,0.2991205663058283,0.3074294626712799,4900.0
2022-08-03,0.3115839064121246,0.3115839064121246,0.2908116410321568,0.3115839064121246,25200.0
2022-08-04,0.3115839064121246,0.3115839064121246,0.3115839064121246,0.3115839064121246,0.0
2022-08-05,0.2991205663058283,0.3074294626712799,0.2991205663058283,0.3074294626712799,1400.0
2022-08-08,0.3074294626712799,0.3074294626712799,0.3032750144885541,0.3074294626712799,1100.0
2022-08-10,0.3074294582886239,0.3115839064121246,0.2991205620416224,0.3115839064121246,8200.0
2022-08-11,0.3157383501529693,0.3157383501529693,0.3115839020871351,0.3157383501529693,265700.0
2022-08-12,0.3157383545356254,0.3198928026591261,0.3115839064121246,0.3115839064121246,106000.0
2022-08-15,0.3198927938938141,0.3198927938938141,0.3198927938938141,0.3198927938938141,1300.0
2022-08-16,0.3198927982188036,0.3198927982188036,0.3074294540213008,0.3157383501529693,56500.0
2022-08-17,0.3136473208025546,0.31782928109169,0.3136473208025546,0.31782928109169,67300.0
2022-08-18,0.3178292884646658,0.3303751945495605,0.3178292884646658,0.3303751945495605,488500.0
2022-08-19,0.3303751945495605,0.3303751945495605,0.3303751945495605,0.3303751945495605,0.0
2022-08-22,0.3303751945495605,0.3303751945495605,0.3303751945495605,0.3303751945495605,0.0
2022-08-23,0.3303751945495605,0.3303751945495605,0.3303751945495605,0.3303751945495605,0.0
2022-08-24,0.3261932092369622,0.3303751945495605,0.3261932092369622,0.3303751945495605,30900.0
2022-08-25,0.3303751945495605,0.3303751945495605,0.3303751945495605,0.3303751945495605,0.0
2022-08-26,0.3303751945495605,0.3303751945495605,0.3303751945495605,0.3303751945495605,0.0
2022-08-29,0.3303751945495605,0.3303751945495605,0.3303751945495605,0.3303751945495605,58000.0
2022-08-30,0.3261932134628296,0.3261932134628296,0.3261932134628296,0.3261932134628296,40000.0
2022-08-31,0.3261932134628296,0.3261932134628296,0.3261932134628296,0.3261932134628296,0.0
2022-09-01,0.31782928109169,0.31782928109169,0.31782928109169,0.31782928109169,300.0
2022-09-02,0.3178292884646658,0.3303751945495605,0.3178292884646658,0.3303751945495605,200.0
2022-09-05,0.322011262178421,0.322011262178421,0.322011262178421,0.322011262178421,1400.0
2022-09-06,0.322011262178421,0.322011262178421,0.3178293016191871,0.322011262178421,40400.0
2022-09-07,0.31782928109169,0.31782928109169,0.31782928109169,0.31782928109169,63300.0
2022-09-08,0.3136473208025546,0.31782928109169,0.3094653605134191,0.31782928109169,154500.0
2022-09-09,0.3094653785228729,0.3094653785228729,0.3094653785228729,0.3094653785228729,700.0
2022-09-12,0.3094653785228729,0.3094653785228729,0.3094653785228729,0.3094653785228729,0.0
2022-09-13,0.31782928109169,0.31782928109169,0.3094653605134191,0.31782928109169,92300.0
2022-09-14,0.3094653785228729,0.3094653785228729,0.3011014574578604,0.3094653785228729,67000.0
2022-09-15,0.3052834179903667,0.3094653785228729,0.3011014574578604,0.3094653785228729,11300.0
2022-09-16,0.3136473390553791,0.3136473390553791,0.3094653785228729,0.3094653785228729,1500.0
2022-09-19,0.3011014665792719,0.3052834272384643,0.3011014665792719,0.3052834272384643,110600.0
2022-09-20,0.3011014806483741,0.3011014806483741,0.2969194948673248,0.2969194948673248,51700.0
2022-09-21,0.2969194948673248,0.2969194948673248,0.2969194948673248,0.2969194948673248,0.0
2022-09-22,0.3011015057563782,0.3011015057563782,0.2927375584232866,0.3011015057563782,18100.0
2022-09-23,0.2969195045742294,0.2969195045742294,0.2927375435829162,0.2927375435829162,27900.0
2022-09-26,0.2927375231962608,0.2927375231962608,0.2843736017961097,0.2885555624961853,700.0
2022-09-27,0.2843736360166499,0.3011015057563782,0.2843736360166499,0.3011015057563782,7400.0
2022-09-28,0.3011014665792719,0.3052834272384643,0.2885555596752431,0.3052834272384643,34200.0
2022-09-29,0.2885555972199682,0.3011015057563782,0.2885555972199682,0.3011015057563782,1000.0
2022-09-30,0.2885555818896481,0.3011014897595216,0.2383720002630611,0.2801916599273681,26400.0
2022-10-03,0.2760097136100133,0.3011015057563782,0.2509179214636485,0.3011015057563782,27900.0
2022-10-04,0.3011015057563782,0.3011015057563782,0.3011015057563782,0.3011015057563782,0.0
2022-10-05,0.2801916748133316,0.3011015057563782,0.2801916748133316,0.3011015057563782,5800.0
2022-10-06,0.3011015057563782,0.3011015057563782,0.3011015057563782,0.3011015057563782,0.0
2022-10-07,0.3011015057563782,0.3011015057563782,0.3011015057563782,0.3011015057563782,0.0
2022-10-10,0.2969195196266049,0.3011015057563782,0.2969195196266049,0.3011015057563782,1400.0
2022-10-11,0.3011014695228639,0.3011014695228639,0.2676457340693555,0.2885555624961853,30200.0
2022-10-12,0.2885555972199682,0.3011015057563782,0.2885555972199682,0.3011015057563782,2500.0
2022-10-13,0.3011015057563782,0.3011015057563782,0.3011015057563782,0.3011015057563782,0.0
2022-10-14,0.2969194809936278,0.3052834272384643,0.2927375203344355,0.3052834272384643,13400.0
2022-10-17,0.3052834272384643,0.3052834272384643,0.3052834272384643,0.3052834272384643,0.0
2022-10-18,0.27182772748024,0.3011015057563782,0.2676457662769217,0.3011015057563782,149500.0
2022-10-19,0.3011015057563782,0.3011015057563782,0.3011015057563782,0.3011015057563782,100.0
2022-10-20,0.2718277048132936,0.2969194948673248,0.2718277048132936,0.2969194948673248,200.0
2022-10-21,0.2969194948673248,0.2969194948673248,0.2969194948673248,0.2969194948673248,0.0
2022-10-25,0.2969194719989032,0.3094653785228729,0.2969194719989032,0.3094653785228729,16400.0
2022-10-26,0.3052834272384643,0.3052834272384643,0.3052834272384643,0.3052834272384643,100.0
2022-10-27,0.2843735904013845,0.3094653785228729,0.2718276838774149,0.3094653785228729,72300.0
2022-10-28,0.2801916410960341,0.3011014695228639,0.2718276947694311,0.2885555624961853,25600.0
2022-10-31,0.2718276752821879,0.2843735814094543,0.2718276752821879,0.2843735814094543,21100.0
2022-11-01,0.2801916748133316,0.3011015057563782,0.2801916748133316,0.3011015057563782,13500.0
2022-11-02,0.2969194948673248,0.2969194948673248,0.2969194948673248,0.2969194948673248,5000.0
2022-11-03,0.2969194948673248,0.2969194948673248,0.2969194948673248,0.2969194948673248,0.0
2022-11-04,0.2969194948673248,0.2969194948673248,0.2969194948673248,0.2969194948673248,0.0
2022-11-07,0.2718276977539062,0.2718276977539062,0.2718276977539062,0.2718276977539062,2800.0
2022-11-08,0.2676457166671753,0.2801916228781259,0.2634637562390085,0.2676457166671753,146200.0
2022-11-09,0.2634637718846551,0.2760096788406372,0.2634637718846551,0.2760096788406372,9000.0
2022-11-10,0.2760096788406372,0.2760096788406372,0.2760096788406372,0.2760096788406372,0.0
2022-11-11,0.2760096788406372,0.2760096788406372,0.2760096788406372,0.2760096788406372,39000.0
2022-11-14,0.2634637653827667,0.271827686529378,0.2592818048094611,0.2634637653827667,43300.0
2022-11-15,0.2676457325611652,0.2760096788406372,0.2676457325611652,0.2760096788406372,11100.0
2022-11-16,0.276009683426349,0.276009683426349,0.2676457370079157,0.2718276977539062,56700.0
2022-11-17,0.2676457325611652,0.2760096788406372,0.2676457325611652,0.2760096788406372,77000.0
2022-11-18,0.2760096788406372,0.2760096788406372,0.2760096788406372,0.2760096788406372,0.0
2022-11-21,0.2634637718846551,0.2760096788406372,0.2634637718846551,0.2760096788406372,1000.0
2022-11-22,0.2634637762619252,0.2718276977539062,0.2634637762619252,0.2718276977539062,9400.0
2022-11-23,0.2676457166671753,0.2676457166671753,0.2676457166671753,0.2676457166671753,11000.0
2022-11-24,0.2676457166671753,0.2676457166671753,0.2676457166671753,0.2676457166671753,18100.0
2022-11-25,0.2676457325611652,0.2760096788406372,0.2676457325611652,0.2760096788406372,22600.0
2022-11-28,0.2760096788406372,0.2760096788406372,0.2760096788406372,0.2760096788406372,0.0
2022-11-29,0.2634637762619252,0.2718276977539062,0.2634637762619252,0.2718276977539062,47600.0
2022-11-30,0.2718276932376753,0.2760096788406372,0.2676457325611652,0.2760096788406372,14600.0
2022-12-01,0.2760096788406372,0.2760096788406372,0.2760096788406372,0.2760096788406372,60000.0
2022-12-02,0.2760096788406372,0.2760096788406372,0.2760096788406372,0.2760096788406372,0.0
2022-12-05,0.276009683426349,0.2801916441723395,0.2634637762619252,0.2718276977539062,76200.0
2022-12-06,0.2718276977539062,0.2718276977539062,0.2718276977539062,0.2718276977539062,0.0
2022-12-07,0.2676457259560723,0.2676457259560723,0.2634637653827667,0.2634637653827667,5000.0
2022-12-08,0.2676457370079157,0.2718276977539062,0.2676457370079157,0.2718276977539062,6500.0
2022-12-09,0.2676457370079157,0.2718276977539062,0.2676457370079157,0.2718276977539062,4500.0
2022-12-12,0.271827677095342,0.271827677095342,0.2676457166671753,0.2676457166671753,16200.0
2022-12-13,0.2634637653827667,0.2676457259560723,0.2592818048094611,0.2634637653827667,44900.0
2022-12-14,0.2676457166671753,0.271827677095342,0.2634637562390085,0.2676457166671753,17600.0
2022-12-15,0.2592818048094611,0.2634637653827667,0.2592818048094611,0.2634637653827667,3700.0
2022-12-16,0.2718276977539062,0.2718276977539062,0.2718276977539062,0.2718276977539062,1600.0
2022-12-19,0.2592817958108418,0.2676457166671753,0.255099835382675,0.2676457166671753,23500.0
2022-12-20,0.2676457370079157,0.2718276977539062,0.2676457370079157,0.2718276977539062,9800.0
2022-12-21,0.2676457259560723,0.2676457259560723,0.2634637653827667,0.2634637653827667,6800.0
2022-12-22,0.2634637653827667,0.2634637653827667,0.2634637653827667,0.2634637653827667,5600.0
2022-12-23,0.2592817958108418,0.2676457166671753,0.2592817958108418,0.2676457166671753,24400.0
2022-12-27,0.2634637562390085,0.2676457166671753,0.2634637562390085,0.2676457166671753,29000.0
2022-12-28,0.2634637562390085,0.2676457166671753,0.2634637562390085,0.2676457166671753,2300.0
2022-12-29,0.2676457166671753,0.2676457166671753,0.2676457166671753,0.2676457166671753,20000.0
2022-12-30,0.2676457166671753,0.2676457166671753,0.2676457166671753,0.2676457166671753,0.0
2023-01-03,0.2634637653827667,0.2634637653827667,0.2634637653827667,0.2634637653827667,2300.0
2023-01-04,0.2676457370079157,0.2718276977539062,0.2634637762619252,0.2718276977539062,133100.0
2023-01-05,0.2634637562390085,0.2676457166671753,0.2634637562390085,0.2676457166671753,30000.0
2023-01-06,0.2676457166671753,0.2676457166671753,0.2676457166671753,0.2676457166671753,0.0
2023-01-09,0.2676457166671753,0.271827677095342,0.2676457166671753,0.2676457166671753,43600.0
2023-01-10,0.2634637653827667,0.2634637653827667,0.2634637653827667,0.2634637653827667,4000.0
2023-01-11,0.2634637562390085,0.2676457166671753,0.2634637562390085,0.2676457166671753,200.0
2023-01-12,0.2676457166671753,0.2676457166671753,0.2676457166671753,0.2676457166671753,0.0
2023-01-13,0.2676457370079157,0.2718276977539062,0.2676457370079157,0.2718276977539062,1800.0
2023-01-16,0.2718276977539062,0.2718276977539062,0.2718276977539062,0.2718276977539062,200.0
2023-01-17,0.2718276932376753,0.2760096788406372,0.2718276932376753,0.2760096788406372,46500.0
2023-01-18,0.2760096788406372,0.2760096788406372,0.2760096788406372,0.2760096788406372,1700.0
2023-01-19,0.2718276932376753,0.2760096788406372,0.2718276932376753,0.2760096788406372,10100.0
2023-01-20,0.2760096788406372,0.2760096788406372,0.2760096788406372,0.2760096788406372,2600.0
2023-01-25,0.2760096788406372,0.2801916395171473,0.2760096788406372,0.2760096788406372,31600.0
2023-01-26,0.2760096788406372,0.2760096788406372,0.2760096788406372,0.2760096788406372,0.0
2023-01-27,0.2801916599273681,0.2801916599273681,0.2718277130386345,0.2801916599273681,41000.0
2023-01-30,0.2676457520574946,0.2801916599273681,0.2676457520574946,0.2801916599273681,20200.0
2023-01-31,0.2801916599273681,0.2801916599273681,0.2801916599273681,0.2801916599273681,0.0
2023-02-01,0.2760096788406372,0.2760096788406372,0.2718276932376753,0.2760096788406372,5600.0
2023-02-02,0.2760096788406372,0.2760096788406372,0.2676457325611652,0.2760096788406372,109000.0
2023-02-03,0.2760096788406372,0.2760096788406372,0.2760096788406372,0.2760096788406372,0.0
2023-02-06,0.2676457520574946,0.2801916599273681,0.2676457520574946,0.2801916599273681,3500.0
2023-02-07,0.2718276932376753,0.2760096788406372,0.2718276932376753,0.2760096788406372,27900.0
2023-02-08,0.2760096788406372,0.2760096788406372,0.2760096788406372,0.2760096788406372,0.0
2023-02-09,0.2718276932376753,0.2760096788406372,0.2718276932376753,0.2760096788406372,14100.0
2023-02-10,0.2676457520574946,0.2801916599273681,0.2676457520574946,0.2801916599273681,11000.0
2023-02-13,0.2634637762619252,0.276009683426349,0.2634637762619252,0.2718276977539062,6200.0
2023-02-14,0.2634637762619252,0.2718276977539062,0.2592818155159347,0.2718276977539062,100200.0
2023-02-15,0.2634637562390085,0.2676457166671753,0.2592817958108418,0.2676457166671753,24300.0
2023-02-16,0.2676457325611652,0.2760096788406372,0.2676457325611652,0.2760096788406372,17700.0
2023-02-17,0.2634637762619252,0.2718276977539062,0.2634637762619252,0.2718276977539062,2100.0
2023-02-20,0.2634637762619252,0.2718276977539062,0.2634637762619252,0.2718276977539062,44200.0
2023-02-21,0.2634637562390085,0.2676457166671753,0.2592817958108418,0.2676457166671753,97700.0
2023-02-22,0.2550998032093048,0.2592817631100397,0.2550998032093048,0.2550998032093048,21500.0
2023-02-23,0.2592818048094611,0.2634637653827667,0.2592818048094611,0.2634637653827667,20100.0
2023-02-24,0.2550998442361554,0.2634637653827667,0.2550998442361554,0.2634637653827667,23200.0
2023-02-27,0.2634637653827667,0.2634637653827667,0.2634637653827667,0.2634637653827667,7800.0
2023-02-28,0.2634637562390085,0.2676457166671753,0.2592817958108418,0.2676457166671753,18100.0
2023-03-01,0.2634637562390085,0.2676457166671753,0.2634637562390085,0.2676457166671753,51800.0
2023-03-02,0.2676457166671753,0.2676457166671753,0.2676457166671753,0.2676457166671753,0.0
2023-03-03,0.2592817958108418,0.2676457166671753,0.255099835382675,0.2676457166671753,42900.0
2023-03-06,0.2676457166671753,0.2676457166671753,0.2676457166671753,0.2676457166671753,0.0
2023-03-07,0.2676457166671753,0.2676457166671753,0.2676457166671753,0.2676457166671753,0.0
2023-03-08,0.2592817958108418,0.2676457166671753,0.255099835382675,0.2676457166671753,500.0
2023-03-09,0.2592818048094611,0.2634637653827667,0.2550998442361554,0.2634637653827667,2300.0
2023-03-10,0.2676457325611652,0.2760096788406372,0.2676457325611652,0.2760096788406372,98400.0
2023-03-13,0.2760096989462282,0.2801916599273681,0.2718277130386345,0.2801916599273681,178200.0
2023-03-14,0.2760096989462282,0.2801916599273681,0.2718277130386345,0.2801916599273681,40600.0
2023-03-15,0.2718277130386345,0.2801916599273681,0.2718277130386345,0.2801916599273681,54300.0
2023-03-16,0.2718277130386345,0.2801916599273681,0.2718277130386345,0.2801916599273681,1900.0
2023-03-17,0.2718276932376753,0.2760096788406372,0.2718276932376753,0.2760096788406372,60000.0
2023-03-20,0.2801916395171473,0.2801916395171473,0.2718276932376753,0.2760096788406372,40200.0
2023-03-21,0.2760096989462282,0.2801916599273681,0.2760096989462282,0.2801916599273681,95900.0
2023-03-22,0.2801916599273681,0.2801916599273681,0.2801916599273681,0.2801916599273681,158000.0
2023-03-23,0.2801916599273681,0.2843736209085081,0.2801916599273681,0.2801916599273681,238500.0
2023-03-24,0.2801916606089766,0.2927375435829162,0.2801916606089766,0.2927375435829162,382100.0
2023-03-27,0.2969195196266049,0.3052834669596965,0.2969195196266049,0.3011015057563782,455200.0
2023-03-28,0.3052834669596965,0.3094654281630148,0.3011015057563782,0.3011015057563782,247200.0
2023-03-29,0.3011014479369929,0.3011014479369929,0.2843735814094543,0.2843735814094543,48400.0
2023-03-30,0.2927375435829162,0.2927375435829162,0.2801916606089766,0.2927375435829162,132500.0
2023-03-31,0.292737542870788,0.292737542870788,0.2801916599273681,0.2801916599273681,53600.0
2023-04-03,0.2801916210091822,0.2843735814094543,0.2718276752821879,0.2843735814094543,44500.0
2023-04-04,0.2718276752821879,0.2843735814094543,0.2718276752821879,0.2843735814094543,37800.0
2023-04-05,0.2801916410960341,0.2885555624961853,0.2801916410960341,0.2885555624961853,71600.0
2023-04-06,0.2927375231962608,0.2927375231962608,0.2885555624961853,0.2885555624961853,125700.0
2023-04-10,0.2927375435829162,0.3011014904919964,0.2927375435829162,0.2927375435829162,717300.0
2023-04-11,0.2969194719989032,0.3136473390553791,0.2969194719989032,0.3094653785228729,604900.0
2023-04-12,0.3011015057563782,0.3011015057563782,0.3011015057563782,0.3011015057563782,2000.0
2023-04-13,0.2969195196266049,0.3011015057563782,0.2885555972199682,0.3011015057563782,1041800.0
2023-04-14,0.2969194948673248,0.2969194948673248,0.2969194948673248,0.2969194948673248,90400.0
2023-04-17,0.2969194948673248,0.2969194948673248,0.2969194948673248,0.2969194948673248,0.0
2023-04-18,0.2969194838963364,0.2969194838963364,0.2885555624961853,0.2885555624961853,1062800.0
2023-04-19,0.2885555624961853,0.2927375231962608,0.2885555624961853,0.2885555624961853,77000.0
2023-04-20,0.288555582591603,0.2969195045742294,0.288555582591603,0.2927375435829162,59500.0
2023-04-21,0.2927375340127284,0.3011014806483741,0.2927375340127284,0.2969194948673248,29600.0
2023-04-24,0.2927375340127284,0.2969194948673248,0.2927375340127284,0.2969194948673248,51500.0
2023-04-25,0.2927375435829162,0.2969195045742294,0.288555582591603,0.2927375435829162,124400.0
2023-04-26,0.2969194948673248,0.2969194948673248,0.2969194948673248,0.2969194948673248,5400.0
2023-04-27,0.2927375340127284,0.2969194948673248,0.2927375340127284,0.2969194948673248,600.0
2023-04-28,0.2927375584232866,0.3011015057563782,0.2927375584232866,0.3011015057563782,20800.0
2023-05-02,0.3011014806483741,0.3011014806483741,0.2927375340127284,0.2969194948673248,262800.0
2023-05-03,0.3011014904919964,0.3011014904919964,0.2927375435829162,0.2927375435829162,3100.0
2023-05-04,0.2969194948673248,0.2969194948673248,0.2927375340127284,0.2969194948673248,906000.0
2023-05-05,0.2969195045742294,0.2969195045742294,0.2927375435829162,0.2927375435829162,785800.0
2023-05-08,0.2969194948673248,0.2969194948673248,0.2927375340127284,0.2969194948673248,681800.0
2023-05-09,0.2927375340127284,0.2969194948673248,0.2927375340127284,0.2969194948673248,143300.0
2023-05-10,0.2969194948673248,0.2969194948673248,0.2969194948673248,0.2969194948673248,13300.0
2023-05-11,0.2969194948673248,0.2969194948673248,0.2969194948673248,0.2969194948673248,98000.0
2023-05-12,0.2969194948673248,0.2969194948673248,0.2969194948673248,0.2969194948673248,3500.0
2023-05-15,0.2969194948673248,0.2969194948673248,0.2969194948673248,0.2969194948673248,700.0
2023-05-16,0.2969195045742294,0.2969195045742294,0.2927375435829162,0.2927375435829162,30000.0
2023-05-17,0.2927375435829162,0.2927375435829162,0.2927375435829162,0.2927375435829162,21000.0
2023-05-18,0.2927375435829162,0.2927375435829162,0.2927375435829162,0.2927375435829162,0.0
2023-05-19,0.2927375435829162,0.2927375435829162,0.2927375435829162,0.2927375435829162,60300.0
2023-05-22,0.2927375435829162,0.2927375435829162,0.2927375435829162,0.2927375435829162,14000.0
2023-05-23,0.2969194948673248,0.2969194948673248,0.2969194948673248,0.2969194948673248,143900.0
2023-05-24,0.2969194948673248,0.2969194948673248,0.2969194948673248,0.2969194948673248,500.0
2023-05-25,0.2927375435829162,0.2927375435829162,0.2927375435829162,0.2927375435829162,1700.0
2023-05-26,0.2927375435829162,0.2927375435829162,0.2927375435829162,0.2927375435829162,207300.0
2023-05-29,0.2969195045742294,0.2969195045742294,0.2927375435829162,0.2927375435829162,23600.0
2023-05-30,0.3013474643230438,0.3013474643230438,0.3013474643230438,0.3013474643230438,27000.0
2023-05-31,0.2927375115491049,0.2927375115491049,0.2841275930404663,0.2841275930404663,22600.0
2023-06-01,0.2841275952063233,0.2927375137805938,0.2841275952063233,0.2927375137805938,10200.0
2023-06-05,0.2927375137805938,0.2970424730677291,0.2927375137805938,0.2927375137805938,33300.0
2023-06-06,0.2927375137805938,0.2927375137805938,0.2927375137805938,0.2927375137805938,28300.0
2023-06-07,0.2927375137805938,0.2970424730677291,0.2927375137805938,0.2927375137805938,80000.0
2023-06-08,0.2927375278050686,0.2927375278050686,0.2884325683116913,0.2884325683116913,10300.0
2023-06-09,0.2841275930404663,0.2841275930404663,0.2841275930404663,0.2841275930404663,424900.0
2023-06-12,0.2841275952063233,0.2927375137805938,0.2841275952063233,0.2927375137805938,10900.0
2023-06-13,0.2841275930404663,0.2841275930404663,0.2841275930404663,0.2841275930404663,6000.0
2023-06-14,0.2841276088183139,0.2884325683116913,0.2841276088183139,0.2884325683116913,95800.0
2023-06-15,0.2841275930404663,0.2841275930404663,0.2841275930404663,0.2841275930404663,31700.0
2023-06-16,0.2841275930404663,0.2841275930404663,0.2841275930404663,0.2841275930404663,147000.0
2023-06-19,0.2841275930404663,0.2841275930404663,0.2841275930404663,0.2841275930404663,30100.0
2023-06-20,0.2841275930404663,0.2841275930404663,0.2841275930404663,0.2841275930404663,1000.0
2023-06-21,0.2841275930404663,0.2884325522947856,0.2841275930404663,0.2841275930404663,171200.0
2023-06-22,0.2841275952063233,0.2927375137805938,0.2841275952063233,0.2927375137805938,31800.0
2023-06-23,0.2927375278050686,0.2927375278050686,0.2884325683116913,0.2884325683116913,43300.0
2023-06-26,0.2884325683116913,0.2927375278050686,0.2841276088183139,0.2884325683116913,116400.0
2023-06-27,0.2884325700142418,0.3013474485706073,0.2884325700142418,0.2970424890518188,177500.0
2023-06-28,0.2927375137805938,0.2927375137805938,0.2927375137805938,0.2927375137805938,100.0
2023-06-30,0.2970424730677291,0.3056523916419997,0.2927375137805938,0.2927375137805938,30300.0
2023-07-03,0.3056524062852007,0.3099573914381606,0.2884325683116913,0.2884325683116913,123700.0
2023-07-04,0.2884325683116913,0.2884325683116913,0.2884325683116913,0.2884325683116913,0.0
2023-07-05,0.2927375137805938,0.2927375137805938,0.2927375137805938,0.2927375137805938,274100.0
2023-07-06,0.2927375137805938,0.2927375137805938,0.2884325544934586,0.2927375137805938,55300.0
2023-07-07,0.2884325683116913,0.2884325683116913,0.2884325683116913,0.2884325683116913,11800.0
2023-07-10,0.2927375137805938,0.2927375137805938,0.2927375137805938,0.2927375137805938,8300.0
2023-07-11,0.2884325683116913,0.2927375278050686,0.2884325683116913,0.2884325683116913,1900.0
2023-07-12,0.2884325544934586,0.2927375137805938,0.2884325544934586,0.2927375137805938,27400.0
2023-07-13,0.2927375137805938,0.2927375137805938,0.2927375137805938,0.2927375137805938,52500.0
2023-07-14,0.2927375137805938,0.2927375137805938,0.2927375137805938,0.2927375137805938,82900.0
2023-07-17,0.2927375115491049,0.2927375115491049,0.2841275930404663,0.2841275930404663,226900.0
2023-07-18,0.2841275930404663,0.2841275930404663,0.2841275930404663,0.2841275930404663,0.0
2023-07-19,0.2884325929534782,0.2927375528146431,0.2798226475715637,0.2798226475715637,50000.0
2023-07-20,0.2841275930404663,0.2841275930404663,0.2841275930404663,0.2841275930404663,66600.0
2023-07-21,0.2798226319207216,0.2841276172006879,0.2712127126799558,0.2755176723003387,48200.0
2023-07-24,0.2755176641719766,0.2884325683116913,0.2755176641719766,0.2884325683116913,14400.0
2023-07-25,0.2884325522947856,0.2884325522947856,0.2841275930404663,0.2841275930404663,33400.0
2023-07-26,0.2841276330923133,0.2841276330923133,0.2798226475715637,0.2798226475715637,64500.0
2023-07-27,0.2798226081265658,0.2841275930404663,0.2798226081265658,0.2841275930404663,60000.0
2023-07-28,0.2884325544934586,0.2927375137805938,0.2884325544934586,0.2927375137805938,47400.0
2023-07-31,0.2884325522947856,0.2884325522947856,0.2841275930404663,0.2841275930404663,7200.0
2023-08-01,0.2841275930404663,0.2841275930404663,0.2798226081265658,0.2841275930404663,75600.0
2023-08-02,0.2798226081265658,0.2841275930404663,0.2798226081265658,0.2841275930404663,73500.0
2023-08-03,0.2841275930404663,0.2841275930404663,0.2841275930404663,0.2841275930404663,15000.0
2023-08-04,0.2841275930404663,0.2841275930404663,0.2798226081265658,0.2841275930404663,57900.0
2023-08-07,0.2798226475715637,0.2798226475715637,0.2798226475715637,0.2798226475715637,20000.0
2023-08-08,0.2755176723003387,0.2755176723003387,0.2755176723003387,0.2755176723003387,5000.0
2023-08-10,0.2798226475715637,0.2841276330923133,0.2798226475715637,0.2798226475715637,17800.0
2023-08-11,0.2755176723003387,0.2755176723003387,0.2755176723003387,0.2755176723003387,5100.0
2023-08-14,0.2755176723003387,0.2755176723003387,0.2755176723003387,0.2755176723003387,15000.0
2023-08-15,0.2712126896179272,0.2841275930404663,0.2712126896179272,0.2841275930404663,12400.0
2023-08-16,0.2755176723003387,0.2755176723003387,0.2755176723003387,0.2755176723003387,140100.0
2023-08-17,0.2755176877103988,0.2798226475715637,0.2755176877103988,0.2798226475715637,59100.0
2023-08-18,0.2798226319207216,0.2798226319207216,0.2755176723003387,0.2755176723003387,42000.0
2023-08-21,0.2755176877103988,0.2798226475715637,0.2755176877103988,0.2798226475715637,49800.0
2023-08-22,0.2798226475715637,0.2798226475715637,0.2798226475715637,0.2798226475715637,0.0
2023-08-23,0.2798226475715637,0.2798226475715637,0.2798226475715637,0.2798226475715637,3100.0
2023-08-24,0.2755176877103988,0.2798226475715637,0.2755176877103988,0.2798226475715637,30000.0
2023-08-25,0.2755176488722465,0.2841275930404663,0.2755176488722465,0.2841275930404663,11900.0
2023-08-28,0.2841276330923133,0.2841276330923133,0.271212727849234,0.2798226475715637,408200.0
2023-08-29,0.2798226319207216,0.2798226319207216,0.2755176723003387,0.2755176723003387,6000.0
2023-08-30,0.2798226319207216,0.2841276172006879,0.2755176723003387,0.2755176723003387,88900.0
2023-08-31,0.2755176723003387,0.2755176723003387,0.2755176723003387,0.2755176723003387,5000.0
2023-09-04,0.2755176723003387,0.2755176723003387,0.2755176723003387,0.2755176723003387,0.0
2023-09-05,0.2798226475715637,0.2798226475715637,0.2798226475715637,0.2798226475715637,1300.0
2023-09-06,0.2798226475715637,0.2798226475715637,0.2798226475715637,0.2798226475715637,87200.0
2023-09-07,0.2824296738532632,0.2867747676729383,0.2780846059322357,0.2780846059322357,37100.0
2023-09-08,0.2780846059322357,0.2867747676729383,0.2780846059322357,0.2780846059322357,11700.0
2023-09-11,0.2780846059322357,0.2780846059322357,0.2780846059322357,0.2780846059322357,0.0
2023-09-12,0.2867747545242309,0.2867747545242309,0.2867747545242309,0.2867747545242309,10000.0
2023-09-13,0.2824296951293945,0.2867747892763965,0.2824296951293945,0.2824296951293945,40500.0
2023-09-14,0.2824296738532632,0.2824296738532632,0.2780846059322357,0.2780846059322357,257500.0
2023-09-15,0.2780846268810423,0.2824296951293945,0.2780846268810423,0.2824296951293945,50800.0
2023-09-18,0.2824296951293945,0.2824296951293945,0.2780846268810423,0.2824296951293945,35400.0
2023-09-19,0.2824296951293945,0.2824296951293945,0.2780846268810423,0.2824296951293945,11100.0
2023-09-20,0.2824296951293945,0.2824296951293945,0.2824296951293945,0.2824296951293945,109800.0
2023-09-21,0.2780846059322357,0.2824296738532632,0.2780846059322357,0.2780846059322357,61800.0
2023-09-22,0.2780845931819747,0.2867747545242309,0.2780845931819747,0.2867747545242309,241100.0
2023-09-25,0.2867747892763965,0.2867747892763965,0.2780846268810423,0.2824296951293945,278000.0
2023-09-26,0.2780846268810423,0.2824296951293945,0.2780846268810423,0.2824296951293945,201200.0
2023-09-27,0.2824296951293945,0.2824296951293945,0.2780846268810423,0.2824296951293945,69900.0
2023-09-28,0.2824296951293945,0.2824296951293945,0.2824296951293945,0.2824296951293945,0.0
2023-09-29,0.2824296951293945,0.2824296951293945,0.2824296951293945,0.2824296951293945,50100.0
2023-10-02,0.2780846059322357,0.2780846059322357,0.2780846059322357,0.2780846059322357,300.0
2023-10-03,0.2780846059322357,0.2780846059322357,0.2780846059322357,0.2780846059322357,9500.0
2023-10-04,0.2780846059322357,0.2780846059322357,0.2780846059322357,0.2780846059322357,24800.0
2023-10-05,0.2824296951293945,0.2824296951293945,0.2780846268810423,0.2824296951293945,23800.0
2023-10-06,0.2780846059322357,0.2780846059322357,0.2780846059322357,0.2780846059322357,345500.0
2023-10-09,0.2780846059322357,0.2780846059322357,0.2780846059322357,0.2780846059322357,77200.0
2023-10-10,0.2737395465373993,0.278084614593763,0.2737395465373993,0.2737395465373993,63100.0
2023-10-11,0.2780846059322357,0.2780846059322357,0.2737395380112082,0.2780846059322357,158300.0
2023-10-12,0.278084614593763,0.278084614593763,0.2737395465373993,0.2737395465373993,45300.0
2023-10-13,0.278084614593763,0.278084614593763,0.2737395465373993,0.2737395465373993,33300.0
2023-10-16,0.2737395380112082,0.2780846059322357,0.2737395380112082,0.2780846059322357,36900.0
2023-10-17,0.278084614593763,0.278084614593763,0.2737395465373993,0.2737395465373993,40800.0
2023-10-18,0.2737395380112082,0.2780846059322357,0.2737395380112082,0.2780846059322357,11000.0
2023-10-19,0.2780846059322357,0.2780846059322357,0.2780846059322357,0.2780846059322357,31200.0
2023-10-20,0.2737395380112082,0.2824296738532632,0.2737395380112082,0.2780846059322357,42400.0
2023-10-23,0.2780846059322357,0.2780846059322357,0.2780846059322357,0.2780846059322357,34200.0
2023-10-24,0.2780846268810423,0.2824296951293945,0.27373955863269,0.2824296951293945,56000.0
2023-10-25,0.2780846268810423,0.2824296951293945,0.2780846268810423,0.2824296951293945,33400.0
2023-10-26,0.2780846268810423,0.2824296951293945,0.2780846268810423,0.2824296951293945,21300.0
2023-10-27,0.2824296951293945,0.2824296951293945,0.27373955863269,0.2824296951293945,47000.0
2023-10-30,0.2824296951293945,0.2824296951293945,0.2824296951293945,0.2824296951293945,0.0
2023-10-31,0.2824296738532632,0.2824296738532632,0.2780846059322357,0.2780846059322357,21900.0
2023-11-01,0.2824296738532632,0.2824296738532632,0.2780846059322357,0.2780846059322357,2200.0
2023-11-02,0.2780846059322357,0.2780846059322357,0.2780846059322357,0.2780846059322357,800.0
2023-11-03,0.2780845702327524,0.2780845702327524,0.2650493681430816,0.2650493681430816,58900.0
2023-11-06,0.2693944871425628,0.2693944871425628,0.2693944871425628,0.2693944871425628,25400.0
2023-11-07,0.2693944355063052,0.2693944355063052,0.2650493681430816,0.2650493681430816,36100.0
2023-11-08,0.2650494189464972,0.2693944871425628,0.2650494189464972,0.2693944871425628,46100.0
2023-11-09,0.2693944784810356,0.2737395465373993,0.2693944784810356,0.2737395465373993,1600.0
2023-11-10,0.2737395465373993,0.2737395465373993,0.2737395465373993,0.2737395465373993,0.0
2023-11-14,0.2737395465373993,0.2737395465373993,0.2737395465373993,0.2737395465373993,0.0
2023-11-15,0.2693944355063052,0.2693944355063052,0.2650493681430816,0.2650493681430816,13500.0
2023-11-16,0.2693944871425628,0.2693944871425628,0.2693944871425628,0.2693944871425628,5200.0
2023-11-17,0.2693944871425628,0.2693944871425628,0.2693944871425628,0.2693944871425628,56900.0
2023-11-20,0.2693944871425628,0.2693944871425628,0.2693944871425628,0.2693944871425628,0.0
2023-11-21,0.2693944871425628,0.2693944871425628,0.2693944871425628,0.2693944871425628,300.0
2023-11-22,0.2650494189464972,0.2693944871425628,0.2650494189464972,0.2693944871425628,2600.0
2023-11-23,0.2693944355063052,0.2693944355063052,0.2650493681430816,0.2650493681430816,3400.0
2023-11-24,0.2650493681430816,0.2650493681430816,0.2650493681430816,0.2650493681430816,0.0
2023-11-27,0.2650493762442751,0.2650493762442751,0.2607043087482452,0.2607043087482452,74400.0
2023-11-28,0.2650494189464972,0.2693944871425628,0.2650494189464972,0.2693944871425628,22200.0
2023-11-29,0.2693944871425628,0.2693944871425628,0.2693944871425628,0.2693944871425628,0.0
2023-11-30,0.2650493762442751,0.2650493762442751,0.2607043087482452,0.2607043087482452,5100.0
2023-12-01,0.2607043087482452,0.2607043087482452,0.2607043087482452,0.2607043087482452,13800.0
2023-12-04,0.2607043423683081,0.2737395465373993,0.2607043423683081,0.2737395465373993,50100.0
2023-12-05,0.2650494104246718,0.2737395465373993,0.2650494104246718,0.2737395465373993,18100.0
2023-12-06,0.2737395553386285,0.2737395553386285,0.2693944871425628,0.2693944871425628,151800.0
2023-12-07,0.2737395553386285,0.2737395553386285,0.2693944871425628,0.2693944871425628,236100.0
2023-12-08,0.2693944871425628,0.2693944871425628,0.2693944871425628,0.2693944871425628,0.0
2023-12-11,0.2780846059322357,0.2780846059322357,0.2780846059322357,0.2780846059322357,9400.0
2023-12-12,0.27373955863269,0.2824296951293945,0.2693944903843377,0.2824296951293945,95000.0
2023-12-13,0.2737395465373993,0.2737395465373993,0.2737395465373993,0.2737395465373993,300.0
2023-12-14,0.2737395465373993,0.2737395465373993,0.2737395465373993,0.2737395465373993,0.0
2023-12-15,0.2737395380112082,0.2780846059322357,0.2737395380112082,0.2780846059322357,1000.0
2023-12-18,0.2693944871425628,0.2737395553386285,0.2693944871425628,0.2693944871425628,16000.0
2023-12-19,0.2693944700901807,0.2780846059322357,0.2693944700901807,0.2780846059322357,28000.0
2023-12-20,0.2780846059322357,0.2780846059322357,0.2780846059322357,0.2780846059322357,2000.0
2023-12-21,0.2780846235346941,0.2780846235346941,0.2693944871425628,0.2693944871425628,146000.0
2023-12-22,0.2737395465373993,0.2824296826501267,0.2693944784810356,0.2737395465373993,42800.0
2023-12-26,0.2693944871425628,0.2693944871425628,0.2693944871425628,0.2693944871425628,2000.0
2023-12-27,0.2737395254601699,0.2911198222460358,0.2737395254601699,0.2867747545242309,44700.0
2023-12-28,0.2824296951293945,0.2824296951293945,0.2824296951293945,0.2824296951293945,10000.0
2023-12-29,0.278084614593763,0.278084614593763,0.2737395465373993,0.2737395465373993,18700.0
2024-01-02,0.2737395465373993,0.2737395465373993,0.2737395465373993,0.2737395465373993,6600.0
2024-01-03,0.2737395465373993,0.2737395465373993,0.2737395465373993,0.2737395465373993,7100.0
2024-01-04,0.2737395465373993,0.2737395465373993,0.2737395465373993,0.2737395465373993,10000.0
2024-01-05,0.2737395380112082,0.2780846059322357,0.2737395380112082,0.2780846059322357,5100.0
2024-01-08,0.27373955863269,0.2824296951293945,0.27373955863269,0.2824296951293945,25000.0
2024-01-09,0.2824296951293945,0.2824296951293945,0.2824296951293945,0.2824296951293945,0.0
2024-01-10,0.2737395380112082,0.2780846059322357,0.2737395380112082,0.2780846059322357,114000.0
2024-01-11,0.2737395465373993,0.2737395465373993,0.2737395465373993,0.2737395465373993,305000.0
2024-01-12,0.2737395465373993,0.2737395465373993,0.2737395465373993,0.2737395465373993,4900.0
2024-01-15,0.278084614593763,0.2824296826501267,0.2737395465373993,0.2737395465373993,118500.0
2024-01-16,0.2737395465373993,0.2737395465373993,0.2737395465373993,0.2737395465373993,9000.0
2024-01-17,0.2737395465373993,0.2737395465373993,0.2737395465373993,0.2737395465373993,39500.0
2024-01-18,0.2737395380112082,0.2780846059322357,0.2737395380112082,0.2780846059322357,25700.0
2024-01-19,0.2780846059322357,0.2780846059322357,0.2780846059322357,0.2780846059322357,24300.0
2024-01-22,0.2780846059322357,0.2780846059322357,0.2780846059322357,0.2780846059322357,0.0
2024-01-23,0.2780845775076818,0.299809940790798,0.2780845775076818,0.2954648733139038,209300.0
2024-01-24,0.2954648947193822,0.2998099625110626,0.2954648947193822,0.2998099625110626,35000.0
2024-01-25,0.286774807417665,0.3041550815105438,0.286774807417665,0.3041550815105438,32600.0
2024-01-26,0.2911198759408847,0.3041550815105438,0.286774807417665,0.3041550815105438,10500.0
2024-01-29,0.3041550815105438,0.3041550815105438,0.3041550815105438,0.3041550815105438,0.0
2024-01-30,0.3041550815105438,0.3041550815105438,0.3041550815105438,0.3041550815105438,9400.0
2024-01-31,0.3041550815105438,0.3041550815105438,0.3041550815105438,0.3041550815105438,0.0
2024-02-01,0.2911198575247487,0.2911198575247487,0.2824296951293945,0.2824296951293945,12100.0
2024-02-02,0.2824296951293945,0.2824296951293945,0.2824296951293945,0.2824296951293945,900.0
2024-02-05,0.2824296917307597,0.2824296917307597,0.2650494189464972,0.2693944871425628,143000.0
2024-02-06,0.2693944871425628,0.2693944871425628,0.2693944871425628,0.2693944871425628,0.0
2024-02-07,0.2693944871425628,0.2693944871425628,0.2693944871425628,0.2693944871425628,0.0
2024-02-08,0.2693944700901807,0.2780846059322357,0.2693944700901807,0.2780846059322357,4100.0
2024-02-09,0.2780846059322357,0.2780846059322357,0.2780846059322357,0.2780846059322357,0.0
2024-02-13,0.2780846059322357,0.2780846059322357,0.2780846059322357,0.2780846059322357,0.0
2024-02-14,0.2737395380112082,0.2780846059322357,0.2737395380112082,0.2780846059322357,42800.0
2024-02-15,0.2737395465373993,0.2737395465373993,0.2737395465373993,0.2737395465373993,26000.0
2024-02-16,0.2737395465373993,0.2737395465373993,0.2737395465373993,0.2737395465373993,0.0
2024-02-19,0.278084614593763,0.2824296826501267,0.2737395465373993,0.2737395465373993,91800.0
2024-02-20,0.2867747545242309,0.2911198222460358,0.2867747545242309,0.2867747545242309,56900.0
2024-02-21,0.2780845931819747,0.2867747545242309,0.2737395254601699,0.2867747545242309,19200.0
2024-02-22,0.2867747545242309,0.2867747545242309,0.2867747545242309,0.2867747545242309,0.0
2024-02-23,0.2737395465373993,0.2737395465373993,0.2737395465373993,0.2737395465373993,22700.0
2024-02-26,0.2780846059322357,0.2780846059322357,0.2780846059322357,0.2780846059322357,10400.0
2024-02-27,0.2780846268810423,0.2824296951293945,0.27373955863269,0.2824296951293945,20200.0
2024-02-28,0.2737395465373993,0.2737395465373993,0.2737395465373993,0.2737395465373993,3100.0
2024-02-29,0.2824296609037796,0.2867747545242309,0.2824296609037796,0.2867747545242309,153300.0
2024-03-01,0.2867747545242309,0.2911198222460358,0.2867747545242309,0.2867747545242309,195800.0
2024-03-04,0.2867747892763965,0.2867747892763965,0.2824296951293945,0.2824296951293945,17000.0
2024-03-05,0.2867747892763965,0.2867747892763965,0.2824296951293945,0.2824296951293945,30000.0
2024-03-06,0.2824296951293945,0.2824296951293945,0.2824296951293945,0.2824296951293945,62000.0
2024-03-07,0.2867747756790575,0.2911198437213897,0.2867747756790575,0.2911198437213897,49000.0
2024-03-08,0.2911198058370096,0.2954648733139038,0.2911198058370096,0.2954648733139038,119900.0
2024-03-11,0.2911198437213897,0.2911198437213897,0.2911198437213897,0.2911198437213897,14200.0
2024-03-12,0.2911198437213897,0.2911198437213897,0.2911198437213897,0.2911198437213897,13100.0
2024-03-13,0.2911198269277018,0.2998099625110626,0.2911198269277018,0.2998099625110626,91700.0
2024-03-14,0.299809940790798,0.299809940790798,0.2954648733139038,0.2954648733139038,20100.0
2024-03-15,0.2954648947193822,0.2998099625110626,0.2954648947193822,0.2998099625110626,36300.0
2024-03-18,0.2998099625110626,0.2998099625110626,0.2998099625110626,0.2998099625110626,9000.0
2024-03-19,0.2998100129873241,0.3041550815105438,0.2954649444641044,0.3041550815105438,938700.0
2024-03-20,0.3085001111030578,0.3085001111030578,0.3041550431281574,0.3085001111030578,175000.0
2024-03-21,0.3085001358800176,0.3171902984264104,0.3041550675561462,0.312845230102539,167500.0
2024-03-22,0.312845230102539,0.312845230102539,0.3041550675561462,0.312845230102539,82600.0
2024-03-25,0.3128452049766063,0.3128452049766063,0.3041550431281574,0.3085001111030578,19600.0
2024-03-26,0.3085001111030578,0.3085001111030578,0.3041550431281574,0.3085001111030578,26100.0
2024-03-27,0.3085001358800176,0.3171902984264104,0.3085001358800176,0.312845230102539,76300.0
2024-03-28,0.3171902729515067,0.3171902729515067,0.3085001111030578,0.3085001111030578,25700.0
2024-04-01,0.3085001111030578,0.3085001111030578,0.3041550431281574,0.3085001111030578,65000.0
2024-04-02,0.3085001111030578,0.3085001111030578,0.3041550431281574,0.3085001111030578,28000.0
2024-04-03,0.3171903129788542,0.3171903129788542,0.3041550815105438,0.3041550815105438,24400.0
2024-04-04,0.3128452444556345,0.3128452444556345,0.3041550815105438,0.3041550815105438,58300.0
2024-04-05,0.3041550675561462,0.312845230102539,0.3041550675561462,0.312845230102539,64100.0
2024-04-08,0.3128452444556345,0.3128452444556345,0.3041550815105438,0.3041550815105438,8100.0
2024-04-09,0.3041550431281574,0.3085001111030578,0.3041550431281574,0.3085001111030578,42900.0
2024-04-11,0.3041550431281574,0.3085001111030578,0.3041550431281574,0.3085001111030578,13000.0
2024-04-12,0.3171902984264104,0.3171902984264104,0.3085001358800176,0.312845230102539,95200.0
2024-04-15,0.312845230102539,0.312845230102539,0.312845230102539,0.312845230102539,64200.0
2024-04-16,0.3215353667502817,0.3215353667502817,0.312845230102539,0.312845230102539,37700.0
2024-04-17,0.312845230102539,0.3171902984264104,0.312845230102539,0.312845230102539,100100.0
2024-04-18,0.3128452049766063,0.3128452049766063,0.3085001111030578,0.3085001111030578,20000.0
2024-04-19,0.312845230102539,0.312845230102539,0.312845230102539,0.312845230102539,7800.0
2024-04-22,0.3128452212958195,0.3171902894973755,0.3085001271956142,0.3171902894973755,58000.0
2024-04-23,0.3085001111030578,0.3085001111030578,0.3085001111030578,0.3085001111030578,1200.0
2024-04-24,0.3085001187459243,0.3215353488922119,0.3085001187459243,0.3215353488922119,6500.0
2024-04-25,0.3215353488922119,0.3215353488922119,0.3215353488922119,0.3215353488922119,0.0
2024-04-26,0.3041550815105438,0.3171903129788542,0.3041550815105438,0.3041550815105438,250500.0
2024-04-29,0.3041550815105438,0.3171903129788542,0.3041550815105438,0.3041550815105438,54400.0
2024-04-30,0.3041550815105438,0.3041550815105438,0.3041550815105438,0.3041550815105438,57000.0
2024-05-02,0.3085001500337635,0.3128452444556345,0.3041550815105438,0.3041550815105438,8500.0
2024-05-03,0.3041550815105438,0.3041550815105438,0.3041550815105438,0.3041550815105438,16000.0
2024-05-06,0.3041550815105438,0.3041550815105438,0.3041550815105438,0.3041550815105438,53300.0
2024-05-07,0.3041550815105438,0.3041550815105438,0.3041550815105438,0.3041550815105438,58000.0
2024-05-08,0.3085001500337635,0.3085001500337635,0.3041550815105438,0.3041550815105438,41500.0
2024-05-09,0.3041550815105438,0.3041550815105438,0.3041550815105438,0.3041550815105438,11000.0
2024-05-10,0.3041550815105438,0.3041550815105438,0.3041550815105438,0.3041550815105438,6000.0
2024-05-13,0.3041550815105438,0.3041550815105438,0.3041550815105438,0.3041550815105438,9800.0
2024-05-14,0.3041550815105438,0.3041550815105438,0.3041550815105438,0.3041550815105438,5000.0
2024-05-15,0.3041550815105438,0.3041550815105438,0.3041550815105438,0.3041550815105438,14200.0
2024-05-16,0.3041550815105438,0.3041550815105438,0.3041550815105438,0.3041550815105438,25000.0
2024-05-17,0.3085001500337635,0.3085001500337635,0.3041550815105438,0.3041550815105438,1000.0
2024-05-20,0.299809975153257,0.3085001111030578,0.299809975153257,0.3085001111030578,10100.0
2024-05-21,0.3085001111030578,0.3085001111030578,0.3085001111030578,0.3085001111030578,0.0
2024-05-23,0.3085001500337635,0.3128452444556345,0.2998100129873241,0.3041550815105438,11000.0
2024-05-24,0.3085001358800176,0.312845230102539,0.3085001358800176,0.312845230102539,147100.0
2024-05-27,0.3085001111030578,0.3085001111030578,0.3085001111030578,0.3085001111030578,10000.0
2024-05-28,0.3085001500337635,0.3085001500337635,0.3041550815105438,0.3041550815105438,8000.0
2024-05-29,0.3128452444556345,0.3128452444556345,0.3041550815105438,0.3041550815105438,1900.0
2024-05-30,0.3041550815105438,0.3041550815105438,0.3041550815105438,0.3041550815105438,0.0
2024-05-31,0.312845230102539,0.312845230102539,0.312845230102539,0.312845230102539,138400.0
2024-06-03,0.3171903129788542,0.3171903129788542,0.3041550815105438,0.3041550815105438,49800.0
2024-06-04,0.3128452444556345,0.3128452444556345,0.3041550815105438,0.3041550815105438,54300.0
2024-06-05,0.304155030302743,0.3085000980944233,0.2998099625110626,0.2998099625110626,240300.0
2024-06-06,0.3088951110839844,0.3088951110839844,0.3088951110839844,0.3088951110839844,39500.0
2024-06-07,0.3134377002716064,0.3134377002716064,0.3134377002716064,0.3134377002716064,2300.0
2024-06-10,0.3134376745418187,0.3134376745418187,0.2543842015901614,0.2998099625110626,217800.0
2024-06-11,0.3088951110839844,0.3088951110839844,0.3088951110839844,0.3088951110839844,27700.0
2024-06-12,0.3088951110839844,0.3088951110839844,0.3088951110839844,0.3088951110839844,0.0
2024-06-13,0.3088951110839844,0.3088951110839844,0.3088951110839844,0.3088951110839844,0.0
2024-06-14,0.2998099695178211,0.3088951110839844,0.2952673716588819,0.3088951110839844,10000.0
2024-06-18,0.3088951110839844,0.3088951110839844,0.3088951110839844,0.3088951110839844,0.0
2024-06-19,0.2998099625110626,0.2998099625110626,0.2998099625110626,0.2998099625110626,15400.0
2024-06-20,0.3043525815010071,0.3043525815010071,0.3043525815010071,0.3043525815010071,600.0
2024-06-21,0.3088951038649,0.3088951038649,0.2998099625110626,0.2998099625110626,66500.0
2024-06-24,0.2998099695178211,0.3088951110839844,0.2907248008758002,0.3088951110839844,155000.0
2024-06-25,0.2998099625110626,0.2998099625110626,0.2998099625110626,0.2998099625110626,56800.0
2024-06-26,0.2998099695178211,0.3088951110839844,0.2998099695178211,0.3088951110839844,28100.0
2024-06-27,0.2998099712079885,0.2998099712079885,0.2952673733234405,0.2952673733234405,14000.0
2024-06-28,0.3088951110839844,0.3088951110839844,0.3043525403009027,0.3088951110839844,28100.0
2024-07-01,0.3088951038649,0.3134376745418187,0.2998099625110626,0.2998099625110626,41000.0
2024-07-02,0.3043525331879813,0.3043525331879813,0.2998099625110626,0.2998099625110626,6000.0
2024-07-03,0.2998099625110626,0.2998099625110626,0.2998099625110626,0.2998099625110626,4100.0
2024-07-04,0.3134376745418187,0.3134376745418187,0.2998099625110626,0.2998099625110626,7600.0
2024-07-05,0.2998099625110626,0.2998099625110626,0.2998099625110626,0.2998099625110626,100.0
2024-07-08,0.2998099625110626,0.2998099625110626,0.2998099625110626,0.2998099625110626,6400.0
2024-07-09,0.2998099712079885,0.2998099712079885,0.2952673733234405,0.2952673733234405,5300.0
2024-07-10,0.2952673647582869,0.2998099625110626,0.2952673647582869,0.2998099625110626,26700.0
2024-07-11,0.2952673647582869,0.3043525331879813,0.2952673647582869,0.2998099625110626,15600.0
2024-07-12,0.2998099625110626,0.3043525331879813,0.2952673647582869,0.2998099625110626,45500.0
2024-07-15,0.2998100101029991,0.3043525815010071,0.2998100101029991,0.3043525815010071,7500.0
2024-07-16,0.3043525581719787,0.3134377002716064,0.2998099871221649,0.3134377002716064,144000.0
2024-07-17,0.3043525815010071,0.308895152899015,0.3043525815010071,0.3043525815010071,27300.0
2024-07-18,0.3043525403009027,0.3088951110839844,0.3043525403009027,0.3088951110839844,8100.0
2024-07-19,0.3134377002716064,0.3134377002716064,0.3134377002716064,0.3134377002716064,2800.0
2024-07-22,0.308895152899015,0.3179802956950309,0.3043525815010071,0.3043525815010071,67000.0
2024-07-23,0.3043525815010071,0.3043525815010071,0.2998100101029991,0.3043525815010071,102500.0
2024-07-24,0.3043525815010071,0.3043525815010071,0.3043525815010071,0.3043525815010071,0.0
2024-07-25,0.2998099625110626,0.2998099625110626,0.2998099625110626,0.2998099625110626,5000.0
2024-07-26,0.3043525815010071,0.3043525815010071,0.3043525815010071,0.3043525815010071,20000.0
2024-07-29,0.3043525331879813,0.3043525331879813,0.2998099625110626,0.2998099625110626,165100.0
2024-07-30,0.2998099625110626,0.2998099625110626,0.2952673647582869,0.2998099625110626,21600.0
2024-07-31,0.2998100101029991,0.3043525815010071,0.2998100101029991,0.3043525815010071,7200.0
2024-08-01,0.3088951110839844,0.3088951110839844,0.2998099695178211,0.3088951110839844,53100.0
2024-08-02,0.3043525815010071,0.3043525815010071,0.3043525815010071,0.3043525815010071,32000.0
2024-08-05,0.3043525331879813,0.3043525331879813,0.2952673647582869,0.2998099625110626,37400.0
2024-08-06,0.2952673733234405,0.2952673733234405,0.2952673733234405,0.2952673733234405,300.0
2024-08-07,0.2952673733234405,0.2952673733234405,0.2952673733234405,0.2952673733234405,19200.0
2024-08-08,0.2952673733234405,0.2952673733234405,0.2952673733234405,0.2952673733234405,1300.0
2024-08-12,0.2952673733234405,0.2998099712079885,0.2952673733234405,0.2952673733234405,107100.0
2024-08-13,0.2952673733234405,0.3043525420166787,0.2952673733234405,0.2952673733234405,58000.0
2024-08-14,0.2952673733234405,0.2952673733234405,0.2952673733234405,0.2952673733234405,0.0
2024-08-15,0.3043525815010071,0.3043525815010071,0.3043525815010071,0.3043525815010071,3000.0
2024-08-16,0.2998099625110626,0.2998099625110626,0.2998099625110626,0.2998099625110626,6000.0
2024-08-19,0.2952673733234405,0.2952673733234405,0.2907248025147503,0.2952673733234405,70400.0
2024-08-20,0.2952673733234405,0.2952673733234405,0.2952673733234405,0.2952673733234405,25000.0
2024-08-21,0.2952673733234405,0.2952673733234405,0.2907248025147503,0.2952673733234405,47900.0
2024-08-22,0.2952673733234405,0.2952673733234405,0.2907248025147503,0.2952673733234405,77500.0
2024-08-23,0.2907248025147503,0.2952673733234405,0.2907248025147503,0.2952673733234405,105200.0
2024-08-26,0.2998099829883607,0.2998099829883607,0.2907248139381408,0.2907248139381408,28200.0
2024-08-27,0.2907248139381408,0.2907248139381408,0.2907248139381408,0.2907248139381408,0.0
2024-08-28,0.2998099625110626,0.2998099625110626,0.2952673647582869,0.2998099625110626,1400.0
2024-08-29,0.2998099625110626,0.2998099625110626,0.2998099625110626,0.2998099625110626,0.0
2024-08-30,0.2952673647582869,0.2998099625110626,0.2952673647582869,0.2998099625110626,7100.0
2024-09-02,0.2952673733234405,0.2952673733234405,0.2952673733234405,0.2952673733234405,20000.0
2024-09-03,0.2952673733234405,0.2952673733234405,0.2952673733234405,0.2952673733234405,1100.0
2024-09-04,0.2998099625110626,0.3043525331879813,0.2998099625110626,0.2998099625110626,136600.0
2024-09-05,0.2998099695178211,0.3088951110839844,0.2952673716588819,0.3088951110839844,7300.0
2024-09-06,0.308895152899015,0.3179802956950309,0.2998100101029991,0.3043525815010071,94200.0
2024-09-09,0.2998099625110626,0.3043525331879813,0.2998099625110626,0.2998099625110626,152300.0
2024-09-10,0.308895152899015,0.308895152899015,0.2998100101029991,0.3043525815010071,139700.0
2024-09-11,0.3043525860136506,0.3089639842510223,0.3043525860136506,0.3089639842510223,51300.0
2024-09-12,0.313575382488394,0.313575382488394,0.3089639842510223,0.3089639842510223,3100.0
2024-09-13,0.299741119146347,0.3043525442368351,0.299741119146347,0.299741119146347,15000.0
2024-09-16,0.3089639418412254,0.3089639418412254,0.299741119146347,0.299741119146347,3000.0
2024-09-17,0.299741119146347,0.299741119146347,0.299741119146347,0.299741119146347,0.0
2024-09-18,0.3043525815010071,0.3043525815010071,0.3043525815010071,0.3043525815010071,80100.0
2024-09-19,0.3043525815010071,0.3043525815010071,0.3043525815010071,0.3043525815010071,12900.0
2024-09-20,0.3043525661399638,0.3181867599487304,0.3043525661399638,0.3181867599487304,21200.0
2024-09-23,0.3089639640762194,0.3181867599487304,0.3089639640762194,0.3181867599487304,124900.0
2024-09-24,0.3181867599487304,0.3181867599487304,0.3135753620124749,0.3181867599487304,41900.0
2024-09-25,0.3181867646937222,0.3227981626987457,0.3135753666886988,0.3227981626987457,1100.0
2024-09-26,0.3227981626987457,0.3227981626987457,0.3227981626987457,0.3227981626987457,14200.0
2024-09-27,0.3135753620124749,0.3181867599487304,0.3135753620124749,0.3181867599487304,4000.0
2024-09-30,0.3181867646937222,0.3227981626987457,0.3181867646937222,0.3227981626987457,17100.0
2024-10-01,0.3227981529296452,0.3227981529296452,0.3135753571987152,0.3135753571987152,47500.0
2024-10-02,0.3181867599487304,0.3181867599487304,0.3135753620124749,0.3181867599487304,4500.0
2024-10-03,0.3227981626987457,0.3274095607037692,0.3227981626987457,0.3227981626987457,37100.0
2024-10-04,0.3227981529296452,0.3227981529296452,0.3135753571987152,0.3135753571987152,44400.0
2024-10-07,0.3181867550641802,0.3181867550641802,0.3135753571987152,0.3135753571987152,2600.0
2024-10-08,0.3135753571987152,0.3135753571987152,0.3135753571987152,0.3135753571987152,90300.0
2024-10-09,0.3135753571987152,0.3135753571987152,0.3135753571987152,0.3135753571987152,19000.0
2024-10-10,0.3135753571987152,0.3135753571987152,0.3135753571987152,0.3135753571987152,16800.0
2024-10-11,0.3135753571987152,0.3135753571987152,0.3135753571987152,0.3135753571987152,25600.0
2024-10-14,0.3181867599487304,0.3181867599487304,0.3135753620124749,0.3181867599487304,54500.0
2024-10-15,0.3135753571987152,0.3135753571987152,0.3135753571987152,0.3135753571987152,13900.0
2024-10-16,0.3135753571987152,0.3135753571987152,0.3135753571987152,0.3135753571987152,0.0
2024-10-17,0.3181867599487304,0.3181867599487304,0.3135753620124749,0.3181867599487304,7600.0
2024-10-18,0.3135753571987152,0.3135753571987152,0.3135753571987152,0.3135753571987152,3100.0
2024-10-21,0.3135753666886988,0.3227981626987457,0.3135753666886988,0.3227981626987457,11200.0
2024-10-22,0.3135753571987152,0.3135753571987152,0.3135753571987152,0.3135753571987152,14200.0
2024-10-23,0.3135753571987152,0.3135753571987152,0.3135753571987152,0.3135753571987152,66000.0
2024-10-24,0.3181867599487304,0.3181867599487304,0.3181867599487304,0.3181867599487304,41400.0
2024-10-25,0.3181867599487304,0.3181867599487304,0.3181867599487304,0.3181867599487304,0.0
2024-10-28,0.3135753571987152,0.3135753571987152,0.3135753571987152,0.3135753571987152,70100.0
2024-10-29,0.3135753571987152,0.3135753571987152,0.3135753571987152,0.3135753571987152,21300.0
2024-10-30,0.3227981789631375,0.3227981789631375,0.3089639842510223,0.3089639842510223,21000.0
2024-11-01,0.3089639842510223,0.3089639842510223,0.3089639842510223,0.3089639842510223,0.0
2024-11-04,0.3227981529296452,0.3227981529296452,0.3135753571987152,0.3135753571987152,2800.0
2024-11-05,0.3135753571987152,0.3135753571987152,0.3135753571987152,0.3135753571987152,10000.0
2024-11-06,0.313575382488394,0.313575382488394,0.3089639842510223,0.3089639842510223,1200.0
2024-11-07,0.3089639593332501,0.3135753571987152,0.3089639593332501,0.3135753571987152,1000.0
2024-11-08,0.3089639842510223,0.3089639842510223,0.3089639842510223,0.3089639842510223,11100.0
2024-11-11,0.3089639593332501,0.3135753571987152,0.3089639593332501,0.3135753571987152,17400.0
2024-11-12,0.3089639842510223,0.3089639842510223,0.3089639842510223,0.3089639842510223,97300.0
2024-11-13,0.3089639842510223,0.3089639842510223,0.3043525860136506,0.3089639842510223,19000.0
2024-11-14,0.3089639842510223,0.3089639842510223,0.3043525860136506,0.3089639842510223,5016000.0
2024-11-15,0.3089639842510223,0.3089639842510223,0.3089639842510223,0.3089639842510223,0.0
2024-11-18,0.3089639842510223,0.3089639842510223,0.3089639842510223,0.3089639842510223,26000.0
2024-11-19,0.3089639842510223,0.3089639842510223,0.3089639842510223,0.3089639842510223,0.0
2024-11-20,0.3043525696640559,0.3043525696640559,0.2951297461986542,0.2951297461986542,12600.0
2024-11-21,0.2951297461986542,0.2951297461986542,0.2951297461986542,0.2951297461986542,0.0
2024-11-22,0.3043525442368351,0.3043525442368351,0.299741119146347,0.299741119146347,2300.0
2024-11-25,0.3043525860136506,0.3089639842510223,0.3043525860136506,0.3089639842510223,2600.0
2024-11-26,0.3089639842510223,0.3089639842510223,0.3089639842510223,0.3089639842510223,49000.0
2024-11-27,0.3043525815010071,0.3043525815010071,0.3043525815010071,0.3043525815010071,200.0
2024-11-28,0.3089639796700054,0.3089639796700054,0.3043525815010071,0.3043525815010071,1900.0
2024-11-29,0.3089639842510223,0.3089639842510223,0.3089639842510223,0.3089639842510223,5100.0
2024-12-02,0.3089639842510223,0.3089639842510223,0.3089639842510223,0.3089639842510223,5000.0
2024-12-03,0.3135753394456158,0.3135753394456158,0.2951297215419567,0.299741119146347,1060900.0
2024-12-04,0.2997411558459075,0.3043525815010071,0.2951297576769091,0.3043525815010071,54300.0
2024-12-05,0.3043525860136506,0.3089639842510223,0.3043525860136506,0.3089639842510223,34100.0
2024-12-06,0.3089639842510223,0.3089639842510223,0.3089639842510223,0.3089639842510223,15000.0
2024-12-09,0.3089639842510223,0.3089639842510223,0.3089639842510223,0.3089639842510223,0.0
2024-12-10,0.3043525815010071,0.3043525815010071,0.3043525815010071,0.3043525815010071,5000.0
2024-12-11,0.3043525815010071,0.3043525815010071,0.3043525815010071,0.3043525815010071,0.0
2024-12-12,0.3043525442368351,0.3043525442368351,0.299741119146347,0.299741119146347,37100.0
2024-12-13,0.299741119146347,0.299741119146347,0.299741119146347,0.299741119146347,0.0
2024-12-16,0.299741119146347,0.299741119146347,0.299741119146347,0.299741119146347,100.0
2024-12-17,0.299741119146347,0.3043525442368351,0.299741119146347,0.299741119146347,500.0
2024-12-18,0.299741119146347,0.299741119146347,0.299741119146347,0.299741119146347,0.0
2024-12-19,0.2997411558459075,0.3043525815010071,0.2997411558459075,0.3043525815010071,46600.0
2024-12-20,0.299741119146347,0.299741119146347,0.299741119146347,0.299741119146347,1900.0
2024-12-23,0.2997411602901773,0.3089639842510223,0.2997411602901773,0.3089639842510223,127400.0
2024-12-24,0.3089639593332501,0.3135753571987152,0.3089639593332501,0.3135753571987152,7000.0
2024-12-26,0.3043525442368351,0.3043525442368351,0.299741119146347,0.299741119146347,18000.0
2024-12-27,0.299741119146347,0.299741119146347,0.299741119146347,0.299741119146347,0.0
2024-12-30,0.2997411558459075,0.3043525815010071,0.2997411558459075,0.3043525815010071,41400.0
2024-12-31,0.3043525815010071,0.3043525815010071,0.3043525815010071,0.3043525815010071,0.0
2025-01-02,0.3089639842510223,0.3089639842510223,0.3089639842510223,0.3089639842510223,30000.0
2025-01-03,0.3043525860136506,0.3089639842510223,0.3043525860136506,0.3089639842510223,1800.0
2025-01-06,0.3089639842510223,0.3089639842510223,0.3089639842510223,0.3089639842510223,6500.0
2025-01-07,0.3043525815010071,0.3089639796700054,0.3043525815010071,0.3043525815010071,56800.0
2025-01-08,0.3043525815010071,0.3043525815010071,0.3043525815010071,0.3043525815010071,3500.0
2025-01-09,0.3043525860136506,0.3089639842510223,0.3043525860136506,0.3089639842510223,27100.0
2025-01-10,0.3089639796700054,0.3089639796700054,0.3043525815010071,0.3043525815010071,152600.0
2025-01-13,0.3043525815010071,0.3089639796700054,0.3043525815010071,0.3043525815010071,87700.0
2025-01-14,0.3089639796700054,0.3135753778390038,0.3043525815010071,0.3043525815010071,31500.0
2025-01-15,0.3043525815010071,0.3043525815010071,0.3043525815010071,0.3043525815010071,30100.0
2025-01-16,0.3089639796700054,0.3089639796700054,0.3043525815010071,0.3043525815010071,76000.0
2025-01-17,0.3043525815010071,0.3089639796700054,0.3043525815010071,0.3043525815010071,124600.0
2025-01-20,0.3043525815010071,0.3043525815010071,0.3043525815010071,0.3043525815010071,0.0
2025-01-21,0.3043525860136506,0.3089639842510223,0.3043525860136506,0.3089639842510223,10100.0
2025-01-22,0.3043525860136506,0.3089639842510223,0.3043525860136506,0.3089639842510223,29400.0
2025-01-23,0.3043525815010071,0.3043525815010071,0.3043525815010071,0.3043525815010071,17000.0
2025-01-24,0.3043525815010071,0.3089639796700054,0.3043525815010071,0.3043525815010071,36700.0
2025-01-27,0.3043525614677851,0.3181867550641802,0.3043525614677851,0.3135753571987152,24800.0
2025-01-28,0.3043525815010071,0.3043525815010071,0.3043525815010071,0.3043525815010071,2000.0
2025-01-31,0.313575382488394,0.313575382488394,0.3043525860136506,0.3089639842510223,245200.0
2025-02-03,0.3043525860136506,0.3089639842510223,0.3043525860136506,0.3089639842510223,119800.0
2025-02-04,0.3089639842510223,0.3089639842510223,0.3089639842510223,0.3089639842510223,12000.0
2025-02-05,0.3089639842510223,0.3089639842510223,0.3043525860136506,0.3089639842510223,15400.0
2025-02-06,0.3089639842510223,0.3089639842510223,0.3089639842510223,0.3089639842510223,27000.0
2025-02-07,0.3089639842510223,0.3089639842510223,0.3089639842510223,0.3089639842510223,900.0
2025-02-10,0.3089639842510223,0.3089639842510223,0.3089639842510223,0.3089639842510223,21800.0
2025-02-11,0.3089639842510223,0.3089639842510223,0.3089639842510223,0.3089639842510223,23500.0
2025-02-12,0.3135753571987152,0.3135753571987152,0.3089639593332501,0.3135753571987152,28000.0
2025-02-13,0.3135753620124749,0.3181867599487304,0.3135753620124749,0.3181867599487304,34500.0
2025-02-14,0.3181867646937222,0.3227981626987457,0.3181867646937222,0.3227981626987457,129900.0
2025-02-17,0.3181867646937222,0.3227981626987457,0.3181867646937222,0.3227981626987457,110600.0
2025-02-18,0.3227981626987457,0.3227981626987457,0.3181867646937222,0.3227981626987457,116200.0
2025-02-19,0.322798137994335,0.3274095356464386,0.3181867403422313,0.3274095356464386,243500.0
2025-02-20,0.3274095356464386,0.3274095356464386,0.3274095356464386,0.3274095356464386,50000.0
2025-02-21,0.3227981626987457,0.3227981626987457,0.3227981626987457,0.3227981626987457,136300.0
2025-02-24,0.3227981626987457,0.3227981626987457,0.3227981626987457,0.3227981626987457,59000.0
2025-02-25,0.3227981626987457,0.3227981626987457,0.3227981626987457,0.3227981626987457,64300.0
2025-02-26,0.3181867646937222,0.3274095607037692,0.3181867646937222,0.3227981626987457,340500.0
2025-02-27,0.3181867599487304,0.3181867599487304,0.3135753620124749,0.3181867599487304,133000.0
2025-02-28,0.3227981529296452,0.3227981529296452,0.3135753571987152,0.3135753571987152,703500.0
2025-03-03,0.3181867807257658,0.3181867807257658,0.3089639842510223,0.3089639842510223,252000.0
2025-03-04,0.3135753571987152,0.3181867550641802,0.3043525614677851,0.3135753571987152,310500.0
2025-03-05,0.3181867550641802,0.3181867550641802,0.3135753571987152,0.3135753571987152,66300.0
2025-03-06,0.3135753620124749,0.3181867599487304,0.3135753620124749,0.3181867599487304,31100.0
2025-03-07,0.3181867550641802,0.3181867550641802,0.3135753571987152,0.3135753571987152,44400.0
2025-03-10,0.3181867550641802,0.3181867550641802,0.3135753571987152,0.3135753571987152,28200.0
2025-03-11,0.3135753620124749,0.3181867599487304,0.3135753620124749,0.3181867599487304,179400.0
2025-03-12,0.3181867599487304,0.322798157884986,0.3181867599487304,0.3181867599487304,130000.0
2025-03-13,0.3135753571987152,0.3135753571987152,0.3135753571987152,0.3135753571987152,37400.0
2025-03-14,0.3135753571987152,0.3181867550641802,0.3135753571987152,0.3135753571987152,68700.0
2025-03-17,0.3227981626987457,0.3227981626987457,0.3181867646937222,0.3227981626987457,42100.0
2025-03-18,0.3181867646937222,0.3227981626987457,0.3181867646937222,0.3227981626987457,72000.0
2025-03-19,0.322798137994335,0.3274095356464386,0.322798137994335,0.3274095356464386,258000.0
2025-03-20,0.322798157884986,0.322798157884986,0.3181867599487304,0.3181867599487304,49000.0
2025-03-21,0.3274095607037692,0.3274095607037692,0.3135753666886988,0.3227981626987457,63000.0
2025-03-24,0.322798157884986,0.322798157884986,0.3181867599487304,0.3181867599487304,34100.0
2025-03-25,0.322798137994335,0.3274095356464386,0.322798137994335,0.3274095356464386,209100.0
2025-03-26,0.3274095356464386,0.3274095356464386,0.3181867403422313,0.3274095356464386,26200.0
2025-03-27,0.3274095356464386,0.3274095356464386,0.3274095356464386,0.3274095356464386,0.0
2025-03-28,0.3320209607846404,0.3320209607846404,0.3274095356464386,0.3274095356464386,242500.0
2025-04-01,0.3274095356464386,0.3274095356464386,0.322798137994335,0.3274095356464386,214100.0
2025-04-02,0.3274095356464386,0.3274095356464386,0.3274095356464386,0.3274095356464386,0.0
2025-04-03,0.3274095429575999,0.3320209681987762,0.3274095429575999,0.3320209681987762,9200.0
2025-04-04,0.322798157884986,0.322798157884986,0.3181867599487304,0.3181867599487304,13200.0
2025-04-07,0.3135753778390038,0.3135753778390038,0.3043525815010071,0.3043525815010071,118500.0
2025-04-08,0.2997411602901773,0.3089639842510223,0.2997411602901773,0.3089639842510223,23000.0
2025-04-09,0.3043525815010071,0.3043525815010071,0.2951297576769091,0.3043525815010071,62400.0
2025-04-10,0.3089639842510223,0.3089639842510223,0.3089639842510223,0.3089639842510223,74800.0
2025-04-11,0.3089639593332501,0.3135753571987152,0.3043525614677851,0.3135753571987152,600.0
2025-04-14,0.3135753571987152,0.3135753571987152,0.3135753571987152,0.3135753571987152,20100.0
2025-04-15,0.3135753571987152,0.3135753571987152,0.3135753571987152,0.3135753571987152,40000.0
2025-04-16,0.313575382488394,0.313575382488394,0.3043525860136506,0.3089639842510223,48300.0
2025-04-17,0.3089639593332501,0.3135753571987152,0.3089639593332501,0.3135753571987152,1300.0
2025-04-21,0.3135753571987152,0.3135753571987152,0.3135753571987152,0.3135753571987152,800.0
2025-04-22,0.3135753620124749,0.3181867599487304,0.3089639640762194,0.3181867599487304,34300.0
2025-04-23,0.3181867550641802,0.3227981529296452,0.3135753571987152,0.3135753571987152,82300.0
2025-04-24,0.3181867646937222,0.3227981626987457,0.3181867646937222,0.3227981626987457,188400.0
2025-04-25,0.322798157884986,0.322798157884986,0.3181867599487304,0.3181867599487304,40900.0
2025-04-28,0.3227981626987457,0.3227981626987457,0.3181867646937222,0.3227981626987457,45400.0
2025-04-29,0.3181867550641802,0.3181867550641802,0.3135753571987152,0.3135753571987152,61300.0
2025-04-30,0.3135753571987152,0.3135753571987152,0.3135753571987152,0.3135753571987152,0.0
2025-05-02,0.3181867807257658,0.3181867807257658,0.3089639842510223,0.3089639842510223,20300.0
2025-05-05,0.3181867550641802,0.3181867550641802,0.3089639593332501,0.3135753571987152,27000.0
2025-05-06,0.3135753571987152,0.3135753571987152,0.3135753571987152,0.3135753571987152,40000.0
2025-05-07,0.3089639593332501,0.3135753571987152,0.3089639593332501,0.3135753571987152,70000.0
2025-05-08,0.3089639842510223,0.313575382488394,0.3089639842510223,0.3089639842510223,235400.0
2025-05-09,0.3089639640762194,0.3181867599487304,0.3089639640762194,0.3181867599487304,50500.0
2025-05-13,0.3181867646937222,0.3274095607037692,0.3135753666886988,0.3227981626987457,270700.0
2025-05-14,0.3274095607037692,0.3274095607037692,0.3181867646937222,0.3227981626987457,426600.0
2025-05-15,0.3181867646937222,0.3227981626987457,0.3181867646937222,0.3227981626987457,124100.0
2025-05-16,0.322798137994335,0.3274095356464386,0.322798137994335,0.3274095356464386,24200.0
2025-05-19,0.3274095429575999,0.3320209681987762,0.3274095429575999,0.3320209681987762,40400.0
2025-05-20,0.3274095429575999,0.3320209681987762,0.3274095429575999,0.3320209681987762,59000.0
2025-05-21,0.3320209607846404,0.3320209607846404,0.3274095356464386,0.3274095356464386,41000.0
2025-05-22,0.3274095356464386,0.3274095356464386,0.3274095356464386,0.3274095356464386,2000.0
2025-05-23,0.3227981626987457,0.3274095607037692,0.3227981626987457,0.3227981626987457,51600.0
2025-05-26,0.3320209681987762,0.3320209681987762,0.3274095429575999,0.3320209681987762,74500.0
2025-05-27,0.3320209607846404,0.3320209607846404,0.322798137994335,0.3274095356464386,30500.0
2025-05-28,0.3320209681987762,0.3320209681987762,0.3320209681987762,0.3320209681987762,41200.0
2025-05-29,0.3320209861948929,0.3320209861948929,0.3227981626987457,0.3227981626987457,83300.0
2025-05-30,0.3274095356464386,0.336632358436744,0.3274095356464386,0.3274095356464386,191600.0
2025-06-02,0.3320209607846404,0.3320209607846404,0.3274095356464386,0.3274095356464386,219700.0
2025-06-03,0.3320209681987762,0.3320209681987762,0.3274095429575999,0.3320209681987762,56900.0
2025-06-04,0.3320209681987762,0.3320209681987762,0.3274095429575999,0.3320209681987762,101700.0
2025-06-05,0.3348914682865143,0.3348914682865143,0.3301073089349102,0.3348914682865143,48300.0
2025-06-06,0.3348914682865143,0.3348914682865143,0.3301073089349102,0.3348914682865143,137200.0
2025-06-09,0.3348914682865143,0.3348914682865143,0.3348914682865143,0.3348914682865143,200.0
2025-06-10,0.3348914462601466,0.3396756052970886,0.3301072872232047,0.3396756052970886,207500.0
2025-06-11,0.3396756276381183,0.3396756276381183,0.3348914682865143,0.3348914682865143,13000.0
2025-06-12,0.3348914462601466,0.3396756052970886,0.3348914462601466,0.3396756052970886,174500.0
2025-06-13,0.3444598155055615,0.3444598155055615,0.3348914682865143,0.3348914682865143,160200.0
2025-06-16,0.3444598155055615,0.3444598155055615,0.3348914682865143,0.3348914682865143,148100.0
2025-06-17,0.3348914529250298,0.3348914529250298,0.3253231346607208,0.3253231346607208,397500.0
2025-06-18,0.3253231346607208,0.3348914529250298,0.3253231346607208,0.3253231346607208,178700.0
2025-06-19,0.3253231346607208,0.3253231346607208,0.3253231346607208,0.3253231346607208,40400.0
2025-06-20,0.3253231571124735,0.3301073165748005,0.3205389976501465,0.3205389976501465,100100.0
2025-06-23,0.3205389976501465,0.3253231571124735,0.3205389976501465,0.3205389976501465,43700.0
2025-06-24,0.3205389755285663,0.3253231346607208,0.3205389755285663,0.3253231346607208,5600.0
2025-06-25,0.3253231422301481,0.3396756199605565,0.3253231422301481,0.3301073014736175,113800.0
2025-06-26,0.3301073089349102,0.3396756276381183,0.3301073089349102,0.3348914682865143,81600.0
2025-06-27,0.3348914682865143,0.3348914682865143,0.3348914682865143,0.3348914682865143,38000.0
2025-06-30,0.3444598019123077,0.3492439610751168,0.3348914550708516,0.3444598019123077,193600.0
2025-07-01,0.3444597928498678,0.3492439518868097,0.3396756052970886,0.3396756052970886,160900.0
2025-07-02,0.3396756142336607,0.3492439610751168,0.3396756142336607,0.3444598019123077,33600.0
2025-07-03,0.3444598019123077,0.3444598019123077,0.3444598019123077,0.3444598019123077,185000.0
2025-07-04,0.3492439467689445,0.3540281057357788,0.3492439467689445,0.3540281057357788,245900.0
2025-07-07,0.3540281134772272,0.3635964316201239,0.3540281134772272,0.3588122725486755,416200.0
2025-07-08,0.3635964252108126,0.3779489306879956,0.3635964252108126,0.3731647431850433,356300.0
2025-07-09,0.3731647458363664,0.3970855694577369,0.3731647458363664,0.3923014104366302,705600.0
2025-07-10,0.392301394463461,0.392301394463461,0.3827330768108368,0.3827330768108368,251100.0
2025-07-11,0.3875172436237335,0.3970855614735571,0.3875172436237335,0.3875172436237335,63634000.0
2025-07-14,0.3875172356371489,0.3875172356371489,0.3827330768108368,0.3827330768108368,623900.0
2025-07-15,0.3827330989027229,0.3827330989027229,0.3779489398002624,0.3779489398002624,379700.0
2025-07-16,0.3827330989027229,0.3827330989027229,0.3779489398002624,0.3779489398002624,32600.0
2025-07-17,0.3779489398002624,0.3827330989027229,0.3779489398002624,0.3779489398002624,786900.0
2025-07-18,0.3779489398002624,0.3779489398002624,0.3779489398002624,0.3779489398002624,126900.0
2025-07-21,0.3827330989027229,0.3827330989027229,0.3779489398002624,0.3779489398002624,131000.0
2025-07-22,0.3827330768108368,0.3827330768108368,0.3779489179845247,0.3827330768108368,186100.0
2025-07-23,0.3827330989027229,0.3827330989027229,0.3779489398002624,0.3779489398002624,819000.0
2025-07-24,0.3827330989027229,0.3827330989027229,0.3779489398002624,0.3779489398002624,606000.0
2025-07-25,0.3827330768108368,0.3827330768108368,0.3779489179845247,0.3827330768108368,129500.0
2025-07-28,0.3827330989027229,0.3827330989027229,0.3779489398002624,0.3779489398002624,281500.0
2025-07-29,0.3827330989027229,0.3827330989027229,0.3779489398002624,0.3779489398002624,27000.0
2025-07-30,0.3779489398002624,0.3827330989027229,0.3779489398002624,0.3779489398002624,84600.0
2025-07-31,0.3779489398002624,0.3827330989027229,0.3779489398002624,0.3779489398002624,114900.0
2025-08-01,0.3779489398002624,0.3779489398002624,0.3779489398002624,0.3779489398002624,72000.0
2025-08-04,0.3779489398002624,0.3779489398002624,0.3779489398002624,0.3779489398002624,69400.0
2025-08-05,0.3779489398002624,0.3779489398002624,0.3779489398002624,0.3779489398002624,50200.0
2025-08-06,0.3779489398002624,0.3827330989027229,0.3779489398002624,0.3779489398002624,213900.0
2025-08-07,0.3779489179845247,0.3827330768108368,0.3779489179845247,0.3827330768108368,339000.0
2025-08-08,0.3827330768108368,0.3827330768108368,0.3827330768108368,0.3827330768108368,437500.0
2025-08-11,0.3827330768108368,0.3875172356371489,0.3827330768108368,0.3827330768108368,903600.0
2025-08-12,0.3827330768108368,0.3827330768108368,0.3827330768108368,0.3827330768108368,101000.0
2025-08-13,0.3827330768108368,0.3875172356371489,0.3827330768108368,0.3827330768108368,47200.0
2025-08-14,0.3827330768108368,0.3875172356371489,0.3827330768108368,0.3827330768108368,138900.0
2025-08-15,0.3827330768108368,0.3875172356371489,0.3827330768108368,0.3827330768108368,52400.0
2025-08-18,0.3827330846988216,0.3875172436237335,0.3827330846988216,0.3875172436237335,183700.0
2025-08-19,0.3827330768108368,0.3827330768108368,0.3827330768108368,0.3827330768108368,50800.0
2025-08-20,0.3827330768108368,0.3827330768108368,0.3827330768108368,0.3827330768108368,58900.0
2025-08-21,0.3827330768108368,0.3875172356371489,0.3827330768108368,0.3827330768108368,100400.0
2025-08-22,0.3827330846988216,0.3875172436237335,0.3827330846988216,0.3875172436237335,20300.0
2025-08-25,0.3875172356371489,0.3875172356371489,0.3827330768108368,0.3827330768108368,437400.0
2025-08-26,0.3827330768108368,0.3827330768108368,0.3827330768108368,0.3827330768108368,15600.0
2025-08-27,0.3827330768108368,0.3827330768108368,0.3827330768108368,0.3827330768108368,130000.0
2025-08-28,0.3827330846988216,0.3875172436237335,0.3827330846988216,0.3875172436237335,664000.0
2025-08-29,0.3875172436237335,0.3875172436237335,0.3827330846988216,0.3875172436237335,146000.0
2025-09-01,0.3827330846988216,0.3875172436237335,0.3827330846988216,0.3875172436237335,352000.0
2025-09-02,0.3875172436237335,0.3875172436237335,0.3875172436237335,0.3875172436237335,20700.0
2025-09-03,0.3875172356371489,0.3875172356371489,0.3827330768108368,0.3827330768108368,50700.0
2025-09-04,0.3827330846988216,0.3875172436237335,0.3827330846988216,0.3875172436237335,200200.0
2025-09-05,0.3827330846988216,0.3875172436237335,0.3827330846988216,0.3875172436237335,114900.0
2025-09-08,0.3827330846988216,0.3875172436237335,0.3827330846988216,0.3875172436237335,24600.0
2025-09-09,0.3827330846988216,0.3875172436237335,0.3827330846988216,0.3875172436237335,267800.0
2025-09-10,0.3875172436237335,0.3875172436237335,0.3875172436237335,0.3875172436237335,0.0
2025-09-11,0.3875172436237335,0.3875172436237335,0.3827330846988216,0.3875172436237335,106900.0
2025-09-12,0.3827330923944169,0.3970855694577369,0.3827330923944169,0.3923014104366302,73900.0
2025-09-15,0.3923014104366302,0.3970855694577369,0.3923014104366302,0.3923014104366302,77200.0
2025-09-16,0.3923014104366302,0.3970855694577369,0.3875172514155235,0.3923014104366302,254500.0
2025-09-17,0.3923014104366302,0.3970855694577369,0.3923014104366302,0.3923014104366302,82500.0
2025-09-18,0.3923014104366302,0.3970855694577369,0.3875172514155235,0.3923014104366302,259600.0
2025-09-19,0.3923014104366302,0.3923014104366302,0.3923014104366302,0.3923014104366302,0.0
2025-09-22,0.3923014104366302,0.3923014104366302,0.3923014104366302,0.3923014104366302,57000.0
2025-09-23,0.3923014104366302,0.3923014104366302,0.3923014104366302,0.3923014104366302,82700.0
2025-09-24,0.3875172436237335,0.3875172436237335,0.3875172436237335,0.3875172436237335,3000.0
2025-09-25,0.3875172436237335,0.3923014025486453,0.3875172436237335,0.3875172436237335,11600.0
2025-09-26,0.3875172356371489,0.3875172356371489,0.3827330768108368,0.3827330768108368,15900.0
2025-09-29,0.3827330768108368,0.3827330768108368,0.3827330768108368,0.3827330768108368,143200.0
2025-09-30,0.3827330923944169,0.3923014104366302,0.3827330923944169,0.3923014104366302,4400.0
2025-10-01,0.3875172436237335,0.3875172436237335,0.3875172436237335,0.3875172436237335,66500.0
2025-10-02,0.3875172436237335,0.3875172436237335,0.3875172436237335,0.3875172436237335,6000.0
2025-10-03,0.3923014025486453,0.3923014025486453,0.3875172436237335,0.3875172436237335,11000.0
2025-10-06,0.3875172356371489,0.3875172356371489,0.3827330768108368,0.3827330768108368,60300.0
2025-10-07,0.3827330768108368,0.3827330768108368,0.3827330768108368,0.3827330768108368,900.0
2025-10-08,0.3779489306879956,0.3779489306879956,0.3731647431850433,0.3731647431850433,137600.0
2025-10-09,0.3731647306423766,0.3827330768108368,0.3731647306423766,0.3827330768108368,12100.0
2025-10-10,0.382733089675111,0.382733089675111,0.3731647431850433,0.3731647431850433,17400.0
2025-10-13,0.3731647431850433,0.3731647431850433,0.3731647431850433,0.3731647431850433,23200.0
2025-10-14,0.3731647431850433,0.3731647431850433,0.3731647431850433,0.3731647431850433,10000.0
2025-10-15,0.3731647431850433,0.3731647431850433,0.3731647431850433,0.3731647431850433,500.0
2025-10-16,0.3731647431850433,0.3731647431850433,0.3731647431850433,0.3731647431850433,700.0
2025-10-17,0.3731647577081911,0.3731647577081911,0.3635964393615722,0.3635964393615722,7800.0
2025-10-21,0.3635964174866646,0.3683805763721466,0.3635964174866646,0.3683805763721466,46700.0
2025-10-22,0.3731647521819644,0.3779489398002624,0.3731647521819644,0.3779489398002624,6000.0
2025-10-23,0.368380593079504,0.3779489398002624,0.368380593079504,0.3779489398002624,600.0
2025-10-24,0.3779489398002624,0.3779489398002624,0.3779489398002624,0.3779489398002624,0.0
2025-10-27,0.3779489398002624,0.3779489398002624,0.3779489398002624,0.3779489398002624,26500.0
2025-10-28,0.3731647306423766,0.3827330768108368,0.3731647306423766,0.3827330768108368,22000.0
2025-10-29,0.3827330768108368,0.3827330768108368,0.3827330768108368,0.3827330768108368,0.0
2025-10-30,0.3779489398002624,0.3779489398002624,0.3779489398002624,0.3779489398002624,14600.0
2025-10-31,0.3827330768108368,0.3827330768108368,0.3779489179845247,0.3827330768108368,14300.0
2025-11-03,0.3827330989027229,0.3875172580051833,0.3779489398002624,0.3779489398002624,153500.0
2025-11-04,0.3779489398002624,0.3779489398002624,0.3779489398002624,0.3779489398002624,1100.0
2025-11-05,0.3779489398002624,0.3827330989027229,0.3779489398002624,0.3779489398002624,460800.0
2025-11-06,0.3846808579518343,0.3846808579518343,0.3750638171568925,0.3798723518848419,373200.0
2025-11-07,0.3846808375591524,0.3846808375591524,0.3654467856498604,0.3702552914619446,324500.0
2025-11-10,0.3750638171568925,0.3846808579518343,0.3750638171568925,0.3798723518848419,138400.0
2025-11-11,0.384680837392807,0.3942978490128166,0.384680837392807,0.384680837392807,45000.0
2025-11-12,0.3798723518848419,0.3798723518848419,0.3798723518848419,0.3798723518848419,40500.0
2025-11-13,0.3798723518848419,0.3798723518848419,0.3750638171568925,0.3798723518848419,147600.0
2025-11-14,0.3750637972740287,0.3750637972740287,0.3654467856498604,0.3702552914619446,331800.0
2025-11-17,0.375063806772232,0.375063806772232,0.375063806772232,0.375063806772232,1000.0
2025-11-18,0.375063806772232,0.375063806772232,0.375063806772232,0.375063806772232,0.0
2025-11-19,0.3702553008383761,0.375063806772232,0.3702553008383761,0.375063806772232,100500.0
2025-11-20,0.375063806772232,0.375063806772232,0.375063806772232,0.375063806772232,52000.0
2025-11-21,0.3750638181124662,0.3750638181124662,0.3654468059539795,0.3654468059539795,3900.0
2025-11-24,0.3654467949045203,0.375063806772232,0.3654467949045203,0.375063806772232,61100.0
2025-11-25,0.375063806772232,0.375063806772232,0.375063806772232,0.375063806772232,0.0
2025-11-26,0.375063806772232,0.375063806772232,0.375063806772232,0.375063806772232,10000.0
2025-11-27,0.375063806772232,0.375063806772232,0.375063806772232,0.375063806772232,25100.0
2025-11-28,0.379872341367044,0.379872341367044,0.375063806772232,0.375063806772232,32000.0
2025-12-01,0.3654467949045203,0.375063806772232,0.3654467949045203,0.375063806772232,20800.0
2025-12-02,0.3702553008383761,0.375063806772232,0.3702553008383761,0.375063806772232,115000.0
2025-12-03,0.3750638171568925,0.3798723518848419,0.3750638171568925,0.3798723518848419,110800.0
2025-12-04,0.3750638171568925,0.3798723518848419,0.3750638171568925,0.3798723518848419,22000.0
2025-12-05,0.3798723518848419,0.3798723518848419,0.3798723518848419,0.3798723518848419,0.0
2025-12-08,0.379872341367044,0.379872341367044,0.375063806772232,0.375063806772232,114400.0
2025-12-09,0.375063806772232,0.375063806772232,0.375063806772232,0.375063806772232,56000.0
2025-12-10,0.3750638181124662,0.3750638181124662,0.3654468059539795,0.3654468059539795,182800.0
2025-12-11,0.3654467869929164,0.3702552928226723,0.3558297753334045,0.3558297753334045,66000.0
2025-12-12,0.3654467965998549,0.3654467965998549,0.360638290643692,0.360638290643692,21000.0
2025-12-15,0.3654467965998549,0.3702553025560178,0.360638290643692,0.360638290643692,109400.0
2025-12-16,0.3654468059539795,0.3654468059539795,0.3654468059539795,0.3654468059539795,480800.0
2025-12-17,0.3654468059539795,0.3654468059539795,0.3606382998747361,0.3654468059539795,489200.0
2025-12-18,0.3654467965998549,0.3654467965998549,0.360638290643692,0.360638290643692,1545800.0
2025-12-19,0.3654467856498604,0.3702552914619446,0.3654467856498604,0.3702552914619446,22000.0
2025-12-22,0.3702552914619446,0.3702552914619446,0.3702552914619446,0.3702552914619446,500.0
2025-12-23,0.3702552914619446,0.3702552914619446,0.3702552914619446,0.3702552914619446,0.0
2025-12-24,0.3702552914619446,0.3702552914619446,0.3702552914619446,0.3702552914619446,0.0
2025-12-26,0.375063806772232,0.375063806772232,0.375063806772232,0.375063806772232,40900.0
2025-12-29,0.3750637972740287,0.3750637972740287,0.3702552914619446,0.3702552914619446,24900.0
2025-12-30,0.3702552914619446,0.3702552914619446,0.3702552914619446,0.3702552914619446,0.0
2025-12-31,0.375063806772232,0.375063806772232,0.375063806772232,0.375063806772232,5000.0
2026-01-02,0.3750638171568925,0.3798723518848419,0.3750638171568925,0.3798723518848419,20300.0
2026-01-05,0.3798723518848419,0.3798723518848419,0.3798723518848419,0.3798723518848419,29600.0
2026-01-06,0.379872341367044,0.379872341367044,0.3702553008383761,0.375063806772232,66700.0
2026-01-07,0.375063806772232,0.375063806772232,0.375063806772232,0.375063806772232,18200.0
2026-01-08,0.375063806772232,0.375063806772232,0.375063806772232,0.375063806772232,2800.0
2026-01-09,0.3702552914619446,0.3702552914619446,0.3654467856498604,0.3702552914619446,58200.0
2026-01-12,0.3702552914619446,0.3702552914619446,0.3702552914619446,0.3702552914619446,5600.0
2026-01-13,0.3702553120332228,0.3702553120332228,0.3654468059539795,0.3654468059539795,34800.0
2026-01-14,0.3654467856498604,0.3702552914619446,0.3654467856498604,0.3702552914619446,4600.0
2026-01-15,0.3702553008383761,0.375063806772232,0.3654467949045203,0.375063806772232,49700.0
2026-01-16,0.3750638181124662,0.3798723528526666,0.3654468059539795,0.3654468059539795,61000.0
2026-01-19,0.3702552914619446,0.3702552914619446,0.3654467856498604,0.3702552914619446,246400.0
2026-01-20,0.3702553008383761,0.375063806772232,0.3654467949045203,0.375063806772232,495400.0
2026-01-21,0.3702553008383761,0.375063806772232,0.3702553008383761,0.375063806772232,17100.0
2026-01-22,0.3702552914619446,0.3702552914619446,0.3702552914619446,0.3702552914619446,207000.0
2026-01-23,0.3750637972740287,0.3750637972740287,0.3702552914619446,0.3702552914619446,2500.0
2026-01-26,0.3702553008383761,0.375063806772232,0.3702553008383761,0.375063806772232,23700.0
2026-01-27,0.3702552914619446,0.3702552914619446,0.3702552914619446,0.3702552914619446,2900.0
2026-01-28,0.3702553008383761,0.375063806772232,0.3702553008383761,0.375063806772232,80000.0
2026-01-29,0.3750637972740287,0.3798723317470683,0.3702552914619446,0.3702552914619446,11500.0
2026-01-30,0.3702553008383761,0.375063806772232,0.3702553008383761,0.375063806772232,53500.0
2026-02-02,0.3702552914619446,0.3702552914619446,0.3702552914619446,0.3702552914619446,18000.0
2026-02-03,0.3702552914619446,0.3702552914619446,0.3702552914619446,0.3702552914619446,0.0
2026-02-04,0.3702552914619446,0.3702552914619446,0.3702552914619446,0.3702552914619446,0.0
2026-02-05,0.3702552914619446,0.3702552914619446,0.3702552914619446,0.3702552914619446,0.0
2026-02-06,0.3702552914619446,0.3702552914619446,0.3702552914619446,0.3702552914619446,100.0
2026-02-09,0.3702552914619446,0.3702552914619446,0.3654467856498604,0.3702552914619446,79100.0
2026-02-10,0.3702552914619446,0.3702552914619446,0.3702552914619446,0.3702552914619446,0.0
2026-02-11,0.3654467949045203,0.375063806772232,0.3654467949045203,0.375063806772232,12500.0
2026-02-12,0.3750637972740287,0.3750637972740287,0.3702552914619446,0.3702552914619446,12900.0
2026-02-13,0.3702552914619446,0.3702552914619446,0.3702552914619446,0.3702552914619446,400.0
2026-02-16,0.3702552914619446,0.3702552914619446,0.3702552914619446,0.3702552914619446,0.0
2026-02-19,0.3702553008383761,0.375063806772232,0.3702553008383761,0.375063806772232,300.0
2026-02-20,0.3702552914619446,0.3702552914619446,0.3702552914619446,0.3702552914619446,15100.0
2026-02-23,0.3702552914619446,0.3702552914619446,0.3654467856498604,0.3702552914619446,76100.0
2026-02-24,0.3702553120332228,0.3702553120332228,0.3654468059539795,0.3654468059539795,111100.0
2026-02-25,0.375063806772232,0.375063806772232,0.3702553008383761,0.375063806772232,79500.0
2026-02-26,0.3750637972740287,0.3750637972740287,0.3702552914619446,0.3702552914619446,31000.0
2026-02-27,0.3702552914619446,0.3702552914619446,0.3702552914619446,0.3702552914619446,16000.0
2026-03-02,0.3798723315828022,0.3894893432028118,0.3798723315828022,0.384680837392807,799900.0
2026-03-03,0.3846808559299443,0.3991063740551008,0.3846808559299443,0.3942978680133819,211900.0
2026-03-04,0.3991063645576788,0.3991063645576788,0.3894893527030945,0.3894893527030945,288600.0
2026-03-05,0.3991063732199735,0.4135319199759014,0.3942978671883165,0.4087234139442444,362800.0
2026-03-06,0.4087233936591997,0.4183404052452192,0.4087233936591997,0.4135318994522095,108200.0
2026-03-09,0.4087234147994952,0.4087234147994952,0.3894893619716631,0.3942978680133819,50000.0
2026-03-10,0.3942978680133819,0.3942978680133819,0.3942978680133819,0.3942978680133819,2000.0
2026-03-11,0.3942978671883165,0.4087234139442444,0.3942978671883165,0.4087234139442444,6000.0
2026-03-12,0.3942978671883165,0.4087234139442444,0.3894893611566594,0.4087234139442444,33100.0
2026-03-13,0.4039148592052347,0.4135318994522095,0.4039148592052347,0.4135318994522095,100100.0
2026-03-16,0.4135319199759014,0.4135319199759014,0.4087234139442444,0.4087234139442444,1000.0
2026-03-17,0.4087234034002001,0.4135319093078097,0.4039148688316345,0.4039148688316345,133000.0
2026-03-18,0.4039148792516306,0.4087234139442444,0.3991063732199735,0.4087234139442444,45100.0
2026-03-19,0.4087234139442444,0.4087234139442444,0.4087234139442444,0.4087234139442444,100.0
2026-03-20,0.4087234139442444,0.4087234139442444,0.4087234139442444,0.4087234139442444,100.0
2026-03-23,0.4039148688316345,0.4039148688316345,0.4039148688316345,0.4039148688316345,100.0
2026-03-24,0.4039148593156714,0.4039148593156714,0.399106353521347,0.399106353521347,17900.0
2026-03-25,0.3942978477270226,0.399106353521347,0.3894893419326981,0.399106353521347,104300.0
2026-03-26,0.3942978680133819,0.3942978680133819,0.3942978680133819,0.3942978680133819,50000.0
2026-03-27,0.3942978680133819,0.3942978680133819,0.3894893619716631,0.3942978680133819,44500.0
2026-03-30,0.3991063629240249,0.4039148688316345,0.3991063629240249,0.4039148688316345,90000.0
2026-03-31,0.4039148593156714,0.4087233937709512,0.399106353521347,0.399106353521347,48000.0
2026-04-01,0.3991063740551008,0.3991063740551008,0.3942978680133819,0.3942978680133819,55200.0
2026-04-02,0.3991063629240249,0.4039148688316345,0.3991063629240249,0.4039148688316345,46000.0
2026-04-06,0.4039148688316345,0.4039148688316345,0.3991063629240249,0.4039148688316345,119300.0
2026-04-07,0.403914870484971,0.403914870484971,0.3894893527030945,0.3894893527030945,60800.0
2026-04-08,0.3991063629240249,0.4039148688316345,0.3942978570164153,0.4039148688316345,78400.0
2026-04-09,0.4039148800968196,0.4039148800968196,0.3894893619716631,0.3942978680133819,216600.0
2026-04-10,0.3942978671883165,0.4135319199759014,0.3942978671883165,0.4087234139442444,425100.0
2026-04-13,0.4087234014667228,0.4375744654368557,0.4087234014667228,0.432765930891037,610600.0
2026-04-14,0.432765930891037,0.4375744654368557,0.4231489191213113,0.432765930891037,480600.0
2026-04-15,0.432765939547067,0.4664255387362658,0.432765939547067,0.4519999921321869,1012700.0
2026-04-16,0.456808506504277,0.4760425594427044,0.456808506504277,0.4712340533733368,572300.0
2026-04-17,0.471234033341314,0.471234033341314,0.45680848708548,0.4616169929504394,187300.0
2026-04-20,0.4664255473039692,0.480851065512072,0.4664255473039692,0.4712340533733368,387300.0
2026-04-21,0.471234033341314,0.471234033341314,0.4616169929504394,0.4616169929504394,219900.0
2026-04-22,0.4664255274763546,0.4664255274763546,0.4519999812205206,0.4616169929504394,204800.0
2026-04-23,0.466425548261918,0.466425548261918,0.452000001363231,0.4568085074424743,53800.0
2026-04-24,0.447191486151146,0.4519999921321869,0.4423829801701051,0.4519999921321869,109600.0
2026-04-27,0.4568085074424743,0.466425548261918,0.4568085074424743,0.4568085074424743,179800.0
2026-04-28,0.4568085074424743,0.4568085074424743,0.452000001363231,0.4568085074424743,56900.0
2026-04-29,0.4568084981132277,0.4568084981132277,0.4519999921321869,0.4519999921321869,99800.0
2026-04-30,0.4519999921321869,0.4519999921321869,0.4519999921321869,0.4519999921321869,44400.0
2026-05-04,0.4519999921321869,0.4568084981132277,0.4519999921321869,0.4519999921321869,110000.0
2026-05-05,0.452000001363231,0.4568085074424743,0.452000001363231,0.4568085074424743,20200.0
2026-05-06,0.4568084885833523,0.4568084885833523,0.4471914768218994,0.4471914768218994,50600.0
2026-05-07,0.4519999827026258,0.4519999827026258,0.4471914768218994,0.4471914768218994,31200.0
2026-05-08,0.4519999921321869,0.4519999921321869,0.4519999921321869,0.4519999921321869,50000.0
2026-05-11,0.4519999921321869,0.4568084981132277,0.4423829801701051,0.4519999921321869,112100.0
2026-05-12,0.437574485211765,0.4471914974161036,0.437574485211765,0.4423829913139343,59400.0
2026-05-13,0.4423829820046281,0.4423829820046281,0.4375744760036468,0.4375744760036468,105500.0
2026-05-14,0.4375744650604464,0.4471914768218994,0.4327659305187641,0.4471914768218994,111400.0
2026-05-15,0.4471914768218994,0.4471914768218994,0.4471914768218994,0.4471914768218994,1500.0
2026-05-18,0.4375744760036468,0.4375744760036468,0.432765941341709,0.4375744760036468,62900.0
2026-05-19,0.4327659504486385,0.4423829913139343,0.4327659504486385,0.4423829913139343,13800.0
2026-05-20,0.4327659305187641,0.4471914768218994,0.4327659305187641,0.4471914768218994,42400.0
2026-05-21,0.4375744760036468,0.4375744760036468,0.4375744760036468,0.4375744760036468,20000.0
2026-05-22,0.4375744831255009,0.4568085074424743,0.4327659483853005,0.4568085074424743,47900.0
2026-05-25,0.4568085074424743,0.4568085074424743,0.4568085074424743,0.4568085074424743,0.0
2026-05-26,0.452000001363231,0.4568085074424743,0.4423829892047443,0.4568085074424743,80700.0
2026-05-27,0.4568085074424743,0.4568085074424743,0.4568085074424743,0.4568085074424743,0.0
2026-05-28,0.4568085074424743,0.4568085074424743,0.4568085074424743,0.4568085074424743,9600.0
2026-05-29,0.4519999940065907,0.4519999940065907,0.4375744760036468,0.4375744760036468,31900.0
2026-06-02,0.4471914974161036,0.4520000035182729,0.437574485211765,0.4423829913139343,41700.0
2026-06-03,0.4423829801701051,0.4519999921321869,0.4423829801701051,0.4519999921321869,70600.0
2026-06-04,0.4699999988079071,0.4699999988079071,0.4699999988079071,0.4699999988079071,0.0
2026-06-05,0.4550000131130218,0.4600000083446502,0.4550000131130218,0.4600000083446502,56600.0
2026-06-08,0.4550000131130218,0.4600000083446502,0.449999988079071,0.4600000083446502,134000.0
2026-06-09,0.449999988079071,0.4550000131130218,0.449999988079071,0.449999988079071,44800.0
2026-06-10,0.4600000083446502,0.4600000083446502,0.4600000083446502,0.4600000083446502,100.0
2026-06-11,0.4449999928474426,0.4550000131130218,0.4449999928474426,0.4449999928474426,45600.0
2026-06-12,0.4550000131130218,0.4550000131130218,0.449999988079071,0.449999988079071,33500.0
2026-06-15,0.4550000131130218,0.4550000131130218,0.4449999928474426,0.4449999928474426,7900.0
2026-06-16,0.4449999928474426,0.4550000131130218,0.4449999928474426,0.4550000131130218,16200.0
2026-06-17,0.4550000131130218,0.4550000131130218,0.4449999928474426,0.449999988079071,29200.0
2026-06-18,0.4550000131130218,0.4550000131130218,0.449999988079071,0.449999988079071,72000.0
2026-06-19,0.449999988079071,0.4550000131130218,0.449999988079071,0.4550000131130218,43100.0
2026-06-22,0.4550000131130218,0.4550000131130218,0.449999988079071,0.449999988079071,3100.0
2026-06-23,0.4550000131130218,0.4550000131130218,0.4399999976158142,0.4399999976158142,194400.0
2026-06-24,0.449999988079071,0.449999988079071,0.4350000023841858,0.4399999976158142,1300.0
2026-06-25,0.449999988079071,0.449999988079071,0.449999988079071,0.449999988079071,100.0
2026-06-26,0.449999988079071,0.449999988079071,0.4250000119209289,0.4250000119209289,161800.0
2026-06-29,0.4449999928474426,0.4449999928474426,0.4350000023841858,0.4350000023841858,22600.0
2026-06-30,0.4350000023841858,0.4350000023841858,0.4350000023841858,0.4350000023841858,2700.0
2026-07-01,0.4449999928474426,0.4449999928474426,0.4199999868869781,0.4250000119209289,89900.0
2026-07-02,0.4199999868869781,0.4250000119209289,0.4199999868869781,0.4199999868869781,120900.0
2026-07-03,0.4300000071525574,0.4300000071525574,0.4250000119209289,0.4250000119209289,30100.0
2026-07-06,0.4300000071525574,0.4300000071525574,0.4199999868869781,0.4199999868869781,10100.0
2026-07-07,0.4199999868869781,0.4199999868869781,0.4149999916553497,0.4149999916553497,36700.0
2026-07-08,0.4300000071525574,0.4300000071525574,0.4149999916553497,0.4149999916553497,55000.0
2026-07-09,0.4300000071525574,0.4300000071525574,0.4099999964237213,0.4250000119209289,37000.0
2026-07-10,0.4250000119209289,0.4250000119209289,0.4250000119209289,0.4250000119209289,22500.0
2026-07-13,0.4300000071525574,0.4300000071525574,0.4250000119209289,0.4250000119209289,22900.0
2026-07-14,0.4300000071525574,0.4300000071525574,0.4199999868869781,0.4199999868869781,29100.0
2026-07-15,0.4350000023841858,0.4350000023841858,0.4250000119209289,0.4250000119209289,600.0
2026-07-16,0.4250000119209289,0.4250000119209289,0.4199999868869781,0.4199999868869781,76300.0
2026-07-17,0.4350000023841858,0.4350000023841858,0.4199999868869781,0.4250000119209289,12200.0
2026-07-20,0.4350000023841858,0.4350000023841858,0.4350000023841858,0.4350000023841858,200.0
2026-07-21,0.4300000071525574,0.4399999976158142,0.4149999916553497,0.4149999916553497,92200.0
2026-07-22,0.4350000023841858,0.4350000023841858,0.4149999916553497,0.4250000119209289,25500.0
2026-07-23,0.4250000119209289,0.4250000119209289,0.4199999868869781,0.4199999868869781,19300.0
2026-07-24,0.4250000119209289,0.4250000119209289,0.4250000119209289,0.4250000119209289,5200.0
2026-07-27,0.4250000119209289,0.449999988079071,0.4250000119209289,0.449999988079071,270400.0
2026-07-28,0.4399999976158142,0.4399999976158142,0.4199999868869781,0.4199999868869781,77000.0
2026-07-29,0.449999988079071,0.449999988079071,0.4300000071525574,0.4300000071525574,2200.0
2026-07-30,0.4350000023841858,0.4550000131130218,0.4350000023841858,0.449999988079071,221600.0
2026-07-31,0.4550000131130218,0.4550000131130218,0.4550000131130218,0.4550000131130218,5500.0
2026-08-03,0.4550000131130218,0.4550000131130218,0.4550000131130218,0.4550000131130218,8100.0
2026-08-04,0.4550000131130218,0.4600000083446502,0.449999988079071,0.4550000131130218,58500.0
2026-08-05,0.4550000131130218,0.4550000131130218,0.4399999976158142,0.4399999976158142,45900.0
2026-08-06,0.4399999976158142,0.4399999976158142,0.4350000023841858,0.4399999976158142,85800.0
2026-08-07,0.4399999976158142,0.4399999976158142,0.4350000023841858,0.4350000023841858,5900.0
2026-08-11,0.4900000095367431,0.5,0.4850000143051147,0.4950000047683716,980100.0
2026-08-12,0.4950000047683716,0.4950000047683716,0.4850000143051147,0.4900000095367431,96800.0
2026-08-13,0.4950000047683716,0.5049999952316284,0.4950000047683716,0.5,535000.0
2026-08-14,0.5049999952316284,0.5099999904632568,0.5049999952316284,0.5099999904632568,293500.0
2026-08-17,0.5099999904632568,0.5199999809265137,0.5049999952316284,0.5049999952316284,117800.0
2026-08-18,0.5049999952316284,0.5049999952316284,0.5049999952316284,0.5049999952316284,46200.0
2026-08-19,0.5,0.5049999952316284,0.4950000047683716,0.4950000047683716,179300.0
2026-08-20,0.5,0.5049999952316284,0.5,0.5,142900.0
2026-08-21,0.5,0.5,0.4950000047683716,0.5,156700.0
2026-08-24,0.5,0.5,0.5,0.5,43000.0
2026-08-25,0.5,0.5,0.4950000047683716,0.4950000047683716,29000.0
2026-08-26,0.4900000095367431,0.5,0.4900000095367431,0.4900000095367431,70100.0
2026-08-27,0.4950000047683716,0.4950000047683716,0.4900000095367431,0.4900000095367431,48100.0
2026-08-28,0.4900000095367431,0.4950000047683716,0.4900000095367431,0.4900000095367431,23500.0
2026-08-31,0.4900000095367431,0.4900000095367431,0.4900000095367431,0.4900000095367431,72000.0
2026-09-01,0.4900000095367431,0.4950000047683716,0.4900000095367431,0.4900000095367431,71400.0
2026-09-02,0.4900000095367431,0.5049999952316284,0.4900000095367431,0.5049999952316284,107000.0
2026-09-03,0.5,0.5099999904632568,0.5,0.5,48600.0
2026-09-04,0.5,0.5,0.4950000047683716,0.5,44800.0
2026-09-07,0.5,0.5049999952316284,0.4950000047683716,0.4950000047683716,203600.0
2026-09-08,0.4950000047683716,0.5049999952316284,0.4950000047683716,0.5049999952316284,100000.0
2026-09-09,0.5049999952316284,0.5049999952316284,0.5,0.5,31100.0
2026-09-10,0.4950000047683716,0.5049999952316284,0.4950000047683716,0.4950000047683716,99900.0
2026-09-11,0.4950000047683716,0.5,0.4950000047683716,0.4950000047683716,43900.0
2026-09-14,0.4950000047683716,0.4950000047683716,0.4950000047683716,0.4950000047683716,24700.0
2026-09-15,0.4950000047683716,0.5,0.4950000047683716,0.5,29300.0
2026-09-16,0.5,0.5,0.4950000047683716,0.4950000047683716,86200.0
2026-09-17,0.4950000047683716,0.4950000047683716,0.4900000095367431,0.4950000047683716,57000.0
2026-09-18,0.5,0.5,0.5,0.5,6000.0
2026-09-21,0.4950000047683716,0.5,0.4950000047683716,0.4950000047683716,53800.0
2026-09-22,0.4950000047683716,0.5,0.4950000047683716,0.4950000047683716,192500.0
2026-09-23,0.5,0.5,0.4950000047683716,0.5,60300.0
2026-09-24,0.5,0.5049999952316284,0.5,0.5049999952316284,37900.0
2026-09-25,0.5049999952316284,0.5049999952316284,0.5,0.5,23300.0
2026-09-28,0.5,0.5,0.5,0.5,123600.0
2026-09-29,0.5,0.5,0.4950000047683716,0.5,94600.0
2026-09-30,0.5,0.5,0.4950000047683716,0.5,202200.0
2026-10-01,0.5,0.5049999952316284,0.4950000047683716,0.4950000047683716,201700.0
2026-10-02,0.5,0.5049999952316284,0.5,0.5049999952316284,140500.0
