date,open,high,low,close,volume
2016-10-03,2.215123822055467,2.215123822055467,2.2013653022426283,2.208244562149048,1058500.0
2016-10-04,2.2013648977087814,2.228881932277791,2.2013648977087814,2.215123414993286,3203800.0
2016-10-05,2.194485639066529,2.2426404495622956,2.194485639066529,2.215123414993286,5218600.0
2016-10-06,2.228881932277791,2.235761190920043,2.215123414993286,2.215123414993286,3255900.0
2016-10-07,2.208244562149048,2.215123822055467,2.1876067824297896,2.208244562149048,4062000.0
2016-10-10,2.215123414993286,2.215123414993286,2.2013648977087814,2.215123414993286,2070000.0
2016-10-11,2.2220025302252675,2.2288817884235255,2.187606239233977,2.201364755630493,3455200.0
2016-10-12,2.1944860013982157,2.20824452095439,2.180727481842041,2.180727481842041,6645700.0
2016-10-13,2.173848222063954,2.201365261176303,2.173848222063954,2.180727481842041,6078100.0
2016-10-14,2.1876063804242767,2.2220026736355383,2.180727121782024,2.215123414993286,3795400.0
2016-10-17,2.2220026484900908,2.2357611656188965,2.187606355668077,2.2357611656188965,5569700.0
2016-10-18,2.2288822426935866,2.2357615022939115,2.2220029830932617,2.2220029830932617,3749300.0
2016-10-19,2.2082442709854773,2.256399083981058,2.2082442709854773,2.2495198249816895,6401300.0
2016-10-20,2.263278554383947,2.290795592951675,2.256399294742015,2.270157814025879,5795900.0
2016-10-21,2.270157814025879,2.270157814025879,2.270157814025879,2.270157814025879,3110500.0
2016-10-24,2.283915971520505,2.3251916868482043,2.270157454416092,2.304553747177124,8146900.0
2016-10-25,2.3114331475655794,2.338950347477401,2.3045538885912413,2.318312406539917,4570800.0
2016-10-26,2.311433653712919,2.3183129141936463,2.297675132751465,2.297675132751465,1596800.0
2016-10-27,2.2976745138067156,2.311433031061917,2.277036737923913,2.2839159965515137,5083700.0
2016-10-28,2.270157883853744,2.2839164035608066,2.2563993641466813,2.2770371437072754,5614400.0
2016-10-31,2.2563993641466813,2.3114334429749324,2.2563993641466813,2.2770371437072754,4197600.0
2016-11-01,2.277036737923913,2.311433031061917,2.277036737923913,2.2839159965515137,4453300.0
2016-11-02,2.2632784138779485,2.2839161915225357,2.256399154663086,2.256399154663086,3182900.0
2016-11-03,2.2426406362333613,2.270157673092811,2.2357613770184988,2.256399154663086,5900300.0
2016-11-04,2.2563989413121046,2.2563989413121046,2.2220026484900908,2.2357611656188965,5455025.0
2016-11-07,2.256399154663086,2.2839161915225357,2.2495198954482234,2.256399154663086,7552600.0
2016-11-08,2.2770371437072754,2.2976749232678695,2.242640844439619,2.2770371437072754,6101100.0
2016-11-09,2.3045537724343164,2.3045537724343164,2.208244151647904,2.2839159965515137,7558700.0
2016-11-10,2.318312264281537,2.318312264281537,2.2907952300727112,2.304553747177124,8661400.0
2016-11-11,2.283916333309743,2.304554112235538,2.242640775458151,2.270157814025879,8366000.0
2016-11-14,2.2632785264237034,2.304554083765382,2.2632785264237034,2.2907955646514893,8989600.0
2016-11-15,2.3114330768585205,2.3114330768585205,2.29079530056682,2.3114330768585205,4916200.0
2016-11-16,2.3183129141936463,2.3320715991696077,2.297675132751465,2.297675132751465,5918100.0
2016-11-17,2.3045538885912413,2.325191829528726,2.2976746296169037,2.318312406539917,6095400.0
2016-11-18,2.318312406539917,2.338950347477401,2.3114331475655794,2.318312406539917,3807791.0
2016-11-21,2.3320710885030635,2.3320710885030635,2.3114331475655794,2.318312406539917,4531600.0
2016-11-22,2.338950228223333,2.3527087454705145,2.3251917109761515,2.345829486846924,8070500.0
2016-11-23,2.359588075359682,2.380225851853768,2.3320710400342346,2.3527088165283203,10693800.0
2016-11-24,2.3527090966521595,2.3939846545547794,2.3320713177008496,2.3802261352539062,7953000.0
2016-11-25,2.4008641039161196,2.4696567058563232,2.393984843722099,2.4696567058563232,16354800.0
2016-11-28,2.4696562552097707,2.483414773087248,2.4421392194548157,2.4490184783935547,10011700.0
2016-11-29,2.455897737332293,2.4765355141485093,2.4283807015773387,2.4490184783935547,5792500.0
2016-11-30,2.483414482881579,2.483414482881579,2.3939841271285864,2.4215011596679688,11421700.0
2016-12-01,2.4215011396391906,2.5040524005889893,2.4215011396391906,2.5040524005889893,16136000.0
2016-12-02,2.4765351769231945,2.5040523729456527,2.455897402917187,2.4627766609191895,5263500.0
2016-12-05,2.476535345121997,2.524690318421003,2.476535345121997,2.5178110599517822,8070100.0
2016-12-06,2.5246903896331787,2.559086682949476,2.5178111309699194,2.5246903896331787,7627500.0
2016-12-07,2.5384483337402344,2.545327590850055,2.5040520481911313,2.5384483337402344,4846000.0
2016-12-08,2.545328093828666,2.545328093828666,2.50405254301334,2.5178110599517822,5375300.0
2016-12-09,2.524690123182668,2.531569381119905,2.4834144115448,2.4834144115448,7926200.0
2016-12-12,2.524689819520593,2.5384483337402344,2.490293369957062,2.5384483337402344,7054900.0
2016-12-13,2.538448643889876,2.5522071597905436,2.524690127989208,2.54532790184021,6714700.0
2016-12-14,2.538448643889876,2.559086417740877,2.5315693859395423,2.54532790184021,6975500.0
2016-12-15,2.524690123182668,2.531569381119905,2.462776637733089,2.4834144115448,6259500.0
2016-12-16,2.4902936742230923,2.5659656756912113,2.4834144162727587,2.54532790184021,18173535.0
2016-12-19,2.545327997312731,2.545327997312731,2.510931706270894,2.531569480895996,2944700.0
2016-12-20,2.5453280445310345,2.5866035945469403,2.5453280445310345,2.559086561203003,6558500.0
2016-12-21,2.579724479283306,2.586603738000816,2.572845220565796,2.572845220565796,4052900.0
2016-12-22,2.5590866107671086,2.57284512770555,2.50405254301334,2.5178110599517822,5490300.0
2016-12-23,2.483415226244364,2.497173910646905,2.4558981854682824,2.4696567058563232,4206200.0
2016-12-27,2.449018192413646,2.4971731633760728,2.449018192413646,2.4902937412261963,1728600.0
2016-12-28,2.4696559461848104,2.510931658666935,2.4696559461848104,2.5040524005889893,2138300.0
2016-12-29,2.490293669482037,2.504052349370957,2.469655895670326,2.4834144115448,1828300.0
2016-12-30,2.497173910646905,2.5040531708409257,2.4696567058563232,2.4696567058563232,4032400.0
2017-01-03,2.469655895670326,2.490293669482037,2.449018121858615,2.4834144115448,2690600.0
2017-01-04,2.4765353696992376,2.497173309326172,2.4765353696992376,2.497173309326172,2621400.0
2017-01-05,2.504052448062527,2.559086513729466,2.490293767631339,2.531569480895996,7537200.0
2017-01-06,2.517810937782348,2.5315694540531983,2.476535224955346,2.4902937412261963,5212100.0
2017-01-09,2.4902937204186477,2.5246901748228265,2.4902937204186477,2.5040524005889893,2646100.0
2017-01-10,2.483414673639158,2.545328165622957,2.483414673639158,2.5246903896331787,7695800.0
2017-01-11,2.5384487391043637,2.552207255521098,2.510931706270894,2.531569480895996,4670400.0
2017-01-12,2.538448527598939,2.586603331045217,2.5315692699637564,2.579724073410034,7746200.0
2017-01-13,2.5797245243596616,2.6141208185482303,2.572845265521948,2.6003623008728027,6781300.0
2017-01-16,2.607241103950764,2.607241103950764,2.5728448157748516,2.579724073410034,2089100.0
2017-01-17,2.579724479283306,2.579724479283306,2.5522074444132654,2.572845220565796,2921600.0
2017-01-18,2.5797243107070997,2.6553961516548146,2.5728450524391255,2.648516893386841,11076600.0
2017-01-19,2.6416378990906093,2.6416378990906093,2.60036234535821,2.6278793811798096,7484500.0
2017-01-20,2.627878769776747,2.676033735275269,2.627878769776747,2.676033735275269,5162300.0
2017-01-23,2.682913902673128,2.69667242204975,2.627879661152151,2.6553966999053955,5315700.0
2017-01-24,2.655396456253941,2.7379477289534973,2.6485171971968504,2.7173099517822266,12079600.0
2017-01-25,2.7379476315387703,2.7379476315387703,2.696672078664791,2.7310683727264404,6966800.0
2017-01-26,2.73106849678066,2.7517062741550857,2.6897929420318074,2.696672201156616,7924000.0
2017-01-27,2.73106849678066,2.73106849678066,2.6897929420318074,2.696672201156616,1653900.0
2017-01-31,2.6691553592681885,2.689793138147336,2.6485174163745544,2.6691553592681885,4851000.0
2017-02-01,2.648517402149291,2.737947940826416,2.648517402149291,2.737947940826416,4967100.0
2017-02-02,2.7379470514690967,2.7379470514690967,2.662275056551096,2.676033735275269,5144529.0
2017-02-03,2.669155164657381,2.703551460281425,2.64851722326848,2.696672201156616,3756700.0
2017-02-06,2.7035508155822754,2.7104300730666298,2.682913043129212,2.7035508155822754,3201400.0
2017-02-07,2.689793109893799,2.71731014811029,2.6760345907855534,2.689793109893799,3580100.0
2017-02-08,2.703550764694748,2.703550764694748,2.6691544779203986,2.676033735275269,4741400.0
2017-02-09,2.6829136564967753,2.731068469896407,2.6829136564967753,2.7173099517822266,5392000.0
2017-02-10,2.6966715580979206,2.717309330550984,2.682913043129212,2.7035508155822754,4953900.0
2017-02-13,2.717309978531042,2.717309978531042,2.6829136829069986,2.696672201156616,3588100.0
2017-02-14,2.710431012685486,2.710431012685486,2.6553967697176204,2.662276029586792,7269700.0
2017-02-15,2.6691545281605027,2.7104300730666298,2.6691545281605027,2.7035508155822754,7544700.0
2017-02-16,2.7035516290020447,2.7241894076644133,2.6760345907855534,2.689793109893799,7234200.0
2017-02-17,2.6966725787618153,2.7173103590260745,2.682914058585643,2.7104310989379883,14442200.0
2017-02-20,2.696672059319784,2.710430576845745,2.6691550242678623,2.6829135417938232,5842500.0
2017-02-21,2.71043060629069,2.717309865128404,2.572845265521948,2.6003623008728027,18825700.0
2017-02-22,2.6278788768563115,2.6278788768563115,2.5315692699637564,2.579724073410034,20036700.0
2017-02-23,2.572845200275995,2.572845200275995,2.5040526136434003,2.5246903896331787,14299600.0
2017-02-24,2.5315693859395423,2.586603449542213,2.524690127989208,2.54532790184021,11336800.0
2017-02-27,2.524690318421003,2.545328093828666,2.4971732845441195,2.5178110599517822,3934900.0
2017-02-28,2.4971731425110435,2.5315694329007723,2.4902937204186477,2.5040524005889893,9001000.0
2017-03-01,2.4971727394977927,2.517810510400945,2.4902933185156515,2.5109312534332275,4533800.0
2017-03-02,2.5384489069596974,2.565965941612735,2.5109318723066596,2.5246903896331787,12059300.0
2017-03-03,2.517810916744881,2.5315694329007723,2.4971731425110435,2.5040524005889893,6908600.0
2017-03-06,2.5109320180275065,2.5178112770900007,2.4696562996380673,2.4765355587005615,11524700.0
2017-03-07,2.476535153607563,2.4971730914337207,2.469655895670326,2.4834144115448,9270900.0
2017-03-08,2.4834148177630557,2.497173499902518,2.4696562996380673,2.4765355587005615,10921000.0
2017-03-09,2.483414434925197,2.483414434925197,2.455897402917187,2.4627766609191895,5640200.0
2017-03-10,2.4627766609191895,2.483414434925197,2.455897402917187,2.4627766609191895,2902200.0
2017-03-13,2.4696567058563232,2.476535966050343,2.4627774456623026,2.4696567058563232,2473000.0
2017-03-14,2.4765355141485093,2.4765355141485093,2.4421392194548157,2.4490184783935547,4562100.0
2017-03-15,2.449018192413646,2.4971731633760728,2.442138934278221,2.4902937412261963,30157704.0
2017-03-16,2.5109318014825615,2.5384488353594454,2.4971732845441195,2.5178110599517822,7586800.0
2017-03-17,2.524690195917773,2.538448712188623,2.4902937412261963,2.4902937412261963,5782800.0
2017-03-20,2.497173910646905,2.5040531708409257,2.4558981854682824,2.4696567058563232,3995200.0
2017-03-21,2.455897666191086,2.476535442409477,2.442139148712158,2.442139148712158,5042400.0
2017-03-22,2.4283808254027677,2.4421393439818044,2.4146223068237305,2.4146223068237305,6484800.0
2017-03-23,2.4215013019526355,2.4490183361088875,2.414622043413573,2.4352598190307617,2630000.0
2017-03-24,2.4352598190307617,2.4490183361088875,2.4215013019526355,2.4352598190307617,4716700.0
2017-03-27,2.4146221652331916,2.421501424119319,2.39398438857481,2.4008636474609375,4709300.0
2017-03-28,2.400863385263432,2.4215011596679688,2.400863385263432,2.4215011596679688,8882500.0
2017-03-29,2.435259628911179,2.469655918921192,2.4283803709091765,2.4627766609191895,6770200.0
2017-03-30,2.46277692493055,2.46277692493055,2.4352598899726945,2.442139148712158,4656400.0
2017-03-31,2.4421392457938103,2.455897763819676,2.4283807277679443,2.4283807277679443,6993200.0
2017-04-03,2.421501372493767,2.449018407451622,2.4146221137543034,2.442139148712158,4325800.0
2017-04-04,2.43525967593766,2.4421389340725055,2.414621901533123,2.4215011596679688,4416800.0
2017-04-05,2.4283807015773387,2.4627769962710317,2.4283807015773387,2.4490184783935547,5751600.0
2017-04-06,2.442138815635353,2.455897331237793,2.4215010422316925,2.455897331237793,3975200.0
2017-04-07,2.4558975946479507,2.4558975946479507,2.4283805604916986,2.4352598190307617,4131200.0
2017-04-10,2.4421389340725055,2.4421389340725055,2.4077426433982776,2.4215011596679688,2696100.0
2017-04-11,2.428380683005446,2.435259941891573,2.4008636474609375,2.4008636474609375,4583700.0
2017-04-12,2.4077426433982776,2.43525967593766,2.400863385263432,2.4215011596679688,2662300.0
2017-04-13,2.4146223068237305,2.435260084692286,2.4008637882446933,2.4146223068237305,2283100.0
2017-04-17,2.4077429594751676,2.4077429594751676,2.359588146209717,2.359588146209717,5854300.0
2017-04-18,2.3802257545729417,2.400863530223553,2.35958797892233,2.366467237472534,3983900.0
2017-04-19,2.3733468756034695,2.3939846545547794,2.3458298370017228,2.3802261352539062,10248000.0
2017-04-20,2.3802260103761372,2.421501566113249,2.352708973218063,2.4146223068237305,7868700.0
2017-04-21,2.4283808254027677,2.4490186032713233,2.4008637882446933,2.4146223068237305,7776500.0
2017-04-24,2.4421389340725055,2.4421389340725055,2.387104868993741,2.4215011596679688,4974200.0
2017-04-25,2.421501372493767,2.46277692493055,2.400863596275376,2.442139148712158,5894600.0
2017-04-26,2.4558975946479507,2.469656111726077,2.4215013019526355,2.4352598190307617,6510600.0
2017-04-27,2.4421392457938103,2.449018504806743,2.4146222097420784,2.4283807277679443,4493800.0
2017-04-28,2.421501372493767,2.449018407451622,2.400863596275376,2.442139148712158,9033600.0
2017-05-02,2.4352598899726945,2.455897666191086,2.421501372493767,2.442139148712158,5378200.0
2017-05-03,2.4283805604916986,2.4490183361088875,2.4215013019526355,2.4352598190307617,2434600.0
2017-05-04,2.4352603898452925,2.4352603898452925,2.4004709888824354,2.414386749267578,4543600.0
2017-05-05,2.4004709888824354,2.414386749267578,2.379597348304721,2.414386749267578,3250800.0
2017-05-08,2.428302509652721,2.4352603898452925,2.4004709888824354,2.414386749267578,4353700.0
2017-05-09,2.414386749267578,2.4352603898452925,2.4004709888824354,2.414386749267578,3705000.0
2017-05-11,2.3935130749492246,2.4213445953271777,2.379597314760248,2.3865551948547363,7703300.0
2017-05-12,2.5117968035098848,2.6927018350710767,2.5117968035098848,2.6161651611328125,41995400.0
2017-05-15,2.6231230947884883,2.685744011122945,2.6092073356030534,2.657912492752075,15508400.0
2017-05-16,2.5952915227860136,2.6231230405817456,2.567460004990281,2.6161651611328125,14563200.0
2017-05-17,2.6092069149017334,2.630080550314278,2.602249036430885,2.6092069149017334,7893300.0
2017-05-18,2.5744177006532647,2.588333458557694,2.56745982170105,2.56745982170105,10422400.0
2017-05-19,2.574418161928498,2.574418161928498,2.5396287609339807,2.553544521331787,7059800.0
2017-05-22,2.5465862227239175,2.5952913761138916,2.539628343668207,2.5952913761138916,6515300.0
2017-05-23,2.602249346715492,2.602249346715492,2.57441782951355,2.57441782951355,5217600.0
2017-05-24,2.588333458557694,2.595291337509909,2.560501942748835,2.56745982170105,5598200.0
2017-05-25,2.56050181388855,2.574417571092652,2.539628178082396,2.56050181388855,6716300.0
2017-05-26,2.56050190382756,2.56050190382756,2.539628267288208,2.539628267288208,5291300.0
2017-05-29,2.5326700355580742,2.539627913435065,2.504838358161217,2.511796236038208,4435800.0
2017-05-30,2.511796236038208,2.5187541139151985,2.497880480284226,2.511796236038208,2137500.0
2017-05-31,2.4909224059190116,2.497880283247153,2.449175141950162,2.4630908966064453,40331300.0
2017-06-01,2.449175141950162,2.5117960379034363,2.449175141950162,2.4630908966064453,13485200.0
2017-06-02,2.4770066512627285,2.48396452859087,2.4630908966064453,2.4630908966064453,4052000.0
2017-06-05,2.463091156109047,2.4839647902926445,2.463091156109047,2.4770069122314453,4132100.0
2017-06-06,2.4630914830343986,2.470049362019114,2.435259967095534,2.4561336040496826,6868698.0
2017-06-07,2.4491756862602676,2.4561335651347433,2.428302049636841,2.428302049636841,6459300.0
2017-06-08,2.428301681224616,2.4422174368623244,2.414385925586908,2.4213438034057617,4254100.0
2017-06-09,2.4213440215090944,2.428301899954682,2.3935125077267454,2.40742826461792,5788300.0
2017-06-12,2.4074286130953246,2.4213443720008176,2.400470733642578,2.400470733642578,2871600.0
2017-06-13,2.407428902238325,2.456134064257258,2.4004710219499055,2.44221830368042,6938400.0
2017-06-14,2.4491751194000244,2.456132996664103,2.428301487607788,2.4491751194000244,6372300.0
2017-06-15,2.4352603898452925,2.442218270037864,2.4074288690750065,2.414386749267578,8443407.0
2017-06-16,2.4143857330796306,2.456132996664103,2.4143857330796306,2.4491751194000244,15966100.0
2017-06-19,2.449175725064966,2.483965119988547,2.449175725064966,2.4561336040496826,4878200.0
2017-06-20,2.470049362019114,2.490922998973263,2.4561336040496826,2.4561336040496826,6971000.0
2017-06-21,2.442217807385792,2.442217807385792,2.421344170762365,2.428302049636841,3368900.0
2017-06-22,2.44221830368042,2.456134064257258,2.4213446628151627,2.44221830368042,2786700.0
2017-06-23,2.442217807385792,2.442217807385792,2.4143862918878893,2.428302049636841,3437500.0
2017-06-27,2.4352595590434705,2.4352595590434705,2.4213438034057617,2.4213438034057617,2047700.0
2017-06-28,2.421344061907413,2.4491755761541105,2.407428304784064,2.4352598190307617,2373800.0
2017-06-29,2.4561331925000327,2.463091070318887,2.4213438034057617,2.4213438034057617,3728600.0
2017-06-30,2.39351244092478,2.39351244092478,2.316975614270524,2.330891370773315,26145600.0
2017-07-03,2.3308919233074605,2.3308919233074605,2.275228884101461,2.296102523803711,7448300.0
2017-07-04,2.3030601833565063,2.3239338210616465,2.296102304121459,2.3100180625915527,5916100.0
2017-07-05,2.310017736019128,2.3378492490247114,2.310017736019128,2.330891370773315,4677000.0
2017-07-06,2.3378499445164023,2.365681631690593,2.3239341838737833,2.3517658710479736,10918000.0
2017-07-07,2.330891719089117,2.3378495983802603,2.3100180812156865,2.3239338397979736,5641500.0
2017-07-10,2.3239338210616465,2.344807458766786,2.3100180625915527,2.3100180625915527,5771500.0
2017-07-11,2.316975355148315,2.3448068650413223,2.3100174776750637,2.316975355148315,5543200.0
2017-07-12,2.316975812472244,2.330891570165435,2.3030600547790527,2.3030600547790527,5798200.0
2017-07-13,2.2961020265479632,2.3100177833357947,2.275228391366216,2.282186269760132,9153300.0
2017-07-14,2.2961019795163367,2.3378492490247114,2.2821862230135452,2.330891370773315,5164300.0
2017-07-17,2.344807327858626,2.344807327858626,2.2891442970858615,2.3030600547790527,6955800.0
2017-07-18,2.296102175932457,2.316975812472244,2.296102175932457,2.3030600547790527,3654500.0
2017-07-19,2.3030601833565063,2.3239338210616465,2.296102304121459,2.3100180625915527,3785000.0
2017-07-20,2.3100180625915527,2.344807458766786,2.3030601833565063,2.3100180625915527,5611800.0
2017-07-21,2.323933513041244,2.3448071479797363,2.316975634728413,2.3448071479797363,6724400.0
2017-07-24,2.3378499445164023,2.3587237513692836,2.3169763035524737,2.3517658710479736,4232700.0
2017-07-25,2.3517651921814715,2.3587230704943023,2.3378492696669055,2.3448071479797363,3650600.0
2017-07-26,2.358723402142618,2.358723402142618,2.31697596050683,2.3239338397979736,3708800.0
2017-07-27,2.3308919233074605,2.3308919233074605,2.282186764002211,2.296102523803711,5688900.0
2017-07-28,2.296102304121459,2.3239338210616465,2.289144424886413,2.3100180625915527,3316600.0
2017-07-31,2.3100180812156865,2.330891719089117,2.2821865640511128,2.3239338397979736,4494400.0
2017-08-01,2.3308914999488217,2.3448072572228096,2.316975742674834,2.337849378585815,3140700.0
2017-08-02,2.3448069392498465,2.4004701266863746,2.3308911838629367,2.39351224899292,8575600.0
2017-08-03,2.393512466858648,2.400470345185433,2.3587230752247237,2.379596710205078,5758000.0
2017-08-04,2.393512466858648,2.393512466858648,2.3656809535515086,2.379596710205078,3558500.0
2017-08-07,2.386554808319934,2.386554808319934,2.3448073686256192,2.3656811714172363,3509800.0
2017-08-08,2.3656809535515086,2.386554588531863,2.351765196897939,2.379596710205078,2200500.0
2017-08-10,2.379596710205078,2.393512466858648,2.3587230752247237,2.379596710205078,5462200.0
2017-08-11,2.261312551627866,2.2821861860439165,2.2195652827957644,2.226523160934448,25327400.0
2017-08-14,2.2543546734891824,2.2543546734891824,2.1986916483797136,2.226523160934448,13258600.0
2017-08-15,2.2265233599830245,2.2265233599830245,2.177818208658056,2.1986918449401855,10243700.0
2017-08-16,2.184776087418766,2.2126076024616053,2.1708601640084315,2.1986918449401855,7479600.0
2017-08-17,2.1986915663791655,2.2197652665946963,2.1916668321617734,2.205716133117676,4806700.0
2017-08-18,2.184642542204321,2.2127409801971467,2.1776179745758406,2.1986918449401855,5947700.0
2017-08-21,2.184642116154788,2.1916666824133357,2.1635684173791447,2.17761754989624,8134500.0
2017-08-22,2.1776176591794965,2.2338143595469675,2.1776176591794965,2.212740659713745,12774400.0
2017-08-23,2.2197654247283936,2.2338145592062593,2.205716290250528,2.2197654247283936,4950500.0
2017-08-24,2.233814789292078,2.275962197066913,2.219765653367133,2.261913061141968,7678800.0
2017-08-25,2.275962197066913,2.275962197066913,2.24083935725455,2.261913061141968,2908500.0
2017-08-28,2.261913133199807,2.311085110503587,2.261913133199807,2.290011405944824,6647000.0
2017-08-29,2.2829864428867928,2.290011009858058,2.2478636080304657,2.2759618759155273,6311200.0
2017-08-30,2.290011046067442,2.325133881479127,2.282986478985105,2.311084747314453,7737000.0
2017-08-31,2.33215856552124,2.3813307050425148,2.31810943065199,2.33215856552124,11826700.0
2017-09-04,2.297036015977203,2.3040605842914266,2.268937742720307,2.282986879348755,5682300.0
2017-09-05,2.282986478985105,2.31810931439679,2.282986478985105,2.311084747314453,4598800.0
2017-09-06,2.311084828782233,2.3251339634421515,2.2759619921324368,2.2970356941223145,5046300.0
2017-09-07,2.318109678689842,2.318109678689842,2.275962269572316,2.290011405944824,4784400.0
2017-09-08,2.2829864428867928,2.290011009858058,2.268937308944262,2.2759618759155273,3651900.0
2017-09-11,2.275962197066913,2.282986765029385,2.261913061141968,2.261913061141968,2343700.0
2017-09-12,2.2759618759155273,2.290011009858058,2.268937308944262,2.2759618759155273,3668100.0
2017-09-13,2.2829861653835524,2.3251335620880127,2.275961599266142,2.3251335620880127,7253700.0
2017-09-14,2.3181095950022743,2.339183298800242,2.282986755338995,2.304060459136963,7183000.0
2017-09-15,2.311085027069619,2.311085027069619,2.282986755338995,2.304060459136963,4596500.0
2017-09-18,2.31810931439679,2.3462075827261386,2.304060180232116,2.311084747314453,2752200.0
2017-09-19,2.311084828782233,2.3251339634421515,2.2900111267923555,2.2970356941223145,1950900.0
2017-09-20,2.297035974131078,2.318109678689842,2.28298683775857,2.290011405944824,2241200.0
2017-09-21,2.282986879348755,2.3181097209198747,2.268937742720307,2.282986879348755,4728700.0
2017-09-22,2.2829864835119897,2.2829864835119897,2.2548882151269263,2.268937349319458,4440700.0
2017-09-25,2.275962197066913,2.282986765029385,2.247863925217023,2.261913061141968,3760900.0
2017-09-26,2.25488837814339,2.261912945747495,2.2127409725187612,2.2408392429351807,7716600.0
2017-09-27,2.2338145138381287,2.2829864835119897,2.2338145138381287,2.268937349319458,6059300.0
2017-09-28,2.268937712612866,2.28298684905489,2.2408394397288167,2.247864007949829,4206600.0
2017-09-29,2.233814239501953,2.247863371969102,2.2197651070348043,2.233814239501953,5734200.0
2017-10-02,2.2548884931794952,2.2689376291044403,2.24083935725455,2.261913061141968,2426200.0
2017-10-03,2.2619131443918534,2.268937712612866,2.2408394397288167,2.247864007949829,2799800.0
2017-10-04,2.2548882151269263,2.275961916415724,2.2478636480306604,2.268937349319458,5679900.0
2017-10-05,2.268937344820431,2.31810931439679,2.268937344820431,2.311084747314453,12093500.0
2017-10-06,2.3110848632173644,2.34620770039049,2.290011160913489,2.33215856552124,4451700.0
2017-10-09,2.3391832073500045,2.374306213119062,2.332158639691974,2.3602569103240967,4872100.0
2017-10-10,2.3602568693839805,2.381330739471437,2.3532323018477954,2.367281436920166,4617600.0
2017-10-11,2.37430629622651,2.3883554320343308,2.325134153420226,2.346207857131958,6754300.0
2017-10-12,2.3602564732480795,2.3743057734413733,2.3462073405336588,2.353231906890869,5564300.0
2017-10-13,2.3532324250358685,2.3672815608436895,2.3321587213241366,2.346207857131958,4410000.0
2017-10-16,2.3462077750080352,2.367281477982128,2.332158639691974,2.3602569103240967,3330400.0
2017-10-17,2.3602569103240967,2.374306213119062,2.3462077750080352,2.3602569103240967,2947100.0
2017-10-19,2.3532322267412837,2.3602567940532704,2.3321585248053225,2.3391830921173096,4356900.0
2017-10-20,2.339183132955865,2.34620770039049,2.3110848632173644,2.33215856552124,4001400.0
2017-10-23,2.3321585248053225,2.3532322267412837,2.3251339574933354,2.3391830921173096,2134500.0
2017-10-24,2.3532322678251156,2.3532322678251156,2.325133998086615,2.33215856552124,2620400.0
2017-10-25,2.3251339574933354,2.3462076594292967,2.3181093901813488,2.3391830921173096,2140800.0
2017-10-26,2.325134153420226,2.3532324250358685,2.325134153420226,2.346207857131958,2614800.0
2017-10-27,2.3391831667754244,2.374306171935252,2.3391831667754244,2.367281436920166,5844600.0
2017-10-30,2.3743061203597624,2.4024043898941434,2.3743061203597624,2.388355255126953,5997000.0
2017-10-31,2.367281426044159,2.388355296034796,2.367281426044159,2.381330728530884,3960400.0
2017-11-01,2.374306079931071,2.3953797817230225,2.374306079931071,2.3953797817230225,3604700.0
2017-11-02,2.388355255126953,2.3953798225105483,2.3532322507300796,2.388355255126953,2862800.0
2017-11-03,2.395379863538708,2.4024044310426205,2.367281426044159,2.381330728530884,3852100.0
2017-11-06,2.381330769559756,2.381330769559756,2.360256899206029,2.3743062019348145,6012300.0
2017-11-07,2.3672815608436895,2.3883554320343308,2.339183289228047,2.346207857131958,9920200.0
2017-11-08,2.346207857131958,2.360256992939779,2.3181095855163156,2.346207857131958,6363400.0
2017-11-09,2.3532324250358685,2.360256992939779,2.339183289228047,2.346207857131958,2702400.0
2017-11-10,2.339182694322833,2.353231826557653,2.3251335620880127,2.3251335620880127,3584900.0
2017-11-13,2.33215856552124,2.339183132955865,2.325133998086615,2.33215856552124,4623700.0
2017-11-14,2.325134054184439,2.325134054184439,2.219765540122866,2.2408392429351807,18216800.0
2017-11-15,2.247863925217023,2.2689376291044403,2.24083935725455,2.261913061141968,8286300.0
2017-11-16,2.2689371926023374,2.2689371926023374,2.212740659713745,2.212740659713745,13331600.0
2017-11-17,2.240839126445192,2.247863693684125,2.2197654247283936,2.2197654247283936,3381600.0
2017-11-20,2.2197652665946963,2.2267898333332066,2.1986915663791655,2.205716133117676,4677600.0
2017-11-21,2.205716093102671,2.226789792935893,2.205716093102671,2.212740659713745,5445600.0
2017-11-22,2.2267896732683785,2.2408388057355273,2.2197651070348043,2.233814239501953,5845800.0
2017-11-23,2.240839126445192,2.240839126445192,2.212740857489461,2.2197654247283936,2915200.0
2017-11-24,2.23381499677656,2.23381499677656,2.2197658595466825,2.226790428161621,3400300.0
2017-11-27,2.226789991967326,2.2338145592062593,2.212740857489461,2.2197654247283936,3377600.0
2017-11-28,2.2338143595469675,2.2338143595469675,2.212740659713745,2.212740659713745,6676400.0
2017-11-29,2.2197654247283936,2.2197654247283936,2.205716290250528,2.2197654247283936,1210100.0
2017-11-30,2.205716142522766,2.2197652760596913,2.191666841506958,2.191666841506958,10349900.0
2017-12-01,2.198691526491597,2.2478634927691155,2.1916667924016444,2.212740659713745,7748386.0
2017-12-04,2.212740699856186,2.212740699856186,2.1916668321617734,2.205716133117676,2627600.0
2017-12-05,2.1986915757543035,2.205716142522766,2.191666841506958,2.191666841506958,2303500.0
2017-12-06,2.191668211858014,2.1986929504976107,2.149520784894357,2.163569927215576,11393500.0
2017-12-07,2.163569927215576,2.177619069536795,2.163569927215576,2.163569927215576,4343400.0
2017-12-08,2.17761754989624,2.184642116154788,2.1635684173791447,2.17761754989624,3810200.0
2017-12-11,2.1846422257905704,2.219765226324819,2.1776176591794965,2.212740659713745,4505900.0
2017-12-12,2.1986916161850427,2.205716183082677,2.17059318111562,2.1846423149108887,3878000.0
2017-12-13,2.1916667924016444,2.2408389261580415,2.1776176591794965,2.212740659713745,5666700.0
2017-12-14,2.205716133117676,2.212740699856186,2.1916668321617734,2.205716133117676,2599300.0
2017-12-15,2.191666841506958,2.205716142522766,2.1776177079700325,2.191666841506958,7497800.0
2017-12-18,2.1986914161507536,2.2057159824093016,2.1705929836376923,2.17761754989624,6317100.0
2017-12-19,2.17761754989624,2.1916666824133357,2.1705929836376923,2.17761754989624,8266600.0
2017-12-20,2.170593738555908,2.184642875959202,2.149520032450969,2.170593738555908,5129300.0
2017-12-21,2.170593738555908,2.184642875959202,2.163569169854262,2.170593738555908,4527900.0
2017-12-22,2.170593738555908,2.184642875959202,2.170593738555908,2.170593738555908,1981900.0
2017-12-26,2.177618307257555,2.177618307257555,2.163569169854262,2.170593738555908,1161400.0
2017-12-27,2.177618307257555,2.184642875959202,2.163569169854262,2.170593738555908,1880700.0
2017-12-28,2.1705944983761856,2.177619069536795,2.1565453560549668,2.163569927215576,3294400.0
2017-12-29,2.163569169854262,2.184642875959202,2.163569169854262,2.170593738555908,4783500.0
2018-01-02,2.177617698684753,2.2267898333332066,2.1705931319462426,2.205716133117676,4915000.0
2018-01-03,2.2197654247283936,2.2338145592062593,2.212740857489461,2.2197654247283936,6291700.0
2018-01-04,2.233814789292078,2.2689376291044403,2.2267902213296056,2.261913061141968,6151100.0
2018-01-05,2.268937712612866,2.2759622808338777,2.2338148715078043,2.247864007949829,4614400.0
2018-01-08,2.2689376291044403,2.2900113329918574,2.2548884931794952,2.261913061141968,6177300.0
2018-01-09,2.2759619981731296,2.2759619981731296,2.247863728778716,2.2548882961273193,3030200.0
2018-01-10,2.268937712612866,2.268937712612866,2.2338148715078043,2.247864007949829,5106000.0
2018-01-11,2.25488837814339,2.25488837814339,2.2408392429351807,2.2408392429351807,2508800.0
2018-01-12,2.247863693684125,2.2548882609230576,2.212740857489461,2.2197654247283936,3948600.0
2018-01-15,2.2267901077269707,2.25488837814339,2.2267901077269707,2.2408392429351807,2232800.0
2018-01-16,2.2478638105392856,2.261912945747495,2.2338146753310757,2.2408392429351807,3927300.0
2018-01-17,2.2478636080304657,2.2829864428867928,2.2408390410592003,2.2759618759155273,5339600.0
2018-01-18,2.275962408466192,2.275962408466192,2.212741290931744,2.226790428161621,6135500.0
2018-01-19,2.2197658595466825,2.247864134006438,2.212741290931744,2.226790428161621,4409700.0
2018-01-22,2.2338146753310757,2.2478638105392856,2.219765540122866,2.2408392429351807,3518100.0
2018-01-23,2.247863728778716,2.261912863475923,2.2338145940815095,2.2548882961273193,4027200.0
2018-01-24,2.261912863475923,2.261912863475923,2.2408391614301126,2.2548882961273193,3049300.0
2018-01-25,2.2548882961273193,2.268937430824526,2.2408391614301126,2.2548882961273193,3671400.0
2018-01-26,2.254888576170841,2.268937712612866,2.247864007949829,2.247864007949829,2003500.0
2018-01-29,2.2548882151269263,2.2900110506082556,2.2478636480306604,2.268937349319458,5786900.0
2018-01-30,2.268937430824526,2.2829865655217327,2.2548882961273193,2.2548882961273193,4217700.0
2018-01-31,2.247864007949829,2.254888576170841,2.2408394397288167,2.247864007949829,4704500.0
2018-02-01,2.240839126445192,2.247863693684125,2.2197654247283936,2.2197654247283936,4621600.0
2018-02-02,2.2197654247283936,2.226789991967326,2.198691723011595,2.2197654247283936,2989500.0
2018-02-05,2.1986914161507536,2.1986914161507536,2.17761754989624,2.17761754989624,5945600.0
2018-02-06,2.1424949169158936,2.156544050733397,2.114396649280887,2.1424949169158936,7541200.0
2018-02-07,2.1565446584055334,2.177618365069947,2.121421813964844,2.121421813964844,8129800.0
2018-02-08,2.128445823278465,2.135470390319824,2.107372122154388,2.135470390319824,6539800.0
2018-02-09,2.086298345159264,2.114396612302869,2.086298345159264,2.107372045516968,6753600.0
2018-02-12,2.107372398257231,2.142495238065736,2.107372398257231,2.128446102142334,7576100.0
2018-02-13,2.128445945420552,2.142495080309488,2.1073722430871484,2.114396810531616,5009400.0
2018-02-14,2.1143969343104874,2.1214215021661804,2.0862986628877156,2.093323230743408,6396400.0
2018-02-15,2.114396966218932,2.128446102142334,2.10034783029553,2.128446102142334,3018800.0
2018-02-19,2.142494876734952,2.163568577065985,2.12844574318093,2.149519443511963,3531900.0
2018-02-20,2.1424949169158936,2.1495194838246454,2.1214212161896384,2.1424949169158936,5149300.0
2018-02-21,2.1424962137337475,2.1705944983761856,2.135471642573138,2.163569927215576,5159500.0
2018-02-22,2.1495195244025425,2.1565440914439016,2.1214212562371064,2.135470390319824,5122600.0
2018-02-23,2.163568839318879,2.205716412568666,2.1565442716903984,2.1986918449401855,9738400.0
2018-02-26,2.2267902213296056,2.261913061141968,2.219765653367133,2.261913061141968,10896400.0
2018-02-27,2.2689376291044403,2.282986765029385,2.24083935725455,2.261913061141968,7563800.0
2018-02-28,2.2829864835119897,2.2829864835119897,2.2548882151269263,2.268937349319458,7417900.0
2018-03-01,2.2478636480306604,2.268937349319458,2.226789946741863,2.268937349319458,5865632.0
2018-03-02,2.254887938202676,2.2619125044362507,2.233814239501953,2.233814239501953,4928800.0
2018-03-05,2.2408389763650796,2.2408389763650796,2.191666841506958,2.191666841506958,5783400.0
2018-03-06,2.212740857489461,2.2338145592062593,2.205716290250528,2.2197654247283936,3324600.0
2018-03-07,2.21274054080123,2.233814239501953,2.1986914083340814,2.233814239501953,6748500.0
2018-03-08,2.2338146753310757,2.2478638105392856,2.2127409725187612,2.2408392429351807,5293800.0
2018-03-09,2.247863925217023,2.275962197066913,2.24083935725455,2.261913061141968,6389500.0
2018-03-12,2.275962197066913,2.2900113329918574,2.261913061141968,2.261913061141968,4603300.0
2018-03-13,2.261912782223192,2.2900110506082556,2.2478636480306604,2.268937349319458,7610300.0
2018-03-14,2.261913061141968,2.275962197066913,2.247863925217023,2.261913061141968,3261200.0
2018-03-15,2.247863728778716,2.2759619981731296,2.2338145940815095,2.2548882961273193,3350200.0
2018-03-16,2.2689376291044403,2.275962197066913,2.247863925217023,2.261913061141968,9408000.0
2018-03-19,2.247863728778716,2.261912863475923,2.2408391614301126,2.2548882961273193,1955200.0
2018-03-20,2.2408394397288167,2.254888576170841,2.2267903032867924,2.247864007949829,4326300.0
2018-03-21,2.247863728778716,2.268937430824526,2.2408391614301126,2.2548882961273193,3809100.0
2018-03-22,2.268937430824526,2.268937430824526,2.247863728778716,2.2548882961273193,3087900.0
2018-03-23,2.23381499677656,2.2408395653914988,2.212741290931744,2.226790428161621,8098700.0
2018-03-26,2.2197658595466825,2.2408395653914988,2.212741290931744,2.226790428161621,2890400.0
2018-03-27,2.2338148715078043,2.247864007949829,2.2267903032867924,2.247864007949829,3421500.0
2018-03-28,2.23381499677656,2.2408395653914988,2.212741290931744,2.226790428161621,6021695.0
2018-03-29,2.233814239501953,2.247863371969102,2.21274054080123,2.233814239501953,7695100.0
2018-04-02,2.2408391614301126,2.2759619981731296,2.2408391614301126,2.2548882961273193,5088400.0
2018-04-03,2.233814239501953,2.2408388057355273,2.2197651070348043,2.233814239501953,4402600.0
2018-04-04,2.2338158063006586,2.240840377461268,2.135471642573138,2.163569927215576,14044900.0
2018-04-05,2.1916666824133357,2.2057159824093016,2.17761754989624,2.17761754989624,5108700.0
2018-04-06,2.17059328657697,2.2338145592062593,2.156544152099104,2.2197654247283936,9407600.0
2018-04-09,2.212740659713745,2.2338143595469675,2.1916667924016444,2.212740659713745,3002600.0
2018-04-10,2.198691723011595,2.2197654247283936,2.1916669882937687,2.2197654247283936,4055800.0
2018-04-11,2.2267896732683785,2.2408388057355273,2.2057159745676556,2.233814239501953,5971800.0
2018-04-12,2.2338145592062593,2.2338145592062593,2.198691723011595,2.2197654247283936,3049400.0
2018-04-13,2.226790428161621,2.23381499677656,2.2197658595466825,2.226790428161621,2148300.0
2018-04-16,2.233814239501953,2.233814239501953,2.21274054080123,2.233814239501953,2433900.0
2018-04-17,2.2338143595469675,2.2338143595469675,2.212740659713745,2.212740659713745,3340900.0
2018-04-18,2.233814239501953,2.2408388057355273,2.2197651070348043,2.233814239501953,4428000.0
2018-04-19,2.2338145940815095,2.268937430824526,2.2267900267329064,2.2548882961273193,4968200.0
2018-04-20,2.261912863475923,2.268937430824526,2.2338145940815095,2.2548882961273193,2700700.0
2018-04-23,2.261913061141968,2.2689376291044403,2.247863925217023,2.261913061141968,3219000.0
2018-04-24,2.261913061141968,2.2689376291044403,2.247863925217023,2.261913061141968,1990400.0
2018-04-25,2.2478636480306604,2.268937349319458,2.2478636480306604,2.268937349319458,2208000.0
2018-04-26,2.268937349319458,2.2829864835119897,2.261912782223192,2.268937349319458,2430700.0
2018-04-27,2.275962269572316,2.304060542317333,2.275962269572316,2.290011405944824,6123000.0
2018-04-30,2.297035974131078,2.311085110503587,2.290011405944824,2.290011405944824,5203400.0
2018-05-02,2.290011323271651,2.304060459136963,2.268937619473683,2.304060459136963,4924400.0
2018-05-03,2.311238214411568,2.318415965932398,2.2753494568074166,2.282527208328247,3274700.0
2018-05-04,2.2968826293945312,2.311238131923846,2.275349375600559,2.2968826293945312,2485000.0
2018-05-07,2.2968826293945312,2.3040603806591884,2.282527126865216,2.2968826293945312,2182600.0
2018-05-08,2.311238361519792,2.3471271214082297,2.311238361519792,2.339949369430542,6732700.0
2018-05-09,2.3399492914265223,2.3543047949033458,2.318416036211287,2.3327715396881104,6877900.0
2018-05-10,2.3255937136643716,2.3255937136643716,2.296882707627826,2.304060459136963,11259600.0
2018-05-11,2.232282857229633,2.2825272908224545,2.2179273536691415,2.268171787261963,14173000.0
2018-05-14,2.26817138964527,2.289704641211169,2.2609936391233036,2.2753491401672363,4704000.0
2018-05-15,2.289704959849077,2.3040604628907375,2.2753494568074166,2.282527208328247,9717500.0
2018-05-16,2.2753495390422085,2.2825272908224545,2.2609940354817173,2.268171787261963,7026700.0
2018-05-17,2.282527126865216,2.2968826293945312,2.268171624335902,2.2968826293945312,4532700.0
2018-05-18,2.296882626437002,2.3255936314586623,2.2753493726707563,2.318415880203247,6593500.0
2018-05-21,2.3327715396881104,2.3399492914265223,2.318416036211287,2.3327715396881104,4485600.0
2018-05-22,2.3255936314586623,2.3327713827140775,2.311238128947832,2.318415880203247,3004000.0
2018-05-23,2.3255937136643716,2.3255937136643716,2.282527204609554,2.304060459136963,7490400.0
2018-05-24,2.31841595844802,2.339949212940996,2.3040604554527024,2.3255937099456787,5104401.0
2018-05-25,2.3327716174528543,2.3471271214082297,2.325593865475167,2.339949369430542,4341700.0
2018-05-28,2.325593787949699,2.347127043164934,2.318416036211287,2.3327715396881104,4055300.0
2018-05-30,2.318415880203247,2.3327713827140775,2.296882626437002,2.318415880203247,6994500.0
2018-05-31,2.339949212940996,2.339949212940996,2.289704952457385,2.3255937099456787,32650600.0
2018-06-01,2.347127043164934,2.347127043164934,2.3112382844728754,2.3327715396881104,5236552.0
2018-06-04,2.3255935480858794,2.354304552078247,2.3255935480858794,2.354304552078247,4885700.0
2018-06-05,2.3614821434020996,2.36865989391486,2.3327711413510577,2.3614821434020996,5156600.0
2018-06-06,2.354304552078247,2.375837805072523,2.3184157970877872,2.354304552078247,9579700.0
2018-06-07,2.3471262454986572,2.361481744096793,2.332770746900522,2.3471262454986572,3930700.0
2018-06-08,2.339949212940996,2.347126964438655,2.311238206950361,2.3255937099456787,2984000.0
2018-06-11,2.339949369430542,2.339949369430542,2.318416113497479,2.339949369430542,2869400.0
2018-06-12,2.3327716174528543,2.339949369430542,2.311238361519792,2.339949369430542,3357300.0
2018-06-13,2.325593865475167,2.339949369430542,2.311238361519792,2.339949369430542,3954600.0
2018-06-14,2.3184157970877872,2.354304552078247,2.311238046089695,2.354304552078247,11355400.0
2018-06-18,2.354304552078247,2.361482303076339,2.3255935480858794,2.354304552078247,7111100.0
2018-06-19,2.3327711443429666,2.339948894864933,2.246638138079371,2.2753491401672363,15089400.0
2018-06-20,2.260993893411011,2.260993893411011,2.2179272143045523,2.2394604682922363,12397700.0
2018-06-21,2.2322828028386574,2.2322828028386574,2.1892162932065258,2.2035717964172363,14807900.0
2018-06-22,2.18921596350805,2.2538158893585205,2.18921596350805,2.2538158893585205,9072000.0
2018-06-25,2.2322828028386574,2.246638477180465,2.1892162932065258,2.2035717964172363,7677600.0
2018-06-26,2.1963939666748047,2.2251049720748273,2.1892162153247994,2.1963939666748047,3803800.0
2018-06-27,2.2035717964172363,2.225105051233302,2.1892162932065258,2.2035717964172363,5828100.0
2018-06-28,2.1963938088584745,2.2035715596927408,2.1676828055214084,2.1820383071899414,6906200.0
2018-06-29,2.1892162153247994,2.2179272207248215,2.1820384639747936,2.1963939666748047,7169100.0
2018-07-02,2.1963938088584745,2.2035715596927408,2.1533273038528757,2.1820383071899414,5108000.0
2018-07-03,2.1820385416011705,2.217927299627947,2.16768303839046,2.2035717964172363,8046900.0
2018-07-04,2.1892160580242077,2.1963938088584745,2.174860556355675,2.1820383071899414,3847300.0
2018-07-05,2.167682647705078,2.189215898640167,2.160504897393382,2.167682647705078,3589100.0
2018-07-06,2.1820382280213533,2.1820382280213533,2.153327225725979,2.1748604774475098,3392800.0
2018-07-09,2.1820385416011705,2.2035717964172363,2.1748607899958152,2.2035717964172363,3363400.0
2018-07-10,2.2035717964172363,2.217927299627947,2.1892162932065258,2.2035717964172363,7023200.0
2018-07-11,2.174860556355675,2.2035715596927408,2.1676828055214084,2.1820383071899414,2240600.0
2018-07-12,2.167682647705078,2.1963936489518634,2.167682647705078,2.167682647705078,3441900.0
2018-07-13,2.174860719172216,2.18203847054383,2.153327465057373,2.153327465057373,6317000.0
2018-07-16,2.1605048179626465,2.174860318058261,2.1533270679148395,2.1605048179626465,3193300.0
2018-07-17,2.1605052164289873,2.1676829678006015,2.1317942109425303,2.153327465057373,4311600.0
2018-07-18,2.153327465057373,2.174860719172216,2.146149713685759,2.153327465057373,3223800.0
2018-07-19,2.1533273038528757,2.1963938088584745,2.146149553018609,2.1820383071899414,6165200.0
2018-07-20,2.1892160580242077,2.2035715596927408,2.160505054687142,2.1820383071899414,3692800.0
2018-07-23,2.1748607899958152,2.2107495480225916,2.16768303839046,2.2035717964172363,6514600.0
2018-07-24,2.196394044811881,2.217927299627947,2.1892162932065258,2.2035717964172363,5378900.0
2018-07-25,2.2035717180248104,2.210749469374816,2.1892162153247994,2.1963939666748047,6029300.0
2018-07-26,2.2035717180248104,2.232282723424833,2.1820384639747936,2.1963939666748047,7681400.0
2018-07-27,2.196394044811881,2.2035717964172363,2.1892162932065258,2.2035717964172363,5779300.0
2018-07-30,2.2035717964172363,2.2107495480225916,2.1892162932065258,2.2035717964172363,2595100.0
2018-07-31,2.2035716207055542,2.246638298034668,2.2035716207055542,2.246638298034668,12787900.0
2018-08-01,2.253816205986784,2.275349460585025,2.2394605317901948,2.2609939575195312,5911700.0
2018-08-02,2.2753493021666884,2.2753493021666884,2.246638298034668,2.246638298034668,4828900.0
2018-08-03,2.2609936398828983,2.268171390407276,2.239460217178694,2.2538158893585205,4023600.0
2018-08-06,2.268171787261963,2.2968827943829457,2.268171787261963,2.268171787261963,5533600.0
2018-08-07,2.282527126865216,2.311238131923846,2.282527126865216,2.2968826293945312,6923600.0
2018-08-08,2.311238210646099,2.3184159621552354,2.304060459136963,2.304060459136963,3465700.0
2018-08-10,2.311238774690311,2.311238774690311,2.2753500083861877,2.289705514907837,3628200.0
2018-08-13,2.253816049067673,2.2753493021666884,2.246638298034668,2.246638298034668,4754900.0
2018-08-14,2.304060532734463,2.3614825466417573,2.296882780996052,2.3327715396881104,14201800.0
2018-08-15,2.325592997601454,2.354303994797725,2.3040597497042516,2.3471262454986572,9481600.0
2018-08-16,2.347126642376579,2.36865989391486,2.3327711413510577,2.3614821434020996,8057300.0
2018-08-17,2.3543048733859173,2.3686603773412926,2.325593865475167,2.339949369430542,5210600.0
2018-08-20,2.3508323180547426,2.358087966416492,2.336321021331244,2.343576669692993,2819400.0
2018-08-21,2.329065751981058,2.343577051065997,2.300043153811179,2.314554452896118,6251700.0
2018-08-23,2.329065751981058,2.329065751981058,2.28553185472624,2.314554452896118,7835300.0
2018-08-24,2.3000429655008303,2.336321210242987,2.292787316552399,2.3290655612945557,5255600.0
2018-08-27,2.321809818185416,2.3363211154937744,2.321809818185416,2.3363211154937744,977200.0
2018-08-28,2.343576669692993,2.37985491150174,2.3290653729694943,2.343576669692993,4781200.0
2018-08-29,2.35083270072937,2.358088350272213,2.3363214016436844,2.35083270072937,2403800.0
2018-08-30,2.343577051065997,2.3508327006084664,2.314554452896118,2.314554452896118,3359400.0
2018-08-31,2.285531995566018,2.321810245513916,2.285531995566018,2.321810245513916,7856700.0
2018-09-03,2.314554164940097,2.314554164940097,2.2855315703809485,2.3000428676605225,3870900.0
2018-09-04,2.2927872190207355,2.3072985163003095,2.2855315703809485,2.3000428676605225,2856100.0
2018-09-05,2.3000430577409032,2.3072987069803124,2.278276110022676,2.285531759262085,5272700.0
2018-09-06,2.3000426722961973,2.3000426722961973,2.278275728225708,2.278275728225708,5182900.0
2018-09-07,2.278276110022676,2.3000430577409032,2.2637646385555343,2.285531759262085,3513400.0
2018-09-10,2.285531759262085,2.292787408501494,2.2710204607832667,2.285531759262085,4143500.0
2018-09-11,2.2855313762492044,2.3000426722961973,2.2637642591904212,2.278275728225708,3583600.0
2018-09-12,2.2710204607832667,2.3000430577409032,2.2710204607832667,2.285531759262085,6530000.0
2018-09-13,2.2927873134613037,2.3145542602772515,2.2782760155840047,2.2927873134613037,6916600.0
2018-09-14,2.3072991371154785,2.34357739007565,2.2927878359314104,2.3072991371154785,7677700.0
2018-09-17,2.3000426722961973,2.3000426722961973,2.2637642591904212,2.278275728225708,6504200.0
2018-09-18,2.2565089220333197,2.2565089220333197,2.227486325941056,2.249253273010254,6976800.0
2018-09-19,2.249253273010254,2.2565089220333197,2.234741974964122,2.249253273010254,5835500.0
2018-09-20,2.249253178491306,2.2855315950704487,2.2419975297731396,2.2565088272094727,4519500.0
2018-09-21,2.2710201740264893,2.2855314706729977,2.249253056068425,2.2710201740264893,7443200.0
2018-09-24,2.271020441994975,2.292787389533123,2.2637646198272705,2.2637646198272705,3185100.0
2018-09-25,2.278276110022676,2.292787408501494,2.2710204607832667,2.285531759262085,3493400.0
2018-09-26,2.3072986113386023,2.321809909215901,2.2927873134613037,2.2927873134613037,4001800.0
2018-09-27,2.307298945534757,2.336321545493075,2.307298945534757,2.321810245513916,10506260.0
2018-09-28,2.343576764147954,2.3580880614563124,2.3290654668395954,2.3363211154937744,6594300.0
2018-10-01,2.336321739483615,2.3508330406676836,2.2927878359314104,2.3072991371154785,4180400.0
2018-10-02,2.300043153811179,2.343577051065997,2.300043153811179,2.314554452896118,4165800.0
2018-10-03,2.336321401523527,2.336321401523527,2.307298803353649,2.314554452896118,2367900.0
2018-10-04,2.321809912346124,2.343576859191418,2.3072986144492615,2.3290655612945557,3994000.0
2018-10-05,2.321810102438588,2.329065751981058,2.300043153811179,2.314554452896118,3046700.0
2018-10-08,2.314554164940097,2.314554164940097,2.2855315703809485,2.3000428676605225,2916300.0
2018-10-09,2.3072986113386023,2.321809909215901,2.271020366645355,2.2927873134613037,5049400.0
2018-10-10,2.3072983203196937,2.3072983203196937,2.278275728225708,2.278275728225708,3058800.0
2018-10-11,2.24925317419343,2.256508822897732,2.2202305793762207,2.2202305793762207,6479700.0
2018-10-12,2.2202305793762207,2.2347418767848253,2.1839523358547095,2.2202305793762207,6373000.0
2018-10-15,2.2129750223684823,2.2202306713734288,2.1694411283388035,2.17669677734375,7900400.0
2018-10-16,2.1839518547058105,2.1984631489174156,2.176696207600008,2.1839518547058105,4991400.0
2018-10-17,2.212975025177002,2.2274863232053113,2.1984637271486926,2.212975025177002,3103200.0
2018-10-18,2.205718796023218,2.205718796023218,2.176696207600008,2.1839518547058105,8366100.0
2018-10-19,2.176696207600008,2.205718796023218,2.176696207600008,2.1839518547058105,4226300.0
2018-10-22,2.191208078134538,2.2202306741911566,2.1839524291203833,2.212975025177002,4373000.0
2018-10-23,2.212975025177002,2.2202306741911566,2.191208078134538,2.212975025177002,5751700.0
2018-10-24,2.212974836782503,2.234741781971908,2.205719188386034,2.2274861335754395,5513800.0
2018-10-25,2.1984636374641413,2.2565088272094727,2.191207988745975,2.2565088272094727,5169800.0
2018-10-26,2.234741759421917,2.2710201740264893,2.220230462775408,2.2710201740264893,4592700.0
2018-10-29,2.2710201740264893,2.2855314706729977,2.263764352714934,2.2710201740264893,2268200.0
2018-10-30,2.249253321468505,2.271020441994975,2.241997672289122,2.2637646198272705,4298300.0
2018-10-31,2.26376454471839,2.2927873134613037,2.2492532468410915,2.2927873134613037,8182100.0
2018-11-01,2.2927873134613037,2.3072986113386023,2.2782760155840047,2.2927873134613037,3080200.0
2018-11-02,2.321810102438588,2.336321401523527,2.300043153811179,2.314554452896118,5357000.0
2018-11-05,2.3072983203196937,2.3072983203196937,2.256508611166925,2.278275728225708,2847400.0
2018-11-07,2.321810245513916,2.3290658955034953,2.307298945534757,2.321810245513916,6069200.0
2018-11-08,2.336321401523527,2.336321401523527,2.300043153811179,2.314554452896118,3433300.0
2018-11-09,2.285531759262085,2.3000430577409032,2.2710204607832667,2.285531759262085,4905100.0
2018-11-12,2.285532185339376,2.321810438299547,2.278276534747342,2.3072991371154785,2792900.0
2018-11-13,2.285531995566018,2.3508328454722345,2.285531995566018,2.321810245513916,11539600.0
2018-11-14,2.343577051065997,2.343577051065997,2.300043153811179,2.314554452896118,5324700.0
2018-11-15,2.3290654668395954,2.3508324128021334,2.307298520877057,2.3363211154937744,5146900.0
2018-11-16,2.3508326056791105,2.358088254928589,2.3363213071801545,2.358088254928589,6473000.0
2018-11-19,2.358088254928589,2.358088254928589,2.3363213071801545,2.358088254928589,4293500.0
2018-11-20,2.3363214016436844,2.35083270072937,2.3363214016436844,2.35083270072937,4793000.0
2018-11-21,2.3508324128021334,2.3508324128021334,2.3290654668395954,2.3363211154937744,4753900.0
2018-11-22,2.3290655612945557,2.336321210242987,2.3000429655008303,2.3290655612945557,5003100.0
2018-11-23,2.3145541695312364,2.3363211154937744,2.307298520877057,2.3363211154937744,2131300.0
2018-11-26,2.336321545493075,2.336321545493075,2.307298945534757,2.321810245513916,4977800.0
2018-11-27,2.300042962399953,2.3145542602772515,2.285531664522654,2.2927873134613037,5126100.0
2018-11-28,2.300042962399953,2.3072986113386023,2.2782760155840047,2.2927873134613037,5965400.0
2018-11-29,2.292787437108933,2.300043086438872,2.234742069481096,2.241997718811035,8893700.0
2018-11-30,2.256508528443152,2.256508528443152,2.205718994140625,2.205718994140625,17906200.0
2018-12-03,2.249253321468505,2.271020441994975,2.2347420231097397,2.2637646198272705,7963600.0
2018-12-04,2.278275728225708,2.3000426722961973,2.2637642591904212,2.278275728225708,5972300.0
2018-12-05,2.2492529631434284,2.2855313762492044,2.2492529631434284,2.278275728225708,3891500.0
2018-12-06,2.278276110022676,2.285531759262085,2.2637646385555343,2.285531759262085,4593700.0
2018-12-07,2.314554356219722,2.321810005459131,2.278276110022676,2.285531759262085,3964100.0
2018-12-10,2.2710200802022116,2.3000426722961973,2.256508611166925,2.278275728225708,4474800.0
2018-12-11,2.278275728225708,2.2855313762492044,2.2492529631434284,2.278275728225708,4746400.0
2018-12-12,2.2855313762492044,2.2855313762492044,2.2492529631434284,2.278275728225708,4416900.0
2018-12-13,2.2855313762492044,2.2855313762492044,2.2710200802022116,2.278275728225708,5886800.0
2018-12-14,2.292787408501494,2.3000430577409032,2.2710204607832667,2.285531759262085,3539700.0
2018-12-17,2.3072985163003095,2.314554164940097,2.2855315703809485,2.3000428676605225,3109600.0
2018-12-18,2.2855317877789942,2.2855317877789942,2.234742069481096,2.241997718811035,5429400.0
2018-12-19,2.2565089706478876,2.271020441994975,2.241997672289122,2.2637646198272705,4050400.0
2018-12-20,2.263764666800852,2.2855317877789942,2.2274864201511573,2.241997718811035,4705300.0
2018-12-21,2.2492529631434284,2.278275728225708,2.241997315119932,2.278275728225708,6922000.0
2018-12-24,2.249253273010254,2.2565089220333197,2.22023067691799,2.249253273010254,2011100.0
2018-12-26,2.2202307708212183,2.241997718811035,2.2129751214912794,2.241997718811035,2981300.0
2018-12-27,2.2855317403537403,2.292787389533123,2.2637646198272705,2.2637646198272705,3608100.0
2018-12-28,2.292787024272701,2.292787024272701,2.2637642591904212,2.278275728225708,2211600.0
2018-12-31,2.278276091174358,2.3072986878918886,2.2637646198272705,2.2637646198272705,2288600.0
2019-01-01,2.2637646198272705,2.2637646198272705,2.2637646198272705,2.2637646198272705,0.0
2019-01-02,2.2855314706729977,2.2927871189962516,2.249253056068425,2.2710201740264893,3237900.0
2019-01-03,2.249253368140974,2.2855317877789942,2.241997718811035,2.241997718811035,4705600.0
2019-01-04,2.241997407745171,2.2782758223497432,2.2274861110986626,2.2710201740264893,3775900.0
2019-01-07,2.314554452896118,2.321810102438588,2.300043153811179,2.314554452896118,5028300.0
2019-01-08,2.300042962399953,2.3145542602772515,2.2782760155840047,2.2927873134613037,5454200.0
2019-01-09,2.300043153811179,2.321810102438588,2.292787504268709,2.314554452896118,5264800.0
2019-01-10,2.31455435943172,2.358088254928589,2.3072987101822418,2.358088254928589,10188200.0
2019-01-11,2.365343999815056,2.3725996493578987,2.3435770511865273,2.35083270072937,3471100.0
2019-01-14,2.3363211154937744,2.3580880614563124,2.3290654668395954,2.3363211154937744,2987100.0
2019-01-15,2.3435769564296325,2.365343904178067,2.3435769564296325,2.358088254928589,2598300.0
2019-01-16,2.358088254928589,2.358088254928589,2.3363213071801545,2.358088254928589,4418400.0
2019-01-17,2.3508326056791105,2.358088254928589,2.3363213071801545,2.358088254928589,2440600.0
2019-01-18,2.358088254928589,2.365343904178067,2.3435769564296325,2.358088254928589,2414200.0
2019-01-21,2.365343904178067,2.379855202677023,2.358088254928589,2.358088254928589,6118000.0
2019-01-22,2.3580880614563124,2.365343710110492,2.3290654668395954,2.3363211154937744,3307100.0
2019-01-23,2.3363211154937744,2.3580880614563124,2.3290654668395954,2.3363211154937744,3509000.0
2019-01-24,2.350832748167871,2.3653440475463867,2.343577098478613,2.3653440475463867,3488900.0
2019-01-25,2.36534385773082,2.408877752372832,2.358088208623818,2.379855155944824,7356500.0
2019-01-28,2.3871113288997554,2.408878280997486,2.379855678200512,2.394366979598999,4194900.0
2019-01-29,2.394366407993951,2.416133354895277,2.379855110059734,2.4016220569610596,6890000.0
2019-01-30,2.4016220569610596,2.4088777059281683,2.379855110059734,2.4016220569610596,3557200.0
2019-01-31,2.4088772792589563,2.430644222304841,2.4016216315769947,2.416132926940918,5722300.0
2019-02-01,2.40887718633599,2.4306441285422102,2.40887718633599,2.4233884811401367,2513800.0
2019-02-04,2.4088777059281683,2.430644652829494,2.4016220569610596,2.4016220569610596,1263000.0
2019-02-05,2.4016220569610596,2.4016220569610596,2.4016220569610596,2.4016220569610596,0.0
2019-02-07,2.43064479777823,2.43064479777823,2.4016222001790664,2.4088778495788574,2873800.0
2019-02-08,2.3798555367133205,2.401622487516962,2.37259988644544,2.387111186981201,3613963.0
2019-02-11,2.3653440475463867,2.379855346924902,2.3653440475463867,2.3653440475463867,3845600.0
2019-02-12,2.358088350272213,2.365343999815056,2.3290657521008415,2.35083270072937,6252600.0
2019-02-13,2.358088254928589,2.372599553427545,2.3508326056791105,2.358088254928589,3347400.0
2019-02-14,2.3726000275012686,2.401622630298242,2.365344376802025,2.394366979598999,5627100.0
2019-02-15,2.379855678200512,2.408878280997486,2.3726000275012686,2.394366979598999,4640900.0
2019-02-18,2.4088779444704556,2.4451561928984993,2.4088779444704556,2.43790054321289,5259300.0
2019-02-19,2.4451558589935303,2.4524116806766343,2.430644561603943,2.4451558589935303,5369500.0
2019-02-20,2.459667038088435,2.459667038088435,2.4306442737579346,2.4306442737579346,4181200.0
2019-02-21,2.44515573616163,2.4669228541408548,2.4306444395010147,2.459667205810547,4767600.0
2019-02-22,2.38711099661416,2.401622295992676,2.350832748167871,2.3653440475463867,10027900.0
2019-02-25,2.387110336213071,2.4233885746228796,2.3725990408491486,2.416132926940918,9582500.0
2019-02-26,2.423388625922382,2.44515556942904,2.423388625922382,2.4306442737579346,6839600.0
2019-02-27,2.430644450033986,2.4379000983957355,2.343576669692993,2.343576669692993,11546600.0
2019-02-28,2.3290658955034953,2.336321545493075,2.300043295545177,2.321810245513916,13323500.0
2019-03-01,2.321810438299547,2.321810438299547,2.285532185339376,2.3072991371154785,7872600.0
2019-03-04,2.3145544530151563,2.358088350272213,2.3072988034723134,2.35083270072937,6832000.0
2019-03-05,2.336321210242987,2.3508325081398493,2.321809912346124,2.3290655612945557,5772200.0
2019-03-06,2.3290655612945557,2.343576859191418,2.321809912346124,2.3290655612945557,4649000.0
2019-03-07,2.3290654668395954,2.3508324128021334,2.321809818185416,2.3363211154937744,2442100.0
2019-03-08,2.329065751981058,2.336321401523527,2.292787504268709,2.314554452896118,5213900.0
2019-03-11,2.300043295545177,2.336321545493075,2.2927876455555976,2.321810245513916,2592300.0
2019-03-12,2.3435770511865273,2.3943665979864273,2.3435770511865273,2.35083270072937,6360300.0
2019-03-13,2.343577098478613,2.38711099661416,2.3363214487893553,2.3653440475463867,5229300.0
2019-03-14,2.358088208623818,2.387110805051826,2.358088208623818,2.379855155944824,4224900.0
2019-03-15,2.372599461092625,2.4016220569610596,2.3508325141912993,2.4016220569610596,7695800.0
2019-03-18,2.394366407993951,2.4088777059281683,2.3871107590268426,2.4016220569610596,4836200.0
2019-03-19,2.408878280997486,2.4161339316967294,2.379855678200512,2.394366979598999,3712700.0
2019-03-20,2.3871113288997554,2.394366979598999,2.3726000275012686,2.394366979598999,4733700.0
2019-03-21,2.401622630298242,2.408878280997486,2.3726000275012686,2.394366979598999,3354000.0
2019-03-22,2.394366407993951,2.4233890038623853,2.3871107590268426,2.4016220569610596,8514000.0
2019-03-25,2.350832748167871,2.3653440475463867,2.3290657991000976,2.3653440475463867,8075600.0
2019-03-26,2.3726000275012686,2.4161339316967294,2.3726000275012686,2.394366979598999,5020000.0
2019-03-27,2.379855678200512,2.408878280997486,2.365344376802025,2.394366979598999,4005100.0
2019-03-28,2.4088777059281683,2.4088777059281683,2.372599461092625,2.4016220569610596,4662300.0
2019-03-29,2.4016220569610596,2.4016220569610596,2.379855110059734,2.4016220569610596,4108600.0
2019-04-01,2.387110901379484,2.4233891483784396,2.387110901379484,2.4088778495788574,3343600.0
2019-04-02,2.430644561603943,2.4451558589935303,2.401621966824768,2.4451558589935303,5424800.0
2019-04-03,2.452411557480239,2.4741785024711627,2.44515573616163,2.459667205810547,6835500.0
2019-04-04,2.4669230507192608,2.5394795398040504,2.4596674018107816,2.5177125930786133,10723900.0
2019-04-05,2.5177127363749747,2.5467353336607204,2.5104570870535383,2.524968385696411,4516300.0
2019-04-08,2.53947958894451,2.53947958894451,2.51771264179787,2.53222393989563,3421100.0
2019-04-09,2.52496829084675,2.53222393989563,2.5032013437001095,2.53222393989563,3387500.0
2019-04-10,2.532224083054351,2.5394797325134277,2.5249684335952747,2.5394797325134277,3896600.0
2019-04-11,2.539479685554934,2.6120361788040305,2.532224036230025,2.561246633529663,8529400.0
2019-04-12,2.575757603546816,2.6120358455427395,2.575757603546816,2.6047801971435547,7382600.0
2019-04-15,2.612036038706867,2.626547336578369,2.6047803897711157,2.626547336578369,4920400.0
2019-04-16,2.626547450325701,2.655570220313905,2.619291801075731,2.641058921813965,5854400.0
2019-04-17,2.6483143367960738,2.6773369312286377,2.641058688187933,2.6773369312286377,6357900.0
2019-04-18,2.6773371680638154,2.6773371680638154,2.619291801075731,2.641058921813965,3694900.0
2019-04-22,2.6483148570161603,2.670081807116361,2.6338035569493603,2.6555705070495605,3399900.0
2019-04-23,2.670080942225492,2.677336589908647,2.626546883138273,2.6483139991760254,3944900.0
2019-04-24,2.662826206707795,2.6700818568764126,2.6265477828763624,2.633803606033325,4461500.0
2019-04-25,2.6410589029620097,2.6555702013583677,2.6120361331809714,2.6192917823791504,4321400.0
2019-04-26,2.626547450325701,2.648314571063935,2.612036151825761,2.641058921813965,4419200.0
2019-04-29,2.6483139991760254,2.670080942225492,2.64105835149287,2.6483139991760254,3242200.0
2019-04-30,2.662825869563875,2.662825869563875,2.626547450325701,2.641058921813965,5178300.0
2019-05-02,2.6555696468591807,2.6628252945423365,2.64105835149287,2.6483139991760254,3018600.0
2019-05-03,2.648314571063935,2.662825869563875,2.626547450325701,2.641058921813965,4278700.0
2019-05-06,2.633660659581172,2.633660659581172,2.537487748139171,2.6040689945220947,8204100.0
2019-05-07,2.6262631965330647,2.6558548666988036,2.6040694439087604,2.6114673614501953,5122000.0
2019-05-08,2.6040692824172815,2.6706505361611548,2.596671365334629,2.6558547019958496,7631400.0
2019-05-09,2.633660927942697,2.64105884496129,2.5670796747753593,2.596671342849731,5105600.0
2019-05-10,2.596671342849731,2.6262630109241036,2.552283840738173,2.596671342849731,4926400.0
2019-05-13,2.6040694439087604,2.648456949157369,2.5818756912844565,2.6114673614501953,5381200.0
2019-05-14,2.5818752457277867,2.6188648270516333,2.5448856644039406,2.6040689945220947,6668100.0
2019-05-15,2.5744773815115423,2.6040690471688777,2.5596815486828746,2.58927321434021,5412500.0
2019-05-16,2.574477018772474,2.633660341748324,2.574477018772474,2.6262624263763428,4701900.0
2019-05-17,2.6336607933044434,2.6336607933044434,2.596671210102463,2.6336607933044434,4780300.0
2019-05-21,2.6114672313594713,2.6336609828781894,2.5818755626678467,2.5818755626678467,6615400.0
2019-05-22,2.5892733208510412,2.6040691542883416,2.55228373725779,2.5596816539764404,5415800.0
2019-05-23,2.552283604192958,2.559681520525914,2.5226919388611364,2.530089855194092,4933600.0
2019-05-24,2.530090147807887,2.5448859821849883,2.493100385484876,2.515294313430786,4871800.0
2019-05-27,2.5226920356947264,2.5226920356947264,2.4783043596129337,2.4857022762298584,2810600.0
2019-05-28,2.493099979689157,2.493099979689157,2.470906231735927,2.478304147720337,6472400.0
2019-05-29,2.463508315751517,2.478304147720337,2.433916651813877,2.478304147720337,6582800.0
2019-05-30,2.448713331065537,2.478305005242235,2.4339174939771877,2.4413154125213623,4074000.0
2019-05-31,2.419121211230648,2.4413149627745683,2.4117232940493416,2.4339170455932617,4660100.0
2019-06-03,2.44131488199306,2.456110715866089,2.426519048120031,2.456110715866089,4220200.0
2019-06-04,2.4635091681538857,2.478305005242235,2.426519575433013,2.4413154125213623,3541800.0
2019-06-06,2.44131488199306,2.4635086328026037,2.4339169650565458,2.456110715866089,4712000.0
2019-06-07,2.463508315751517,2.493099979689157,2.441314567798287,2.478304147720337,5380800.0
2019-06-10,2.4857022762298584,2.5226920356947264,2.4783043596129337,2.4857022762298584,4222900.0
2019-06-11,2.493099938398686,2.515293862364572,2.470906190813026,2.5078959465026855,3713800.0
2019-06-12,2.5078963693035576,2.530090120630814,2.49310035870513,2.5226922035217285,2889000.0
2019-06-13,2.515294308111692,2.5818755626678467,2.507896390938786,2.5818755626678467,5797500.0
2019-06-14,2.5596813639787315,2.596670943381268,2.5374876163372093,2.574477195739746,5547200.0
2019-06-17,2.559681441571683,2.58927310599074,2.544885609362155,2.552283525466919,3259700.0
2019-06-18,2.5670796747753593,2.6040692598683246,2.5670796747753593,2.596671342849731,4027900.0
2019-06-19,2.6262624263763428,2.633660341748324,2.604068680260399,2.6262624263763428,4810100.0
2019-06-20,2.5892733459609873,2.633660846703344,2.5892733459609873,2.6188650131225586,5519900.0
2019-06-21,2.626262771941201,2.670650270013615,2.6114669392503957,2.663252353668213,11765800.0
2019-06-24,2.663252353668213,2.692844195430061,2.633660688286603,2.663252353668213,7382000.0
2019-06-25,2.6854465467067157,2.700242380872021,2.6558547019958496,2.6558547019958496,13340900.0
2019-06-26,2.670650227388345,2.7076399849052155,2.655854394933691,2.6928441524505615,10279900.0
2019-06-27,2.692844895885084,2.707640732424539,2.670650964695617,2.6854469776153564,5766200.0
2019-06-28,2.7076398297822393,2.7594252404066983,2.7002419139787452,2.737231492996216,14455300.0
2019-07-01,2.7668232917785645,2.7742212079445405,2.7520274594466123,2.7668232917785645,5462200.0
2019-07-02,2.774221473856348,2.774221473856348,2.71503813885576,2.759425640106201,5742400.0
2019-07-03,2.7594253756125884,2.7964149564424687,2.73723162711466,2.7668232917785645,5556000.0
2019-07-04,2.766823503555861,2.796415170484761,2.752027670091411,2.774221420288086,3694000.0
2019-07-05,2.781619649849811,2.826007155235116,2.7742217322855933,2.8186092376708984,7193500.0
2019-07-08,2.7964150642008048,2.818608813553957,2.7742213148476527,2.8038129806518555,3486700.0
2019-07-09,2.8186090804340607,2.8334049147371063,2.78901741182797,2.796415328979492,2804500.0
2019-07-10,2.80381292573983,2.833404590964487,2.7520275115966797,2.7520275115966797,6624600.0
2019-07-11,2.774221260515173,2.80381292573983,2.7446295952905153,2.7520275115966797,8868800.0
2019-07-12,2.7520281154979735,2.7964156230752932,2.7520281154979735,2.7816197872161865,4625800.0
2019-07-15,2.8038131122411967,2.833404779434204,2.7964151954429446,2.833404779434204,6400100.0
2019-07-16,2.8408026962324557,2.8555985298289595,2.8112110290394483,2.833404779434204,5298800.0
2019-07-17,2.8186086059425577,2.8629961013793945,2.789016942318,2.8629961013793945,6778600.0
2019-07-18,2.833405152225741,2.8777928352355957,2.833405152225741,2.8777928352355957,5561400.0
2019-07-19,2.885190195984594,2.8999860286712646,2.8629962705743495,2.8999860286712646,5344000.0
2019-07-22,2.8999860286712646,2.8999860286712646,2.870394363297923,2.8999860286712646,2673200.0
2019-07-23,2.8999859764330003,2.922179725063224,2.8925880602229257,2.9147818088531494,3430400.0
2019-07-24,2.9147822043217317,2.9369759559631348,2.907384287107931,2.9369759559631348,3897200.0
2019-07-25,2.9443734001604884,3.0183525604136743,2.9443734001604884,3.003556728363037,11593600.0
2019-07-26,3.0035572945674773,3.010955388367651,2.981363718688013,2.996159553527832,4021300.0
2019-07-29,2.981363109726003,2.981363109726003,2.951771269710419,2.966567277908325,5247700.0
2019-07-30,2.966567742293988,3.040546912963056,2.966567742293988,3.01835298538208,6227500.0
2019-07-31,3.003557398291305,3.0183532336420784,2.9369761392128253,2.951771974563598,11088300.0
2019-08-01,2.9369754378927406,2.996158941543681,2.9369754378927406,2.966567277908325,4426000.0
2019-08-02,2.936975928908424,2.95177176319973,2.907384260325811,2.944373846054077,6383900.0
2019-08-05,2.9147824240935805,2.9369761774083716,2.862996823312129,2.8777928352355957,9985200.0
2019-08-06,2.8334047600119305,2.922179937362671,2.8260068432643894,2.922179937362671,7979600.0
2019-08-07,2.9295780117627706,2.95177176319973,2.907384260325811,2.944373846054077,5606600.0
2019-08-08,2.944373738912037,2.988761240170751,2.9295779051591326,2.9739654064178467,6504800.0
2019-08-13,2.9591697900480205,3.02575122320747,2.936976037788292,2.996159553527832,9247200.0
2019-08-14,2.9073842849642944,2.9295780365893336,2.833404936500571,2.8555986881256104,14038300.0
2019-08-15,2.8186090804340607,2.8186090804340607,2.766823660373401,2.796415328979492,12705200.0
2019-08-16,2.774221260515173,2.774221260515173,2.7372316789843514,2.7520275115966797,8704600.0
2019-08-19,2.759425404728373,2.833404567168717,2.7520274884843388,2.8260066509246826,6844200.0
2019-08-20,2.789017147749754,2.818608813553957,2.7520275654945,2.8038129806518555,8360100.0
2019-08-21,2.796356175585712,2.848554774416135,2.7739853475155307,2.841097831726074,7088800.0
2019-08-22,2.8187269168031572,2.8560116291046143,2.8112699743428657,2.8560116291046143,3966800.0
2019-08-23,2.833640889036014,2.856011717106195,2.818727003655893,2.841097831726074,4586800.0
2019-08-26,2.7665282165643337,2.803812927477426,2.7516143321990967,2.7516143321990967,8734400.0
2019-08-27,2.751614321019234,2.8038129160854792,2.751614321019234,2.7739851474761963,7760100.0
2019-08-28,2.751614321019234,2.8038129160854792,2.744157378866914,2.7739851474761963,7419600.0
2019-08-29,2.7590714873804245,2.8187270294467455,2.7590714873804245,2.796356201171875,4553500.0
2019-08-30,2.818727003655893,2.848554774416135,2.803813118275772,2.841097831726074,7033700.0
2019-09-02,2.8336410522460938,2.848554938485214,2.8038132797678528,2.8336410522460938,3056600.0
2019-09-03,2.8261841091265336,2.8336410522460938,2.7888993935287325,2.8336410522460938,4573200.0
2019-09-04,2.8410980555888745,2.8932968363198097,2.826184169033622,2.863468885421753,6555900.0
2019-09-05,2.8634685715649058,2.88583939894578,2.8410977441840313,2.8560116291046143,7246500.0
2019-09-06,2.878382444381714,2.900753449456049,2.8709255019527795,2.878382444381714,2531700.0
2019-09-09,2.856011717106195,2.8709256024863157,2.818727003655893,2.841097831726074,4606200.0
2019-09-10,2.8336410522460938,2.848554938485214,2.8038132797678528,2.8336410522460938,3408000.0
2019-09-11,2.8485548363451985,2.8709256649017334,2.8112701220843075,2.8709256649017334,5243300.0
2019-09-12,2.8858393868106487,2.8932965070271144,2.8560116170949104,2.878382444381714,2358100.0
2019-09-13,2.8932965070271144,2.8932965070271144,2.8560116170949104,2.878382444381714,3759900.0
2019-09-16,2.878382519656327,2.923124353187541,2.8634686344084344,2.8858394622802734,5939400.0
2019-09-17,2.8858395099470644,2.930581344217301,2.8858395099470644,2.908210515975952,5217700.0
2019-09-18,2.900753779597436,2.9231246094303147,2.8485549988665007,2.863468885421753,3554900.0
2019-09-19,2.848554938485214,2.856011881604774,2.8187271660069735,2.8336410522460938,4928700.0
2019-09-20,2.833640596374126,2.856011422133821,2.7888989448547363,2.7888989448547363,11426400.0
2019-09-23,2.7888990317808378,2.8038129160854792,2.7665282053238753,2.7739851474761963,4974300.0
2019-09-24,2.796356201171875,2.796356201171875,2.781442315655295,2.796356201171875,3375100.0
2019-09-25,2.7963559739331587,2.8038129160854792,2.7665282053238753,2.7739851474761963,3597000.0
2019-09-26,2.7814420029348383,2.811269770614431,2.7814420029348383,2.7888989448547363,5394800.0
2019-09-27,2.781442089628517,2.7888990317808378,2.759071263171555,2.7739851474761963,3498000.0
2019-09-30,2.75907110180757,2.788898868672379,2.7516141600913677,2.7814419269561768,3827800.0
2019-10-01,2.796356188277261,2.826183959172879,2.796356188277261,2.8187270164489746,3117500.0
2019-10-02,2.8038130165973096,2.8112699590169488,2.7292435924009175,2.7367005348205566,6157200.0
2019-10-03,2.699415495217747,2.7367003830355507,2.699415495217747,2.7217864990234375,3741200.0
2019-10-04,2.714329910989421,2.721786853967927,2.669588075330839,2.6919589042663574,4805700.0
2019-10-07,2.691958876472902,2.729243768768025,2.691958876472902,2.706872940063477,2052600.0
2019-10-08,2.7217868258665088,2.729243768768025,2.6994158193744178,2.706872940063477,4668200.0
2019-10-09,2.6994157719085883,2.714329835236918,2.677044943597403,2.684501886367798,3298900.0
2019-10-10,2.669588000827008,2.6994157719085883,2.6546741152862174,2.684501886367798,4370900.0
2019-10-11,2.6994158472448637,2.714329910989421,2.6770450183093453,2.6919589042663574,3628200.0
2019-10-14,2.706873014854484,2.7292438441771396,2.699415893959385,2.714329957962036,2899000.0
2019-10-15,2.721786701623521,2.721786701623521,2.6695879259081137,2.6770448684692383,5755600.0
2019-10-16,2.6845022147730995,2.706873223608554,2.6546744400425744,2.669588327407837,5265400.0
2019-10-17,2.677044640552338,2.677044640552338,2.6397599309210413,2.6546738147735596,2618700.0
2019-10-18,2.662130983346989,2.699415696152612,2.6546740407858644,2.6770448684692383,5143900.0
2019-10-21,2.669588075330839,2.6994158472448637,2.6621311323523327,2.6919589042663574,2839500.0
2019-10-22,2.7143296212860046,2.773985158746952,2.706872679103386,2.7516143321990967,6589000.0
2019-10-23,2.759071616607346,2.759071616607346,2.6919589508518333,2.714329957962036,4762100.0
2019-10-24,2.7367005348205566,2.7665283044991136,2.7217866499812784,2.7367005348205566,4108300.0
2019-10-25,2.744157776714513,2.78144249288165,2.736700833481086,2.766528606414795,6779900.0
2019-10-29,2.8038133225819317,2.811270265815359,2.7516147199479404,2.766528606414795,4726300.0
2019-10-30,2.781442089628517,2.7963559739331587,2.759071263171555,2.7739851474761963,3481800.0
2019-10-31,2.796356201171875,2.8187270294467455,2.773985372897005,2.796356201171875,5672400.0
2019-11-01,2.7888995703045687,2.8261842882656807,2.781442626712346,2.8038134574890137,3520200.0
2019-11-04,2.818727003655893,2.8709256024863157,2.8112700609658328,2.841097831726074,5849400.0
2019-11-05,2.8410977441840313,2.8634685715649058,2.83364080172374,2.8560116291046143,3211800.0
2019-11-06,2.8485546866443228,2.8783824564854887,2.8410977441840313,2.8560116291046143,3501500.0
2019-11-07,2.8410980133738173,2.9082106796627976,2.8410980133738173,2.9007537364959717,5615500.0
2019-11-08,2.8783826548614315,2.893296718597412,2.8634687689129947,2.893296718597412,3329900.0
2019-11-11,2.893296519193604,2.9007534616538955,2.8485546866443228,2.8560116291046143,4839300.0
2019-11-12,2.8709256649017334,2.8783826077539114,2.856011779197377,2.8709256649017334,5218200.0
2019-11-13,2.90821025563413,2.9604088501911456,2.900753313554556,2.9529519081115723,12084100.0
2019-11-14,2.960409151192522,3.012607751056862,2.952952208354759,2.9827799797058105,12003200.0
2019-11-15,3.0051506371469565,3.057349053164185,3.0051506371469565,3.0424351692199707,9336700.0
2019-11-18,3.057349032091331,3.094633919482399,3.04989226795814,3.08717679977417,6989700.0
2019-11-19,3.0722629159327504,3.1020906836155895,3.057349032091331,3.08717679977417,5858400.0
2019-11-20,3.0797203466818983,3.0797203466818983,3.042435455525187,3.0648064613342285,5147300.0
2019-11-21,3.03497869063889,3.0797203466818983,3.0275215701775173,3.0648064613342285,6032400.0
2019-11-22,3.072263089702049,3.072263089702049,3.042435320332131,3.05734920501709,6462700.0
2019-11-25,3.079720423200084,3.109548194636518,3.079720423200084,3.102091073989868,5878300.0
2019-11-26,3.10209090830774,3.109548028556107,3.079720258712769,3.079720258712769,7201500.0
2019-11-27,3.1020906836155895,3.1020906836155895,3.0424351482499112,3.08717679977417,5182800.0
2019-11-28,3.0573495181079458,3.072263404320176,3.0349788665771484,3.0349788665771484,4452000.0
2019-11-29,3.034978303672414,3.0498921871185303,3.012607300715725,3.0498921871185303,8742400.0
2019-12-02,3.064806325147099,3.079720209832058,3.0200646710922214,3.05734920501709,2466200.0
2019-12-03,3.049892575986559,3.1319187676112046,3.042435455525187,3.0648064613342285,7558000.0
2019-12-04,3.034978426578485,3.049892310628562,2.9753227125906565,2.9976935386657715,7468200.0
2019-12-05,3.0349789405806313,3.0722634792327876,3.020065054004748,3.072263479232788,5784300.0
2019-12-06,3.0797200356409795,3.109547803323818,3.0424351482499112,3.08717679977417,5972000.0
2019-12-09,3.0871769743870083,3.094634094517017,3.05734920501709,3.05734920501709,2912900.0
2019-12-10,3.087177365808671,3.1170051389604376,3.0573495926569048,3.072263479232788,6299000.0
2019-12-11,3.0946347516866575,3.154290303094812,3.0946347516866575,3.1468331813812256,8319600.0
2019-12-12,3.1692033018525976,3.1841171855206674,3.117004531226837,3.1244616508483887,8908300.0
2019-12-13,3.146832298562976,3.154289418184528,3.0946338835122496,3.1244616508483887,6250400.0
2019-12-16,3.1319187676112046,3.1319187676112046,3.0573493408728565,3.0648064613342285,4541800.0
2019-12-17,3.0797200568680263,3.1020907049968267,3.0200645210911703,3.0424351692199707,4178200.0
2019-12-18,3.0498922889795983,3.0797200568680263,3.0349784050353845,3.0424351692199707,3925600.0
2019-12-19,3.057348951054074,3.057348951054074,3.0275211841618415,3.0498921871185303,2843400.0
2019-12-20,3.057349140582722,3.0871769093240125,3.0275213718414307,3.0275213718414307,14289100.0
2019-12-23,3.0349785557771805,3.072263089702049,3.027521435647172,3.05734920501709,2898500.0
2019-12-24,3.05734920501709,3.05734920501709,3.027521435647172,3.05734920501709,1232500.0
2019-12-25,3.05734920501709,3.05734920501709,3.05734920501709,3.05734920501709,0.0
2019-12-26,3.057348951054074,3.0648060705646465,3.034978303672414,3.0498921871185303,1332700.0
2019-12-27,3.057349416835216,3.102091073989868,3.057349416835216,3.102091073989868,3178400.0
2019-12-30,3.11700479322941,3.11700479322941,3.0722631384644017,3.079720258712769,1799400.0
2019-12-31,3.0573495926569048,3.109548373460048,3.0573495926569048,3.072263479232788,3635200.0
2020-01-02,3.0946338987619817,3.1393755499866685,3.0871767791036824,3.131918430328369,2778700.0
2020-01-03,3.139375709590634,3.139375709590634,3.0946340560913086,3.0946340560913086,2666300.0
2020-01-06,3.0722630515541187,3.102090820553669,3.0648062870917583,3.0946340560913086,2791500.0
2020-01-07,3.139375813032094,3.199031352996826,3.124461928040911,3.199031352996826,6844400.0
2020-01-08,3.1468325777401525,3.199031352996826,3.1319186927489695,3.199031352996826,4755100.0
2020-01-09,3.213945463202269,3.236316470044204,3.184117691129749,3.191574811935425,4126900.0
2020-01-10,3.184117664019599,3.2437732076567203,3.184117664019599,3.236316442489624,5421000.0
2020-01-13,3.2139452137932047,3.243772983551025,3.2139452137932047,3.2437729835510254,3887900.0
2020-01-14,3.2512301521459226,3.266144037246704,3.2214023819443605,3.266144037246704,5479950.0
2020-01-15,3.251229818835194,3.2586865828335947,3.1542893978307536,3.169203281402588,6722400.0
2020-01-16,3.176660925899165,3.213945463202269,3.146832798251554,3.191574811935425,4365149.0
2020-01-17,3.1915742845478556,3.1915742845478556,3.1468322782573206,3.169203281402588,5030630.0
2020-01-20,3.176660925899165,3.199031577166009,3.161746684287814,3.191574811935425,2462700.0
2020-01-21,3.191574883123586,3.191574883123586,3.1020912093350006,3.109548330307007,5452800.0
2020-01-22,3.109547868659961,3.139375636969525,3.0946339845051787,3.117004632949829,3071700.0
2020-01-23,3.124461604349112,3.124461604349112,3.034978303672414,3.0498921871185303,6174600.0
2020-01-24,3.05734920501709,3.0871769743870083,3.0498924404621395,3.05734920501709,1801900.0
2020-01-28,2.9678659561052454,3.005150846348868,2.923124301157938,2.945495128631592,7961900.0
2020-01-29,2.9529521338583287,2.9902370248940695,2.945495191208688,2.975322961807251,3667400.0
2020-01-30,2.9529521593954366,2.9753229875378215,2.900753560396538,2.930581331253052,6233200.0
2020-01-31,2.9380378821967175,2.9454948239165057,2.885839112370687,2.9156670570373535,8613200.0
2020-02-03,2.8783826077539114,2.908210556950166,2.8485548363451985,2.8709256649017334,4612900.0
2020-02-04,2.878382687824351,2.975323125386885,2.878382687824351,2.9678661823272705,7458100.0
2020-02-05,2.9678659200589936,3.03497857945237,2.945495092857045,3.01260757446289,5956900.0
2020-02-06,3.020064420226298,3.0648060705646465,2.990236653334065,3.0498921871185303,4040600.0
2020-02-07,3.027521444286658,3.0424353290141757,2.967865905376585,3.00515079498291,5949000.0
2020-02-10,2.960408577409834,2.990236520767212,2.9454946946248985,2.990236520767212,2692500.0
2020-02-11,3.0126077102557205,3.057349366676341,3.0051509453064895,3.0200648307800293,3434700.0
2020-02-12,3.020064633592433,3.1095479405910837,2.997693629055243,3.0946340560913086,7215500.0
2020-02-13,3.094634094517017,3.1020908590719674,3.042435320332131,3.05734920501709,3212900.0
2020-02-14,3.0498924404621395,3.079720209832058,3.042435320332131,3.05734920501709,2435200.0
2020-02-17,3.0498922889795983,3.057349053164185,3.027521285275757,3.0424351692199707,2517700.0
2020-02-18,3.0275210499420444,3.034978169122019,2.9753224601947696,2.990236520767212,4402100.0
2020-02-19,3.005150723072988,3.0498923761849244,2.9827797187294944,3.0275213718414307,3572500.0
2020-02-20,3.0424353440654883,3.0498924642536687,2.9976936896615913,3.01260757446289,3133600.0
2020-02-21,3.049892575986559,3.1095481173772375,3.03497869063889,3.0648064613342285,10583100.0
2020-02-24,3.0200648307800293,3.0498926017271097,3.0126077102557205,3.0200648307800293,3422500.0
2020-02-25,3.0648066712002637,3.1542899894137504,3.057349550228257,3.109548330307007,9580100.0
2020-02-26,3.0722634792327876,3.109548373460048,3.0573495926569048,3.072263479232788,6796600.0
2020-02-27,3.0648062870917583,3.102090820553669,3.0275213980547933,3.0946340560913086,7578200.0
2020-02-28,3.012607764526434,3.0573494217530546,2.945495278686504,2.960409164428711,12255900.0
2020-03-02,2.945495265516996,2.9976938653813363,2.9231244370037075,2.9827799797058105,6440900.0
2020-03-03,3.0126075595591395,3.0498924491654646,2.9902369102553923,3.00515079498291,6770600.0
2020-03-04,3.0051509453064895,3.0200648307800293,2.9827799393086405,3.0200648307800293,4629800.0
2020-03-05,3.042435481202801,3.06480648720065,2.9976938247821807,3.0200648307800293,6860500.0
2020-03-06,3.005150680456111,3.0275213289073095,2.9529519081115723,2.9529519081115723,6130600.0
2020-03-09,2.915667055635333,2.915667055635333,2.699415390290437,2.7814419269561768,11334200.0
2020-03-10,2.803813339200743,2.8709258286993795,2.7516147362573595,2.863468885421753,10895200.0
2020-03-11,2.8410974606857953,2.8709252275506048,2.75907110180757,2.7814419269561768,6957700.0
2020-03-12,2.759071576466511,2.766528519465574,2.542820051706137,2.5502769947052,13133400.0
2020-03-13,2.3936808725094605,2.62484626960982,2.341482274600113,2.535362958908081,12782200.0
2020-03-16,2.4980781607373808,2.527906109862227,2.3563962468851787,2.408594846725464,9790900.0
2020-03-17,2.4384223102758895,2.475707019741305,2.3713098332381426,2.3787667751312256,8769500.0
2020-03-18,2.3936809116751534,2.498078109202008,2.3191113070827196,2.356396198272705,9538700.0
2020-03-19,2.319111744340598,2.393681362992791,2.184886750784278,2.214714527130127,16488900.0
2020-03-20,2.2370845990158177,2.341481958529727,2.2147137743601606,2.304197072982788,14394900.0
2020-03-23,2.162515640258789,2.184886469639564,2.110316860582767,2.162515640258789,11037200.0
2020-03-24,2.2147141866665807,2.2892836160677947,2.1625155860857306,2.2519989013671875,9649100.0
2020-03-25,2.304197456721167,2.4533364903838324,2.2743696855461417,2.4309656620025635,11725200.0
2020-03-26,2.4458794196894007,2.4458794196894007,2.3340252836321675,2.371309995651245,10227800.0
2020-03-27,2.4235086566305277,2.4533364270353593,2.3787670010232804,2.4011378288269043,6801400.0
2020-03-30,2.3862239457108227,2.4011378309262783,2.2818265714150994,2.289283514022827,10006200.0
2020-03-31,2.3787670753881582,2.41605178955979,2.341482361216526,2.408594846725464,13433900.0
2020-04-01,2.386223717024309,2.4458792521689725,2.334025123772727,2.3787667751312256,6708100.0
2020-04-02,2.341482016769476,2.5502765632031372,2.334025075032114,2.4906208515167236,12476400.0
2020-04-03,2.430965221362207,2.460792987130607,2.319110921943199,2.341481924057007,11080700.0
2020-04-06,2.416051700184895,2.535362958908081,2.3713100448340256,2.535362958908081,7765800.0
2020-04-07,2.550276893840158,2.58756160736084,2.498078117123666,2.58756160736084,10222900.0
2020-04-08,2.5353626442238797,2.5577334691226916,2.5055346999046177,2.5279057025909424,4172300.0
2020-04-09,2.572648138847391,2.609932858410021,2.542820363197287,2.557734251022339,4755900.0
2020-04-13,2.57264762232277,2.5801045647381247,2.4980780203816932,2.5129919052124023,2470700.0
2020-04-14,2.505535191128902,2.6248464584350586,2.505535191128902,2.6248464584350586,7083100.0
2020-04-15,2.617389802322547,2.6397606340601247,2.527906475372235,2.557734251022339,6721500.0
2020-04-16,2.527906198201189,2.6621311739096236,2.5129921342238153,2.6248464584350586,8209100.0
2020-04-17,2.677045025689272,2.677045025689272,2.5502769947052,2.5502769947052,7353500.0
2020-04-20,2.57264740924596,2.602475176436925,2.542819642054995,2.580104351043701,4171600.0
2020-04-21,2.535362910245997,2.5428198526613515,2.4906210779663382,2.5129919052124023,8758600.0
2020-04-22,2.475707193135629,2.5129919052124023,2.4235085962281473,2.5129919052124023,6192800.0
2020-04-23,2.4980780203816932,2.557733737492061,2.4831641355509837,2.5129919052124023,5438400.0
2020-04-24,2.490620816638743,2.542819585856817,2.4682499917399308,2.5279057025909424,5371300.0
2020-04-27,2.5577335829204757,2.5651905248851845,2.498077869415283,2.498077869415283,4982900.0
2020-04-28,2.4980782614797175,2.602475643157959,2.4980782614797175,2.602475643157959,6228500.0
2020-04-29,2.5950182346391837,2.602475176436925,2.550276583852736,2.580104351043701,3577900.0
2020-04-30,2.617389414249267,2.669588013897603,2.602475528635457,2.6621310710906982,15256000.0
2020-05-04,2.5502768440250376,2.565190729141994,2.505535010886634,2.535362958908081,6977200.0
2020-05-05,2.5651910305023193,2.5950188042404188,2.5502771436332696,2.5651910305023193,3927900.0
2020-05-06,2.535363081897703,2.6099325110998235,2.535363081897703,2.5950186252593994,3520700.0
2020-05-08,2.662131034402203,2.662131034402203,2.557733836544294,2.58756160736084,5945100.0
2020-05-11,2.5801049460919208,2.6397604942321777,2.5726480025743887,2.6397604942321777,3955100.0
2020-05-12,2.6695878191111047,2.9305811538844844,2.654673934585486,2.8485546112060547,20074100.0
2020-05-13,2.863468644275103,3.042435445654018,2.863468644275103,2.975322961807251,17115100.0
2020-05-14,2.9305812958114874,2.9529521236833265,2.8410978065365953,2.8858394622802734,10551800.0
2020-05-15,2.88583939894578,2.9156673465744785,2.8112699743428657,2.8560116291046143,7887700.0
2020-05-18,2.826183784417627,2.8634684957316736,2.826183784417627,2.8485546112060547,4310700.0
2020-05-19,2.8932965070271144,2.9156673343139183,2.878382444381714,2.878382444381714,7192371.0
2020-05-20,2.878382519656327,2.9007535253157024,2.8634686344084344,2.8858394622802734,3337500.0
2020-05-21,2.8932966083440346,2.9082104937241553,2.818727003655893,2.841097831726074,5739600.0
2020-05-22,2.826183959172879,2.8634686727924015,2.803813131001166,2.8187270164489746,6586000.0
2020-05-26,2.841097853464367,2.9231244014701847,2.8187270252230183,2.908210515975952,6355400.0
2020-05-27,2.878382687824351,2.975323125386885,2.856011858645508,2.9678661823272705,9383300.0
2020-05-28,2.982780006581321,2.982780006581321,2.923124463341708,2.9380383491516113,5124800.0
2020-05-29,2.9305814670291985,2.982780068446499,2.9156675809099695,2.9678661823272705,12231400.0
2020-06-01,2.975322911010813,3.0126076236224706,2.8858394229553013,2.923124313354492,9744800.0
2020-06-02,2.9305813059094064,2.982779904456892,2.9305813059094064,2.975322961807251,5740700.0
2020-06-03,2.9827799797058105,2.9902371003311146,2.952952208354759,2.9827799797058105,4858900.0
2020-06-04,2.9976934172696086,3.0498921871185303,2.9827795338234924,3.0498921871185303,7030900.0
2020-06-05,3.0275217456834858,3.0573495181079458,3.020064980364918,3.0349788665771484,4876800.0
2020-06-08,3.03497857945237,3.03497857945237,2.9827798048602925,3.01260757446289,5567400.0
2020-06-09,2.982779904456892,3.005150910193351,2.9678660191576105,2.975322961807251,7192700.0
2020-06-10,2.990236925048473,3.0200646946510705,2.9678659200589936,3.01260757446289,3318400.0
2020-06-11,3.0051510130837182,3.0051510130837182,2.923124463341708,2.9380383491516113,7002400.0
2020-06-12,2.8858392516078855,2.9604088501911456,2.8783823095283116,2.9529519081115723,7350300.0
2020-06-15,2.949131629023696,2.972052502087853,2.8727293260013695,2.888009786605835,8366500.0
2020-06-16,2.933851345578596,3.0102538353719135,2.903290422524257,2.9644124507904053,7872800.0
2020-06-17,3.010253859240261,3.0408147825369176,2.9567720613136395,2.9796929359436035,6155300.0
2020-06-18,2.956772405410774,3.0026139778480863,2.9491321736974707,2.972053050994873,3291600.0
2020-06-19,2.9644120794908684,2.9796925391041245,2.9185705184936523,2.9185705184936523,13759500.0
2020-06-22,2.933851345578596,2.9873331430811594,2.903290422524257,2.9644124507904053,6527300.0
2020-06-23,2.9720527894799553,3.254741702312986,2.933851452117333,3.1936194896698,30353300.0
2020-06-24,3.216540193289094,3.239460703031476,3.1172170128989474,3.1248574256896973,13876200.0
2020-06-25,3.101936839637081,3.1477782276930015,3.0713759142664663,3.1172173023223877,9261000.0
2020-06-26,3.117217339656163,3.2012600675893848,3.117217339656163,3.1859796047210693,8401600.0
2020-06-29,3.1554183482228297,3.163058396698646,3.101936551632382,3.1248574256896973,6825000.0
2020-06-30,3.163058396698646,3.163058396698646,3.1095769644231313,3.1248574256896973,7440700.0
2020-07-01,3.140138201030524,3.170699126620337,3.1248577382356175,3.132497787475586,3930500.0
2020-07-02,3.124857997113645,3.1706993892960824,3.1095775330528324,3.1477785110473633,7471400.0
2020-07-03,3.163058280944824,3.201259614870708,3.1401377720412302,3.163058280944824,3039300.0
2020-07-06,3.193620007692091,3.231821351251176,3.1554190284480184,3.2241809368133545,6957900.0
2020-07-07,3.2394605826261924,3.270021868338347,3.1936192005303408,3.20125961303711,6980500.0
2020-07-08,3.231820607452846,3.2547414811760973,3.208899733729595,3.247101068496704,5376000.0
2020-07-09,3.2623819564840586,3.270022370163342,3.2318210303968757,3.254741907119751,4731600.0
2020-07-13,3.270021868338347,3.270021868338347,3.20125961303711,3.20125961303711,5001900.0
2020-07-14,3.1783395431314596,3.2471018158118077,3.1783395431314596,3.2241809368133545,5735800.0
2020-07-15,3.2471018451164295,3.315864118417347,3.2394614306096536,3.292943239212036,8006600.0
2020-07-16,3.3082232019820017,3.3617050024700452,3.262381814841519,3.2776622772216797,9395100.0
2020-07-17,3.3082231500606003,3.32350361220094,3.2853026390075684,3.2853026390075684,2496400.0
2020-07-20,3.3005829840230234,3.346424368817309,3.3005829840230234,3.3235034942626953,4246900.0
2020-07-21,3.3235037101186116,3.346424586161897,3.2853027357997564,3.308223247528076,7633000.0
2020-07-22,3.2853026390075684,3.3311440254285865,3.270022176867229,3.2853026390075684,6029800.0
2020-07-23,3.292942733627826,3.346424534018843,3.285302684609086,3.315863609313965,3906800.0
2020-07-24,3.3235036643621627,3.3387841267423237,3.2547417658089186,3.2776622772216797,7379200.0
2020-07-27,3.3158640654523825,3.338784579976564,3.2929431866131913,3.300583600997925,4984300.0
2020-07-28,3.338784539783808,3.4228272754291114,3.3235040755132985,3.3999063968658447,11392900.0
2020-07-29,3.3999060261951666,3.5603510657006883,3.392265977050362,3.514509677886963,15750000.0
2020-07-30,3.6596740309746822,3.690234954314831,3.491588952603869,3.529789924621582,21857000.0
2020-08-03,3.59855208355491,3.59855208355491,3.4763083936164625,3.506869316101074,9304100.0
2020-08-04,3.5145085679177823,3.567990352300401,3.453386736803276,3.560349941253662,10457900.0
2020-08-05,3.5832718787706006,3.7131559907835903,3.5603510031092074,3.674954652786255,12308800.0
2020-08-06,3.7055160371651334,3.736076965628413,3.636754130280258,3.659674644470215,3695100.0
2020-08-07,3.751356888405144,3.781917812457389,3.667314529418945,3.6673145294189458,9533700.0
2020-08-11,3.659674050627728,3.659674050627728,3.4992290200728635,3.5832717418670654,15037400.0
2020-08-12,3.5679918590803776,3.690235572933494,3.5603514448070555,3.659674644470215,12672600.0
2020-08-13,3.690234710091098,3.758996965213142,3.667314201260363,3.7207956314086914,10988500.0
2020-08-14,3.736076766611022,3.736076766611022,3.6749549129403687,3.690235376358032,5433300.0
2020-08-17,3.674954824900013,3.720796214054788,3.6214730220619553,3.6291134357452393,7241000.0
2020-08-18,3.652229168322472,3.736985648394179,3.652229168322472,3.675344705581665,6465000.0
2020-08-19,3.6599337171839648,3.760100412358721,3.6599337171839648,3.744690179824829,7825100.0
2020-08-20,3.4673060057528873,3.4673060057528873,3.320908596976467,3.3594343662261963,236442900.0
2020-08-21,3.3979589030420287,3.4364846624841814,3.382548672746942,3.428779363632202,25876400.0
2020-08-24,3.444189597625799,3.467305126797687,3.3902539752395127,3.4056642055511475,20433000.0
2020-08-25,3.405664480169402,3.405664480169402,3.3286133223981507,3.336318254470825,17813600.0
2020-08-26,3.351729154586792,3.4133700930991693,3.3363189199586976,3.351729154586792,25884400.0
2020-08-27,3.359434025028193,3.459600353568046,3.359434025028193,3.413369655609131,21269100.0
2020-08-28,3.4441895939272893,3.4904206522214207,3.4210744321890947,3.428779363632202,16539221.0
2020-08-31,3.4518957715347884,3.4596007049393553,3.3594343662261963,3.3594343662261963,14471900.0
2020-09-01,3.351728772139745,3.405664770888227,3.344023839409352,3.397959470748902,8827600.0
2020-09-02,3.4133695203408876,3.4518952841510453,3.397959288298607,3.4364850521087646,9695600.0
2020-09-03,3.4364846624841814,3.4441895939272893,3.3979589030420287,3.428779363632202,6350900.0
2020-09-04,3.3671393394470215,3.3825495738473457,3.3363188706463736,3.3671393394470215,9067200.0
2020-09-07,3.374844600444295,3.390254834662394,3.3594343662261963,3.3594343662261963,4693400.0
2020-09-08,3.3671390125113536,3.3979594783194584,3.3671390125113536,3.3748443126678467,7563800.0
2020-09-09,3.3517284860250753,3.359433785506651,3.3054977913623245,3.336318254470825,10923900.0
2020-09-10,3.336318394789388,3.344023694595033,3.1436903085552763,3.21303653717041,24908500.0
2020-09-11,3.2130367674145264,3.236151933670044,3.151395834187888,3.236151933670044,13290200.0
2020-09-14,3.2284468171712346,3.251561982112564,3.1745108199599295,3.1976263523101807,5649200.0
2020-09-15,3.189921005162393,3.23615170176951,3.174510772960021,3.21303653717041,10642000.0
2020-09-16,3.2284464066755807,3.3286130884423137,3.2130361762044584,3.3132028579711914,12956000.0
2020-09-17,3.4673060980019867,3.513536801886269,3.3363189199586976,3.351729154586792,25161700.0
2020-09-18,3.374844640351668,3.405665109152316,3.3286139371506964,3.3671393394470215,15378800.0
2020-09-21,3.3825496238429804,3.4287803277272633,3.351729154586792,3.351729154586792,9170800.0
2020-09-22,3.3594340797637945,3.3825492454154062,3.3363185467032492,3.3748443126678467,8336200.0
2020-09-23,3.3748443126678467,3.3748443126678467,3.3748443126678467,3.3748443126678467,0.0
2020-09-24,3.3979597680669604,3.4364855373166896,3.2592676601040727,3.3594343662261963,23551600.0
2020-09-25,3.3748447395121235,3.421075444071456,3.367139438381078,3.3902549743652344,7447000.0
2020-09-28,3.4210750037579456,3.4210750037579456,3.3825492378791826,3.397959470748902,6284900.0
2020-09-29,3.413369137002529,3.444189597625799,3.3979589066908944,3.4056642055511475,7632400.0
2020-09-30,3.4056652092183453,3.421075444071456,3.3902549743652344,3.3902549743652344,10427200.0
2020-10-01,3.3902539752395127,3.428779367314164,3.3825486763792596,3.4056642055511475,5930100.0
2020-10-02,3.413369752065553,3.4287799851539935,3.367139052800231,3.382549285888672,5956900.0
2020-10-05,3.4056648765363753,3.49042134365355,3.390254643188611,3.475011110305786,11653000.0
2020-10-06,3.513536262229442,3.629113187892756,3.4981260299682617,3.4981260299682617,21998400.0
2020-10-07,3.513536405218973,3.544356870995627,3.505831472479276,3.5289466381073,7128300.0
2020-10-08,3.5289466381073,3.544356870995627,3.505831472479276,3.5289466381073,4653300.0
2020-10-09,3.536652039695185,3.575177439316532,3.536652039695185,3.5520622730255127,6995100.0
2020-10-12,3.5674724098325905,3.598292875659353,3.55206217691921,3.5828826427459717,8040900.0
2020-10-13,3.5905875754981955,3.598292875659353,3.5674724098325905,3.5828826427459717,9122600.0
2020-10-14,3.6059976096120288,3.6137029093483912,3.575177145484407,3.5905873775482178,11329800.0
2020-10-15,3.5905878794976767,3.652228816370071,3.282383195135703,3.3594343662261963,45469300.0
2020-10-16,3.397959047961963,3.4981257328564825,3.3825488170096434,3.45959997177124,22780700.0
2020-10-19,3.467305702367102,3.4750110025064274,3.397959470748901,3.397959470748902,8733200.0
2020-10-20,3.3902542486151512,3.3979591806878258,3.3132030908439005,3.336318254470825,21410200.0
2020-10-21,3.351728767767869,3.374844300746762,3.25926737067016,3.266972303390503,16892600.0
2020-10-22,3.243856637146703,3.3209077895023147,3.197625945733336,3.3132028579711914,14288400.0
2020-10-23,3.305498069219014,3.3132033693482894,3.2515620705408845,3.266972303390503,6513400.0
2020-10-26,3.2592675163604397,3.2669724494251957,3.2053315152713537,3.2207417488098145,7720500.0
2020-10-27,3.2207417977220754,3.2361520314945653,3.205331563949585,3.205331563949585,7755500.0
2020-10-28,3.2053308943870604,3.251561586047388,3.189920663833618,3.189920663833618,12175200.0
2020-10-29,3.1745113044617876,3.1822166055575147,3.1128703653318857,3.1205756664276123,8572900.0
2020-10-30,3.0897548123583904,3.174510909410051,3.0820495122215488,3.11286997795105,14721000.0
2020-11-02,3.189920820695132,3.3054977392337817,3.1282798954502247,3.274677276611328,39602000.0
2020-11-03,3.3132028579711914,3.3594335493845584,3.3054975590311924,3.3132028579711914,12440200.0
2020-11-04,3.32861385641984,3.336318789728645,3.266972552904598,3.297793388366699,10095000.0
2020-11-05,3.344023991658485,3.359434225229812,3.297793290944504,3.328613758087158,12871400.0
2020-11-06,3.359433785506651,3.359433785506651,3.3286133223981507,3.336318254470825,9386400.0
2020-11-09,3.3594340797637945,3.4210750113800037,3.3517287796073014,3.3748443126678467,9613800.0
2020-11-10,3.3825487113868045,3.3902540103268035,3.3132028579711914,3.3132028579711914,18589000.0
2020-11-11,3.344023318913436,3.344023318913436,3.2823823970289467,3.3132028579711914,9835000.0
2020-11-12,3.2977931364986715,3.3209083020686325,3.2515620705408845,3.266972303390503,8841900.0
2020-11-13,3.266972167870121,3.3132032319101525,3.251561935659749,3.2900876998901367,7540800.0
2020-11-16,3.3132028579711914,3.3594335493845584,3.297792627500069,3.3132028579711914,8294700.0
2020-11-17,3.3440234072315245,3.359433638109642,3.2823824837190534,3.305497646331787,8067300.0
2020-11-18,3.2900874154536695,3.3132029454752887,3.274677184575552,3.305497646331787,8782200.0
2020-11-19,3.313203038593843,3.3209079705450084,3.266971977251267,3.274677276611328,10801600.0
2020-11-20,3.290088087648934,3.3209085557020748,3.282383154340129,3.297793388366699,8304300.0
2020-11-23,3.3132032400325087,3.3440237045288086,3.297793007784359,3.3440237045288086,7730400.0
2020-11-24,3.344023553952401,3.344023553952401,3.3132030908439005,3.336318254470825,7320100.0
2020-11-25,3.3517286369484247,3.3748441690251085,3.3209081724521248,3.3440237045288086,12767200.0
2020-11-26,3.344023991658485,3.344023991658485,3.313203524515831,3.328613758087158,7402600.0
2020-11-27,3.328613176353407,3.336318108088023,3.297792714597171,3.305497646331787,8428700.0
2020-11-30,3.3286138545305373,3.3286138545305373,3.2438573837280273,3.2438573837280273,26223800.0
2020-12-01,3.2515623170324592,3.259267617745851,3.228447149710204,3.2438573837280273,9609800.0
2020-12-02,3.2361519823482747,3.2438572828219794,3.197626582206598,3.2207417488098145,7418000.0
2020-12-03,3.2053315152713537,3.251562215886735,3.1899212817328935,3.2207417488098145,6182200.0
2020-12-04,3.2284469526191586,3.274677651850326,3.213036719542103,3.2515621185302734,6702400.0
2020-12-07,3.2438573348028568,3.297793336756235,3.2361520342056793,3.259267568588257,5311500.0
2020-12-08,3.2515621669767034,3.2746777006411643,3.236151933670044,3.236151933670044,5519600.0
2020-12-09,3.2515623170324592,3.2900880857814983,3.2361520830146353,3.2438573837280273,6589700.0
2020-12-10,3.2515621669767034,3.259267467334505,3.236151933670044,3.236151933670044,5409300.0
2020-12-11,3.259267467334505,3.266972400283363,3.228447000721186,3.236151933670044,6295200.0
2020-12-14,3.2438573348028568,3.274677802373657,3.2361520342056793,3.259267568588257,3602600.0
2020-12-15,3.243857137820542,3.266972303390503,3.243857137820542,3.266972303390503,6735500.0
2020-12-16,3.266972552904598,3.3054983216755045,3.2592676195957933,3.297793388366699,6216200.0
2020-12-17,3.305498549776356,3.3363190199563095,3.2823833808458844,3.320908784866333,6642400.0
2020-12-18,3.320908596976467,3.374844600444295,3.3054983627583687,3.3594343662261963,10853600.0
2020-12-21,3.3594345046590126,3.4056652092183453,3.3286140349527904,3.3902549743652344,8272900.0
2020-12-22,3.3902539752395127,3.4518948964860523,3.3825486763792596,3.4056642055511475,10190800.0
2020-12-23,3.4056648292262435,3.4904212951660156,3.3902545960925523,3.4904212951660156,9243800.0
2020-12-24,3.505831424973219,3.5597670556470384,3.4904211922937103,3.5443568229675293,6826100.0
2020-12-28,3.544356972655877,3.5674725063558403,3.5135365059952215,3.5520622730255127,8578500.0
2020-12-29,3.559767723083496,3.567473024572416,3.5289472519458123,3.559767723083496,4905500.0
2020-12-30,3.5597676205507556,3.6830498689595648,3.5597676205507556,3.644524097442627,10990300.0
2020-12-31,3.6137036271926712,3.629113862317649,3.5828831569427155,3.644524097442627,6398700.0
2021-01-04,3.5905876259265215,3.6984596252441406,3.5905876259265215,3.6984596252441406,9048000.0
2021-01-05,3.652228324978621,3.806331013834726,3.598292696176563,3.775510549545288,22707300.0
2021-01-06,3.79862589801416,3.8294463637961424,3.721574733559205,3.8140361309051514,24032300.0
2021-01-07,3.8448560827842977,3.898792074398157,3.8140356211217727,3.8833818435668945,13998800.0
2021-01-08,3.891087142686968,3.898792074398157,3.8602666810244433,3.8833818435668945,9365000.0
2021-01-11,3.8756769118557055,3.9064973735182296,3.85256138190437,3.8833818435668945,9989900.0
2021-01-12,3.8679722286873393,3.945023395113593,3.844856695054992,3.914202928543091,10774200.0
2021-01-13,3.937318470414529,3.952728703732026,3.891087770462036,3.891087770462036,7250400.0
2021-01-14,3.9142024167833593,3.998958872475285,3.9142024167833593,3.983548641204834,12240300.0
2021-01-15,3.991254231774941,4.052895534437725,3.991254231774941,4.0220746994018555,10525100.0
2021-01-18,4.0297800920473685,4.1376517312051995,4.0297800920473685,4.122241497039795,9705600.0
2021-01-19,4.145356949103069,4.145356949103069,4.037484944693251,4.052895545959473,10131600.0
2021-01-20,4.052894413520401,4.129945561277492,4.029778885488847,4.114535331726074,7935200.0
2021-01-21,4.145356741028738,4.222407906447519,4.1299465079449815,4.214702606201172,10970300.0
2021-01-22,4.230112936797694,4.230112936797694,4.160767070026695,4.183882236480713,8565400.0
2021-01-25,4.230113514379529,4.2994597580280445,4.2147032788364145,4.260934352874756,7705700.0
2021-01-26,4.237818428803135,4.245523729575443,4.13765172321691,4.1992926597595215,13621800.0
2021-01-27,4.222407434001967,4.245522964745672,4.176176739923455,4.191586971282959,7709400.0
2021-01-28,4.129946128128076,4.145356359794606,4.091420365257298,4.106830596923828,11877800.0
2021-01-29,4.122241213178688,4.168471912491415,4.029779814553234,4.060600280761719,15296500.0
2021-02-01,4.045190709625639,4.09912671802122,3.991254701230057,4.0760111808776855,9982600.0
2021-02-02,4.091420562877116,4.176177024841309,4.091420562877116,4.176177024841309,5513900.0
2021-02-03,4.19929285979755,4.20699816093691,4.1376519203186035,4.1376519203186035,5059900.0
2021-02-04,4.160767660525313,4.168472594633826,4.045190709625639,4.0760111808776855,6964500.0
2021-02-05,4.091420650482178,4.114536183297877,4.04518995225971,4.091420650482178,5114000.0
2021-02-08,4.1145365636615745,4.153061965370604,4.10683126287439,4.122241497039795,5908700.0
2021-02-09,4.160766404581997,4.1838815673391325,4.137650874415974,4.168471336364746,4796500.0
2021-02-10,4.1761769216728,4.191587153702965,4.137651157892931,4.153061389923096,4584200.0
2021-02-11,4.145355985279164,4.145355985279164,4.106830225889026,4.129945755004883,3339600.0
2021-02-15,4.160766508563951,4.214702134617767,4.137650977820247,4.191586971282959,6061100.0
2021-02-16,4.214702619088101,4.268638618750632,4.206997686227133,4.245523452758789,7826600.0
2021-02-17,4.199291615200837,4.237817374661306,4.191586683754066,4.230112075805664,4580000.0
2021-02-18,4.237818152488883,4.2532283856197575,4.206997686227133,4.245523452758789,6237900.0
2021-02-19,4.253228005829385,4.345689396358329,4.253228005829385,4.291753768920898,13843600.0
2021-02-22,4.3148693181432565,4.330279551274131,4.2301128522189755,4.245523452758789,8707340.0
2021-02-23,4.230112550073922,4.230112550073922,4.114535993552139,4.153061389923096,21381800.0
2021-02-24,4.1607666015625,4.199291997117904,4.145356369858558,4.1607666015625,10072700.0
2021-02-25,4.1607666015625,4.191587064970386,4.153061302006076,4.1607666015625,8680600.0
2021-02-26,4.106830409265451,4.114535708451081,4.060599716378335,4.068305015563965,21187000.0
2021-03-01,4.083716095330766,4.1376517312051995,4.083716095330766,4.122241497039795,8136200.0
2021-03-02,4.129946133907055,4.145356365595148,4.083715438842773,4.083715438842773,6541400.0
2021-03-03,4.122240262797356,4.129945561277492,4.09141980369452,4.114535331726074,8627800.0
2021-03-04,4.12224198608179,4.168472694062581,4.083716579802301,4.099126815795898,10446300.0
2021-03-05,4.06830520715468,4.099125670530867,4.029779444229994,4.083715438842773,9563400.0
2021-03-08,4.137651251761521,4.137651251761521,4.037484557588566,4.04518985748291,6460900.0
2021-03-09,4.076010713040894,4.083716013674005,4.029780011469096,4.052895545959473,5383300.0
2021-03-10,4.06059990760618,4.129946133907055,4.06059990760618,4.083715438842773,7677500.0
2021-03-11,4.099126516848752,4.145357221457963,4.083716281979015,4.1376519203186035,7191100.0
2021-03-12,4.137650492348775,4.137650492348775,4.099125102174656,4.114535331726074,3453900.0
2021-03-15,4.145357523776689,4.145357523776689,4.076011278100999,4.099126815795898,6217100.0
2021-03-16,4.106830883223,4.122241115963823,4.076010417741355,4.091420650482178,3907000.0
2021-03-17,4.122241887755756,4.122241887755756,4.0760111808776855,4.0760111808776855,4289300.0
2021-03-18,4.106831652129732,4.122241887755756,4.05289601114315,4.0760111808776855,6768100.0
2021-03-19,4.060600280761719,4.114536280331036,4.060600280761719,4.060600280761719,10744900.0
2021-03-22,4.083715529491809,4.199292086013592,4.07601022977227,4.153061389923096,12118100.0
2021-03-23,4.176176823127666,4.176176823127666,4.083715433128485,4.106830596923828,7358100.0
2021-03-24,4.114535896461545,4.137651060256888,4.083715433128485,4.106830596923828,5448500.0
2021-03-25,4.106830225889026,4.137650686437588,4.0991252944563215,4.129945755004883,5765700.0
2021-03-26,4.145356836587702,4.22240800378267,4.137651536163732,4.183882236480713,9563100.0
2021-03-29,4.222408194667483,4.230113128030828,4.176177492260524,4.1992926597595215,7032900.0
2021-03-30,4.237817374661306,4.276343134121777,4.21470184550325,4.230112075805664,7141900.0
2021-03-31,4.245523254394642,4.253228186895611,4.176177024841309,4.176177024841309,7026600.0
2021-04-01,4.206997871398926,4.2378183390172435,4.191587637589767,4.206997871398926,4122300.0
2021-04-05,4.253228372615031,4.253228372615031,4.206997673363763,4.214702606201172,2030100.0
2021-04-06,4.237818428803135,4.253228662938788,4.191587726396177,4.1992926597595215,4649700.0
2021-04-07,4.230112365977271,4.237817665361471,4.191586971282959,4.191586971282959,5931600.0
2021-04-08,4.183882236480713,4.2147027033587,4.160767070026695,4.183882236480713,4814700.0
2021-04-09,4.160767169971448,4.222408105208085,4.160767169971448,4.206997871398926,4143300.0
2021-04-12,4.214702228821847,4.222407528378271,4.153061302006076,4.1607666015625,5420600.0
2021-04-13,4.176177307306716,4.237818241119385,4.176177307306716,4.237818241119385,6340800.0
2021-04-14,4.23781805060095,4.23781805060095,4.191587352319829,4.222407817840576,5256700.0
2021-04-15,4.230112075805664,4.260932903819363,4.20699691405648,4.230112075805664,5508100.0
2021-04-16,4.245523439777623,4.245523439777623,4.199292373117416,4.214702606201172,4416900.0
2021-04-19,4.230112839284928,4.237818139531275,4.191587440280006,4.214702606201172,4213200.0
2021-04-20,4.191587064970386,4.214702228821847,4.1607666015625,4.1607666015625,6616500.0
2021-04-21,4.114536189592057,4.14535665512085,4.091420656740997,4.14535665512085,7155500.0
2021-04-22,4.14535665512085,4.168471820562979,4.12224112226979,4.14535665512085,5830200.0
2021-04-23,4.157257080078125,4.173124837382451,4.133456200737948,4.157257080078125,5771600.0
2021-04-26,4.157257622910817,4.204860144423169,4.1413902418427675,4.181058883666992,6610400.0
2021-04-27,4.181058001012841,4.2207266344627055,4.173124501307743,4.204859256744385,7067400.0
2021-04-28,4.196926264735041,4.21279364580309,4.165191502598944,4.181058883666992,7095700.0
2021-04-29,4.196925378731161,4.2207266344627055,4.181058001012841,4.204859256744385,6873600.0
2021-04-30,4.2841956545405795,4.2841956545405795,4.141388893127441,4.141388893127441,17998500.0
2021-05-03,4.157256640038467,4.157256640038467,3.927179479793261,3.9747819900512695,21623400.0
2021-05-04,3.9985833168029785,4.038251953712231,3.9827159377009096,3.9985833168029785,6867100.0
2021-05-05,3.990649535838439,3.998583035677619,3.943047023570827,3.950980901718139,6979600.0
2021-05-06,3.982715681013977,4.006516937287163,3.927179668581964,3.943047046661377,9688200.0
2021-05-07,3.95891442474079,3.9668483029345634,3.919246168696325,3.943047046661377,11697200.0
2021-05-10,3.958914139318282,3.990649271497261,3.895444631576538,3.895444631576538,8872900.0
2021-05-11,3.8795774256840545,3.895444803319052,3.839909170750623,3.85577654838562,12630100.0
2021-05-12,3.855776140566253,3.9033782684364433,3.8081740126960626,3.8161075115203857,12209100.0
2021-05-14,3.8081746155406178,3.824041994009198,3.720903844809357,3.7447047233581543,15208300.0
2021-05-17,3.800240560140383,3.8716439490771575,3.7685058046814,3.8478426933288574,9392800.0
2021-05-18,3.879577798115741,3.9509811934818737,3.879577798115741,3.9192464351654057,9505100.0
2021-05-19,3.919246843539456,3.919246843539456,3.7923077970469063,3.824042558670044,9593400.0
2021-05-20,3.816107921750148,3.855776555060374,3.776439666748047,3.776439666748047,8893100.0
2021-05-21,3.816107536542953,3.824041413727383,3.784372784421405,3.792306661605835,6151700.0
2021-05-24,3.8161083491221746,3.8319757285616527,3.79230746911704,3.8081748485565186,4030400.0
2021-05-25,3.824042227995997,3.8319757285616527,3.7843735902432174,3.8081748485565186,7211600.0
2021-05-27,3.808175177858475,3.8637108215448657,3.808175177858475,3.824042558670044,15624500.0
2021-05-28,3.855776527234504,3.8637100268544216,3.8002405166625977,3.8002405166625977,7284700.0
2021-05-31,3.824041677004733,3.831975176427281,3.76057179008378,3.7843730449676514,5995100.0
2021-06-01,3.800240444420816,3.8478425761597768,3.792306944951713,3.839909076690674,5203700.0
2021-06-02,3.8319749126037266,3.8478422886645007,3.768505408360631,3.792306661605835,6874600.0
2021-06-03,3.8161083491221746,3.8319757285616527,3.79230746911704,3.8081748485565186,6456905.0
2021-06-04,3.7923073074082487,3.808174686171122,3.7605721715743514,3.7685060501098633,4970000.0
2021-06-07,3.768505408360631,3.816107536542953,3.768505408360631,3.792306661605835,5302300.0
2021-06-08,3.79230746911704,3.824042227995997,3.7843735902432174,3.8081748485565186,4608600.0
2021-06-09,3.8081740376666087,3.816107536542953,3.784372784421405,3.792306661605835,3764300.0
2021-06-10,3.8002405166625977,3.83197527175851,3.7923070170426807,3.8002405166625977,7508800.0
2021-06-11,3.839909149686549,3.8478426493064655,3.7923070170426807,3.8002405166625977,5373000.0
2021-06-14,3.8081742998515224,3.8081742998515224,3.7764395455451023,3.7843730449676514,6386400.0
2021-06-15,3.768505980215096,3.784373358683676,3.7129699664209945,3.7447047233581543,12210700.0
2021-06-16,3.720903494563806,3.7288369938972505,3.6574339866638184,3.6574339866638184,13779900.0
2021-06-17,3.6018977165222164,3.649499843990271,3.578096841942229,3.601897716522217,13388900.0
2021-06-18,3.60983211390522,3.649500370025635,3.5939647357954265,3.649500370025635,9826500.0
2021-06-21,3.609832286834717,3.633633165985523,3.586031029375757,3.609832286834717,5791100.0
2021-06-22,3.617765117283789,3.6336324932158552,3.578096866607666,3.578096866607666,6100700.0
2021-06-23,3.609832286834717,3.625699665704639,3.586031029375757,3.609832286834717,5541900.0
2021-06-24,3.601898315215748,3.617765693675847,3.5780974366796716,3.5939648151397705,3263600.0
2021-06-25,3.5939642647501335,3.601897763611153,3.562229134381798,3.5701630115509033,5274300.0
2021-06-28,3.5860303654196577,3.593964242539732,3.562229112367517,3.578096866607666,3641300.0
2021-06-29,3.5780970550614373,3.5860305542912756,3.5463619232177734,3.5463619232177734,6764800.0
2021-06-30,3.5701630115509033,3.5939642647501335,3.546361758351673,3.5701630115509033,4357400.0
2021-07-01,3.601897763611153,3.625699016810384,3.5701630115509033,3.5701630115509033,5832400.0
2021-07-02,3.5701635116116757,3.5939647681446676,3.5463622550786833,3.562229633331299,4260200.0
2021-07-05,3.5701634794766695,3.649500370025635,3.5622296012677053,3.649500370025635,7663200.0
2021-07-06,3.665367934498966,3.697102692332088,3.625699676361641,3.6812353134155273,10402793.0
2021-07-07,3.657434328980166,3.665367829056144,3.5622296799114292,3.5939648151397705,10086700.0
2021-07-08,3.593964605623883,3.593964605623883,3.4987599621052525,3.5066938400268555,9167000.0
2021-07-09,3.482892232707187,3.593964242539732,3.4749587338951957,3.578096866607666,9189300.0
2021-07-12,3.601898315215748,3.6098321935998694,3.5622296799114292,3.5939648151397705,3196900.0
2021-07-13,3.609832020933064,3.649500276031813,3.5860307652273145,3.633632898330689,7059500.0
2021-07-14,3.6256993986341888,3.649500276031813,3.593964643231939,3.633632898330689,3441700.0
2021-07-15,3.625699665704639,3.625699665704639,3.578097529094873,3.609832286834717,3926300.0
2021-07-16,3.609832286834717,3.633633165985523,3.6018984082456793,3.609832286834717,2801200.0
2021-07-19,3.5701630115509033,3.601897763611153,3.546361758351673,3.5701630115509033,5356200.0
2021-07-21,3.570164021289603,3.5939652812204717,3.5384292602539062,3.5384292602539062,5486300.0
2021-07-22,3.5384282132314766,3.6415663452329694,3.5225608374087916,3.601897716522217,7311000.0
2021-07-23,3.617765693675847,3.617765693675847,3.57016355829555,3.5939648151397705,2800600.0
2021-07-26,3.570164021289603,3.5939652812204717,3.5384292602539062,3.5384292602539062,4983700.0
2021-07-27,3.562229981012471,3.570163860067211,3.4908269610606864,3.498760461807251,6285600.0
2021-07-28,3.530494886583127,3.530494886583127,3.459091873403094,3.4828927516937256,7681300.0
2021-07-29,3.49875977249568,3.49875977249568,3.4590915199617847,3.474958896636963,8910900.0
2021-07-30,3.4670244671971977,3.4828918413463,3.4511570930480957,3.4511570930480957,7212300.0
2021-08-02,3.4511582227350632,3.459092101560676,3.3876887053628213,3.411489963531494,8528000.0
2021-08-03,3.451157829499998,3.5384285950970256,3.435290451964913,3.5066938400268555,10932400.0
2021-08-04,3.5463623245206417,3.601898338646325,3.5304949459573245,3.586030960083008,7737700.0
2021-08-05,3.617765770296307,3.617765770296307,3.538428876315541,3.5542962551116943,4929900.0
2021-08-06,3.5542961852404,3.562229685328442,3.5066940497877153,3.530494928359986,4168400.0
2021-08-10,3.522560883460528,3.586030387581028,3.514627006291423,3.5701630115509033,4952700.0
2021-08-11,3.5939647681446676,3.601898268116906,3.5463622550786833,3.562229633331299,4599800.0
2021-08-12,3.593964242539732,3.625698994403864,3.578096866607666,3.578096866607666,8404900.0
2021-08-13,3.578096839378286,3.5860303381299032,3.514626957824946,3.5225608348846436,6547100.0
2021-08-16,3.51462750828666,3.530494886583127,3.4749592516995618,3.4828927516937256,7367300.0
2021-08-17,3.482892927087546,3.482892927087546,3.435290789800965,3.4432246685028076,6141200.0
2021-08-18,3.467303141425719,3.5234860470086864,3.4592767933611004,3.4994077682495117,5006300.0
2021-08-19,3.4592761539757326,3.4753284644206466,3.411119222640991,3.411119222640991,8343800.0
2021-08-20,3.451250845589616,3.459276810977767,3.4271721839904785,3.4271721839904785,3489000.0
2021-08-23,3.41914576550082,3.41914576550082,3.362962484359741,3.362962484359741,6065500.0
2021-08-24,3.3709884486843,3.4030930714171186,3.362962484359741,3.362962484359741,6403000.0
2021-08-25,3.403093231651075,3.4111195790708444,3.354936295284387,3.370988607406616,5139100.0
2021-08-26,3.362962789507531,3.3790151023304915,3.314805851038649,3.3469104766845703,10062100.0
2021-08-27,3.322831630706787,3.346910289956514,3.314805666101748,3.322831630706787,7582900.0
2021-08-30,3.3308584352789987,3.41914635435815,3.3308584352789987,3.3950676918029785,5048200.0
2021-08-31,3.3950672257386643,3.3950672257386643,3.3067793187794035,3.322831630706787,18907200.0
2021-09-01,3.338884128914427,3.362962789507531,3.3308581638616097,3.3469104766845703,4003100.0
2021-09-02,3.362963015851411,3.370988981444415,3.3308583880446916,3.3388843536376953,2668500.0
2021-09-03,3.338884195804427,3.3469105437353672,3.3067795695153333,3.3308582305908203,2584500.0
2021-09-06,3.3308580184596983,3.370988607406616,3.3148057063374687,3.370988607406616,3354600.0
2021-09-07,3.362962642704157,3.370988607406616,3.338883983162158,3.370988607406616,3280000.0
2021-09-08,3.370988405361658,3.379014752300357,3.306779160721213,3.314805507659912,8033500.0
2021-09-09,3.314805507659912,3.3388837830414353,3.2987531964998005,3.314805507659912,3853500.0
2021-09-10,3.330858320721749,3.3709889133103577,3.3148060071428365,3.3549365997314453,6151700.0
2021-09-13,3.338884249840285,3.346910597901122,3.306779623031616,3.306779623031616,5545200.0
2021-09-14,3.338883848899354,3.338883848899354,3.298753261566162,3.298753261566162,5209100.0
2021-09-15,3.3067795996658433,3.3067795996658433,3.2586226597931183,3.266649007797241,5084500.0
2021-09-16,3.27467471996333,3.290727032013452,3.258622407913208,3.258622407913208,5665514.0
2021-09-17,3.258622291515676,3.3067792259458826,3.258622291515676,3.298753261566162,12460500.0
2021-09-20,3.298753553127487,3.3067795182165853,3.2586225795300128,3.274674892425537,4037900.0
2021-09-21,3.274675063205188,3.2987537251628796,3.2586227494725093,3.290727376937866,3627500.0
2021-09-22,3.2586226597931183,3.2827013210881497,3.2425703465022098,3.266649007797241,3257500.0
2021-09-23,3.266648940928675,3.306779531975801,3.266648940928675,3.282701253890991,3398100.0
2021-09-24,3.282701240231963,3.290727205321061,3.266648927336439,3.274674892425537,3664800.0
2021-09-27,3.2827009500894264,3.3228315374226183,3.266648638612691,3.298753261566162,5310900.0
2021-09-28,3.346910634300661,3.395067575037398,3.3148060071428365,3.3549365997314453,10219400.0
2021-09-29,3.362962601883898,3.3709885664889367,3.314805666101748,3.322831630706787,7181500.0
2021-09-30,3.354936545949605,3.403093485914355,3.338884232628022,3.3790152072906494,8095100.0
2021-10-01,3.370988876648954,3.370988876648954,3.306779623031616,3.306779623031616,5674600.0
2021-10-04,3.3469105437353672,3.3469105437353672,3.3067795695153333,3.3308582305908203,5137300.0
2021-10-05,3.298753261566162,3.3067792259458826,3.266648638612691,3.298753261566162,4735700.0
2021-10-06,3.3228315964256683,3.4753287495211733,3.2987533201416572,3.4592764377593994,13086600.0
2021-10-07,3.52348594154475,3.571642880339021,3.459276689819057,3.4673030376434326,12664300.0
2021-10-08,3.507433190683877,3.5315118484332753,3.4592762579023626,3.5154595375061035,6391800.0
2021-10-11,3.531512289369126,3.531512289369126,3.459276689819057,3.4673030376434326,4273800.0
2021-10-12,3.467302481614595,3.4994071023290316,3.451250171257376,3.4753284454345703,3974700.0
2021-10-13,3.491381221428835,3.5475645065307617,3.483355256538456,3.5475645065307617,6892200.0
2021-10-14,3.5555907650374503,3.5636171133079535,3.4994078580133268,3.5234861373901367,7905800.0
2021-10-15,3.5315118484332753,3.5475641593604466,3.5154595375061035,3.5154595375061035,5425300.0
2021-10-18,3.499407226578932,3.5395378125382204,3.4833549156517605,3.5154595375061035,5688600.0
2021-10-19,3.5475645065307617,3.5555904714211404,3.523485846424988,3.5475645065307617,3650500.0
2021-10-20,3.5555906738324796,3.5555906738324796,3.4994077682495117,3.4994077682495117,3587900.0
2021-10-21,3.5154601718369833,3.547564799484297,3.491381509742823,3.5234861373901367,5076400.0
2021-10-22,3.5315118484332753,3.5315118484332753,3.507433190683877,3.5154595375061035,2964000.0
2021-10-25,3.507434129714966,3.5234864449397585,3.4994081634612617,3.507434129714966,2531700.0
2021-10-26,3.507433599878478,3.55559053827822,3.499407634837184,3.5315122604370117,4542600.0
2021-10-27,3.5395382254783057,3.56361688603684,3.523485912678392,3.5315122604370117,5447600.0
2021-10-28,3.531512395073305,3.539538360420583,3.4994077682495117,3.4994077682495117,5036200.0
2021-10-29,3.515459976437703,3.52348594154475,3.4673030376434326,3.4673030376434326,5719200.0
2021-11-01,3.51546010456782,3.5475647316008043,3.507433756450903,3.5395383834838867,8388500.0
2021-11-02,3.563616321713426,3.619799598974774,3.5395376649679138,3.6117732524871826,9282400.0
2021-11-03,3.6117737153751426,3.659930652320733,3.5876950555436897,3.6037473678588863,8045300.0
2021-11-05,3.6037475014922777,3.611773849306165,3.563616910574828,3.5716428756713867,5695200.0
2021-11-08,3.587695015430497,3.5957213628570117,3.555590391159057,3.5555903911590576,3467900.0
2021-11-09,3.5555901234653917,3.5636164702876183,3.5154595375061035,3.5154595375061035,5091200.0
2021-11-10,3.507433066149007,3.5154594126862504,3.4753284454345703,3.4753284454345703,7761800.0
2021-11-11,3.49138124869023,3.499407596360599,3.4673029711137664,3.4833552837371826,2062300.0
2021-11-12,3.4994070379178277,3.5154593479795824,3.4753283814665656,3.4913806915283203,2886500.0
2021-11-15,3.4994070379178277,3.5154593479795824,3.4753283814665656,3.4913806915283203,3190200.0
2021-11-16,3.507433561313646,3.5154599089840146,3.4833552837371826,3.4833552837371826,2772800.0
2021-11-17,3.475328829972509,3.483355177397851,3.4351982409977304,3.4512505531311035,6838100.0
2021-11-18,3.451250845589616,3.459276810977767,3.4271721839904785,3.4271721839904785,3239700.0
2021-11-19,3.435198532095972,3.443224497484122,3.4191462186023274,3.4271721839904785,3296800.0
2021-11-22,3.4191458497136145,3.4753287495211733,3.411119502474077,3.4592764377593994,2561100.0
2021-11-23,3.4673030376434326,3.4913813156819034,3.443224376887633,3.4673030376434326,3240400.0
2021-11-24,3.475328829972509,3.4913811421058827,3.451250553131104,3.4512505531311035,2732900.0
2021-11-25,3.459276689819057,3.483355350574856,3.4512507247120094,3.4673030376434326,2429500.0
2021-11-26,3.451250483454862,3.45927644800086,3.387040853500366,3.387040853500366,7693000.0
2021-11-29,3.3870407600507093,3.4030930714171186,3.362962484359741,3.362962484359741,7617400.0
2021-11-30,3.3629625074731044,3.3870407833295606,3.2907269144691473,3.298753261566162,28412100.0
2021-12-01,3.2987535668533075,3.322831844938117,3.2746749060511684,3.282701253890991,7334800.0
2021-12-02,3.258622407913208,3.27467471996333,3.250596443246801,3.258622407913208,5525200.0
2021-12-03,3.282701253890991,3.2987535668533075,3.266648940928675,3.282701253890991,4959600.0
2021-12-06,3.2907274119276155,3.362963015851411,3.2827014463346114,3.3388843536376953,3244000.0
2021-12-07,3.338884286152533,3.3709889133103577,3.3067796589947083,3.3549365997314453,4212800.0
2021-12-08,3.3549366675410552,3.362963015851411,3.3308583880446916,3.3388843536376953,2927100.0
2021-12-09,3.338883918072471,3.4030931653096648,3.338883918072471,3.387040853500366,3286800.0
2021-12-10,3.3629629478795735,3.379015261458486,3.346910634300661,3.3549365997314453,3864200.0
2021-12-13,3.3870412953477755,3.3950676436581313,3.3388843536376953,3.3388843536376953,3298300.0
2021-12-14,3.338884128914427,3.3790151023304915,3.338884128914427,3.3469104766845703,2042800.0
2021-12-15,3.3308578188200233,3.3469101299801345,3.314805507659912,3.314805507659912,2935900.0
2021-12-16,3.2907268495611017,3.3308578188200233,3.2907268495611017,3.314805507659912,3231700.0
2021-12-17,3.298753553127487,3.3228318311121092,3.274674892425537,3.274674892425537,8993500.0
2021-12-20,3.2586225411385152,3.2827012015567822,3.226517915725708,3.226517915725708,7000900.0
2021-12-21,3.234544038772583,3.2586223148010975,3.234544038772583,3.234544038772583,3400400.0
2021-12-22,3.2265182566071564,3.2345446051670033,3.194413627802497,3.202439785003662,5046500.0
2021-12-23,3.2184921344579993,3.258622727156191,3.2184921344579993,3.250596761703491,2497900.0
2021-12-24,3.258622593088852,3.282701253890991,3.2505966279663587,3.282701253890991,799100.0
2021-12-27,3.2827013210881497,3.298753634379058,3.266649007797241,3.266649007797241,1155800.0
2021-12-28,3.2827008853396893,3.3308578188200233,3.2746745384009905,3.314805507659912,2195700.0
2021-12-29,3.338884286152533,3.379015261458486,3.3228319725736206,3.3549365997314453,2738000.0
2021-12-30,3.3549362545615535,3.362962601883898,3.322831630706787,3.322831630706787,2221900.0
2021-12-31,3.314805666101748,3.3549362545615535,3.314805666101748,3.322831630706787,1188600.0
2022-01-03,3.3228318160914663,3.3549364417373875,3.3228318160914663,3.3469104766845703,1549600.0
2022-01-04,3.370988541691068,3.419145859836265,3.3549362298817695,3.387040853500366,4292700.0
2022-01-05,3.395067135203103,3.4271717582017427,3.3870407880947964,3.403093099594116,5325200.0
2022-01-06,3.4191462186023274,3.443224497484122,3.39506755700319,3.4271721839904785,4498400.0
2022-01-07,3.4351983458669344,3.4833552837371826,3.403093337902781,3.4833552837371826,7131600.0
2022-01-10,3.4913811421058827,3.4913811421058827,3.4351982409977304,3.4512505531311035,3824000.0
2022-01-11,3.39506755700319,3.451250845589616,3.370988895404052,3.4271721839904785,5296800.0
2022-01-12,3.4753284644206466,3.4753284644206466,3.4030928760598993,3.411119222640991,3490800.0
2022-01-13,3.435198373697067,3.45125068645053,3.4111197132082096,3.4191460609436035,2997300.0
2022-01-14,3.4432245108752975,3.4512508590120063,3.4111198837631496,3.4351985454559326,3146200.0
2022-01-17,3.435198668489145,3.4432246341959636,3.379015377671984,3.3950676918029785,3026300.0
2022-01-18,3.4111194467024233,3.4432240697010625,3.395067135203103,3.403093099594116,3522800.0
2022-01-19,3.427171879597731,3.4673028511261816,3.4111195675298123,3.4432241916656494,4061200.0
2022-01-20,3.4673029711137664,3.49138124869023,3.427171998196566,3.4833552837371826,5278200.0
2022-01-21,3.4994070379178277,3.523485311651829,3.467302417794319,3.4913806915283203,4442700.0
2022-01-24,3.459276810977767,3.4833554725769047,3.411119870496834,3.4271721839904785,5137200.0
2022-01-25,3.411119727976413,3.4191460757465566,3.3308581638616097,3.3469104766845703,7095100.0
2022-01-26,3.3790152435095453,3.435198532095972,3.370988895404052,3.4271721839904785,4273900.0
2022-01-27,3.3870413433788022,3.4030936575097974,3.3549367151168124,3.3950676918029785,7000333.0
2022-01-28,3.4030933654728157,3.4592766514685995,3.4030933654728157,3.4191460609436035,11015100.0
2022-01-31,3.3870412088976964,3.451250845589616,3.3870412088976964,3.4271721839904785,4889000.0
2022-02-03,3.459276661478736,3.547564573236926,3.451250696437442,3.5315122604370117,10504700.0
2022-02-04,3.4994081634612617,3.531512793910847,3.4753294992653805,3.507434129714966,5651200.0
2022-02-07,3.467303009237356,3.5315122604370117,3.451250696437442,3.5315122604370117,5272100.0
2022-02-08,3.5315122604370117,3.5796691988367537,3.515459947637098,3.5315122604370117,6119300.0
2022-02-09,3.5315124180843123,3.5395383834838867,3.4994077910513286,3.5395383834838867,4406700.0
2022-02-10,3.563616910574828,3.5957215363957187,3.515459971843492,3.5716428756713867,7669200.0
2022-02-11,3.563616910574828,3.5957215363957187,3.5395382498504957,3.5716428756713867,6617900.0
2022-02-14,3.5716423933915835,3.659930293836159,3.563616429378773,3.6438779830932617,10821900.0
2022-02-15,3.6599306163446057,3.828480085356035,3.6438783041871985,3.8204541206359863,18649600.0
2022-02-16,3.8044014639297834,3.8124278114476686,3.7401922146559614,3.788349151611328,8670050.0
2022-02-17,3.812427825454213,3.8204541730015857,3.7642708883219216,3.7963755130767822,6815900.0
2022-02-18,3.772296681382555,3.788348993029053,3.756244369736058,3.780323028564453,6267000.0
2022-02-21,3.7722967328708457,3.7722967328708457,3.740192109139653,3.756244421005249,3785100.0
2022-02-22,3.732166343162324,3.7401923081635498,3.684009405002998,3.708087682723999,5431700.0
2022-02-23,3.772297139617778,3.772297139617778,3.627826317249884,3.659930944442749,11938000.0
2022-02-24,3.595721740955267,3.619800403049428,3.4753291959191666,3.5234861373901367,17452900.0
2022-02-25,3.547564203080931,3.595721136455936,3.5315118919559296,3.5636165142059326,10534000.0
2022-02-28,3.5796687812147896,3.5876947453197348,3.4592762579023626,3.5154595375061035,16551200.0
2022-03-01,3.5074338235664797,3.5636171133079535,3.4753291959191666,3.5234861373901367,10651000.0
2022-03-02,3.49138131111916,3.5796692234852734,3.49138131111916,3.5716428756713867,9879300.0
2022-03-03,3.58769518706393,3.667957134299528,3.579669221970767,3.651904821395874,17452400.0
2022-03-04,3.6759829400824033,3.7803231607929058,3.6519046631290943,3.748218536376953,17042900.0
2022-03-07,3.7963758057170423,3.82848043294666,3.756244830321348,3.772297143936157,17358300.0
2022-03-08,3.812428442654944,3.820454791501717,3.732166867774105,3.76427149772644,13426000.0
2022-03-09,3.764271178487425,3.7963758057170423,3.732166551257808,3.772297143936157,6112300.0
2022-03-10,3.764271050369561,3.780323363438025,3.6278261979289472,3.700061798095703,10298800.0
2022-03-11,3.651904688940508,3.700061625904807,3.643878341421134,3.684009313583374,4912500.0
2022-03-14,3.684009743292232,3.6920357090304528,3.619800486517028,3.627826452255249,5504700.0
2022-03-15,3.611773361607466,3.675982604579057,3.5957210508645687,3.6438779830932617,8943400.0
2022-03-16,3.6519046631290943,3.756244501122285,3.6519046631290943,3.748218536376953,8562400.0
2022-03-17,3.764271050369561,3.772297015545127,3.6679571719587742,3.700061798095703,7418500.0
2022-03-18,3.7401923081635498,3.748218655882099,3.659930744564673,3.708087682723999,9630800.0
2022-03-21,3.724140518927332,3.76427149772644,3.700062237821769,3.76427149772644,4296300.0
2022-03-22,3.7803241201033018,3.868612051010132,3.748219487540347,3.868612051010132,16627000.0
2022-03-23,3.8926895470074023,3.9167682079198376,3.844532607899863,3.884663581848145,8049400.0
2022-03-24,3.8445329318534696,3.9167685379602655,3.8445329318534696,3.9087421894073486,6536400.0
2022-03-25,3.924794966636598,3.924794966636598,3.8605857015106886,3.868612051010132,4150500.0
2022-03-28,3.876636930495835,3.908741554054274,3.860584618716616,3.900715589523315,5990700.0
2022-03-29,3.8926903340736434,3.916768999854564,3.836507418447177,3.868612051010132,6969700.0
2022-03-30,3.9087418600432486,3.9087418600432486,3.8605849209357097,3.884663581848145,5469200.0
2022-03-31,3.900715557271832,3.900715557271832,3.780323028564453,3.780323028564453,10031200.0
2022-04-01,3.756244526974417,3.8044014639297834,3.7401922146559614,3.788349151611328,5817100.0
2022-04-04,3.8124278114476686,3.8204541589655534,3.772296839292872,3.788349151611328,4007500.0
2022-04-05,3.8124277075495985,3.844532331311579,3.796375395668608,3.836506366729736,6094900.0
2022-04-06,3.836506485379016,3.8525587977564464,3.7722968531519783,3.7963755130767822,6956900.0
2022-04-07,3.7803231607929058,3.7803231607929058,3.748218536376953,3.748218536376953,6659900.0
2022-04-08,3.780323492102234,3.8044017711657743,3.74019251670654,3.772297143936157,8558100.0
2022-04-11,3.772296933603099,3.7803232813216496,3.6679570922832223,3.708087682723999,9428400.0
2022-04-12,3.700061798095703,3.748218737301096,3.6679571719587742,3.700061798095703,8077800.0
2022-04-13,3.724139995443774,3.748218655882099,3.684009405002998,3.708087682723999,6511400.0
2022-04-14,3.708087336138151,3.7161136831064976,3.6679567494482823,3.675982713699341,6989200.0
2022-04-18,3.6920354801386264,3.6920354801386264,3.635852575302124,3.635852575302124,4250000.0
2022-04-19,3.651904888500744,3.700061828096604,3.627826227344146,3.635852575302124,7280600.0
2022-04-20,3.635853151262384,3.6759837492574072,3.595722170549965,3.6679577827453618,10398600.0
2022-04-21,3.684009313583374,3.692035278385433,3.643878341421134,3.684009313583374,7510800.0
2022-04-22,3.6519043298233487,3.675982604579057,3.6358520190804513,3.6438779830932617,6934800.0
2022-04-25,3.6037471948912985,3.635852200698076,3.5796689189328355,3.5876948833465576,8531000.0
2022-04-26,3.649339201374976,3.649339201374976,3.550708507481378,3.558927536010742,7261200.0
2022-04-27,3.583585983931583,3.616462887203318,3.5671475322957154,3.608243465423584,5765500.0
2022-04-28,3.624681669456334,3.6329010906745984,3.558927867404526,3.583585739135742,6181000.0
2022-04-29,3.6082431164084023,3.6739969165916935,3.5753662163167563,3.649339437484741,7250700.0
2022-05-04,3.6246821880340576,3.65755909376361,3.567147798969156,3.6246821880340576,12308000.0
2022-05-05,3.649339333643264,3.682216232799402,3.6000239849090576,3.6000239849090576,6143300.0
2022-05-06,3.583585705301598,3.6000241556593475,3.5671472549438477,3.5671472549438477,10955300.0
2022-05-09,3.5589277055764907,3.5753661553419698,3.526050806045532,3.526050806045532,5710400.0
2022-05-10,3.501393577083856,3.501393577083856,3.4356393814086914,3.4356393814086914,12234900.0
2022-05-11,3.4274201482024056,3.468516077142928,3.4274201482024056,3.452077627182007,6117000.0
2022-05-12,3.4274203108293464,3.4520777909789153,3.394543409347534,3.394543409347534,11015100.0
2022-05-13,3.419200752420033,3.4438586235046387,3.3863238522562686,3.4438586235046387,5892800.0
2022-05-17,3.452077858362197,3.4767357309166584,3.4109819266695447,3.4274203777313232,6324700.0
2022-05-18,3.435639709808106,3.476736037042874,3.4109822270061443,3.4602975845336914,9609800.0
2022-05-19,3.419200829740235,3.427420250928829,3.369885478379394,3.386323928833008,8155700.0
2022-05-20,3.419200686608139,3.567147126421009,3.4109816576871776,3.526050806045532,13906300.0
2022-05-23,3.558927774077815,3.558927774077815,3.4438586235046387,3.4438586235046387,6079400.0
2022-05-24,3.443858910555731,3.460297362007784,3.3698856830596924,3.3698856830596924,10441500.0
2022-05-25,3.394543556199571,3.4109820076516244,3.3698856830596924,3.3698856830596924,4385500.0
2022-05-26,3.394543409347534,3.4274203108293464,3.369885537274385,3.394543409347534,4033900.0
2022-05-27,3.402762920983451,3.4356398271244593,3.3863244679129467,3.419201374053955,7223500.0
2022-05-30,3.4356394073004184,3.4602972798548803,3.4274203777313232,3.4274203777313232,7367100.0
2022-05-31,3.4356394073004184,3.452077858362197,3.4109819266695447,3.4274203777313232,12313000.0
2022-06-01,3.452077627182007,3.468516077142928,3.4274201482024056,3.452077627182007,7665476.0
2022-06-02,3.4438588028394315,3.4520778323465864,3.410981900963642,3.4356393814086914,3899579.0
2022-06-03,3.460297073586521,3.4685161026656797,3.4274201734227567,3.4438586235046387,2365400.0
2022-06-06,3.452077627182007,3.468516077142928,3.4274201482024056,3.452077627182007,3711500.0
2022-06-07,3.452077858362197,3.4602972798548803,3.4109819266695447,3.4274203777313232,4768200.0
2022-06-08,3.452078280194963,3.452078280194963,3.419201374053955,3.419201374053955,4053600.0
2022-06-09,3.41920095623864,3.4356394073004184,3.41920095623864,3.4274203777313232,4296400.0
2022-06-10,3.410982073289474,3.419201103211861,3.3863241996751015,3.4027626514434814,5539700.0
2022-06-13,3.394543556199571,3.394543556199571,3.3698856830596924,3.3698856830596924,7337100.0
2022-06-14,3.3698856169348903,3.3698856169348903,3.3287896850729513,3.3370087146759033,8693700.0
2022-06-15,3.337008740665499,3.3698856431805413,3.328789710998535,3.328789710998535,8742600.0
2022-06-16,3.3452281028945294,3.361666553860348,3.320570230484009,3.320570230484009,9925400.0
2022-06-17,3.320570463248695,3.3287898852695603,3.2876935590124594,3.295912981033325,15456300.0
2022-06-20,3.2876935590124594,3.304132011130577,3.2794743329534004,3.295912981033325,3599500.0
2022-06-21,3.3041322231292725,3.337009129474946,3.287693769956436,3.3041322231292725,9780000.0
2022-06-22,3.3041322231292725,3.3534475826477825,3.2959131925046736,3.3041322231292725,11334600.0
2022-06-23,3.3041322231292725,3.3287900988503467,3.2959131925046736,3.3041322231292725,6489100.0
2022-06-24,3.320570289407978,3.345228162256056,3.2959128084834934,3.328789710998535,6792000.0
2022-06-27,3.3452280899309668,3.43563937393081,3.337008668518117,3.4109818935394287,9038300.0
2022-06-28,3.394543475607766,3.4602972798548803,3.3863240541150827,3.4274203777313232,10136900.0
2022-06-29,3.402762853702782,3.419201306448259,3.3616669178009033,3.3616669178009033,10069200.0
2022-06-30,3.361666553860348,3.3781050048261663,3.320570230484009,3.320570230484009,9263100.0
2022-07-01,3.3287897178922488,3.4027625527424896,3.3287897178922488,3.353447198867798,7673600.0
2022-07-04,3.3616668861999583,3.3781053387909075,3.3287899810180597,3.345228433609009,4097800.0
2022-07-05,3.36166700519602,3.36166700519602,3.3041322231292725,3.3041322231292725,5028800.0
2022-07-06,3.3123514331514428,3.320570463248695,3.271255106894342,3.295912981033325,9425700.0
2022-07-07,3.287693489064822,3.410982073289474,3.287693489064822,3.4027626514434814,9583800.0
2022-07-08,3.402762438756197,3.419200889497103,3.3616665078657224,3.394543409347534,4929500.0
2022-07-12,3.4109822760373345,3.435639759193736,3.3370090427208736,3.3616669178009033,5790400.0
2022-07-13,3.3534471658053966,3.3616665873319382,3.3205702635464096,3.3370087146759033,5421900.0
2022-07-14,3.3123516144258076,3.328790067443549,3.287693738937378,3.287693738937378,5618400.0
2022-07-15,3.287693328552372,3.320570230484009,3.2712548775865535,3.320570230484009,6518600.0
2022-07-18,3.337008740665499,3.345228162256056,3.312351259741014,3.328789710998535,2472000.0
2022-07-19,3.345228128994791,3.353447158580034,3.3123512268066406,3.3123512268066406,3524100.0
2022-07-20,3.3123512009628926,3.328789651928711,3.2794741030694627,3.320570230484009,4685300.0
2022-07-21,3.295913161408066,3.3123516144258076,3.279474512428507,3.287693738937378,3603600.0
2022-07-22,3.2794742584228516,3.2959129061291854,3.271255032550586,3.2794742584228516,5077100.0
2022-07-25,3.279474512428507,3.328790067443549,3.279474512428507,3.287693738937378,3409300.0
2022-07-26,3.2876934842951173,3.3123513578737165,3.271255032550586,3.2794742584228516,4360400.0
2022-07-27,3.2876935590124594,3.304132011130577,3.271255106894342,3.295912981033325,4877000.0
2022-07-28,3.2959128084834934,3.328789710998535,3.2959128084834934,3.328789710998535,4902000.0
2022-07-29,3.337009129474946,3.36166700519602,3.3041322231292725,3.3041322231292725,7038400.0
2022-08-01,3.32057029628467,3.369885650159362,3.3123512666006847,3.353447198867798,4469300.0
2022-08-02,3.3452282018434114,3.4109820076516244,3.3287897503913584,3.3698856830596924,7079400.0
2022-08-03,3.361666474577512,3.4027624050610425,3.3452280239993843,3.3781049251556396,7664300.0
2022-08-04,3.394543409347534,3.4109818600884405,3.3781049586066283,3.394543409347534,5356500.0
2022-08-05,3.4520781101693054,3.5507092156580757,3.4520781101693054,3.534270763397217,18881300.0
2022-08-08,3.542489898001151,3.542489898001151,3.3452284650554263,3.3616669178009033,23828500.0
2022-08-10,3.369885570322348,3.452077824832925,3.3616665408330824,3.4109818935394287,17004200.0
2022-08-11,3.443858598163327,3.468516077142928,3.4192007272601637,3.452077627182007,11910200.0
2022-08-12,3.4438588028394315,3.4602972537773264,3.4274203519015365,3.4356393814086914,7524800.0
2022-08-15,3.4523172270415023,3.4689950726743133,3.4356393814086914,3.4356393814086914,5243000.0
2022-08-16,3.4273009204909,3.4356396451317917,3.410623073577881,3.410623073577881,4485900.0
2022-08-17,3.4273007230833543,3.485672985101145,3.4273007230833543,3.477334260940552,6337300.0
2022-08-18,3.443978997908214,3.5190291152242588,3.443978997908214,3.4689955711364746,5069000.0
2022-08-19,3.485672985101145,3.5106899528453503,3.468995139148746,3.477334260940552,5457900.0
2022-08-22,3.4356394156886187,3.4606563832030504,3.4273006916046143,3.4273006916046143,4307000.0
2022-08-23,3.4189617886162167,3.4356396354823944,3.3939452171325684,3.3939452171325684,8936400.0
2022-08-24,3.385606094883862,3.427300910864923,3.385606094883862,3.3939452171325684,5045700.0
2022-08-25,3.4022839417500395,3.4356396354823944,3.3939452171325684,3.3939452171325684,4119300.0
2022-08-26,3.410622790097071,3.4356393595716788,3.393944944570265,3.4022836685180664,5015200.0
2022-08-29,3.377267370266391,3.4022839417500395,3.368928248017685,3.3939452171325684,7842900.0
2022-08-30,3.385606094883862,3.4106230639987456,3.377267370266391,3.3939452171325684,5832300.0
2022-08-31,3.3689281940460205,3.393945162760122,3.3689281940460205,3.3689281940460205,11418700.0
2022-09-01,3.3689282384622024,3.3856060852810757,3.3605895138683826,3.377267360687256,5812960.0
2022-09-02,3.3605894596913237,3.377267306241328,3.352250337600708,3.352250337600708,4470100.0
2022-09-05,3.368928228811877,3.385606075582976,3.352250382040778,3.3605895042419434,2928000.0
2022-09-06,3.3689281841507124,3.377267306241328,3.352250337600708,3.352250337600708,2997800.0
2022-09-07,3.343911341651645,3.3522500654340193,3.2771997620522777,3.3022165298461914,9641800.0
2022-09-08,3.318894386291504,3.335572231543976,3.310555463665268,3.318894386291504,4359500.0
2022-09-09,3.3272335579051315,3.3522503276559235,3.3272335579051315,3.3355724811553955,3470600.0
2022-09-12,3.343911676534036,3.4106230639987456,3.3355725542853305,3.3939452171325684,5039200.0
2022-09-13,3.4106230543250016,3.4106230543250016,3.377267360687256,3.377267360687256,2961100.0
2022-09-14,3.335572476170541,3.3439115982239556,3.3188946296949373,3.3272335529327393,5307000.0
2022-09-15,3.3689281691217485,3.3689281691217485,3.3272335529327393,3.3272335529327393,4058700.0
2022-09-16,3.318894386291504,3.3439113529858098,3.318894386291504,3.318894386291504,7608000.0
2022-09-19,3.318894375042134,3.3272332976401056,3.3022165298461914,3.3022165298461914,6454153.0
2022-09-20,3.302216524207267,3.31889436937473,3.293877601623535,3.293877601623535,4395500.0
2022-09-21,3.293877601623535,3.3105554467909983,3.285538679039804,3.293877601623535,4709600.0
2022-09-22,3.2938778500620485,3.318894619700116,3.285538926849359,3.3105556964874268,3832300.0
2022-09-23,3.302216524207267,3.31889436937473,3.293877601623535,3.293877601623535,5745600.0
2022-09-26,3.2855385868138884,3.3022164315132,3.210488086851394,3.21882700920105,14869100.0
2022-09-27,3.227165982767348,3.2688607939929355,3.210488137803351,3.2355051040649414,7544100.0
2022-09-28,3.2188272423506428,3.243844210027258,3.2104883193969727,3.2104883193969727,7488709.0
2022-09-29,3.235505052715953,3.3022164315132,3.21882700920105,3.21882700920105,13396600.0
2022-09-30,3.218826997393872,3.218826997393872,3.19381023043667,3.2021491527557373,7048800.0
2022-10-03,3.1687938732756606,3.1854717200706157,3.0937435626983643,3.0937435626983643,6803700.0
2022-10-04,3.1521158056099012,3.1687936512362285,3.110421191544083,3.12709903717041,3433800.0
2022-10-05,3.135437949077573,3.160454717430048,3.1104211807250977,3.1104211807250977,4333200.0
2022-10-06,3.1354379653930664,3.1604547338757185,3.127099042565516,3.1354379653930664,4473400.0
2022-10-07,3.143776871861731,3.143776871861731,3.077065489588464,3.1104211807250977,5517700.0
2022-10-10,3.0770656816631985,3.0854046049678843,3.027032141835085,3.0353710651397705,6500700.0
2022-10-11,3.060387600273765,3.093743290933599,3.027031909613931,3.0437097549438477,5762900.0
2022-10-12,3.0270318182294313,3.0353707406426422,2.9519813176949405,2.9686591625213623,7337300.0
2022-10-13,2.9769980907440186,3.00201485803247,2.926964556167116,2.9769980907440186,7124700.0
2022-10-14,2.993676154507442,3.010354000585932,2.935303693232728,2.9436426162719727,3800700.0
2022-10-17,2.9436426058460796,2.9603204518654995,2.893609067787821,2.92696475982666,6304000.0
2022-10-18,2.9436423719779317,2.9436423719779317,2.910286682589154,2.9353034496307373,4918600.0
2022-10-19,2.918625622314475,2.993675923886091,2.9019477775207827,2.960320234298706,5041400.0
2022-10-20,2.951981323455567,3.0103537804619536,2.951981323455567,2.9769980907440186,3600800.0
2022-10-21,2.976998297884919,2.976998297884919,2.91028691380724,2.92696475982666,4716000.0
2022-10-25,2.9269647440530036,2.9519815129473157,2.88527012922915,2.9019479751586914,6521300.0
2022-10-26,2.918625877475029,3.043709923178774,2.910286954349153,2.99367618560791,7361800.0
2022-10-27,2.9936762007715365,3.0437099385958324,2.9853372776034224,3.018692970275879,3459200.0
2022-10-28,3.0186927203675076,3.0353707641386225,2.993675952934227,3.0020148754119873,5190400.0
2022-10-31,3.127098912983366,3.310555406402928,3.127098912983366,3.2355051040649414,17922600.0
2022-11-01,3.2688607939929355,3.277199716474934,3.2021492153213527,3.2355051040649414,9285300.0
2022-11-02,3.235505121154777,3.2771997337849994,3.227165999813137,3.26052188873291,6415700.0
2022-11-03,3.243844043680822,3.2771997337849994,3.2188270772870924,3.26052188873291,6398600.0
2022-11-04,3.277199756456072,3.31889436937473,3.2688608338723406,3.293877601623535,5483000.0
2022-11-07,3.3105554467909983,3.3105554467909983,3.2688608338723406,3.293877601623535,5150700.0
2022-11-08,3.2938775959702986,3.3022165185397183,3.277199750831459,3.285538673400879,4739600.0
2022-11-09,3.293877601623535,3.302216524207267,3.285538679039804,3.293877601623535,4629200.0
2022-11-10,3.285538673400879,3.3188943636785573,3.26052190569262,3.285538673400879,8294200.0
2022-11-11,3.318894442261856,3.368927978863045,3.318894442261856,3.343911409378052,6663200.0
2022-11-14,3.385606094883862,3.4189617886162167,3.3605895234002134,3.3939452171325684,5850300.0
2022-11-15,3.4106228117750774,3.477334194306321,3.4022836901430695,3.4356393814086914,8766000.0
2022-11-16,3.418961514044873,3.4523172050984847,3.4022836685180664,3.4022836685180664,6087800.0
2022-11-17,3.4189615357758805,3.477334194306321,3.3939449661422665,3.4356393814086914,5110700.0
2022-11-18,3.4606563486735102,3.4606563486735102,3.4189615357758805,3.4356393814086914,3497700.0
2022-11-21,3.4356396354823944,3.4439787577311,3.3605895234002134,3.3939452171325684,4028100.0
2022-11-22,3.418961743786323,3.427300865925685,3.3772673259832,3.385606050491333,2249800.0
2022-11-23,3.4106230543250016,3.4273009011438744,3.377267360687256,3.377267360687256,1872000.0
2022-11-24,3.418961778918822,3.418961778918822,3.3605895138683826,3.377267360687256,2283200.0
2022-11-25,3.3605895138683826,3.4022839320999485,3.3605895138683826,3.377267360687256,4227600.0
2022-11-28,3.360589479335705,3.402283897138828,3.3272335872251,3.385606050491333,2677000.0
2022-11-29,3.410623073577881,3.4356396451317917,3.385606104392735,3.410623073577881,5518500.0
2022-11-30,3.410623038826032,3.4606565790552826,3.385606069895791,3.418961763381958,12905600.0
2022-12-01,3.443978732312199,3.443978732312199,3.410623038826032,3.418961763381958,5672800.0
2022-12-02,3.4189615357758805,3.4439785030406993,3.3939449661422665,3.4356393814086914,3483400.0
2022-12-05,3.4356393814086914,3.4689950726743133,3.4022836901430695,3.4356393814086914,6733600.0
2022-12-06,3.4273009204909,3.4356396451317917,3.410623073577881,3.410623073577881,5568400.0
2022-12-07,3.4106230543250016,3.4106230543250016,3.3605895138683826,3.377267360687256,4804800.0
2022-12-08,3.377267306241328,3.3856060307007168,3.352250337600708,3.352250337600708,5465900.0
2022-12-09,3.3689282384622024,3.3856060852810757,3.3439116670495097,3.377267360687256,3650900.0
2022-12-12,3.3939449661422665,3.485672918307124,3.3772671205094555,3.4356393814086914,8745700.0
2022-12-13,3.452317261487837,3.4773342290022686,3.4273006916046143,3.4273006916046143,5066800.0
2022-12-14,3.4523172931963466,3.494012106892951,3.4439785690357536,3.477334260940552,5681700.0
2022-12-15,3.48567297453238,3.48567297453238,3.4439785585934084,3.4606564044952393,3990400.0
2022-12-16,3.4356393814086914,3.485672918307124,3.4356393814086914,3.4356393814086914,11259100.0
2022-12-19,3.4356393921689588,3.4856729292240947,3.4356393921689588,3.452317237854004,5751100.0
2022-12-20,3.452317261487837,3.452317261487837,3.4189615698894005,3.4273006916046143,3610900.0
2022-12-21,3.4189615698894005,3.4356394156886187,3.402283724090182,3.4273006916046143,3218700.0
2022-12-22,3.4523172931963466,3.485672985101145,3.4356394472439473,3.477334260940552,3927300.0
2022-12-23,3.443978997908214,3.4689955711364746,3.435639875077952,3.4689955711364746,2137500.0
2022-12-27,3.4689955711364746,3.485673419165736,3.452317723107213,3.4689955711364746,1182900.0
2022-12-28,3.4856729718571917,3.535706509524285,3.477334247728282,3.519028663635254,4969300.0
2022-12-29,3.5023508310535445,3.5106899528453503,3.4523172931963466,3.477334260940552,4294500.0
2022-12-30,3.494012106892951,3.494012106892951,3.460656414988153,3.477334260940552,2482000.0
2023-01-03,3.452317261487837,3.452317261487837,3.385605878290964,3.4273006916046143,4765800.0
2023-01-04,3.4189617982187728,3.4273009204909,3.393945226664862,3.410623073577881,4099200.0
2023-01-05,3.418961580458162,3.4523172721597084,3.385605888756616,3.4439785480499268,6601700.0
2023-01-06,3.452317237854004,3.5106898965672655,3.452317237854004,3.452317237854004,2800900.0
2023-01-09,3.5023508310535445,3.5023508310535445,3.4523172931963466,3.477334260940552,3149400.0
2023-01-10,3.477334239751473,3.4856729638612545,3.4273007021991537,3.4439785480499268,4098600.0
2023-01-11,3.4439785030406993,3.4523172270415023,3.4189615357758805,3.4356393814086914,2832600.0
2023-01-12,3.46065635951213,3.4689950835390495,3.410622822456994,3.452317237854004,4834700.0
2023-01-13,3.4773342503970706,3.48567297453238,3.435639436826887,3.4606564044952393,3331900.0
2023-01-16,3.4689950835390495,3.477334205197175,3.4356393921689588,3.452317237854004,1910000.0
2023-01-17,3.4356393814086914,3.4689950726743133,3.4273006574078884,3.4356393814086914,2701000.0
2023-01-18,3.4356393921689588,3.4689950835390495,3.4356393921689588,3.452317237854004,3992200.0
2023-01-19,3.4439787577311,3.4439787577311,3.3939452171325684,3.3939452171325684,5437768.0
2023-01-20,3.393945172630695,3.41062301927819,3.352250357196343,3.385606050491333,7008500.0
2023-01-25,3.4189615698894005,3.452317261487837,3.402283724090182,3.4273006916046143,5158200.0
2023-01-26,3.4273007021991537,3.4606563939007,3.4106228563483807,3.4439785480499268,5180824.0
2023-01-27,3.4606565790552826,3.4606565790552826,3.418961763381958,3.418961763381958,5491600.0
2023-01-30,3.418961743786323,3.418961743786323,3.3689282038438377,3.385606050491333,9339400.0
2023-01-31,3.368928248017685,3.4356396354823944,3.368928248017685,3.3939452171325684,5843300.0
2023-02-01,3.410623073577881,3.4273009204909,3.393945226664862,3.410623073577881,2706800.0
2023-02-02,3.4022836685180664,3.410622790097071,3.3856058229912604,3.4022836685180664,2900200.0
2023-02-03,3.4273009011438744,3.4273009011438744,3.3689282384622024,3.377267360687256,4784700.0
2023-02-06,3.3605895042419434,3.3772673510130424,3.335572535269679,3.3605895042419434,3812200.0
2023-02-07,3.3522500654340193,3.368927910629962,3.2938776072482203,3.3022165298461914,8986100.0
2023-02-08,3.2938778649040756,3.3439116032212723,3.2938778649040756,3.3355724811553955,3752600.0
2023-02-09,3.302216524207267,3.31889436937473,3.2688608338723406,3.293877601623535,4657300.0
2023-02-10,3.2771997620522777,3.310555452444163,3.2438440716603925,3.3022165298461914,5965000.0
2023-02-13,3.3022167881543396,3.3522503276559235,3.3022167881543396,3.3355724811553955,5345700.0
2023-02-14,3.335572231543976,3.360589198238282,3.318894386291504,3.318894386291504,2768100.0
2023-02-15,3.3022167732747376,3.3439115881537957,3.3022167732747376,3.3105556964874268,8032600.0
2023-02-16,3.3022167732747376,3.3439115881537957,3.3022167732747376,3.3105556964874268,3410300.0
2023-02-17,3.3022167732747376,3.335572466125494,3.3022167732747376,3.3105556964874268,5020600.0
2023-02-20,3.3188946346548676,3.3522503276559235,3.3188946346548676,3.3355724811553955,3489200.0
2023-02-21,3.3439113529858098,3.3439113529858098,3.310555463665268,3.318894386291504,4070300.0
2023-02-22,3.335572231543976,3.402283612553864,3.318894386291504,3.318894386291504,13556300.0
2023-02-23,3.31889436937473,3.343911335941522,3.293877601623535,3.293877601623535,10080200.0
2023-02-24,3.293877590288292,3.318894357953397,3.2771997451782227,3.2771997451782227,7345700.0
2023-02-27,3.2521831436005906,3.26886098956239,3.227166175842285,3.227166175842285,9844200.0
2023-02-28,3.227166016599345,3.285538673400879,3.2188270940299253,3.285538673400879,17437400.0
2023-03-01,3.2771997451782227,3.3022165128433274,3.268860822623188,3.2771997451782227,4697700.0
2023-03-02,3.277199750831459,3.3022165185397183,3.26052190569262,3.285538673400879,4885400.0
2023-03-03,3.2938775959702986,3.3022165185397183,3.277199750831459,3.285538673400879,4470000.0
2023-03-06,3.28553869578656,3.335572231543976,3.28553869578656,3.318894386291504,5732500.0
2023-03-07,3.318894375042134,3.3355722202380766,3.3022165298461914,3.3022165298461914,5682700.0
2023-03-08,3.302216541039032,3.335572231543976,3.2771997731603237,3.318894386291504,7111300.0
2023-03-09,3.293877590288292,3.3022165128433274,3.2771997451782227,3.2771997451782227,7311000.0
2023-03-10,3.2688608282620395,3.310555441109138,3.2688608282620395,3.285538673400879,7969200.0
2023-03-13,3.2688608505340877,3.335572231543976,3.2688608505340877,3.318894386291504,7571600.0
2023-03-14,3.302216541039032,3.3439113529858098,3.293877618412796,3.318894386291504,6930900.0
2023-03-15,3.32723362141502,3.3856060852810757,3.32723362141502,3.377267360687256,7502200.0
2023-03-16,3.4022836685180664,3.418961514044873,3.3772670990434586,3.4022836685180664,8065900.0
2023-03-17,3.402283755339149,3.485672985101145,3.3939450311785557,3.477334260940552,23484900.0
2023-03-20,3.477334172204295,3.477334172204295,3.3856058229912604,3.4022836685180664,10008900.0
2023-03-21,3.4356396451317917,3.4356396451317917,3.377267379751843,3.410623073577881,5721400.0
2023-03-22,3.435639436826887,3.48567297453238,3.402283745023225,3.4606564044952393,9665900.0
2023-03-23,3.435639436826887,3.4773342503970706,3.4106228667897462,3.4606564044952393,6695000.0
2023-03-24,3.477334226666226,3.5106899182422544,3.4523172591686007,3.485672950744629,7388200.0
2023-03-27,3.494011845235235,3.52736753464211,3.4773340005317976,3.5023505687713623,5864700.0
2023-03-28,3.5106896899386726,3.52736753464211,3.485672724067925,3.5023505687713623,5246000.0
2023-03-29,3.4940120936173127,3.527367785395375,3.4689951259681604,3.519028663635254,4106700.0
2023-03-30,3.52736753464211,3.5357062581782377,3.494011845235235,3.5023505687713623,7970400.0
2023-03-31,3.5106899738311768,3.5273678198832714,3.485673005937428,3.5106899738311768,5718700.0
2023-04-03,3.527367648267848,3.5607233387491974,3.5190285268319133,3.552384614944458,7530500.0
2023-04-04,3.569062426104842,3.577401149829956,3.5523845810234205,3.560723304748535,6753600.0
2023-04-05,3.5690626443451845,3.5690626443451845,3.49401213807402,3.5273678302764893,15122600.0
2023-04-06,3.5190286663360424,3.5190286663360424,3.452317282728718,3.4606564044952393,10191200.0
2023-04-10,3.468995128630549,3.4773342503970706,3.4439785585934084,3.4606564044952393,4713400.0
2023-04-11,3.4689955711364746,3.485673419165736,3.460656845937475,3.4689955711364746,3619100.0
2023-04-12,3.4856729638612545,3.4856729638612545,3.4273007021991537,3.4439785480499268,11066000.0
2023-04-13,3.4523172270415023,3.4606563486735102,3.4106228117750774,3.4356393814086914,8360500.0
2023-04-14,3.443978767403919,3.443978767403919,3.410623073577881,3.410623073577881,6809300.0
2023-04-17,3.410623073577881,3.4273009204909,3.385606104392735,3.410623073577881,5850800.0
2023-04-18,3.410623038826032,3.4273008855691156,3.385606069895791,3.418961763381958,3494300.0
2023-04-19,3.418961763381958,3.443978732312199,3.410623038826032,3.418961763381958,5105800.0
2023-04-20,3.418961743786323,3.435639590433818,3.385606050491333,3.385606050491333,6611400.0
2023-04-21,3.4022839166388748,3.452317456868125,3.3939451920829486,3.418961763381958,6055400.0
2023-04-24,3.4356394263089354,3.4523172721597084,3.4106228563483807,3.4439785480499268,3155600.0
2023-04-25,3.443978767403919,3.4523174920448105,3.410623073577881,3.410623073577881,3688700.0
2023-04-26,3.402283724090182,3.4273006916046143,3.3939450000061777,3.4273006916046143,2284700.0
2023-04-27,3.4530054945815825,3.4530054945815825,3.39302758768716,3.4015958309173584,5886000.0
2023-04-28,3.401595654477414,3.401595654477414,3.3673226833343506,3.3673226833343506,4826000.0
2023-05-02,3.3673226833343506,3.41016389726318,3.341617954977053,3.3673226833343506,7710900.0
2023-05-03,3.3416180459652858,3.3501862889843546,3.298776626586914,3.298776626586914,8381000.0
2023-05-04,3.2987767138867747,3.333049891153094,3.2987767138867747,3.315913200378418,4212400.0
2023-05-05,3.315913040159328,3.32448148727417,3.29877655449569,3.32448148727417,2168500.0
2023-05-08,3.3330497121912868,3.3844591689058823,3.3244814694055207,3.3673226833343506,4615000.0
2023-05-09,3.367322665690182,3.418732122135401,3.358754422949312,3.4101638793945312,5379100.0
2023-05-10,3.418732184718703,3.418732184718703,3.3673227273323825,3.3758909702301025,4183600.0
2023-05-11,3.384459300901674,3.4015957871415385,3.375891057781742,3.3930275440216064,2462500.0
2023-05-12,3.384459430912569,3.4187324047088623,3.3673229440144223,3.4187324047088623,5305600.0
2023-05-15,3.4273006916046143,3.4358691394453444,3.4015959609315445,3.4273006916046143,2610700.0
2023-05-16,3.4273006481579356,3.4358690958900464,3.4015959178107154,3.4187324047088623,3276500.0
2023-05-17,3.4187322733814027,3.444437002741199,3.375891057781742,3.3930275440216064,4472300.0
2023-05-18,3.418732122135401,3.4444368503580103,3.4101638793945312,3.4101638793945312,2475300.0
2023-05-19,3.4187324047088623,3.4358690958900464,3.410164161259789,3.4187324047088623,3644900.0
2023-05-22,3.4187324047088623,3.4358690958900464,3.410164161259789,3.4187324047088623,3181100.0
2023-05-23,3.4187323173777555,3.4530054945815825,3.4015958309173584,3.4015958309173584,4472400.0
2023-05-24,3.4101642044892344,3.4358691394453444,3.4015959609315445,3.4273006916046143,5106400.0
2023-05-25,3.4015956366536613,3.418732122135401,3.375890908431052,3.4101638793945312,6429000.0
2023-05-26,3.3844591511719218,3.4101638793945312,3.3844591511719218,3.4101638793945312,1921200.0
2023-05-29,3.4101638793945312,3.4444368503580103,3.4101638793945312,3.4101638793945312,3219000.0
2023-05-30,3.4101639861531767,3.4273004721713916,3.3844592571258545,3.3844592571258545,2205900.0
2023-05-31,3.384459079783405,3.401595564903684,3.315912935019272,3.3501861095428467,13014700.0
2023-06-01,3.32448148727417,3.3673227014332654,3.315913040159328,3.32448148727417,3815000.0
2023-06-05,3.3930272773258463,3.3930272773258463,3.3416178226470947,3.3416178226470947,4128300.0
2023-06-06,3.341617954977053,3.375890926120116,3.3330497121912868,3.3673226833343506,3659700.0
2023-06-07,3.3758908817850797,3.38445912445832,3.3416179110921176,3.358754396438598,2299300.0
2023-06-08,3.367322857996564,3.410164074147557,3.3501863715361666,3.4015958309173584,2688500.0
2023-06-09,3.39302758768716,3.4187323173777555,3.3844593444569613,3.4015958309173584,2342300.0
2023-06-12,3.4101642044892344,3.4530056265607243,3.4101642044892344,3.4273006916046143,5586200.0
2023-06-13,3.4015956366536613,3.4273003648762708,3.3930273939127913,3.4101638793945312,2486100.0
2023-06-14,3.4187325340762125,3.4530057134524657,3.4101642903029106,3.444437265396118,4764800.0
2023-06-15,3.4530056480108406,3.495846661782379,3.4444372001168833,3.478710174560547,7754800.0
2023-06-16,3.504415187477153,3.512983226995245,3.4615737641884183,3.487278699874878,13185983.0
2023-06-19,3.4872785257854706,3.4872785257854706,3.427300617888634,3.45300555229187,2667000.0
2023-06-20,3.444437178719994,3.461573665835374,3.4273006916046143,3.4273006916046143,2364200.0
2023-06-21,3.427300560607954,3.427300560607954,3.39302758768716,3.4015958309173584,2191000.0
2023-06-22,3.3930274560255427,3.410163941820983,3.3673227273323825,3.3758909702301025,2510800.0
2023-06-23,3.367322639111839,3.38445912445832,3.333049668418877,3.358754396438598,3097700.0
2023-06-26,3.375891107382201,3.375891107382201,3.3073449571325964,3.315913200378418,5535900.0
2023-06-27,3.324481364377252,3.341617849407401,3.2987764325490123,3.307344675064087,4100400.0
2023-06-28,3.3159131126250516,3.3416180459652858,3.2902083835678453,3.298776626586914,5685500.0
2023-06-30,3.315912889200366,3.324481335925125,3.24736694966641,3.2559351921081543,10104200.0
2023-07-03,3.264503585247054,3.2902083137588782,3.22166237106068,3.2387988567352295,8353200.0
2023-07-04,3.2387988939727346,3.2387988939727346,3.135979978743295,3.153116464614868,13059200.0
2023-07-05,3.1616846633511257,3.20452587743115,3.1188434492711017,3.144548177719116,8886400.0
2023-07-06,3.135980159662375,3.153116646522576,3.076002251368634,3.1017069816589355,9643000.0
2023-07-07,3.0845702737240597,3.1616846633511257,3.0760020309080547,3.144548177719116,10352700.0
2023-07-10,3.1445482216790817,3.187389436358014,3.127411735807508,3.153116464614868,8166700.0
2023-07-11,3.1702529320174375,3.2130941464467897,3.161684689131567,3.195957660675049,5449400.0
2023-07-12,3.2045257091522217,3.230230436250406,3.187389224420098,3.2045257091522217,3521800.0
2023-07-13,3.2730716769916435,3.2816399194333883,3.2302304647829208,3.2559351921081543,10720500.0
2023-07-14,3.2816402037908685,3.2816402037908685,3.2559354742382935,3.264503717422486,6980100.0
2023-07-17,3.2816400709216036,3.2816400709216036,3.2387988567352295,3.2387988567352295,3337000.0
2023-07-18,3.255935324425566,3.307344781165254,3.247367081635618,3.28164005279541,6018200.0
2023-07-19,3.298776538375306,3.315913023955202,3.273071810005462,3.28164005279541,3680800.0
2023-07-20,3.298776690159252,3.3159131765276353,3.264503717422486,3.264503717422486,5884800.0
2023-07-21,3.2730719363106804,3.2816401794312697,3.2045259913459634,3.2130942344665527,8223100.0
2023-07-24,3.213093951518283,3.238798678616468,3.187389224420098,3.2045257091522217,4238000.0
2023-07-25,3.2473669209825298,3.2473669209825298,3.187389224420098,3.2045257091522217,5282700.0
2023-07-26,3.2045260781996014,3.255935538316512,3.2045260781996014,3.2302308082580566,4489400.0
2023-07-27,3.247367081635618,3.290208295585358,3.213094110475826,3.28164005279541,5451900.0
2023-07-28,3.290208101272583,3.3073445858404344,3.273071616704732,3.290208101272583,5262700.0
2023-07-31,3.341617849407401,3.367322576952626,3.2987764325490123,3.307344675064087,6940500.0
2023-08-01,3.3159131126250516,3.324481559927148,3.2730718975297073,3.298776626586914,3749993.0
2023-08-02,3.2645035232251702,3.2987764939231217,3.2559352805506823,3.273071765899658,3386000.0
2023-08-03,3.273071616704732,3.2987763435565087,3.255935132136881,3.290208101272583,3388700.0
2023-08-04,3.290208295585358,3.315913023955202,3.28164005279541,3.28164005279541,4633100.0
2023-08-07,3.2730718975297073,3.3159131126250516,3.2730718975297073,3.298776626586914,2453600.0
2023-08-08,3.298776626586914,3.3159131126250516,3.2816401405487765,3.298776626586914,2478600.0
2023-08-10,3.31591282812436,3.31591282812436,3.2816398589886577,3.290208101272583,3970700.0
2023-08-11,3.298776690159252,3.298776690159252,3.230230744685719,3.264503717422486,4142200.0
2023-08-14,3.178821104301207,3.195957589692344,3.1359798908233643,3.1359798908233643,12268200.0
2023-08-15,3.1359802813944215,3.144548525157123,3.1017071020605704,3.1188437938690186,6805400.0
2023-08-16,3.0931385629092816,3.11027525308121,3.0674338340759277,3.0674338340759277,9947400.0
2023-08-17,3.058865634837923,3.0931386071054363,3.041729148704167,3.0760021209716797,7042600.0
2023-08-18,3.0760019269225007,3.0931384119752043,3.0588654418697976,3.0845701694488525,5407100.0
2023-08-21,3.1019974077198977,3.136851278498364,3.0845704723306646,3.119424343109131,12182100.0
2023-08-22,3.136851278498364,3.136851278498364,3.093283940025281,3.119424343109131,5437600.0
2023-08-23,3.110711082180653,3.128138018728239,3.1019976139068604,3.1019976139068604,4831000.0
2023-08-24,3.1368515026692236,3.1542784393038494,3.110711097717285,3.110711097717285,4526500.0
2023-08-25,3.1019973592362833,3.11071082679471,3.08457042411943,3.0932838916778564,3952100.0
2023-08-28,3.1019974077198977,3.1455647461929805,3.1019974077198977,3.119424343109131,3960700.0
2023-08-29,3.119424343109131,3.1542782138875975,3.1019974077198977,3.119424343109131,8026200.0
2023-08-30,3.145564556121826,3.162991698203479,3.119424154617514,3.145564556121826,6866300.0
2023-08-31,3.171705467349639,3.319834423310767,3.1542783236087484,3.293694019317627,20068400.0
2023-09-04,3.284980405920107,3.284980405920107,3.206559197411766,3.2152726650238037,7388200.0
2023-09-05,3.215272616030322,3.2239860835095864,3.180418746113265,3.1891322135925293,3117400.0
2023-09-06,3.206559197411766,3.2414130678599173,3.18913226218769,3.2152726650238037,4529900.0
2023-09-07,3.2065589427948,3.232699343555234,3.1978454758746553,3.2065589427948,4139300.0
2023-09-08,3.206559132085669,3.206559132085669,3.1804187297821045,3.1804187297821045,3861500.0
2023-09-11,3.215272616030322,3.215272616030322,3.1891322135925293,3.1891322135925293,2718800.0
2023-09-12,3.1978455093813194,3.2326993774270925,3.189132042369876,3.2239859104156494,3252700.0
2023-09-13,3.206559009629457,3.250126345138259,3.1891320754259365,3.241412878036499,5979700.0
2023-09-14,3.2501264277951813,3.284980297088623,3.23269949314846,3.284980297088623,4896800.0
2023-09-15,3.293693813612854,3.3285476834269403,3.284980346159333,3.3111207485198975,10844600.0
2023-09-18,3.284980297088623,3.2936937644119837,3.2588398951185416,3.284980297088623,2847300.0
2023-09-19,3.2762667124843095,3.284980179495753,3.215272443404206,3.2239859104156494,5537300.0
2023-09-20,3.2239857239062513,3.2501261234283447,3.2065587908915227,3.2501261234283447,3285900.0
2023-09-21,3.223986132635842,3.2501265354719555,3.2152726650238037,3.2152726650238037,2553500.0
2023-09-22,3.2152724097149448,3.2239858766350893,3.1978454758746553,3.2065589427948,2173600.0
2023-09-25,3.2065589763927624,3.250126311449979,3.2065589763927624,3.2239859104156494,2837700.0
2023-09-26,3.232699444084014,3.26755331284846,3.232699444084014,3.2588398456573486,3111100.0
2023-09-27,3.2414133394052302,3.2414133394052302,3.215272934379237,3.2326998710632324,3499800.0
2023-09-28,3.2152724767312177,3.250126345138259,3.2152724767312177,3.241412878036499,3460500.0
2023-09-29,3.2501261234283447,3.2762665229504377,3.24141265692098,3.2501261234283447,4009600.0
2023-10-02,3.258839589935709,3.2936934559651667,3.24141265692098,3.2501261234283447,3984630.0
2023-10-03,3.215272632450481,3.2326995674980075,3.18913222987919,3.197845697402954,4687600.0
2023-10-04,3.180418857396183,3.189132325180332,3.1281378429458315,3.1368513107299805,5045100.0
2023-10-05,3.145564856832178,3.1891324045831224,3.145564856832178,3.162992000579834,3122600.0
2023-10-06,3.180418746113265,3.1978456810717937,3.15427813593002,3.1891322135925293,2260600.0
2023-10-09,3.1978458725842183,3.1978458725842183,3.1542783248332738,3.162992000579834,2945800.0
2023-10-10,3.1978457297997283,3.223986132635842,3.1804187945756524,3.2152726650238037,4102000.0
2023-10-11,3.24141265692098,3.2675530564430733,3.232699190413616,3.2501261234283447,3714500.0
2023-10-12,3.258839744315668,3.2675532112358123,3.1978454758746553,3.2065589427948,5755600.0
2023-10-13,3.1891322924115206,3.197845760106137,3.1107108754145143,3.119424343109131,5363300.0
2023-10-16,3.119423984875329,3.136850918263258,3.0497162513236136,3.058429718017578,7164500.0
2023-10-17,3.075857224448034,3.119424566034598,3.075857224448034,3.110711097717285,5098000.0
2023-10-18,3.0845704723306646,3.119424343109131,3.075857004636048,3.119424343109131,2893600.0
2023-10-19,3.0671431847115427,3.075856651405507,3.0497162513236136,3.058429718017578,3998900.0
2023-10-20,3.04971661457267,3.058430082304488,2.988722340449945,2.9974358081817627,5331500.0
2023-10-23,2.997435260663694,3.014862192944088,2.9538679299627084,2.9625813961029053,3566900.0
2023-10-24,2.96258176715273,3.032289505004883,2.96258176715273,3.032289505004883,3978300.0
2023-10-25,3.0497163890103827,3.0497163890103827,2.988722119398899,3.0061490535736084,2469700.0
2023-10-26,3.0061488497825652,3.023575782775879,2.980008450292595,3.023575782775879,3447800.0
2023-10-27,3.0497165054067508,3.101997309926244,3.03228957056692,3.067143440246582,4891500.0
2023-10-30,3.049716302092776,3.1019971031268905,3.041002835253757,3.0845701694488525,5685500.0
2023-10-31,3.110711082180653,3.119424550454446,3.0758572090854814,3.1019976139068604,3536900.0
2023-11-01,3.1194241214255873,3.1455645226517555,3.1019971872748084,3.128137588500977,4036800.0
2023-11-02,3.197845888523843,3.2065593565683717,3.154278340555737,3.171705484390259,4630900.0
2023-11-03,3.2065593565683717,3.2414132287464845,3.1629920163457306,3.171705484390259,5231600.0
2023-11-06,3.2065593405853146,3.2065593405853146,3.1368513888310816,3.162992000579834,5769600.0
2023-11-07,3.1368514044666806,3.171705484390259,3.101997532288568,3.171705484390259,4088400.0
2023-11-08,3.1542779897271447,3.1717051316233658,3.1194241214255873,3.128137588500977,4237600.0
2023-11-09,3.1194241710759414,3.1629917148917737,3.110710703861864,3.154278039932251,3018000.0
2023-11-10,3.128137588500977,3.162991664547976,3.128137588500977,3.128137588500977,1685700.0
2023-11-14,3.1368510555763662,3.1455645226517555,3.1107106543501977,3.128137588500977,3744100.0
2023-11-15,3.15427813593002,3.1978456810717937,3.145564668450756,3.1891322135925293,4887000.0
2023-11-16,3.1717052948316637,3.2065591649267176,3.145564684514921,3.197845697402954,3736900.0
2023-11-17,3.1978454758746553,3.2065589427948,3.1629916081940768,3.2065589427948,2311900.0
2023-11-20,3.189132420479315,3.189132420479315,3.154278340555737,3.171705484390259,2983600.0
2023-11-21,3.1891320089545108,3.2414128104753783,3.1629916081940768,3.2065589427948,6825300.0
2023-11-22,3.223986132635842,3.223986132635842,3.1804187945756524,3.2152726650238037,2280700.0
2023-11-23,3.1978457297997283,3.2326996002478796,3.18913226218769,3.2152726650238037,1752400.0
2023-11-24,3.206559197411766,3.223986132635842,3.18913226218769,3.2152726650238037,1244400.0
2023-11-27,3.1978457297997283,3.2326996002478796,3.18913226218769,3.2152726650238037,3098700.0
2023-11-28,3.1978455837480833,3.2065590509621607,3.136851105504096,3.154278039932251,3773700.0
2023-11-29,3.1804185420343662,3.2239858766350893,3.1717050751142213,3.2065589427948,5805800.0
2023-11-30,3.2065593405853146,3.2065593405853146,3.1542783248332738,3.162992000579834,12652000.0
2023-12-01,3.145564556121826,3.162991698203479,3.128137621785618,3.145564556121826,4062200.0
2023-12-04,3.1629917148917737,3.189132116534006,3.128137638290019,3.154278039932251,2505300.0
2023-12-05,3.1281378108037474,3.1455647461929805,3.093283940025281,3.119424343109131,5269800.0
2023-12-06,3.119424566034598,3.1368515026692236,3.0932841610826594,3.110711097717285,5748800.0
2023-12-07,3.0932838916778564,3.11071082679471,3.075856956561003,3.0932838916778564,3734500.0
2023-12-08,3.1019975168266973,3.1717054685809303,3.084570580824505,3.162992000579834,5003500.0
2023-12-11,3.154277851651187,3.154277851651187,3.0497162513236136,3.058429718017578,11274700.0
2023-12-12,3.0671435827511586,3.0671435827511586,2.9974358401530967,3.0148627758026123,10979500.0
2023-12-13,2.9974357920562795,3.0322896627960456,2.971295389001455,2.988722324371338,12580154.0
2023-12-14,3.0322896791090344,3.0410031468408523,2.971295404986309,2.9974358081817627,11838100.0
2023-12-15,3.0148627758026123,3.0148627758026123,2.971295436678824,3.0148627758026123,45077900.0
2023-12-18,2.9887224194608653,3.049716695196057,2.980008951498695,3.0410032272338867,5803900.0
2023-12-19,3.032289711452128,3.0410031792768857,2.9974358401530967,3.0148627758026123,7173300.0
2023-12-20,3.032289711452128,3.0410031792768857,3.0061493079778545,3.0148627758026123,2764800.0
2023-12-21,3.0061492759135806,3.0235762113772164,2.988722340449945,2.9974358081817627,3596000.0
2023-12-22,3.0148625705418444,3.041002972236402,3.006149103310326,3.032289505004883,2826900.0
2023-12-26,3.049716439467921,3.049716439467921,3.0148625705418444,3.032289505004883,1860700.0
2023-12-27,3.049716439467921,3.049716439467921,3.0148625705418444,3.032289505004883,6342300.0
2023-12-28,3.0497162513236136,3.0845701180994713,3.041002784629649,3.058429718017578,6791100.0
2023-12-29,3.067143756130721,3.119424566034598,3.058430287813408,3.110711097717285,5682400.0
2024-01-02,3.1107107939223972,3.13685119632144,3.0671434565906592,3.075856924057007,3573600.0
2024-01-03,3.0671431847115427,3.0845701180994713,3.032289317935685,3.058429718017578,5050000.0
2024-01-04,3.067143440246582,3.0845703750864133,3.03228957056692,3.067143440246582,3867900.0
2024-01-05,3.0671434565906592,3.0845703915233544,3.041003054191617,3.075856924057007,3644300.0
2024-01-08,3.0671431847115427,3.093283584793436,3.041002784629649,3.058429718017578,3479300.0
2024-01-09,3.058429718017578,3.075856651405507,3.0235758512417203,3.058429718017578,3060000.0
2024-01-10,3.0497166471016435,3.058430114926401,2.9887223723283394,3.0148627758026123,6106700.0
2024-01-11,3.0061490535736084,3.0235759877483184,2.988722119398899,3.0061490535736084,3453700.0
2024-01-12,2.988722119398899,3.0148625206609636,2.988722119398899,3.0061490535736084,2664200.0
2024-01-15,2.9974358081817627,3.0148627436453985,2.988722340449945,2.9974358081817627,1490700.0
2024-01-16,2.9625819052853313,2.980008840560913,2.9277278269887117,2.980008840560913,4571200.0
2024-01-17,2.9625817760560524,3.006149112344579,2.927727699279785,2.927727699279785,5495400.0
2024-01-18,2.919014405785873,2.927727873562276,2.866733599127457,2.892874002456665,7463800.0
2024-01-19,2.9103007647643744,2.945154841540642,2.901587297506669,2.927727699279785,3046900.0
2024-01-22,2.927727889740748,2.9451550331353142,2.8841605506179837,2.90158748626709,4055300.0
2024-01-23,2.9015873383977784,2.9015873383977784,2.814452664592765,2.8231661319732666,8143700.0
2024-01-24,2.823165978079211,2.8667333126068115,2.823165978079211,2.8667333126068115,7372100.0
2024-01-25,2.8493066635746516,2.9103009380094704,2.840593195798249,2.892874002456665,4034000.0
2024-01-26,2.9538683087983473,2.9538683087983473,2.901587297506669,2.927727699279785,4770200.0
2024-01-29,2.9190146923065186,2.927728160938206,2.884160817779769,2.9190146923065186,2848300.0
2024-01-30,2.9364413575653012,2.9364413575653012,2.866733614968878,2.90158748626709,4765700.0
2024-01-31,2.892873970194269,2.910300905552723,2.8580200994773617,2.875447034835815,4124300.0
2024-02-01,2.8667333126068115,2.8841602464178515,2.8580198457012913,2.8667333126068115,3822500.0
2024-02-02,2.866733395865999,2.919014198817523,2.8405929943902373,2.9103007316589355,5492500.0
2024-02-05,2.8667337268608697,2.901587599519469,2.8057394497083212,2.8318798542022705,7028700.0
2024-02-06,2.8318796644723676,2.8667335347958316,2.8144527293106356,2.858020067214966,4658300.0
2024-02-07,2.892873797341761,2.9103007316589355,2.875446863024586,2.9103007316589355,6260800.0
2024-02-08,2.901587128425213,2.9103005951751664,2.8318793944255836,2.840592861175537,5383600.0
2024-02-09,2.8231658953782683,2.840592828678809,2.6924636878787784,2.71860408782959,13112100.0
2024-02-13,2.7273181284280654,2.7970258709900357,2.7273181284280654,2.770885467529297,6454900.0
2024-02-14,2.7534584837659812,2.7621719514339405,2.675037067008894,2.7447450160980225,6857100.0
2024-02-15,2.7534585318888043,2.779598935349543,2.7273181284280654,2.770885467529297,5223900.0
2024-02-16,2.788312262451261,2.840593066734269,2.7708853276902587,2.8231661319732666,7220500.0
2024-02-19,2.8318798542022705,2.84930679053157,2.8144529178729707,2.8318798542022705,3081400.0
2024-02-20,2.840593066734269,2.840593066734269,2.77959879507076,2.8231661319732666,3495600.0
2024-02-21,2.8318793944255836,2.8928736616752593,2.82316592767563,2.840592861175537,6179100.0
2024-02-22,2.901587408282122,2.99743575952158,2.8754470055110297,2.9712953567504883,10673700.0
2024-02-23,2.945154921634968,2.9625818566243094,2.892873908921493,2.9538683891296387,5449100.0
2024-02-26,2.9451548581424807,2.953868325449304,2.9015873138629176,2.93644118309021,3885400.0
2024-02-27,2.9364411665374903,2.9364411665374903,2.8928738302489636,2.927727699279785,5344500.0
2024-02-28,2.936441133134698,2.9625817423559035,2.9015872645003484,2.9103007316589355,5509600.0
2024-02-29,2.919014405785873,2.953868484636943,2.892874002456665,2.892874002456665,10903500.0
2024-03-01,2.9364413575653012,2.9364413575653012,2.8928740184425368,2.90158748626709,4587460.0
2024-03-04,2.9190142320220795,2.927727699279785,2.901587297506669,2.927727699279785,6602700.0
2024-03-05,2.927727873562276,2.9364413413386785,2.892874002456665,2.892874002456665,4728600.0
2024-03-06,2.8928738302489636,2.9625817760560524,2.8754468957335533,2.927727699279785,5767300.0
2024-03-07,2.9538683087983473,2.9887221778291684,2.9103007647643744,2.927727699279785,6972800.0
2024-03-08,2.953868611889572,2.9625820800413507,2.9277279996887677,2.945155143737793,3634900.0
2024-03-11,2.910300781169741,2.9451548581424807,2.910300781169741,2.93644118309021,2725486.0
2024-03-12,2.945155143737793,2.9625820800413507,2.9364414678405466,2.945155143737793,3320500.0
2024-03-13,2.9538683087983473,2.9625817760560524,2.8841603629912584,2.927727699279785,6152600.0
2024-03-14,2.927727778900175,2.9625818566243094,2.910300843910834,2.9538683891296387,5702300.0
2024-03-15,2.9190143114055047,2.9800087916136504,2.910300843910834,2.9538683891296387,15282300.0
2024-03-18,2.9538684215697604,2.988722291931216,2.9538684215697604,2.9712953567504883,2777800.0
2024-03-19,2.9712953567504883,2.988722291931216,2.936441278643578,2.9712953567504883,3329800.0
2024-03-20,2.997435260663694,2.997435260663694,2.9625813961029053,2.9625813961029053,1853600.0
2024-03-21,2.9974356360788064,3.049716439467921,2.97129523438425,3.032289505004883,6815300.0
2024-03-22,3.0061491940976617,3.0148626615923324,2.9364412463948457,2.9538683891296387,7293500.0
2024-03-25,2.9538683891296387,2.9887222591083207,2.945154921634968,2.9538683891296387,2515100.0
2024-03-26,2.9625819052853313,2.9974357758364953,2.945154970009749,2.980008840560913,3570000.0
2024-03-27,2.9974355864862536,3.0148625206609636,2.9712951852241893,3.0061490535736084,4446800.0
2024-03-28,3.023576195111104,3.0410031304809872,2.988722324371338,2.988722324371338,4615500.0
2024-04-01,3.0148627274261623,3.023576195111104,2.9800088566863963,2.988722324371338,2113300.0
2024-04-02,2.997435451159827,3.0671431847115427,2.9887219844658626,3.058429718017578,6308000.0
2024-04-03,3.0758570505759164,3.0758570505759164,3.0061493079778545,3.0148627758026123,3546600.0
2024-04-04,3.0410032272338867,3.067143631120397,3.0322897592717166,3.0410032272338867,2273400.0
2024-04-05,3.02357624362737,3.032289711452128,2.9974358401530967,3.0148627758026123,3736300.0
2024-04-08,3.006149103310326,3.041002972236402,2.9974356360788064,3.032289505004883,2659800.0
2024-04-09,3.0497162513236136,3.075856651405507,3.0497162513236136,3.058429718017578,3082700.0
2024-04-11,3.058429989124312,3.093283858989702,3.041003054191617,3.075856924057007,4015700.0
2024-04-12,3.067143235770814,3.0932836362878717,3.0584297689317954,3.0845701694488525,2877000.0
2024-04-15,3.0410032272338867,3.0758570990825675,3.0322897592717166,3.0410032272338867,4731100.0
2024-04-16,3.014862888952024,3.04100329340736,2.919014531536989,2.945155143737793,7553600.0
2024-04-17,2.93644118309021,2.953868325449304,2.910300781169741,2.93644118309021,4052700.0
2024-04-18,2.953868611889572,2.9800090163449084,2.919014531536989,2.945155143737793,3476200.0
2024-04-19,2.945154463822511,2.9800083283833,2.927727323796697,2.9625813961029053,3253400.0
2024-04-22,2.9538684215697604,2.99743575952158,2.936441278643578,2.9712953567504883,4318400.0
2024-04-23,3.0148625206609636,3.0235759877483184,2.980008652311544,3.0061490535736084,5453800.0
2024-04-24,3.023576037773364,3.0671433739309593,3.0148625705418444,3.032289505004883,7657700.0
2024-04-25,3.0410030052994768,3.084570341930754,3.0148626033207098,3.0497164726257324,6733500.0
2024-04-26,3.023575782775879,3.049716182265849,3.0061488497825652,3.023575782775879,4230800.0
2024-04-29,3.050572139107568,3.050572139107568,2.987580821468957,3.0055782794952393,6119600.0
2024-04-30,2.951586015828404,2.951586015828404,2.852599992981013,2.90659236907959,17279900.0
2024-05-02,2.879596374263912,2.9155912940783812,2.879596374263912,2.8885951042175293,6851900.0
2024-05-03,2.90659236907959,2.9245898277791156,2.888594910380065,2.90659236907959,6096100.0
2024-05-06,2.8975937366485596,2.906592466299312,2.879596277347055,2.8975937366485596,3833000.0
2024-05-07,2.8975936475838973,2.9065923769580517,2.8615987300872803,2.8615987300872803,6312800.0
2024-05-08,2.861598914356678,2.8885951042175293,2.85260018440306,2.8885951042175293,3161400.0
2024-05-09,2.879596527371059,2.8975939882352124,2.834602875210676,2.852600336074829,10071700.0
2024-05-10,2.8615987300872803,2.8795961888355888,2.843601271338972,2.8615987300872803,4813900.0
2024-05-13,2.852600000713126,2.8615987300872803,2.825603812590663,2.8615987300872803,4095700.0
2024-05-14,2.870597503854602,2.8885949628812377,2.8615987743412847,2.87959623336792,3194500.0
2024-05-15,2.8885949182097432,2.8885949182097432,2.852600000713126,2.8615987300872803,3006400.0
2024-05-16,2.8615986852730995,2.8885948729727873,2.834602497573411,2.8436012268066406,7771000.0
2024-05-17,2.8436012268066406,2.85259995603987,2.8256037683401822,2.8436012268066406,4847587.0
2024-05-20,2.843601519996685,2.85260025015773,2.807606384805854,2.81660532951355,8523800.0
2024-05-21,2.816604994435492,2.8346024526165103,2.807606050798358,2.825603723526001,5292100.0
2024-05-23,2.816604994435492,2.8436011817070193,2.816604994435492,2.825603723526001,5093200.0
2024-05-24,2.8076062202453613,2.8346026236928235,2.8076062202453613,2.8076062202453613,3292500.0
2024-05-27,2.8166051644256074,2.8346026236928235,2.798607490611753,2.8076062202453613,2281000.0
2024-05-28,2.81660532951355,2.83460278983564,2.807606384805854,2.81660532951355,2910100.0
2024-05-29,2.825603894059215,2.8346026236928235,2.8076062202453613,2.8076062202453613,4588700.0
2024-05-30,2.7986076856440216,2.8076064159047425,2.78061022512258,2.789608955383301,7509000.0
2024-05-31,2.7896088143394326,2.8256039481090385,2.7806100845336914,2.7806100845336914,25094300.0
2024-06-03,2.7806101822245535,2.789608912346446,2.762612721980769,2.771611452102661,4673800.0
2024-06-04,2.7716113979758625,2.8076063177604875,2.762612668029706,2.798607587814331,5209700.0
2024-06-05,2.8076063177604875,2.825603992199446,2.798607587814331,2.798607587814331,5325200.0
2024-06-06,2.816605360712116,2.825604090972837,2.771611494861859,2.789608955383301,6188700.0
2024-06-07,2.789608955383301,2.7986076856440216,2.78061022512258,2.789608955383301,3459300.0
2024-06-10,2.789608955383301,2.8076064159047425,2.78061022512258,2.789608955383301,2379200.0
2024-06-11,2.789608912346446,2.798607642468338,2.771611452102661,2.771611452102661,4966400.0
2024-06-12,2.7806100405800445,2.789608770243541,2.762612581253052,2.762612581253052,4372900.0
2024-06-13,2.762612721980769,2.789608912346446,2.762612721980769,2.771611452102661,3169400.0
2024-06-14,2.771611310916548,2.7806100405800445,2.762612581253052,2.762612581253052,3075400.0
2024-06-18,2.7806100845336914,2.7986075441451734,2.77161135472795,2.7806100845336914,3548900.0
2024-06-19,2.7986076856440216,2.825604090972837,2.789608955383301,2.789608955383301,3024100.0
2024-06-20,2.789608955383301,2.8076064159047425,2.78061022512258,2.789608955383301,1989400.0
2024-06-21,2.780610194322719,2.81660532951355,2.780610194322719,2.81660532951355,12657400.0
2024-06-24,2.807606427355272,2.8346028327941895,2.78960896676043,2.8346028327941895,4061272.0
2024-06-25,2.8436012268066406,2.8615986852730995,2.8256037683401822,2.8436012268066406,9080300.0
2024-06-26,2.8436012268066406,2.870597414506329,2.834602497573411,2.8436012268066406,6238000.0
2024-06-27,2.825604059674595,2.85260025015773,2.81660532951355,2.81660532951355,8810700.0
2024-06-28,2.7986076856440216,2.816605360712116,2.78061022512258,2.789608955383301,6296600.0
2024-07-01,2.7896088143394326,2.7986075441451734,2.77161135472795,2.7806100845336914,4705300.0
2024-07-02,2.7806100405800445,2.789608770243541,2.762612581253052,2.762612581253052,6863100.0
2024-07-03,2.771611301710929,2.8076062202453613,2.771611301710929,2.8076062202453613,6071300.0
2024-07-04,2.8166051644256074,2.8346026236928235,2.7896087609781453,2.8076062202453613,5055600.0
2024-07-05,2.8166051644256074,2.825603894059215,2.798607490611753,2.8076062202453613,2657600.0
2024-07-08,2.7896087609781453,2.8166051644256074,2.7896087609781453,2.8076062202453613,2625100.0
2024-07-09,2.798607490611753,2.825603894059215,2.7896087609781453,2.8076062202453613,3786500.0
2024-07-10,2.8076062202453613,2.8166051644256074,2.7896087609781453,2.8076062202453613,4661100.0
2024-07-11,2.7986076856440216,2.825604090972837,2.789608955383301,2.789608955383301,7681600.0
2024-07-12,2.8076064693677893,2.8615990665069058,2.8076064693677893,2.852600336074829,10142900.0
2024-07-15,2.8525999107975286,2.8525999107975286,2.816604994435492,2.825603723526001,3536600.0
2024-07-16,2.8166051644256074,2.825603894059215,2.798607490611753,2.8076062202453613,2347100.0
2024-07-17,2.8256037683401822,2.8436012268066406,2.816605039106953,2.8436012268066406,3007700.0
2024-07-18,2.83460278983564,2.843601519996685,2.807606384805854,2.81660532951355,3221400.0
2024-07-19,2.8076064159047425,2.8076064159047425,2.789608955383301,2.789608955383301,4614300.0
2024-07-22,2.789608955383301,2.7986076856440216,2.78061022512258,2.789608955383301,2654000.0
2024-07-23,2.789608955383301,2.8076064159047425,2.78061022512258,2.789608955383301,2105800.0
2024-07-24,2.789608955383301,2.7986076856440216,2.78061022512258,2.789608955383301,1852600.0
2024-07-25,2.78061022512258,2.825604090972837,2.771611494861859,2.789608955383301,6451400.0
2024-07-26,2.8076064159047425,2.816605360712116,2.78061022512258,2.789608955383301,3874400.0
2024-07-29,2.798607587814331,2.8346027221456014,2.798607587814331,2.798607587814331,4487900.0
2024-07-30,2.807606095327095,2.85259995603987,2.807606095327095,2.8436012268066406,6280700.0
2024-07-31,2.852600000713126,2.8705974594614343,2.825603812590663,2.8615987300872803,5245800.0
2024-08-01,2.8615990665069058,2.8615990665069058,2.8436016056427524,2.852600336074829,3461000.0
2024-08-02,2.8346029170952947,2.8795965699205124,2.8346029170952947,2.8705978393554688,4525900.0
2024-08-05,2.8346026779147797,2.843601407720521,2.7626126249222094,2.7806100845336914,10402300.0
2024-08-06,2.789608634439918,2.7986073636653384,2.708620071411133,2.708620071411133,9637800.0
2024-08-07,2.7356163922625627,2.7806100405800445,2.7266176625990663,2.762612581253052,5257700.0
2024-08-08,2.7536138515895554,2.7806100405800445,2.7356163922625627,2.762612581253052,2703300.0
2024-08-12,2.744615175380137,2.753613905218893,2.717618985863871,2.735616445541382,3806000.0
2024-08-13,2.7356162590873945,2.744614988312815,2.6996213421857123,2.708620071411133,6599300.0
2024-08-14,2.753613895116468,2.7986075441451734,2.753613895116468,2.7806100845336914,5531500.0
2024-08-15,2.780610031344537,2.8346026236928235,2.780610031344537,2.8076062202453613,3895200.0
2024-08-16,2.81660532951355,2.825604059674595,2.798607654644809,2.81660532951355,3403300.0
2024-08-19,2.816605262253289,2.825603992199446,2.7806101279220186,2.798607587814331,3667300.0
2024-08-20,2.8261349201202393,2.844486428528768,2.7986076575074463,2.8261349201202393,4361800.0
2024-08-21,2.80778341171171,2.8261349201202393,2.7986076575074463,2.8261349201202393,4188300.0
2024-08-22,2.8169591111920416,2.9087168702193797,2.8077833571660307,2.8903653621673584,5099100.0
2024-08-23,2.8628378346530936,2.899541068926045,2.853662080776663,2.872013807296753,3633900.0
2024-08-26,2.8903654086905575,2.9178926712116673,2.8903654086905575,2.908716917037964,3617400.0
2024-08-27,2.8903654086905575,2.9362441795590732,2.8903654086905575,2.908716917037964,4701500.0
2024-08-28,2.9087168702193797,2.9087168702193797,2.8628378813220943,2.8903653621673584,2398700.0
2024-08-29,2.8720137639480328,2.881189517685969,2.844486283966998,2.862837791442871,3535400.0
2024-08-30,2.872013593121312,2.9087166058899707,2.872013593121312,2.881189346313477,9290400.0
2024-09-02,2.872013593121312,2.890365099505641,2.862837621161934,2.881189346313477,2733200.0
2024-09-03,2.881189346313477,2.899540852697806,2.872013593121312,2.881189346313477,4271300.0
2024-09-04,2.8811894937600093,2.8903652474217485,2.83531050668409,2.8536620140075684,4733800.0
2024-09-05,2.87201374009827,2.8811894937600093,2.826134753022351,2.8536620140075684,5575600.0
2024-09-06,2.83531050668409,2.8628377676693075,2.83531050668409,2.8536620140075684,3317300.0
2024-09-09,2.8444861147776055,2.890365099505641,2.8444861147776055,2.881189346313477,2930700.0
2024-09-10,2.8903651989513737,2.8903651989513737,2.8261347056290975,2.835310459136963,5271800.0
2024-09-11,2.835310459136963,2.8811894454435083,2.835310459136963,2.835310459136963,5580200.0
2024-09-12,2.844486283966998,2.862837791442871,2.8353105302290618,2.862837791442871,3801400.0
2024-09-13,2.881189517685969,2.8903652714239056,2.8536620377049347,2.862837791442871,2724500.0
2024-09-16,2.872013593121312,2.890365099505641,2.85366186796977,2.881189346313477,2408600.0
2024-09-17,2.8720139003431515,2.9178926712116673,2.8720139003431515,2.908716917037964,5983600.0
2024-09-18,2.917892407875286,2.9362439145664903,2.899540901184082,2.899540901184082,2954600.0
2024-09-19,2.908716702557578,2.927068209551797,2.8811894420662494,2.9178924560546875,5159300.0
2024-09-20,2.9270681122743,2.9270681122743,2.881189346313477,2.881189346313477,7901000.0
2024-09-23,2.8903653621673584,2.899541116193369,2.8628378813220943,2.8903653621673584,2774897.0
2024-09-24,2.89036514783848,2.9270681612208884,2.881189394492878,2.899540901184082,6333100.0
2024-09-25,2.9178926712116673,2.9178926712116673,2.8903654086905575,2.908716917037964,3796800.0
2024-09-26,2.9178923590821353,2.9178923590821353,2.881189346313477,2.881189346313477,3513000.0
2024-09-27,2.890365152485531,3.138110711982323,2.890365152485531,3.0830559730529785,20446300.0
2024-09-30,3.101407914804044,3.1289351768046014,3.0463531720356976,3.073880434036255,8800100.0
2024-10-01,3.0555286859160753,3.0555286859160753,2.9729469064041214,2.9821226596832275,7004400.0
2024-10-02,2.945419764053764,3.0647045614401756,2.945419764053764,3.028001546859741,7256400.0
2024-10-03,3.0188257694244385,3.0555287837156304,2.9912985087060444,3.0188257694244385,5090900.0
2024-10-04,3.018825652101406,3.0738801713985664,3.018825652101406,3.064704418182373,4423400.0
2024-10-07,3.083056111025905,3.1839896212739993,3.083056111025905,3.1289350986480713,12639600.0
2024-10-08,3.147286415895327,3.165637922327714,3.064704418182373,3.064704418182373,9458700.0
2024-10-09,3.083056116884038,3.1014078432281105,3.028001594153501,3.0463531017303467,4297800.0
2024-10-10,3.064704418182373,3.0922316778309535,3.0463529117499863,3.064704418182373,4273200.0
2024-10-11,3.055528807795067,3.0647045614401756,3.0188257932146327,3.028001546859741,4066600.0
2024-10-14,3.028001664035326,3.0830561880364407,3.028001664035326,3.073880434036255,2621400.0
2024-10-15,3.0647045614401756,3.1014077947878333,3.0096500395695243,3.028001546859741,3261300.0
2024-10-16,3.0280016918753065,3.046353200044406,2.99129867553711,2.99129867553711,5592100.0
2024-10-17,3.009650063144097,3.046353078012026,2.9912985557101326,3.037177324295044,3309000.0
2024-10-18,3.0280017388615783,3.0371774930885103,3.000474476180783,3.009650230407715,4108100.0
2024-10-21,3.028001594153501,3.0555288555187694,3.018825840365078,3.0463531017303467,2638300.0
2024-10-22,3.009649967980683,3.0280014748343835,2.991298461126983,3.000474214553833,3496200.0
2024-10-23,3.018825721407534,3.0371772282612337,2.991298461126983,3.000474214553833,2334200.0
2024-10-24,3.000474476180783,3.0280017388615783,3.000474476180783,3.009650230407715,2311400.0
2024-10-25,3.0188256727996516,3.0280014260787573,2.9729469064041214,2.9821226596832275,3509300.0
2024-10-28,2.9912983642012185,2.9912983642012185,2.9454195985535576,2.963771104812622,2272600.0
2024-10-29,2.9637713195903763,2.9637713195903763,2.9362440582069422,2.9545955657958984,5239500.0
2024-10-30,2.936244010925293,2.9637712718654625,2.8995409963384007,2.936244010925293,4404600.0
2024-11-01,2.8811896641130614,2.8811896641130614,2.80778341171171,2.8261349201202393,9087900.0
2024-11-04,2.835310459136963,2.862837719660558,2.8261347056290975,2.835310459136963,3286200.0
2024-11-05,2.835310573023802,2.8811895611731835,2.8261348191473714,2.872013807296753,3956900.0
2024-11-06,2.8720137639480328,2.8903652714239056,2.8353105302290618,2.862837791442871,4252500.0
2024-11-07,2.872013807296753,2.9087168228024756,2.8628378346530936,2.872013807296753,8706200.0
2024-11-08,2.872013593121312,2.9178923590821353,2.872013593121312,2.881189346313477,4042400.0
2024-11-11,2.8811894454435083,2.8995409524592386,2.835310459136963,2.835310459136963,5139200.0
2024-11-12,2.826134966282561,2.8536622293449865,2.826134966282561,2.8444864749908447,3574900.0
2024-11-13,2.8353106743245036,2.844486428528768,2.8261349201202393,2.8261349201202393,4141100.0
2024-11-14,2.8261346576183435,2.83531041097033,2.8077831509143714,2.8169589042663574,4199500.0
2024-11-15,2.8169591193020613,2.8353106274069164,2.7986076111972062,2.807783365249634,4716100.0
2024-11-18,2.8077834575742773,2.8536622293449865,2.8077834575742773,2.8444864749908447,2481800.0
2024-11-19,2.8444864749908447,2.862837983699128,2.835310720636703,2.8444864749908447,3210700.0
2024-11-20,2.862837983699128,2.8720139568205103,2.8444864749908447,2.8444864749908447,1741900.0
2024-11-21,2.844486164322316,2.853661917674302,2.8169589042663574,2.8169589042663574,3482400.0
2024-11-22,2.8261349201202393,2.844486428528768,2.8261349201202393,2.8261349201202393,3032000.0
2024-11-25,2.835310720636703,2.8444864749908447,2.816959211928419,2.8444864749908447,14331900.0
2024-11-26,2.826134873354489,2.844486381459344,2.807783365249634,2.807783365249634,4461183.0
2024-11-27,2.8077833181762144,2.8169590720748072,2.7894318103790283,2.7894318103790283,7920200.0
2024-11-28,2.7986076111972062,2.8169591193020613,2.7894318571447787,2.807783365249634,5262600.0
2024-11-29,2.7986076575074463,2.8261349201202393,2.789431903303182,2.8261349201202393,5704300.0
2024-12-02,2.8444864749908447,2.862837983699128,2.835310720636703,2.8444864749908447,2184300.0
2024-12-03,2.8628378346530936,2.890365315049614,2.853662080776663,2.872013807296753,4927400.0
2024-12-04,2.862837983699128,2.881189711174652,2.835310720636703,2.8444864749908447,3700300.0
2024-12-05,2.8444864749908447,2.8720139568205103,2.835310720636703,2.8444864749908447,2958900.0
2024-12-06,2.853661917674302,2.853661917674302,2.8169589042663574,2.8169589042663574,3037600.0
2024-12-09,2.8169589042663574,2.83531041097033,2.8077831509143714,2.8169589042663574,4144500.0
2024-12-10,2.8169589521212326,2.844486212644828,2.8169589521212326,2.835310459136963,3495900.0
2024-12-11,2.844486428528768,2.844486428528768,2.816959165915975,2.8261349201202393,3576000.0
2024-12-12,2.826134873354489,2.8353106274069164,2.807783365249634,2.807783365249634,3237900.0
2024-12-13,2.816959095765856,2.816959095765856,2.798607587814331,2.798607587814331,3175100.0
2024-12-16,2.7894317629938645,2.7894317629938645,2.771080255508423,2.771080255508423,6906000.0
2024-12-17,2.7802560564804355,2.798607564277621,2.7802560564804355,2.7894318103790283,2523700.0
2024-12-18,2.7894318103790283,2.798607564277621,2.7802560564804355,2.7894318103790283,2234600.0
2024-12-19,2.771080231737128,2.780255985401136,2.76190447807312,2.76190447807312,3351300.0
2024-12-20,2.761904454222588,2.7710802078073584,2.7527287006378174,2.7527287006378174,9507571.0
2024-12-23,2.76190447807312,2.771080231737128,2.7435529707451036,2.76190447807312,2775200.0
2024-12-24,2.761904525301897,2.7986075405855537,2.761904525301897,2.7802560329437256,1776400.0
2024-12-26,2.7894318103790283,2.8077833181762144,2.7802560564804355,2.7894318103790283,1388200.0
2024-12-27,2.8077831509143714,2.83531041097033,2.7986073975623853,2.8169589042663574,2918400.0
2024-12-30,2.8261347056290975,2.835310459136963,2.8169589521212326,2.835310459136963,2988900.0
2024-12-31,2.835310720636703,2.8444864749908447,2.8077834575742773,2.8444864749908447,2677300.0
2025-01-02,2.844486428528768,2.844486428528768,2.816959165915975,2.8261349201202393,3136000.0
2025-01-03,2.835310720636703,2.8444864749908447,2.826134966282561,2.8444864749908447,1520300.0
2025-01-06,2.862837983699128,2.862837983699128,2.835310720636703,2.8444864749908447,2644300.0
2025-01-07,2.8444864749908447,2.8536622293449865,2.816959211928419,2.8444864749908447,3288900.0
2025-01-08,2.8444863576931434,2.8536621116689056,2.798607587814331,2.798607587814331,4574000.0
2025-01-09,2.8077833181762144,2.8169590720748072,2.7894318103790283,2.7894318103790283,2509700.0
2025-01-10,2.7802560329437256,2.7894317867646397,2.771080279122811,2.7802560329437256,3497500.0
2025-01-13,2.789431739065144,2.789431739065144,2.76190447807312,2.76190447807312,2825400.0
2025-01-14,2.761904594987496,2.8169591193020613,2.761904594987496,2.807783365249634,4181400.0
2025-01-15,2.8261348259734005,2.8353105798719933,2.7894318103790283,2.7894318103790283,3279300.0
2025-01-16,2.8169589042663574,2.8261346576183435,2.7986073975623853,2.8169589042663574,2770700.0
2025-01-17,2.7986076575074463,2.8353106743245036,2.789431903303182,2.8261349201202393,3865800.0
2025-01-20,2.826134873354489,2.8353106274069164,2.807783365249634,2.807783365249634,1167100.0
2025-01-21,2.8261349201202393,2.8353106743245036,2.7986076575074463,2.8261349201202393,4115600.0
2025-01-22,2.844486381459344,2.844486381459344,2.807783365249634,2.807783365249634,3006900.0
2025-01-23,2.8169589042663574,2.8261346576183435,2.8077831509143714,2.8169589042663574,2046200.0
2025-01-24,2.844486164322316,2.844486164322316,2.7986073975623853,2.8169589042663574,2929500.0
2025-01-27,2.816959095765856,2.8261348497416185,2.798607587814331,2.798607587814331,2104600.0
2025-01-28,2.8077833181762144,2.8261348259734005,2.7894318103790283,2.7894318103790283,2064700.0
2025-01-31,2.798607515277316,2.8720137639480328,2.798607515277316,2.862837791442871,7133900.0
2025-02-03,2.881189394492878,2.9270681612208884,2.8628376690344575,2.899540901184082,8875900.0
2025-02-04,2.9362439630489066,2.9362439630489066,2.8995409490604684,2.9178924560546875,4757400.0
2025-02-05,2.9362438932876977,2.9821226596832275,2.9362438932876977,2.9821226596832275,8118700.0
2025-02-06,2.98212292145256,3.009650183706208,2.936244151029814,2.99129867553711,11731200.0
2025-02-07,3.0096499195205455,3.0096499195205455,2.917892386729486,2.9821226596832275,5870200.0
2025-02-10,2.982122874606913,2.982122874606913,2.945419858845277,2.972947120666504,3407200.0
2025-02-11,2.9637712008464323,3.009649967980683,2.9637712008464323,3.000474214553833,6087300.0
2025-02-12,3.0096500395695243,3.028001546859741,2.991298532279307,3.028001546859741,2775800.0
2025-02-13,3.00965001585164,3.0280015229972363,3.0004742622788423,3.0188257694244385,4387700.0
2025-02-14,3.000474214553833,3.018825721407534,2.9821227077001327,3.000474214553833,3224300.0
2025-02-17,3.000474214553833,3.009649967980683,2.991298461126983,3.000474214553833,1541400.0
2025-02-18,3.000474429621659,3.018825937790757,2.98212292145256,2.99129867553711,3194000.0
2025-02-19,2.963771223540235,2.9729469770373447,2.8995409490604684,2.9178924560546875,8297900.0
2025-02-20,2.890365266035611,2.9637712958022573,2.87201375859395,2.9454197883605957,8313400.0
2025-02-21,2.8811896641130614,2.9178926809301187,2.80778341171171,2.8261349201202393,18905100.0
2025-02-24,2.835310455813482,2.9729469770373447,2.835310455813482,2.9178924560546875,9070200.0
2025-02-25,2.9087168228024756,2.9454198383081978,2.872013807296753,2.872013807296753,5256100.0
2025-02-26,2.8628376690344575,2.917892407875286,2.8628376690344575,2.899540901184082,3453300.0
2025-02-27,2.890365195563359,2.9178924560546875,2.87201368856914,2.9178924560546875,4991000.0
2025-02-28,2.899541019756442,2.9545955420814263,2.899541019756442,2.9454197883605957,11442600.0
2025-03-03,2.972947120666504,3.000474382487731,2.954595612785686,2.972947120666504,7968000.0
2025-03-04,2.982122611071686,3.0004741173307505,2.9454195985535576,2.963771104812622,6090300.0
2025-03-05,2.9637713195903763,2.972947073384854,2.94541981200142,2.9545955657958984,4048900.0
2025-03-06,2.972947001560448,3.0188257694244385,2.96377124798765,3.0188257694244385,7365500.0
2025-03-07,3.000474214553833,3.0280014748343835,2.9821227077001327,3.000474214553833,4365900.0
2025-03-10,3.0188256727996516,3.046352932636969,2.9821226596832275,2.9821226596832275,3413400.0
2025-03-11,2.9821228271793325,3.0004743347682887,2.94541981200142,2.9545955657958984,9056400.0
2025-03-12,2.945419646566804,3.0004741662414394,2.9362438932876977,2.9821226596832275,4521500.0
2025-03-13,2.982122874606913,3.00965013642814,2.954595612785686,2.972947120666504,3601800.0
2025-03-14,2.9821227786341984,3.028001546859741,2.9821227786341984,3.028001546859741,5553700.0
2025-03-17,3.0371772765700347,3.0738802908612266,3.0188257694244385,3.0188257694244385,5321100.0
2025-03-18,3.0647045372884287,3.0647045372884287,3.0004742622788423,3.0188257694244385,3975500.0
2025-03-19,3.000474476180783,3.0280017388615783,2.982122967726919,3.009650230407715,3422000.0
2025-03-20,3.0188257694244385,3.0463530301428325,3.00965001585164,3.0188257694244385,3633000.0
2025-03-21,3.0280015229972363,3.0371772765700347,2.9912985087060444,3.0188257694244385,5958900.0
2025-03-24,3.046353078012026,3.0647045854459907,3.000474309427115,3.037177324295044,4903400.0
2025-03-25,3.0647045614401756,3.0647045614401756,3.028001546859741,3.028001546859741,5593800.0
2025-03-26,3.046353125306215,3.0738803868845186,3.028001617587346,3.0555288791656494,5149300.0
2025-03-27,3.0371773714467807,3.064704633025084,3.0371773714467807,3.0555288791656494,3803100.0
2025-03-28,3.064704680036069,3.101407914804044,3.0555289260358833,3.073880434036255,4107800.0
2025-04-01,3.0463531017303467,3.0738803630956153,3.0371773479419235,3.0463531017303467,7293000.0
2025-04-02,3.064704633025084,3.0738803868845186,3.028001617587346,3.0555288791656494,4846200.0
2025-04-03,3.0371773714467807,3.064704633025084,3.028001617587346,3.0555288791656494,4111500.0
2025-04-04,3.046352981688084,3.055528735114934,3.000474214553833,3.000474214553833,8153300.0
2025-04-07,2.9178926809301187,2.9178926809301187,2.761904640690389,2.8261349201202393,15880000.0
2025-04-08,2.8077831986133672,2.862837719660558,2.7619044310740417,2.835310459136963,13773400.0
2025-04-09,2.7986076111972062,2.8169591193020613,2.7710803490399236,2.807783365249634,7183000.0
2025-04-10,2.8628378813220943,2.9087168702193797,2.844486373270074,2.8903653621673584,7576300.0
2025-04-11,2.85366186796977,2.9087166058899707,2.826134608393276,2.881189346313477,7674300.0
2025-04-14,2.899541116193369,2.9270683782714007,2.881189608141348,2.8903653621673584,9678300.0
2025-04-15,2.8903651989513737,2.908716705967104,2.8169589521212326,2.835310459136963,10515000.0
2025-04-16,2.8261347764911253,2.8720137639480328,2.816959022753189,2.862837791442871,6833600.0
2025-04-17,2.862837719660558,2.862837719660558,2.8261347056290975,2.835310459136963,8216200.0
2025-04-21,2.835310573023802,2.872013807296753,2.8169590652709404,2.872013807296753,4915400.0
2025-04-22,2.862837983699128,2.8720139568205103,2.826134966282561,2.8444864749908447,5066000.0
2025-04-23,2.862837621161934,2.881189346313477,2.85366186796977,2.881189346313477,6147500.0
2025-04-24,2.890365099505641,2.899540852697806,2.862837621161934,2.881189346313477,6248000.0
2025-04-25,2.899541068926045,2.899541068926045,2.872013807296753,2.872013807296753,5067400.0
2025-04-28,2.881189346313477,2.890365099505641,2.862837621161934,2.881189346313477,4972700.0
2025-04-29,2.8906668778923588,2.909622052753541,2.8527565281699947,2.862234115600586,10142500.0
2025-04-30,2.881189401435098,2.900144577026367,2.86223422584383,2.900144577026367,8639000.0
2025-05-02,2.9001443668554314,2.9096219539642334,2.871711605529025,2.9096219539642334,6868800.0
2025-05-05,2.9001443668554314,2.9096219539642334,2.881189192637827,2.9096219539642334,2129000.0
2025-05-06,2.9001446317900568,2.919099807739258,2.890667043815456,2.919099807739258,2995200.0
2025-05-07,2.9190998621496336,2.9380550384521484,2.9096222739983757,2.9380550384521484,5535100.0
2025-05-08,2.9285772843850446,2.9285772843850446,2.871711758699163,2.881189346313477,17121100.0
2025-05-09,2.890666989230733,2.9190997526176363,2.881189401435098,2.900144577026367,6120800.0
2025-05-13,2.9380549282089055,2.9664879175593257,2.890666989230733,2.900144577026367,9410400.0
2025-05-14,2.890666961669922,2.900144549375193,2.8717117862593793,2.890666961669922,5364400.0
2025-05-15,2.881189401435098,2.9096221648220015,2.86223422584383,2.900144577026367,5248500.0
2025-05-16,2.909622010093855,2.9380547719687584,2.9001444228022204,2.928577184677124,5319000.0
2025-05-19,2.900144549375193,2.9096221370804645,2.8811893739646504,2.890666961669922,4073700.0
2025-05-20,2.9001446858471183,2.9380550384521484,2.9001446858471183,2.9380550384521484,3723900.0
2025-05-21,2.9475326266034063,2.9475326266034063,2.9190998621496336,2.9380550384521484,3026600.0
2025-05-22,2.9096221648220015,2.9285773404132707,2.900144577026367,2.900144577026367,4347600.0
2025-05-23,2.9001443668554314,2.9190995410730354,2.9001443668554314,2.9096219539642334,4966500.0
2025-05-26,2.900144549375193,2.9096221370804645,2.890666961669922,2.890666961669922,3285800.0
2025-05-27,2.900144549375193,2.900144549375193,2.8811893739646504,2.890666961669922,3262000.0
2025-05-28,2.900144549375193,2.9096221370804645,2.8811893739646504,2.890666961669922,3115100.0
2025-05-29,2.900144549375193,2.900144549375193,2.8717117862593793,2.890666961669922,4627700.0
2025-05-30,2.890666961669922,2.9190997247857355,2.8811893739646504,2.890666961669922,9939600.0
2025-06-02,2.89066693392779,2.900144521542104,2.8527565834705357,2.881189346313477,6280000.0
2025-06-03,2.8811893184797865,2.9001444935252976,2.8622341434342755,2.8717117309570312,4094800.0
2025-06-04,2.8811893739646504,2.890666961669922,2.862234198554108,2.890666961669922,4146100.0
2025-06-05,2.890666906002542,2.890666906002542,2.8622341434342755,2.8717117309570312,6321200.0
2025-06-06,2.881189346313477,2.89066693392779,2.8622341710848493,2.881189346313477,3200500.0
2025-06-09,2.89066693392779,2.900144521542104,2.881189346313477,2.881189346313477,3925400.0
2025-06-10,2.8811893739646504,2.900144549375193,2.8717117862593793,2.890666961669922,3886500.0
2025-06-11,2.89066693392779,2.89066693392779,2.871711758699163,2.881189346313477,3050700.0
2025-06-12,2.871711758699163,2.900144521542104,2.871711758699163,2.881189346313477,4335300.0
2025-06-13,2.871711674919769,2.881189262257583,2.8527565002441406,2.8527565002441406,6601700.0
2025-06-16,2.8527565281699947,2.862234115600586,2.843278940739404,2.862234115600586,4768200.0
2025-06-17,2.871711674919769,2.871711674919769,2.8527565002441406,2.8527565002441406,5237800.0
2025-06-18,2.8338015834311165,2.8338015834311165,2.7390257014288157,2.7769360542297363,19027000.0
2025-06-19,2.776935999544025,2.7958911755712044,2.7579808235168457,2.7579808235168457,8505300.0
2025-06-20,2.7579808507660615,2.78641361508775,2.7579808507660615,2.767458438873291,16558300.0
2025-06-23,2.757980877829276,2.7769360542297363,2.7390257014288157,2.7769360542297363,6489700.0
2025-06-24,2.7769359719183124,2.7769359719183124,2.7485032081604004,2.7485032081604004,5196700.0
2025-06-25,2.748503392979309,2.7674585700925287,2.729548215866089,2.729548215866089,13167600.0
2025-06-26,2.729548242573191,2.7485034198718767,2.729548242573191,2.739025831222534,9702500.0
2025-06-27,2.748503235503256,2.7674584115304355,2.7390256474896666,2.7579808235168457,6899000.0
2025-06-30,2.7579809417339303,2.7579809417339303,2.7200703620910645,2.7200703620910645,10479800.0
2025-07-01,2.729548215866089,2.748503392979309,2.720070401345944,2.729548215866089,9071900.0
2025-07-02,2.7390256202410965,2.7579807960797043,2.7390256202410965,2.7485032081604004,6777300.0
2025-07-03,2.757980877829276,2.786413642429966,2.757980877829276,2.7769360542297363,8041800.0
2025-07-04,2.7769360812935835,2.79589125787878,2.7674584930009853,2.7864136695861816,5485500.0
2025-07-07,2.795891284942627,2.805368873326967,2.776936108173947,2.795891284942627,4992600.0
2025-07-08,2.79589125787878,2.805368846171378,2.7769360812935835,2.7864136695861816,5747500.0
2025-07-09,2.7864137499576076,2.8148465156555176,2.7864137499576076,2.8148465156555176,5528100.0
2025-07-10,2.8148465156555176,2.8243241042214877,2.805368927089547,2.8148465156555176,4042300.0
2025-07-11,2.805368873326967,2.8243240500956466,2.795891284942627,2.795891284942627,5728800.0
2025-07-14,2.79589125787878,2.805368846171378,2.7674584930009853,2.7864136695861816,7697100.0
2025-07-15,2.795891284942627,2.8148464617113067,2.786413696558287,2.795891284942627,3647100.0
2025-07-16,2.805368927089547,2.8338016927874574,2.7958913385235773,2.8148465156555176,3882600.0
2025-07-17,2.824324157623238,2.8432793351135786,2.805368980132897,2.833801746368408,3447200.0
2025-07-18,2.843279023143565,2.9190997247857355,2.833801435438294,2.890666961669922,11871200.0
2025-07-21,2.8906668778923588,2.8906668778923588,2.862234115600586,2.862234115600586,6028700.0
2025-07-22,2.862234059376533,2.871711646620952,2.814846123154439,2.8432788848876953,9064500.0
2025-07-23,2.8527565281699947,2.862234115600586,2.833801353308813,2.862234115600586,7379000.0
2025-07-24,2.862234198554108,2.900144549375193,2.843279023143565,2.890666961669922,7849557.0
2025-07-25,2.871711674919769,2.871711674919769,2.8338013255685124,2.8527565002441406,10244300.0
2025-07-28,2.8432793351135786,2.8622345126039193,2.833801746368408,2.833801746368408,4417600.0
2025-07-29,2.833801380866009,2.8717117309570312,2.833801380866009,2.8717117309570312,8147900.0
2025-07-30,2.8717117030311767,2.8906668778923588,2.843278940739404,2.862234115600586,8276300.0
2025-07-31,2.852756815248666,2.862234403633006,2.795891284942627,2.795891284942627,7851400.0
2025-08-01,2.786413642429966,2.8053688188304267,2.7769360542297363,2.7769360542297363,5731600.0
2025-08-04,2.7864136695861816,2.805368846171378,2.7769360812935835,2.7864136695861816,4324900.0
2025-08-05,2.8148464617113067,2.8432792268643263,2.795891284942627,2.795891284942627,5643900.0
2025-08-06,2.805368927089547,2.8243241042214877,2.7864137499576076,2.8148465156555176,5083600.0
2025-08-07,2.8148464617113067,2.8148464617113067,2.776936108173947,2.795891284942627,4784700.0
2025-08-08,2.7958913118236106,2.814846488774534,2.786413723348149,2.8053689002990723,4163200.0
2025-08-11,2.805368927089547,2.8243241042214877,2.7958913385235773,2.8148465156555176,2909400.0
2025-08-12,2.8243241042214877,2.8527568699193977,2.805368927089547,2.8148465156555176,6245200.0
2025-08-13,2.852756787634368,2.852756787634368,2.7769360812935835,2.7864136695861816,13763900.0
2025-08-14,2.7958911755712044,2.7958911755712044,2.7579808235168457,2.7579808235168457,9737800.0
2025-08-15,2.767458438873291,2.776936026980521,2.7485032626588324,2.767458438873291,6662500.0
2025-08-18,2.7674585971705628,2.7674585971705628,2.739025831222534,2.739025831222534,8905300.0
2025-08-19,2.777468158525941,2.806299979379643,2.767857551574707,2.767857551574707,8689700.0
2025-08-20,2.7678575973879833,2.7966894187189064,2.7678575973879833,2.777468204498291,7588900.0
2025-08-21,2.796689464690159,2.815910679226728,2.7774682501535906,2.787078857421875,5834900.0
2025-08-22,2.7870789029202836,2.8063001177706344,2.7774682954951087,2.796689510345459,7680200.0
2025-08-25,2.806300016540637,2.8351318377761294,2.7966894094621395,2.825521230697632,6194400.0
2025-08-26,2.8255213784310262,2.835131986012018,2.7966895556880513,2.806300163269043,7217000.0
2025-08-27,2.8159106236191342,2.8351318377761294,2.806300016540637,2.825521230697632,3629900.0
2025-08-28,2.825521276387311,2.835131883621216,2.796689454685598,2.835131883621216,6861800.0
2025-08-29,2.825521276387311,2.84474249085512,2.815910669153407,2.835131883621216,3916600.0
2025-09-01,2.8351319291565384,2.8447425365448,2.8159107143800157,2.8447425365448,3586600.0
2025-09-02,2.8351318377761294,2.844742444854627,2.8159106236191342,2.825521230697632,4667900.0
2025-09-03,2.825521276387311,2.835131883621216,2.806300061919502,2.835131883621216,4628800.0
2025-09-04,2.835131883621216,2.8543530980890246,2.815910669153407,2.835131883621216,3956620.0
2025-09-05,2.8351319743852263,2.854353189468384,2.8255213668436476,2.854353189468384,4165700.0
2025-09-08,2.8639637513213225,2.8639637513213225,2.825521321768277,2.8447425365448,4709600.0
2025-09-09,2.8351318377761294,2.844742444854627,2.806300016540637,2.825521230697632,4908400.0
2025-09-10,2.8351318377761294,2.8351318377761294,2.806300016540637,2.825521230697632,3494800.0
2025-09-11,2.815910816192627,2.8351320316641155,2.7966896007211384,2.815910816192627,5707900.0
2025-09-12,2.815910669153407,2.835131883621216,2.815910669153407,2.835131883621216,4563200.0
2025-09-15,2.8351320316641155,2.84474263939986,2.815910816192627,2.815910816192627,2464100.0
2025-09-16,2.825521276387311,2.835131883621216,2.806300061919502,2.835131883621216,5053400.0
2025-09-17,2.8159107708500346,2.835131986012018,2.806300163269043,2.806300163269043,3460600.0
2025-09-18,2.8159107251958093,2.8159107251958093,2.7870789029202836,2.796689510345459,6818900.0
2025-09-19,2.787078857421875,2.796689464690159,2.7774682501535906,2.787078857421875,10132700.0
2025-09-22,2.787078857421875,2.806300071958443,2.787078857421875,2.787078857421875,4664611.0
2025-09-23,2.796689464690159,2.806300071958443,2.7774682501535906,2.787078857421875,3958600.0
2025-09-24,2.7870789029202836,2.796689510345459,2.7774682954951087,2.796689510345459,5456300.0
2025-09-25,2.7966894187189064,2.806300025829214,2.777468204498291,2.777468204498291,6429900.0
2025-09-26,2.719804378261362,2.758246807346548,2.67175134190488,2.739025592803955,20475700.0
2025-09-29,2.729414985532659,2.7486362000752513,2.700583163718769,2.739025592803955,13620800.0
2025-09-30,2.729414985532659,2.7486362000752513,2.710193770990066,2.739025592803955,10220400.0
2025-10-01,2.7390255015860614,2.767857551574707,2.7198042876835933,2.767857551574707,7219300.0
2025-10-02,2.767857551574707,2.777468158525941,2.748636108537295,2.767857551574707,6268400.0
2025-10-03,2.758246898651123,2.7774683429649434,2.748636291061693,2.758246898651123,6558100.0
2025-10-06,2.758246807346548,2.758246807346548,2.729414985532659,2.739025592803955,7603200.0
2025-10-07,2.758246807346548,2.758246807346548,2.719804378261362,2.739025592803955,6831600.0
2025-10-08,2.7390255469221128,2.7870788116085987,2.729414939811805,2.777468204498291,8459200.0
2025-10-09,2.7966896007211384,2.84474263939986,2.7966896007211384,2.815910816192627,11739600.0
2025-10-10,2.825521230697632,2.8351318377761294,2.7966894094621395,2.825521230697632,7352400.0
2025-10-13,2.796689510345459,2.8159107251958093,2.7774682954951087,2.796689510345459,6459200.0
2025-10-14,2.7966895581438047,2.8159107733226656,2.748636291061693,2.758246898651123,8674200.0
2025-10-15,2.767857642885306,2.806300071958443,2.767857642885306,2.787078857421875,5347200.0
2025-10-16,2.787078992985394,2.8255214239283712,2.7678577775139055,2.815910816192627,6076300.0
2025-10-17,2.815910669153407,2.835131883621216,2.806300061919502,2.835131883621216,6468700.0
2025-10-21,2.854353143933061,2.854353143933061,2.8159107143800157,2.8447425365448,6001000.0
2025-10-22,2.8351319743852263,2.854353189468384,2.8255213668436476,2.854353189468384,4916600.0
2025-10-23,2.854353189468384,2.8639637970099625,2.8351319743852263,2.854353189468384,5302600.0
2025-10-24,2.85435304280147,2.8735742568969727,2.85435304280147,2.8735742568969727,3751400.0
2025-10-27,2.873574059280358,2.9408483039881452,2.863963452893531,2.9312376976013184,11425700.0
2025-10-28,2.921627089104889,3.056175807558241,2.921627089104889,3.027343988418579,18421200.0
2025-10-29,3.0273441809045276,3.0273441809045276,2.998512130796723,3.017733573913574,4790200.0
2025-10-30,3.017733472116281,3.017733472116281,2.9696802096475525,2.998512029647827,5733300.0
2025-10-31,2.9696802644782343,3.0657865620552123,2.96006965763403,3.0081229209899902,10334900.0
2025-11-03,3.00812291309444,3.094618374465244,2.9985120771405205,3.056175947189331,11290900.0
2025-11-04,3.065786591627719,3.123450233249163,3.065786591627719,3.113839626312256,14258500.0
2025-11-05,3.113839487062881,3.113839487062881,3.0657864545272524,3.085007667541504,7374800.0
2025-11-06,3.113839572504674,3.1522819995880127,3.104228965733839,3.1522819995880127,8006600.0
2025-11-07,3.133060786046343,3.1715032131296823,3.133060786046343,3.1522819995880127,6665500.0
2025-11-10,3.1522820913340843,3.181113912485729,3.1426714842835364,3.1715033054351807,6204800.0
2025-11-11,3.171503251166546,3.2099456787109375,3.1618926442804485,3.2099456787109375,6310200.0
2025-11-12,3.2195563316345215,3.2195563316345215,3.1907245105639523,3.2195563316345215,10932600.0
2025-11-13,3.2003349267878707,3.2387773525900783,3.2003349267878707,3.2291667461395264,5683500.0
2025-11-14,3.1715032055438117,3.219556239283048,3.1715032055438117,3.2003350257873535,7255900.0
2025-11-17,3.190724464938742,3.2195562855970357,3.190724464938742,3.2099456787109375,3770900.0
2025-11-18,3.1907243264090255,3.2195561458155457,3.1715031134713456,3.1811137199401855,5137800.0
2025-11-19,3.152281946428714,3.2003349794725335,3.152281946428714,3.1907243728637695,3955000.0
2025-11-20,3.1907244732449462,3.2099456870671794,3.1426714386893635,3.1618926525115967,6620300.0
2025-11-21,3.1426712535068804,3.17150307254131,3.0850076154380215,3.1234500408172607,10215900.0
2025-11-24,3.123450087253155,3.1618925132039126,3.085007661302398,3.1330606937408447,14387938.0
2025-11-25,3.1234500408172607,3.1330606471620706,3.0753970090932117,3.1234500408172607,8478000.0
2025-11-26,3.1522820073613413,3.1522820073613413,3.094618366594138,3.104228973388672,4620300.0
2025-11-27,3.1330607470701923,3.1330607470701923,3.085007713813812,3.094618320465088,5196900.0
2025-11-28,3.104229019375349,3.1330608401860705,3.094618412438441,3.113839626312256,9309000.0
2025-12-01,3.1234500408172607,3.1426712535068804,3.0946182217828313,3.1234500408172607,3329300.0
2025-12-02,3.1426712591524413,3.152281865514516,3.056175801893771,3.07539701461792,6546100.0
2025-12-03,3.046565244967313,3.056175851485335,2.960069557170175,2.988901376724243,12494400.0
2025-12-04,2.9408484883279233,2.9792909162848984,2.912016667360192,2.9696803092956543,6281800.0
2025-12-05,2.9408483505249023,2.95045895706381,2.91201653090818,2.9408483505249023,5775600.0
2025-12-08,2.9216271374470875,2.95045895706381,2.9024059243692726,2.9408483505249023,4856400.0
2025-12-09,2.93123765091148,2.969680075846462,2.9216270446777344,2.9216270446777344,4807300.0
2025-12-10,2.9216270446777344,2.93123765091148,2.9024058322102437,2.9216270446777344,3792800.0
2025-12-11,2.9120165839631516,2.931237797391164,2.9024059772491455,2.9024059772491455,3896100.0
2025-12-12,2.9312377900684914,2.9504590034484863,2.9120165766884964,2.9504590034484863,8302800.0
2025-12-15,2.931237743985995,2.9408483505249023,2.91201653090818,2.9408483505249023,3533400.0
2025-12-16,2.912016438443989,2.950458863378971,2.9024058322102437,2.9216270446777344,5294700.0
2025-12-17,2.902406023306217,2.9216272370392424,2.902406023306217,2.9120166301727295,3075500.0
2025-12-18,2.9216270446777344,2.9408482571452255,2.9024058322102437,2.9216270446777344,4800700.0
2025-12-19,2.9408483505249023,2.9600695636027172,2.9216271374470875,2.9408483505249023,9534200.0
2025-12-22,2.9792909162848984,2.9792909162848984,2.9408484883279233,2.9696803092956543,6950359.0
2025-12-23,2.9600696563720703,2.9792908700522833,2.9408484426918577,2.9600696563720703,2780500.0
2025-12-24,2.96006970230641,2.9696803092956543,2.9408484883279233,2.9696803092956543,2608300.0
2025-12-26,2.9696801174323317,2.998511936537314,2.9408482983273494,2.979290723800659,4006800.0
2025-12-29,2.988901523274142,2.9985121302633857,2.9696803092956543,2.9696803092956543,3536100.0
2025-12-30,2.988901523274142,2.9985121302633857,2.96006970230641,2.9696803092956543,6399300.0
2025-12-31,2.969680263212177,2.9792908700522833,2.9600696563720703,2.9600696563720703,2063400.0
2026-01-02,2.9600695167617985,2.979290729535452,2.9312376976013184,2.9312376976013184,5294800.0
2026-01-05,2.9312377900684914,2.960069610138484,2.9216271833784937,2.9504590034484863,5130600.0
2026-01-06,2.9408484426918577,2.969680263212177,2.9312378358517512,2.9600696563720703,4796600.0
2026-01-07,2.96006970230641,2.9792909162848984,2.9408484883279233,2.9696803092956543,5612400.0
2026-01-08,2.9696801174323317,2.979290723800659,2.9600695110640043,2.979290723800659,3720000.0
2026-01-09,2.969680163688198,2.998511983242266,2.960069557170175,2.988901376724243,3192600.0
2026-01-12,2.9985119401439873,3.036954594798466,2.9985119401439873,3.027343988418579,4225600.0
2026-01-13,3.056175993149408,3.075397207076422,3.0369547792223948,3.065786600112915,5980000.0
2026-01-14,3.046565340370353,3.0657865540083096,3.0273441267323964,3.056175947189331,4720500.0
2026-01-15,3.0657865540083096,3.085007767646266,3.0273441267323964,3.056175947189331,6682700.0
2026-01-16,3.0753971142863614,3.0850077209598994,3.036954687592209,3.046565294265747,4726900.0
2026-01-19,3.0465652478693404,3.0561758543965176,3.027344034814986,3.036954641342163,2658400.0
2026-01-20,3.0177335652953814,3.065786600112915,3.0177335652953814,3.065786600112915,5498200.0
2026-01-21,3.0657865540083096,3.0753971608272876,3.0369547335513745,3.056175947189331,3917000.0
2026-01-22,3.065786546210536,3.113839580183206,3.0465653326214683,3.104228973388672,7478500.0
2026-01-23,3.113839626312256,3.1330608401860705,3.104229019375349,3.113839626312256,5225700.0
2026-01-26,3.142671475446337,3.2195563316345215,3.142671475446337,3.2195563316345215,11863900.0
2026-01-27,3.238777528859308,3.363715648651123,3.219556314912097,3.363715648651123,17835700.0
2026-01-28,3.363715516448093,3.363715516448093,3.2579988438933816,3.2868306636810303,7202500.0
2026-01-29,3.2868307557977388,3.3060519695281982,3.2579989352020498,3.3060519695281982,8004200.0
2026-01-30,3.30605197777487,3.315662584664073,3.2387775004155097,3.2579989433288574,7843700.0
2026-02-02,3.248388382203246,3.2676095962524414,3.1907245109207145,3.2676095962524414,9279200.0
2026-02-03,3.267609447963407,3.267609447963407,3.190724366120841,3.2387773990631104,8146300.0
2026-02-04,3.2387773498403245,3.344494249841572,3.2387773498403245,3.325273036956787,8392200.0
2026-02-05,3.334883689880371,3.344494296456715,3.30605187015134,3.334883689880371,6783900.0
2026-02-06,3.3252731832586577,3.3348837901238872,3.2868307557977388,3.3060519695281982,5672900.0
2026-02-09,3.3156626224517822,3.334883836449246,3.277220194456854,3.3156626224517822,4058000.0
2026-02-10,3.296441263574996,3.344494296456715,3.2868306569986525,3.334883689880371,3681400.0
2026-02-11,3.344494434703912,3.363715648651123,3.325273220756701,3.363715648651123,4633700.0
2026-02-12,3.363715586950361,3.4886537044504315,3.363715586950361,3.4502110481262207,11519900.0
2026-02-13,3.430989888748837,3.45021110264721,3.3925474609520907,3.411768674850464,6230400.0
2026-02-16,3.4117686287461955,3.421379235565511,3.373326201468933,3.40215802192688,2074500.0
2026-02-19,3.459821561895775,3.459821561895775,3.4021579226623304,3.4309897422790527,5047600.0
2026-02-20,3.430989788534163,3.4406003952026367,3.373326148523322,3.4406003952026367,14109700.0
2026-02-23,3.4598216158242567,3.4598216158242567,3.3637155489371695,3.392547369003296,5293700.0
2026-02-24,3.392547452571682,3.4598217010498047,3.37332623872079,3.4598217010498047,6802800.0
2026-02-25,3.4598217010498047,3.5270961786628705,3.4502110941243584,3.4598217010498047,9138900.0
2026-02-26,3.459821718387177,3.479042932334388,3.344494434703912,3.363715648651123,6744900.0
2026-02-27,3.3541048964076325,3.42137914230915,3.267609437391395,3.382936716079712,13299900.0
2026-03-02,3.3444943810109864,3.507874926074292,3.3444943810109864,3.40215802192688,13234746.0
2026-03-03,3.430989897466361,3.450211111413572,3.344494434703912,3.363715648651123,11008100.0
2026-03-04,3.3252730874941303,3.3348836940825843,3.181113759532387,3.2387773990631104,15735900.0
2026-03-05,3.2772200570851475,3.3156624834686785,3.219556188374914,3.2868306636810303,10165700.0
2026-03-06,3.2676095341500453,3.3733262094114265,3.238777484489273,3.354104995727539,8562600.0
2026-03-09,3.2676094820500827,3.430989795758131,3.2483882686726653,3.392547369003296,20372600.0
2026-03-10,3.4598216036459206,3.5559278993296575,3.4502109969910406,3.5367066860198975,14110400.0
2026-03-11,3.5367068237035895,3.60398107290673,3.527096216674569,3.5655386447906494,10521800.0
2026-03-12,3.54631737676973,3.6039810180664062,3.517485556121392,3.6039810180664062,8590000.0
2026-03-13,3.613591616821098,3.652034044265747,3.565538582515287,3.652034044265747,13869000.0
2026-03-16,3.6520340816317103,3.728919166442603,3.642423474672217,3.709697723388672,10176500.0
2026-03-17,3.728919267654419,3.7673616965358128,3.6808660024177264,3.728919267654419,10717700.0
2026-03-18,3.776972155613192,3.776972155613192,3.680865858044303,3.748140335083008,7180700.0
2026-03-19,3.719308239574611,3.757750895609297,3.6904764193998014,3.738529682159424,9796800.0
2026-03-20,3.6712552579880713,3.6808658648492334,3.546317368792963,3.652034044265747,16154900.0
2026-03-23,3.5655386447906494,3.6328128939937905,3.5367068237035895,3.5655386447906494,9214600.0
2026-03-24,3.507874919545569,3.5367067399498553,3.450211049602057,3.4982643127441406,8348300.0
2026-03-25,3.5559280930502384,3.5559280930502384,3.4694323993092513,3.5270962715148926,6084500.0
2026-03-26,3.517485609645549,3.6135916799357504,3.507875002616529,3.5655386447906494,7046000.0
2026-03-27,3.58475975090441,3.67125521156104,3.5655385374251587,3.642423391342163,9623100.0
2026-03-30,3.565538574703598,3.728919120120348,3.565538574703598,3.700087070465088,11939200.0
2026-03-31,3.719308284145301,3.7673615474807742,3.6616446431046623,3.700087070465088,9323500.0
2026-04-01,3.7096976309816982,3.728919073556832,3.661644597381211,3.690476417541504,8010700.0
2026-04-02,3.709697584416306,3.709697584416306,3.623202125021149,3.68086576461792,5852500.0
2026-04-06,3.6520340816317103,3.728919166442603,3.6520340816317103,3.709697723388672,4802500.0
2026-04-07,3.728919257878002,3.77697229385376,3.709697814352749,3.77697229385376,9288800.0
2026-04-08,3.805803914494954,3.863467554621257,3.78658270111952,3.8346357345581055,14472600.0
2026-04-09,3.844246497558156,3.8538573337716007,3.728919212616186,3.767361640930176,10878200.0
2026-04-10,3.7865828549950487,3.7865828549950487,3.65203412676441,3.719308376312256,11572200.0
2026-04-13,3.700087162155728,3.748140426681994,3.642423519686146,3.719308376312256,6436100.0
2026-04-14,3.748140286997027,3.748140286997027,3.642423383941016,3.690476417541504,9241600.0
2026-04-15,3.700087024261601,3.7096976309816982,3.661644597381211,3.690476417541504,6913100.0
2026-04-16,3.700087070465088,3.719308284145301,3.6808658567848753,3.700087070465088,7127700.0
2026-04-17,3.6712552041013087,3.7096976309816982,3.661644597381211,3.690476417541504,7570300.0
2026-04-20,3.728919075434487,3.767361502334234,3.709697632849675,3.738529682159424,11782800.0
2026-04-21,3.7769722019290857,3.7769722019290857,3.7193083310266606,3.757750988006592,8226100.0
2026-04-22,3.757750895609297,3.757750895609297,3.719308239574611,3.738529682159424,5871500.0
2026-04-23,3.7193083310266606,3.7673615949678383,3.7193083310266606,3.757750988006592,5270400.0
2026-04-24,3.7673616965358128,3.7673616965358128,3.709697824078772,3.728919267654419,5059200.0
2026-04-27,3.728919267654419,3.738529874874767,3.6904766096380746,3.728919267654419,4932300.0
2026-04-28,3.728919267654419,3.7769723037561618,3.6904766096380746,3.728919267654419,9980800.0
2026-04-29,3.738783880057716,3.8275678175472088,3.699324456816481,3.77824330329895,9958800.0
2026-04-30,3.7091891831370662,3.719054038602988,3.383648717564952,3.561216115951538,29661100.0
2026-05-04,3.649999998971079,3.6894594202794098,3.5809460116815015,3.669729709625244,12807500.0
2026-05-05,3.610540575165501,3.7881079709301706,3.5809460092047223,3.7190539836883545,11983200.0
2026-05-06,3.7979729252033394,3.7979729252033394,3.689459513853262,3.699324369430542,8053200.0
2026-05-07,3.7387836969148216,3.748648552241904,3.6598648542981618,3.669729709625244,10232700.0
2026-05-08,3.620405432989832,3.699324275606492,3.620405432989832,3.669729709625244,7239500.0
2026-05-11,3.689459472159624,3.7190540385570223,3.571080971373323,3.610540628433227,6929100.0
2026-05-12,3.640135146230317,3.6697297122325914,3.5908108695598595,3.620405435562134,7010100.0
2026-05-13,3.699324461765323,3.778243308353367,3.6697298942948064,3.72891902923584,8217000.0
2026-05-14,3.7289189323592153,3.7585134990608706,3.689459510090342,3.748648643493652,5611000.0
2026-05-15,3.748648643493652,3.778243210195307,3.69932436565756,3.748648643493652,9029300.0
2026-05-18,3.7091891797813217,3.748648601609307,3.630270336125348,3.659864902496338,4570400.0
2026-05-19,3.689459521688384,3.699324377286614,3.5710810193129237,3.6006758213043213,8405000.0
2026-05-20,3.6697298993356737,3.7486487460321234,3.640135331824504,3.6795947551727295,11473197.0
2026-05-21,3.699324327671145,3.699324327671145,3.531621549553774,3.561216115951538,8736300.0
2026-05-22,3.5809461598312717,3.5809461598312717,3.46256765581206,3.5414865016937256,8155000.0
2026-05-25,3.5513511665562536,3.5710808769662674,3.5020268905312197,3.53162145614624,4008500.0
2026-05-26,3.5316215070371846,3.5316215070371846,3.4527026642599035,3.4724323749542236,8141100.0
2026-05-27,3.4724323749542236,3.4724323749542236,3.4724323749542236,3.4724323749542236,0.0
2026-05-28,3.1271623428725337,3.4231082517583884,3.107432631293258,3.344189405441284,24540200.0
2026-05-29,3.4231082328712272,3.5414865016937256,3.363919098459978,3.5414865016937256,37861800.0
2026-06-02,3.502027093034204,3.502027093034204,3.32445945387962,3.3935136795043945,12992200.0
2026-06-03,3.442837763236302,3.452702618452584,3.3836486319386085,3.4329729080200195,9749100.0
2026-06-04,3.383648818997645,3.4625676650907913,3.3639191074743584,3.442837953567505,5375500.0
2026-06-05,3.413243199623409,3.4428377652899083,3.3639189235125766,3.383648633956909,7446200.0
2026-06-08,3.284999988789807,3.3441893578826,3.2554054218417656,3.304729700088501,9006000.0
2026-06-09,3.2554054681378277,3.3836488285998363,3.2554054681378277,3.344189405441284,8321300.0
2026-06-10,3.3639190600921767,3.462567616319104,3.344189348846791,3.452702760696411,10965400.0
2026-06-11,3.4724324679256715,3.541486457204655,3.4329730454805385,3.5020270347595215,8953100.0
2026-06-12,3.5414863596966812,3.5414863596966812,3.472432372318966,3.521756649017334,6123400.0
2026-06-15,3.5513513128159384,3.580946114846498,3.4921621791482385,3.5020270347595215,10559700.0
2026-06-16,3.5316215976222503,3.551351308822632,3.492162175221487,3.551351308822632,4680400.0
2026-06-17,3.5513512124156565,3.5908108689419356,3.5316215017508688,3.5710809230804443,5474900.0
2026-06-18,3.571081115984515,3.600675918777064,3.5316216925234047,3.580946207046509,7063600.0
2026-06-19,3.600675908476279,3.6795947551727295,3.5809461968021665,3.6795947551727295,15965847.0
2026-06-22,3.6993244225521487,3.6993244225521487,3.6105407210817138,3.6401352882385254,4880400.0
2026-06-23,3.6894596110097857,3.699324466846842,3.630270475987448,3.6795947551727295,6558600.0
2026-06-24,3.6795946621302704,3.699324373305497,3.620405528604593,3.650000095367432,7028800.0
2026-06-25,3.650000047039341,3.6795946134103312,3.640135191582345,3.659864902496338,7032500.0
2026-06-26,3.6500000502964256,3.6500000502964256,3.5612161159075235,3.610540628433227,7713300.0
2026-06-29,3.630270290896225,3.640135146230317,3.5710809236949728,3.620405435562134,5961000.0
2026-06-30,3.620405483943774,3.630270339409695,3.511891838621931,3.561216115951538,8219800.0
2026-07-01,3.5908110629117864,3.5908110629117864,3.521756836658127,3.580946207046509,4890700.0
2026-07-02,3.630270384192206,3.650000095367432,3.600675817429367,3.650000095367432,5425900.0
2026-07-03,3.649999998971079,3.6795945649523265,3.620405432989832,3.669729709625244,2566100.0
2026-07-06,3.6795945649523265,3.6795945649523265,3.620405432989832,3.669729709625244,6065500.0
2026-07-07,3.6795946582759824,3.699324369430542,3.659864947121423,3.699324369430542,4584100.0
2026-07-08,3.728918980669722,3.7486486920597697,3.6795947021946023,3.738783836364746,6701000.0
2026-07-09,3.7486485951824746,3.807837727822978,3.728918884302307,3.7585134506225586,6545400.0
2026-07-10,3.8078377731141817,3.8078377731141817,3.738783784212252,3.7979729175567623,5056700.0
2026-07-13,3.7585133999717217,3.817702531814575,3.7585133999717217,3.817702531814575,7014900.0
2026-07-14,3.738783830906609,3.837432622909546,3.738783830906609,3.837432622909546,6253200.0
2026-07-15,3.7782431585124416,3.867027092599635,3.7782431585124416,3.8571622371673584,7099200.0
2026-07-16,3.876891996706845,3.896621707819107,3.8177026281733504,3.847297430038452,8594600.0
2026-07-17,3.82756762231842,3.8472973329327047,3.7782431105860064,3.817702531814575,5156400.0
2026-07-20,3.837432671586395,3.857162383197907,3.797973013166658,3.82756781578064,4280800.0
2026-07-21,3.8275676708705295,3.896621658896464,3.8275676708705295,3.8571622371673584,6437400.0
2026-07-22,3.8670271411507144,3.8670271411507144,3.797972917061088,3.847297430038452,3840700.0
2026-07-23,3.867027092474112,3.867027092474112,3.788108013821757,3.807837724685669,3771100.0
2026-07-24,3.8078378206709664,3.837432622909546,3.778243253629099,3.837432622909546,4014200.0
2026-07-27,3.8078377731141817,3.847297430540564,3.7782432064419256,3.7979729175567623,6637000.0
2026-07-28,3.768378255278864,3.82756762231842,3.768378255278864,3.817702531814575,3444100.0
2026-07-29,3.8177026281733504,3.847297430038452,3.788108061504957,3.847297430038452,4818900.0
2026-07-30,3.788108057890939,3.8966217041015625,3.788108057890939,3.8966217041015625,6480900.0
2026-07-31,3.827567810878148,3.896621801429991,3.817702719888313,3.87689208984375,6332700.0
2026-08-03,3.886756800381564,3.9064865112304688,3.8571622341082064,3.9064865112304688,6677200.0
2026-08-04,3.926216274487501,3.9459459855997623,3.847297430038452,3.847297430038452,4233200.0
2026-08-05,3.9064864630565737,3.916351318359375,3.867027041845368,3.916351318359375,4241300.0
2026-08-06,3.896621655806016,3.936081077503826,3.867027089532659,3.9064865112304688,4635500.0
2026-08-07,3.916351463981478,3.9262163196510858,3.8472974742942263,3.886756896972656,3534700.0
2026-08-11,3.847297378683754,3.9262162220793737,3.827567667834849,3.9064865112304688,5302800.0
2026-08-12,3.886756896972656,3.936081175320692,3.8670271856334417,3.886756896972656,4052000.0
2026-08-13,3.896621668660963,3.896621668660963,3.640135191582345,3.659864902496338,12527600.0
2026-08-14,3.630270380389584,3.7091892250078216,3.6006758136577446,3.699324369430542,6684397.0
2026-08-17,3.650000001564409,3.679594567566683,3.580946014225768,3.620405435562134,10715000.0
2026-08-18,3.590810961841754,3.669729806542658,3.531621593119367,3.650000095367432,7619000.0
2026-08-19,3.630000114440918,3.680000066757202,3.609999895095825,3.640000104904175,6525700.0
2026-08-20,3.650000095367432,3.700000047683716,3.630000114440918,3.660000085830689,4771000.0
2026-08-21,3.680000066757202,3.7799999713897705,3.680000066757202,3.7100000381469727,11928500.0
2026-08-24,3.75,3.799999952316284,3.7300000190734863,3.759999990463257,5559100.0
2026-08-25,3.7300000190734863,3.759999990463257,3.7100000381469727,3.75,3653400.0
2026-08-26,3.75,3.759999990463257,3.7200000286102295,3.75,4810500.0
2026-08-27,3.680000066757202,3.7799999713897705,3.680000066757202,3.7699999809265137,7253200.0
2026-08-28,3.7899999618530273,3.809999942779541,3.740000009536743,3.809999942779541,4796800.0
2026-08-31,3.809999942779541,3.9200000762939458,3.809999942779541,3.839999914169311,15556900.0
2026-09-01,3.869999885559082,3.869999885559082,3.740000009536743,3.759999990463257,10609500.0
2026-09-02,3.759999990463257,3.859999895095825,3.759999990463257,3.839999914169311,6282400.0
2026-09-03,3.869999885559082,3.869999885559082,3.809999942779541,3.839999914169311,3245400.0
2026-09-04,3.819999933242798,3.839999914169311,3.7799999713897705,3.819999933242798,4705100.0
2026-09-07,3.7899999618530273,3.819999933242798,3.7699999809265137,3.799999952316284,2814200.0
2026-09-08,3.7799999713897705,3.7799999713897705,3.7300000190734863,3.7300000190734863,5762400.0
2026-09-09,3.75,3.759999990463257,3.700000047683716,3.7300000190734863,5460400.0
2026-09-10,3.700000047683716,3.740000009536743,3.690000057220459,3.7100000381469727,3664800.0
2026-09-11,3.7300000190734863,3.7300000190734863,3.680000066757202,3.7100000381469727,3625900.0
2026-09-14,3.7100000381469727,3.7200000286102295,3.6700000762939458,3.7200000286102295,3613000.0
2026-09-15,3.7200000286102295,3.7200000286102295,3.680000066757202,3.700000047683716,3976900.0
2026-09-16,3.7100000381469727,3.75,3.700000047683716,3.7100000381469727,4514600.0
2026-09-17,3.7100000381469727,3.75,3.690000057220459,3.7300000190734863,4570900.0
2026-09-18,3.75,3.75,3.640000104904175,3.680000066757202,10076500.0
2026-09-21,3.700000047683716,3.700000047683716,3.630000114440918,3.650000095367432,3111182.0
2026-09-22,3.619999885559082,3.660000085830689,3.619999885559082,3.650000095367432,3096200.0
2026-09-23,3.640000104904175,3.6700000762939458,3.5999999046325684,3.6700000762939458,7290800.0
2026-09-24,3.640000104904175,3.6700000762939458,3.609999895095825,3.650000095367432,4344700.0
2026-09-25,3.650000095367432,3.690000057220459,3.609999895095825,3.680000066757202,4662700.0
2026-09-28,3.690000057220459,3.690000057220459,3.609999895095825,3.609999895095825,3567200.0
2026-09-29,3.6700000762939458,3.6700000762939458,3.569999933242798,3.5799999237060547,5159300.0
2026-09-30,3.5899999141693115,3.630000114440918,3.549999952316284,3.609999895095825,8212000.0
2026-10-01,3.5799999237060547,3.5999999046325684,3.490000009536743,3.509999990463257,7032200.0
2026-10-02,3.4700000286102295,3.5199999809265137,3.430000066757202,3.4700000286102295,7788500.0
