date,open,high,low,close,volume
2016-10-03,2.9583992958068848,2.9583992958068848,2.9583992958068848,2.9583992958068848,0.0
2016-10-04,2.9583992958068848,2.9583992958068848,2.9583992958068848,2.9583992958068848,0.0
2016-10-05,2.9331137702778465,2.9331137702778465,2.882542891709458,2.9078283309936523,5600.0
2016-10-06,2.9078282805614344,2.92468523979187,2.9078282805614344,2.92468523979187,7500.0
2016-10-07,2.92468523979187,2.92468523979187,2.92468523979187,2.92468523979187,0.0
2016-10-10,2.92468523979187,2.92468523979187,2.92468523979187,2.92468523979187,0.0
2016-10-11,2.9246851006335985,2.9246851006335985,2.8909711837768555,2.8909711837768555,5000.0
2016-10-12,2.8909711837768555,2.8909711837768555,2.8909711837768555,2.8909711837768555,0.0
2016-10-13,2.899399995803833,2.907828475985497,2.899399995803833,2.899399995803833,16400.0
2016-10-14,2.9078282805614344,2.92468523979187,2.8993998009462163,2.92468523979187,5700.0
2016-10-17,2.92468523979187,2.92468523979187,2.92468523979187,2.92468523979187,0.0
2016-10-18,2.9246853937506323,2.9246853937506323,2.865686033338314,2.874114513397217,13900.0
2016-10-19,2.9078283309936523,2.9078283309936523,2.9078283309936523,2.9078283309936523,10000.0
2016-10-20,2.9078283309936523,2.9078283309936523,2.9078283309936523,2.9078283309936523,300.0
2016-10-21,2.9078283309936523,2.9078283309936523,2.9078283309936523,2.9078283309936523,10000.0
2016-10-24,2.907828475985497,2.907828475985497,2.899399995803833,2.899399995803833,15000.0
2016-10-25,2.899399995803833,2.899399995803833,2.899399995803833,2.899399995803833,0.0
2016-10-26,2.8656859397888184,2.8656859397888184,2.8656859397888184,2.8656859397888184,16000.0
2016-10-27,2.8656859397888184,2.8656859397888184,2.8656859397888184,2.8656859397888184,0.0
2016-10-28,2.8656859397888184,2.8656859397888184,2.8656859397888184,2.8656859397888184,0.0
2016-10-31,2.8656859397888184,2.8656859397888184,2.8656859397888184,2.8656859397888184,0.0
2016-11-01,2.8656859397888184,2.8656859397888184,2.8656859397888184,2.8656859397888184,0.0
2016-11-02,2.8656859397888184,2.8656859397888184,2.8656859397888184,2.8656859397888184,0.0
2016-11-03,2.8656859397888184,2.8656859397888184,2.8656859397888184,2.8656859397888184,800.0
2016-11-04,2.8656859397888184,2.8656859397888184,2.8656859397888184,2.8656859397888184,0.0
2016-11-07,2.865686126340737,2.8825430870056152,2.8572576460082986,2.8825430870056152,15900.0
2016-11-08,2.8825430870056152,2.8825430870056152,2.8825430870056152,2.8825430870056152,0.0
2016-11-09,2.8656859397888184,2.8656859397888184,2.8656859397888184,2.8656859397888184,1400.0
2016-11-10,2.874114606673176,2.890971567338054,2.8572576460082986,2.8825430870056152,22000.0
2016-11-11,2.899399662991041,2.907828142205227,2.865685746134298,2.8909711837768555,6300.0
2016-11-14,2.8993998512322543,2.9078283309936523,2.8993998512322543,2.9078283309936523,15400.0
2016-11-15,2.9078283309936523,2.9078283309936523,2.9078283309936523,2.9078283309936523,0.0
2016-11-16,2.933113669119375,2.941542148590088,2.933113669119375,2.941542148590088,45400.0
2016-11-17,2.933113669119375,2.941542148590088,2.86568583335367,2.941542148590088,6000.0
2016-11-18,2.941542377579291,2.983684778213501,2.941542377579291,2.983684778213501,10400.0
2016-11-21,3.0005416870117188,3.0005416870117188,3.0005416870117188,3.0005416870117188,400.0
2016-11-22,2.9078283309936523,2.9078283309936523,2.9078283309936523,2.9078283309936523,400.0
2016-11-23,3.051112528261136,3.2028253669718807,3.051112528261136,3.1438260078430176,45800.0
2016-11-24,3.202825257469511,3.228110696231675,3.185968298294735,3.219682216644287,72200.0
2016-11-25,3.2028254435527628,3.236539363861084,3.2028254435527628,3.236539363861084,87300.0
2016-11-28,3.236539075587983,3.2533960342407227,3.236539075587983,3.2533960342407227,29500.0
2016-11-29,3.2449679374694824,3.253396417789501,3.236539457149464,3.2449679374694824,45300.0
2016-11-30,3.2449675549143526,3.261824513567092,3.2449675549143526,3.2533960342407227,28300.0
2016-12-01,3.2533960342407227,3.2533960342407227,3.2196821169352434,3.2533960342407227,47500.0
2016-12-02,3.253396229751306,3.253396229751306,3.2281107902526855,3.2281107902526855,3100.0
2016-12-05,3.236539363861084,3.236539363861084,3.236539363861084,3.236539363861084,31000.0
2016-12-06,3.2028250694274902,3.219682027612572,3.2028250694274902,3.2028250694274902,48400.0
2016-12-07,3.2028250694274902,3.2028250694274902,3.2028250694274902,3.2028250694274902,0.0
2016-12-08,3.2112535485200313,3.2112535485200313,3.194396590334949,3.2028250694274902,13400.0
2016-12-09,3.1859683558602683,3.1859683558602683,3.1606829166412354,3.1606829166412354,1100.0
2016-12-12,3.1606829166412354,3.1606829166412354,3.1606829166412354,3.1606829166412354,26100.0
2016-12-13,3.185968501729326,3.320824384689331,3.185968501729326,3.320824384689331,1700.0
2016-12-14,3.320824384689331,3.320824384689331,3.320824384689331,3.320824384689331,0.0
2016-12-15,3.253396134993839,3.261824614581227,3.219682216644287,3.219682216644287,1400.0
2016-12-16,3.228110460857887,3.228110460857887,3.177539587020874,3.177539587020874,2400.0
2016-12-19,3.211253456572726,3.211253456572726,3.1269686680606283,3.152254104614258,35000.0
2016-12-20,3.177539587020874,3.177539587020874,3.177539587020874,3.177539587020874,400.0
2016-12-21,3.1522543934817833,3.1522543934817833,3.135397434234619,3.135397434234619,28600.0
2016-12-22,3.135397434234619,3.135397434234619,3.135397434234619,3.135397434234619,0.0
2016-12-23,3.2112535572889445,3.2112535572889445,3.1185402870178223,3.1185402870178223,16200.0
2016-12-27,3.19439697265625,3.19439697265625,3.19439697265625,3.19439697265625,400.0
2016-12-28,3.2112536376088734,3.2533960342407227,3.143825802997915,3.2533960342407227,2700.0
2016-12-29,3.2533960342407227,3.2533960342407227,3.2533960342407227,3.2533960342407227,0.0
2016-12-30,3.2196823614208516,3.2196823614208516,3.211253881454468,3.211253881454468,15000.0
2017-01-03,3.211253881454468,3.211253881454468,3.211253881454468,3.211253881454468,0.0
2017-01-04,3.211253881454468,3.211253881454468,3.211253881454468,3.211253881454468,0.0
2017-01-05,3.228110506705113,3.228110506705113,3.2028250694274902,3.2028250694274902,255900.0
2017-01-06,3.2028250694274902,3.2028250694274902,3.2028250694274902,3.2028250694274902,0.0
2017-01-09,3.2028250694274902,3.2028250694274902,3.2028250694274902,3.2028250694274902,0.0
2017-01-10,3.2028250694274902,3.2028250694274902,3.2028250694274902,3.2028250694274902,0.0
2017-01-11,3.169111202182884,3.1859681606292725,3.1606827229596903,3.1859681606292725,4300.0
2017-01-12,3.1859681606292725,3.1859681606292725,3.1859681606292725,3.1859681606292725,0.0
2017-01-13,3.1859681606292725,3.1859681606292725,3.1859681606292725,3.1859681606292725,0.0
2017-01-16,3.1859681606292725,3.1859681606292725,3.1859681606292725,3.1859681606292725,0.0
2017-01-17,3.1522542034800485,3.1522542034800485,3.1185402870178223,3.1185402870178223,5000.0
2017-01-18,3.1185402870178223,3.1185402870178223,3.1185402870178223,3.1185402870178223,0.0
2017-01-19,3.143825724364492,3.143825724364492,3.1185402870178223,3.1185402870178223,10700.0
2017-01-20,3.1185402870178223,3.1185402870178223,3.1185402870178223,3.1185402870178223,25000.0
2017-01-23,3.1269689108392007,3.1269689108392007,3.110111951828003,3.110111951828003,20300.0
2017-01-24,3.1185403812559667,3.1269688606262207,3.1185403812559667,3.1269688606262207,30000.0
2017-01-25,3.1185403812559667,3.1269688606262207,3.1185403812559667,3.1269688606262207,67100.0
2017-01-26,3.1185403812559667,3.1269688606262207,3.1185403812559667,3.1269688606262207,27900.0
2017-01-27,3.1269687661333787,3.1269687661333787,3.1185402870178223,3.1185402870178223,12300.0
2017-01-31,3.1185407223245445,3.1185407223245445,3.076398320864244,3.0932552814483643,33700.0
2017-02-01,3.0679694662785524,3.0679694662785524,3.0342553482726284,3.0595409870147705,65800.0
2017-02-02,3.084826801156304,3.0932552814483643,3.076398320864244,3.0932552814483643,7600.0
2017-02-03,3.101683188471338,3.101683188471338,3.0763977522685426,3.0848262310028076,14000.0
2017-02-06,3.0679694123244827,3.1185402870178223,3.0679694123244827,3.1185402870178223,35300.0
2017-02-07,3.1185403812559667,3.1269688606262207,3.1185403812559667,3.1269688606262207,21300.0
2017-02-08,3.1185402870178223,3.1185402870178223,3.1185402870178223,3.1185402870178223,100.0
2017-02-09,3.110111951828003,3.110111951828003,3.1016834723224043,3.110111951828003,5700.0
2017-02-10,3.1016834723224043,3.110111951828003,3.1016834723224043,3.110111951828003,14000.0
2017-02-13,3.1101119018857126,3.1269688606262207,3.1101119018857126,3.1269688606262207,30300.0
2017-02-14,3.1606829166412354,3.1606829166412354,3.1606829166412354,3.1606829166412354,16100.0
2017-02-15,3.185968483398602,3.236539363861084,3.185968483398602,3.236539363861084,13400.0
2017-02-16,3.236539363861084,3.236539363861084,3.236539363861084,3.236539363861084,10000.0
2017-02-17,3.2871105670928955,3.303967527871766,3.2871105670928955,3.2871105670928955,70000.0
2017-02-20,3.26182459504132,3.278681755065918,3.26182459504132,3.278681755065918,2400.0
2017-02-21,3.236539234298334,3.236539234298334,3.1606829166412354,3.1606829166412354,10300.0
2017-02-22,3.1606825834654675,3.169111062316677,3.1269686680606283,3.152254104614258,5300.0
2017-02-23,3.177539632149867,3.2028250694274902,3.169111153057326,3.2028250694274902,18100.0
2017-02-24,3.1859681606292725,3.1859681606292725,3.169111202182884,3.1859681606292725,14100.0
2017-02-27,3.1606832480447933,3.169111728668213,3.1353978061745345,3.169111728668213,6300.0
2017-02-28,3.1606828731053653,3.1606828731053653,3.135397434234619,3.135397434234619,6600.0
2017-03-01,3.169111202182884,3.2028251190756603,3.169111202182884,3.1859681606292725,85900.0
2017-03-02,3.2028255358693896,3.2449679374694824,3.1859685752293525,3.2449679374694824,54300.0
2017-03-03,3.228110506705113,3.228110506705113,3.2028250694274902,3.2028250694274902,33900.0
2017-03-06,3.244967763063734,3.4388230009559373,3.244967763063734,3.3545382022857666,286800.0
2017-03-07,3.3545384667198137,3.5146797977676885,3.3545384667198137,3.396681070327759,108100.0
2017-03-08,3.396680991460556,3.396680991460556,3.3545383888311164,3.3713953495025635,42000.0
2017-03-09,3.362966890597812,3.3713953709872473,3.2871105670928955,3.2871105670928955,26000.0
2017-03-10,3.3376813868645043,3.371395307790276,3.3208244264016185,3.3461098670959473,62600.0
2017-03-13,3.3461097224187495,3.371395162019801,3.3461097224187495,3.3545382022857666,54500.0
2017-03-14,3.362967014312744,3.3798241766625696,3.3545385336132467,3.362967014312744,49900.0
2017-03-15,3.36296686916684,3.3713953495025635,3.36296686916684,3.3713953495025635,51500.0
2017-03-16,3.362966762025746,3.3882522022273456,3.362966762025746,3.379823923110962,31600.0
2017-03-17,3.3713953495025635,3.3882523101740105,3.3713953495025635,3.3713953495025635,20500.0
2017-03-20,3.3713953495025635,3.3713953495025635,3.3713953495025635,3.3713953495025635,12000.0
2017-03-21,3.3713953495025635,3.3713953495025635,3.3713953495025635,3.3713953495025635,30000.0
2017-03-22,3.3629666821527837,3.3629666821527837,3.3545382022857666,3.3545382022857666,16000.0
2017-03-23,3.3713953495025635,3.3713953495025635,3.3713953495025635,3.3713953495025635,10000.0
2017-03-24,3.3461099190222083,3.3461099190222083,3.3292529582977295,3.3292529582977295,1800.0
2017-03-27,3.3461098670959473,3.35453834732739,3.3376813868645043,3.3461098670959473,41200.0
2017-03-28,3.3545382022857666,3.3545382022857666,3.3461097224187495,3.3545382022857666,21600.0
2017-03-29,3.3545382022857666,3.3545382022857666,3.3545382022857666,3.3545382022857666,6000.0
2017-03-30,3.3545382022857666,3.3545382022857666,3.3545382022857666,3.3545382022857666,400.0
2017-03-31,3.3376814386599687,3.3545383993844475,3.3292529582977295,3.3292529582977295,39800.0
2017-04-03,3.3461098670959473,3.35453834732739,3.3376813868645043,3.3461098670959473,44300.0
2017-04-04,3.3629669472512376,3.396681070327759,3.3629669472512376,3.396681070327759,23600.0
2017-04-05,3.396681070327759,3.396681070327759,3.396681070327759,3.396681070327759,0.0
2017-04-06,3.3545382022857666,3.3545382022857666,3.3545382022857666,3.3545382022857666,300.0
2017-04-07,3.3545382022857666,3.3545382022857666,3.3545382022857666,3.3545382022857666,0.0
2017-04-10,3.3545385336132467,3.362967014312744,3.3545385336132467,3.362967014312744,9500.0
2017-04-11,3.362967014312744,3.362967014312744,3.362967014312744,3.362967014312744,7300.0
2017-04-12,3.3713953495025635,3.3713953495025635,3.3545383888311164,3.3713953495025635,30600.0
2017-04-13,3.3713953495025635,3.3713953495025635,3.3713953495025635,3.3713953495025635,0.0
2017-04-17,3.3292529582977295,3.3292529582977295,3.3292529582977295,3.3292529582977295,1000.0
2017-04-18,3.3292529582977295,3.3292529582977295,3.32082447793549,3.3292529582977295,7000.0
2017-04-19,3.3292529582977295,3.3461099190222083,3.32082447793549,3.3292529582977295,23900.0
2017-04-20,3.346109908495393,3.3713953495025635,3.346109908495393,3.3713953495025635,600.0
2017-04-21,3.36296686916684,3.3713953495025635,3.3376814281596694,3.3713953495025635,14600.0
2017-04-24,3.3461098572673524,3.3882522583007812,3.3376813770606666,3.3882522583007812,9100.0
2017-04-25,3.3461100529137493,3.362967014312744,3.3461100529137493,3.362967014312744,3400.0
2017-04-26,3.362967014312744,3.362967014312744,3.362967014312744,3.362967014312744,26000.0
2017-04-27,3.346109908495393,3.3713953495025635,3.346109908495393,3.3713953495025635,5000.0
2017-04-28,3.3713953495025635,3.3713953495025635,3.3713953495025635,3.3713953495025635,16900.0
2017-05-02,3.3713953495025635,3.3713953495025635,3.3713953495025635,3.3713953495025635,300.0
2017-05-03,3.3713954828412978,3.405109405517578,3.3713954828412978,3.405109405517578,27000.0
2017-05-04,3.438823082630544,3.438823082630544,3.379823923110962,3.379823923110962,2400.0
2017-05-05,3.3713953495025635,3.3713953495025635,3.3713953495025635,3.3713953495025635,14000.0
2017-05-08,3.414397716522217,3.414397716522217,3.414397716522217,3.414397716522217,200.0
2017-05-09,3.414397716522217,3.414397716522217,3.414397716522217,3.414397716522217,0.0
2017-05-11,3.414397716522217,3.414397716522217,3.414397716522217,3.414397716522217,0.0
2017-05-12,3.345593782434014,3.4229981899261475,3.345593782434014,3.4229981899261475,2082700.0
2017-05-15,3.4315989017486572,3.440199392026649,3.422998411470665,3.4315989017486572,100500.0
2017-05-16,3.4315989017486572,3.4315989017486572,3.4315989017486572,3.4315989017486572,10000.0
2017-05-17,3.440199136734009,3.440199136734009,3.4229981574544865,3.440199136734009,13300.0
2017-05-18,3.414397716522217,3.414397716522217,3.414397716522217,3.414397716522217,200.0
2017-05-19,3.3971967697143555,3.414397749404911,3.3971967697143555,3.3971967697143555,7200.0
2017-05-22,3.3971967697143555,3.3971967697143555,3.3971967697143555,3.3971967697143555,0.0
2017-05-23,3.414397716522217,3.440199185809566,3.414397716522217,3.414397716522217,39400.0
2017-05-24,3.4229982392501888,3.4229982392501888,3.3971967697143555,3.3971967697143555,3800.0
2017-05-25,3.3971967697143555,3.3971967697143555,3.3971967697143555,3.3971967697143555,0.0
2017-05-26,3.397196736997317,3.414397716522217,3.397196736997317,3.414397716522217,5400.0
2017-05-29,3.440199185809566,3.440199185809566,3.414397716522217,3.414397716522217,7700.0
2017-05-30,3.405797226759767,3.414397716522217,3.405797226759767,3.414397716522217,3000.0
2017-05-31,3.414397749404911,3.414397749404911,3.3971967697143555,3.3971967697143555,7100.0
2017-06-01,3.414397716522217,3.414397716522217,3.414397716522217,3.414397716522217,34000.0
2017-06-02,3.414397716522217,3.414397716522217,3.414397716522217,3.414397716522217,0.0
2017-06-05,3.3885963128354426,3.414397782622289,3.379995822906494,3.379995822906494,3200.0
2017-06-06,3.379995741319407,3.4229981899261475,3.3541942721553624,3.4229981899261475,3900.0
2017-06-07,3.3971967697143555,3.3971967697143555,3.3971967697143555,3.3971967697143555,2100.0
2017-06-08,3.3971967697143555,3.3971967697143555,3.3971967697143555,3.3971967697143555,0.0
2017-06-09,3.250988253066459,3.388596296310425,3.250988253066459,3.388596296310425,7200.0
2017-06-12,3.397196736997317,3.414397716522217,3.397196736997317,3.414397716522217,45000.0
2017-06-13,3.397196786197432,3.397196786197432,3.388596296310425,3.388596296310425,23000.0
2017-06-14,3.3971969911310396,3.4057974815368652,3.3971969911310396,3.4057974815368652,6000.0
2017-06-15,3.4057974815368652,3.4057974815368652,3.4057974815368652,3.4057974815368652,0.0
2017-06-16,3.3713953495025635,3.3713953495025635,3.3627948595314594,3.3713953495025635,5400.0
2017-06-19,3.3713953495025635,3.3713953495025635,3.3713953495025635,3.3713953495025635,0.0
2017-06-20,3.414397749404911,3.414397749404911,3.3971967697143555,3.3971967697143555,5300.0
2017-06-21,3.3971967697143555,3.3971967697143555,3.3971967697143555,3.3971967697143555,4000.0
2017-06-22,3.3971968027643915,3.4229982725512373,3.379995822906494,3.379995822906494,6400.0
2017-06-23,3.379995822906494,3.379995822906494,3.379995822906494,3.379995822906494,1000.0
2017-06-27,3.379995822906494,3.379995822906494,3.379995822906494,3.379995822906494,0.0
2017-06-28,3.379995822906494,3.379995822906494,3.379995822906494,3.379995822906494,0.0
2017-06-29,3.379995822906494,3.379995822906494,3.379995822906494,3.379995822906494,0.0
2017-06-30,3.379995822906494,3.379995822906494,3.379995822906494,3.379995822906494,0.0
2017-07-03,3.379995839473668,3.379995839473668,3.259588774826353,3.3713953495025635,12400.0
2017-07-04,3.3713952515980585,3.4229981899261475,3.3713952515980585,3.4229981899261475,5600.0
2017-07-05,3.4057972104834513,3.4229981899261475,3.3885962310407547,3.4229981899261475,4700.0
2017-07-06,3.405797276084439,3.405797276084439,3.388596296310425,3.388596296310425,4300.0
2017-07-07,3.388596296310425,3.388596296310425,3.3627948266494037,3.388596296310425,8000.0
2017-07-10,3.3885966037828537,3.3885966037828537,3.3541946411132812,3.3541946411132812,22000.0
2017-07-11,3.3541946411132812,3.3541946411132812,3.345594150445888,3.3541946411132812,11600.0
2017-07-12,3.3541946411132812,3.3541946411132812,3.3541946411132812,3.3541946411132812,3000.0
2017-07-13,3.3541946411132812,3.3541946411132812,3.3541946411132812,3.3541946411132812,14500.0
2017-07-14,3.3713952515980585,3.4229981899261475,3.3713952515980585,3.4229981899261475,700.0
2017-07-17,3.422998411470665,3.4315989017486572,3.422998411470665,3.4315989017486572,6900.0
2017-07-18,3.414397716522217,3.414397716522217,3.414397716522217,3.414397716522217,400.0
2017-07-19,3.414397716522217,3.414397716522217,3.414397716522217,3.414397716522217,0.0
2017-07-20,3.388596329444772,3.388596329444772,3.3713953495025635,3.3713953495025635,2400.0
2017-07-21,3.388596329444772,3.388596329444772,3.3713953495025635,3.3713953495025635,2800.0
2017-07-24,3.3541943367623968,3.388596296310425,3.3541943367623968,3.388596296310425,16200.0
2017-07-25,3.3713953495025635,3.3713953495025635,3.3713953495025635,3.3713953495025635,2000.0
2017-07-26,3.3713956224480675,3.3713956224480675,3.3541946411132812,3.3541946411132812,2300.0
2017-07-27,3.3713956224480675,3.4057975851176403,3.345594150445888,3.3541946411132812,9100.0
2017-07-28,3.3541946411132812,3.3541946411132812,3.3541946411132812,3.3541946411132812,1000.0
2017-07-31,3.3541942721553624,3.4229981899261475,3.3541942721553624,3.4229981899261475,2800.0
2017-08-01,3.414397700204799,3.4229981899261475,3.414397700204799,3.4229981899261475,5900.0
2017-08-02,3.414397716522217,3.422998206284667,3.414397716522217,3.414397716522217,15800.0
2017-08-03,3.4229981899261475,3.4315986796474953,3.4229981899261475,3.4229981899261475,27200.0
2017-08-04,3.4057972595596335,3.4057972595596335,3.3971967697143555,3.3971967697143555,28700.0
2017-08-07,3.3971967697143555,3.3971967697143555,3.3971967697143555,3.3971967697143555,3000.0
2017-08-08,3.3799961131154608,3.3799961131154608,3.3541946411132812,3.3541946411132812,11000.0
2017-08-10,3.3541944194129836,3.3541944194129836,3.328392744064331,3.328392744064331,13400.0
2017-08-11,3.3283925542593993,3.3455937385282057,3.30259108543396,3.30259108543396,8700.0
2017-08-14,3.311191780409282,3.336993455886841,3.311191780409282,3.336993455886841,9000.0
2017-08-15,3.3541944194129836,3.3541944194129836,3.328392744064331,3.328392744064331,4400.0
2017-08-16,3.328392744064331,3.328392744064331,3.328392744064331,3.328392744064331,0.0
2017-08-17,3.32839296405923,3.3541946411132812,3.233787566717905,3.3541946411132812,9100.0
2017-08-18,3.354194180358163,3.354194180358163,3.3455936908721924,3.3455936908721924,8200.0
2017-08-21,3.3541946411132812,3.3541946411132812,3.3541946411132812,3.3541946411132812,10000.0
2017-08-22,3.3541946411132812,3.3541946411132812,3.3541946411132812,3.3541946411132812,7800.0
2017-08-23,3.3541946411132812,3.3541946411132812,3.3541946411132812,3.3541946411132812,100.0
2017-08-24,3.354194180358163,3.354194180358163,3.3455936908721924,3.3455936908721924,1100.0
2017-08-25,3.3541946411132812,3.3541946411132812,3.3541946411132812,3.3541946411132812,1400.0
2017-08-28,3.3541946411132812,3.3541946411132812,3.3541946411132812,3.3541946411132812,0.0
2017-08-29,3.3455936908721924,3.3455936908721924,3.3455936908721924,3.3455936908721924,2200.0
2017-08-30,3.35419419539174,3.35419419539174,3.3197920322418213,3.3197920322418213,2100.0
2017-08-31,3.336993659778495,3.3541946411132812,3.336993659778495,3.3541946411132812,23500.0
2017-09-04,3.3455939460287407,3.3455939460287407,3.336993455886841,3.336993455886841,2000.0
2017-09-05,3.328392744064331,3.328392744064331,3.328392744064331,3.328392744064331,700.0
2017-09-06,3.328392744064331,3.328392744064331,3.328392744064331,3.328392744064331,5000.0
2017-09-07,3.328392744064331,3.328392744064331,3.328392744064331,3.328392744064331,5000.0
2017-09-08,3.328392744064331,3.328392744064331,3.328392744064331,3.328392744064331,0.0
2017-09-11,3.3283922126713152,3.345593395174789,3.2165858592356016,3.225186347961426,14400.0
2017-09-12,3.242387279568996,3.2595882567774397,3.242387279568996,3.2509877681732178,5700.0
2017-09-13,3.26818876070291,3.302590715281074,3.242387294769287,3.242387294769287,9500.0
2017-09-14,3.259588272058369,3.259588272058369,3.242387294769287,3.242387294769287,200.0
2017-09-15,3.2595884642480213,3.268188953399658,3.2337869967931097,3.268188953399658,11900.0
2017-09-18,3.268188953399658,3.268188953399658,3.268188953399658,3.268188953399658,0.0
2017-09-19,3.26818876070291,3.26818876070291,3.2251863174802056,3.242387294769287,5600.0
2017-09-20,3.242387294769287,3.242387294769287,3.242387294769287,3.242387294769287,0.0
2017-09-21,3.2595884799957275,3.2595884799957275,3.2595884799957275,3.2595884799957275,200.0
2017-09-22,3.2595884799957275,3.2595884799957275,3.2595884799957275,3.2595884799957275,0.0
2017-09-25,3.276789665222168,3.276789665222168,3.276789665222168,3.276789665222168,3200.0
2017-09-26,3.276789665222168,3.276789665222168,3.276789665222168,3.276789665222168,0.0
2017-09-27,3.2939908001254827,3.336993455886841,3.2939908001254827,3.336993455886841,12600.0
2017-09-28,3.328392744064331,3.3541944194129836,3.328392744064331,3.328392744064331,17400.0
2017-09-29,3.328392744064331,3.328392744064331,3.328392744064331,3.328392744064331,0.0
2017-10-02,3.259588768062286,3.259588768062286,3.233787298202514,3.233787298202514,8000.0
2017-10-03,3.250988196013944,3.3197921139025413,3.233787216541795,3.276789665222168,7000.0
2017-10-04,3.2939908168851524,3.328392777627787,3.2939908168851524,3.3111917972564697,3000.0
2017-10-05,3.3111917972564697,3.3111917972564697,3.3111917972564697,3.3111917972564697,59700.0
2017-10-06,3.3111917972564697,3.3111917972564697,3.302591307070811,3.3111917972564697,113600.0
2017-10-09,3.3111915278764648,3.3455936908721924,3.293990548904523,3.3455936908721924,44800.0
2017-10-10,3.345594150445888,3.362795131780674,3.336993659778495,3.3541946411132812,14800.0
2017-10-11,3.3713953329775452,3.379995822906494,3.328392678280948,3.379995822906494,26700.0
2017-10-12,3.379996010319388,3.4057974815368652,3.379996010319388,3.4057974815368652,35100.0
2017-10-13,3.39719659375954,3.4918019771575928,3.39719659375954,3.4918019771575928,65700.0
2017-10-16,3.4832016610530587,3.526203902608278,3.4832016610530587,3.509002923965454,86300.0
2017-10-17,3.5090029239654545,3.5090029239654545,3.5090029239654545,3.509002923965454,0.0
2017-10-19,3.457400116013531,3.5176037485437064,3.440199136734009,3.440199136734009,6900.0
2017-10-20,3.440199269271398,3.440199269271398,3.3713953495025635,3.3713953495025635,5500.0
2017-10-23,3.3885962310407547,3.4229981899261475,3.3197921082181203,3.4229981899261475,25000.0
2017-10-24,3.336993659778495,3.414398075785033,3.32839296405923,3.3541946411132812,41800.0
2017-10-25,3.3541946411132812,3.3541946411132812,3.3541946411132812,3.3541946411132812,0.0
2017-10-26,3.466000927247835,3.466000927247835,3.379995822906494,3.379995822906494,400.0
2017-10-27,3.483201742172241,3.483201742172241,3.483201742172241,3.483201742172241,1000.0
2017-10-30,3.440199136734009,3.440199136734009,3.440199136734009,3.440199136734009,1000.0
2017-10-31,3.440199136734009,3.440199136734009,3.440199136734009,3.440199136734009,0.0
2017-11-01,3.345593830642689,3.3971967697143555,3.345593830642689,3.3971967697143555,4000.0
2017-11-02,3.3971967697143555,3.3971967697143555,3.3971967697143555,3.3971967697143555,0.0
2017-11-03,3.3971967697143555,3.3971967697143555,3.3971967697143555,3.3971967697143555,0.0
2017-11-06,3.3971967697143555,3.3971967697143555,3.3971967697143555,3.3971967697143555,0.0
2017-11-07,3.362795131780674,3.3713956224480675,3.3541946411132812,3.3541946411132812,42000.0
2017-11-08,3.4574001986313,3.4832018732189858,3.388596279869078,3.3971967697143555,52000.0
2017-11-09,3.3971968194158766,3.3971968194158766,3.3627948595314594,3.3713953495025635,33000.0
2017-11-10,3.3713953495025635,3.3713953495025635,3.3713953495025635,3.3713953495025635,0.0
2017-11-13,3.3627946376800537,3.3627946376800537,3.354194148276344,3.3627946376800537,6400.0
2017-11-14,3.3713953495025635,3.3713953495025635,3.3713953495025635,3.3713953495025635,7100.0
2017-11-15,3.3541946411132812,3.4057975851176403,3.3111919827244436,3.3541946411132812,48800.0
2017-11-16,3.3971969911310396,3.4057974815368652,3.3971969911310396,3.4057974815368652,5700.0
2017-11-17,3.414397971942691,3.414397971942691,3.4057974815368652,3.4057974815368652,5200.0
2017-11-20,3.3713956224480675,3.3713956224480675,3.3541946411132812,3.3541946411132812,16000.0
2017-11-21,3.36279492631254,3.3713954164544395,3.336993455886841,3.336993455886841,144100.0
2017-11-22,3.3541940499678655,3.3541940499678655,3.268188953399658,3.268188953399658,35800.0
2017-11-23,3.3369930716645912,3.3369930716645912,3.2595884642480213,3.268188953399658,62000.0
2017-11-24,3.30259108543396,3.30259108543396,3.2681891270000403,3.30259108543396,11000.0
2017-11-27,3.2939904367684787,3.2939904367684787,3.2595884799957275,3.2595884799957275,5400.0
2017-11-28,3.2595884799957275,3.2681889691889157,3.2595884799957275,3.2595884799957275,30200.0
2017-11-29,3.2595884642480213,3.268188953399658,3.2595884642480213,3.268188953399658,30500.0
2017-11-30,3.268188953399658,3.2767894425512956,3.268188953399658,3.268188953399658,16600.0
2017-12-01,3.268188953399658,3.268188953399658,3.268188953399658,3.268188953399658,52000.0
2017-12-04,3.2595882567774397,3.2595882567774397,3.2509877681732178,3.2509877681732178,5000.0
2017-12-05,3.2595882567774397,3.2595882567774397,3.233786790964774,3.2509877681732178,13500.0
2017-12-06,3.2509877681732178,3.2595882567774397,3.1993848365478863,3.2509877681732178,50400.0
2017-12-07,3.2509877681732178,3.2509877681732178,3.2509877681732178,3.2509877681732178,0.0
2017-12-08,3.225186302360552,3.2509877681732178,3.225186302360552,3.2509877681732178,5200.0
2017-12-11,3.259588856142518,3.3197922874421284,3.259588856142518,3.3111917972564697,125000.0
2017-12-12,3.2595884799957275,3.2595884799957275,3.2595884799957275,3.2595884799957275,12600.0
2017-12-13,3.242387279568996,3.2509877681732178,3.233786790964774,3.2509877681732178,43100.0
2017-12-14,3.23378683668725,3.23378683668725,3.225186347961426,3.225186347961426,69500.0
2017-12-15,3.2939904367684787,3.2939904367684787,3.2595884799957275,3.2595884799957275,15300.0
2017-12-18,3.3111917972564697,3.3111917972564697,3.3111917972564697,3.3111917972564697,100.0
2017-12-19,3.3111917972564697,3.3111917972564697,3.3111917972564697,3.3111917972564697,0.0
2017-12-20,3.3111917972564697,3.3111917972564697,3.3111917972564697,3.3111917972564697,0.0
2017-12-21,3.3111917972564697,3.3111917972564697,3.3111917972564697,3.3111917972564697,0.0
2017-12-22,3.3111917972564697,3.3111917972564697,3.3111917972564697,3.3111917972564697,0.0
2017-12-26,3.3111917972564697,3.3111917972564697,3.3111917972564697,3.3111917972564697,0.0
2017-12-27,3.2509877681732178,3.2509877681732178,3.2509877681732178,3.2509877681732178,4100.0
2017-12-28,3.2767895846192285,3.3197920322418213,3.2767895846192285,3.3197920322418213,7100.0
2017-12-29,3.3627948595314594,3.3971968194158766,3.302591224681874,3.3713953495025635,50200.0
2018-01-02,3.3627948595314594,3.388596329444772,3.3627948595314594,3.3713953495025635,5300.0
2018-01-03,3.3541944194129836,3.3541944194129836,3.328392744064331,3.328392744064331,2500.0
2018-01-04,3.328392744064331,3.328392744064331,3.328392744064331,3.328392744064331,0.0
2018-01-05,3.354194180358163,3.354194180358163,3.3455936908721924,3.3455936908721924,8300.0
2018-01-08,3.336993472865306,3.336993472865306,3.3111917972564697,3.3111917972564697,47700.0
2018-01-09,3.311191575042439,3.311191575042439,3.30259108543396,3.30259108543396,16300.0
2018-01-10,3.3025911016808185,3.3025911016808185,3.2681891430776613,3.2939906120300293,16200.0
2018-01-11,3.2853899317029325,3.3025909100062067,3.268188953399658,3.268188953399658,3100.0
2018-01-12,3.2681891270000403,3.30259108543396,3.2681891270000403,3.30259108543396,3300.0
2018-01-15,3.311191575042439,3.3197920646509194,3.30259108543396,3.30259108543396,34800.0
2018-01-16,3.30259108543396,3.30259108543396,3.30259108543396,3.30259108543396,4000.0
2018-01-17,3.302591307070811,3.3111917972564697,3.302591307070811,3.3111917972564697,5200.0
2018-01-18,3.3111917972564697,3.3111917972564697,3.3111917972564697,3.3111917972564697,0.0
2018-01-19,3.302591307070811,3.3111917972564697,3.2939908168851524,3.3111917972564697,10100.0
2018-01-22,3.302591118012739,3.302591118012739,3.285390138626098,3.285390138626098,1000.0
2018-01-23,3.302591307070811,3.3197922874421284,3.2853903266994937,3.3111917972564697,37800.0
2018-01-24,3.30259108543396,3.30259108543396,3.30259108543396,3.30259108543396,1000.0
2018-01-25,3.28539012237924,3.311191591331608,3.28539012237924,3.2939906120300293,19100.0
2018-01-26,3.311191575042439,3.3283925542593993,3.30259108543396,3.30259108543396,11200.0
2018-01-29,3.3111917972564697,3.336993472865306,3.2939908168851524,3.3111917972564697,116900.0
2018-01-30,3.311191591331608,3.311191591331608,3.2939906120300293,3.2939906120300293,22900.0
2018-01-31,3.293990628319419,3.293990628319419,3.276789648932778,3.285390138626098,6000.0
2018-02-01,3.2853903266994937,3.3111917972564697,3.2767898365138355,3.3111917972564697,7800.0
2018-02-02,3.3025909100062067,3.3025909100062067,3.268188953399658,3.268188953399658,4700.0
2018-02-05,3.268188953399658,3.268188953399658,3.250987975096384,3.268188953399658,11400.0
2018-02-06,3.2509878296246617,3.2595883183914536,3.199384897023912,3.216585874557495,18500.0
2018-02-07,3.2337870124161645,3.2595884799957275,3.2337870124161645,3.2595884799957275,2200.0
2018-02-08,3.2595884799957275,3.2595884799957275,3.2595884799957275,3.2595884799957275,0.0
2018-02-09,3.242387403471908,3.2681888702705377,3.1821839809417725,3.1821839809417725,15300.0
2018-02-12,3.2079853857907032,3.225186363324287,3.2079853857907032,3.216585874557495,8200.0
2018-02-13,3.216585905448409,3.216585905448409,3.199384927749634,3.199384927749634,33000.0
2018-02-14,3.216585921018762,3.25098787658284,3.018774471473482,3.190784454345703,49300.0
2018-02-15,3.1993851501249733,3.216586129019314,3.1993851501249733,3.2079856395721436,14000.0
2018-02-19,3.2079853857907032,3.216585874557495,3.2079853857907032,3.216585874557495,12300.0
2018-02-20,3.216585874557495,3.216585874557495,3.216585874557495,3.216585874557495,0.0
2018-02-21,3.199384897023912,3.216585874557495,3.1821839194903285,3.216585874557495,16200.0
2018-02-22,3.216585874557495,3.225186363324287,3.1821839194903285,3.216585874557495,16700.0
2018-02-23,3.216585905448409,3.2337868831471845,3.199384927749634,3.199384927749634,14600.0
2018-02-26,3.199384897023912,3.216585874557495,3.199384897023912,3.216585874557495,22100.0
2018-02-27,3.21658581375633,3.2595882567774397,3.207985325152108,3.2509877681732178,36500.0
2018-02-28,3.2509877681732178,3.2509877681732178,3.2509877681732178,3.2509877681732178,10000.0
2018-03-01,3.2509877681732178,3.3197916770069926,3.2509877681732178,3.2509877681732178,34300.0
2018-03-02,3.2509877681732178,3.2509877681732178,3.233786790964774,3.2509877681732178,21000.0
2018-03-05,3.2337871898736807,3.2337871898736807,3.1649832725524902,3.1649832725524902,55500.0
2018-03-06,3.1821838593394425,3.2509877681732178,3.1821838593394425,3.2509877681732178,5800.0
2018-03-07,3.2509877681732178,3.2509877681732178,3.2509877681732178,3.2509877681732178,0.0
2018-03-08,3.2337868061247463,3.242387294769287,3.2251863174802056,3.242387294769287,5300.0
2018-03-09,3.23378683668725,3.242387325413074,3.225186347961426,3.225186347961426,11000.0
2018-03-12,3.242387501609352,3.2595884799957275,3.242387501609352,3.2595884799957275,800.0
2018-03-13,3.225186347961426,3.225186347961426,3.225186347961426,3.225186347961426,8000.0
2018-03-14,3.225186347961426,3.225186347961426,3.225186347961426,3.225186347961426,0.0
2018-03-15,3.225186302360552,3.2509877681732178,3.225186302360552,3.2509877681732178,3900.0
2018-03-16,3.2509883659568595,3.3111917972564697,3.242387875771201,3.3111917972564697,36400.0
2018-03-19,3.302591307070811,3.3111917972564697,3.242387875771201,3.3111917972564697,12400.0
2018-03-20,3.225186678957641,3.30259108543396,3.225186678957641,3.30259108543396,3700.0
2018-03-21,3.285389722590105,3.285389722590105,3.2509877681732178,3.2509877681732178,200.0
2018-03-22,3.2681887915905463,3.2853897690421947,3.1821839043323052,3.225186347961426,26800.0
2018-03-23,3.216585874557495,3.216585874557495,3.216585874557495,3.216585874557495,2900.0
2018-03-26,3.216585874557495,3.216585874557495,3.216585874557495,3.216585874557495,0.0
2018-03-27,3.2251865076414723,3.268188953399658,3.2251865076414723,3.268188953399658,1600.0
2018-03-28,3.25098787658284,3.25098787658284,3.190784454345703,3.190784454345703,11300.0
2018-03-29,3.190784454345703,3.190784454345703,3.190784454345703,3.190784454345703,0.0
2018-04-02,3.216586318296,3.233787298202514,3.216586318296,3.233787298202514,30000.0
2018-04-03,3.233787298202514,3.233787298202514,3.233787298202514,3.233787298202514,5000.0
2018-04-04,3.2337868831471845,3.2337868831471845,3.199384927749634,3.199384927749634,9800.0
2018-04-05,3.199384897023912,3.216585874557495,3.199384897023912,3.216585874557495,9400.0
2018-04-06,3.233787298202514,3.233787298202514,3.233787298202514,3.233787298202514,5000.0
2018-04-09,3.2337872004661765,3.285390138626098,3.2337872004661765,3.285390138626098,8100.0
2018-04-10,3.225186347961426,3.225186347961426,3.225186347961426,3.225186347961426,6000.0
2018-04-11,3.225186347961426,3.225186347961426,3.225186347961426,3.225186347961426,0.0
2018-04-12,3.225186347961426,3.225186347961426,3.225186347961426,3.225186347961426,0.0
2018-04-13,3.25098799080254,3.2681889691889157,3.25098799080254,3.2595884799957275,2800.0
2018-04-16,3.2509877834138283,3.2509877834138283,3.242387294769287,3.242387294769287,5800.0
2018-04-17,3.2595886695461376,3.285390138626098,3.2595886695461376,3.285390138626098,7200.0
2018-04-18,3.3025912084941016,3.379995822906494,3.3025912084941016,3.379995822906494,67300.0
2018-04-19,3.3627946698441344,3.3627946698441344,3.3369932013862216,3.3455936908721924,12600.0
2018-04-20,3.3455936908721924,3.3455936908721924,3.3455936908721924,3.3455936908721924,0.0
2018-04-23,3.311191591331608,3.3455937549866133,3.2681891430776613,3.2939906120300293,4000.0
2018-04-24,3.311191780409282,3.336993455886841,3.311191780409282,3.336993455886841,7600.0
2018-04-25,3.336993455886841,3.336993455886841,3.336993455886841,3.336993455886841,0.0
2018-04-26,3.336993455886841,3.336993455886841,3.336993455886841,3.336993455886841,0.0
2018-04-27,3.3455939460287407,3.3455939460287407,3.311191780409282,3.336993455886841,8500.0
2018-04-30,3.3455939293140524,3.3455939293140524,3.328392744064331,3.328392744064331,700.0
2018-05-02,3.336993455886841,3.35419443617064,3.336993455886841,3.336993455886841,8900.0
2018-05-03,3.3455939293140524,3.3455939293140524,3.328392744064331,3.328392744064331,5800.0
2018-05-04,3.3283927606930814,3.35419443617064,3.311191780409282,3.336993455886841,11000.0
2018-05-07,3.336993455886841,3.336993455886841,3.336993455886841,3.336993455886841,0.0
2018-05-08,3.4164453617616117,3.4164453617616117,3.3369932174682617,3.3369932174682617,6200.0
2018-05-09,3.3369932174682617,3.3369932174682617,3.3369932174682617,3.3369932174682617,0.0
2018-05-10,3.3634770593947,3.3634770593947,3.310508966445923,3.310508966445923,2400.0
2018-05-11,3.319336768807951,3.3546488285064697,3.319336768807951,3.3546488285064697,1300.0
2018-05-14,3.460585487158065,3.460585487158065,3.398789167404175,3.398789167404175,3100.0
2018-05-15,3.3811330795288086,3.4164451413813564,3.2663688785080285,3.3811330795288086,17600.0
2018-05-16,3.3811330795288086,3.3811330795288086,3.3811330795288086,3.3811330795288086,0.0
2018-05-17,3.3811330795288086,3.3811330795288086,3.3811330795288086,3.3811330795288086,0.0
2018-05-18,3.363477104959949,3.398789167404175,3.3193370269046665,3.398789167404175,5200.0
2018-05-21,3.3899610949919454,3.3899610949919454,3.328164986749987,3.3811330795288086,16200.0
2018-05-22,3.381132873280359,3.381132873280359,3.3281647837325807,3.3546488285064697,10700.0
2018-05-23,3.3369931046541077,3.3369931046541077,3.3016810417175293,3.3016810417175293,3700.0
2018-05-24,3.3193371295928955,3.3193371295928955,3.301681097824569,3.3193371295928955,9200.0
2018-05-25,3.301681097824569,3.3193371295928955,3.2840250660562424,3.3193371295928955,8200.0
2018-05-28,3.3193371295928955,3.3193371295928955,3.3193371295928955,3.3193371295928955,0.0
2018-05-30,3.3458211772453854,3.3634772090137117,3.301681097824569,3.3193371295928955,3900.0
2018-05-31,3.3193371295928955,3.3193371295928955,3.3105091137087324,3.3193371295928955,25200.0
2018-06-01,3.310509057451674,3.310509057451674,3.3016810417175293,3.3016810417175293,5000.0
2018-06-04,3.3193371295928955,3.3193371295928955,3.3193371295928955,3.3193371295928955,2000.0
2018-06-05,3.3193371295928955,3.3193371295928955,3.3193371295928955,3.3193371295928955,0.0
2018-06-06,3.3193371295928955,3.3193371295928955,3.3193371295928955,3.3193371295928955,0.0
2018-06-07,3.328165201435667,3.345821233500856,3.328165201435667,3.3369932174682617,5200.0
2018-06-08,3.3369932174682617,3.3369932174682617,3.3369932174682617,3.3369932174682617,0.0
2018-06-11,3.32816481590271,3.32816481590271,3.32816481590271,3.32816481590271,5000.0
2018-06-12,3.310508966445923,3.310508966445923,3.310508966445923,3.310508966445923,5000.0
2018-06-13,3.2928528785705566,3.2928528785705566,3.2928528785705566,3.2928528785705566,400.0
2018-06-14,3.275196847892684,3.2928528785705566,3.2222287558590663,3.2928528785705566,4800.0
2018-06-18,3.284024953842163,3.284024953842163,3.284024953842163,3.284024953842163,13200.0
2018-06-19,3.2663686792601725,3.3634768434310995,3.2663686792601725,3.3546488285064697,35200.0
2018-06-20,3.3369928309126715,3.3369928309126715,3.3193368008927484,3.32816481590271,11100.0
2018-06-21,3.32816481590271,3.32816481590271,3.32816481590271,3.32816481590271,0.0
2018-06-22,3.310508909248429,3.310508909248429,3.2663688325537477,3.2928528785705566,9600.0
2018-06-25,3.292853081940406,3.3193371295928955,3.2840250660562424,3.3193371295928955,15000.0
2018-06-26,3.3193371295928955,3.3193371295928955,3.3193371295928955,3.3193371295928955,0.0
2018-06-27,3.328165201435667,3.3369932174682617,3.3105091693704782,3.3369932174682617,11100.0
2018-06-28,3.3105088601070163,3.3105088601070163,3.195744451927927,3.2045726776123047,91900.0
2018-06-29,3.2222287221905876,3.2222287221905876,3.0633242372736103,3.10746431350708,169800.0
2018-07-02,3.1162923859736567,3.133948416791236,3.1162923859736567,3.1251204013824463,24500.0
2018-07-03,3.1427764892578125,3.1516045048268766,3.133948473688748,3.1427764892578125,10800.0
2018-07-04,3.1251205142229863,3.1604325771331787,3.098636467040342,3.1604325771331787,6200.0
2018-07-05,3.1692603613764243,3.22222866234938,3.089808225631714,3.089808225631714,25700.0
2018-07-06,3.0898083500524933,3.1074643809289597,3.0544962882995605,3.0544962882995605,26700.0
2018-07-09,3.0721521954662228,3.098636240714459,3.0721521954662228,3.089808225631714,10500.0
2018-07-10,3.089808225631714,3.089808225631714,3.089808225631714,3.089808225631714,0.0
2018-07-11,3.089808225631714,3.089808225631714,3.089808225631714,3.089808225631714,0.0
2018-07-12,3.063324204884021,3.13394832611084,3.063324204884021,3.13394832611084,1800.0
2018-07-13,3.125120344000468,3.125120344000468,3.089808283013692,3.10746431350708,6400.0
2018-07-16,3.1251206245698153,3.284025123753036,3.1251206245698153,3.195744752883911,16400.0
2018-07-17,3.195744752883911,3.195744752883911,3.195744752883911,3.195744752883911,0.0
2018-07-18,3.222228765487671,3.222228765487671,3.213400750122355,3.222228765487671,44500.0
2018-07-19,3.2398847299561293,3.2840248058799557,3.2398847299561293,3.2751967906951904,41900.0
2018-07-20,3.3016809785948222,3.5753498820741996,3.3016809785948222,3.4958975315093994,198700.0
2018-07-23,3.513553296895368,3.513553296895368,3.3899608778515433,3.4517571926116943,37900.0
2018-07-24,3.4694131637297754,3.4694131637297754,3.434101104736328,3.434101104736328,3600.0
2018-07-25,3.4517571342330515,3.4517571342330515,3.4076168500147688,3.434101104736328,9000.0
2018-07-26,3.442929455935952,3.442929455935952,3.381133136182062,3.398789167404175,10300.0
2018-07-27,3.3899610949919454,3.425273367320984,3.345821017676261,3.3811330795288086,29500.0
2018-07-30,3.398788838956044,3.4429291232222443,3.398788838956044,3.4076168537139893,11200.0
2018-07-31,3.4076168537139893,3.4076168537139893,3.4076168537139893,3.4076168537139893,0.0
2018-08-01,3.4164453257086276,3.4164453257086276,3.3369931822537184,3.3634772300720215,19000.0
2018-08-02,3.3634768434310995,3.37230485835573,3.2663686792601725,3.3546488285064697,31300.0
2018-08-03,3.3723048909525177,3.3723048909525177,3.3193368008927484,3.32816481590271,12100.0
2018-08-06,3.310508785882787,3.32816481590271,3.2751967258429406,3.32816481590271,12800.0
2018-08-07,3.3105090005897018,3.328165031754727,3.284024953842163,3.284024953842163,9800.0
2018-08-08,3.301680686687689,3.3193367162574248,3.25754061276335,3.2663686275482178,25000.0
2018-08-10,3.2663686275482178,3.2663686275482178,3.2663686275482178,3.2663686275482178,0.0
2018-08-13,3.2663686275482178,3.2663686275482178,3.2663686275482178,3.2663686275482178,1000.0
2018-08-14,3.2575408172148115,3.2928528785705566,3.2575408172148115,3.2928528785705566,3100.0
2018-08-15,3.275196799275446,3.2840248144833386,3.2045726776123047,3.2045726776123047,31400.0
2018-08-16,3.186916680892816,3.2575410184434843,3.178088665008545,3.178088665008545,47900.0
2018-08-17,3.186916571958029,3.3546490785022653,3.186916571958029,3.284024953842163,12100.0
2018-08-20,3.169260373915861,3.266368750686762,3.169260373915861,3.2310566902160645,15000.0
2018-08-21,3.2310566902160645,3.2310566902160645,3.2310566902160645,3.2310566902160645,0.0
2018-08-23,3.2398849098883167,3.266368956913446,3.2398849098883167,3.2575409412384033,1400.0
2018-08-24,3.266368899926108,3.266368899926108,3.239884853363037,3.239884853363037,7500.0
2018-08-27,3.239884853363037,3.239884853363037,3.239884853363037,3.239884853363037,0.0
2018-08-28,3.2487130165100098,3.2487130165100098,3.2487130165100098,3.2487130165100098,3100.0
2018-08-29,3.266368750686762,3.266368750686762,3.22222867509839,3.2310566902160645,87200.0
2018-08-30,3.2310566902160645,3.2310566902160645,3.2310566902160645,3.2310566902160645,0.0
2018-08-31,3.222228765487671,3.231056780852987,3.222228765487671,3.222228765487671,5600.0
2018-09-03,3.231056780852987,3.231056780852987,3.213400750122355,3.222228765487671,17400.0
2018-09-04,3.222228765487671,3.222228765487671,3.222228765487671,3.222228765487671,0.0
2018-09-05,3.2398847384438754,3.2575407688596605,3.2045726776123047,3.2045726776123047,5700.0
2018-09-06,3.1957446967770866,3.1957446967770866,3.178088665008545,3.178088665008545,9400.0
2018-09-07,3.195744451927927,3.2222287080280902,3.195744451927927,3.2045726776123047,2900.0
2018-09-10,3.2045727912789426,3.239884853363037,3.2045727912789426,3.239884853363037,19500.0
2018-09-11,3.239884853363037,3.239884853363037,3.239884853363037,3.239884853363037,1000.0
2018-09-12,3.2575408172148115,3.301680893909493,3.2575408172148115,3.2928528785705566,23600.0
2018-09-13,3.292853025983385,3.3016810417175293,3.292853025983385,3.3016810417175293,20100.0
2018-09-14,3.284024953842163,3.284024953842163,3.284024953842163,3.284024953842163,400.0
2018-09-17,3.301680893909493,3.310508909248429,3.2928528785705566,3.2928528785705566,1100.0
2018-09-18,3.2928528785705566,3.2928528785705566,3.2928528785705566,3.2928528785705566,0.0
2018-09-19,3.292853096120913,3.292853096120913,3.2487130165100098,3.2487130165100098,1200.0
2018-09-20,3.266368888988609,3.3281649974288485,3.266368888988609,3.310508966445923,5000.0
2018-09-21,3.310508966445923,3.310508966445923,3.310508966445923,3.310508966445923,0.0
2018-09-24,3.27519697258849,3.27519697258849,3.231056894213274,3.2575409412384033,9300.0
2018-09-25,3.2398847299561293,3.2751967906951904,3.2222286995865987,3.2751967906951904,21000.0
2018-09-26,3.2751967906951904,3.2751967906951904,3.2751967906951904,3.2751967906951904,0.0
2018-09-27,3.27519693825965,3.3105090005897018,3.248712891512112,3.284024953842163,9000.0
2018-09-28,3.2663690892075063,3.345821233500856,3.2663690892075063,3.3369932174682617,22500.0
2018-10-01,3.3193370731858183,3.3369931046541077,3.3016810417175293,3.3016810417175293,9700.0
2018-10-02,3.3016810417175293,3.3016810417175293,3.3016810417175293,3.3016810417175293,0.0
2018-10-03,3.319337094821596,3.3458211421966553,3.3105090790299094,3.3458211421966553,2100.0
2018-10-04,3.3281647837325807,3.3546488285064697,3.2575406643355427,3.3546488285064697,12600.0
2018-10-05,3.3458209121733127,3.3458209121733127,3.2398847299561293,3.2751967906951904,32800.0
2018-10-08,3.2751966423330856,3.301680686687689,3.2398845831936143,3.2663686275482178,20300.0
2018-10-09,3.28402501024924,3.3016810417175293,3.28402501024924,3.3016810417175293,30400.0
2018-10-10,3.310509057451674,3.310509057451674,3.3016810417175293,3.3016810417175293,6600.0
2018-10-11,3.266368956913446,3.266368956913446,3.2398849098883167,3.2575409412384033,36800.0
2018-10-12,3.239885000587829,3.2487130165100098,3.239885000587829,3.2487130165100098,53300.0
2018-10-15,3.2663686792601725,3.425273158379986,3.2663686792601725,3.3546488285064697,9900.0
2018-10-16,3.3369931134625164,3.4605855445432754,3.3369931134625164,3.416445255279541,104100.0
2018-10-17,3.43410149056168,3.4694135535224793,3.42527347482148,3.44292950630188,56900.0
2018-10-18,3.425273424713839,3.425273424713839,3.3899611517931185,3.398789167404175,17900.0
2018-10-19,3.3987892938297586,3.3987892938297586,3.354649214132587,3.3634772300720215,12000.0
2018-10-22,3.3634772300720215,3.3634772300720215,3.354649214132587,3.3634772300720215,5300.0
2018-10-23,3.3458211981931525,3.3634772300720215,3.2840250866171123,3.3634772300720215,12900.0
2018-10-24,3.37230485835573,3.37230485835573,3.3546488285064697,3.3546488285064697,3600.0
2018-10-25,3.3369931613612223,3.3369931613612223,3.3105091137087324,3.3193371295928955,5000.0
2018-10-26,3.33699304733724,3.33699304733724,3.284024953842163,3.284024953842163,16700.0
2018-10-29,3.284024953842163,3.284024953842163,3.284024953842163,3.284024953842163,0.0
2018-10-30,3.30168095095446,3.310508966445923,3.292852935462997,3.310508966445923,4000.0
2018-10-31,3.2928531373052894,3.3369932174682617,3.284025121272695,3.3369932174682617,8900.0
2018-11-01,3.3369932174682617,3.3546492495334506,3.319337185403073,3.3369932174682617,143800.0
2018-11-02,3.3281650889199628,3.3281650889199628,3.292853025983385,3.3016810417175293,16800.0
2018-11-05,3.2840246571179534,3.2840246571179534,3.2663686275482178,3.2663686275482178,5400.0
2018-11-07,3.2663686275482178,3.2840246571179534,3.248712597978482,3.2663686275482178,38000.0
2018-11-08,3.2663686275482178,3.2751966423330856,3.2663686275482178,3.2663686275482178,80000.0
2018-11-09,3.266368775510425,3.2751967906951904,3.25754076032566,3.2751967906951904,15000.0
2018-11-12,3.2840248058799557,3.2840248058799557,3.266368775510425,3.2751967906951904,85400.0
2018-11-13,3.2751967906951904,3.2751967906951904,3.2751967906951904,3.2751967906951904,0.0
2018-11-14,3.25754061276335,3.2663686275482178,3.25754061276335,3.2663686275482178,16000.0
2018-11-15,3.2575407688596605,3.2575407688596605,3.1869164367200344,3.2045726776123047,84800.0
2018-11-16,3.1869167368446494,3.195744752883911,3.1869167368446494,3.195744752883911,71700.0
2018-11-19,3.195744752883911,3.195744752883911,3.178088720805387,3.195744752883911,15200.0
2018-11-20,3.1780888294601963,3.1780888294601963,3.116292715072632,3.116292715072632,51800.0
2018-11-21,3.116292295804135,3.13394832611084,3.054496189730669,3.13394832611084,15200.0
2018-11-22,3.116292567200798,3.2487130165100098,3.116292567200798,3.2487130165100098,3300.0
2018-11-23,3.2310569846656483,3.2487130165100098,3.160432646811701,3.2487130165100098,18400.0
2018-11-26,3.2487130165100098,3.2487130165100098,3.2487130165100098,3.2487130165100098,0.0
2018-11-27,3.178088756418338,3.178088756418338,3.1516047080037777,3.1692607402801514,3200.0
2018-11-28,3.178088665008545,3.178088665008545,3.178088665008545,3.178088665008545,200.0
2018-11-29,3.195744752883911,3.21340099543894,3.195744752883911,3.195744752883911,2500.0
2018-11-30,3.195744752883911,3.195744752883911,3.195744752883911,3.195744752883911,0.0
2018-12-03,3.204572734757039,3.222228765487671,3.204572734757039,3.222228765487671,1100.0
2018-12-04,3.222228765487671,3.222228765487671,3.222228765487671,3.222228765487671,0.0
2018-12-05,3.222228765487671,3.222228765487671,3.222228765487671,3.222228765487671,0.0
2018-12-06,3.2134009390221294,3.2134009390221294,3.178088665008545,3.178088665008545,3300.0
2018-12-07,3.1869163513183594,3.1869163513183594,3.169260321375713,3.1869163513183594,4400.0
2018-12-10,3.1869163513183594,3.1869163513183594,3.1869163513183594,3.1869163513183594,0.0
2018-12-11,3.186916680892816,3.186916680892816,3.178088665008545,3.178088665008545,10000.0
2018-12-12,3.1692607402801514,3.178088756418338,3.1692607402801514,3.1692607402801514,25600.0
2018-12-13,3.169260649124274,3.178088665008545,3.169260649124274,3.178088665008545,105100.0
2018-12-14,3.178088665008545,3.1957446967770866,3.169260649124274,3.178088665008545,129200.0
2018-12-17,3.178088756418338,3.186916772556525,3.1692607402801514,3.1692607402801514,32000.0
2018-12-18,3.186916680892816,3.186916680892816,3.178088665008545,3.178088665008545,9800.0
2018-12-19,3.1780883890335354,3.2310566902160645,3.1780883890335354,3.2310566902160645,9800.0
2018-12-20,3.2134008407592773,3.2134008407592773,3.2134008407592773,3.2134008407592773,400.0
2018-12-21,3.2045726776123047,3.2045726776123047,3.2045726776123047,3.2045726776123047,200.0
2018-12-24,3.2045726776123047,3.2045726776123047,3.2045726776123047,3.2045726776123047,0.0
2018-12-26,3.1869163513183594,3.1869163513183594,3.178088336347036,3.1869163513183594,7500.0
2018-12-27,3.178088336347036,3.1869163513183594,3.178088336347036,3.1869163513183594,24900.0
2018-12-28,3.2134008407592773,3.2134008407592773,3.2134008407592773,3.2134008407592773,5000.0
2018-12-31,3.1957446967770866,3.1957446967770866,3.178088665008545,3.178088665008545,4400.0
2019-01-01,3.178088665008545,3.178088665008545,3.178088665008545,3.178088665008545,0.0
2019-01-02,3.178088720805387,3.195744752883911,3.178088720805387,3.195744752883911,32400.0
2019-01-03,3.195744752883911,3.195744752883911,3.195744752883911,3.195744752883911,600.0
2019-01-04,3.178088665008545,3.178088665008545,3.178088665008545,3.178088665008545,3100.0
2019-01-07,3.195744443555818,3.2751967906951904,3.195744443555818,3.2751967906951904,17600.0
2019-01-08,3.2751967906951904,3.2751967906951904,3.2751967906951904,3.2751967906951904,0.0
2019-01-09,3.239885000587829,3.2487130165100098,3.239885000587829,3.2487130165100098,17100.0
2019-01-10,3.231056780852987,3.231056780852987,3.222228765487671,3.222228765487671,11000.0
2019-01-11,3.239884705333739,3.248712720451413,3.2310566902160645,3.2310566902160645,3400.0
2019-01-14,3.2310566902160645,3.2310566902160645,3.2310566902160645,3.2310566902160645,0.0
2019-01-15,3.2310566902160645,3.2310566902160645,3.2310566902160645,3.2310566902160645,0.0
2019-01-16,3.231056780852987,3.231056780852987,3.222228765487671,3.222228765487671,4000.0
2019-01-17,3.2310568378420133,3.239884853363037,3.2310568378420133,3.239884853363037,4900.0
2019-01-18,3.239884853363037,3.2487128688840605,3.2310568378420133,3.239884853363037,3700.0
2019-01-21,3.257540907094625,3.284024953842163,3.257540907094625,3.284024953842163,3400.0
2019-01-22,3.266368899926108,3.266368899926108,3.239884853363037,3.239884853363037,5100.0
2019-01-23,3.239884853363037,3.239884853363037,3.239884853363037,3.239884853363037,31800.0
2019-01-24,3.2398849098883167,3.2575409412384033,3.2398849098883167,3.2575409412384033,2100.0
2019-01-25,3.2487128688840605,3.2487128688840605,3.22222882232099,3.239884853363037,5300.0
2019-01-28,3.257540907094625,3.284024953842163,3.257540907094625,3.284024953842163,6200.0
2019-01-29,3.2840246571179534,3.2840246571179534,3.2663686275482178,3.2663686275482178,7500.0
2019-01-30,3.2751967906951904,3.2840248058799557,3.2751967906951904,3.2751967906951904,15700.0
2019-01-31,3.2928527558628637,3.3369928309126715,3.2928527558628637,3.32816481590271,61800.0
2019-02-01,3.3105091137087324,3.3281651454770587,3.3105091137087324,3.3193371295928955,9400.0
2019-02-04,3.3193371295928955,3.3193371295928955,3.3193371295928955,3.3193371295928955,0.0
2019-02-05,3.3193371295928955,3.3193371295928955,3.3193371295928955,3.3193371295928955,0.0
2019-02-07,3.3369927986572105,3.3546488285064697,3.3369927986572105,3.3546488285064697,1600.0
2019-02-08,3.354649193129549,3.354649193129549,3.3193371295928955,3.3193371295928955,33300.0
2019-02-11,3.3369927986572105,3.3546488285064697,3.3369927986572105,3.3546488285064697,1200.0
2019-02-12,3.3546492495334506,3.3546492495334506,3.3369932174682617,3.3369932174682617,800.0
2019-02-13,3.3369932174682617,3.3369932174682617,3.3369932174682617,3.3369932174682617,0.0
2019-02-14,3.3369932174682617,3.3369932174682617,3.3369932174682617,3.3369932174682617,1500.0
2019-02-15,3.3369932174682617,3.3369932174682617,3.3369932174682617,3.3369932174682617,0.0
2019-02-18,3.319336768807951,3.3634768434310995,3.319336768807951,3.3546488285064697,20800.0
2019-02-19,3.3369932174682617,3.3369932174682617,3.3369932174682617,3.3369932174682617,2800.0
2019-02-20,3.3369932174682617,3.3369932174682617,3.3369932174682617,3.3369932174682617,0.0
2019-02-21,3.3369932174682617,3.3369932174682617,3.3369932174682617,3.3369932174682617,0.0
2019-02-22,3.3369932174682617,3.3369932174682617,3.3369932174682617,3.3369932174682617,0.0
2019-02-25,3.3458209121733127,3.3458209121733127,3.2487127451408946,3.2751967906951904,7800.0
2019-02-26,3.292853081940406,3.3193371295928955,3.292853081940406,3.3193371295928955,1400.0
2019-02-27,3.301680893909493,3.301680893909493,3.2928528785705566,3.2928528785705566,1900.0
2019-02-28,3.2928528785705566,3.2928528785705566,3.2928528785705566,3.2928528785705566,0.0
2019-03-01,3.3281647837325807,3.3546488285064697,3.3281647837325807,3.3546488285064697,200.0
2019-03-04,3.3281651106132824,3.3546491579883417,3.275197015863163,3.3458211421966553,19000.0
2019-03-05,3.3281649974288485,3.3281649974288485,3.310508966445923,3.310508966445923,800.0
2019-03-06,3.266368888988609,3.319336981937386,3.266368888988609,3.310508966445923,7800.0
2019-03-07,3.310508966445923,3.310508966445923,3.310508966445923,3.310508966445923,0.0
2019-03-08,3.310508966445923,3.310508966445923,3.310508966445923,3.310508966445923,0.0
2019-03-11,3.310508966445923,3.310508966445923,3.310508966445923,3.310508966445923,0.0
2019-03-12,3.30168095095446,3.310508966445923,3.2840249199715346,3.310508966445923,1600.0
2019-03-13,3.310508966445923,3.310508966445923,3.310508966445923,3.310508966445923,1000.0
2019-03-14,3.328164939926302,3.328164939926302,3.2928528785705566,3.2928528785705566,3200.0
2019-03-15,3.27519693825965,3.284024953842163,3.2663689226771377,3.284024953842163,2200.0
2019-03-18,3.3016810196136195,3.3016810196136195,3.2575409412384033,3.2575409412384033,4700.0
2019-03-19,3.25754061276335,3.2663686275482178,3.25754061276335,3.2663686275482178,25300.0
2019-03-20,3.2663686275482178,3.2663686275482178,3.2663686275482178,3.2663686275482178,0.0
2019-03-21,3.2663686275482178,3.2663686275482178,3.2663686275482178,3.2663686275482178,0.0
2019-03-22,3.30168095095446,3.310508966445923,3.30168095095446,3.310508966445923,7400.0
2019-03-25,3.266369034287916,3.3193371295928955,3.257541018403753,3.3193371295928955,8500.0
2019-03-26,3.3016808362494863,3.3016808362494863,3.25754076032566,3.2751967906951904,7500.0
2019-03-27,3.2928528785705566,3.2928528785705566,3.2928528785705566,3.2928528785705566,500.0
2019-03-28,3.3105091137087324,3.3193371295928955,3.301681097824569,3.3193371295928955,5800.0
2019-03-29,3.32816481590271,3.354648860932594,3.3193368008927484,3.32816481590271,15400.0
2019-04-01,3.32816481590271,3.32816481590271,3.310508785882787,3.32816481590271,3800.0
2019-04-02,3.32816481590271,3.32816481590271,3.32816481590271,3.32816481590271,0.0
2019-04-03,3.354649214132587,3.3899612778903245,3.354649214132587,3.3634772300720215,69900.0
2019-04-04,3.3811331705010774,3.4076172176030637,3.3634771390997527,3.372305154800415,229000.0
2019-04-05,3.3811330795288086,3.3899610949919454,3.363477048602535,3.3811330795288086,17800.0
2019-04-08,3.372305154800415,3.372305154800415,3.3546491233990907,3.372305154800415,20700.0
2019-04-09,3.381132989030353,3.389961004257202,3.381132989030353,3.389961004257202,6000.0
2019-04-10,3.3811330795288086,3.3899610949919454,3.3811330795288086,3.3811330795288086,11000.0
2019-04-11,3.372305154800415,3.3811331705010774,3.372305154800415,3.372305154800415,11300.0
2019-04-12,3.381132989030353,3.389961004257202,3.381132989030353,3.389961004257202,28700.0
2019-04-15,3.398788838956044,3.4076168537139893,3.398788838956044,3.4076168537139893,5500.0
2019-04-16,3.4164451923551677,3.4252734184265137,3.4076171767603154,3.4252734184265137,13500.0
2019-04-17,3.4252732946552498,3.469413371034521,3.4252732946552498,3.460585355758667,70000.0
2019-04-18,3.4429293252069586,3.460585355758667,3.4252732946552498,3.460585355758667,5800.0
2019-04-22,3.442929449616218,3.442929449616218,3.4252734184265137,3.4252734184265137,1700.0
2019-04-23,3.42527347482148,3.460585537782279,3.42527347482148,3.44292950630188,11500.0
2019-04-24,3.4252734184265137,3.4252734184265137,3.4252734184265137,3.4252734184265137,1000.0
2019-04-25,3.425273481513486,3.425273481513486,3.416445255279541,3.416445255279541,1200.0
2019-04-26,3.4252734184265137,3.4252734184265137,3.4252734184265137,3.4252734184265137,200.0
2019-04-29,3.4076171830152315,3.4076171830152315,3.398789167404175,3.398789167404175,5100.0
2019-04-30,3.416445248604783,3.44292950630188,3.416445248604783,3.44292950630188,8800.0
2019-05-02,3.425273275641082,3.425273275641082,3.381132989030353,3.389961004257202,20800.0
2019-05-03,3.398789167404175,3.4076171830152315,3.381133136182062,3.398789167404175,4400.0
2019-05-06,3.3811330795288086,3.3811330795288086,3.372305064065672,3.3811330795288086,25200.0
2019-05-07,3.3811330795288086,3.3811330795288086,3.3811330795288086,3.3811330795288086,0.0
2019-05-08,3.3634772300720215,3.3634772300720215,3.3634772300720215,3.3634772300720215,200.0
2019-05-09,3.381132989030353,3.389961004257202,3.381132989030353,3.389961004257202,400.0
2019-05-10,3.46247359125727,3.489665766778429,3.417153298722005,3.444345474243164,15900.0
2019-05-13,3.426217237013291,3.426217237013291,3.371832887879158,3.389961004257202,2400.0
2019-05-14,3.3808971447354357,3.3808971447354357,3.3537049685705105,3.371833086013794,4400.0
2019-05-15,3.380897283554077,3.380897283554077,3.380897283554077,3.380897283554077,300.0
2019-05-16,3.380897283554077,3.380897283554077,3.380897283554077,3.380897283554077,0.0
2019-05-17,3.408089240214952,3.444345474243164,3.344640830665581,3.444345474243164,19300.0
2019-05-21,3.4262175790231235,3.4262175790231235,3.380897283554077,3.380897283554077,900.0
2019-05-22,3.380897283554077,3.380897283554077,3.380897283554077,3.380897283554077,0.0
2019-05-23,3.362769048685336,3.362769048685336,3.3265128135681152,3.3265128135681152,5700.0
2019-05-24,3.3446410089118803,3.36276912689209,3.3446410089118803,3.36276912689209,8800.0
2019-05-27,3.371833185882195,3.371833185882195,3.36276912689209,3.36276912689209,3100.0
2019-05-28,3.3627688482898357,3.3627688482898357,3.3355766735723673,3.344640731811523,3400.0
2019-05-29,3.353705067901985,3.36276912689209,3.353705067901985,3.36276912689209,2200.0
2019-05-30,3.353704929351806,3.353704929351806,3.344640870736161,3.353704929351806,88900.0
2019-05-31,3.335576812120516,3.353704929351806,3.32651275350487,3.353704929351806,231200.0
2019-06-03,3.344640831198316,3.344640831198316,3.3355767726898193,3.3355767726898193,21700.0
2019-06-04,3.344640731811523,3.344640731811523,3.3355766735723673,3.344640731811523,8500.0
2019-06-06,3.353704929351806,3.362768987967452,3.353704929351806,3.353704929351806,15400.0
2019-06-07,3.371833086013794,3.371833086013794,3.371833086013794,3.371833086013794,2400.0
2019-06-10,3.3718332018023505,3.426217555999756,3.3718332018023505,3.426217555999756,700.0
2019-06-11,3.408089399337769,3.408089399337769,3.408089399337769,3.408089399337769,4400.0
2019-06-12,3.3990254402160645,3.3990254402160645,3.3990254402160645,3.3990254402160645,800.0
2019-06-13,3.380897283554077,3.380897283554077,3.380897283554077,3.380897283554077,400.0
2019-06-14,3.371833185882195,3.371833185882195,3.353705067901985,3.36276912689209,1900.0
2019-06-17,3.38089694606818,3.3990250624462246,3.38089694606818,3.389961004257202,10800.0
2019-06-18,3.408089399337769,3.408089399337769,3.399025340407517,3.408089399337769,6100.0
2019-06-19,3.4262179319311907,3.435281991958618,3.4262179319311907,3.435281991958618,7200.0
2019-06-20,3.4443457747718034,3.4443457747718034,3.3627692410905494,3.417153596878052,64200.0
2019-06-21,3.399025401741696,3.399025401741696,3.380897283554077,3.380897283554077,3700.0
2019-06-24,3.399025751848908,3.435281991958618,3.399025751848908,3.435281991958618,600.0
2019-06-25,3.435281991958618,3.435281991958618,3.435281991958618,3.435281991958618,0.0
2019-06-26,3.435281991958618,3.435281991958618,3.435281991958618,3.435281991958618,0.0
2019-06-27,3.417153519929314,3.417153519929314,3.380897283554077,3.380897283554077,5200.0
2019-06-28,3.380897105198742,3.380897105198742,3.353704929351806,3.353704929351806,15600.0
2019-07-01,3.399025181707899,3.444345474243164,3.399025181707899,3.444345474243164,31400.0
2019-07-02,3.426217237013291,3.426217237013291,3.3627688296901357,3.389961004257202,23400.0
2019-07-03,3.3808973218232494,3.3990254402160645,3.353705144234027,3.3990254402160645,13700.0
2019-07-04,3.3990250624462246,3.3990250624462246,3.389961004257202,3.389961004257202,14200.0
2019-07-05,3.4443460519860456,3.4534101120134735,3.435281991958618,3.435281991958618,700.0
2019-07-08,3.417153178824269,3.417153178824269,3.389961004257202,3.389961004257202,6500.0
2019-07-09,3.380896964768148,3.380896964768148,3.344640731811523,3.344640731811523,44800.0
2019-07-10,3.3627688482898357,3.3627688482898357,3.344640731811523,3.344640731811523,13600.0
2019-07-11,3.353704929351806,3.362768987967452,3.344640870736161,3.353704929351806,6600.0
2019-07-12,3.3537047900506796,3.3537047900506796,3.3355766735723673,3.344640731811523,10200.0
2019-07-15,3.3537048897068127,3.3537048897068127,3.3355767726898193,3.3355767726898193,24000.0
2019-07-16,3.3537049899060305,3.380897166243946,3.3265128135681152,3.3265128135681152,55300.0
2019-07-17,3.3265127141813227,3.344640831198316,3.3265127141813227,3.3355767726898193,11000.0
2019-07-18,3.33557687234742,3.33557687234742,3.3265128135681152,3.3265128135681152,6600.0
2019-07-19,3.3265128135681152,3.3265128135681152,3.3265128135681152,3.3265128135681152,0.0
2019-07-22,3.326512634237847,3.326512634237847,3.2993204593658447,3.2993204593658447,32500.0
2019-07-23,3.308384895324707,3.3265130139754544,3.308384895324707,3.308384895324707,13300.0
2019-07-24,3.3083845576276545,3.317448616027832,3.2993204992274774,3.317448616027832,3300.0
2019-07-25,3.317448954650081,3.3355770733008283,3.308384895324707,3.308384895324707,18500.0
2019-07-26,3.3083845971643293,3.3355767726898193,3.3083845971643293,3.3355767726898193,19300.0
2019-07-29,3.317448954650081,3.317448954650081,3.308384895324707,3.308384895324707,4000.0
2019-07-30,3.308384857104039,3.308384857104039,3.2902567386627197,3.2902567386627197,900.0
2019-07-31,3.2902564408273003,3.317448616027832,3.2811921663229247,3.317448616027832,10700.0
2019-08-01,3.299320713961356,3.371833185882195,3.1905517899758853,3.36276912689209,37300.0
2019-08-02,3.3537048496285404,3.3537048496285404,3.317448616027832,3.317448616027832,5100.0
2019-08-05,3.3083847170581695,3.3083847170581695,3.226807971421206,3.2358720302581787,7300.0
2019-08-06,3.2177437742705384,3.24493594961261,3.2177437742705384,3.2268078327178955,18500.0
2019-08-07,3.2268077927259484,3.2268077927259484,3.199615617720888,3.208679676055908,77900.0
2019-08-08,3.226808246509668,3.254000425338745,3.226808246509668,3.254000425338745,3800.0
2019-08-13,3.254000425338745,3.254000425338745,3.254000425338745,3.254000425338745,400.0
2019-08-14,3.2449359697984104,3.2449359697984104,3.181487560272217,3.181487560272217,13200.0
2019-08-15,3.1814876989137684,3.1996158167112316,3.1814876989137684,3.1905517578125,7200.0
2019-08-16,3.1996156371707047,3.1996156371707047,3.1633594036102295,3.1633594036102295,15500.0
2019-08-19,3.1724233627319336,3.1905514789449234,3.1724233627319336,3.1724233627319336,21000.0
2019-08-20,3.163359443264733,3.2177437942871845,3.1271032092497655,3.181487560272217,16400.0
2019-08-21,3.199615955352783,3.199615955352783,3.199615955352783,3.199615955352783,6900.0
2019-08-22,3.1905514789449234,3.1905514789449234,3.1633593046254385,3.1724233627319336,36900.0
2019-08-23,3.1724233627319336,3.2177436532644084,3.1633593046254385,3.1724233627319336,3081100.0
2019-08-26,3.1724233627319336,3.1724233627319336,3.1724233627319336,3.1724233627319336,4300.0
2019-08-27,3.154295305223428,3.154295305223428,3.1271031303978702,3.145231246948242,22300.0
2019-08-28,3.136167228439873,3.1633594036102295,3.1271031700497542,3.1633594036102295,6000.0
2019-08-29,3.1724238648286924,3.1724238648286924,3.127103567123413,3.127103567123413,74400.0
2019-08-30,3.127103289515639,3.145231406988432,3.1089751720428467,3.1089751720428467,52200.0
2019-09-02,3.1089750328331007,3.1089750328331007,3.0999109745025635,3.0999109745025635,9900.0
2019-09-03,3.0999109745025635,3.0999109745025635,3.0999109745025635,3.0999109745025635,0.0
2019-09-04,3.1271031494941757,3.1271031494941757,3.0817828578414885,3.0999109745025635,15400.0
2019-09-05,3.0908471151732737,3.0908471151732737,3.0817830562591553,3.0817830562591553,12000.0
2019-09-06,3.0999113131200846,3.1180394317613773,3.0908472537994385,3.0908472537994385,19100.0
2019-09-09,3.090846916172026,3.0999109745025635,3.090846916172026,3.0999109745025635,48700.0
2019-09-10,3.090846916172026,3.1180390911636384,3.0817828578414885,3.0999109745025635,65800.0
2019-09-11,3.11803936958313,3.1633596652826084,3.1089753104432343,3.11803936958313,122000.0
2019-09-12,3.1361671303059535,3.1724233627319336,3.1361671303059535,3.1724233627319336,68900.0
2019-09-13,3.1905516974147496,3.3537049706076076,3.1905516974147496,3.2177438735961914,21000.0
2019-09-16,3.199615955352783,3.199615955352783,3.199615955352783,3.199615955352783,5400.0
2019-09-17,3.1814874208384283,3.1814874208384283,3.1542952465189433,3.1724233627319336,8200.0
2019-09-18,3.1814874800489856,3.2086796548745435,3.136167188673056,3.145231246948242,45800.0
2019-09-19,3.1542954444885254,3.1724235618392704,3.145231385813153,3.1542954444885254,33000.0
2019-09-20,3.136167228439873,3.1633594036102295,3.136167228439873,3.1633594036102295,39000.0
2019-09-23,3.1724235618392704,3.1724235618392704,3.145231385813153,3.1542954444885254,72700.0
2019-09-24,3.1452312868299916,3.1633594036102295,3.136167228439873,3.1633594036102295,86600.0
2019-09-25,3.154295305223428,3.154295305223428,3.145231246948242,3.145231246948242,30000.0
2019-09-26,3.145231385813153,3.1905516791900155,3.1089751511116623,3.1542954444885254,33100.0
2019-09-27,3.145231246948242,3.145231246948242,3.145231246948242,3.145231246948242,14081400.0
2019-09-30,3.127103567123413,3.127103567123413,3.127103567123413,3.127103567123413,200.0
2019-10-01,3.1361672093757464,3.208679676055908,3.1361672093757464,3.208679676055908,19600.0
2019-10-02,3.21774407393575,3.21774407393575,3.1905518960612995,3.199615955352783,7100.0
2019-10-03,3.1633594036102295,3.1724234620003484,3.1542953452201106,3.1633594036102295,5900.0
2019-10-04,3.1633597181868485,3.199615955352783,3.127103481020914,3.199615955352783,9700.0
2019-10-07,3.181487638687602,3.235871991050486,3.172423579960455,3.2177438735961914,8900.0
2019-10-08,3.235872063558777,3.462473752919278,3.235872063558777,3.408089399337769,102900.0
2019-10-09,3.399025141629427,3.4443454336303128,3.3083845576276545,3.317448616027832,52900.0
2019-10-10,3.2993207978833796,3.362769212427997,3.281192463337842,3.2902567386627197,5400.0
2019-10-11,3.326512615333211,3.3537047900506796,3.326512615333211,3.344640731811523,18900.0
2019-10-14,3.3265130139754544,3.3265130139754544,3.308384895324707,3.308384895324707,6500.0
2019-10-15,3.3265128909316704,3.408089421842614,3.3265128909316704,3.36276912689209,20200.0
2019-10-16,3.344640731811523,3.344640731811523,3.344640731811523,3.344640731811523,500.0
2019-10-17,3.344641391684342,3.435281991958618,3.326513271629487,3.435281991958618,29500.0
2019-10-18,3.417153596878052,3.435281715473886,3.417153596878052,3.417153596878052,13000.0
2019-10-21,3.417153871903763,3.4534101120134735,3.417153871903763,3.435281991958618,36700.0
2019-10-22,3.426217539822824,3.4443456578030336,3.3355769499217756,3.36276912689209,20200.0
2019-10-23,3.380897260835251,3.426217555999756,3.3537050837365485,3.426217555999756,8100.0
2019-10-24,3.417153496966855,3.426217555999756,3.417153496966855,3.426217555999756,1300.0
2019-10-25,3.444345375118669,3.4806016081034663,3.371832909149074,3.453409433364868,40200.0
2019-10-29,3.46247359125727,3.46247359125727,3.444345474243164,3.444345474243164,3200.0
2019-10-30,3.4262179319311907,3.435281991958618,3.399025751848908,3.435281991958618,4600.0
2019-10-31,3.399025181707899,3.444345474243164,3.3083845966373686,3.444345474243164,12200.0
2019-11-01,3.4262175171982716,3.4262175171982716,3.389961281477265,3.408089399337769,8300.0
2019-11-04,3.426217656175969,3.4443457747718034,3.408089537580135,3.417153596878052,13000.0
2019-11-05,3.435281715473886,3.435281715473886,3.417153596878052,3.417153596878052,4100.0
2019-11-06,3.39902508124646,3.39902508124646,3.326512615333211,3.344640731811523,10100.0
2019-11-07,3.34464108503762,3.408089499412472,3.3083848482519898,3.3990254402160645,18200.0
2019-11-08,3.3899611638143874,3.3899611638143874,3.353704929351806,3.353704929351806,10600.0
2019-11-11,3.3355766735723673,3.371832906528992,3.3355766735723673,3.344640731811523,3000.0
2019-11-12,3.335576812120516,3.353704929351806,3.335576812120516,3.353704929351806,6000.0
2019-11-13,3.344640870736161,3.353704929351806,3.335576812120516,3.353704929351806,7000.0
2019-11-14,3.344640870736161,3.353704929351806,3.335576812120516,3.353704929351806,14600.0
2019-11-15,3.344640831198316,3.344640831198316,3.3355767726898193,3.3355767726898193,2800.0
2019-11-18,3.3355767726898193,3.3355767726898193,3.3355767726898193,3.3355767726898193,0.0
2019-11-19,3.3355767726898193,3.3537048897068127,3.3355767726898193,3.3355767726898193,2600.0
2019-11-20,3.3355767726898193,3.3355767726898193,3.3355767726898193,3.3355767726898193,3000.0
2019-11-21,3.3355767726898193,3.3355767726898193,3.3355767726898193,3.3355767726898193,0.0
2019-11-22,3.3355767726898193,3.3355767726898193,3.3355767726898193,3.3355767726898193,2000.0
2019-11-25,3.31744875478881,3.33557687234742,3.31744875478881,3.3265128135681152,2400.0
2019-11-26,3.3174485759471795,3.3174485759471795,3.281192126680314,3.2993204593658447,16700.0
2019-11-27,3.3083845971643293,3.3355767726898193,3.299320538655832,3.3355767726898193,5200.0
2019-11-28,3.3355766735723673,3.344640731811523,3.2539999333157676,3.344640731811523,11900.0
2019-11-29,3.344640731811523,3.344640731811523,3.344640731811523,3.344640731811523,0.0
2019-12-02,3.3265128126926635,3.3355768714695833,3.263064185150018,3.2811923027038574,4800.0
2019-12-03,3.2811923027038574,3.2811923027038574,3.2811923027038574,3.2811923027038574,0.0
2019-12-04,3.2811923027038574,3.2811923027038574,3.2811923027038574,3.2811923027038574,0.0
2019-12-05,3.2811923027038574,3.2811923027038574,3.2811923027038574,3.2811923027038574,0.0
2019-12-06,3.2811923027038574,3.2811923027038574,3.2811923027038574,3.2811923027038574,0.0
2019-12-09,3.2811926041678223,3.2811926041678223,3.254000425338745,3.254000425338745,4000.0
2019-12-10,3.2539999333157676,3.344640731811523,3.2539999333157676,3.344640731811523,7600.0
2019-12-11,3.353704929351806,3.362768987967452,3.353704929351806,3.353704929351806,13900.0
2019-12-12,3.353704929351806,3.353704929351806,3.353704929351806,3.353704929351806,7500.0
2019-12-13,3.371833224460268,3.380897283554077,3.371833224460268,3.380897283554077,800.0
2019-12-16,3.36276912689209,3.3808972448723,3.36276912689209,3.36276912689209,1000.0
2019-12-17,3.3537049685705105,3.371833086013794,3.3537049685705105,3.371833086013794,3600.0
2019-12-18,3.3537049899060305,3.3537049899060305,3.308384696009505,3.3265128135681152,6300.0
2019-12-19,3.3083845971643293,3.3355767726898193,3.3083845971643293,3.3355767726898193,22800.0
2019-12-20,3.353705067901985,3.3808972448723,3.353705067901985,3.36276912689209,7100.0
2019-12-23,3.344640831198316,3.344640831198316,3.3355767726898193,3.3355767726898193,4400.0
2019-12-24,3.353705067901985,3.36276912689209,3.353705067901985,3.36276912689209,3400.0
2019-12-25,3.36276912689209,3.36276912689209,3.36276912689209,3.36276912689209,0.0
2019-12-26,3.36276912689209,3.36276912689209,3.36276912689209,3.36276912689209,0.0
2019-12-27,3.3718330061867396,3.46247359125727,3.3718330061867396,3.444345474243164,71400.0
2019-12-30,3.4443457508537807,3.4624738693237305,3.4443457508537807,3.4624738693237305,90800.0
2019-12-31,3.4624735713242254,3.4896657466888428,3.4534095128693534,3.4896657466888428,140100.0
2020-01-02,3.4896660470286553,3.4896660470286553,3.4624738693237305,3.4624738693237305,63500.0
2020-01-03,3.4624738693237305,3.4624738693237305,3.4624738693237305,3.4624738693237305,0.0
2020-01-06,3.444345474243164,3.444345474243164,3.389961123200846,3.444345474243164,29100.0
2020-01-07,3.444345474243164,3.444345474243164,3.444345474243164,3.444345474243164,0.0
2020-01-08,3.444345474243164,3.444345474243164,3.444345474243164,3.444345474243164,0.0
2020-01-09,3.444345474243164,3.444345474243164,3.444345474243164,3.444345474243164,5000.0
2020-01-10,3.4352814568926138,3.4443455155082594,3.353704929351806,3.353704929351806,8900.0
2020-01-13,3.3718332018023505,3.426217555999756,3.3718332018023505,3.426217555999756,3800.0
2020-01-14,3.408089437933954,3.426217555999756,3.408089437933954,3.426217555999756,6400.0
2020-01-15,3.426217555999756,3.426217555999756,3.426217555999756,3.426217555999756,0.0
2020-01-16,3.426217555999756,3.426217555999756,3.426217555999756,3.426217555999756,27000.0
2020-01-17,3.426217555999756,3.426217555999756,3.426217555999756,3.426217555999756,8900.0
2020-01-20,3.426217555999756,3.426217555999756,3.426217555999756,3.426217555999756,0.0
2020-01-21,3.371832887879158,3.389961004257202,3.3537047715011137,3.389961004257202,17500.0
2020-01-22,3.408089437933954,3.426217555999756,3.408089437933954,3.426217555999756,1300.0
2020-01-23,3.4080891206352466,3.4080891206352466,3.389961004257202,3.389961004257202,1500.0
2020-01-24,3.371833086013794,3.371833086013794,3.3537049685705105,3.371833086013794,1200.0
2020-01-28,3.3446409311267256,3.3446409311267256,3.2630641860087715,3.3265128135681152,15300.0
2020-01-29,3.3265128135681152,3.3537049899060305,3.3265128135681152,3.3265128135681152,13400.0
2020-01-30,3.3265128135681152,3.3265128135681152,3.3265128135681152,3.3265128135681152,0.0
2020-01-31,3.308384857104039,3.3446410939866777,3.2902567386627197,3.2902567386627197,17300.0
2020-02-03,3.299320475510307,3.299320475510307,3.199615617720888,3.208679676055908,21400.0
2020-02-04,3.263064484948438,3.263064484948438,3.172423888851514,3.254000425338745,12900.0
2020-02-05,3.27212854455813,3.290256879881742,3.254000425338745,3.254000425338745,9500.0
2020-02-06,3.2993207978833796,3.3265129755453584,3.263064344896523,3.2902567386627197,10700.0
2020-02-07,3.2811923027038574,3.2811923027038574,3.2811923027038574,3.2811923027038574,5000.0
2020-02-10,3.263064484948438,3.263064484948438,3.254000425338745,3.254000425338745,3700.0
2020-02-11,3.244936227798462,3.244936227798462,3.208679990900815,3.244936227798462,17100.0
2020-02-12,3.2358720302581787,3.2358720302581787,3.2358720302581787,3.2358720302581787,7400.0
2020-02-13,3.226807932323339,3.226807932323339,3.2177438735961914,3.2177438735961914,2000.0
2020-02-14,3.217743734390928,3.2358718510609688,3.208679676055908,3.208679676055908,5700.0
2020-02-17,3.1905515989284674,3.2268078327178955,3.1724234820337536,3.2268078327178955,13400.0
2020-02-18,3.24493621777292,3.471537913787324,3.24493621777292,3.3990254402160645,15700.0
2020-02-19,3.380897021978181,3.380897021978181,3.235871871593438,3.272128105163574,1100.0
2020-02-20,3.362768905193113,3.371832963585647,3.272128105163574,3.272128105163574,400.0
2020-02-21,3.272128105163574,3.272128105163574,3.272128105163574,3.272128105163574,0.0
2020-02-24,3.2902567785563477,3.299320837886907,3.263064384460449,3.263064384460449,5200.0
2020-02-25,3.272128105163574,3.272128105163574,3.272128105163574,3.272128105163574,5700.0
2020-02-26,3.2721284437910083,3.2721284437910083,3.263064384460449,3.263064384460449,7200.0
2020-02-27,3.2630642290023535,3.2630642290023535,3.1905517578125,3.1905517578125,17100.0
2020-02-28,3.190551618775959,3.190551618775959,3.172423501768475,3.181487560272217,26100.0
2020-03-02,3.1905517578125,3.1905517578125,3.1905517578125,3.1905517578125,1500.0
2020-03-03,3.2177438735961914,3.2177438735961914,3.2177438735961914,3.2177438735961914,400.0
2020-03-04,3.2177438735961914,3.2177438735961914,3.2177438735961914,3.2177438735961914,11100.0
2020-03-05,3.2177438735961914,3.2177438735961914,3.2177438735961914,3.2177438735961914,21000.0
2020-03-06,3.181487744564153,3.208679921650522,3.0545907020568848,3.0545907020568848,64400.0
2020-03-09,3.0817832211865084,3.0817832211865084,2.90956587649752,3.000206470489502,65200.0
2020-03-10,3.000206470489502,3.000206470489502,3.000206470489502,3.000206470489502,0.0
2020-03-11,3.0817829550870193,3.0817829550870193,3.0455265045166016,3.0455265045166016,18000.0
2020-03-12,2.882373451229764,2.936757802963257,2.8098607661475703,2.936757802963257,22500.0
2020-03-13,2.8098607063293457,2.818924764758633,2.7645404141829113,2.8098607063293457,18600.0
2020-03-16,2.773604411711011,2.809860644632065,2.7282841205596924,2.7282841205596924,24600.0
2020-03-17,2.719219923019409,2.7282839807853065,2.7010918074876145,2.719219923019409,127000.0
2020-03-18,2.719219923019409,2.719219923019409,2.719219923019409,2.719219923019409,0.0
2020-03-19,2.710156144855822,2.710156144855822,2.6013872243393616,2.628579616546631,100600.0
2020-03-20,2.492618781439408,2.7101564291910165,2.492618781439408,2.6467080116271973,15100.0
2020-03-23,2.583259344100952,2.583259344100952,2.4019781534374807,2.583259344100952,96700.0
2020-03-24,2.628579616546631,2.628579616546631,2.447298226422,2.628579616546631,27000.0
2020-03-25,2.628579830221733,2.719220424600045,2.5470030791770286,2.6739001274108887,37600.0
2020-03-26,2.628579616546631,2.628579616546631,2.628579616546631,2.628579616546631,11000.0
2020-03-27,2.6104513159743785,2.6285794321044067,2.5560667514801025,2.5560667514801025,9500.0
2020-03-30,2.5560672829214663,2.5560672829214663,2.420106383678122,2.4654266834259033,10100.0
2020-03-31,2.4654266834259033,2.4654266834259033,2.4654266834259033,2.4654266834259033,0.0
2020-04-01,2.5288749744819436,2.537939033970601,2.4654265580613406,2.519810914993286,32900.0
2020-04-02,2.510746955871582,2.510746955871582,2.510746955871582,2.510746955871582,3800.0
2020-04-03,2.492618660882899,2.492618660882899,2.4835546016693115,2.4835546016693115,3600.0
2020-04-06,2.447298526763916,2.447298526763916,2.447298526763916,2.447298526763916,18000.0
2020-04-07,2.583259344100952,2.583259344100952,2.583259344100952,2.583259344100952,3100.0
2020-04-08,2.5651310875134357,2.574195146560669,2.5651310875134357,2.574195146560669,2100.0
2020-04-09,2.583259344100952,2.583259344100952,2.583259344100952,2.583259344100952,1000.0
2020-04-13,2.583259048264895,2.6920279663109357,2.574194989769742,2.6557717323303223,32300.0
2020-04-14,2.673899849320629,2.673899849320629,2.6557717323303223,2.6557717323303223,11000.0
2020-04-15,2.6195156574249268,2.6195156574249268,2.6195156574249268,2.6195156574249268,1500.0
2020-04-16,2.6195155578456095,2.628579616546631,2.6104514991445886,2.628579616546631,3200.0
2020-04-17,2.6739001274108887,2.6739001274108887,2.628579830221733,2.6739001274108887,63100.0
2020-04-20,2.6739001274108887,2.68296418684872,2.6739001274108887,2.6739001274108887,20500.0
2020-04-21,2.646707452413507,2.646707452413507,2.6104512214660645,2.6104512214660645,8000.0
2020-04-22,2.583259344100952,2.583259344100952,2.583259344100952,2.583259344100952,5000.0
2020-04-23,2.592323264655136,2.592323264655136,2.574195146560669,2.574195146560669,2000.0
2020-04-24,2.5832592056079027,2.5832592056079027,2.574195146560669,2.574195146560669,10500.0
2020-04-27,2.574195146560669,2.574195146560669,2.574195146560669,2.574195146560669,0.0
2020-04-28,2.5923232035109174,2.6013872623443604,2.574195085844032,2.6013872623443604,3600.0
2020-04-29,2.619515798337872,2.619515798337872,2.583259344100952,2.583259344100952,4600.0
2020-04-30,2.583259106937319,2.637643675247652,2.583259106937319,2.628579616546631,12100.0
2020-05-04,2.628579616546631,2.628579616546631,2.628579616546631,2.628579616546631,0.0
2020-05-05,2.628579616546631,2.628579616546631,2.628579616546631,2.628579616546631,1500.0
2020-05-06,2.628579616546631,2.628579616546631,2.628579616546631,2.628579616546631,0.0
2020-05-08,2.628579616546631,2.628579616546631,2.628579616546631,2.628579616546631,6300.0
2020-05-11,2.619515279202925,2.619515279202925,2.6104512214660645,2.6104512214660645,26900.0
2020-05-12,2.6104512214660645,2.6104512214660645,2.6104512214660645,2.6104512214660645,0.0
2020-05-13,2.601386947625021,2.6104512214660645,2.5923228898881603,2.6104512214660645,42000.0
2020-05-14,2.583259144677475,2.6013872623443604,2.583259144677475,2.6013872623443604,5000.0
2020-05-15,2.601387123152531,2.601387123152531,2.592323064804077,2.592323064804077,6000.0
2020-05-18,2.592323064804077,2.592323064804077,2.592323064804077,2.592323064804077,5000.0
2020-05-19,2.6013872623443604,2.6013872623443604,2.6013872623443604,2.6013872623443604,1000.0
2020-05-20,2.601387165255202,2.6557717323303223,2.601387165255202,2.6557717323303223,10300.0
2020-05-21,2.6557717323303223,2.6557717323303223,2.6557717323303223,2.6557717323303223,0.0
2020-05-22,2.619515279202925,2.619515279202925,2.6104512214660645,2.6104512214660645,3500.0
2020-05-26,2.6104512214660645,2.6104512214660645,2.6104512214660645,2.6104512214660645,0.0
2020-05-27,2.6104512214660645,2.6104512214660645,2.6104512214660645,2.6104512214660645,0.0
2020-05-28,2.692028045654297,2.7010921044165994,2.692028045654297,2.692028045654297,2000.0
2020-05-29,2.682963907815782,2.682963907815782,2.6557717323303223,2.6557717323303223,500.0
2020-06-01,2.6557717323303223,2.6557717323303223,2.6557717323303223,2.6557717323303223,0.0
2020-06-02,2.6557717126363096,2.719220121631878,2.6557717126363096,2.701092004776001,7900.0
2020-06-03,2.7192201220364765,2.8098607063293457,2.7192201220364765,2.8098607063293457,5300.0
2020-06-04,2.80986047426734,2.900501267178527,2.80986047426734,2.8551809787750244,8400.0
2020-06-05,2.873309650067309,2.9005018283705812,2.864245590632885,2.8914377689361572,7300.0
2020-06-08,2.9186296265544045,2.963949918746948,2.8733093343618608,2.963949918746948,28200.0
2020-06-09,3.038280963897705,3.038280963897705,3.038280963897705,3.038280963897705,0.0
2020-06-10,2.9360759258270264,2.9453672962258186,2.9360759258270264,2.9360759258270264,28600.0
2020-06-11,2.8524536695747935,2.8524536695747935,2.843162298202514,2.843162298202514,10200.0
2020-06-12,2.6945002053417184,2.8617448806762695,2.6945002053417184,2.8617448806762695,2100.0
2020-06-15,2.7874138751694657,2.8524534702301025,2.7874138751694657,2.8524534702301025,7300.0
2020-06-16,2.871036408382325,2.9825330862205433,2.871036408382325,2.8989105224609375,14300.0
2020-06-17,2.9918240695017686,3.0196981799647484,2.9732413291931152,2.9732413291931152,21400.0
2020-06-18,2.9732413291931152,2.9732413291931152,2.9732413291931152,2.9732413291931152,2600.0
2020-06-19,2.9732413291931152,2.9732413291931152,2.9732413291931152,2.9732413291931152,0.0
2020-06-22,2.9732413291931152,2.9732413291931152,2.9732413291931152,2.9732413291931152,0.0
2020-06-23,3.01969838142395,3.01969838142395,3.01969838142395,3.01969838142395,5000.0
2020-06-24,3.056863864520752,3.056863864520752,2.982532898327148,3.01969838142395,10200.0
2020-06-25,2.8803275990533357,2.9082019329071045,2.8803275990533357,2.9082019329071045,1600.0
2020-06-26,3.028989593609971,3.038280963897705,3.028989593609971,3.038280963897705,200.0
2020-06-29,2.889619048161513,2.9267847537994385,2.889619048161513,2.9267847537994385,1800.0
2020-06-30,2.9732413291931152,2.9732413291931152,2.9732413291931152,2.9732413291931152,4000.0
2020-07-01,3.0011154827467688,3.038280963897705,3.0011154827467688,3.038280963897705,20100.0
2020-07-02,3.038280963897705,3.038280963897705,3.038280963897705,3.038280963897705,0.0
2020-07-03,2.9825327396392822,2.9825327396392822,2.9825327396392822,2.9825327396392822,8000.0
2020-07-06,2.9918240695017686,2.9918240695017686,2.9732413291931152,2.9732413291931152,25600.0
2020-07-07,2.9732414092762767,2.991824150085449,2.9732414092762767,2.991824150085449,11900.0
2020-07-08,3.066155319227561,3.066155319227561,2.9267847537994385,2.9267847537994385,200.0
2020-07-09,2.9267847537994385,2.9267847537994385,2.9267847537994385,2.9267847537994385,0.0
2020-07-13,2.9918244575800808,3.0011158289396183,2.8989105224609375,2.8989105224609375,10000.0
2020-07-14,2.945367186361122,2.945367186361122,2.7502481937408447,2.7502481937408447,200.0
2020-07-15,2.778122504525257,2.7967052459716797,2.778122504525257,2.7967052459716797,3000.0
2020-07-16,2.8617448806762695,2.8617448806762695,2.8617448806762695,2.8617448806762695,2900.0
2020-07-17,2.8617448806762695,2.8617448806762695,2.8617448806762695,2.8617448806762695,0.0
2020-07-20,2.8617448806762695,2.8617448806762695,2.8617448806762695,2.8617448806762695,0.0
2020-07-21,2.8617448806762695,2.8617448806762695,2.8617448806762695,2.8617448806762695,0.0
2020-07-22,2.8617448806762695,2.8617448806762695,2.8617448806762695,2.8617448806762695,100.0
2020-07-23,2.8617448806762695,2.8617448806762695,2.8617448806762695,2.8617448806762695,0.0
2020-07-24,2.8617448806762695,2.8617448806762695,2.8617448806762695,2.8617448806762695,17000.0
2020-07-27,2.8617448806762695,2.8617448806762695,2.8617448806762695,2.8617448806762695,0.0
2020-07-28,2.7874135971069336,2.7874135971069336,2.7874135971069336,2.7874135971069336,1000.0
2020-07-29,2.8059966555647526,2.8617448806762695,2.7874139138609135,2.8617448806762695,19000.0
2020-07-30,2.8617448806762695,2.8617448806762695,2.8617448806762695,2.8617448806762695,8000.0
2020-08-03,2.8617448806762695,2.8617448806762695,2.8617448806762695,2.8617448806762695,0.0
2020-08-04,2.8617448806762695,2.8617448806762695,2.8617448806762695,2.8617448806762695,0.0
2020-08-05,2.8617448806762695,2.8617448806762695,2.8617448806762695,2.8617448806762695,0.0
2020-08-06,2.7874135971069336,2.7874135971069336,2.7874135971069336,2.7874135971069336,5000.0
2020-08-07,2.7874135971069336,2.7874135971069336,2.7874135971069336,2.7874135971069336,0.0
2020-08-11,2.768831253051758,2.768831253051758,2.768831253051758,2.768831253051758,3200.0
2020-08-12,2.731665650989771,2.740957021713257,2.731665650989771,2.740957021713257,2000.0
2020-08-13,2.7037915386629323,2.8524534702301025,2.7037915386629323,2.8524534702301025,3000.0
2020-08-14,2.8524534702301025,2.8524534702301025,2.8524534702301025,2.8524534702301025,0.0
2020-08-17,2.694500325441335,2.722374439239502,2.6573346188533473,2.722374439239502,4000.0
2020-08-18,2.694500207901001,2.694500207901001,2.694500207901001,2.694500207901001,4000.0
2020-08-19,2.694500207901001,2.694500207901001,2.694500207901001,2.694500207901001,0.0
2020-08-20,2.8617448806762695,2.8617448806762695,2.8617448806762695,2.8617448806762695,12000.0
2020-08-21,2.852453352135201,2.9546586473799636,2.852453352135201,2.8803274631500244,159600.0
2020-08-24,2.87103609281175,2.8896188334882993,2.87103609281175,2.8803274631500244,26200.0
2020-08-25,2.8710365295410156,2.8989106447959254,2.8710365295410156,2.8710365295410156,34900.0
2020-08-26,2.8803279012926524,2.8803279012926524,2.8710365295410156,2.8710365295410156,61900.0
2020-08-27,2.8524534702301025,2.8710362116759987,2.8524534702301025,2.8524534702301025,4600.0
2020-08-28,2.852453185679451,2.852453185679451,2.7874135971069336,2.7874135971069336,31800.0
2020-08-31,2.7967051674878953,2.833870649337769,2.7967051674878953,2.833870649337769,3100.0
2020-09-01,2.833870649337769,2.843162019800237,2.833870649337769,2.833870649337769,300.0
2020-09-02,2.8245792388916016,2.8245792388916016,2.8245792388916016,2.8245792388916016,500.0
2020-09-03,2.8245792388916016,2.8245792388916016,2.8245792388916016,2.8245792388916016,0.0
2020-09-04,2.8245792388916016,2.8245792388916016,2.8245792388916016,2.8245792388916016,0.0
2020-09-07,2.8245792388916016,2.8245792388916016,2.8245792388916016,2.8245792388916016,0.0
2020-09-08,2.8245792388916016,2.8245792388916016,2.8245792388916016,2.8245792388916016,0.0
2020-09-09,2.8245792388916016,2.8245792388916016,2.8245792388916016,2.8245792388916016,0.0
2020-09-10,2.8245792388916016,2.8245792388916016,2.8245792388916016,2.8245792388916016,0.0
2020-09-11,2.8245792388916016,2.8245792388916016,2.8245792388916016,2.8245792388916016,0.0
2020-09-14,2.694500168178605,2.796705246140086,2.675917426731063,2.685208797454834,14100.0
2020-09-15,2.6852085183480927,2.722373997380111,2.675917148590088,2.675917148590088,10500.0
2020-09-16,2.694500247350391,2.703791618347168,2.6573345418395253,2.703791618347168,1700.0
2020-09-17,2.703791618347168,2.703791618347168,2.703791618347168,2.703791618347168,0.0
2020-09-18,2.703791538902376,2.722374280349918,2.685208797454834,2.685208797454834,12000.0
2020-09-21,2.703791618347168,2.703791618347168,2.703791618347168,2.703791618347168,3000.0
2020-09-22,2.703791618347168,2.703791618347168,2.703791618347168,2.703791618347168,0.0
2020-09-23,2.703791618347168,2.703791618347168,2.703791618347168,2.703791618347168,0.0
2020-09-24,2.7037918462930945,2.7037918462930945,2.648043394088745,2.648043394088745,1700.0
2020-09-25,2.648043394088745,2.648043394088745,2.648043394088745,2.648043394088745,0.0
2020-09-28,2.648043394088745,2.648043394088745,2.648043394088745,2.648043394088745,0.0
2020-09-29,2.713083028793335,2.713083028793335,2.713083028793335,2.713083028793335,5000.0
2020-09-30,2.8245792388916016,2.8245792388916016,2.8245792388916016,2.8245792388916016,100.0
2020-10-01,2.675917148590088,2.675917148590088,2.675917148590088,2.675917148590088,2000.0
2020-10-02,2.675917148590088,2.675917148590088,2.675917148590088,2.675917148590088,0.0
2020-10-05,2.675917148590088,2.675917148590088,2.675917148590088,2.675917148590088,0.0
2020-10-06,2.675917148590088,2.675917148590088,2.675917148590088,2.675917148590088,0.0
2020-10-07,2.657334566116333,2.657334566116333,2.657334566116333,2.657334566116333,100.0
2020-10-08,2.657334566116333,2.657334566116333,2.657334566116333,2.657334566116333,0.0
2020-10-09,2.657334566116333,2.657334566116333,2.657334566116333,2.657334566116333,0.0
2020-10-12,2.657334566116333,2.657334566116333,2.657334566116333,2.657334566116333,0.0
2020-10-13,2.657334566116333,2.657334566116333,2.657334566116333,2.657334566116333,0.0
2020-10-14,2.648043394088745,2.648043394088745,2.648043394088745,2.648043394088745,100.0
2020-10-15,2.648043394088745,2.648043394088745,2.648043394088745,2.648043394088745,100.0
2020-10-16,2.648043394088745,2.648043394088745,2.648043394088745,2.648043394088745,0.0
2020-10-19,2.6852085183480927,2.6852085183480927,2.675917148590088,2.675917148590088,1000.0
2020-10-20,2.675917148590088,2.675917148590088,2.675917148590088,2.675917148590088,0.0
2020-10-21,2.648043394088745,2.675917730952808,2.648043394088745,2.648043394088745,5200.0
2020-10-22,2.6945004745129992,2.6945004745129992,2.648043394088745,2.648043394088745,3800.0
2020-10-23,2.648043394088745,2.648043394088745,2.648043394088745,2.648043394088745,0.0
2020-10-26,2.648043394088745,2.648043394088745,2.648043394088745,2.648043394088745,0.0
2020-10-27,2.675917148590088,2.675917148590088,2.675917148590088,2.675917148590088,1400.0
2020-10-28,2.675917148590088,2.675917148590088,2.675917148590088,2.675917148590088,0.0
2020-10-29,2.675917148590088,2.675917148590088,2.675917148590088,2.675917148590088,0.0
2020-10-30,2.675917148590088,2.675917148590088,2.675917148590088,2.675917148590088,0.0
2020-11-02,2.675917148590088,2.675917148590088,2.675917148590088,2.675917148590088,1000.0
2020-11-03,2.675917148590088,2.675917148590088,2.675917148590088,2.675917148590088,0.0
2020-11-04,2.675917148590088,2.675917148590088,2.675917148590088,2.675917148590088,0.0
2020-11-05,2.6573346566021065,2.6573346566021065,2.5086727142333984,2.5086727142333984,1200.0
2020-11-06,2.5086727142333984,2.5086727142333984,2.5086727142333984,2.5086727142333984,0.0
2020-11-09,2.6015862777698,2.694500207901001,2.6015862777698,2.694500207901001,2100.0
2020-11-10,2.861744720215374,2.871036090546317,2.7037914245893417,2.8245792388916016,11300.0
2020-11-11,2.824579397268592,2.8617448806762695,2.824579397268592,2.8617448806762695,13600.0
2020-11-12,2.8617449252923746,2.8617449252923746,2.703791618347168,2.703791618347168,5900.0
2020-11-13,2.824579397268592,2.8617448806762695,2.824579397268592,2.8617448806762695,12200.0
2020-11-16,2.8617448806762695,2.8617448806762695,2.8617448806762695,2.8617448806762695,0.0
2020-11-17,2.8617448806762695,2.8617448806762695,2.8617448806762695,2.8617448806762695,200.0
2020-11-18,2.7874135971069336,2.7874135971069336,2.7874135971069336,2.7874135971069336,2200.0
2020-11-19,2.7874135971069336,2.7874135971069336,2.7874135971069336,2.7874135971069336,5000.0
2020-11-20,2.7874135971069336,2.7874135971069336,2.7874135971069336,2.7874135971069336,1000.0
2020-11-23,2.7874137970254274,2.833870649337769,2.7874137970254274,2.833870649337769,8200.0
2020-11-24,2.833870649337769,2.833870649337769,2.833870649337769,2.833870649337769,0.0
2020-11-25,2.833870649337769,2.861744760725174,2.833870649337769,2.833870649337769,32900.0
2020-11-26,2.833870649337769,2.833870649337769,2.833870649337769,2.833870649337769,2100.0
2020-11-27,2.833870649337769,2.833870649337769,2.833870649337769,2.833870649337769,0.0
2020-11-30,2.833870649337769,2.833870649337769,2.833870649337769,2.833870649337769,0.0
2020-12-01,2.833870649337769,2.833870649337769,2.833870649337769,2.833870649337769,1000.0
2020-12-02,2.833870649337769,2.833870649337769,2.833870649337769,2.833870649337769,0.0
2020-12-03,2.833870649337769,2.833870649337769,2.833870649337769,2.833870649337769,0.0
2020-12-04,2.7874135971069336,2.7874135971069336,2.7874135971069336,2.7874135971069336,5000.0
2020-12-07,2.7874135971069336,2.7874135971069336,2.7874135971069336,2.7874135971069336,500.0
2020-12-08,2.7874135971069336,2.7874135971069336,2.7874135971069336,2.7874135971069336,0.0
2020-12-09,2.7874135971069336,2.7874135971069336,2.7874135971069336,2.7874135971069336,0.0
2020-12-10,2.8338708381916473,2.8338708381916473,2.657334566116333,2.657334566116333,11100.0
2020-12-11,2.833870649337769,2.833870649337769,2.833870649337769,2.833870649337769,200.0
2020-12-14,2.731665535582171,2.8245792388916016,2.694500054258399,2.8245792388916016,6200.0
2020-12-15,2.8245792388916016,2.8245792388916016,2.8245792388916016,2.8245792388916016,1000.0
2020-12-16,2.8245792388916016,2.8245792388916016,2.722374165251228,2.8245792388916016,2000.0
2020-12-17,2.8245792388916016,2.8245792388916016,2.8245792388916016,2.8245792388916016,0.0
2020-12-18,2.8245792388916016,2.8245792388916016,2.8245792388916016,2.8245792388916016,0.0
2020-12-21,2.8152875488565035,2.8152875488565035,2.787413441029059,2.8059961795806885,18400.0
2020-12-22,2.8059961795806885,2.8059961795806885,2.8059961795806885,2.8059961795806885,4900.0
2020-12-23,2.8059961795806885,2.8059961795806885,2.8059961795806885,2.8059961795806885,0.0
2020-12-24,2.8059961795806885,2.8059961795806885,2.8059961795806885,2.8059961795806885,0.0
2020-12-28,2.824579358061258,2.8524534702301025,2.7967052458924138,2.8524534702301025,8800.0
2020-12-29,2.8524534702301025,2.8524534702301025,2.8524534702301025,2.8524534702301025,100.0
2020-12-30,2.8059965379503637,2.833870649337769,2.8059965379503637,2.833870649337769,6100.0
2020-12-31,2.833870649337769,2.833870649337769,2.833870649337769,2.833870649337769,0.0
2021-01-04,2.833870649337769,2.833870649337769,2.833870649337769,2.833870649337769,4000.0
2021-01-05,2.833870649337769,2.833870649337769,2.833870649337769,2.833870649337769,0.0
2021-01-06,2.8152878284454346,2.8152878284454346,2.8152878284454346,2.8152878284454346,15000.0
2021-01-07,2.843162298202514,2.843162298202514,2.843162298202514,2.843162298202514,1500.0
2021-01-08,2.843162298202514,2.843162298202514,2.843162298202514,2.843162298202514,0.0
2021-01-11,2.8152875488565035,2.8152875488565035,2.8059961795806885,2.8059961795806885,5600.0
2021-01-12,2.8059966555647526,2.8617448806762695,2.8059966555647526,2.8617448806762695,4300.0
2021-01-13,2.8338707681205113,2.8617448806762695,2.8338707681205113,2.8617448806762695,11800.0
2021-01-14,2.861744760725174,2.861744760725174,2.833870649337769,2.833870649337769,33000.0
2021-01-15,2.8617451577893793,2.8710365295410156,2.8617451577893793,2.8710365295410156,118000.0
2021-01-18,2.8710365295410156,2.8710365295410156,2.8710365295410156,2.8710365295410156,0.0
2021-01-19,2.8710365295410156,2.8710365295410156,2.8710365295410156,2.8710365295410156,0.0
2021-01-20,2.8896191511014,2.8989105224609375,2.8896191511014,2.8989105224609375,50200.0
2021-01-21,2.9082019329071045,2.9082019329071045,2.9082019329071045,2.9082019329071045,30000.0
2021-01-22,2.8803274631500244,2.8989102038265737,2.87103609281175,2.8803274631500244,8000.0
2021-01-25,2.8803274631500244,2.8803274631500244,2.87103609281175,2.8803274631500244,13600.0
2021-01-26,2.8710364123193512,2.8710364123193512,2.843162298202514,2.843162298202514,7800.0
2021-01-27,2.833870649337769,2.833870649337769,2.833870649337769,2.833870649337769,3000.0
2021-01-28,2.8245792411203774,2.8803274631500244,2.8152878707821025,2.8803274631500244,4300.0
2021-01-29,2.824579670782833,2.8710365295410156,2.824579670782833,2.8710365295410156,8600.0
2021-02-01,2.8245792388916016,2.8245792388916016,2.8245792388916016,2.8245792388916016,9400.0
2021-02-02,2.8245792411203774,2.8803274631500244,2.8245792411203774,2.8803274631500244,1400.0
2021-02-03,2.8803274631500244,2.8803274631500244,2.8803274631500244,2.8803274631500244,0.0
2021-02-04,2.8803274631500244,2.8803274631500244,2.8803274631500244,2.8803274631500244,0.0
2021-02-05,2.8803274631500244,2.8803274631500244,2.8803274631500244,2.8803274631500244,0.0
2021-02-08,2.87103609281175,2.8803274631500244,2.87103609281175,2.8803274631500244,4200.0
2021-02-09,2.8803275990533357,2.9082019329071045,2.8803275990533357,2.9082019329071045,6700.0
2021-02-10,2.8896192730442887,2.8896192730442887,2.8710365295410156,2.8710365295410156,5000.0
2021-02-11,2.8710365295410156,2.8710365295410156,2.8710365295410156,2.8710365295410156,0.0
2021-02-15,2.8617448409530506,2.8617448409530506,2.8524534702301025,2.8524534702301025,6000.0
2021-02-16,2.8431619817969263,2.8803274631500244,2.8431619817969263,2.8803274631500244,5800.0
2021-02-17,2.8803274631500244,2.8803274631500244,2.8803274631500244,2.8803274631500244,0.0
2021-02-18,2.8803274631500244,2.8803274631500244,2.8803274631500244,2.8803274631500244,0.0
2021-02-19,2.8803274631500244,2.8803274631500244,2.8803274631500244,2.8803274631500244,0.0
2021-02-22,2.8803279012926524,2.8803279012926524,2.8710365295410156,2.8710365295410156,6100.0
2021-02-23,2.8710365295410156,2.8710365295410156,2.8710365295410156,2.8710365295410156,0.0
2021-02-24,2.8710365295410156,2.8710365295410156,2.8710365295410156,2.8710365295410156,0.0
2021-02-25,2.8710363061044304,2.973241608942146,2.8710363061044304,2.9267847537994385,6400.0
2021-02-26,2.9174933433532715,2.9174933433532715,2.8803276382174845,2.9174933433532715,5200.0
2021-03-01,2.8989102038265737,2.9174931660268655,2.8803274631500244,2.8803274631500244,54100.0
2021-03-02,2.8803276382174845,2.9174933433532715,2.8803276382174845,2.9174933433532715,27500.0
2021-03-03,2.9174933433532715,2.9174933433532715,2.9174933433532715,2.9174933433532715,0.0
2021-03-04,2.9174933433532715,2.9174933433532715,2.9174933433532715,2.9174933433532715,0.0
2021-03-05,2.9174933433532715,2.9174933433532715,2.9174933433532715,2.9174933433532715,24000.0
2021-03-08,2.8989102245158427,2.991824150085449,2.8989102245158427,2.991824150085449,15900.0
2021-03-09,3.019698032868215,3.233399757531556,3.0104066631664925,3.103320360183716,87500.0
2021-03-10,3.112612089165955,3.112612089165955,3.01969838142395,3.01969838142395,17200.0
2021-03-11,3.214817325394113,3.2241086959838867,3.214817325394113,3.2241086959838867,3000.0
2021-03-12,3.2241086959838867,3.2241086959838867,3.2241086959838867,3.2241086959838867,0.0
2021-03-15,3.1126119261995786,3.1126119261995786,3.038280963897705,3.038280963897705,5100.0
2021-03-16,3.028989909439016,3.056864023208618,3.028989909439016,3.056864023208618,1600.0
2021-03-17,3.056864023208618,3.056864023208618,3.056864023208618,3.056864023208618,0.0
2021-03-18,3.066155433654785,3.066155433654785,3.066155433654785,3.066155433654785,2800.0
2021-03-19,3.159068957278961,3.159068957278961,3.028989553451538,3.028989553451538,1600.0
2021-03-22,3.0289897521981506,3.047572493746552,3.01969838142395,3.01969838142395,27200.0
2021-03-23,3.0289897521981506,3.0289897521981506,3.01969838142395,3.01969838142395,7000.0
2021-03-24,2.9453671383998623,3.0289894675081337,2.9453671383998623,2.9546585083007812,12700.0
2021-03-25,2.9267846736819454,3.0289897521981506,2.9267846736819454,3.01969838142395,22100.0
2021-03-26,3.028989948153624,3.186943483057327,3.0196985767783335,3.066155433654785,26100.0
2021-03-29,3.0754470825195312,3.1311953158012886,3.0754470825195312,3.0754470825195312,2500.0
2021-03-30,3.0847384547331576,3.094029826946784,3.0754470825195312,3.0754470825195312,7700.0
2021-03-31,3.0754470825195312,3.0754470825195312,3.0754470825195312,3.0754470825195312,0.0
2021-04-01,3.112612009048462,3.112612009048462,3.112612009048462,3.112612009048462,5400.0
2021-04-05,3.112612009048462,3.112612009048462,3.112612009048462,3.112612009048462,0.0
2021-04-06,3.112612009048462,3.112612009048462,3.112612009048462,3.112612009048462,0.0
2021-04-07,3.177651643753052,3.177651643753052,3.177651643753052,3.177651643753052,800.0
2021-04-08,3.186943292617798,3.186943292617798,3.186943292617798,3.186943292617798,2600.0
2021-04-09,3.177651493933159,3.2519824504852295,3.112611685426373,3.2519824504852295,12600.0
2021-04-12,3.2519828714993144,3.2519828714993144,3.131194829940796,3.131194829940796,2200.0
2021-04-13,3.159069180157577,3.186943292617798,3.159069180157577,3.186943292617798,4500.0
2021-04-14,3.186943292617798,3.186943292617798,3.186943292617798,3.186943292617798,0.0
2021-04-15,3.186943292617798,3.186943292617798,3.186943292617798,3.186943292617798,0.0
2021-04-16,3.186943292617798,3.186943292617798,3.186943292617798,3.186943292617798,0.0
2021-04-19,3.1683605916233493,3.1683605916233493,3.140486478805542,3.140486478805542,9500.0
2021-04-20,3.1404861637247388,3.177651643753052,3.1219032021868474,3.177651643753052,5100.0
2021-04-21,3.121903397263402,3.196234583488452,3.121903397263402,3.168360471725464,9100.0
2021-04-22,3.121903397263402,3.168360471725464,3.121903397263402,3.168360471725464,3400.0
2021-04-23,3.168360471725464,3.168360471725464,3.168360471725464,3.168360471725464,0.0
2021-04-26,3.168360471725464,3.168360471725464,3.168360471725464,3.168360471725464,1200.0
2021-04-27,3.177651905324074,3.177651905324074,3.094029346853175,3.131194829940796,9000.0
2021-04-28,3.0940292679783736,3.121903379583506,3.0940292679783736,3.112612009048462,27600.0
2021-04-29,3.1590692603075174,3.1590692603075174,3.149777889251709,3.149777889251709,700.0
2021-04-30,3.1590688228607178,3.1590688228607178,3.1590688228607178,3.1590688228607178,6000.0
2021-05-03,3.1590688228607178,3.1590688228607178,3.1590688228607178,3.1590688228607178,0.0
2021-05-04,3.159069101137802,3.168360471725464,3.159069101137802,3.168360471725464,2500.0
2021-05-05,3.1590692603075174,3.1590692603075174,3.149777889251709,3.149777889251709,400.0
2021-05-06,3.187387228012085,3.187387228012085,3.187387228012085,3.187387228012085,0.0
2021-05-07,3.187387228012085,3.187387228012085,3.187387228012085,3.187387228012085,0.0
2021-05-10,3.1121685002527353,3.187387228012085,3.1121685002527353,3.187387228012085,1800.0
2021-05-11,3.1403748989105225,3.1497772102420085,3.1403748989105225,3.1403748989105225,4700.0
2021-05-12,3.1403748989105225,3.1403748989105225,3.1309725875790364,3.1403748989105225,2100.0
2021-05-14,3.130972883773638,3.130972883773638,3.0651566982269287,3.0651566982269287,21700.0
2021-05-17,3.0651566982269287,3.0651566982269287,3.0651566982269287,3.0651566982269287,4000.0
2021-05-18,3.0745590854065994,3.0745590854065994,3.0463521480560303,3.0463521480560303,14000.0
2021-05-19,3.0463521480560303,3.0463521480560303,3.0463521480560303,3.0463521480560303,0.0
2021-05-20,3.1027660369873047,3.1027660369873047,3.1027660369873047,3.1027660369873047,1900.0
2021-05-21,3.0651567870140592,3.1027660369873047,3.055754474520748,3.1027660369873047,6000.0
2021-05-24,3.1027660369873047,3.1027660369873047,3.1027660369873047,3.1027660369873047,0.0
2021-05-25,3.0651566982269287,3.0651566982269287,3.0651566982269287,3.0651566982269287,10000.0
2021-05-27,3.130973100662231,3.130973100662231,3.130973100662231,3.130973100662231,5000.0
2021-05-28,3.130973100662231,3.130973100662231,3.130973100662231,3.130973100662231,200.0
2021-05-31,3.112168550491333,3.112168550491333,3.112168550491333,3.112168550491333,5000.0
2021-06-01,3.1309729744672388,3.1309729744672388,3.1027660369873047,3.1027660369873047,5200.0
2021-06-02,3.1027660369873047,3.1027660369873047,3.1027660369873047,3.1027660369873047,0.0
2021-06-03,3.1027660745088683,3.1027660745088683,3.0933637619018555,3.0933637619018555,4600.0
2021-06-04,3.121570587158203,3.121570587158203,3.121570587158203,3.121570587158203,2000.0
2021-06-07,3.1027660369873047,3.1027660369873047,3.1027660369873047,3.1027660369873047,6000.0
2021-06-08,3.1309731766925206,3.1309731766925206,3.112168550491333,3.112168550491333,10000.0
2021-06-09,3.1027660369873047,3.1027660369873047,3.1027660369873047,3.1027660369873047,3000.0
2021-06-10,3.1027660369873047,3.1027660369873047,3.1027660369873047,3.1027660369873047,3000.0
2021-06-11,3.1027660369873047,3.1027660369873047,3.1027660369873047,3.1027660369873047,0.0
2021-06-14,3.1121682748902404,3.1309728994261663,3.1121682748902404,3.121570587158203,15500.0
2021-06-15,3.130973100662231,3.130973100662231,3.130973100662231,3.130973100662231,4600.0
2021-06-16,3.130973100662231,3.130973100662231,3.130973100662231,3.130973100662231,2000.0
2021-06-17,3.102766162045407,3.130973100662231,3.093363849173132,3.130973100662231,24400.0
2021-06-18,3.130973100662231,3.130973100662231,3.130973100662231,3.130973100662231,0.0
2021-06-21,3.112168550491333,3.112168550491333,3.112168550491333,3.112168550491333,100.0
2021-06-22,3.1027660745088683,3.1027660745088683,3.0933637619018555,3.0933637619018555,4000.0
2021-06-23,3.1027660369873047,3.1027660369873047,3.1027660369873047,3.1027660369873047,26300.0
2021-06-24,3.102766162045407,3.130973100662231,3.093363849173132,3.130973100662231,4800.0
2021-06-25,3.0933637244939933,3.1027660369873047,3.0933637244939933,3.1027660369873047,27000.0
2021-06-28,3.0933637619018555,3.0933637619018555,3.0839614492948426,3.0933637619018555,19100.0
2021-06-29,3.0839614868164062,3.0839614868164062,3.0839614868164062,3.0839614868164062,14000.0
2021-06-30,3.0839614492948426,3.1027660745088683,3.0839614492948426,3.0933637619018555,3100.0
2021-07-01,3.0933637619018555,3.0933637619018555,3.0933637619018555,3.0933637619018555,0.0
2021-07-02,3.0933637995378143,3.0933637995378143,3.0839614868164062,3.0839614868164062,10000.0
2021-07-05,3.0933637995378143,3.0933637995378143,3.0839614868164062,3.0839614868164062,45000.0
2021-07-06,3.0839614868164062,3.0839614868164062,3.0839614868164062,3.0839614868164062,0.0
2021-07-07,3.0839614868164062,3.0839614868164062,3.0839614868164062,3.0839614868164062,35000.0
2021-07-08,3.0839614868164062,3.0839614868164062,3.0839614868164062,3.0839614868164062,0.0
2021-07-09,3.0839614868164062,3.0839614868164062,3.0839614868164062,3.0839614868164062,0.0
2021-07-12,3.0839614868164062,3.0839614868164062,3.0839614868164062,3.0839614868164062,0.0
2021-07-13,3.1027660369873047,3.1027660369873047,3.083961412000682,3.1027660369873047,44000.0
2021-07-14,3.1027660369873047,3.1027660369873047,3.1027660369873047,3.1027660369873047,200.0
2021-07-15,3.0839616111895514,3.112168550491333,3.0839616111895514,3.112168550491333,5300.0
2021-07-16,3.083961412000682,3.1027660369873047,3.083961412000682,3.1027660369873047,11000.0
2021-07-19,3.093363849173132,3.130973100662231,3.083961536300857,3.130973100662231,7200.0
2021-07-21,3.112168387115881,3.112168387115881,3.0839614492948426,3.0933637619018555,3700.0
2021-07-22,3.187387228012085,3.187387228012085,3.187387228012085,3.187387228012085,800.0
2021-07-23,3.187387073595919,3.187387073595919,3.0933637244939933,3.1027660369873047,9700.0
2021-07-26,3.1215706619739274,3.1215706619739274,3.1027660369873047,3.1027660369873047,2500.0
2021-07-27,3.1027660369873047,3.1027660369873047,3.1027660369873047,3.1027660369873047,0.0
2021-07-28,3.1027660369873047,3.1027660369873047,3.1027660369873047,3.1027660369873047,0.0
2021-07-29,3.1027660369873047,3.1027660369873047,3.1027660369873047,3.1027660369873047,4000.0
2021-07-30,3.1027660369873047,3.1027660369873047,3.0933637244939933,3.1027660369873047,16000.0
2021-08-02,3.1027660369873047,3.1027660369873047,3.1027660369873047,3.1027660369873047,0.0
2021-08-03,3.1027660745088683,3.1027660745088683,3.0557545114738036,3.0933637619018555,54900.0
2021-08-04,3.0839614492948426,3.0933637619018555,3.0745591366878298,3.0933637619018555,4700.0
2021-08-05,3.093363849173132,3.130973100662231,3.093363849173132,3.130973100662231,9800.0
2021-08-06,3.0839614868164062,3.0839614868164062,3.0839614868164062,3.0839614868164062,5800.0
2021-08-10,3.0839614868164062,3.0839614868164062,3.0839614868164062,3.0839614868164062,29900.0
2021-08-11,3.0839614868164062,3.1309730504234454,3.0839614868164062,3.0839614868164062,28300.0
2021-08-12,3.0839612288696516,3.1779845723883065,3.0839612288696516,3.149777412414551,1800.0
2021-08-13,3.1779847145080566,3.215593963929888,3.1779847145080566,3.1779847145080566,1500.0
2021-08-16,3.1779847145080566,3.1779847145080566,3.1779847145080566,3.1779847145080566,300.0
2021-08-17,3.168581796150382,3.2155935764312744,3.102765617593428,3.2155935764312744,12300.0
2021-08-18,3.1873866427640083,3.2155935764312744,3.1873866427640083,3.2155935764312744,3500.0
2021-08-19,3.2155935764312744,3.2155935764312744,3.2155935764312744,3.2155935764312744,0.0
2021-08-20,3.2155935764312744,3.2155935764312744,3.2155935764312744,3.2155935764312744,0.0
2021-08-23,3.2155935764312744,3.2155935764312744,3.2155935764312744,3.2155935764312744,0.0
2021-08-24,3.2155935764312744,3.2155935764312744,3.2155935764312744,3.2155935764312744,0.0
2021-08-25,3.2155935764312744,3.2155935764312744,3.2155935764312744,3.2155935764312744,0.0
2021-08-26,3.2155935764312744,3.2155935764312744,3.2155935764312744,3.2155935764312744,0.0
2021-08-27,3.2155935764312744,3.2155935764312744,3.2155935764312744,3.2155935764312744,0.0
2021-08-30,3.112168326461426,3.1685822010040283,3.102766014037659,3.1685822010040283,6700.0
2021-08-31,3.1779847145080566,3.1779847145080566,3.1779847145080566,3.1779847145080566,1200.0
2021-09-01,3.177984966364317,3.177984966364317,3.112168550491333,3.112168550491333,4000.0
2021-09-02,3.112168550491333,3.112168550491333,3.112168550491333,3.112168550491333,0.0
2021-09-03,3.112168550491333,3.112168550491333,3.112168550491333,3.112168550491333,0.0
2021-09-06,3.1403748989105225,3.1403748989105225,3.1215702762475503,3.1403748989105225,8000.0
2021-09-07,3.1591797243495363,3.1591797243495363,3.149777412414551,3.149777412414551,2500.0
2021-09-08,3.112168550491333,3.112168550491333,3.112168550491333,3.112168550491333,4000.0
2021-09-09,3.112168550491333,3.112168550491333,3.112168550491333,3.112168550491333,1100.0
2021-09-10,3.112168550491333,3.112168550491333,3.112168550491333,3.112168550491333,0.0
2021-09-13,3.112168326461426,3.1685822010040283,3.112168326461426,3.1685822010040283,2400.0
2021-09-14,3.1779847145080566,3.1779847145080566,3.1685821779837897,3.1779847145080566,3200.0
2021-09-15,3.1779847145080566,3.1779847145080566,3.1779847145080566,3.1779847145080566,400.0
2021-09-16,3.130973100662231,3.130973100662231,3.130973100662231,3.130973100662231,1000.0
2021-09-17,3.130973100662231,3.130973100662231,3.130973100662231,3.130973100662231,0.0
2021-09-20,3.130973100662231,3.130973100662231,3.130973100662231,3.130973100662231,0.0
2021-09-21,3.130973100662231,3.130973100662231,3.130973100662231,3.130973100662231,0.0
2021-09-22,3.130973100662231,3.130973100662231,3.130973100662231,3.130973100662231,1200.0
2021-09-23,3.1309729744672388,3.1309729744672388,3.1027660369873047,3.1027660369873047,13000.0
2021-09-24,3.1027660369873047,3.1027660369873047,3.1027660369873047,3.1027660369873047,0.0
2021-09-27,3.1027660369873047,3.1027660369873047,3.1027660369873047,3.1027660369873047,0.0
2021-09-28,3.1027660369873047,3.1027660369873047,3.1027660369873047,3.1027660369873047,0.0
2021-09-29,3.1027660369873047,3.1027660369873047,3.1027660369873047,3.1027660369873047,0.0
2021-09-30,3.130973100662231,3.130973100662231,3.130973100662231,3.130973100662231,2000.0
2021-10-01,3.130973100662231,3.130973100662231,3.130973100662231,3.130973100662231,3000.0
2021-10-04,3.130973100662231,3.130973100662231,3.130973100662231,3.130973100662231,1000.0
2021-10-05,3.159179925918579,3.159179925918579,3.159179925918579,3.159179925918579,100.0
2021-10-06,3.159179911947173,3.168582224440484,3.1027660369873047,3.1027660369873047,6000.0
2021-10-07,3.1027660369873047,3.1027660369873047,3.1027660369873047,3.1027660369873047,7000.0
2021-10-08,3.1027660369873047,3.1027660369873047,3.1027660369873047,3.1027660369873047,0.0
2021-10-11,3.1027660369873047,3.1027660369873047,3.1027660369873047,3.1027660369873047,0.0
2021-10-12,3.1027660369873047,3.1027660369873047,3.1027660369873047,3.1027660369873047,0.0
2021-10-13,3.112168363244115,3.159179925918579,3.102766050709222,3.159179925918579,4900.0
2021-10-14,3.159179925918579,3.159179925918579,3.159179925918579,3.159179925918579,0.0
2021-10-15,3.159179925918579,3.159179925918579,3.159179925918579,3.159179925918579,0.0
2021-10-18,3.177984915063269,3.187387228012085,3.177984915063269,3.187387228012085,6000.0
2021-10-19,3.16858237794563,3.196789540960901,3.16858237794563,3.187387228012085,4600.0
2021-10-20,3.149777412414551,3.149777412414551,3.149777412414551,3.149777412414551,2200.0
2021-10-21,3.1779847145080566,3.1779847145080566,3.1779847145080566,3.1779847145080566,3000.0
2021-10-22,3.1779847145080566,3.1779847145080566,3.1779847145080566,3.1779847145080566,0.0
2021-10-25,3.1779847145080566,3.1779847145080566,3.1779847145080566,3.1779847145080566,0.0
2021-10-26,3.149777726406781,3.149777726406781,3.130973100662231,3.130973100662231,1800.0
2021-10-27,3.130973100662231,3.130973100662231,3.130973100662231,3.130973100662231,0.0
2021-10-28,3.112168349480616,3.1309729744672388,3.0463521620274365,3.1027660369873047,45000.0
2021-10-29,3.1779846924925184,3.2908124399763956,3.1779846924925184,3.2438008785247803,119600.0
2021-11-01,3.290812402341408,3.300214714524203,3.206191592696256,3.2532031536102295,23800.0
2021-11-02,3.253203183078492,3.253203183078492,3.121570587158203,3.121570587158203,6000.0
2021-11-03,3.121570587158203,3.121570587158203,3.121570587158203,3.121570587158203,0.0
2021-11-05,3.121570587158203,3.121570587158203,3.121570587158203,3.121570587158203,0.0
2021-11-08,3.262605170388625,3.272007481720111,3.1403748989105225,3.1403748989105225,4500.0
2021-11-09,3.224995887653696,3.224995887653696,3.206191265208852,3.2155935764312744,8600.0
2021-11-10,3.2155935764312744,3.2155935764312744,3.2155935764312744,3.2155935764312744,500.0
2021-11-11,3.2061915397644043,3.2061915397644043,3.2061915397644043,3.2061915397644043,2000.0
2021-11-12,3.2438008785247803,3.2438008785247803,3.2438008785247803,3.2438008785247803,8000.0
2021-11-15,3.149777495430683,3.2532031536102295,3.149777495430683,3.2532031536102295,1100.0
2021-11-16,3.234398236394167,3.253202859057139,3.1403748989105225,3.1403748989105225,37400.0
2021-11-17,3.1403748989105225,3.1403748989105225,3.1403748989105225,3.1403748989105225,0.0
2021-11-18,3.149777412414551,3.149777412414551,3.149777412414551,3.149777412414551,3000.0
2021-11-19,3.149777412414551,3.149777412414551,3.149777412414551,3.149777412414551,0.0
2021-11-22,3.149777412414551,3.149777412414551,3.149777412414551,3.149777412414551,0.0
2021-11-23,3.149777412414551,3.149777412414551,3.149777412414551,3.149777412414551,0.0
2021-11-24,3.149777412414551,3.149777412414551,3.149777412414551,3.149777412414551,0.0
2021-11-25,3.1685821779837897,3.1779847145080566,3.1685821779837897,3.1779847145080566,5500.0
2021-11-26,3.1685822010040283,3.1685822010040283,3.1685822010040283,3.1685822010040283,500.0
2021-11-29,3.130973100662231,3.130973100662231,3.130973100662231,3.130973100662231,2900.0
2021-11-30,3.130973100662231,3.130973100662231,3.130973100662231,3.130973100662231,0.0
2021-12-01,3.112168349480616,3.112168349480616,3.1027660369873047,3.1027660369873047,1000.0
2021-12-02,3.0933637995378143,3.0933637995378143,3.0839614868164062,3.0839614868164062,2800.0
2021-12-03,3.0839614868164062,3.0839614868164062,3.0839614868164062,3.0839614868164062,0.0
2021-12-06,3.0839614868164062,3.0839614868164062,3.0839614868164062,3.0839614868164062,0.0
2021-12-07,3.1027660369873047,3.1027660369873047,3.1027660369873047,3.1027660369873047,2000.0
2021-12-08,3.177984684934788,3.177984684934788,3.121570587158203,3.121570587158203,13000.0
2021-12-09,3.121570587158203,3.121570587158203,3.121570587158203,3.121570587158203,0.0
2021-12-10,3.1215704766095937,3.149777412414551,3.1215704766095937,3.149777412414551,1900.0
2021-12-13,3.149777412414551,3.149777412414551,3.149777412414551,3.149777412414551,6000.0
2021-12-14,3.1403751004795653,3.149777412414551,3.1403751004795653,3.149777412414551,14000.0
2021-12-15,3.149777412414551,3.149777412414551,3.149777412414551,3.149777412414551,9000.0
2021-12-16,3.149777412414551,3.149777412414551,3.149777412414551,3.149777412414551,0.0
2021-12-17,3.149777412414551,3.149777412414551,3.149777412414551,3.149777412414551,5500.0
2021-12-20,3.1027662269041407,3.1027662269041407,3.0557546615600586,3.0557546615600586,20200.0
2021-12-21,3.0463521480560303,3.0463521480560303,3.0463521480560303,3.0463521480560303,8400.0
2021-12-22,3.0839614357999308,3.0839614357999308,3.036949872970581,3.036949872970581,5900.0
2021-12-23,3.0745591740949982,3.0839614868164062,3.0745591740949982,3.0839614868164062,3000.0
2021-12-24,3.0463521480560303,3.0463521480560303,3.0463521480560303,3.0463521480560303,900.0
2021-12-27,3.0839614868164062,3.0839614868164062,3.0839614868164062,3.0839614868164062,2000.0
2021-12-28,3.0839614868164062,3.0839614868164062,3.0839614868164062,3.0839614868164062,0.0
2021-12-29,3.112168550491333,3.112168550491333,3.112168550491333,3.112168550491333,3000.0
2021-12-30,3.112168550491333,3.112168550491333,3.112168550491333,3.112168550491333,0.0
2021-12-31,3.130973100662231,3.130973100662231,3.130973100662231,3.130973100662231,1800.0
2022-01-03,3.1403754135345063,3.1403754135345063,3.130973100662231,3.130973100662231,3000.0
2022-01-04,3.1121679649160643,3.1403748989105225,3.1121679649160643,3.1403748989105225,2000.0
2022-01-05,3.1403748989105225,3.1403748989105225,3.1403748989105225,3.1403748989105225,0.0
2022-01-06,3.1403748989105225,3.1403748989105225,3.1403748989105225,3.1403748989105225,0.0
2022-01-07,3.1403748989105225,3.1403748989105225,3.1403748989105225,3.1403748989105225,0.0
2022-01-10,3.1403748989105225,3.1403748989105225,3.1403748989105225,3.1403748989105225,0.0
2022-01-11,3.1403748989105225,3.1403748989105225,3.1403748989105225,3.1403748989105225,0.0
2022-01-12,3.1403748989105225,3.1403748989105225,3.1403748989105225,3.1403748989105225,0.0
2022-01-13,3.0839614357999308,3.0839614357999308,3.036949872970581,3.036949872970581,15000.0
2022-01-14,3.168582036284522,3.168582036284522,3.0839612288696516,3.149777412414551,1400.0
2022-01-17,3.1497776133836863,3.159179925918579,3.1497776133836863,3.159179925918579,10700.0
2022-01-18,3.159179925918579,3.159179925918579,3.159179925918579,3.159179925918579,0.0
2022-01-19,3.1403751004795653,3.149777412414551,3.1403751004795653,3.149777412414551,5400.0
2022-01-20,3.1497772102420085,3.1497772102420085,3.1309725875790364,3.1403748989105225,3900.0
2022-01-21,3.1403748989105225,3.1403748989105225,3.1403748989105225,3.1403748989105225,0.0
2022-01-24,3.130973100662231,3.130973100662231,3.130973100662231,3.130973100662231,2000.0
2022-01-25,3.168582352151331,3.168582352151331,3.130973100662231,3.130973100662231,17700.0
2022-01-26,3.13097295130896,3.177984737596606,3.121570638885193,3.1685822010040283,55300.0
2022-01-27,3.121570587158203,3.121570587158203,3.121570587158203,3.121570587158203,5300.0
2022-01-28,3.121570587158203,3.121570587158203,3.121570587158203,3.121570587158203,0.0
2022-01-31,3.121570587158203,3.121570587158203,3.121570587158203,3.121570587158203,0.0
2022-02-03,3.121570587158203,3.121570587158203,3.121570587158203,3.121570587158203,0.0
2022-02-04,3.168582148498018,3.177984684934788,3.121570587158203,3.121570587158203,2300.0
2022-02-07,3.121570587158203,3.121570587158203,3.121570587158203,3.121570587158203,0.0
2022-02-08,3.130973100662231,3.130973100662231,3.130973100662231,3.130973100662231,1100.0
2022-02-09,3.1309727885445797,3.149777412414551,3.1309727885445797,3.149777412414551,8000.0
2022-02-10,3.1403748989105225,3.1497772102420085,3.1403748989105225,3.1403748989105225,4100.0
2022-02-11,3.1403748989105225,3.1403748989105225,3.1403748989105225,3.1403748989105225,8300.0
2022-02-14,3.1403748989105225,3.1403748989105225,3.1403748989105225,3.1403748989105225,10000.0
2022-02-15,3.1403752409174164,3.1779847145080566,3.1403752409174164,3.1779847145080566,5800.0
2022-02-16,3.1779847145080566,3.1779847145080566,3.1403752409174164,3.1779847145080566,18000.0
2022-02-17,3.1779847145080566,3.1779847145080566,3.1779847145080566,3.1779847145080566,0.0
2022-02-18,3.1779847145080566,3.1779847145080566,3.1779847145080566,3.1779847145080566,10000.0
2022-02-21,3.1779847145080566,3.1779847145080566,3.1779847145080566,3.1779847145080566,100.0
2022-02-22,3.159179925918579,3.159179925918579,3.159179925918579,3.159179925918579,7100.0
2022-02-23,3.206191265208852,3.2155935764312744,3.206191265208852,3.2155935764312744,1100.0
2022-02-24,3.1591798885802613,3.1685822010040283,3.1591798885802613,3.1685822010040283,22500.0
2022-02-25,3.1685822010040283,3.1685822010040283,3.1685822010040283,3.1685822010040283,0.0
2022-02-28,3.1591797243495363,3.1591797243495363,3.149777412414551,3.149777412414551,37100.0
2022-03-01,3.159179925918579,3.159179925918579,3.1497776133836863,3.159179925918579,15000.0
2022-03-02,3.159179925918579,3.159179925918579,3.159179925918579,3.159179925918579,0.0
2022-03-03,3.168582036284522,3.215593820128249,3.149777412414551,3.149777412414551,65900.0
2022-03-04,3.149777412414551,3.149777412414551,3.149777412414551,3.149777412414551,0.0
2022-03-07,3.1497772102420085,3.1497772102420085,3.1403748989105225,3.1403748989105225,30000.0
2022-03-08,3.1309728994261663,3.1309728994261663,3.121570587158203,3.121570587158203,11500.0
2022-03-09,3.121570587158203,3.121570587158203,3.121570587158203,3.121570587158203,0.0
2022-03-10,3.121570587158203,3.121570587158203,3.121570587158203,3.121570587158203,0.0
2022-03-11,3.121570587158203,3.121570587158203,3.121570587158203,3.121570587158203,0.0
2022-03-14,3.149777412414551,3.149777412414551,3.149777412414551,3.149777412414551,42800.0
2022-03-15,3.149777412414551,3.149777412414551,3.1309727885445797,3.149777412414551,14900.0
2022-03-16,3.130973100662231,3.130973100662231,3.130973100662231,3.130973100662231,6000.0
2022-03-17,3.130973100662231,3.130973100662231,3.130973100662231,3.130973100662231,20400.0
2022-03-18,3.1403754135345063,3.1403754135345063,3.130973100662231,3.130973100662231,16100.0
2022-03-21,3.130973126150367,3.187387228012085,3.121570813201551,3.187387228012085,5200.0
2022-03-22,3.187387228012085,3.187387228012085,3.187387228012085,3.187387228012085,0.0
2022-03-23,3.187387228012085,3.187387228012085,3.187387228012085,3.187387228012085,0.0
2022-03-24,3.168581796150382,3.224995887653696,3.1309725512606943,3.2155935764312744,25600.0
2022-03-25,3.215594015846621,3.224996328353882,3.215594015846621,3.224996328353882,14000.0
2022-03-28,3.243800695157899,3.2908122539520264,3.2343983833990735,3.2908122539520264,116700.0
2022-03-29,3.2908122539520264,3.2908122539520264,3.2908122539520264,3.2908122539520264,10300.0
2022-03-30,3.3284218808178467,3.450652171799963,3.3284218808178467,3.375433444976806,36600.0
2022-03-31,3.3848357456312956,3.3848357456312956,3.319019556045532,3.319019556045532,3200.0
2022-04-01,3.3848353715402806,3.3848353715402806,3.2908122539520264,3.2908122539520264,2000.0
2022-04-04,3.2908122907304835,3.2908122907304835,3.281409978866577,3.281409978866577,3800.0
2022-04-05,3.3096171684599263,3.3378241062164307,3.3096171684599263,3.3378241062164307,10500.0
2022-04-06,3.3190196426328846,3.356628894805908,3.3190196426328846,3.356628894805908,16000.0
2022-04-07,3.347226142883301,3.347226142883301,3.309616895641501,3.347226142883301,13300.0
2022-04-08,3.3190196426328846,3.37543352089242,3.3190196426328846,3.356628894805908,2400.0
2022-04-11,3.356628894805908,3.356628894805908,3.356628894805908,3.356628894805908,600.0
2022-04-12,3.356628894805908,3.356628894805908,3.356628894805908,3.356628894805908,100.0
2022-04-13,3.3566285287662088,3.3566285287662088,3.3284215927124023,3.3284215927124023,5000.0
2022-04-14,3.328421793630929,3.3378241062164307,3.328421793630929,3.3378241062164307,28200.0
2022-04-18,3.3284215927124023,3.3284215927124023,3.3190192806944667,3.3284215927124023,22100.0
2022-04-19,3.3190192806944667,3.3284215927124023,3.3190192806944667,3.3284215927124023,9100.0
2022-04-20,3.3660308407841444,3.3660308407841444,3.3284215927124023,3.3284215927124023,5700.0
2022-04-21,3.3660311698913574,3.3660311698913574,3.3660311698913574,3.3660311698913574,3000.0
2022-04-22,3.3284215927124023,3.3284215927124023,3.3284215927124023,3.3284215927124023,200.0
2022-04-25,3.356628845485602,3.356628845485602,3.300214968054979,3.309617280960083,16900.0
2022-04-26,3.3096172432475663,3.319019556045532,3.3096172432475663,3.319019556045532,9200.0
2022-04-27,3.319019631900338,3.319019631900338,3.300215005874634,3.300215005874634,6200.0
2022-04-28,3.3190192806944667,3.3284215927124023,3.3190192806944667,3.3284215927124023,12000.0
2022-04-29,3.356628894805908,3.366031207849164,3.3472265817626523,3.356628894805908,35700.0
2022-05-04,3.37543352089242,3.37543352089242,3.3472265817626523,3.356628894805908,33900.0
2022-05-05,3.403640031814575,3.403640031814575,3.403640031814575,3.403640031814575,3200.0
2022-05-06,3.4318471733461453,3.4318471733461453,3.347226142883301,3.347226142883301,3300.0
2022-05-09,3.347226142883301,3.4036400137459997,3.347226142883301,3.347226142883301,9700.0
2022-05-10,3.3091898235761863,3.3472264517319283,3.3091898235761863,3.337717294692993,24600.0
2022-05-11,3.337717294692993,3.337717294692993,3.337717294692993,3.337717294692993,0.0
2022-05-12,3.3282080398160394,3.337717196575438,3.3186988830566406,3.3186988830566406,23600.0
2022-05-13,3.3186988830566406,3.3662446668536337,3.3186988830566406,3.3186988830566406,4900.0
2022-05-17,3.3567355381407302,3.3567355381407302,3.34722638130188,3.34722638130188,1100.0
2022-05-18,3.356735635822663,3.3662447929382324,3.356735635822663,3.3662447929382324,18700.0
2022-05-19,3.3662447929382324,3.3662447929382324,3.3662447929382324,3.3662447929382324,0.0
2022-05-20,3.3662447929382324,3.3662447929382324,3.3662447929382324,3.3662447929382324,0.0
2022-05-23,3.413790464401245,3.413790464401245,3.413790464401245,3.413790464401245,21700.0
2022-05-24,3.4137902555798263,3.4423177242279053,3.347226162067641,3.4423177242279053,8900.0
2022-05-25,3.4423177242279053,3.4423177242279053,3.4423177242279053,3.4423177242279053,400.0
2022-05-26,3.4423177242279053,3.4423177242279053,3.4423177242279053,3.4423177242279053,0.0
2022-05-27,3.451827046801843,3.451827046801843,3.3852627277374268,3.3852627277374268,5200.0
2022-05-30,3.3852627277374268,3.3852627277374268,3.3852627277374268,3.3852627277374268,5200.0
2022-05-31,3.413790464401245,3.413790464401245,3.413790464401245,3.413790464401245,3000.0
2022-06-01,3.394771883787177,3.394771883787177,3.3852627277374268,3.3852627277374268,8000.0
2022-06-02,3.3852627277374268,3.4042810398369276,3.3852627277374268,3.3852627277374268,29000.0
2022-06-03,3.3852627277374268,3.3852627277374268,3.3852627277374268,3.3852627277374268,0.0
2022-06-06,3.404281307603544,3.413790464401245,3.404281307603544,3.413790464401245,4000.0
2022-06-07,3.413790324801331,3.4328086376190186,3.413790324801331,3.4328086376190186,2000.0
2022-06-08,3.3852627277374268,3.3852627277374268,3.3852627277374268,3.3852627277374268,2100.0
2022-06-09,3.3852627277374268,3.3852627277374268,3.3852627277374268,3.3852627277374268,5000.0
2022-06-10,3.3852627277374268,3.3852627277374268,3.3852627277374268,3.3852627277374268,39000.0
2022-06-13,3.394771883787177,3.394771883787177,3.3852627277374268,3.3852627277374268,85700.0
2022-06-14,3.3852627277374268,3.3852627277374268,3.3757535716876763,3.3852627277374268,23200.0
2022-06-15,3.3852630364640786,3.3852630364640786,3.375753879547119,3.375753879547119,23800.0
2022-06-16,3.3852630364640786,3.3852630364640786,3.375753879547119,3.375753879547119,77500.0
2022-06-17,3.375753879547119,3.375753879547119,3.375753879547119,3.375753879547119,3300.0
2022-06-20,3.375753879547119,3.375753879547119,3.375753879547119,3.375753879547119,6500.0
2022-06-21,3.375753879547119,3.375753879547119,3.375753879547119,3.375753879547119,0.0
2022-06-22,3.375753879547119,3.375753879547119,3.375753879547119,3.375753879547119,35900.0
2022-06-23,3.375753879547119,3.375753879547119,3.375753879547119,3.375753879547119,0.0
2022-06-24,3.375753879547119,3.375753879547119,3.375753879547119,3.375753879547119,0.0
2022-06-27,3.3662447929382324,3.3662447929382324,3.3662447929382324,3.3662447929382324,2000.0
2022-06-28,3.375753879547119,3.375753879547119,3.375753879547119,3.375753879547119,3300.0
2022-06-29,3.375753879547119,3.375753879547119,3.375753879547119,3.375753879547119,0.0
2022-06-30,3.4328088927472185,3.4328088927472185,3.3662447929382324,3.3662447929382324,1100.0
2022-07-01,3.3662447929382324,3.3662447929382324,3.3662447929382324,3.3662447929382324,20000.0
2022-07-04,3.3662447929382324,3.3662447929382324,3.3662447929382324,3.3662447929382324,0.0
2022-07-05,3.3662447929382324,3.3662447929382324,3.3662447929382324,3.3662447929382324,0.0
2022-07-06,3.3567355381407302,3.3567355381407302,3.34722638130188,3.34722638130188,18000.0
2022-07-07,3.337717294692993,3.337717294692993,3.337717294692993,3.337717294692993,2700.0
2022-07-08,3.337717294692993,3.337717294692993,3.337717294692993,3.337717294692993,0.0
2022-07-12,3.337717294692993,3.337717294692993,3.337717294692993,3.337717294692993,8000.0
2022-07-13,3.375753879547119,3.375753879547119,3.375753879547119,3.375753879547119,6000.0
2022-07-14,3.328207731246948,3.328207731246948,3.328207731246948,3.328207731246948,4000.0
2022-07-15,3.3186989380453635,3.375753879547119,3.3186989380453635,3.375753879547119,9000.0
2022-07-18,3.34722638130188,3.34722638130188,3.34722638130188,3.34722638130188,3000.0
2022-07-19,3.3186988830566406,3.3186988830566406,3.3186988830566406,3.3186988830566406,1000.0
2022-07-20,3.3186989107853284,3.34722638130188,3.3186989107853284,3.34722638130188,10500.0
2022-07-21,3.34722638130188,3.34722638130188,3.34722638130188,3.34722638130188,0.0
2022-07-22,3.34722638130188,3.34722638130188,3.34722638130188,3.34722638130188,0.0
2022-07-25,3.34722638130188,3.34722638130188,3.34722638130188,3.34722638130188,0.0
2022-07-26,3.34722638130188,3.34722638130188,3.34722638130188,3.34722638130188,0.0
2022-07-27,3.34722638130188,3.34722638130188,3.34722638130188,3.34722638130188,5000.0
2022-07-28,3.3567354679107666,3.3567354679107666,3.347226311270868,3.3567354679107666,6200.0
2022-07-29,3.34722638130188,3.34722638130188,3.34722638130188,3.34722638130188,3000.0
2022-08-01,3.34722638130188,3.34722638130188,3.34722638130188,3.34722638130188,0.0
2022-08-02,3.328207731246948,3.328207731246948,3.328207731246948,3.328207731246948,3000.0
2022-08-03,3.328207731246948,3.328207731246948,3.328207731246948,3.328207731246948,0.0
2022-08-04,3.328207731246948,3.328207731246948,3.328207731246948,3.328207731246948,0.0
2022-08-05,3.328207731246948,3.328207731246948,3.328207731246948,3.328207731246948,0.0
2022-08-08,3.328208067624179,3.34722638130188,3.328208067624179,3.34722638130188,9800.0
2022-08-10,3.328207731246948,3.328207731246948,3.328207731246948,3.328207731246948,6000.0
2022-08-11,3.34722638130188,3.34722638130188,3.34722638130188,3.34722638130188,5000.0
2022-08-12,3.34722638130188,3.34722638130188,3.34722638130188,3.34722638130188,0.0
2022-08-15,3.3662446245506654,3.3662446245506654,3.3567354679107666,3.3567354679107666,1200.0
2022-08-16,3.3567355381407302,3.3567355381407302,3.34722638130188,3.34722638130188,1000.0
2022-08-17,3.34722638130188,3.34722638130188,3.34722638130188,3.34722638130188,0.0
2022-08-18,3.34722638130188,3.34722638130188,3.34722638130188,3.34722638130188,0.0
2022-08-19,3.34722638130188,3.34722638130188,3.34722638130188,3.34722638130188,2000.0
2022-08-22,3.347226311270868,3.3567354679107666,3.32820799799107,3.3567354679107666,7200.0
2022-08-23,3.32820799799107,3.3567354679107666,3.32820799799107,3.3567354679107666,13800.0
2022-08-24,3.337717154630969,3.3567354679107666,3.337717154630969,3.3567354679107666,2000.0
2022-08-25,3.3186988413511713,3.3567354679107666,3.3186988413511713,3.3567354679107666,55800.0
2022-08-26,3.3567354679107666,3.3567354679107666,3.3567354679107666,3.3567354679107666,0.0
2022-08-29,3.309189796447754,3.309189796447754,3.290171482525793,3.309189796447754,44100.0
2022-08-30,3.309189796447754,3.309189796447754,3.309189796447754,3.309189796447754,5000.0
2022-08-31,3.299680709838867,3.299680709838867,3.299680709838867,3.299680709838867,21400.0
2022-09-01,3.299680709838867,3.299680709838867,3.299680709838867,3.299680709838867,0.0
2022-09-02,3.299680709838867,3.299680709838867,3.299680709838867,3.299680709838867,0.0
2022-09-05,3.299680709838867,3.299680709838867,3.299680709838867,3.299680709838867,0.0
2022-09-06,3.328207731246948,3.328207731246948,3.328207731246948,3.328207731246948,100.0
2022-09-07,3.337717267330695,3.337717267330695,3.309189796447754,3.309189796447754,6000.0
2022-09-08,3.309189796447754,3.309189796447754,3.309189796447754,3.309189796447754,0.0
2022-09-09,3.309189796447754,3.309189796447754,3.309189796447754,3.309189796447754,0.0
2022-09-12,3.309189768847523,3.309189768847523,3.2331165137941675,3.280662298202514,25400.0
2022-09-13,3.3282081376540575,3.337717294692993,3.3282081376540575,3.337717294692993,3000.0
2022-09-14,3.337717294692993,3.337717294692993,3.337717294692993,3.337717294692993,0.0
2022-09-15,3.309189768847523,3.309189768847523,3.280662298202514,3.280662298202514,2100.0
2022-09-16,3.28066235245938,3.337717294692993,3.28066235245938,3.337717294692993,14900.0
2022-09-19,3.337717294692993,3.337717294692993,3.337717294692993,3.337717294692993,0.0
2022-09-20,3.337717294692993,3.337717294692993,3.337717294692993,3.337717294692993,0.0
2022-09-21,3.337717294692993,3.337717294692993,3.337717294692993,3.337717294692993,0.0
2022-09-22,3.280662298202514,3.280662298202514,3.280662298202514,3.280662298202514,1000.0
2022-09-23,3.280662298202514,3.280662298202514,3.280662298202514,3.280662298202514,9000.0
2022-09-26,3.2901713563551387,3.2901713563551387,3.261643886566162,3.261643886566162,23000.0
2022-09-27,3.2426257133483887,3.2426257133483887,3.2426257133483887,3.2426257133483887,5200.0
2022-09-28,3.261644027362006,3.261644027362006,3.2426257133483887,3.2426257133483887,16300.0
2022-09-29,3.2426257133483887,3.2426257133483887,3.176061387584541,3.2426257133483887,23800.0
2022-09-30,3.233116486355341,3.2521347999572754,3.233116486355341,3.2521347999572754,4000.0
2022-10-03,3.2426257133483887,3.2426257133483887,3.2426257133483887,3.2426257133483887,4000.0
2022-10-04,3.2426257133483887,3.2426257133483887,3.2426257133483887,3.2426257133483887,0.0
2022-10-05,3.2426257133483887,3.2426257133483887,3.2426257133483887,3.2426257133483887,3900.0
2022-10-06,3.2426257133483887,3.2426257133483887,3.2426257133483887,3.2426257133483887,4000.0
2022-10-07,3.2426257133483887,3.2426257133483887,3.2426257133483887,3.2426257133483887,0.0
2022-10-10,3.2426257133483887,3.2521348703551975,3.23311655634158,3.2426257133483887,18300.0
2022-10-11,3.233116388320923,3.233116388320923,3.233116388320923,3.233116388320923,21000.0
2022-10-12,3.233116388320923,3.233116388320923,3.233116388320923,3.233116388320923,13000.0
2022-10-13,3.23311655634158,3.2426257133483887,3.176061387584541,3.2426257133483887,40600.0
2022-10-14,3.2426255733735108,3.261643886566162,3.233116416777185,3.261643886566162,5300.0
2022-10-17,3.233116388320923,3.233116388320923,3.233116388320923,3.233116388320923,32000.0
2022-10-18,3.233116388320923,3.233116388320923,3.233116388320923,3.233116388320923,41000.0
2022-10-19,3.233116388320923,3.233116388320923,3.233116388320923,3.233116388320923,80000.0
2022-10-20,3.214098075295661,3.233116388320923,3.214098075295661,3.233116388320923,43500.0
2022-10-21,3.214098075295661,3.233116388320923,3.204588692066856,3.233116388320923,35200.0
2022-10-25,3.2045886516571045,3.2045886516571045,3.2045886516571045,3.2045886516571045,5000.0
2022-10-26,3.223607231808292,3.233116388320923,3.223607231808292,3.233116388320923,42500.0
2022-10-27,3.223607231808292,3.233116388320923,3.214098075295661,3.233116388320923,62900.0
2022-10-28,3.2140981449931996,3.223607301712036,3.2140981449931996,3.223607301712036,17100.0
2022-10-31,3.223607301712036,3.223607301712036,3.223607301712036,3.223607301712036,0.0
2022-11-01,3.233116388320923,3.233116388320923,3.223607231808292,3.233116388320923,108800.0
2022-11-02,3.223607231808292,3.233116388320923,3.223607231808292,3.233116388320923,22000.0
2022-11-03,3.223607231808292,3.233116388320923,3.223607231808292,3.233116388320923,20000.0
2022-11-04,3.233116388320923,3.233116388320923,3.233116388320923,3.233116388320923,0.0
2022-11-07,3.233116388320923,3.233116388320923,3.233116388320923,3.233116388320923,0.0
2022-11-08,3.233116388320923,3.233116388320923,3.233116388320923,3.233116388320923,0.0
2022-11-09,3.233116388320923,3.233116388320923,3.233116388320923,3.233116388320923,0.0
2022-11-10,3.233116388320923,3.233116388320923,3.233116388320923,3.233116388320923,0.0
2022-11-11,3.2426257133483887,3.2521348703551975,3.2426257133483887,3.2426257133483887,8300.0
2022-11-14,3.2426257133483887,3.2426257133483887,3.2426257133483887,3.2426257133483887,0.0
2022-11-15,3.2426257133483887,3.2426257133483887,3.2426257133483887,3.2426257133483887,0.0
2022-11-16,3.2426257133483887,3.2426257133483887,3.2426257133483887,3.2426257133483887,0.0
2022-11-17,3.2426257133483887,3.2426257133483887,3.2426257133483887,3.2426257133483887,0.0
2022-11-18,3.2426257133483887,3.2426257133483887,3.2426257133483887,3.2426257133483887,0.0
2022-11-21,3.2426257133483887,3.2426257133483887,3.2426257133483887,3.2426257133483887,0.0
2022-11-22,3.2426257133483887,3.2426257133483887,3.2426257133483887,3.2426257133483887,0.0
2022-11-23,3.2426257133483887,3.2426257133483887,3.2426257133483887,3.2426257133483887,0.0
2022-11-24,3.261643886566162,3.261643886566162,3.261643886566162,3.261643886566162,2100.0
2022-11-25,3.261643886566162,3.261643886566162,3.261643886566162,3.261643886566162,0.0
2022-11-28,3.261643886566162,3.261643886566162,3.261643886566162,3.261643886566162,0.0
2022-11-29,3.261643886566162,3.261643886566162,3.261643886566162,3.261643886566162,10000.0
2022-11-30,3.261643886566162,3.261643886566162,3.261643886566162,3.261643886566162,0.0
2022-12-01,3.290171384811402,3.290171384811402,3.290171384811402,3.290171384811402,1000.0
2022-12-02,3.2901711077358544,3.328207731246948,3.2901711077358544,3.328207731246948,20100.0
2022-12-05,3.3186989107853284,3.34722638130188,3.3186989107853284,3.34722638130188,60900.0
2022-12-06,3.309189753946478,3.34722638130188,3.309189753946478,3.34722638130188,7000.0
2022-12-07,3.3472260430024954,3.3472260430024954,3.328207731246948,3.328207731246948,22800.0
2022-12-08,3.328207731246948,3.328207731246948,3.328207731246948,3.328207731246948,1000.0
2022-12-09,3.3091894194914016,3.328207731246948,3.3091894194914016,3.328207731246948,13000.0
2022-12-12,3.309189753946478,3.34722638130188,3.2426256560745257,3.34722638130188,17000.0
2022-12-13,3.34722638130188,3.34722638130188,3.34722638130188,3.34722638130188,0.0
2022-12-14,3.34722638130188,3.34722638130188,3.34722638130188,3.34722638130188,0.0
2022-12-15,3.34722638130188,3.34722638130188,3.34722638130188,3.34722638130188,0.0
2022-12-16,3.34722638130188,3.34722638130188,3.34722638130188,3.34722638130188,0.0
2022-12-19,3.375754003103683,3.423299789428711,3.375754003103683,3.423299789428711,56700.0
2022-12-20,3.423299789428711,3.423299789428711,3.423299789428711,3.423299789428711,900.0
2022-12-21,3.4232996917798766,3.4232996917798766,3.38526306380484,3.4042813777923584,13700.0
2022-12-22,3.4042813777923584,3.4042813777923584,3.4042813777923584,3.4042813777923584,0.0
2022-12-23,3.3757535716876763,3.3852627277374268,3.3282077914389245,3.3852627277374268,12000.0
2022-12-27,3.3852627277374268,3.3852627277374268,3.3852627277374268,3.3852627277374268,0.0
2022-12-28,3.4042812511102607,3.4042812511102607,3.3567354679107666,3.3567354679107666,5300.0
2022-12-29,3.3567354679107666,3.3567354679107666,3.3567354679107666,3.3567354679107666,500.0
2022-12-30,3.375753976801641,3.3947722911834717,3.375753976801641,3.3947722911834717,8200.0
2023-01-03,3.4042810398369276,3.4042810398369276,3.3757535716876763,3.3852627277374268,4600.0
2023-01-04,3.4042813777923584,3.4042813777923584,3.4042813777923584,3.4042813777923584,200.0
2023-01-05,3.4042813777923584,3.4042813777923584,3.4042813777923584,3.4042813777923584,53700.0
2023-01-06,3.4042813777923584,3.4042813777923584,3.4042813777923584,3.4042813777923584,0.0
2023-01-09,3.404281350297997,3.404281350297997,3.375753879547119,3.375753879547119,11300.0
2023-01-10,3.3662447929382324,3.3662447929382324,3.3662447929382324,3.3662447929382324,4500.0
2023-01-11,3.3662447929382324,3.3662447929382324,3.3662447929382324,3.3662447929382324,0.0
2023-01-12,3.3662447929382324,3.3662447929382324,3.3662447929382324,3.3662447929382324,0.0
2023-01-13,3.375753879547119,3.375753879547119,3.375753879547119,3.375753879547119,6000.0
2023-01-16,3.375753879547119,3.375753879547119,3.375753879547119,3.375753879547119,9000.0
2023-01-17,3.3757538372104405,3.413790464401245,3.3757538372104405,3.413790464401245,400.0
2023-01-18,3.413790464401245,3.413790464401245,3.413790464401245,3.413790464401245,200.0
2023-01-19,3.404281350297997,3.404281350297997,3.375753879547119,3.375753879547119,3500.0
2023-01-20,3.375753879547119,3.375753879547119,3.375753879547119,3.375753879547119,0.0
2023-01-25,3.375753879547119,3.375753879547119,3.375753879547119,3.375753879547119,1000.0
2023-01-26,3.4042813777923584,3.4042813777923584,3.4042813777923584,3.4042813777923584,100.0
2023-01-27,3.3947722911834717,3.3947722911834717,3.3947722911834717,3.3947722911834717,4600.0
2023-01-30,3.394772193381038,3.394772193381038,3.375753879547119,3.375753879547119,9300.0
2023-01-31,3.375753879547119,3.375753879547119,3.375753879547119,3.375753879547119,2000.0
2023-02-01,3.375753879547119,3.375753879547119,3.375753879547119,3.375753879547119,0.0
2023-02-02,3.375753879547119,3.375753879547119,3.375753879547119,3.375753879547119,0.0
2023-02-03,3.4042813777923584,3.4042813777923584,3.4042813777923584,3.4042813777923584,18500.0
2023-02-06,3.404281307603544,3.413790464401245,3.404281307603544,3.413790464401245,16000.0
2023-02-07,3.3852627277374268,3.3852627277374268,3.3852627277374268,3.3852627277374268,1000.0
2023-02-08,3.4042813777923584,3.4042813777923584,3.4042813777923584,3.4042813777923584,12000.0
2023-02-09,3.375753879547119,3.375753879547119,3.375753879547119,3.375753879547119,1000.0
2023-02-10,3.375753879547119,3.375753879547119,3.375753879547119,3.375753879547119,0.0
2023-02-13,3.375753879547119,3.375753879547119,3.375753879547119,3.375753879547119,0.0
2023-02-14,3.375753879547119,3.375753879547119,3.375753879547119,3.375753879547119,14000.0
2023-02-15,3.375753879547119,3.375753879547119,3.375753879547119,3.375753879547119,10500.0
2023-02-16,3.375753879547119,3.375753879547119,3.375753879547119,3.375753879547119,0.0
2023-02-17,3.375753879547119,3.375753879547119,3.375753879547119,3.375753879547119,5000.0
2023-02-20,3.394772150805843,3.423299621198946,3.394772150805843,3.413790464401245,19400.0
2023-02-21,3.4137905347861177,3.4423180057673948,3.4042813777923584,3.4042813777923584,25600.0
2023-02-22,3.4042813777923584,3.4042813777923584,3.4042813777923584,3.4042813777923584,13300.0
2023-02-23,3.4042813777923584,3.4042813777923584,3.4042813777923584,3.4042813777923584,4100.0
2023-02-24,3.4423180057673948,3.4423180057673948,3.3947722207985995,3.4042813777923584,9300.0
2023-02-27,3.4042813777923584,3.4042813777923584,3.4042813777923584,3.4042813777923584,100.0
2023-02-28,3.404281350297997,3.404281350297997,3.375753879547119,3.375753879547119,3000.0
2023-03-01,3.375753879547119,3.375753879547119,3.375753879547119,3.375753879547119,0.0
2023-03-02,3.375753879547119,3.375753879547119,3.375753879547119,3.375753879547119,0.0
2023-03-03,3.3852630364640786,3.3852630364640786,3.375753879547119,3.375753879547119,17600.0
2023-03-06,3.375753879547119,3.375753879547119,3.375753879547119,3.375753879547119,0.0
2023-03-07,3.375753879547119,3.375753879547119,3.375753879547119,3.375753879547119,0.0
2023-03-08,3.375753879547119,3.375753879547119,3.375753879547119,3.375753879547119,13000.0
2023-03-09,3.375753879547119,3.375753879547119,3.375753879547119,3.375753879547119,5000.0
2023-03-10,3.375753879547119,3.375753879547119,3.375753879547119,3.375753879547119,7000.0
2023-03-13,3.375753879547119,3.375753879547119,3.36624472263016,3.375753879547119,15500.0
2023-03-14,3.375753879547119,3.375753879547119,3.375753879547119,3.375753879547119,15000.0
2023-03-15,3.375753879547119,3.404281350297997,3.36624472263016,3.375753879547119,88100.0
2023-03-16,3.36624472263016,3.375753879547119,3.36624472263016,3.375753879547119,8400.0
2023-03-17,3.3852627277374268,3.3852627277374268,3.3852627277374268,3.3852627277374268,1100.0
2023-03-20,3.375753879547119,3.375753879547119,3.36624472263016,3.375753879547119,39500.0
2023-03-21,3.3757535716876763,3.3852627277374268,3.3757535716876763,3.3852627277374268,3300.0
2023-03-22,3.3852627277374268,3.3852627277374268,3.3852627277374268,3.3852627277374268,0.0
2023-03-23,3.375753879547119,3.375753879547119,3.375753879547119,3.375753879547119,7000.0
2023-03-24,3.375753879547119,3.375753879547119,3.375753879547119,3.375753879547119,0.0
2023-03-27,3.375753879547119,3.375753879547119,3.375753879547119,3.375753879547119,0.0
2023-03-28,3.375753879547119,3.375753879547119,3.375753879547119,3.375753879547119,0.0
2023-03-29,3.366244354758042,3.366244354758042,3.328207731246948,3.328207731246948,16500.0
2023-03-30,3.3567355657132008,3.375753879547119,3.3567355657132008,3.375753879547119,24400.0
2023-03-31,3.3852631339925563,3.3947722911834717,3.3852631339925563,3.3947722911834717,8000.0
2023-04-03,3.3567355657132008,3.375753879547119,3.3567355657132008,3.375753879547119,9000.0
2023-04-04,3.375753879547119,3.375753879547119,3.375753879547119,3.375753879547119,0.0
2023-04-05,3.404281448374387,3.404281448374387,3.3947722911834717,3.3947722911834717,5500.0
2023-04-06,3.3947722911834717,3.3947722911834717,3.3947722911834717,3.3947722911834717,0.0
2023-04-10,3.394772317633694,3.423299789428711,3.394772317633694,3.423299789428711,120200.0
2023-04-11,3.423299789428711,3.423299789428711,3.423299789428711,3.423299789428711,0.0
2023-04-12,3.423299789428711,3.423299789428711,3.423299789428711,3.423299789428711,800.0
2023-04-13,3.4232997627562183,3.4232997627562183,3.3947722911834717,3.3947722911834717,54300.0
2023-04-14,3.3947722911834717,3.3947722911834717,3.3947722911834717,3.3947722911834717,0.0
2023-04-17,3.404281350297997,3.404281350297997,3.375753879547119,3.375753879547119,71100.0
2023-04-18,3.375753879547119,3.375753879547119,3.375753879547119,3.375753879547119,0.0
2023-04-19,3.375753879547119,3.375753879547119,3.375753879547119,3.375753879547119,0.0
2023-04-20,3.375753879547119,3.375753879547119,3.375753879547119,3.375753879547119,0.0
2023-04-21,3.375753879547119,3.375753879547119,3.375753879547119,3.375753879547119,0.0
2023-04-24,3.3757535716876763,3.3852627277374268,3.3757535716876763,3.3852627277374268,56600.0
2023-04-25,3.3852631071693713,3.3852631071693713,3.3662447929382324,3.3662447929382324,23500.0
2023-04-26,3.3662447929382324,3.3662447929382324,3.3662447929382324,3.3662447929382324,1000.0
2023-04-27,3.36624472263016,3.375753879547119,3.36624472263016,3.375753879547119,22000.0
2023-04-28,3.375753879547119,3.375753879547119,3.375753879547119,3.375753879547119,4000.0
2023-05-02,3.375753879547119,3.375753879547119,3.375753879547119,3.375753879547119,0.0
2023-05-03,3.3852627277374268,3.3852627277374268,3.3852627277374268,3.3852627277374268,300.0
2023-05-04,3.3852627277374268,3.3852627277374268,3.3852627277374268,3.3852627277374268,0.0
2023-05-05,3.3852627277374268,3.3852627277374268,3.3852627277374268,3.3852627277374268,0.0
2023-05-08,3.36624472263016,3.375753879547119,3.36624472263016,3.375753879547119,10200.0
2023-05-09,3.375753950053802,3.375753950053802,3.3662447929382324,3.3662447929382324,8500.0
2023-05-10,3.414471555023922,3.414471555023922,3.375889991910653,3.4048261642456055,5900.0
2023-05-11,3.375890282106892,3.375890282106892,3.346954107284546,3.346954107284546,23000.0
2023-05-12,3.424117088317871,3.424117088317871,3.424117088317871,3.424117088317871,2000.0
2023-05-15,3.424117088317871,3.424117088317871,3.424117088317871,3.424117088317871,2100.0
2023-05-16,3.375889778137207,3.375889778137207,3.375889778137207,3.375889778137207,2000.0
2023-05-17,3.375889778137207,3.375889778137207,3.375889778137207,3.375889778137207,0.0
2023-05-18,3.375889778137207,3.375889778137207,3.375889778137207,3.375889778137207,1000.0
2023-05-19,3.375889778137207,3.375889778137207,3.375889778137207,3.375889778137207,1100.0
2023-05-22,3.375889778137207,3.375889778137207,3.375889778137207,3.375889778137207,9800.0
2023-05-23,3.4144713388073535,3.4144713388073535,3.375889778137207,3.375889778137207,4100.0
2023-05-24,3.375889778137207,3.375889778137207,3.375889778137207,3.375889778137207,0.0
2023-05-25,3.375889778137207,3.375889778137207,3.375889778137207,3.375889778137207,0.0
2023-05-26,3.375889778137207,3.375889778137207,3.375889778137207,3.375889778137207,0.0
2023-05-29,3.375889778137207,3.375889778137207,3.375889778137207,3.375889778137207,1000.0
2023-05-30,3.375889778137207,3.375889778137207,3.375889778137207,3.375889778137207,0.0
2023-05-31,3.375889778137207,3.375889778137207,3.375889778137207,3.375889778137207,6000.0
2023-06-01,3.395180773467288,3.4048261642456055,3.395180773467288,3.4048261642456055,9000.0
2023-06-05,3.4144716262817383,3.4144716262817383,3.4144716262817383,3.4144716262817383,700.0
2023-06-06,3.414471530517246,3.433762311935425,3.414471530517246,3.433762311935425,13200.0
2023-06-07,3.443407896894079,3.443407896894079,3.395180940628052,3.395180940628052,4100.0
2023-06-08,3.395180940628052,3.395180940628052,3.395180940628052,3.395180940628052,200.0
2023-06-09,3.424117088317871,3.424117088317871,3.424117088317871,3.424117088317871,3000.0
2023-06-12,3.46269855667155,3.848514653053764,3.46269855667155,3.829223871231079,91800.0
2023-06-13,3.8195782895812616,3.8195782895812616,3.7134787648905334,3.7713513374328618,11500.0
2023-06-14,3.7713515956368777,3.838869333267212,3.7713515956368777,3.838869333267212,61700.0
2023-06-15,3.8485147501966246,3.8485147501966246,3.761706229803353,3.8099331855773926,4500.0
2023-06-16,3.7713513374328618,3.780996727862542,3.742415166143821,3.7713513374328618,20000.0
2023-06-19,3.7424152770661543,3.7424152770661543,3.723124265670776,3.723124265670776,4500.0
2023-06-20,3.723124415987391,3.761706210371587,3.723124415987391,3.742415428161621,16500.0
2023-06-21,3.742415498910429,3.752060890197754,3.742415498910429,3.752060890197754,6100.0
2023-06-22,3.780996727862542,3.780996727862542,3.7713513374328618,3.7713513374328618,5000.0
2023-06-23,3.780997010064565,3.780997010064565,3.713479042053222,3.713479042053222,7500.0
2023-06-26,3.713479024882409,3.742415428161621,3.713479024882409,3.742415428161621,9400.0
2023-06-27,3.703833508760375,3.703833508760375,3.694188117980957,3.694188117980957,2100.0
2023-06-28,3.694188164107498,3.74241534857102,3.6073796460088223,3.732769727706909,11300.0
2023-06-30,3.732769727706909,3.732769727706909,3.732769727706909,3.732769727706909,0.0
2023-07-03,3.6748974604624767,3.742415428161621,3.6748974604624767,3.742415428161621,13000.0
2023-07-04,3.780997135171351,3.780997135171351,3.7520609607651543,3.7617063522338863,700.0
2023-07-05,3.6748974323272705,3.6748974323272705,3.6748974323272705,3.6748974323272705,3000.0
2023-07-06,3.6748974323272705,3.6748974323272705,3.6748974323272705,3.6748974323272705,0.0
2023-07-07,3.7713513374328618,3.7713513374328618,3.7713513374328618,3.7713513374328618,400.0
2023-07-10,3.7713513374328618,3.7713513374328618,3.7713513374328618,3.7713513374328618,0.0
2023-07-11,3.703833818435669,3.703833818435669,3.703833818435669,3.703833818435669,5000.0
2023-07-12,3.674897382307792,3.732769727706909,3.6556066005080865,3.732769727706909,7400.0
2023-07-13,3.723124265670776,3.723124265670776,3.64596113994628,3.723124265670776,8100.0
2023-07-14,3.472344107337805,3.645961381693976,3.4626987159826994,3.6266705989837646,407800.0
2023-07-17,3.645961381693976,3.645961381693976,3.597734424918448,3.6266705989837646,38500.0
2023-07-18,3.6170250658886314,3.6170250658886314,3.607379674911499,3.607379674911499,33400.0
2023-07-19,3.607379507998212,3.6170248985290527,3.5880887269365305,3.6170248985290527,83200.0
2023-07-20,3.6170249471117817,3.6170249471117817,3.559152603149414,3.559152603149414,37400.0
2023-07-21,3.559152603149414,3.559152603149414,3.559152603149414,3.559152603149414,0.0
2023-07-24,3.520571302499993,3.5398620852563543,3.520571302499993,3.530216693878174,18300.0
2023-07-25,3.539861963041003,3.5784435272216797,3.530216571995834,3.5784435272216797,13100.0
2023-07-26,3.5687981617604905,3.5687981617604905,3.5495073795318604,3.5495073795318604,15700.0
2023-07-27,3.5495072124890195,3.559152603149414,3.5495072124890195,3.559152603149414,12000.0
2023-07-28,3.5495073084167954,3.5495073084167954,3.5398619174957275,3.5398619174957275,8500.0
2023-07-31,3.4723441156448196,3.549507476634535,3.4530533328884583,3.530216693878174,32900.0
2023-08-01,3.530216623026638,3.530216623026638,3.520571231842041,3.520571231842041,5200.0
2023-08-02,3.520571009001543,3.520571009001543,3.4916346073150635,3.4916346073150635,13600.0
2023-08-03,3.4916346073150635,3.4916346073150635,3.4916346073150635,3.4916346073150635,100.0
2023-08-04,3.5012803077697754,3.5012803077697754,3.5012803077697754,3.5012803077697754,11000.0
2023-08-07,3.5109256985640065,3.5205710893582376,3.5012803077697754,3.5012803077697754,30500.0
2023-08-08,3.5012803077697754,3.5012803077697754,3.5012803077697754,3.5012803077697754,28000.0
2023-08-10,3.5012805197436316,3.530216693878174,3.5012805197436316,3.530216693878174,18100.0
2023-08-11,3.520571231842041,3.520571231842041,3.520571231842041,3.520571231842041,2500.0
2023-08-14,3.510925786771449,3.510925786771449,3.4723439926609507,3.4819893836975098,1400.0
2023-08-15,3.472344160079956,3.472344160079956,3.472344160079956,3.472344160079956,1000.0
2023-08-16,3.472344160079956,3.472344160079956,3.472344160079956,3.472344160079956,9000.0
2023-08-17,3.472344018222819,3.472344018222819,3.4530532360076904,3.4530532360076904,9700.0
2023-08-18,3.453053261857179,3.453053261857179,3.424117088317871,3.424117088317871,20600.0
2023-08-21,3.424117088317871,3.424117088317871,3.424117088317871,3.424117088317871,600.0
2023-08-22,3.42411672897489,3.42411672897489,3.375889778137207,3.375889778137207,20000.0
2023-08-23,3.395180940628052,3.395180940628052,3.3855355493748465,3.395180940628052,27200.0
2023-08-24,3.395180869643464,3.395180869643464,3.385535478591919,3.385535478591919,1200.0
2023-08-25,3.3855355493748465,3.395180940628052,3.3855355493748465,3.395180940628052,13400.0
2023-08-28,3.501280552613847,3.809933309577547,3.501280552613847,3.7617063522338863,209000.0
2023-08-29,3.761706254063783,3.761706254063783,3.597734373410276,3.6845428943634033,57400.0
2023-08-30,3.645961381693976,3.6845429471143984,3.588089033563342,3.6266705989837646,17700.0
2023-08-31,3.6652520668341366,3.6652520668341366,3.645961284637451,3.645961284637451,28200.0
2023-09-04,3.645961284637451,3.645961284637451,3.645961284637451,3.645961284637451,0.0
2023-09-05,3.645961284637451,3.645961284637451,3.645961284637451,3.645961284637451,0.0
2023-09-06,3.568798065185547,3.5880888468921506,3.568798065185547,3.568798065185547,14000.0
2023-09-07,3.559152603149414,3.559152603149414,3.559152603149414,3.559152603149414,11000.0
2023-09-08,3.645961336673842,3.645961336673842,3.5880889892578125,3.5880889892578125,5100.0
2023-09-11,3.645961188602574,3.6845427519797025,3.645961188602574,3.6652519702911377,500.0
2023-09-12,3.6652519702911377,3.6652519702911377,3.6652519702911377,3.6652519702911377,0.0
2023-09-13,3.6652519702911377,3.6652519702911377,3.6652519702911377,3.6652519702911377,0.0
2023-09-14,3.568798040515488,3.597734212875366,3.568798040515488,3.597734212875366,6000.0
2023-09-15,3.5784435980218077,3.5880889892578125,3.5205712506057787,3.5880889892578125,44300.0
2023-09-18,3.6363158935391087,3.645961284637451,3.6363158935391087,3.645961284637451,6200.0
2023-09-19,3.63631599033887,3.63631599033887,3.6266705989837646,3.6266705989837646,21000.0
2023-09-20,3.626670410305358,3.626670410305358,3.568798065185547,3.568798065185547,21200.0
2023-09-21,3.568798065185547,3.568798065185547,3.568798065185547,3.568798065185547,5000.0
2023-09-22,3.568798065185547,3.568798065185547,3.568798065185547,3.568798065185547,0.0
2023-09-25,3.5495073795318604,3.5495073795318604,3.5495073795318604,3.5495073795318604,1000.0
2023-09-26,3.5495073795318604,3.5495073795318604,3.5495073795318604,3.5495073795318604,0.0
2023-09-27,3.549507522057121,3.549507522057121,3.472344160079956,3.472344160079956,10000.0
2023-09-28,3.60737957466329,3.60737957466329,3.433762311935425,3.433762311935425,10800.0
2023-09-29,3.559152603149414,3.559152603149414,3.559152603149414,3.559152603149414,1500.0
2023-10-02,3.5687981617604905,3.5687981617604905,3.5495073795318604,3.5495073795318604,11000.0
2023-10-03,3.5495073795318604,3.5495073795318604,3.5495073795318604,3.5495073795318604,2200.0
2023-10-04,3.510925769805908,3.510925769805908,3.510925769805908,3.510925769805908,2900.0
2023-10-05,3.510925769805908,3.510925769805908,3.510925769805908,3.510925769805908,0.0
2023-10-06,3.510925769805908,3.510925769805908,3.510925769805908,3.510925769805908,0.0
2023-10-09,3.462698459625244,3.462698459625244,3.462698459625244,3.462698459625244,1100.0
2023-10-10,3.462698459625244,3.462698459625244,3.462698459625244,3.462698459625244,0.0
2023-10-11,3.462698459625244,3.462698459625244,3.462698459625244,3.462698459625244,0.0
2023-10-12,3.462698459625244,3.462698459625244,3.462698459625244,3.462698459625244,0.0
2023-10-13,3.472344160079956,3.472344160079956,3.472344160079956,3.472344160079956,2000.0
2023-10-16,3.4530532360076904,3.4530532360076904,3.4530532360076904,3.4530532360076904,3000.0
2023-10-17,3.4530532360076904,3.4530532360076904,3.4530532360076904,3.4530532360076904,57000.0
2023-10-18,3.4530532360076904,3.4530532360076904,3.433762453792562,3.4530532360076904,49800.0
2023-10-19,3.4530532360076904,3.4530532360076904,3.4530532360076904,3.4530532360076904,5000.0
2023-10-20,3.4530532360076904,3.4530532360076904,3.4530532360076904,3.4530532360076904,0.0
2023-10-23,3.4434078449001264,3.4530532360076904,3.4434078449001264,3.4530532360076904,8900.0
2023-10-24,3.472343857241609,3.559152603149414,3.4434076852604254,3.559152603149414,26100.0
2023-10-25,3.5398619598811267,3.5495073509176858,3.4530532105878327,3.4819893836975098,8100.0
2023-10-26,3.4819893836975098,3.4819893836975098,3.4819893836975098,3.4819893836975098,0.0
2023-10-27,3.443408015653082,3.703833818435669,3.443408015653082,3.703833818435669,9900.0
2023-10-30,3.443407683849046,3.665251898911446,3.443407683849046,3.655606508255005,2200.0
2023-10-31,3.655606681789325,3.655606681789325,3.443407847310132,3.5495073795318604,7200.0
2023-11-01,3.5495073795318604,3.5495073795318604,3.5495073795318604,3.5495073795318604,0.0
2023-11-02,3.559152603149414,3.559152603149414,3.559152603149414,3.559152603149414,3100.0
2023-11-03,3.5205710405078356,3.559152603149414,3.5205710405078356,3.559152603149414,300.0
2023-11-06,3.559152603149414,3.559152603149414,3.559152603149414,3.559152603149414,1000.0
2023-11-07,3.4819892962170567,3.5012803077697754,3.4337623422459007,3.5012803077697754,31000.0
2023-11-08,3.472344160079956,3.472344160079956,3.472344160079956,3.472344160079956,2000.0
2023-11-09,3.4819893836975098,3.491634774734069,3.4723439926609507,3.4819893836975098,18100.0
2023-11-10,3.462698724266639,3.530216693878174,3.462698724266639,3.530216693878174,600.0
2023-11-14,3.530216693878174,3.530216693878174,3.530216693878174,3.530216693878174,0.0
2023-11-15,3.530216693878174,3.530216693878174,3.530216693878174,3.530216693878174,0.0
2023-11-16,3.530216693878174,3.530216693878174,3.530216693878174,3.530216693878174,0.0
2023-11-17,3.530216693878174,3.530216693878174,3.530216693878174,3.530216693878174,0.0
2023-11-20,3.491634898401181,3.530216693878174,3.491634898401181,3.530216693878174,6100.0
2023-11-21,3.530216693878174,3.530216693878174,3.530216693878174,3.530216693878174,5000.0
2023-11-22,3.530216693878174,3.530216693878174,3.530216693878174,3.530216693878174,0.0
2023-11-23,3.530216693878174,3.530216693878174,3.530216693878174,3.530216693878174,0.0
2023-11-24,3.530216693878174,3.530216693878174,3.530216693878174,3.530216693878174,0.0
2023-11-27,3.4819895515815675,3.4819895515815675,3.472344160079956,3.472344160079956,2000.0
2023-11-28,3.4626985557893275,3.4626985557893275,3.4434077739715576,3.4434077739715576,3000.0
2023-11-29,3.4434077739715576,3.4434077739715576,3.4434077739715576,3.4434077739715576,2000.0
2023-11-30,3.4434077739715576,3.4434077739715576,3.4434077739715576,3.4434077739715576,0.0
2023-12-01,3.4434077739715576,3.4434077739715576,3.4434077739715576,3.4434077739715576,0.0
2023-12-04,3.520571203724904,3.520571203724904,3.4530532360076904,3.4530532360076904,3500.0
2023-12-05,3.4530532360076904,3.4530532360076904,3.4530532360076904,3.4530532360076904,0.0
2023-12-06,3.4530532360076904,3.4530532360076904,3.4530532360076904,3.4530532360076904,0.0
2023-12-07,3.4530532360076904,3.4530532360076904,3.4530532360076904,3.4530532360076904,3300.0
2023-12-08,3.4530532360076904,3.4530532360076904,3.4530532360076904,3.4530532360076904,0.0
2023-12-11,3.5012802278533908,3.5012802278533908,3.4916346073150635,3.4916346073150635,5300.0
2023-12-12,3.4916346073150635,3.4916346073150635,3.4916346073150635,3.4916346073150635,0.0
2023-12-13,3.4434079855751216,3.472344160079956,3.4434079855751216,3.472344160079956,4300.0
2023-12-14,3.462698459625244,3.462698459625244,3.462698459625244,3.462698459625244,100.0
2023-12-15,3.4530532360076904,3.4530532360076904,3.4530532360076904,3.4530532360076904,5500.0
2023-12-18,3.4530532360076904,3.4530532360076904,3.4530532360076904,3.4530532360076904,100.0
2023-12-19,3.4530532360076904,3.4530532360076904,3.4530532360076904,3.4530532360076904,0.0
2023-12-20,3.4530532360076904,3.4530532360076904,3.4530532360076904,3.4530532360076904,7000.0
2023-12-21,3.453053377076733,3.472344160079956,3.453053377076733,3.472344160079956,11000.0
2023-12-22,3.472344160079956,3.472344160079956,3.472344160079956,3.472344160079956,0.0
2023-12-26,3.4530531648804423,3.4530531648804423,3.4434077739715576,3.4434077739715576,13000.0
2023-12-27,3.4434077739715576,3.4434077739715576,3.4434077739715576,3.4434077739715576,0.0
2023-12-28,3.453053123834363,3.5109256985640065,3.453053123834363,3.5012803077697754,9200.0
2023-12-29,3.5012803077697754,3.5012803077697754,3.5012803077697754,3.5012803077697754,0.0
2024-01-02,3.5012803077697754,3.5012803077697754,3.5012803077697754,3.5012803077697754,0.0
2024-01-03,3.5012803077697754,3.5012803077697754,3.5012803077697754,3.5012803077697754,0.0
2024-01-04,3.5012803077697754,3.5012803077697754,3.5012803077697754,3.5012803077697754,0.0
2024-01-05,3.5012803077697754,3.5012803077697754,3.5012803077697754,3.5012803077697754,0.0
2024-01-08,3.453053045018759,3.4916346073150635,3.453053045018759,3.4916346073150635,1000.0
2024-01-09,3.4916346073150635,3.4916346073150635,3.4916346073150635,3.4916346073150635,0.0
2024-01-10,3.4916346073150635,3.4916346073150635,3.4916346073150635,3.4916346073150635,0.0
2024-01-11,3.472344160079956,3.472344160079956,3.472344160079956,3.472344160079956,1000.0
2024-01-12,3.472344160079956,3.472344160079956,3.472344160079956,3.472344160079956,0.0
2024-01-15,3.472344160079956,3.472344160079956,3.472344160079956,3.472344160079956,0.0
2024-01-16,3.453053377076733,3.472344160079956,3.4434079855751216,3.472344160079956,9100.0
2024-01-17,3.4723439926609507,3.4819893836975098,3.433762428514714,3.4819893836975098,42600.0
2024-01-18,3.4819893836975098,3.4819893836975098,3.4819893836975098,3.4819893836975098,2000.0
2024-01-19,3.462698459625244,3.462698459625244,3.462698459625244,3.462698459625244,800.0
2024-01-22,3.462698459625244,3.462698459625244,3.462698459625244,3.462698459625244,0.0
2024-01-23,3.4626984840626935,3.4626984840626935,3.433762311935425,3.433762311935425,3200.0
2024-01-24,3.433762311935425,3.433762311935425,3.433762311935425,3.433762311935425,0.0
2024-01-25,3.433762311935425,3.433762311935425,3.433762311935425,3.433762311935425,4000.0
2024-01-26,3.433762311935425,3.433762311935425,3.433762311935425,3.433762311935425,2000.0
2024-01-29,3.4337624794976405,3.4337624794976405,3.424117088317871,3.424117088317871,18000.0
2024-01-30,3.462698627115255,3.462698627115255,3.4434078449001264,3.4530532360076904,13000.0
2024-01-31,3.4337623830626725,3.4434077739715576,3.4337623830626725,3.4434077739715576,50800.0
2024-02-01,3.433762453792562,3.4530532360076904,3.433762453792562,3.4530532360076904,2100.0
2024-02-02,3.43376259407351,3.472344160079956,3.43376259407351,3.472344160079956,4200.0
2024-02-05,3.4626985557893275,3.4626985557893275,3.4434077739715576,3.4434077739715576,7000.0
2024-02-06,3.4434077739715576,3.4434077739715576,3.4434077739715576,3.4434077739715576,0.0
2024-02-07,3.4434077739715576,3.4434077739715576,3.4434077739715576,3.4434077739715576,0.0
2024-02-08,3.4530532360076904,3.4530532360076904,3.4530532360076904,3.4530532360076904,7000.0
2024-02-09,3.4530531648804423,3.4530531648804423,3.4434077739715576,3.4434077739715576,59700.0
2024-02-13,3.4626985557893275,3.4626985557893275,3.4434077739715576,3.4434077739715576,12000.0
2024-02-14,3.4434077739715576,3.4434077739715576,3.4434077739715576,3.4434077739715576,0.0
2024-02-15,3.4434077739715576,3.4434077739715576,3.4434077739715576,3.4434077739715576,100.0
2024-02-16,3.433762311935425,3.433762311935425,3.433762311935425,3.433762311935425,6900.0
2024-02-19,3.4434077739715576,3.4434077739715576,3.4434077739715576,3.4434077739715576,1300.0
2024-02-20,3.4434077739715576,3.4434077739715576,3.4434077739715576,3.4434077739715576,3000.0
2024-02-21,3.4434077739715576,3.4434077739715576,3.4337623830626725,3.4434077739715576,37000.0
2024-02-22,3.433762311935425,3.433762311935425,3.433762311935425,3.433762311935425,14000.0
2024-02-23,3.4434077739715576,3.4434077739715576,3.4434077739715576,3.4434077739715576,1000.0
2024-02-26,3.4530532360076904,3.4530532360076904,3.4530532360076904,3.4530532360076904,100.0
2024-02-27,3.4530532360076904,3.4530532360076904,3.4530532360076904,3.4530532360076904,1400.0
2024-02-28,3.4530530689842256,3.462698459625244,3.4530530689842256,3.462698459625244,14100.0
2024-02-29,3.4530532360076904,3.4530532360076904,3.4530532360076904,3.4530532360076904,19000.0
2024-03-01,3.4434077739715576,3.4626985557893275,3.4337623830626725,3.4434077739715576,29200.0
2024-03-04,3.43376259407351,3.472344160079956,3.43376259407351,3.472344160079956,34200.0
2024-03-05,3.433762311935425,3.433762311935425,3.433762311935425,3.433762311935425,20000.0
2024-03-06,3.433762311935425,3.433762311935425,3.433762311935425,3.433762311935425,1600.0
2024-03-07,3.433762311935425,3.433762311935425,3.433762311935425,3.433762311935425,7300.0
2024-03-08,3.433762311935425,3.433762311935425,3.433762311935425,3.433762311935425,0.0
2024-03-11,3.433762311935425,3.433762311935425,3.433762311935425,3.433762311935425,0.0
2024-03-12,3.433762453792562,3.4530532360076904,3.433762453792562,3.4530532360076904,32500.0
2024-03-13,3.4530530689842256,3.462698459625244,3.4530530689842256,3.462698459625244,17000.0
2024-03-14,3.4434077739715576,3.4434077739715576,3.4434077739715576,3.4434077739715576,5000.0
2024-03-15,3.4434078449001264,3.4530532360076904,3.4434078449001264,3.4530532360076904,22100.0
2024-03-18,3.4434077739715576,3.4434077739715576,3.4434077739715576,3.4434077739715576,5000.0
2024-03-19,3.4434077739715576,3.4434077739715576,3.4434077739715576,3.4434077739715576,8000.0
2024-03-20,3.4434077739715576,3.4434077739715576,3.4434077739715576,3.4434077739715576,24000.0
2024-03-21,3.4434077739715576,3.4434077739715576,3.4434077739715576,3.4434077739715576,10000.0
2024-03-22,3.4530532360076904,3.4530532360076904,3.4434078449001264,3.4530532360076904,12100.0
2024-03-25,3.433762311935425,3.433762311935425,3.433762311935425,3.433762311935425,3100.0
2024-03-26,3.4337623830626725,3.4434077739715576,3.4337623830626725,3.4434077739715576,1100.0
2024-03-27,3.4434078449001264,3.4530532360076904,3.4434078449001264,3.4530532360076904,33000.0
2024-03-28,3.4530532360076904,3.4530532360076904,3.4530532360076904,3.4530532360076904,17000.0
2024-04-01,3.4530532360076904,3.4530532360076904,3.4530532360076904,3.4530532360076904,0.0
2024-04-02,3.462698459625244,3.462698459625244,3.462698459625244,3.462698459625244,9000.0
2024-04-03,3.462698459625244,3.462698459625244,3.462698459625244,3.462698459625244,8500.0
2024-04-04,3.462698459625244,3.462698459625244,3.462698459625244,3.462698459625244,0.0
2024-04-05,3.462698627115255,3.462698627115255,3.4530532360076904,3.4530532360076904,5000.0
2024-04-08,3.4530532360076904,3.462698627115255,3.4530532360076904,3.4530532360076904,15000.0
2024-04-09,3.4530532360076904,3.4530532360076904,3.4530532360076904,3.4530532360076904,0.0
2024-04-11,3.462698459625244,3.462698459625244,3.462698459625244,3.462698459625244,1400.0
2024-04-12,3.4530531648804423,3.4530531648804423,3.4337623830626725,3.4434077739715576,110000.0
2024-04-15,3.433762311935425,3.433762311935425,3.433762311935425,3.433762311935425,12400.0
2024-04-16,3.4626984840626935,3.4626984840626935,3.433762311935425,3.433762311935425,3700.0
2024-04-17,3.433762311935425,3.433762311935425,3.433762311935425,3.433762311935425,9400.0
2024-04-18,3.462698768578345,3.472344160079956,3.462698768578345,3.472344160079956,10000.0
2024-04-19,3.4434077026445147,3.4434077026445147,3.433762311935425,3.433762311935425,10700.0
2024-04-22,3.433762311935425,3.433762311935425,3.433762311935425,3.433762311935425,0.0
2024-04-23,3.433762311935425,3.433762311935425,3.433762311935425,3.433762311935425,0.0
2024-04-24,3.4434077739715576,3.4434077739715576,3.4434077739715576,3.4434077739715576,9900.0
2024-04-25,3.4434077739715576,3.4434077739715576,3.4434077739715576,3.4434077739715576,0.0
2024-04-26,3.4434077739715576,3.4434077739715576,3.4434077739715576,3.4434077739715576,0.0
2024-04-29,3.4434077739715576,3.4434077739715576,3.4434077739715576,3.4434077739715576,0.0
2024-04-30,3.4916346073150635,3.4916346073150635,3.4916346073150635,3.4916346073150635,2500.0
2024-05-02,3.4434079855751216,3.472344160079956,3.4434079855751216,3.472344160079956,24000.0
2024-05-03,3.472344160079956,3.472344160079956,3.472344160079956,3.472344160079956,200.0
2024-05-06,3.491634757861746,3.5205711607958587,3.491634757861746,3.510925769805908,11600.0
2024-05-07,3.510925769805908,3.510925769805908,3.510925769805908,3.510925769805908,100.0
2024-05-08,3.4520833848840775,3.5305397510528564,3.4520833848840775,3.5305397510528564,6500.0
2024-05-09,3.5305397510528564,3.5305397510528564,3.5305397510528564,3.5305397510528564,0.0
2024-05-10,3.5501538649000683,3.569768190383911,3.5501538649000683,3.569768190383911,15000.0
2024-05-13,3.5305397510528564,3.5305397510528564,3.5305397510528564,3.5305397510528564,10000.0
2024-05-14,3.530539668009728,3.530539668009728,3.4716973947671947,3.481504440307617,11000.0
2024-05-15,3.5305397510528564,3.540346796823954,3.520732705281759,3.5305397510528564,28600.0
2024-05-16,3.491311567968467,3.5305397510528564,3.491311567968467,3.5305397510528564,9700.0
2024-05-17,3.5207327689885135,3.54034686088562,3.5207327689885135,3.54034686088562,8000.0
2024-05-20,3.54034686088562,3.54034686088562,3.54034686088562,3.54034686088562,0.0
2024-05-21,3.5501539068341734,3.5599611866011456,3.54034686088562,3.54034686088562,10500.0
2024-05-23,3.54034686088562,3.54034686088562,3.54034686088562,3.54034686088562,0.0
2024-05-24,3.54034686088562,3.54034686088562,3.54034686088562,3.54034686088562,0.0
2024-05-27,3.54034686088562,3.54034686088562,3.54034686088562,3.54034686088562,0.0
2024-05-28,3.5305397510528564,3.5305397510528564,3.5305397510528564,3.5305397510528564,4000.0
2024-05-29,3.5305397510528564,3.5305397510528564,3.5305397510528564,3.5305397510528564,0.0
2024-05-30,3.5305397510528564,3.5305397510528564,3.5305397510528564,3.5305397510528564,0.0
2024-05-31,3.5305397510528564,3.5305397510528564,3.5305397510528564,3.5305397510528564,0.0
2024-06-03,3.5305397510528564,3.5305397510528564,3.5305397510528564,3.5305397510528564,0.0
2024-06-04,3.491311485848039,3.491311485848039,3.481504440307617,3.481504440307617,24000.0
2024-06-05,3.4815045044193624,3.491311550140381,3.4815045044193624,3.491311550140381,31000.0
2024-06-06,3.5011185958613993,3.5011185958613993,3.491311550140381,3.491311550140381,10000.0
2024-06-07,3.491311485848039,3.491311485848039,3.481504440307617,3.481504440307617,16100.0
2024-06-10,3.5011186599731445,3.5011186599731445,3.5011186599731445,3.5011186599731445,10000.0
2024-06-11,3.481504440307617,3.481504440307617,3.481504440307617,3.481504440307617,2600.0
2024-06-12,3.520732815885093,3.520732815885093,3.4913116776475395,3.510925769805908,2800.0
2024-06-13,3.5109257058737477,3.5109257058737477,3.5011186599731445,3.5011186599731445,3000.0
2024-06-14,3.481504440307617,3.481504440307617,3.481504440307617,3.481504440307617,4300.0
2024-06-18,3.481504440307617,3.481504440307617,3.481504440307617,3.481504440307617,2000.0
2024-06-19,3.4815045044193624,3.491311550140381,3.471697458698344,3.491311550140381,59500.0
2024-06-20,3.4815045044193624,3.491311550140381,3.4815045044193624,3.491311550140381,14100.0
2024-06-21,3.491311550140381,3.491311550140381,3.491311550140381,3.491311550140381,0.0
2024-06-24,3.5011185958613993,3.5011185958613993,3.491311550140381,3.491311550140381,6800.0
2024-06-25,3.4815045681719385,3.5011186599731445,3.4815045681719385,3.5011186599731445,33300.0
2024-06-26,3.5011186599731445,3.5011186599731445,3.5011186599731445,3.5011186599731445,0.0
2024-06-27,3.5011186599731445,3.5011186599731445,3.5011186599731445,3.5011186599731445,0.0
2024-06-28,3.491311550140381,3.491311550140381,3.4815045044193624,3.491311550140381,20000.0
2024-07-01,3.491311550140381,3.491311550140381,3.491311550140381,3.491311550140381,0.0
2024-07-02,3.491311550140381,3.491311550140381,3.491311550140381,3.491311550140381,0.0
2024-07-03,3.491311550140381,3.491311550140381,3.491311550140381,3.491311550140381,1000.0
2024-07-04,3.491311550140381,3.491311550140381,3.491311550140381,3.491311550140381,3000.0
2024-07-05,3.491311550140381,3.491311550140381,3.491311550140381,3.491311550140381,0.0
2024-07-08,3.559961104005924,3.559961104005924,3.491311550140381,3.491311550140381,76300.0
2024-07-09,3.481504440307617,3.481504440307617,3.481504440307617,3.481504440307617,1900.0
2024-07-10,3.481504440307617,3.481504440307617,3.481504440307617,3.481504440307617,15000.0
2024-07-11,3.481504440307617,3.481504440307617,3.481504440307617,3.481504440307617,0.0
2024-07-12,3.5501539068341734,3.5501539068341734,3.54034686088562,3.54034686088562,1500.0
2024-07-15,3.530539733024455,3.530539733024455,3.491311550140381,3.491311550140381,4000.0
2024-07-16,3.491311550140381,3.491311550140381,3.491311550140381,3.491311550140381,0.0
2024-07-17,3.5109256415824177,3.5109256415824177,3.491311550140381,3.491311550140381,3300.0
2024-07-18,3.481504440307617,3.481504440307617,3.481504440307617,3.481504440307617,2000.0
2024-07-19,3.510925769805908,3.510925769805908,3.510925769805908,3.510925769805908,3000.0
2024-07-22,3.510925769805908,3.510925769805908,3.510925769805908,3.510925769805908,1500.0
2024-07-23,3.510925769805908,3.510925769805908,3.510925769805908,3.510925769805908,0.0
2024-07-24,3.510925769805908,3.510925769805908,3.481504631568355,3.510925769805908,18300.0
2024-07-25,3.5011186599731445,3.5011186599731445,3.5011186599731445,3.5011186599731445,6000.0
2024-07-26,3.5011185958613993,3.5011185958613993,3.471697458698344,3.491311550140381,218300.0
2024-07-29,3.491311550140381,3.491311550140381,3.491311550140381,3.491311550140381,5000.0
2024-07-30,3.481504440307617,3.491311485848039,3.481504440307617,3.481504440307617,39200.0
2024-07-31,3.481504440307617,3.481504440307617,3.481504440307617,3.481504440307617,26300.0
2024-08-01,3.481504440307617,3.481504440307617,3.481504440307617,3.481504440307617,0.0
2024-08-02,3.481504440307617,3.481504440307617,3.481504440307617,3.481504440307617,24700.0
2024-08-05,3.481504440307617,3.481504440307617,3.481504440307617,3.481504440307617,600.0
2024-08-06,3.4716975688934326,3.4716975688934326,3.4716975688934326,3.4716975688934326,38000.0
2024-08-07,3.4716975688934326,3.4716975688934326,3.4716975688934326,3.4716975688934326,22200.0
2024-08-08,3.4716975688934326,3.4716975688934326,3.4716975688934326,3.4716975688934326,0.0
2024-08-12,3.461890459060669,3.461890459060669,3.461890459060669,3.461890459060669,400.0
2024-08-13,3.4716975049122354,3.4716975049122354,3.461890459060669,3.461890459060669,10000.0
2024-08-14,3.461890459060669,3.461890459060669,3.461890459060669,3.461890459060669,0.0
2024-08-15,3.461890459060669,3.461890459060669,3.461890459060669,3.461890459060669,6000.0
2024-08-16,3.461890459060669,3.461890459060669,3.461890459060669,3.461890459060669,0.0
2024-08-19,3.461890459060669,3.461890459060669,3.461890459060669,3.461890459060669,23200.0
2024-08-20,3.461890459060669,3.461890459060669,3.461890459060669,3.461890459060669,0.0
2024-08-21,3.461890522861129,3.4716975688934326,3.461890522861129,3.4716975688934326,2100.0
2024-08-22,3.4716975688934326,3.4716975688934326,3.4716975688934326,3.4716975688934326,0.0
2024-08-23,3.4815046149257367,3.4815046149257367,3.4716975688934326,3.4716975688934326,8400.0
2024-08-26,3.4716975688934326,3.4716975688934326,3.4716975688934326,3.4716975688934326,2000.0
2024-08-27,3.5109257530226476,3.5109257530226476,3.4716975688934326,3.4716975688934326,4100.0
2024-08-28,3.4716975688934326,3.4716975688934326,3.4716975688934326,3.4716975688934326,0.0
2024-08-29,3.4716975688934326,3.4716975688934326,3.4716975688934326,3.4716975688934326,0.0
2024-08-30,3.4716975688934326,3.4716975688934326,3.4716975688934326,3.4716975688934326,14700.0
2024-09-02,3.4716975688934326,3.4716975688934326,3.4716975688934326,3.4716975688934326,0.0
2024-09-03,3.520732705281759,3.5305397510528564,3.520732705281759,3.5305397510528564,21300.0
2024-09-04,3.5795753261786207,3.5795753261786207,3.510925769805908,3.510925769805908,1600.0
2024-09-05,3.5109257058737477,3.5109257058737477,3.5011186599731445,3.5011186599731445,1100.0
2024-09-06,3.5011185958613993,3.550153824466492,3.491311550140381,3.491311550140381,7000.0
2024-09-09,3.491311485848039,3.491311485848039,3.481504440307617,3.481504440307617,5000.0
2024-09-10,3.481504440307617,3.481504440307617,3.481504440307617,3.481504440307617,0.0
2024-09-11,3.4815045044193624,3.491311550140381,3.4815045044193624,3.491311550140381,3900.0
2024-09-12,3.491311567968467,3.5305397510528564,3.491311567968467,3.5305397510528564,7000.0
2024-09-13,3.530539861964277,3.530539861964277,3.4913116776475395,3.510925769805908,22400.0
2024-09-16,3.510925769805908,3.510925769805908,3.510925769805908,3.510925769805908,0.0
2024-09-17,3.510925769805908,3.510925769805908,3.510925769805908,3.510925769805908,4000.0
2024-09-18,3.5011185958613993,3.5011185958613993,3.491311550140381,3.491311550140381,5000.0
2024-09-19,3.491311550140381,3.491311550140381,3.491311550140381,3.491311550140381,0.0
2024-09-20,3.5501538894761597,3.559961169195181,3.5011186599731445,3.5011186599731445,8000.0
2024-09-23,3.5011185958613993,3.5011185958613993,3.4815045044193624,3.491311550140381,7000.0
2024-09-24,3.5795750617980957,3.5795750617980957,3.569768016443241,3.5795750617980957,19700.0
2024-09-25,3.5599610534707127,3.628610372543335,3.550153774070499,3.628610372543335,5500.0
2024-09-26,3.5893821902161225,3.628610372543335,3.5795751446343194,3.628610372543335,5700.0
2024-09-27,3.677645729990577,3.677645729990577,3.5795752707181956,3.6482245922088623,5100.0
2024-09-30,3.6482245922088623,3.6482245922088623,3.6482245922088623,3.6482245922088623,200.0
2024-10-01,3.550153991501254,3.5893824100494385,3.550153991501254,3.5893824100494385,4200.0
2024-10-02,3.5893824100494385,3.5893824100494385,3.5893824100494385,3.5893824100494385,0.0
2024-10-03,3.5599611618939395,3.6286104830573658,3.510925698673075,3.6089963912963863,10300.0
2024-10-04,3.6089963912963863,3.6089963912963863,3.6089963912963863,3.6089963912963863,0.0
2024-10-07,3.530539682906893,3.628610372543335,3.530539682906893,3.628610372543335,400.0
2024-10-08,3.628610372543335,3.628610372543335,3.628610372543335,3.628610372543335,0.0
2024-10-09,3.6384174181251385,3.6384174181251385,3.628610372543335,3.628610372543335,300.0
2024-10-10,3.638417593236754,3.638417593236754,3.5403468988803155,3.6188035011291504,600.0
2024-10-11,3.6188035011291504,3.6188035011291504,3.6188035011291504,3.6188035011291504,0.0
2024-10-14,3.5893821071529506,3.5893821071529506,3.5795750617980957,3.5795750617980957,5800.0
2024-10-15,3.5795750617980957,3.5795750617980957,3.5795750617980957,3.5795750617980957,0.0
2024-10-16,3.5795750617980957,3.5795750617980957,3.5795750617980957,3.5795750617980957,0.0
2024-10-17,3.569768190383911,3.569768190383911,3.569768190383911,3.569768190383911,500.0
2024-10-18,3.569768190383911,3.569768190383911,3.569768190383911,3.569768190383911,0.0
2024-10-21,3.5599611221845633,3.5599611221845633,3.5305397510528564,3.5305397510528564,8100.0
2024-10-22,3.5697681679556608,3.5697681679556608,3.5305397510528564,3.5305397510528564,1200.0
2024-10-23,3.5305397510528564,3.5305397510528564,3.5305397510528564,3.5305397510528564,4600.0
2024-10-24,3.5305397510528564,3.5305397510528564,3.5305397510528564,3.5305397510528564,0.0
2024-10-25,3.5207326412200928,3.530539686812746,3.5207326412200928,3.5207326412200928,3900.0
2024-10-28,3.5207326412200928,3.5207326412200928,3.5207326412200928,3.5207326412200928,500.0
2024-10-29,3.5207326412200928,3.5207326412200928,3.5207326412200928,3.5207326412200928,300.0
2024-10-30,3.501118723726724,3.510925769805908,3.501118723726724,3.510925769805908,2500.0
2024-11-01,3.510925769805908,3.510925769805908,3.510925769805908,3.510925769805908,0.0
2024-11-04,3.5109257058737477,3.5109257058737477,3.5011186599731445,3.5011186599731445,8000.0
2024-11-05,3.51092559562744,3.5207326412200928,3.51092559562744,3.5207326412200928,10000.0
2024-11-06,3.501118723726724,3.510925769805908,3.501118723726724,3.510925769805908,14000.0
2024-11-07,3.5011186599731445,3.5011186599731445,3.5011186599731445,3.5011186599731445,96000.0
2024-11-08,3.5011186599731445,3.5011186599731445,3.5011186599731445,3.5011186599731445,150200.0
2024-11-11,3.5109256595106615,3.550153842595051,3.5011186137395645,3.5305397510528564,126400.0
2024-11-12,3.51092559562744,3.530539686812746,3.501118550034787,3.5207326412200928,51900.0
2024-11-13,3.510925550434146,3.5501537322998047,3.510925550434146,3.5501537322998047,23700.0
2024-11-14,3.569768207774429,3.6286104830573658,3.569768207774429,3.6089963912963863,5600.0
2024-11-15,3.599189345415897,3.6089963912963863,3.599189345415897,3.6089963912963863,8300.0
2024-11-18,3.5305397277015804,3.599189281463623,3.5305397277015804,3.599189281463623,1100.0
2024-11-19,3.5991894090215473,3.6188035011291504,3.5991894090215473,3.6188035011291504,1600.0
2024-11-20,3.6188035011291504,3.6188035011291504,3.6188035011291504,3.6188035011291504,0.0
2024-11-21,3.6188035011291504,3.6188035011291504,3.6188035011291504,3.6188035011291504,0.0
2024-11-22,3.5207326412200928,3.5207326412200928,3.5207326412200928,3.5207326412200928,1000.0
2024-11-25,3.5207326412200928,3.5207326412200928,3.5207326412200928,3.5207326412200928,0.0
2024-11-26,3.5305397510528564,3.5697681679556608,3.5305397510528564,3.5305397510528564,71100.0
2024-11-27,3.5305397510528564,3.5697681679556608,3.5305397510528564,3.5305397510528564,11100.0
2024-11-28,3.5207326412200928,3.5207326412200928,3.51092559562744,3.5207326412200928,16100.0
2024-11-29,3.5207325959005606,3.5501537322998047,3.510925550434146,3.5501537322998047,110700.0
2024-12-02,3.520732815885093,3.520732815885093,3.510925769805908,3.510925769805908,7500.0
2024-12-03,3.510925769805908,3.510925769805908,3.510925769805908,3.510925769805908,0.0
2024-12-04,3.5207326412200928,3.5207326412200928,3.5207326412200928,3.5207326412200928,1000.0
2024-12-05,3.5207326412200928,3.5207326412200928,3.5207326412200928,3.5207326412200928,600.0
2024-12-06,3.51092559562744,3.530539686812746,3.51092559562744,3.5207326412200928,7800.0
2024-12-09,3.5109256595106615,3.5305397510528564,3.5109256595106615,3.5305397510528564,9000.0
2024-12-10,3.51092559562744,3.5207326412200928,3.51092559562744,3.5207326412200928,5000.0
2024-12-11,3.520732705281759,3.5305397510528564,3.520732705281759,3.5305397510528564,4000.0
2024-12-12,3.5305397510528564,3.540346796823954,3.5305397510528564,3.5305397510528564,15400.0
2024-12-13,3.5305397510528564,3.5305397510528564,3.5305397510528564,3.5305397510528564,2000.0
2024-12-16,3.520732705281759,3.5305397510528564,3.520732705281759,3.5305397510528564,8000.0
2024-12-17,3.5207326412200928,3.5207326412200928,3.5207326412200928,3.5207326412200928,1500.0
2024-12-18,3.5207326412200928,3.5207326412200928,3.5207326412200928,3.5207326412200928,0.0
2024-12-19,3.5403469080434613,3.5403469080434613,3.510925769805908,3.510925769805908,17000.0
2024-12-20,3.510925769805908,3.510925769805908,3.510925769805908,3.510925769805908,0.0
2024-12-23,3.510925769805908,3.510925769805908,3.510925769805908,3.510925769805908,0.0
2024-12-24,3.510925769805908,3.510925769805908,3.510925769805908,3.510925769805908,1100.0
2024-12-26,3.510925769805908,3.510925769805908,3.510925769805908,3.510925769805908,0.0
2024-12-27,3.5207326412200928,3.5207326412200928,3.5207326412200928,3.5207326412200928,3000.0
2024-12-30,3.520732815885093,3.520732815885093,3.510925769805908,3.510925769805908,14200.0
2024-12-31,3.5109257058737477,3.5109257058737477,3.5011186599731445,3.5011186599731445,15900.0
2025-01-02,3.5109255769288836,3.5109255769288836,3.481504440307617,3.481504440307617,23400.0
2025-01-03,3.491311550140381,3.491311550140381,3.491311550140381,3.491311550140381,7100.0
2025-01-06,3.4815044588494817,3.5207326412200928,3.471697413256829,3.5207326412200928,2400.0
2025-01-07,3.481504440307617,3.5011185313884616,3.481504440307617,3.481504440307617,4100.0
2025-01-08,3.5109256415824177,3.5109256415824177,3.491311550140381,3.491311550140381,152200.0
2025-01-09,3.481504440307617,3.481504440307617,3.481504440307617,3.481504440307617,3400.0
2025-01-10,3.520732705281759,3.5305397510528564,3.5109256595106615,3.5305397510528564,8300.0
2025-01-13,3.530539861964277,3.530539861964277,3.510925769805908,3.510925769805908,900.0
2025-01-14,3.510925769805908,3.510925769805908,3.510925769805908,3.510925769805908,0.0
2025-01-15,3.510925769805908,3.510925769805908,3.510925769805908,3.510925769805908,1000.0
2025-01-16,3.510925769805908,3.510925769805908,3.510925769805908,3.510925769805908,0.0
2025-01-17,3.4913116776475395,3.510925769805908,3.4913116776475395,3.510925769805908,5700.0
2025-01-20,3.510925769805908,3.510925769805908,3.510925769805908,3.510925769805908,0.0
2025-01-21,3.510925769805908,3.510925769805908,3.510925769805908,3.510925769805908,0.0
2025-01-22,3.5305397510528564,3.5305397510528564,3.5305397510528564,3.5305397510528564,3600.0
2025-01-23,3.5305397510528564,3.5305397510528564,3.5305397510528564,3.5305397510528564,0.0
2025-01-24,3.5305397510528564,3.5305397510528564,3.5305397510528564,3.5305397510528564,0.0
2025-01-27,3.530539814937067,3.5501539068341734,3.530539814937067,3.54034686088562,28200.0
2025-01-28,3.54034686088562,3.54034686088562,3.54034686088562,3.54034686088562,0.0
2025-01-31,3.510925769805908,3.510925769805908,3.510925769805908,3.510925769805908,6000.0
2025-02-03,3.51092572303996,3.54034686088562,3.4815045851943,3.54034686088562,32700.0
2025-02-04,3.491311550140381,3.491311550140381,3.491311550140381,3.491311550140381,800.0
2025-02-05,3.481504440307617,3.481504440307617,3.481504440307617,3.481504440307617,4000.0
2025-02-06,3.481504440307617,3.481504440307617,3.481504440307617,3.481504440307617,2000.0
2025-02-07,3.481504440307617,3.481504440307617,3.481504440307617,3.481504440307617,0.0
2025-02-10,3.481504440307617,3.481504440307617,3.481504440307617,3.481504440307617,0.0
2025-02-11,3.481504440307617,3.481504440307617,3.481504440307617,3.481504440307617,4000.0
2025-02-12,3.481504440307617,3.481504440307617,3.481504440307617,3.481504440307617,0.0
2025-02-13,3.481504440307617,3.481504440307617,3.481504440307617,3.481504440307617,0.0
2025-02-14,3.5011185313884616,3.5011185313884616,3.481504440307617,3.481504440307617,24900.0
2025-02-17,3.491311550140381,3.491311550140381,3.491311550140381,3.491311550140381,1100.0
2025-02-18,3.491311550140381,3.491311550140381,3.491311550140381,3.491311550140381,1100.0
2025-02-19,3.491311485848039,3.491311485848039,3.481504440307617,3.481504440307617,1100.0
2025-02-20,3.481504440307617,3.481504440307617,3.481504440307617,3.481504440307617,1000.0
2025-02-21,3.481504440307617,3.481504440307617,3.481504440307617,3.481504440307617,5400.0
2025-02-24,3.481504440307617,3.481504440307617,3.481504440307617,3.481504440307617,2000.0
2025-02-25,3.4716974764262725,3.5305397510528564,3.4716974764262725,3.5305397510528564,700.0
2025-02-26,3.6286104425822447,3.6286104425822447,3.5305397510528564,3.5305397510528564,900.0
2025-02-27,3.5305397510528564,3.5305397510528564,3.5305397510528564,3.5305397510528564,4500.0
2025-02-28,3.5305397976749537,3.5305397976749537,3.4815045681719385,3.5011186599731445,11000.0
2025-03-03,3.51092559562744,3.775716060447475,3.501118550034787,3.5207326412200928,1235000.0
2025-03-04,3.520732705281759,3.5305397510528564,3.520732705281759,3.5305397510528564,6000.0
2025-03-05,3.54034686088562,3.54034686088562,3.4815045851943,3.54034686088562,19100.0
2025-03-06,3.530539814937067,3.54034686088562,3.491311631142853,3.54034686088562,63000.0
2025-03-07,3.5305397510528564,3.5305397510528564,3.5305397510528564,3.5305397510528564,20000.0
2025-03-10,3.5305397510528564,3.5305397510528564,3.5109256595106615,3.5305397510528564,7000.0
2025-03-11,3.510925769805908,3.510925769805908,3.481504631568355,3.510925769805908,27100.0
2025-03-12,3.5109256415824177,3.5109256415824177,3.1872928989703935,3.491311550140381,9600.0
2025-03-13,3.491311550140381,3.491311550140381,3.491311550140381,3.491311550140381,2100.0
2025-03-14,3.491311504442135,3.5207326412200928,3.491311504442135,3.5207326412200928,8600.0
2025-03-17,3.5207326412200928,3.5207326412200928,3.4422762764788706,3.5207326412200928,5100.0
2025-03-18,3.5207326412200928,3.5207326412200928,3.5207326412200928,3.5207326412200928,0.0
2025-03-19,3.5207326412200928,3.5207326412200928,3.5207326412200928,3.5207326412200928,0.0
2025-03-20,3.4716973947671947,3.481504440307617,3.4716973947671947,3.481504440307617,10500.0
2025-03-21,3.481504440307617,3.481504440307617,3.481504440307617,3.481504440307617,0.0
2025-03-24,3.481504440307617,3.481504440307617,3.481504440307617,3.481504440307617,0.0
2025-03-25,3.5011186599731445,3.5011186599731445,3.5011186599731445,3.5011186599731445,1000.0
2025-03-26,3.4422762581459283,3.5109255769288836,3.4422762581459283,3.481504440307617,17100.0
2025-03-27,3.510925769805908,3.510925769805908,3.510925769805908,3.510925769805908,4000.0
2025-03-28,3.510925769805908,3.510925769805908,3.510925769805908,3.510925769805908,1300.0
2025-04-01,3.4716975854891707,3.510925769805908,3.4716975854891707,3.510925769805908,8700.0
2025-04-02,3.510925769805908,3.510925769805908,3.510925769805908,3.510925769805908,0.0
2025-04-03,3.471697413256829,3.530539686812746,3.471697413256829,3.5207326412200928,83100.0
2025-04-04,3.4716975222713353,3.5011186599731445,3.4716975222713353,3.5011186599731445,36200.0
2025-04-07,3.4324693540860807,3.4324693540860807,3.1382577419281006,3.1382577419281006,38000.0
2025-04-08,3.1382577419281006,3.1382577419281006,3.1382577419281006,3.1382577419281006,0.0
2025-04-09,3.236328363418579,3.236328363418579,3.236328363418579,3.236328363418579,6000.0
2025-04-10,3.3343989377742136,3.3638200759887695,3.324591891702695,3.3638200759887695,9100.0
2025-04-11,3.3638200759887695,3.3638200759887695,3.3638200759887695,3.3638200759887695,0.0
2025-04-14,3.412855121524662,3.520732622469306,3.334398757201284,3.481504440307617,9100.0
2025-04-15,3.4618905394099864,3.510925769805908,3.4618905394099864,3.510925769805908,12200.0
2025-04-16,3.481504631568355,3.510925769805908,3.481504631568355,3.510925769805908,30500.0
2025-04-17,3.4815045221973695,3.5305397510528564,3.4815045221973695,3.5305397510528564,95300.0
2025-04-21,3.5305397510528564,3.5305397510528564,3.432469293341883,3.5305397510528564,19900.0
2025-04-22,3.491311567968467,3.540346796823954,3.491311567968467,3.5305397510528564,101000.0
2025-04-23,3.5305397510528564,3.5305397510528564,3.520732705281759,3.5305397510528564,79600.0
2025-04-24,3.5109256595106615,3.5305397510528564,3.5109256595106615,3.5305397510528564,50500.0
2025-04-25,3.5305397510528564,3.5305397510528564,3.520732705281759,3.5305397510528564,23400.0
2025-04-28,3.530539641366975,3.5501537322998047,3.530539641366975,3.5501537322998047,11300.0
2025-04-29,3.51092559562744,3.550153777998051,3.51092559562744,3.5207326412200928,47500.0
2025-04-30,3.540346819067355,3.569768190383911,3.540346819067355,3.569768190383911,42900.0
2025-05-02,3.5697683652829313,3.5697683652829313,3.5403469925248894,3.5599613189697266,21000.0
2025-05-05,3.628610372543335,3.628610372543335,3.6089962813797287,3.628610372543335,95800.0
2025-05-06,3.628610547182952,3.628610547182952,3.6188035011291504,3.6188035011291504,36100.0
2025-05-07,3.638632535934448,3.638632535934448,3.638632535934448,3.638632535934448,10100.0
2025-05-08,3.628718015525123,3.638632535934448,3.628718015525123,3.638632535934448,33900.0
2025-05-09,3.62871800956066,3.658461570739746,3.62871800956066,3.658461570739746,27000.0
2025-05-13,3.6584615359854102,3.777435779571533,3.6584615359854102,3.777435779571533,163300.0
2025-05-14,3.777435842645474,3.965811967849731,3.777435842645474,3.965811967849731,126000.0
2025-05-15,3.985641143260852,4.352478649201886,3.985641143260852,4.283077239990234,220000.0
2025-05-16,4.283076973771366,4.679657781078481,4.283076973771366,4.3822221755981445,545000.0
2025-05-19,4.402051106897063,4.530940102459293,4.332649230957031,4.332649230957031,138400.0
2025-05-20,4.33264942004377,4.570598381678802,4.292991338564869,4.511111259460449,252400.0
2025-05-21,4.530940181138328,4.560683505085113,4.362393102901174,4.501196384429932,27400.0
2025-05-22,4.4516238294651735,4.4516238294651735,4.3326495806190835,4.362393379211426,28100.0
2025-05-23,4.203760623931885,4.213675381166101,4.203760623931885,4.203760623931885,87400.0
2025-05-26,4.14427315603379,4.183931236167196,4.1046150759003845,4.174016952514648,72700.0
2025-05-27,4.164102427604059,4.193846225738525,4.154188143400325,4.193846225738525,67500.0
2025-05-28,4.183931350708008,4.183931350708008,4.164102310098458,4.183931350708008,12700.0
2025-05-29,4.2136751480031425,4.2335041886126925,4.183931350708008,4.183931350708008,16000.0
2025-05-30,4.203760339548329,4.392136459400016,4.203760339548329,4.3822221755981445,40400.0
2025-06-02,4.362393273434995,4.362393273434995,4.3128204345703125,4.3128204345703125,32100.0
2025-06-03,4.402051227235946,4.402051227235946,4.342564105987549,4.342564105987549,1100.0
2025-06-04,4.362393392671895,4.382222434207427,4.312820552452243,4.32273530960083,94500.0
2025-06-05,4.312820297938592,4.3822221755981445,4.302906014136721,4.3822221755981445,48500.0
2025-06-06,4.362393379211426,4.362393379211426,4.342564337737078,4.362393379211426,20900.0
2025-06-09,4.3623933530115835,4.441709518432617,4.3623933530115835,4.441709518432617,73700.0
2025-06-10,4.402051562433192,4.441709646285249,4.402051562433192,4.411965847015381,10100.0
2025-06-11,4.4020514488220215,4.4020514488220215,4.4020514488220215,4.4020514488220215,3100.0
2025-06-12,4.402051215963501,4.402051215963501,4.3623931352327885,4.3822221755981445,31000.0
2025-06-13,4.38222253478092,4.38222253478092,4.362393492790304,4.372307777404785,44000.0
2025-06-16,4.362393492790304,4.372307777404785,4.332649693423554,4.372307777404785,55500.0
2025-06-17,4.362393379211426,4.3723076635677804,4.362393379211426,4.362393379211426,61500.0
2025-06-18,4.362393379211426,4.362393379211426,4.3524786220934315,4.362393379211426,74600.0
2025-06-19,4.362393379211426,4.421880503634472,4.362393379211426,4.362393379211426,24400.0
2025-06-20,4.392136691734068,4.4020514488220215,4.362393365993487,4.4020514488220215,76900.0
2025-06-23,4.3822221755981445,4.3822221755981445,4.3822221755981445,4.3822221755981445,15900.0
2025-06-24,4.382222407407754,4.4020514488220215,4.382222407407754,4.4020514488220215,26700.0
2025-06-25,4.392136805089352,4.42188060435922,4.392136805089352,4.411965847015381,22800.0
2025-06-26,4.411965594711984,4.481367473865083,4.411965594711984,4.4714531898498535,32200.0
2025-06-27,4.471453071333396,4.471453071333396,4.461538314819336,4.461538314819336,11100.0
2025-06-30,4.441709392280919,4.4714531898498535,4.421880351488837,4.4714531898498535,27100.0
2025-07-01,4.411965477772254,4.471453071333396,4.411965477772254,4.461538314819336,7500.0
2025-07-02,4.471453071333396,4.511111151866418,4.461538314819336,4.461538314819336,16600.0
2025-07-03,4.52102562003352,4.639999866485596,4.4813675378828295,4.639999866485596,130200.0
2025-07-04,4.659829074001916,4.947350416245007,4.659829074001916,4.858119964599609,309600.0
2025-07-07,4.858119756832421,4.858119756832421,4.758974552154541,4.758974552154541,29300.0
2025-07-08,4.709401734010321,4.709401734010321,4.669743651965901,4.679657936096191,53700.0
2025-07-09,4.679657936096191,4.699486977118402,4.659828895073981,4.679657936096191,39900.0
2025-07-10,4.689572771825145,4.848205102669613,4.689572771825145,4.808547019958496,124100.0
2025-07-11,4.858119613250312,4.858119613250312,4.758974411502676,4.828375816345215,23300.0
2025-07-14,4.808546775995688,4.858119613250312,4.778803451852204,4.828375816345215,31100.0
2025-07-15,4.808547019958496,4.818461777017094,4.808547019958496,4.808547019958496,29200.0
2025-07-16,4.8085468937423,4.88786305708262,4.8085468937423,4.838290691375732,70500.0
2025-07-17,4.868034105198073,4.927521228790283,4.858119820980188,4.927521228790283,109900.0
2025-07-18,4.927521102791161,4.987008697623878,4.907692062100796,4.9572649002075195,172300.0
2025-07-21,4.967179762624067,5.016752129023959,4.967179762624067,5.006837844848633,42400.0
2025-07-22,5.00683782001411,5.086153984069824,5.00683782001411,5.086153984069824,58100.0
2025-07-23,5.086154084738601,5.155555493280178,5.056410286248182,5.135726451873779,83400.0
2025-07-24,5.155555366450905,5.1753844073695,5.155555366450905,5.165470123291016,28200.0
2025-07-25,5.155555366450905,5.185299164209611,5.155555366450905,5.165470123291016,25100.0
2025-07-28,5.1753844073695,5.1753844073695,5.145641082372421,5.165470123291016,76900.0
2025-07-29,5.185299183447001,5.492649555206299,5.185299183447001,5.492649555206299,306500.0
2025-07-30,5.482735176313753,5.492649460257636,5.314188094413165,5.40341854095459,78800.0
2025-07-31,5.373675309253338,5.492649555206299,5.304273429399963,5.492649555206299,114900.0
2025-08-01,5.452991498150728,5.452991498150728,5.413333415985107,5.413333415985107,27900.0
2025-08-04,5.403418646622,5.532307649744325,5.343931523510533,5.452991485595703,150100.0
2025-08-05,5.452991485595703,5.502564324569407,5.443076728696311,5.452991485595703,159900.0
2025-08-06,5.452991367249399,5.462906123933611,5.42324756995838,5.4430766105651855,67900.0
2025-08-07,5.443076496085902,5.443076496085902,5.433162212371826,5.433162212371826,63400.0
2025-08-08,5.423247455896142,5.443076496085902,5.4034184157063825,5.433162212371826,23200.0
2025-08-11,5.433162571309161,5.45299161280891,5.423247814178467,5.423247814178467,64900.0
2025-08-12,5.452991498150728,5.462906255072948,5.413333415985107,5.413333415985107,39700.0
2025-08-13,5.413333403521392,5.452991485595703,5.413333403521392,5.452991485595703,10800.0
2025-08-14,5.452991485595703,5.452991485595703,5.423247687659155,5.452991485595703,27900.0
2025-08-15,5.452991402901123,5.472820443637572,5.155555319092777,5.324102401733398,51700.0
2025-08-18,5.334017085198265,5.334017085198265,5.145640964409298,5.155555248260498,136500.0
2025-08-19,5.16547030056529,5.343931674957275,5.16547030056529,5.343931674957275,32300.0
2025-08-20,5.304273478618866,5.3439315609711775,5.274530153235449,5.334017276763916,11800.0
2025-08-21,5.274529933929443,5.274529933929443,5.274529933929443,5.274529933929443,4600.0
2025-08-22,5.254701137542725,5.314188261359684,5.254701137542725,5.254701137542725,7400.0
2025-08-25,5.185299368930226,5.264615535736084,5.185299368930226,5.264615535736084,29900.0
2025-08-26,5.244786262512207,5.244786262512207,5.224957221686063,5.244786262512207,13400.0
2025-08-27,5.2051280858013484,5.215042842414165,5.155555248260498,5.155555248260498,65900.0
2025-08-28,5.165470123291016,5.185299164209611,5.155555366450905,5.165470123291016,29900.0
2025-08-29,5.155555144235542,5.165469900648306,5.066324700328701,5.105982780456543,74500.0
2025-09-01,5.125812194318218,5.135726478692371,5.046496028278435,5.056410312652588,70200.0
2025-09-02,5.076239239672493,5.076239239672493,4.9770940343588945,5.0464959144592285,78200.0
2025-09-03,5.0464959144592285,5.0464959144592285,5.0464959144592285,5.0464959144592285,0.0
2025-09-04,5.066324710845947,5.066324710845947,5.066324710845947,5.066324710845947,6400.0
2025-09-05,5.066324955521948,5.066324955521948,5.0266668733965085,5.0464959144592285,3500.0
2025-09-08,5.04649601499958,5.096068382263184,5.04649601499958,5.096068382263184,40300.0
2025-09-09,5.046495784591465,5.076239109039307,5.036581027934439,5.076239109039307,15200.0
2025-09-10,5.026666630635779,5.066324710845947,5.026666630635779,5.066324710845947,23100.0
2025-09-11,5.066324710845947,5.066324710845947,5.0365809143075175,5.066324710845947,25800.0
2025-09-12,5.0464959144592285,5.056410198609773,5.0266668733965085,5.0464959144592285,21700.0
2025-09-15,5.056410211248525,5.056410211248525,4.957265005687109,5.006837844848633,39000.0
2025-09-16,5.016752034286051,5.026666791035775,4.897777789859099,4.917606830596924,206800.0
2025-09-17,4.92752099582633,4.937435752337097,4.89777767181725,4.907691955566406,34700.0
2025-09-18,4.89777767181725,4.907691955566406,4.868033875046559,4.907691955566406,26300.0
2025-09-19,4.877948760986328,4.927521126570659,4.868034004212488,4.877948760986328,19400.0
2025-09-22,4.91760681882679,4.9572649002075195,4.91760681882679,4.9572649002075195,65400.0
2025-09-23,4.957265026967205,4.957265026967205,4.927521228790283,4.927521228790283,14500.0
2025-09-24,4.9176070621492975,4.937436103820801,4.9176070621492975,4.937436103820801,7800.0
2025-09-25,4.996923135714742,4.996923135714742,4.75897464009101,4.848205089569092,42500.0
2025-09-26,4.858119613250312,4.858119613250312,4.758974411502676,4.828375816345215,36800.0
2025-09-29,4.828376179528709,4.838290936830052,4.818461894989014,4.818461894989014,8600.0
2025-09-30,4.8085468937423,4.897777813880972,4.8085468937423,4.838290691375732,39300.0
2025-10-01,4.818461650540653,4.838290691375732,4.818461650540653,4.838290691375732,11700.0
2025-10-02,4.8184616153749635,4.9572649002075195,4.8184616153749635,4.9572649002075195,56200.0
2025-10-03,4.957264781665907,4.957264781665907,4.917606701233508,4.947350025177002,9300.0
2025-10-06,4.947350025177002,4.947350025177002,4.85811958058491,4.947350025177002,6200.0
2025-10-07,4.868033864312205,4.947350025177002,4.868033864312205,4.947350025177002,2900.0
2025-10-08,4.947350025177002,4.947350025177002,4.947350025177002,4.947350025177002,7200.0
2025-10-09,4.937436090197811,5.096068423132152,4.937436090197811,4.9770941734313965,67600.0
2025-10-10,5.03658106296898,5.03658106296898,4.897777778136424,4.9572649002075195,10600.0
2025-10-13,4.947350269987687,4.957265026967205,4.858119820980188,4.927521228790283,7600.0
2025-10-14,4.917607089950423,4.917607089950423,4.858119964599609,4.858119964599609,18900.0
2025-10-15,4.838290691375732,4.858119732210812,4.818461650540653,4.838290691375732,27900.0
2025-10-16,4.838290922816005,4.858119964599609,4.838290922816005,4.858119964599609,14200.0
2025-10-17,4.828376165543379,4.858119964599609,4.778803797465191,4.858119964599609,24300.0
2025-10-21,4.8680338859558105,4.877948642488797,4.8680338859558105,4.8680338859558105,2200.0
2025-10-22,4.82837580534709,4.8680338859558105,4.818461521575716,4.8680338859558105,3300.0
2025-10-23,4.858119964599609,4.858119964599609,4.858119964599609,4.858119964599609,300.0
2025-10-24,4.868034028481518,4.907692110251343,4.778803580880224,4.798632621765137,62200.0
2025-10-27,4.848204824096006,4.947350025177002,4.848204824096006,4.947350025177002,26700.0
2025-10-28,4.907692318692932,4.937436117664405,4.858119950756005,4.897778034210205,32200.0
2025-10-29,4.897778034210205,4.897778034210205,4.897778034210205,4.897778034210205,0.0
2025-10-30,4.897778034210205,4.897778034210205,4.897778034210205,4.897778034210205,0.0
2025-10-31,4.808546881854316,4.877948760986328,4.808546881854316,4.877948760986328,1800.0
2025-11-03,4.8680338859558105,4.877948642488797,4.8680338859558105,4.8680338859558105,500.0
2025-11-04,4.8581197444198745,4.8581197444198745,4.798632621765137,4.798632621765137,6600.0
2025-11-05,4.798632503313148,4.798632503313148,4.788717746734619,4.788717746734619,12900.0
2025-11-06,4.808547019958496,4.808547019958496,4.7887179786029375,4.808547019958496,6400.0
2025-11-07,4.79863265499108,4.79863265499108,4.679657936096191,4.679657936096191,89600.0
2025-11-10,4.679658040692945,4.729230880737305,4.679658040692945,4.729230880737305,29800.0
2025-11-11,4.699486850887824,4.719316364139032,4.669743526534244,4.709401607513428,21800.0
2025-11-12,4.709401839271889,4.749059922202721,4.709401839271889,4.729230880737305,124000.0
2025-11-13,4.758974433725894,4.788717758008271,4.73914539328377,4.749059677124023,18900.0
2025-11-14,4.739145404628624,4.739145404628624,4.709401607513428,4.709401607513428,12000.0
2025-11-17,4.719316245234508,4.719316245234508,4.69948673248291,4.69948673248291,11600.0
2025-11-18,4.689572567023836,4.709401607513428,4.689572567023836,4.709401607513428,8300.0
2025-11-19,4.679657702906433,4.699486742940552,4.649914379236058,4.6598286628723145,18900.0
2025-11-20,4.66974366447943,4.6796579486362875,4.639999866485596,4.639999866485596,4100.0
2025-11-21,4.6598286628723145,4.6598286628723145,4.6598286628723145,4.6598286628723145,1100.0
2025-11-24,4.699486968795226,4.758974564518128,4.699486968795226,4.719316482543945,3200.0
2025-11-25,4.75897457294666,4.75897457294666,4.679657936096191,4.679657936096191,2100.0
2025-11-26,4.679657702906433,4.679657702906433,4.6598286628723145,4.6598286628723145,1100.0
2025-11-27,4.659828907560941,4.6796579486362875,4.630085582328738,4.639999866485596,29600.0
2025-11-28,4.659829025924803,4.659829025924803,4.590427616779049,4.649914741516113,22300.0
2025-12-01,4.649914623404084,4.649914623404084,4.600341784334904,4.639999866485596,8300.0
2025-12-02,4.709401866253177,4.709401866253177,4.590427616779049,4.649914741516113,27400.0
2025-12-03,4.610256320218919,4.610256320218919,4.580512523651123,4.580512523651123,56000.0
2025-12-04,4.6003419284589535,4.6003419284589535,4.560683845065815,4.570598602294922,86100.0
2025-12-05,4.610256685688062,4.610256685688062,4.570598602294922,4.570598602294922,28000.0
2025-12-08,4.560683845065815,4.570598602294922,4.530940518901783,4.570598602294922,31000.0
2025-12-09,4.5705986161981,4.5705986161981,4.530940532684326,4.530940532684326,7300.0
2025-12-10,4.530940139031347,4.6598286628723145,4.530940139031347,4.6598286628723145,1800.0
2025-12-11,4.560683462701722,4.669743419270177,4.521025382633485,4.6598286628723145,1400.0
2025-12-12,4.58051265372184,4.58051265372184,4.550769329071045,4.550769329071045,31100.0
2025-12-15,4.6499147690812,4.6499147690812,4.5507695605983525,4.570598602294922,13600.0
2025-12-16,4.570598602294922,4.570598602294922,4.570598602294922,4.570598602294922,0.0
2025-12-17,4.570598369758782,4.58051265372184,4.550769329071045,4.550769329071045,23000.0
2025-12-18,4.5408546860800145,4.560683727264404,4.530940401868636,4.560683727264404,3700.0
2025-12-19,4.521025708969616,4.729230880737305,4.5011966675042006,4.729230880737305,14100.0
2025-12-22,4.719316255736276,4.719316255736276,4.610256299167821,4.6598286628723145,8000.0
2025-12-23,4.6598286628723145,4.6598286628723145,4.6598286628723145,4.6598286628723145,0.0
2025-12-24,4.620170614725,4.620170614725,4.362393092500465,4.540854454040527,54900.0
2025-12-26,4.560683601345455,4.600341682619288,4.560683601345455,4.590427398681641,32400.0
2025-12-29,4.590427280094257,4.610256320218919,4.580512523651123,4.580512523651123,38400.0
2025-12-30,4.580512523651123,4.580512523651123,4.580512523651123,4.580512523651123,0.0
2025-12-31,4.600341682619288,4.600341682619288,4.590427398681641,4.590427398681641,5600.0
2026-01-02,4.600341563775784,4.64991440046824,4.580512523651123,4.580512523651123,27500.0
2026-01-05,4.749059677124023,4.749059677124023,4.749059677124023,4.749059677124023,100.0
2026-01-06,4.739145557542417,4.739145557542417,4.600341796875,4.600341796875,1600.0
2026-01-07,4.600341796875,4.600341796875,4.600341796875,4.600341796875,0.0
2026-01-08,4.659829087499051,4.818461894989014,4.610256719277277,4.818461894989014,34700.0
2026-01-09,4.729230766656676,4.749059807643768,4.699486968795226,4.719316482543945,24400.0
2026-01-12,4.709401607513428,4.719316364139032,4.679657810398231,4.709401607513428,30600.0
2026-01-13,4.669743408878722,4.70940148885871,4.630085328898735,4.69948673248291,61400.0
2026-01-14,4.639999622838197,4.6598286628723145,4.63008533920194,4.6598286628723145,131900.0
2026-01-15,4.669743408878722,4.70940148885871,4.649914368888728,4.69948673248291,76500.0
2026-01-16,4.739145278930664,4.739145278930664,4.679657686278081,4.739145278930664,32800.0
2026-01-19,4.758974552154541,4.868034040919396,4.758974552154541,4.758974552154541,93500.0
2026-01-20,4.758974552154541,4.758974552154541,4.719316470283388,4.758974552154541,33200.0
2026-01-21,4.758974692833614,4.758974692833614,4.689572811126709,4.689572811126709,6600.0
2026-01-22,4.729230880737305,4.778803720781665,4.719316596385417,4.729230880737305,25700.0
2026-01-23,4.7292306366818995,4.798632514610141,4.719316352841646,4.749059677124023,51000.0
2026-01-26,4.749059795305939,4.778803593090117,4.749059795305939,4.758974552154541,103700.0
2026-01-27,4.788718081976169,4.907692332677797,4.758974755681586,4.858119964599609,300100.0
2026-01-28,4.917606723097518,4.917606723097518,4.798632481271355,4.8680338859558105,16000.0
2026-01-29,4.868034130871069,4.8779488879028765,4.818461763996943,4.848205089569092,10400.0
2026-01-30,4.848205221369748,4.858119978671092,4.818461894989014,4.818461894989014,5700.0
2026-02-02,4.788717864941867,4.798632621765137,4.758974539995311,4.798632621765137,34300.0
2026-02-03,4.808547123759774,4.858119964599609,4.808547123759774,4.858119964599609,14500.0
2026-02-04,4.798632609705573,4.858119732210812,4.798632609705573,4.838290691375732,5600.0
2026-02-05,4.868033980720066,4.9572649002075195,4.868033980720066,4.9572649002075195,1900.0
2026-02-06,4.808547019958496,4.907692226736288,4.808547019958496,4.808547019958496,4100.0
2026-02-09,4.858119696755693,4.9572649002075195,4.8482049400297,4.9572649002075195,12300.0
2026-02-10,4.897778048166819,4.897778048166819,4.858119964599609,4.858119964599609,4400.0
2026-02-11,4.887863044998545,4.887863044998545,4.877948760986328,4.877948760986328,400.0
2026-02-12,4.907691955566406,4.907691955566406,4.8581195912974025,4.907691955566406,12400.0
2026-02-13,4.858119732210812,4.88786305708262,4.838290691375732,4.838290691375732,2700.0
2026-02-16,4.838290691375732,4.937435895551132,4.838290691375732,4.838290691375732,4200.0
2026-02-19,4.8680338859558105,4.8680338859558105,4.8680338859558105,4.8680338859558105,1000.0
2026-02-20,4.838290667645622,4.917606830596924,4.838290667645622,4.917606830596924,19200.0
2026-02-23,4.917606830596924,4.917606830596924,4.917606830596924,4.917606830596924,0.0
2026-02-24,4.917606830596924,4.917606830596924,4.917606830596924,4.917606830596924,0.0
2026-02-25,4.808546870158073,4.917606830596924,4.808546870158073,4.917606830596924,800.0
2026-02-26,4.788717841068259,4.877948760986328,4.758974516269984,4.877948760986328,31100.0
2026-02-27,4.858119696755693,4.9572649002075195,4.8184616153749635,4.9572649002075195,27200.0
2026-03-02,4.9572649002075195,4.9572649002075195,4.9572649002075195,4.9572649002075195,0.0
2026-03-03,4.937436131734028,4.937436131734028,4.758974755681586,4.858119964599609,6700.0
2026-03-04,4.758974552154541,4.758974552154541,4.689572672499211,4.758974552154541,11500.0
2026-03-05,4.709401607513428,4.709401607513428,4.709401607513428,4.709401607513428,500.0
2026-03-06,4.669743526534244,4.709401607513428,4.659828769908639,4.709401607513428,4200.0
2026-03-09,4.679658067503824,4.689572824674156,4.560683818029696,4.649914741516113,48800.0
2026-03-10,4.649914590628058,4.798632634025693,4.59042746782133,4.758974552154541,3100.0
2026-03-11,4.758974552154541,4.758974552154541,4.758974552154541,4.758974552154541,0.0
2026-03-12,4.65982878125309,4.669743537902832,4.56068357856376,4.669743537902832,4600.0
2026-03-13,4.639999984345781,4.649914741516113,4.639999984345781,4.649914741516113,1500.0
2026-03-16,4.649914741516113,4.649914741516113,4.649914741516113,4.649914741516113,0.0
2026-03-17,4.729230787705467,4.729230787705467,4.639999866485596,4.639999866485596,3300.0
2026-03-18,4.639999622838197,4.679657702906433,4.639999622838197,4.6598286628723145,38400.0
2026-03-19,4.620170593261719,4.620170593261719,4.620170593261719,4.620170593261719,2000.0
2026-03-20,4.6102565538205145,4.6102565538205145,4.580512755745602,4.600341796875,22000.0
2026-03-23,4.570598272665949,4.570598272665949,4.461538314819336,4.461538314819336,56900.0
2026-03-24,4.471453303775384,4.530940427667266,4.471453303775384,4.481367588043213,3300.0
2026-03-25,4.481367588043213,4.481367588043213,4.481367588043213,4.481367588043213,0.0
2026-03-26,4.4912824630737305,4.4912824630737305,4.4912824630737305,4.4912824630737305,300.0
2026-03-27,4.4912824630737305,4.4912824630737305,4.4912824630737305,4.4912824630737305,0.0
2026-03-30,4.5011966424983925,4.5011966424983925,4.4020514357221,4.441709518432617,20500.0
2026-03-31,4.411965614673299,4.42188037149501,4.392136573791504,4.392136573791504,5600.0
2026-04-01,4.501196395352356,4.501196395352356,4.461538314819336,4.461538314819336,4100.0
2026-04-02,4.471453445555118,4.471453445555118,4.411965847015381,4.411965847015381,27000.0
2026-04-06,4.4317946434021,4.4317946434021,4.4317946434021,4.4317946434021,2000.0
2026-04-07,4.481367355085847,4.501196395352356,4.461538314819336,4.461538314819336,6200.0
2026-04-08,4.471453082378271,4.471453082378271,4.42188024520874,4.42188024520874,6300.0
2026-04-09,4.42188024520874,4.42188024520874,4.42188024520874,4.42188024520874,0.0
2026-04-10,4.471453060483146,4.501196384429932,4.4218802235563555,4.501196384429932,44600.0
2026-04-13,4.4813677057837715,4.4912824630737305,4.4813677057837715,4.4912824630737305,2200.0
2026-04-14,4.501196514657164,4.501196514657164,4.4714531898498535,4.4714531898498535,15400.0
2026-04-15,4.501196629340507,4.540854711935095,4.481367588043213,4.481367588043213,40000.0
2026-04-16,4.50119636315248,4.580512523651123,4.50119636315248,4.580512523651123,61700.0
2026-04-17,4.560683494211646,4.560683494211646,4.540854454040527,4.540854454040527,40800.0
2026-04-20,4.580512630444009,4.6499145088792035,4.570598346531335,4.630085468292236,200300.0
2026-04-21,4.649914362713394,4.739145278930664,4.610256282786075,4.739145278930664,41200.0
2026-04-22,4.758974445118215,4.758974445118215,4.659828769908639,4.709401607513428,21700.0
2026-04-23,4.709401607513428,4.709401607513428,4.709401607513428,4.709401607513428,0.0
2026-04-24,4.639999970941543,4.689572811126709,4.639999970941543,4.689572811126709,1400.0
2026-04-27,4.6895726929881105,4.6895726929881105,4.659828895073981,4.679657936096191,12000.0
2026-04-28,4.679657810398231,4.709401607513428,4.659828769908639,4.709401607513428,49900.0
2026-04-29,4.639999854051772,4.679657936096191,4.5904274878770615,4.679657936096191,4100.0
2026-04-30,4.679657936096191,4.679657936096191,4.679657936096191,4.679657936096191,10000.0
2026-05-04,4.679657936096191,4.6895726929881105,4.610256528899272,4.679657936096191,71700.0
2026-05-05,4.679657936096191,4.679657936096191,4.679657936096191,4.679657936096191,200.0
2026-05-06,4.689572811126709,4.689572811126709,4.639999970941543,4.689572811126709,32600.0
2026-05-07,4.689572705554776,4.689572705554776,4.639999866485596,4.639999866485596,1100.0
2026-05-08,4.650000095367432,4.699999809265137,4.650000095367432,4.650000095367432,32900.0
2026-05-11,4.619999885559082,4.659999847412109,4.619999885559082,4.659999847412109,8100.0
2026-05-12,4.659999847412109,4.659999847412109,4.650000095367432,4.659999847412109,19700.0
2026-05-13,4.619999885559082,4.650000095367432,4.610000133514404,4.610000133514404,22100.0
2026-05-14,4.610000133514404,4.619999885559082,4.610000133514404,4.619999885559082,4200.0
2026-05-15,4.610000133514404,4.659999847412109,4.610000133514404,4.619999885559082,23400.0
2026-05-18,4.610000133514404,4.610000133514404,4.599999904632568,4.599999904632568,13000.0
2026-05-19,4.610000133514404,4.610000133514404,4.590000152587891,4.599999904632568,20900.0
2026-05-20,4.650000095367432,4.699999809265137,4.599999904632568,4.599999904632568,8200.0
2026-05-21,4.599999904632568,4.599999904632568,4.599999904632568,4.599999904632568,6000.0
2026-05-22,4.599999904632568,4.599999904632568,4.599999904632568,4.599999904632568,0.0
2026-05-25,4.559999942779541,4.599999904632568,4.559999942779541,4.599999904632568,3400.0
2026-05-26,4.599999904632568,4.599999904632568,4.599999904632568,4.599999904632568,0.0
2026-05-27,4.599999904632568,4.599999904632568,4.599999904632568,4.599999904632568,0.0
2026-05-28,4.599999904632568,4.599999904632568,4.599999904632568,4.599999904632568,0.0
2026-05-29,4.599999904632568,4.599999904632568,4.599999904632568,4.599999904632568,0.0
2026-06-01,4.599999904632568,4.599999904632568,4.599999904632568,4.599999904632568,0.0
2026-06-02,4.650000095367432,4.650000095367432,4.630000114440918,4.630000114440918,1100.0
2026-06-03,4.619999885559082,4.639999866485596,4.610000133514404,4.619999885559082,3100.0
2026-06-04,4.559999942779541,4.599999904632568,4.559999942779541,4.599999904632568,5300.0
2026-06-05,4.599999904632568,4.599999904632568,4.599999904632568,4.599999904632568,700.0
2026-06-08,4.599999904632568,4.599999904632568,4.599999904632568,4.599999904632568,5000.0
2026-06-09,4.599999904632568,4.599999904632568,4.599999904632568,4.599999904632568,0.0
2026-06-10,4.599999904632568,4.599999904632568,4.599999904632568,4.599999904632568,2000.0
2026-06-11,4.599999904632568,4.599999904632568,4.599999904632568,4.599999904632568,1000.0
2026-06-12,4.539999961853027,4.590000152587891,4.539999961853027,4.590000152587891,2200.0
2026-06-15,4.550000190734863,4.599999904632568,4.550000190734863,4.599999904632568,7800.0
2026-06-16,4.599999904632568,4.599999904632568,4.570000171661377,4.579999923706055,12600.0
2026-06-17,4.579999923706055,4.579999923706055,4.579999923706055,4.579999923706055,0.0
2026-06-18,4.570000171661377,4.579999923706055,4.570000171661377,4.579999923706055,2100.0
2026-06-19,4.579999923706055,4.579999923706055,4.579999923706055,4.579999923706055,0.0
2026-06-22,4.579999923706055,4.579999923706055,4.579999923706055,4.579999923706055,0.0
2026-06-23,4.550000190734863,4.559999942779541,4.539999961853027,4.539999961853027,3500.0
2026-06-24,4.539999961853027,4.610000133514404,4.539999961853027,4.599999904632568,16000.0
2026-06-25,4.550000190734863,4.570000171661377,4.550000190734863,4.570000171661377,10300.0
2026-06-26,4.599999904632568,4.599999904632568,4.550000190734863,4.579999923706055,7900.0
2026-06-29,4.599999904632568,4.599999904632568,4.599999904632568,4.599999904632568,4400.0
2026-06-30,4.599999904632568,4.599999904632568,4.599999904632568,4.599999904632568,0.0
2026-07-01,4.53000020980835,4.53000020980835,4.53000020980835,4.53000020980835,1000.0
2026-07-02,4.53000020980835,4.53000020980835,4.53000020980835,4.53000020980835,0.0
2026-07-03,4.559999942779541,4.599999904632568,4.550000190734863,4.599999904632568,9200.0
2026-07-06,4.599999904632568,4.599999904632568,4.599999904632568,4.599999904632568,0.0
2026-07-07,4.650000095367432,4.650000095367432,4.639999866485596,4.650000095367432,25900.0
2026-07-08,4.619999885559082,4.670000076293945,4.619999885559082,4.670000076293945,39200.0
2026-07-09,4.570000171661377,4.590000152587891,4.570000171661377,4.590000152587891,2400.0
2026-07-10,4.579999923706055,4.619999885559082,4.579999923706055,4.619999885559082,10300.0
2026-07-13,4.599999904632568,4.599999904632568,4.590000152587891,4.590000152587891,6800.0
2026-07-14,4.590000152587891,4.590000152587891,4.5,4.590000152587891,12000.0
2026-07-15,4.599999904632568,4.599999904632568,4.599999904632568,4.599999904632568,300.0
2026-07-16,4.590000152587891,4.599999904632568,4.590000152587891,4.599999904632568,13900.0
2026-07-17,4.570000171661377,4.570000171661377,4.570000171661377,4.570000171661377,7000.0
2026-07-20,4.570000171661377,4.579999923706055,4.559999942779541,4.559999942779541,8300.0
2026-07-21,4.570000171661377,4.570000171661377,4.570000171661377,4.570000171661377,23500.0
2026-07-22,4.550000190734863,4.570000171661377,4.550000190734863,4.570000171661377,3000.0
2026-07-23,4.550000190734863,4.599999904632568,4.550000190734863,4.599999904632568,15100.0
2026-07-24,4.579999923706055,4.590000152587891,4.559999942779541,4.579999923706055,9000.0
2026-07-27,4.599999904632568,4.599999904632568,4.53000020980835,4.599999904632568,30000.0
2026-07-28,4.599999904632568,4.599999904632568,4.539999961853027,4.590000152587891,3500.0
2026-07-29,4.519999980926514,4.550000190734863,4.519999980926514,4.550000190734863,4000.0
2026-07-30,4.570000171661377,4.570000171661377,4.570000171661377,4.570000171661377,1000.0
2026-07-31,4.579999923706055,4.650000095367432,4.579999923706055,4.599999904632568,25000.0
2026-08-03,4.599999904632568,4.599999904632568,4.599999904632568,4.599999904632568,0.0
2026-08-04,4.539999961853027,4.539999961853027,4.539999961853027,4.539999961853027,5000.0
2026-08-05,4.539999961853027,4.539999961853027,4.539999961853027,4.539999961853027,0.0
2026-08-06,4.5,4.550000190734863,4.5,4.510000228881836,8900.0
2026-08-07,4.5,4.610000133514404,4.489999771118164,4.539999961853027,48100.0
2026-08-11,4.510000228881836,4.699999809265137,4.480000019073486,4.699999809265137,79400.0
2026-08-12,4.699999809265137,4.699999809265137,4.699999809265137,4.699999809265137,0.0
2026-08-13,4.699999809265137,4.699999809265137,4.699999809265137,4.699999809265137,0.0
2026-08-14,4.699999809265137,4.699999809265137,4.699999809265137,4.699999809265137,0.0
2026-08-17,4.699999809265137,4.699999809265137,4.699999809265137,4.699999809265137,0.0
2026-08-18,4.599999904632568,4.699999809265137,4.599999904632568,4.690000057220459,17300.0
2026-08-19,4.690000057220459,4.690000057220459,4.690000057220459,4.690000057220459,0.0
2026-08-20,4.690000057220459,4.690000057220459,4.690000057220459,4.690000057220459,0.0
2026-08-21,4.650000095367432,4.699999809265137,4.5,4.699999809265137,122000.0
2026-08-24,4.699999809265137,4.699999809265137,4.699999809265137,4.699999809265137,0.0
2026-08-25,4.650000095367432,4.650000095367432,4.650000095367432,4.650000095367432,2000.0
2026-08-26,4.650000095367432,4.650000095367432,4.650000095367432,4.650000095367432,0.0
2026-08-27,4.650000095367432,4.650000095367432,4.650000095367432,4.650000095367432,0.0
2026-08-28,4.630000114440918,4.630000114440918,4.630000114440918,4.630000114440918,8500.0
2026-08-31,4.630000114440918,4.630000114440918,4.599999904632568,4.599999904632568,1800.0
2026-09-01,4.610000133514404,4.610000133514404,4.610000133514404,4.610000133514404,1100.0
2026-09-02,4.599999904632568,4.599999904632568,4.599999904632568,4.599999904632568,1100.0
2026-09-03,4.599999904632568,4.599999904632568,4.599999904632568,4.599999904632568,3300.0
2026-09-04,4.599999904632568,4.599999904632568,4.599999904632568,4.599999904632568,0.0
2026-09-07,4.599999904632568,4.599999904632568,4.590000152587891,4.599999904632568,20100.0
2026-09-08,4.599999904632568,4.599999904632568,4.590000152587891,4.590000152587891,20700.0
2026-09-09,4.590000152587891,4.590000152587891,4.570000171661377,4.570000171661377,1300.0
2026-09-10,4.579999923706055,4.579999923706055,4.570000171661377,4.570000171661377,6000.0
2026-09-11,4.570000171661377,4.570000171661377,4.570000171661377,4.570000171661377,11300.0
2026-09-14,4.570000171661377,4.599999904632568,4.570000171661377,4.599999904632568,36400.0
2026-09-15,4.579999923706055,4.579999923706055,4.579999923706055,4.579999923706055,4000.0
2026-09-16,4.579999923706055,4.579999923706055,4.579999923706055,4.579999923706055,2000.0
2026-09-17,4.579999923706055,4.579999923706055,4.579999923706055,4.579999923706055,0.0
2026-09-18,4.579999923706055,4.579999923706055,4.579999923706055,4.579999923706055,100.0
2026-09-21,4.559999942779541,4.559999942779541,4.559999942779541,4.559999942779541,100.0
2026-09-22,4.559999942779541,4.570000171661377,4.559999942779541,4.570000171661377,11000.0
2026-09-23,4.570000171661377,4.590000152587891,4.570000171661377,4.590000152587891,2500.0
2026-09-24,4.590000152587891,4.590000152587891,4.590000152587891,4.590000152587891,0.0
2026-09-25,4.610000133514404,4.659999847412109,4.599999904632568,4.659999847412109,132400.0
2026-09-28,4.599999904632568,4.599999904632568,4.579999923706055,4.579999923706055,23300.0
2026-09-29,4.579999923706055,4.579999923706055,4.579999923706055,4.579999923706055,600.0
2026-09-30,4.579999923706055,4.579999923706055,4.570000171661377,4.579999923706055,8500.0
2026-10-01,4.579999923706055,4.579999923706055,4.579999923706055,4.579999923706055,22400.0
2026-10-02,4.570000171661377,4.570000171661377,4.559999942779541,4.570000171661377,24100.0
