date,open,high,low,close,volume
2016-10-03,0.560912672864389,0.5649197101593018,0.5529003151067602,0.5649197101593018,68297.0
2016-10-04,0.56491975894929,0.5809460945761816,0.56491975894929,0.5769391059875488,19102.0
2016-10-05,0.5689257979393005,0.5769389886491929,0.564919644055439,0.5689257979393005,17767.0
2016-10-06,0.5689257979393005,0.5689257979393005,0.5689257979393005,0.5689257979393005,102.0
2016-10-07,0.5729328988078265,0.5849522948265076,0.5649197555685119,0.5849522948265076,51659.0
2016-10-10,0.5769389886491929,0.5769389886491929,0.5689257979393005,0.5689257979393005,5854.0
2016-10-11,0.5689257979393005,0.5769389886491929,0.5689257979393005,0.5689257979393005,4621.0
2016-10-12,0.5689258645119418,0.5689258645119418,0.5649197101593018,0.5649197101593018,15918.0
2016-10-13,0.5649197101593018,0.5649197101593018,0.560912672864389,0.5649197101593018,96540.0
2016-10-14,0.564919644055439,0.5689257979393005,0.564919644055439,0.5689257979393005,205.0
2016-10-17,0.560912675693187,0.560912675693187,0.5529003178951503,0.556906521320343,8421.0
2016-10-18,0.556906521320343,0.5649197130083081,0.556906521320343,0.556906521320343,71378.0
2016-10-19,0.556906521320343,0.560912675693187,0.556906521320343,0.556906521320343,41594.0
2016-10-20,0.560912675693187,0.560912675693187,0.556906521320343,0.556906521320343,10886.0
2016-10-21,0.556906521320343,0.556906521320343,0.556906521320343,0.556906521320343,36459.0
2016-10-24,0.5649198103565872,0.580946147441864,0.5649198103565872,0.580946147441864,7394.0
2016-10-25,0.5769391584885981,0.580946147441864,0.5689259654197811,0.580946147441864,20540.0
2016-10-26,0.5769390561594948,0.5769390561594948,0.5649197101593018,0.5649197101593018,10681.0
2016-10-27,0.5649197101593018,0.5649197101593018,0.5649197101593018,0.5649197101593018,0.0
2016-10-28,0.5569065177304228,0.5649197093667334,0.5448871717470924,0.5529003143310547,57205.0
2016-10-31,0.5729328519506955,0.5729328519506955,0.5529003143310547,0.5529003143310547,5443.0
2016-11-01,0.5609126720774423,0.5609126720774423,0.5529003143310547,0.5529003143310547,1129.0
2016-11-02,0.5488933260941121,0.5609126720774423,0.5448871717470924,0.5529003143310547,29475.0
2016-11-03,0.5609126720774423,0.5609126720774423,0.5488933260941121,0.5529003143310547,117491.0
2016-11-04,0.5529003697599949,0.5609127283096313,0.5529003697599949,0.5609127283096313,116464.0
2016-11-07,0.5609127283096313,0.5609127283096313,0.5529003697599949,0.5609127283096313,121497.0
2016-11-08,0.556906521320343,0.556906521320343,0.556906521320343,0.556906521320343,2362.0
2016-11-09,0.5649197660006328,0.5689259207492744,0.5448872263727053,0.5609127283096313,45086.0
2016-11-10,0.568925851244495,0.588958388425079,0.5649196969852791,0.5729328393936157,269081.0
2016-11-11,0.5689257979393005,0.5689257979393005,0.564919644055439,0.5689257979393005,33789.0
2016-11-14,0.5609127395144118,0.5609127395144118,0.548893392086029,0.548893392086029,108659.0
2016-11-15,0.556906521320343,0.556906521320343,0.5529003178951503,0.556906521320343,10681.0
2016-11-16,0.556906521320343,0.556906521320343,0.556906521320343,0.556906521320343,0.0
2016-11-17,0.5649197660006328,0.5649197660006328,0.5569065735609898,0.5609127283096313,73945.0
2016-11-18,0.5609126816022367,0.5609126816022367,0.5408801436424255,0.5408801436424255,213827.0
2016-11-21,0.5488934596276582,0.5649198467991423,0.5408802660419162,0.5448873043060303,91610.0
2016-11-22,0.5488933354148073,0.5488933354148073,0.536873989227378,0.5408801436424255,226562.0
2016-11-23,0.5448873043060303,0.5448873043060303,0.5448873043060303,0.5448873043060303,12324.0
2016-11-24,0.5408802107747053,0.5408802107747053,0.5368740558624268,0.5368740558624268,93767.0
2016-11-25,0.5448873043060303,0.552900448839412,0.5448873043060303,0.5448873043060303,53610.0
2016-11-28,0.5448871752595339,0.560912675693187,0.5448871752595339,0.556906521320343,81751.0
2016-11-29,0.5488934596276582,0.5488934596276582,0.5408802660419162,0.5448873043060303,34508.0
2016-11-30,0.5488933296323779,0.556906521320343,0.5488933296323779,0.556906521320343,37178.0
2016-12-01,0.5529003143310547,0.5529003143310547,0.5529003143310547,0.5529003143310547,20540.0
2016-12-02,0.5529003178951503,0.556906521320343,0.5529003178951503,0.556906521320343,20951.0
2016-12-05,0.548893392086029,0.5529003808047207,0.548893392086029,0.548893392086029,13351.0
2016-12-06,0.5569066532134003,0.5569066532134003,0.5448873043060303,0.5448873043060303,28654.0
2016-12-07,0.5448871809997596,0.5529003237197921,0.5408801436424255,0.5408801436424255,52275.0
2016-12-08,0.5448873043060303,0.5569066532134003,0.5448873043060303,0.5448873043060303,46524.0
2016-12-09,0.5448872372573607,0.548893392086029,0.5448872372573607,0.548893392086029,41799.0
2016-12-12,0.5488934596276582,0.5488934596276582,0.5448873043060303,0.5448873043060303,48886.0
2016-12-13,0.5448872372573607,0.5529003808047207,0.5448872372573607,0.548893392086029,24135.0
2016-12-14,0.5488933811213468,0.5609127283096313,0.5488933811213468,0.5609127283096313,52378.0
2016-12-15,0.5529003697599949,0.5609127283096313,0.5448872263727053,0.5609127283096313,7702.0
2016-12-16,0.5649197772854577,0.5649197772854577,0.5448872372573607,0.548893392086029,6059.0
2016-12-19,0.5488933354148073,0.5488933354148073,0.5408801436424255,0.5408801436424255,14378.0
2016-12-20,0.5408802660419162,0.5488934596276582,0.5408802660419162,0.5448873043060303,24545.0
2016-12-21,0.5649197101593018,0.5649197101593018,0.5649197101593018,0.5649197101593018,21567.0
2016-12-22,0.5569066532134003,0.5569066532134003,0.5448873043060303,0.5448873043060303,2464.0
2016-12-23,0.5408801994863147,0.548893392086029,0.5408801994863147,0.548893392086029,9140.0
2016-12-27,0.5488933354148073,0.5529003237197921,0.5408801436424255,0.5408801436424255,37383.0
2016-12-28,0.548893392086029,0.5529003808047207,0.548893392086029,0.548893392086029,52789.0
2016-12-29,0.5529003237197921,0.5529003237197921,0.5408801436424255,0.5408801436424255,3697.0
2016-12-30,0.5408801436424255,0.5408801436424255,0.5408801436424255,0.5408801436424255,19924.0
2017-01-03,0.5488934596276582,0.5488934596276582,0.5448873043060303,0.5448873043060303,5545.0
2017-01-04,0.5408802660419162,0.5448873043060303,0.5408802660419162,0.5448873043060303,30091.0
2017-01-05,0.5529003143310547,0.5529003143310547,0.5448871717470924,0.5529003143310547,16124.0
2017-01-06,0.548893392086029,0.548893392086029,0.548893392086029,0.548893392086029,2259.0
2017-01-09,0.5569065846857434,0.5649197772854577,0.548893392086029,0.548893392086029,17356.0
2017-01-10,0.5488933296323779,0.556906521320343,0.5488933296323779,0.556906521320343,48783.0
2017-01-11,0.5609127268556334,0.6650824624162438,0.5569065721173766,0.6490569114685059,559729.0
2017-01-12,0.6610762971641432,0.7932917233749824,0.6610762971641432,0.7452134490013123,2681978.0
2017-01-13,0.7612397360705941,0.7612397360705941,0.7091544795884706,0.7131606340408325,570821.0
2017-01-16,0.7131607254906608,0.7732591815263314,0.7131607254906608,0.7572328448295593,864654.0
2017-01-17,0.7532266538394118,0.7572328579271397,0.7291871238522726,0.73319411277771,282227.0
2017-01-18,0.7331940060771766,0.7372002095818881,0.7091544795884706,0.7131606340408325,603789.0
2017-01-19,0.7091544180192921,0.7211737632751465,0.6971350727634378,0.7211737632751465,686670.0
2017-01-20,0.725180814230158,0.725180814230158,0.705148276083759,0.7131606340408325,335324.0
2017-01-23,0.7131606515784179,0.7131606515784179,0.6971351504325867,0.6971351504325867,274935.0
2017-01-24,0.69713513328909,0.7211738258878511,0.69713513328909,0.7131606340408325,250491.0
2017-01-25,0.7211738299701872,0.733194010227555,0.7171676754951477,0.7171676754951477,792351.0
2017-01-26,0.7211738905116746,0.7211738905116746,0.7051483392715454,0.7051483392715454,176956.0
2017-01-27,0.7051483461624021,0.7051483461624021,0.6971352025713756,0.701141357421875,132281.0
2017-01-31,0.7051482148624012,0.7211737632751465,0.7051482148624012,0.7211737632751465,219167.0
2017-02-01,0.7211739796232131,0.7612398983469582,0.7131607860679919,0.7492197155952454,1480972.0
2017-02-02,0.7612398336856893,0.7772653855447655,0.7452134479365611,0.7572328448295593,1564059.0
2017-02-03,0.7612397316775821,0.8293505375707395,0.7612397316775821,0.8253435492515564,2724086.0
2017-02-06,0.8333567733971176,0.8774288394884423,0.8333567733971176,0.8533892631530762,2141145.0
2017-02-07,0.8573961336008333,0.8934542177790851,0.8333566586793821,0.8654085397720337,1820199.0
2017-02-08,0.873421632676058,0.873421632676058,0.8573961336008333,0.8654085397720337,561578.0
2017-02-09,0.8654085957320439,0.8654085957320439,0.8413698059889937,0.8614023923873901,347751.0
2017-02-10,0.8654086231670085,0.9134876757477308,0.8654086231670085,0.9054744839668274,2074902.0
2017-02-13,0.9094807495314362,1.0176565895510516,0.9094807495314362,0.9976240992546082,3139518.0
2017-02-14,1.0216634958693482,1.1058006350726106,1.0096441988686886,1.101793646812439,2818162.0
2017-02-15,1.1178200183390172,1.1538788900060666,1.001630996577544,1.041696071624756,3639578.0
2017-02-16,1.045702032725728,1.0577222108840942,1.0136501536955134,1.0577222108840942,1252664.0
2017-02-17,1.065735548313747,1.065735548313747,1.0256696884289642,1.041696071624756,473870.0
2017-02-20,1.049709333242146,1.049709333242146,1.0176565647125244,1.0176565647125244,572567.0
2017-02-21,1.021663371801458,1.0416959561568797,1.0176563840278836,1.0256695747375488,385956.0
2017-02-22,1.03368283733258,1.0937803983688354,1.0256696460656536,1.0937803983688354,2296637.0
2017-02-23,1.1098068384952031,1.1218262336005602,1.0777549547064222,1.101793646812439,1387821.0
2017-02-24,1.1178200183390172,1.1178200183390172,1.03368288002686,1.041696071624756,1100048.0
2017-02-27,1.0497093200683594,1.0617286175926115,1.0416961280365191,1.0497093200683594,655962.0
2017-02-28,1.0497092632226517,1.053715368498118,1.0256696884289642,1.041696071624756,703616.0
2017-03-01,0.9615660831656304,0.9695783931680956,0.8614025448206035,0.8814350366592407,3459026.0
2017-03-02,0.8894480684270811,0.9214999514560605,0.8493829939052931,0.8573961853981018,1437324.0
2017-03-03,0.853389297649899,0.9014675693217906,0.8453761052141905,0.8734217882156372,972697.0
2017-03-06,0.8734217710206632,0.9215000417460424,0.8734217710206632,0.9134877324104308,909021.0
2017-03-07,0.9134875975615044,0.9455394789994817,0.9134875975615044,0.9295130968093872,974340.0
2017-03-08,0.9295131527948036,0.9335201410024326,0.9134876525816906,0.9255069494247437,561475.0
2017-03-09,0.917493946772885,0.917493946772885,0.8894481658935546,0.8894481658935547,447064.0
2017-03-10,0.8934543768860821,0.9014675693217906,0.8654086938846354,0.8734217882156372,969205.0
2017-03-13,0.8694155802185347,0.8734216854414637,0.8533891972329173,0.8573961853981018,732167.0
2017-03-14,0.8573961812344122,0.905474447015531,0.8573961812344122,0.8854419589042664,1102924.0
2017-03-15,0.8774288124900476,0.8974613016296085,0.8694156206248239,0.8934543132781982,491329.0
2017-03-16,0.8974612694263127,0.9335201410024326,0.8974612694263127,0.9255069494247437,1491345.0
2017-03-17,0.9214999567746748,0.957558926281655,0.9214999567746748,0.9535527229309082,1116891.0
2017-03-20,0.953552846497794,0.953552846497794,0.9295132687654316,0.933520257472992,326389.0
2017-03-21,0.9375263398527914,0.9615659144699666,0.9375263398527914,0.9535527229309082,688313.0
2017-03-22,0.9335202636586892,0.9495458640821198,0.9295132749245776,0.9415326714515686,441827.0
2017-03-23,0.9455395152740076,1.0016309721490102,0.9455395152740076,0.969578206539154,1760426.0
2017-03-24,0.965572003256698,0.985604589344082,0.9615658980789356,0.969578206539154,843086.0
2017-03-27,0.965572003256698,0.985604589344082,0.9535527066764716,0.969578206539154,309340.0
2017-03-28,0.9775916028304492,1.0136504811754783,0.9775916028304492,1.005637288093567,1338935.0
2017-03-29,1.0136504393118222,1.0176566432684642,0.9976241519145976,1.0016311407089231,592183.0
2017-03-30,1.0136503858058787,1.0136503858058787,0.9936178955094354,0.9976240992546082,361924.0
2017-03-31,1.0016310633900398,1.0376899374623494,1.0016310633900398,1.0176565647125244,1263654.0
2017-04-03,1.0176563840278836,1.0376897532207887,1.0176563840278836,1.0256695747375488,422313.0
2017-04-04,1.021663688418418,1.0256698925960448,1.0056373020324572,1.0096443891525269,425908.0
2017-04-05,1.0096443751580952,1.017656685297576,0.99762419311637,1.005637288093567,372399.0
2017-04-06,1.0136504433027016,1.0136504433027016,0.9896117478975496,0.9936179518699646,412351.0
2017-04-07,1.0056371937277824,1.0056371937277824,0.9815984996801927,0.9856047034263612,509097.0
2017-04-10,0.9936179518699646,0.9976241558423794,0.9815985551150332,0.9936179518699646,352989.0
2017-04-11,0.9856048552915464,0.9856048552915464,0.9575591683387756,0.9575591683387756,557675.0
2017-04-12,0.9575589829490704,0.9735852688709116,0.9575589829490704,0.9615659713745116,357713.0
2017-04-13,0.9535527229309082,0.957558926281655,0.94553953139185,0.9535527229309082,315708.0
2017-04-17,0.9455396185799028,0.9535528108578564,0.9134877324104308,0.9134877324104308,383902.0
2017-04-18,0.9174940901376316,0.9455397772945872,0.9174940901376316,0.9375265836715698,501394.0
2017-04-19,0.9375262488889086,0.9375262488889086,0.9094805717468262,0.9094805717468262,342205.0
2017-04-20,0.90547448693504,0.933520167736645,0.8974612951278687,0.8974612951278687,348675.0
2017-04-21,0.90547448693504,0.9295131794142636,0.8974612951278687,0.8974612951278687,498827.0
2017-04-24,0.9054744839668274,0.9174938792193884,0.8974612921859239,0.9054744839668274,129199.0
2017-04-25,0.9014676133502052,0.917493999004364,0.9014676133502052,0.917493999004364,326081.0
2017-04-26,0.9134876757477308,0.9214999845863472,0.9054744839668274,0.9054744839668274,55767.0
2017-04-27,0.8974612921859239,0.9094806874384848,0.8974612921859239,0.9054744839668274,92124.0
2017-04-28,0.8894481033206972,0.90948069041983,0.8894481033206972,0.8974612951278687,141935.0
2017-05-02,0.8894481033206972,0.90948069041983,0.8894481033206972,0.8974612951278687,57718.0
2017-05-03,0.893454251204018,0.9014674425125122,0.8894480479685422,0.9014674425125122,36151.0
2017-05-04,0.8934545092685792,0.9455397772945872,0.8934545092685792,0.9375265836715698,358637.0
2017-05-05,0.9415326652127796,0.94553965392034,0.9255070648955378,0.933520257472992,70248.0
2017-05-08,0.9415326085903304,0.9495458006858826,0.9375264049613644,0.9495458006858826,337070.0
2017-05-09,0.9495459816872116,0.9535529709176048,0.9335203792789456,0.9375265836715698,92637.0
2017-05-11,0.9536908268928528,0.9738960110446718,0.949649295310312,0.9536908268928528,392837.0
2017-05-12,0.9496495249649972,0.9496495249649972,0.9254035949707032,0.9254035949707032,50735.0
2017-05-15,0.9334857695363864,0.9375265104926204,0.9213628540144692,0.9254035949707032,132383.0
2017-05-16,0.9173210266214188,0.921362557882352,0.9092387557029724,0.9092387557029724,84524.0
2017-05-17,0.9092388971196304,0.9173211692951369,0.901156624944124,0.9051981568336488,145632.0
2017-05-18,0.8971158877928898,0.9092389002967388,0.8849929742394841,0.8890336155891418,261481.0
2017-05-19,0.8809513433853938,0.8890336155891418,0.8728691701320891,0.8890336155891418,154875.0
2017-05-22,0.8849929742394841,0.8890336155891418,0.8849929742394841,0.8890336155891418,205.0
2017-05-23,0.8930751044199271,0.9173210266214188,0.8930751044199271,0.9092387557029724,256448.0
2017-05-24,0.9092389549141278,0.9254035002926172,0.9092389549141278,0.9132804870605468,216291.0
2017-05-25,0.9173212764162476,0.9496494783394456,0.9173212764162476,0.9375264644622804,442443.0
2017-05-26,0.9334856867790222,0.9456087001766436,0.9294441545774124,0.9334856867790222,107427.0
2017-05-29,0.937526427377028,0.9456087001766436,0.9334856867790222,0.9334856867790222,76410.0
2017-05-30,0.9334856064847126,0.9334856064847126,0.9254034333307404,0.9294440746307372,8524.0
2017-05-31,0.933485723704437,0.941567996823759,0.8971159894197602,0.9375264644622804,220194.0
2017-06-01,0.9415679943373608,0.961773281280492,0.9375264619865544,0.9456087350845336,287978.0
2017-06-02,0.9496494758317064,0.9577317489296856,0.9415679943373608,0.9456087350845336,197805.0
2017-06-05,0.9294441083658628,0.9496493935585022,0.9294441083658628,0.9496493935585022,31529.0
2017-06-06,0.9456087840087632,0.9456087840087632,0.9213628540144692,0.9254035949707032,24237.0
2017-06-07,0.9173213214545606,0.9254035949707032,0.9132805804983264,0.9254035949707032,55664.0
2017-06-08,0.9254034175006732,0.9254034175006732,0.9132804053531978,0.9173211455345154,27627.0
2017-06-09,0.9254034175006732,0.9254034175006732,0.9132804053531978,0.9173211455345154,46113.0
2017-06-12,0.929444082806182,0.929444082806182,0.9051981568336488,0.9051981568336488,54945.0
2017-06-13,0.9051981568336488,0.9173211692951369,0.9051981568336488,0.9051981568336488,35227.0
2017-06-14,0.9051981959588644,0.9254034814691884,0.9011566638946532,0.9011566638946532,60081.0
2017-06-15,0.8930752277374268,0.901156609217918,0.8890335969679901,0.8930752277374268,71891.0
2017-06-16,0.9011566280929908,0.9011566280929908,0.8809513433853938,0.8890336155891418,40156.0
2017-06-19,0.9051981410369134,0.9132804130713752,0.8890335969679901,0.8930752277374268,93664.0
2017-06-20,0.901156624944124,0.9092388971196304,0.8930752433226035,0.9051981568336488,41902.0
2017-06-21,0.8971158266067505,0.9011565666312602,0.8971158266067505,0.8971158266067505,24135.0
2017-06-22,0.8971159234340195,0.9092389364194984,0.8930752819238328,0.9011566638946532,88324.0
2017-06-23,0.9092388971196304,0.9092388971196304,0.901156624944124,0.9051981568336488,13762.0
2017-06-27,0.9011566280929908,0.9092389002967388,0.8890336155891418,0.8890336155891418,114821.0
2017-06-28,0.8890335983866461,0.8890335983866461,0.8809513263392873,0.8849929571151733,82059.0
2017-06-29,0.8890336155891418,0.893075246443232,0.8769107020357361,0.8890336155891418,187535.0
2017-06-30,0.8890335983866461,0.8890335983866461,0.8769106850678146,0.8849929571151733,35329.0
2017-07-03,0.8890335983866461,0.8890335983866461,0.8809513263392873,0.8849929571151733,31632.0
2017-07-04,0.8769107255660186,0.8849929979866393,0.8728691935539246,0.8728691935539246,182194.0
2017-07-05,0.8688284643492975,0.9011566638946532,0.8607461918244524,0.9011566638946532,108248.0
2017-07-06,0.8849929979866393,0.8849929979866393,0.8728691935539246,0.8728691935539246,43135.0
2017-07-07,0.872869118307794,0.872869118307794,0.8607461065237167,0.8647876381874084,145221.0
2017-07-10,0.872869151849508,0.8971158690024518,0.872869151849508,0.8930752277374268,168843.0
2017-07-11,0.8971157499359168,0.8971157499359168,0.8728690360010329,0.8769105672836304,50940.0
2017-07-12,0.8849929979866393,0.8849929979866393,0.8688284531453977,0.8728691935539246,37691.0
2017-07-13,0.8849929979866393,0.8849929979866393,0.8647877127368708,0.8728691935539246,37281.0
2017-07-14,0.8688284754753113,0.8809513896655862,0.8647877349629326,0.8688284754753113,136491.0
2017-07-17,0.8769106989715905,0.9092388971196304,0.8769106989715905,0.9051981568336488,420670.0
2017-07-18,0.901156609217918,0.9051981410369134,0.8930752277374268,0.8930752277374268,20027.0
2017-07-19,0.884992971147097,0.9173211692951369,0.884992971147097,0.9051981568336488,141216.0
2017-07-20,0.921362557882352,0.9254032975398652,0.9051980160454592,0.9092387557029724,147378.0
2017-07-21,0.9092388735683574,0.9173211455345154,0.8930752201900044,0.9173211455345154,24135.0
2017-07-24,0.9173211692951369,0.9173211692951369,0.8890336124826357,0.9051981568336488,41491.0
2017-07-25,0.8971158877928898,0.8971158877928898,0.8809513433853938,0.8890336155891418,118313.0
2017-07-26,0.8809512080123755,0.884992838245401,0.8728690360010329,0.8769105672836304,70967.0
2017-07-27,0.9011566906824804,0.9011566906824804,0.8728692307568842,0.8809514045715332,26291.0
2017-07-28,0.8769107255660186,0.8769107255660186,0.8728691935539246,0.8728691935539246,15302.0
2017-07-31,0.8728690360010329,0.8971157499359168,0.8728690360010329,0.8769105672836304,32043.0
2017-08-01,0.8890335969679901,0.9051981410369134,0.8890335969679901,0.8930752277374268,109378.0
2017-08-02,0.8890335983866461,0.9011566106559188,0.8809513263392873,0.8849929571151733,27113.0
2017-08-03,0.8849929571151733,0.9051981424813637,0.8849929571151733,0.8849929571151733,41081.0
2017-08-04,0.8849929742394841,0.9092389002967388,0.8728691701320891,0.8890336155891418,230464.0
2017-08-07,0.8890336155891418,0.9051981599966378,0.8890336155891418,0.8890336155891418,9756.0
2017-08-08,0.8890336509091744,0.9051981959588644,0.8849930093989877,0.9011566638946532,128789.0
2017-08-10,0.8971159501017314,0.9051982228668304,0.8809514045715332,0.8809514045715332,157443.0
2017-08-11,0.8809512080123755,0.8930751092071717,0.8728690360010329,0.8769105672836304,17459.0
2017-08-14,0.8486231157967543,0.8526638559572111,0.8162949681282043,0.8162949681282043,452097.0
2017-08-15,0.8162950696773227,0.8203357608652314,0.7718430138399802,0.7799252867698669,445216.0
2017-08-16,0.7839660048484802,0.8082127734644126,0.7839660048484802,0.7839660048484802,25162.0
2017-08-17,0.7799252303333998,0.8122534291595643,0.7799252303333998,0.7960889339447021,41594.0
2017-08-18,0.7839660048484802,0.8001305007673603,0.7799252643017512,0.7839660048484802,57205.0
2017-08-21,0.775883674621582,0.7839659467193539,0.7718429343744638,0.775883674621582,98491.0
2017-08-22,0.7758836969061431,0.7799252288728759,0.7678022656550167,0.7718429565429688,102394.0
2017-08-23,0.7758836983590988,0.8001304659190033,0.7758836983590988,0.7960889339447021,61724.0
2017-08-24,0.7920481886579148,0.7920481886579148,0.7880074977874756,0.7880074977874756,15405.0
2017-08-25,0.7880075596997537,0.7880075596997537,0.7758837545031151,0.7799252867698669,91405.0
2017-08-28,0.7839660274330018,0.7839660274330018,0.7718430138399802,0.7799252867698669,65729.0
2017-08-29,0.7718429343744638,0.7799252064722357,0.7678022436025667,0.775883674621582,35843.0
2017-08-30,0.7799252303333998,0.7960889339447021,0.7718429579883574,0.7960889339447021,10578.0
2017-08-31,0.7960889915507974,0.7960889915507974,0.7718430138399802,0.7799252867698669,25983.0
2017-09-04,0.7758837545031151,0.7960889915507974,0.7718430138399802,0.7799252867698669,58745.0
2017-09-05,0.775883674621582,0.775883674621582,0.775883674621582,0.775883674621582,10270.0
2017-09-06,0.763760765931648,0.7839660023324101,0.7516377527267744,0.7678022980690002,165967.0
2017-09-07,0.7920482158660889,0.7920482158660889,0.7920482158660889,0.7920482158660889,1027.0
2017-09-08,0.7758836969061431,0.7839659692360502,0.7678022656550167,0.7718429565429688,38102.0
2017-09-11,0.7678022436025667,0.7880074785700077,0.7637607117519128,0.775883674621582,30810.0
2017-09-12,0.7718429891275365,0.7839660023324101,0.7678022980690002,0.7678022980690002,17870.0
2017-09-13,0.7678022775547301,0.7758837089311058,0.7637607455253601,0.7637607455253601,83805.0
2017-09-14,0.7718429306533251,0.7718429306533251,0.755678436010933,0.759719967842102,38924.0
2017-09-15,0.7516376957832956,0.7637607080697394,0.7516376957832956,0.759719967842102,13864.0
2017-09-18,0.7597199811273001,0.7597199811273001,0.7354732140020992,0.74355548620224,148199.0
2017-09-19,0.7435554275378142,0.7435554275378142,0.7193086128503969,0.7354731559753418,128275.0
2017-09-20,0.7395148097104226,0.7435555503573615,0.7152680404931729,0.7273910045623779,289313.0
2017-09-21,0.7233504355577782,0.7314326603450563,0.7193088531494141,0.7193088531494141,114308.0
2017-09-22,0.7273911274119264,0.7273911274119264,0.7193088531494141,0.7193088531494141,189178.0
2017-09-25,0.7193088531494141,0.7233504355577782,0.7193088531494141,0.7193088531494141,31118.0
2017-09-26,0.715268017881243,0.7193087089252167,0.703145054195284,0.7071857452392578,230875.0
2017-09-27,0.711227297782898,0.7233503112921588,0.70718576554407,0.711227297782898,36459.0
2017-09-28,0.7071857452392578,0.715268017881243,0.6950627815532988,0.7071857452392578,68810.0
2017-09-29,0.7031449962774672,0.711227218778498,0.6991034150123596,0.6991034150123596,48989.0
2017-10-02,0.6991034041276735,0.7475961446762085,0.6991034041276735,0.7475961446762085,1061637.0
2017-10-03,0.7637607547529024,0.8041712269629608,0.7637607547529024,0.8001304864883423,1204908.0
2017-10-04,0.8041712413140892,0.8041712413140892,0.7799252643017512,0.7839660048484802,227897.0
2017-10-05,0.7758837321514279,0.792048228070308,0.7678023005331944,0.7839660048484802,108762.0
2017-10-06,0.7920481773006322,0.8405409692957767,0.7880074864881329,0.828417956829071,875540.0
2017-10-09,0.8284179720749159,0.8284179720749159,0.7920481918771433,0.8041712045669556,352475.0
2017-10-10,0.8001304642048708,0.8162950088603259,0.8001304642048708,0.8041712045669556,465654.0
2017-10-11,0.812253464535917,0.812253464535917,0.7799252643017512,0.7839660048484802,229745.0
2017-10-12,0.7758837183051144,0.8001304864883423,0.7758837183051144,0.8001304864883423,85859.0
2017-10-13,0.8001305007673603,0.8001305007673603,0.7839660048484802,0.7839660048484802,120572.0
2017-10-16,0.7960889686170369,0.7960889686170369,0.7758837321514279,0.7839660048484802,216702.0
2017-10-17,0.7880074785700077,0.7880074785700077,0.775883674621582,0.775883674621582,188870.0
2017-10-19,0.7839659692360502,0.7839659692360502,0.7678022656550167,0.7718429565429688,192464.0
2017-10-20,0.7718429565429688,0.7758836969061431,0.7678022656550167,0.7718429565429688,150972.0
2017-10-23,0.7758837476898213,0.8567054867744446,0.7758837476898213,0.8567054867744446,1775421.0
2017-10-24,0.8647877596333582,0.8728692408886617,0.8365002993794168,0.8567054867744446,1111654.0
2017-10-25,0.856705448144229,0.986019136393702,0.8445825341547564,0.977936863899231,2720183.0
2017-10-26,0.9779369008210516,0.9779369008210516,0.9173212401302414,0.9334856867790222,1381556.0
2017-10-27,0.929444048798627,0.9617731363177596,0.9254034076109318,0.9577316045761108,551410.0
2017-10-30,0.9698554873466492,0.9819784014034686,0.9577316827358038,0.9698554873466492,676194.0
2017-10-31,1.018348122910774,1.018348122910774,0.990060567855835,0.990060567855835,1801713.0
2017-11-01,0.9981429011833703,0.9981429011833703,0.9698554433315826,0.9819783568382264,604199.0
2017-11-02,0.9819782983021128,0.9819782983021128,0.9536908421365514,0.973896026611328,364902.0
2017-11-03,0.9779367510237296,0.9779367510237296,0.9415678153521968,0.9536908268928528,178291.0
2017-11-06,0.9375264644622804,0.9536910107009244,0.933485723704437,0.9375264644622804,202837.0
2017-11-07,0.9496493084395772,1.014306492321921,0.9456085684046548,0.990060567855835,1320243.0
2017-11-08,0.994101408888173,0.994101408888173,0.9658139499097584,0.977936863899231,273702.0
2017-11-09,0.9819783485572204,0.9860190888076596,0.9294440746307372,0.9294440746307372,581194.0
2017-11-10,0.9254034831323468,0.9900606739428393,0.9254034831323468,0.9698554873466492,747572.0
2017-11-13,0.9941014015191266,1.0102659463882446,0.9698554747694642,1.0102659463882446,839799.0
2017-11-14,1.0102658908884987,1.0425940882967453,0.9779368029262864,0.9860190749168396,1169064.0
2017-11-15,0.9536909422679076,0.977936869331994,0.945608669728537,0.9698554873466492,909945.0
2017-11-16,0.9617730984544512,0.9779367510237296,0.9456085553312544,0.9536908268928528,168021.0
2017-11-17,0.9779368712813304,0.9860191438368116,0.9536909441689144,0.9617732167243958,338816.0
2017-11-20,0.9536908268928528,0.9779367510237296,0.9536908268928528,0.9536908268928528,306464.0
2017-11-21,0.9698555543784712,0.9698555543784712,0.9456087350845336,0.9456087350845336,434740.0
2017-11-22,0.9456086716134332,0.9617732167243958,0.9456086716134332,0.9617732167243958,283972.0
2017-11-23,0.9536909578132116,0.9536909578132116,0.9051982123405744,0.9213627576828004,678864.0
2017-11-24,0.9132804850116872,0.9213627576828004,0.8971159396694615,0.9213627576828004,307491.0
2017-11-27,0.9294441418849938,0.9375264145742386,0.905198214371302,0.9132804870605468,361513.0
2017-11-28,0.9132804290091552,0.9132804290091552,0.8971158846581422,0.9051981568336488,94178.0
2017-11-29,0.9213627011846616,0.9213627011846616,0.9051981568336488,0.9051981568336488,238475.0
2017-11-30,0.8971159628794205,0.8971159628794205,0.8405410422224272,0.8486232161521912,520599.0
2017-12-01,0.856705366463524,0.8890335628051256,0.8486230947396395,0.8647876381874084,646205.0
2017-12-04,0.8647877596333582,0.8728692408886617,0.8567054867744446,0.8567054867744446,196983.0
2017-12-05,0.8647877619126222,0.8647877619126222,0.8486232161521912,0.8486232161521912,95821.0
2017-12-06,0.848623180645992,0.8647877257301021,0.8324587345123291,0.8324587345123291,261275.0
2017-12-07,0.8486231797489027,0.8486231797489027,0.8082127571105957,0.8082127571105957,380924.0
2017-12-08,0.8162950324080034,0.8324587364509527,0.8082127598471264,0.8243764638900757,167816.0
2017-12-11,0.8324587364509527,0.8405410090118297,0.8243764638900757,0.8243764638900757,203762.0
2017-12-12,0.832458767148155,0.8567054867744446,0.832458767148155,0.8567054867744446,160832.0
2017-12-13,0.8647877237549207,0.8647877237549207,0.8243764600873923,0.8405410051345825,227486.0
2017-12-14,0.8405410090118297,0.8567054551831361,0.8243764638900757,0.8243764638900757,68091.0
2017-12-15,0.8324587345123291,0.8405410070543843,0.824376461970274,0.8324587345123291,37178.0
2017-12-18,0.8324587364509527,0.8486231826222591,0.8243764638900757,0.8243764638900757,75281.0
2017-12-19,0.8405410422224272,0.8486232161521912,0.8162950646606185,0.8486232161521912,104859.0
2017-12-20,0.8324587345123291,0.856705453188047,0.824376461970274,0.8324587345123291,131664.0
2017-12-21,0.8405410400070686,0.8728692408886617,0.832458767148155,0.8567054867744446,275140.0
2017-12-22,0.8728691935539246,0.8809513670240995,0.85670544031625,0.8728691935539246,175518.0
2017-12-26,0.8486231678956292,0.8728691935539246,0.8486231678956292,0.8728691935539246,82162.0
2017-12-27,0.8728692408886617,0.880951414797124,0.8567054867744446,0.8567054867744446,34508.0
2017-12-28,0.8647877237549207,0.8647877237549207,0.8324587326109875,0.8405410051345825,139675.0
2017-12-29,0.8486232161521912,0.8486232161521912,0.8486232161521912,0.8486232161521912,15405.0
2018-01-02,0.8486231678956292,0.8728691935539246,0.8405409944254542,0.8728691935539246,222864.0
2018-01-03,0.8728691670820656,0.9213627011846616,0.8728691670820656,0.9051981568336488,690983.0
2018-01-04,0.9051981488714724,0.9375263467351516,0.8971158767670582,0.9294440746307372,475308.0
2018-01-05,0.929444022662868,0.929444022662868,0.8971158266067505,0.8971158266067505,190718.0
2018-01-08,0.905198214371302,0.9294441418849938,0.905198214371302,0.9132804870605468,114102.0
2018-01-09,0.9132804290091552,0.9132804290091552,0.8890336124826357,0.9051981568336488,144297.0
2018-01-10,0.9051981568336488,0.929444082806182,0.8971158846581422,0.9051981568336488,135362.0
2018-01-11,0.9051981599966378,0.9132804322003856,0.8890336155891418,0.8890336155891418,116362.0
2018-01-12,0.8890336669983484,0.9375264124709856,0.8890336669983484,0.9213627576828004,475102.0
2018-01-15,0.9375263467351516,0.9536908909439804,0.9132804209758868,0.9294440746307372,631416.0
2018-01-16,0.9213627576828004,0.9456086851420986,0.9132804850116872,0.9213627576828004,209821.0
2018-01-17,0.9213627597497916,0.9375264145742386,0.905198214371302,0.9132804870605468,192567.0
2018-01-18,0.9294441418849938,0.9294441418849938,0.905198214371302,0.9132804870605468,226664.0
2018-01-19,0.905198214371302,0.9294441418849938,0.905198214371302,0.9132804870605468,115540.0
2018-01-22,0.9213627576828004,0.9294441397998726,0.9051982123405744,0.9213627576828004,219886.0
2018-01-23,0.9213628063446838,0.961773281280492,0.9213628063446838,0.9456087350845336,771502.0
2018-01-24,0.969855481958781,1.010265953877115,0.96177320946431,0.977936863899231,1330410.0
2018-01-25,0.9779367510237296,0.9941012941469264,0.9536908268928528,0.9536908268928528,397151.0
2018-01-26,0.9698554873466492,0.977936869331994,0.9536909422679076,0.9698554873466492,229643.0
2018-01-29,0.9698553700160496,0.9698553700160496,0.9456085553312544,0.9536908268928528,206329.0
2018-01-30,0.9456086851420986,0.9536909578132116,0.9213627576828004,0.9213627576828004,190308.0
2018-01-31,0.9213627576828004,0.9456086851420986,0.9132804850116872,0.9213627576828004,369832.0
2018-02-01,0.9536908268928528,0.9617730984544512,0.937526283769656,0.9536908268928528,501497.0
2018-02-02,0.9536910107009244,0.9536910107009244,0.9375264644622804,0.9375264644622804,141113.0
2018-02-05,0.9213627597497916,0.9375264145742386,0.8971159416820572,0.9132804870605468,560345.0
2018-02-06,0.8809513670240995,0.8809513670240995,0.8486231678956292,0.8728691935539246,863832.0
2018-02-07,0.8890336876560376,0.8971159605149512,0.8405410400070686,0.8567054867744446,596805.0
2018-02-08,0.856705366463524,0.8647876381874084,0.8405409219661925,0.8647876381874084,381951.0
2018-02-09,0.8243764638900757,0.8405410090118297,0.8243764638900757,0.8243764638900757,279967.0
2018-02-12,0.8324587345123291,0.848623180645992,0.8324587345123291,0.8324587345123291,168021.0
2018-02-13,0.848623180645992,0.856705453188047,0.8324587345123291,0.8324587345123291,205302.0
2018-02-14,0.8324587345123291,0.8405410070543843,0.824376461970274,0.8324587345123291,77951.0
2018-02-15,0.848623213915531,0.8567054867744446,0.832458767148155,0.8567054867744446,102805.0
2018-02-19,0.8567053588981216,0.8971158266067505,0.8486230872456102,0.8971158266067505,393967.0
2018-02-20,0.8890336773366323,0.8971159501017314,0.8728692307568842,0.8809514045715332,271648.0
2018-02-21,0.8809513403071292,0.9132804290091552,0.8809513403071292,0.9051981568336488,295372.0
2018-02-22,0.8971159501017314,0.9051982228668304,0.8809514045715332,0.8809514045715332,167302.0
2018-02-23,0.8890335549542391,0.9213626415642848,0.8890335549542391,0.8971158266067505,270621.0
2018-02-26,0.8971158846581422,0.9456086271571952,0.8971158846581422,0.9051981568336488,868351.0
2018-02-27,0.9132804870605468,0.9213627597497916,0.9132804870605468,0.9132804870605468,185686.0
2018-02-28,0.9051981599966378,0.9132804322003856,0.8567054173281391,0.8890336155891418,428681.0
2018-03-01,0.8728692307568842,0.8809514045715332,0.8486232040651878,0.8809514045715332,214443.0
2018-03-02,0.8486232161521912,0.8647877619126222,0.8486232161521912,0.8486232161521912,294448.0
2018-03-05,0.8486231826222591,0.8486231826222591,0.8243764638900757,0.8243764638900757,316427.0
2018-03-06,0.8405410051345825,0.8567054512313256,0.8324587326109875,0.8405410051345825,127864.0
2018-03-07,0.8324587364509527,0.8405410090118297,0.8243764638900757,0.8243764638900757,282432.0
2018-03-08,0.8324587693422116,0.8567054890324066,0.8324587693422116,0.8486232161521912,246999.0
2018-03-09,0.848623180645992,0.848623180645992,0.8162950305070217,0.8324587345123291,350729.0
2018-03-12,0.8405410070543843,0.856705453188047,0.8324587345123291,0.8324587345123291,373221.0
2018-03-13,0.8324587364509527,0.8405410090118297,0.8243764638900757,0.8243764638900757,291470.0
2018-03-14,0.8243764610988163,0.8324587336323275,0.8082127571105957,0.8082127571105957,876464.0
2018-03-15,0.8082127579649666,0.8324587345123291,0.8001304854229115,0.8324587345123291,218551.0
2018-03-16,0.8324587336323275,0.8324587336323275,0.8082127571105957,0.8082127571105957,272572.0
2018-03-19,0.8162950088603259,0.8162950088603259,0.8001304642048708,0.8041712045669556,211156.0
2018-03-20,0.8001304659190033,0.8001304659190033,0.792048193573961,0.7960889339447021,281918.0
2018-03-21,0.8082127332476703,0.8082127332476703,0.7880074977874756,0.7880074977874756,331627.0
2018-03-22,0.7920481693419049,0.7960889095890231,0.775883674621582,0.775883674621582,282227.0
2018-03-23,0.7678022399009085,0.7718429306533251,0.7516376957832956,0.759719967842102,317043.0
2018-03-26,0.7556785174554329,0.7839660274330018,0.7556785174554329,0.7799252867698669,184454.0
2018-03-27,0.779925252284328,0.8041712289230737,0.779925252284328,0.7920482158660889,175313.0
2018-03-28,0.7799252288728759,0.788007501202783,0.7718429565429688,0.7718429565429688,142037.0
2018-03-29,0.775883674621582,0.7839659467193539,0.7718429343744638,0.775883674621582,62237.0
2018-04-02,0.7678022399009085,0.7678022399009085,0.759719967842102,0.759719967842102,82470.0
2018-04-03,0.7516377344675064,0.7597200069422795,0.7516377344675064,0.7556784749031067,75999.0
2018-04-04,0.7556783896045636,0.763760661167036,0.7273908844128694,0.7354731559753418,172540.0
2018-04-05,0.74355548620224,0.7637607214255977,0.7354732140020992,0.74355548620224,68708.0
2018-04-06,0.74355548620224,0.7516377089271592,0.74355548620224,0.74355548620224,41697.0
2018-04-09,0.7435554731997099,0.759719967842102,0.7395147329720726,0.759719967842102,109070.0
2018-04-10,0.759719967842102,0.7678022399009085,0.7516376957832956,0.759719967842102,102599.0
2018-04-11,0.7637606883770369,0.7678022201039997,0.7475961446762085,0.7475961446762085,100237.0
2018-04-12,0.7516376764031713,0.7556784165266227,0.7475961446762085,0.7475961446762085,97054.0
2018-04-13,0.7475961653809552,0.7556784374552087,0.7475961653809552,0.7516376972198486,123859.0
2018-04-16,0.8001304642048708,0.824376440109273,0.7920481918771433,0.8041712045669556,649183.0
2018-04-17,0.8162950296441069,0.8405410061658387,0.8082127571105957,0.8082127571105957,645897.0
2018-04-18,0.8082126962037723,0.8162949681282043,0.804171164439797,0.8162949681282043,230054.0
2018-04-19,0.8082127365325984,0.8082127365325984,0.7880075009902808,0.8041712045669556,160113.0
2018-04-20,0.8041712289230737,0.8041712289230737,0.7880075248568452,0.7920482158660889,81340.0
2018-04-23,0.792048213935525,0.8001304864883423,0.7839659908579316,0.8001304864883423,68913.0
2018-04-24,0.7920482508876625,0.7920482508876625,0.7758837545031151,0.7799252867698669,29783.0
2018-04-25,0.7799252288728759,0.7799252288728759,0.763760733688284,0.7718429565429688,172540.0
2018-04-26,0.7799252288728759,0.7799252288728759,0.7718429565429688,0.7718429565429688,79389.0
2018-04-27,0.7758836969061431,0.7758836969061431,0.7718429565429688,0.7718429565429688,21670.0
2018-04-30,0.775883674621582,0.775883674621582,0.7718429343744638,0.775883674621582,56075.0
2018-05-02,0.7799252867698669,0.7799252867698669,0.7799252867698669,0.7799252867698669,2156.0
2018-05-03,0.7799252409604759,0.7799252409604759,0.7597200050995606,0.7637607455253601,56999.0
2018-05-04,0.7678022775547301,0.7799252409604759,0.7637607455253601,0.7637607455253601,60491.0
2018-05-07,0.7597200050995606,0.7637607455253601,0.7597200050995606,0.7637607455253601,3081.0
2018-05-08,0.7718429306533251,0.7718429306533251,0.759719967842102,0.759719967842102,6778.0
2018-05-09,0.7758836983590988,0.8041712062897445,0.7758836983590988,0.7960889339447021,75589.0
2018-05-10,0.7678023005331944,0.7960889686170369,0.7678023005331944,0.7839660048484802,28037.0
2018-05-11,0.7839659916397191,0.8405410090118297,0.7839659916397191,0.8243764638900757,454459.0
2018-05-14,0.8082127610111233,0.8243764650773517,0.7880075248568452,0.7920482158660889,166172.0
2018-05-15,0.8001304609527925,0.8082127332476703,0.7880074977874756,0.7880074977874756,93254.0
2018-05-16,0.7799252867698669,0.7920482508876625,0.7758837545031151,0.7799252867698669,23518.0
2018-05-17,0.7799252867698669,0.7799252867698669,0.7799252867698669,0.7799252867698669,72097.0
2018-05-18,0.7758836969061431,0.7758836969061431,0.7678022656550167,0.7718429565429688,84010.0
2018-05-21,0.8001305238175492,0.8001305238175492,0.7758837545031151,0.7799252867698669,29372.0
2018-05-22,0.7880075596997537,0.7880075596997537,0.7758837545031151,0.7799252867698669,60081.0
2018-05-23,0.8001304644206421,0.8001304644206421,0.7718429565429688,0.7718429565429688,37281.0
2018-05-24,0.7758836935433817,0.7880074977874756,0.7758836935433817,0.7880074977874756,15610.0
2018-05-25,0.7799252867698669,0.7880075596997537,0.7799252867698669,0.7799252867698669,22081.0
2018-05-28,0.7718429891275365,0.7799252617986494,0.7678022980690002,0.7678022980690002,23827.0
2018-05-30,0.7637607473778799,0.7637607473778799,0.7556784749031067,0.7556784749031067,93972.0
2018-05-31,0.7799252617986494,0.7799252617986494,0.763760765931648,0.7678022980690002,10681.0
2018-06-01,0.7597200497221848,0.7799252867698669,0.7597200497221848,0.7799252867698669,2362.0
2018-06-04,0.7799252617986494,0.7799252617986494,0.7435555295308859,0.7678022980690002,57718.0
2018-06-05,0.7637607455253601,0.7678022775547301,0.7637607455253601,0.7637607455253601,23827.0
2018-06-06,0.7637607455253601,0.7839659813862753,0.7637607455253601,0.7637607455253601,73740.0
2018-06-07,0.7758836969061431,0.7839659692360502,0.7678022656550167,0.7718429565429688,26394.0
2018-06-08,0.775883674621582,0.7839659467193539,0.7637607117519128,0.775883674621582,51864.0
2018-06-11,0.7678022656550167,0.7718429565429688,0.763760733688284,0.7718429565429688,42416.0
2018-06-12,0.7718429916046988,0.7880075369988035,0.7718429916046988,0.7839660048484802,5237.0
2018-06-13,0.7839659429397688,0.7839659429397688,0.7516376957832956,0.759719967842102,26394.0
2018-06-14,0.7678022399009085,0.7799252027121315,0.755678436010933,0.759719967842102,42005.0
2018-06-18,0.788007476277002,0.7920481670371412,0.7273909304723088,0.7516376972198486,146659.0
2018-06-19,0.7475961446762085,0.7516376764031713,0.7273909103271481,0.7475961446762085,36870.0
2018-06-20,0.7475961639521266,0.7799252027121315,0.7354732011409035,0.759719967842102,107529.0
2018-06-21,0.7556784492254569,0.7678022533274409,0.74355548620224,0.74355548620224,20745.0
2018-06-22,0.74355548620224,0.74355548620224,0.7193086696018175,0.74355548620224,185789.0
2018-06-25,0.7395146875583196,0.7475961180420913,0.7233501939085925,0.7354731559753418,63778.0
2018-06-26,0.7395146875583196,0.7435554275378142,0.7314324159958472,0.7354731559753418,111637.0
2018-06-27,0.7314325368129307,0.7354732774598697,0.7152680404931729,0.7273910045623779,187637.0
2018-06-28,0.7193087316648861,0.7354732774598697,0.7193087316648861,0.7273910045623779,57410.0
2018-06-29,0.7233503133906648,0.7354732774598697,0.7233503133906648,0.7273910045623779,47243.0
2018-07-02,0.7193088531494141,0.7314326603450563,0.7112274199658836,0.7193088531494141,72508.0
2018-07-03,0.711227297782898,0.7193087295781051,0.6991034926700255,0.711227297782898,36767.0
2018-07-04,0.7071857432423484,0.7273909795132382,0.7071857432423484,0.7152680158615112,34097.0
2018-07-05,0.711227297782898,0.7152680384181144,0.7031450743840792,0.711227297782898,43854.0
2018-07-06,0.7031450288894999,0.7112272517653861,0.6869804841872823,0.6950627565383911,65627.0
2018-07-09,0.6950627243012161,0.711227218778498,0.6950627243012161,0.6991034150123596,51967.0
2018-07-10,0.7031449962774672,0.7152679589648618,0.6991034150123596,0.6991034150123596,220708.0
2018-07-11,0.6950628137489296,0.7112273103064225,0.6950628137489296,0.7031450867652893,134643.0
2018-07-12,0.7071857779964299,0.7112273103064225,0.7031450867652893,0.7031450867652893,252237.0
2018-07-13,0.7071857452392578,0.7112272773620447,0.703145054195284,0.7071857452392578,102189.0
2018-07-16,0.7071857452392578,0.7071857452392578,0.7071857452392578,0.7071857452392578,8216.0
2018-07-17,0.7031449962774672,0.7031449962774672,0.6991034150123596,0.6991034150123596,113794.0
2018-07-18,0.6991034474369427,0.6991034474369427,0.6950627565383911,0.6950627565383911,59567.0
2018-07-19,0.703145054195284,0.7071857452392578,0.6950627815532988,0.7071857452392578,72405.0
2018-07-20,0.7031450867652893,0.7031450867652893,0.6991035049800701,0.7031450867652893,76513.0
2018-07-23,0.7031450288894999,0.7031450288894999,0.6950627565383911,0.6950627565383911,91199.0
2018-07-24,0.6950627243012161,0.711227218778498,0.6950627243012161,0.6991034150123596,186302.0
2018-07-25,0.6950628015100349,0.711227297782898,0.6950628015100349,0.711227297782898,99108.0
2018-07-26,0.7112273103064225,0.7112273103064225,0.7031450867652893,0.7031450867652893,22594.0
2018-07-27,0.7031449962774672,0.7031449962774672,0.6991034150123596,0.6991034150123596,23621.0
2018-07-30,0.6991035049800701,0.7031450867652893,0.6991035049800701,0.7031450867652893,36972.0
2018-07-31,0.7031449962774672,0.7031449962774672,0.6910219841148524,0.6991034150123596,51043.0
2018-08-01,0.7031449696519021,0.7031449696519021,0.6869804263114929,0.6869804263114929,54432.0
2018-08-02,0.6910219918740574,0.6910219918740574,0.674857497215271,0.674857497215271,122010.0
2018-08-03,0.6788982152938843,0.6910220196840756,0.6748575243747528,0.6788982152938843,61518.0
2018-08-06,0.6748575590046723,0.6748575590046723,0.6627345950711853,0.6667752861976624,66551.0
2018-08-07,0.674857497215271,0.6788981879717857,0.674857497215271,0.674857497215271,43135.0
2018-08-08,0.6788982501311494,0.6788982501311494,0.6627345950711853,0.6667752861976624,73227.0
2018-08-10,0.6748574391083182,0.6748574391083182,0.6586928963661194,0.6586928963661194,92227.0
2018-08-13,0.6627345950711853,0.6748575590046723,0.6627345950711853,0.6667752861976624,18999.0
2018-08-14,0.6627345681190491,0.6627345681190491,0.6586929866028797,0.6627345681190491,33891.0
2018-08-15,0.5859542908732756,0.5899950311414709,0.5617075239287055,0.5657482147216797,1486108.0
2018-08-16,0.5617075683931927,0.5617075683931927,0.5253377861614833,0.5293793678283691,1016345.0
2018-08-17,0.5334200246642298,0.545542987777774,0.5334200246642298,0.5415022969245911,360281.0
2018-08-20,0.5415022592888968,0.5455429498612422,0.5293792970179273,0.537461519241333,425086.0
2018-08-21,0.5374615911328631,0.5374615911328631,0.5293793678283691,0.5293793678283691,82675.0
2018-08-23,0.5293793971756687,0.5293793971756687,0.5172555915321795,0.525337815284729,214032.0
2018-08-24,0.517255600397303,0.517255600397303,0.5091741681098938,0.5091741681098938,232518.0
2018-08-27,0.5172555296187291,0.545542987777774,0.5172555296187291,0.5415022969245911,159291.0
2018-08-28,0.5455430228337547,0.5455430228337547,0.5253377861614833,0.5293793678283691,69529.0
2018-08-29,0.5253378282186559,0.5253378282186559,0.5172556042671204,0.5172556042671204,76205.0
2018-08-30,0.5212969779968262,0.5212969779968262,0.5172554467126493,0.5212969779968262,53816.0
2018-08-31,0.517255600397303,0.5212971328822816,0.5091741681098938,0.5091741681098938,51248.0
2018-09-03,0.5132148633555709,0.5172556042671204,0.5132148633555709,0.5172556042671204,97464.0
2018-09-04,0.5172555672058938,0.5212970994315342,0.5132148265838623,0.5132148265838623,72816.0
2018-09-05,0.5172555694847216,0.5172555694847216,0.5051325559616089,0.5051325559616089,130432.0
2018-09-06,0.5051325382666079,0.5091741198437012,0.4970503151416779,0.4970503151416778,106913.0
2018-09-07,0.4970502467327169,0.5091740497661429,0.4970502467327169,0.5010917782783508,68708.0
2018-09-10,0.5010917782783508,0.5010917782783508,0.4930095067905588,0.5010917782783508,44675.0
2018-09-11,0.4930096050101709,0.4930096050101709,0.4687628351914605,0.4728043675422668,170589.0
2018-09-12,0.4728043772346055,0.4728043772346055,0.4647221039709423,0.4687628448009491,274421.0
2018-09-13,0.468762844800949,0.468762844800949,0.4566398801825073,0.4687628448009491,162578.0
2018-09-14,0.468762810433697,0.468762810433697,0.4606813788414001,0.4606813788414001,318583.0
2018-09-17,0.4606814183866857,0.4606814183866857,0.4525991450217835,0.4566398859024048,180962.0
2018-09-18,0.4525990744357362,0.4647220373153686,0.448557542581761,0.4647220373153686,139264.0
2018-09-19,0.4606813788414001,0.468762810433697,0.4606813788414001,0.4606813788414001,135567.0
2018-09-20,0.4728043358067166,0.4808866083621979,0.4606813722505087,0.4808866083621979,321048.0
2018-09-21,0.4768451180646122,0.4849273418530473,0.468762844800949,0.4687628448009491,179524.0
2018-09-24,0.4687627775658077,0.4687627775658077,0.4647220373153686,0.4647220373153686,35945.0
2018-09-25,0.4728043425710493,0.4728043425710493,0.4566398467040478,0.4606813788414001,389448.0
2018-09-26,0.4647220373153686,0.4647220373153686,0.4566398146861753,0.4647220373153686,198832.0
2018-09-27,0.4647220698999363,0.4647220698999363,0.4566398467040478,0.4606813788414001,196572.0
2018-09-28,0.46898189880459,0.46898189880459,0.4606813421049864,0.4648316204547882,617700.0
2018-10-01,0.4648316204547882,0.4648316204547882,0.4648316204547882,0.4648316204547882,240000.0
2018-10-02,0.4648316575221603,0.4648316575221603,0.4565311001606399,0.4606813788414001,99200.0
2018-10-03,0.4565311001606399,0.4606813788414001,0.4565311001606399,0.4606813788414001,268200.0
2018-10-04,0.4606813861724957,0.4606813861724957,0.4523808286788837,0.4565311074256897,102500.0
2018-10-05,0.4565311448997808,0.4565311448997808,0.4482305867248223,0.4523808658123016,468100.0
2018-10-08,0.4523808735551052,0.4523808735551052,0.4482305943965912,0.4482305943965912,97000.0
2018-10-09,0.4482305499320776,0.4565311074256897,0.4482305499320776,0.4565311074256897,391400.0
2018-10-10,0.4523808735551052,0.4523808735551052,0.4482305943965912,0.4482305943965912,514000.0
2018-10-11,0.4440802931785583,0.4482305721309089,0.4440802931785583,0.4440802931785583,606800.0
2018-10-12,0.4440803152380771,0.4482305943965912,0.4440803152380771,0.4482305943965912,325100.0
2018-10-15,0.4482305943965912,0.4482305943965912,0.4482305943965912,0.4482305943965912,111000.0
2018-10-16,0.4482305867248223,0.4523808658123016,0.4482305867248223,0.4523808658123016,119500.0
2018-10-17,0.4523808735551052,0.4523808735551052,0.4482305943965912,0.4482305943965912,528100.0
2018-10-18,0.4523808658123016,0.4523808658123016,0.4482305867248223,0.4523808658123016,80700.0
2018-10-19,0.4482305867248223,0.4523808658123016,0.4482305867248223,0.4523808658123016,301400.0
2018-10-22,0.452380858839509,0.5187853726908773,0.452380858839509,0.5104848146438599,2438200.0
2018-10-23,0.5104847489699272,0.5146350274595021,0.4731321930885315,0.4731321930885315,1554800.0
2018-10-24,0.4772825011597197,0.4814327799065258,0.4565311074256897,0.4565311074256897,622000.0
2018-10-25,0.4565310637551846,0.4731321771543919,0.4523807854053828,0.4648316204547882,431800.0
2018-10-26,0.4648316649193017,0.4648316649193017,0.4565311074256897,0.4565311074256897,138300.0
2018-10-29,0.4565310723639267,0.481432742932305,0.4523807939358637,0.4772824645042419,806300.0
2018-10-30,0.4814327955245971,0.4938836816441574,0.4648316799988194,0.4814327955245971,1230600.0
2018-10-31,0.485583021360368,0.489733299788431,0.4689819076481158,0.4772824645042419,379300.0
2018-11-01,0.4814327879228808,0.4814327879228808,0.4689819514751434,0.4689819514751434,106500.0
2018-11-02,0.4689818653194468,0.4897332555868138,0.4689818653194468,0.4855829775333404,610400.0
2018-11-05,0.4814327500676811,0.4814327500676811,0.4689819145989566,0.4731321930885315,195100.0
2018-11-07,0.4731322302910559,0.4814327879228808,0.4689819514751434,0.4689819514751434,321300.0
2018-11-08,0.4772824715781063,0.4772824715781063,0.4648316361093818,0.4731321930885315,215600.0
2018-11-09,0.4731321860761789,0.4772824645042419,0.4648316292200528,0.4772824645042419,243500.0
2018-11-12,0.46898189880459,0.46898189880459,0.4648316204547882,0.4648316204547882,182600.0
2018-11-13,0.4565311001606399,0.4731322148836807,0.4565311001606399,0.4606813788414001,140300.0
2018-11-14,0.464831672659231,0.4731322302910559,0.456531115027406,0.4689819514751434,60800.0
2018-11-15,0.464831672659231,0.4731322302910559,0.456531115027406,0.4689819514751434,156500.0
2018-11-16,0.4689819436661077,0.4689819436661077,0.4565311074256897,0.4565311074256897,211400.0
2018-11-19,0.4606814318721334,0.4648317110306474,0.4482305943965912,0.4482305943965912,374500.0
2018-11-20,0.4482305391245781,0.4523808177713148,0.4399299323558807,0.4399299323558807,272600.0
2018-11-21,0.4399299697419276,0.4399299697419276,0.4274791327436228,0.4357796907424927,288800.0
2018-11-22,0.4316294117430577,0.4357796907424927,0.4274791327436228,0.4357796907424927,89000.0
2018-11-23,0.4233288537441879,0.4357796907424927,0.4233288537441879,0.4357796907424927,101200.0
2018-11-26,0.4357796857986295,0.4440802931785583,0.4357796857986295,0.4440802931785583,279500.0
2018-11-27,0.4440803152380771,0.4523808735551052,0.4357797074458188,0.4482305943965912,215300.0
2018-11-28,0.4440802931785583,0.4565311300356099,0.43992996475098,0.4440802931785583,87700.0
2018-11-29,0.4523808510832594,0.4565311300356099,0.4440802931785583,0.4440802931785583,79000.0
2018-11-30,0.4440802446950624,0.4440802446950624,0.4316293597221374,0.4316293597221374,158100.0
2018-12-03,0.4440803152380771,0.4523808735551052,0.4399299866043328,0.4482305943965912,321300.0
2018-12-04,0.4482305772160257,0.4482305772160257,0.4316294117430577,0.4357796907424927,228600.0
2018-12-05,0.4357796454424394,0.4357796454424394,0.427479088306427,0.427479088306427,384800.0
2018-12-06,0.4357796454424394,0.4357796454424394,0.427479088306427,0.427479088306427,388100.0
2018-12-07,0.427479088306427,0.4357796454424394,0.427479088306427,0.427479088306427,196500.0
2018-12-10,0.4233288168907165,0.4274790955288432,0.4191785382525898,0.4233288168907165,204200.0
2018-12-11,0.4233287639898526,0.4233287639898526,0.4191784858703613,0.4191784858703613,95400.0
2018-12-12,0.4233288168907165,0.4233288168907165,0.4191785382525898,0.4233288168907165,201700.0
2018-12-13,0.4233288168907165,0.4274790955288432,0.4191785382525898,0.4233288168907165,108800.0
2018-12-14,0.4233287639898526,0.4233287639898526,0.41502820775087,0.4191784858703613,113600.0
2018-12-17,0.4191785382525898,0.4233288168907165,0.4150282596144631,0.4233288168907165,145800.0
2018-12-18,0.4191784858703613,0.4191784858703613,0.4191784858703613,0.4191784858703613,43800.0
2018-12-19,0.4191785382525898,0.4316293741669699,0.4150282596144631,0.4233288168907165,206900.0
2018-12-20,0.4191784995487825,0.4191784995487825,0.4108779430389404,0.4108779430389404,205400.0
2018-12-21,0.4108779499479388,0.4108779499479388,0.3984270902362021,0.40672767162323,251700.0
2018-12-24,0.3984271265690538,0.4025774300098419,0.3984271265690538,0.4025774300098419,46200.0
2018-12-26,0.3942768478658781,0.4067277087130176,0.3942768478658781,0.4025774300098419,78500.0
2018-12-27,0.406727680558875,0.406727680558875,0.3984270989894867,0.3984270989894867,111500.0
2018-12-28,0.3984270989894867,0.3984270989894867,0.3984270989894867,0.3984270989894867,63000.0
2018-12-31,0.4025773932985211,0.4108779499479388,0.4025773932985211,0.40672767162323,47000.0
2019-01-01,0.40672767162323,0.40672767162323,0.40672767162323,0.40672767162323,0.0
2019-01-02,0.4067276951549919,0.4067276951549919,0.3901265561580658,0.3901265561580658,137600.0
2019-01-03,0.3859762847423553,0.3942768420257569,0.3818260061006545,0.3859762847423553,34100.0
2019-01-04,0.3859762847423553,0.3859762847423553,0.3859762847423553,0.3859762847423553,0.0
2019-01-07,0.3984270989894867,0.406727680558875,0.3984270989894867,0.3984270989894867,244300.0
2019-01-08,0.406727680558875,0.406727680558875,0.3984270989894867,0.3984270989894867,54800.0
2019-01-09,0.4067277377464482,0.4357796907424927,0.4067277377464482,0.4357796907424927,335100.0
2019-01-10,0.4399299167206059,0.4482305231942967,0.4316293597221374,0.4316293597221374,752400.0
2019-01-11,0.4357796454424394,0.4357796454424394,0.4233288097384208,0.427479088306427,97700.0
2019-01-14,0.4357795983483264,0.4399298764678177,0.4191784858703613,0.4191784858703613,63100.0
2019-01-15,0.4233288097384208,0.4399299240104457,0.4191785311704145,0.427479088306427,50800.0
2019-01-16,0.4316293597221374,0.4399299167206059,0.4274790812229032,0.4316293597221374,60600.0
2019-01-17,0.4316293668744332,0.4440802520536751,0.427479088306427,0.427479088306427,60400.0
2019-01-18,0.4316293668744332,0.4399299240104457,0.427479088306427,0.427479088306427,148900.0
2019-01-21,0.4316293597221374,0.4357796382213716,0.4316293597221374,0.4316293597221374,42800.0
2019-01-22,0.4399299697419276,0.4399299697419276,0.4316294117430577,0.4357796907424927,187400.0
2019-01-23,0.435779653709144,0.4440802604778415,0.435779653709144,0.4399299323558807,143800.0
2019-01-24,0.4440802436615076,0.4772824715781063,0.4440802436615076,0.4731321930885315,1825500.0
2019-01-25,0.4731322302910559,0.4772825091069684,0.4606813938433185,0.4689819514751434,254900.0
2019-01-28,0.4689819436661077,0.4731322224129137,0.4565311074256897,0.4565311074256897,269400.0
2019-01-29,0.4565311448997808,0.4648317030747393,0.4482305867248223,0.4523808658123016,435500.0
2019-01-30,0.4565310637551846,0.4731321771543919,0.4565310637551846,0.4648316204547882,630900.0
2019-01-31,0.4689818653194468,0.4938835831155042,0.4689818653194468,0.4855829775333404,2470300.0
2019-02-01,0.4814327955245971,0.4855830744060416,0.4772825166431527,0.4814327955245971,340900.0
2019-02-04,0.4814327955245971,0.4814327955245971,0.4772825166431527,0.4814327955245971,60000.0
2019-02-05,0.4814327955245971,0.4814327955245971,0.4814327955245971,0.4814327955245971,0.0
2019-02-07,0.4814327545150847,0.4938836395740509,0.4814327545150847,0.4938836395740509,557200.0
2019-02-08,0.489733348676798,0.5229356288909912,0.489733348676798,0.5229356288909912,2970600.0
2019-02-11,0.527085813949243,0.5519875320479442,0.5187852577414153,0.5436869263648987,2895000.0
2019-02-12,0.5478373514204428,0.5478373514204428,0.5229356288909912,0.5229356288909912,1403100.0
2019-02-13,0.527085827118264,0.5478372676315173,0.5187852707030502,0.5353863835334778,1937900.0
2019-02-14,0.5395366686391044,0.5395366686391044,0.5312361121177673,0.5312361121177673,530300.0
2019-02-15,0.5312361628043965,0.5312361628043965,0.4980339335511368,0.5021842122077942,1611800.0
2019-02-18,0.5021841894584076,0.5104847463957,0.489733304577247,0.4980339109897613,938100.0
2019-02-19,0.4980339109897613,0.5104847463957,0.4938836325211151,0.4980339109897613,732700.0
2019-02-20,0.4980339057458991,0.5270858547205307,0.4980339057458991,0.518785297870636,1758600.0
2019-02-21,0.522935651714386,0.5270859307378948,0.5104848146438599,0.5104848146438599,545400.0
2019-02-22,0.5104847410207413,0.5312361331454781,0.5063344625957938,0.518785297870636,1061400.0
2019-02-25,0.5187853650217259,0.5187853650217259,0.5021842491731036,0.5146350860595703,696700.0
2019-02-26,0.5104847695211091,0.5104847695211091,0.4980339335511368,0.5021842122077942,429600.0
2019-02-27,0.4980339181019654,0.5063344751577944,0.4897333115709137,0.4938836395740509,902100.0
2019-02-28,0.5021841845478416,0.5021841845478416,0.4772824645042419,0.4772824645042419,690000.0
2019-03-01,0.4772824715781063,0.4814327500676811,0.4648316361093818,0.4731321930885315,529400.0
2019-03-04,0.4731322377617083,0.4897333532874861,0.4689819588802638,0.4814327955245971,569700.0
2019-03-05,0.481432699479867,0.4980338611689776,0.4772824214263936,0.4855829775333404,954500.0
2019-03-06,0.4855830744060416,0.4897333532874861,0.4814327955245971,0.4814327955245971,847900.0
2019-03-07,0.4772824715781063,0.4772824715781063,0.4731321930885315,0.4731321930885315,376800.0
2019-03-08,0.4689819362029205,0.4689819362029205,0.4565311001606399,0.4606813788414001,499200.0
2019-03-11,0.4565311001606399,0.4648316575221603,0.4565311001606399,0.4606813788414001,116300.0
2019-03-12,0.4606813938433185,0.4731322302910559,0.4606813938433185,0.4689819514751434,391000.0
2019-03-13,0.4648316204547882,0.46898189880459,0.4565310637551846,0.4648316204547882,523300.0
2019-03-14,0.4648316204547882,0.46898189880459,0.4606813421049864,0.4648316204547882,225400.0
2019-03-15,0.46898189880459,0.4772824555041937,0.4648316204547882,0.4648316204547882,494900.0
2019-03-18,0.4731322302910559,0.4731322302910559,0.464831672659231,0.4689819514751434,42000.0
2019-03-19,0.4648316361093818,0.4731321930885315,0.4648316361093818,0.4731321930885315,204900.0
2019-03-20,0.4689819145989566,0.4731321930885315,0.4648316361093818,0.4731321930885315,143400.0
2019-03-21,0.4731321974592558,0.4980339181019654,0.4689819189313413,0.4938836395740509,1753300.0
2019-03-22,0.5021842122077942,0.5063344908644517,0.4980339335511368,0.5021842122077942,1086500.0
2019-03-25,0.4980338611689776,0.4980338611689776,0.4855829775333404,0.4855829775333404,490900.0
2019-03-26,0.4938836395740509,0.4980339181019654,0.4855830330429992,0.4938836395740509,190800.0
2019-03-27,0.4855830330429992,0.4980339181019654,0.4855830330429992,0.4938836395740509,257300.0
2019-03-28,0.4938835831155042,0.4938835831155042,0.4855829775333404,0.4855829775333404,333000.0
2019-03-29,0.4897333085536957,0.4897333085536957,0.4855830300513508,0.4897333085536957,215700.0
2019-04-01,0.4938836325211151,0.4980339109897613,0.489733304577247,0.4980339109897613,353600.0
2019-04-02,0.4980339335511368,0.5021842122077942,0.4980339335511368,0.5021842122077942,509000.0
2019-04-03,0.5021842491731036,0.5187853650217259,0.498033970210948,0.5146350860595703,1239400.0
2019-04-04,0.5146350481777666,0.5146350481777666,0.5021842122077942,0.5021842122077942,558200.0
2019-04-05,0.5063345432281494,0.510484822314017,0.5021842641422817,0.5063345432281494,230400.0
2019-04-08,0.5146351013998848,0.5146351013998848,0.5063345432281494,0.5063345432281494,489500.0
2019-04-09,0.5063344908644517,0.5146350481777666,0.4980339335511368,0.5021842122077942,698000.0
2019-04-10,0.5021842122077942,0.5063344908644517,0.4938836548944793,0.5021842122077942,337800.0
2019-04-11,0.5063344908644517,0.5104847695211091,0.5021842122077942,0.5021842122077942,385800.0
2019-04-12,0.5021841894584076,0.5063344679270537,0.4938836325211151,0.4980339109897613,236500.0
2019-04-15,0.4980339109897613,0.5021841894584076,0.4938836325211151,0.4980339109897613,320700.0
2019-04-16,0.4980339150336078,0.4980339150336078,0.4897333085536957,0.4897333085536957,317300.0
2019-04-17,0.4938836325211151,0.5021841894584076,0.4938836325211151,0.4980339109897613,186200.0
2019-04-18,0.4980339150336078,0.4980339150336078,0.4897333085536957,0.4897333085536957,153300.0
2019-04-22,0.4938836816441574,0.4938836816441574,0.4772825166431527,0.4814327955245971,321400.0
2019-04-23,0.4772825166431527,0.4814327955245971,0.4731322377617083,0.4814327955245971,182600.0
2019-04-24,0.4814327879228808,0.4814327879228808,0.4689819514751434,0.4689819514751434,473400.0
2019-04-25,0.4648316361093818,0.4772824715781063,0.4648316361093818,0.4731321930885315,143400.0
2019-04-26,0.4731321930885315,0.4731321930885315,0.4689819145989566,0.4731321930885315,116200.0
2019-04-29,0.4689819514751434,0.4731322302910559,0.464831672659231,0.4689819514751434,111900.0
2019-04-30,0.46898189880459,0.46898189880459,0.4648316204547882,0.4648316204547882,134700.0
2019-05-02,0.4648316204547882,0.46898189880459,0.4606813421049864,0.4648316204547882,176000.0
2019-05-03,0.464831672659231,0.4731322302910559,0.464831672659231,0.4689819514751434,220100.0
2019-05-06,0.4648316649193017,0.4648316649193017,0.4523808286788837,0.4565311074256897,256200.0
2019-05-07,0.4565310637551846,0.4648316204547882,0.4523807854053828,0.4648316204547882,81300.0
2019-05-08,0.4648316204547882,0.4648316204547882,0.4565310637551846,0.4648316204547882,22000.0
2019-05-09,0.4565311074256897,0.4565311074256897,0.4523808286788837,0.4565311074256897,180300.0
2019-05-10,0.4565311527136193,0.4565311527136193,0.4482305943965912,0.4482305943965912,172100.0
2019-05-13,0.4440802604778415,0.4482305391245781,0.4399299323558807,0.4399299323558807,153300.0
2019-05-14,0.4399299323558807,0.4399299323558807,0.435779653709144,0.4399299323558807,130800.0
2019-05-15,0.43992996475098,0.4440802931785583,0.43992996475098,0.4440802931785583,162100.0
2019-05-16,0.448230507055581,0.4648316204547882,0.448230507055581,0.4648316204547882,500800.0
2019-05-17,0.4648316204547882,0.4648316204547882,0.4648316204547882,0.4648316204547882,72000.0
2019-05-21,0.4648317030747393,0.4648317030747393,0.4523808658123016,0.4523808658123016,63300.0
2019-05-22,0.4523808562154606,0.4523808562154606,0.4316294117430577,0.4357796907424927,391100.0
2019-05-23,0.4316293668744332,0.4357796454424394,0.4233288097384208,0.427479088306427,283900.0
2019-05-24,0.4316293597221374,0.4357796382213716,0.4274790812229032,0.4316293597221374,162600.0
2019-05-27,0.4316293597221374,0.4357796382213716,0.4274790812229032,0.4316293597221374,75300.0
2019-05-28,0.4274791278939284,0.4440802931785583,0.4274791278939284,0.4440802931785583,233800.0
2019-05-29,0.4357796382213716,0.4357796382213716,0.4316293597221374,0.4316293597221374,110500.0
2019-05-30,0.4357796907424927,0.4399299697419276,0.4316294117430577,0.4357796907424927,237000.0
2019-05-31,0.4357796382213716,0.4399299167206059,0.4316293597221374,0.4316293597221374,261500.0
2019-06-03,0.4316293668744332,0.4316293668744332,0.427479088306427,0.427479088306427,21600.0
2019-06-04,0.4316293597221374,0.4316293597221374,0.4316293597221374,0.4316293597221374,84100.0
2019-06-06,0.4316293597221374,0.4357796382213716,0.4274790812229032,0.4316293597221374,116500.0
2019-06-07,0.4357796382213716,0.4399299167206059,0.4316293597221374,0.4316293597221374,132100.0
2019-06-10,0.435779653709144,0.4523808177713148,0.435779653709144,0.4399299323558807,196600.0
2019-06-11,0.4399299866043328,0.4482305943965912,0.4399299866043328,0.4482305943965912,238600.0
2019-06-12,0.4482305391245781,0.4482305391245781,0.435779653709144,0.4399299323558807,178900.0
2019-06-13,0.4357797074458188,0.4482305943965912,0.4357797074458188,0.4482305943965912,107900.0
2019-06-14,0.4440802982165908,0.4440802982165908,0.4357796907424927,0.4357796907424927,46400.0
2019-06-17,0.4440802931785583,0.4440802931785583,0.4357796857986295,0.4440802931785583,2900.0
2019-06-18,0.4357796857986295,0.4440802931785583,0.431629406846279,0.4440802931785583,141300.0
2019-06-19,0.4357796857986295,0.4440802931785583,0.431629406846279,0.4440802931785583,211800.0
2019-06-20,0.4482305721309089,0.4482305721309089,0.4357796857986295,0.4440802931785583,389600.0
2019-06-21,0.4440802604778415,0.4440802604778415,0.4399299323558807,0.4399299323558807,10600.0
2019-06-24,0.4399299167206059,0.4399299167206059,0.4316293597221374,0.4316293597221374,58500.0
2019-06-25,0.4399299697419276,0.4440802982165908,0.4357796907424927,0.4357796907424927,205400.0
2019-06-26,0.4399299697419276,0.4399299697419276,0.4357796907424927,0.4357796907424927,181500.0
2019-06-27,0.4399299866043328,0.4523808735551052,0.4399299866043328,0.4482305943965912,951800.0
2019-06-28,0.4482305943965912,0.4482305943965912,0.4440803152380771,0.4482305943965912,306700.0
2019-07-01,0.4523808286788837,0.4648316649193017,0.4523808286788837,0.4565311074256897,1037700.0
2019-07-02,0.4565311448997808,0.4565311448997808,0.4482305867248223,0.4523808658123016,152300.0
2019-07-03,0.4482305721309089,0.4482305721309089,0.4440802931785583,0.4440802931785583,133800.0
2019-07-04,0.4523808658123016,0.4606814239872601,0.4482305867248223,0.4523808658123016,518200.0
2019-07-05,0.4523808735551052,0.4565311527136193,0.4482305943965912,0.4482305943965912,219900.0
2019-07-08,0.4440802931785583,0.4440802931785583,0.4357796857986295,0.4440802931785583,516200.0
2019-07-09,0.4482305867248223,0.4565311448997808,0.4482305867248223,0.4523808658123016,204000.0
2019-07-10,0.4523808286788837,0.4565311074256897,0.4523808286788837,0.4565311074256897,55000.0
2019-07-11,0.4565311448997808,0.4565311448997808,0.4523808658123016,0.4523808658123016,83000.0
2019-07-12,0.4523808006406573,0.4814327500676811,0.4482305221510824,0.4731321930885315,1368000.0
2019-07-15,0.4772824214263936,0.4897332555868138,0.4689818653194468,0.4855829775333404,1075500.0
2019-07-16,0.485583028557256,0.485583028557256,0.4689819145989566,0.4731321930885315,813700.0
2019-07-17,0.4689819514751434,0.4814327879228808,0.4689819514751434,0.4689819514751434,282000.0
2019-07-18,0.4689819145989566,0.4772824715781063,0.4689819145989566,0.4731321930885315,153900.0
2019-07-19,0.4772824759871703,0.4980339181019654,0.4772824759871703,0.4938836395740509,2065200.0
2019-07-22,0.4855830300513508,0.5021841935359527,0.4855830300513508,0.4897333085536957,991100.0
2019-07-23,0.489733304577247,0.5063344679270537,0.489733304577247,0.4980339109897613,1334400.0
2019-07-24,0.5104848070974147,0.5187853650217259,0.5021842491731036,0.5146350860595703,1588300.0
2019-07-25,0.5187853726908773,0.5312362097614035,0.5104848146438599,0.5104848146438599,1755000.0
2019-07-26,0.5146351013998848,0.5146351013998848,0.498033985056414,0.5063345432281494,576200.0
2019-07-29,0.5063344908644517,0.5104847695211091,0.4897333267625977,0.5021842122077942,629200.0
2019-07-30,0.5021841966298799,0.5063344751577944,0.4897333115709137,0.4938836395740509,589400.0
2019-07-31,0.5021841845478416,0.5021841845478416,0.4772824645042419,0.4772824645042419,1001400.0
2019-08-01,0.4814327515490059,0.4938836365312629,0.4814327515490059,0.4897333085536957,355800.0
2019-08-02,0.481432742932305,0.4938836276917155,0.4772824645042419,0.4772824645042419,439900.0
2019-08-05,0.4772824555041937,0.4772824555041937,0.4648316204547882,0.4648316204547882,858100.0
2019-08-06,0.4648316204547882,0.46898189880459,0.4523807854053828,0.4648316204547882,471800.0
2019-08-07,0.4689819514751434,0.4731322302910559,0.4606813938433185,0.4689819514751434,170100.0
2019-08-08,0.46898189880459,0.4731321771543919,0.4648316204547882,0.4648316204547882,139800.0
2019-08-13,0.4648316575221603,0.4689819362029205,0.4565311001606399,0.4606813788414001,73900.0
2019-08-14,0.4648316575221603,0.4648316575221603,0.4606813788414001,0.4606813788414001,77500.0
2019-08-15,0.4606813861724957,0.4648316649193017,0.4523808286788837,0.4565311074256897,161500.0
2019-08-16,0.4606813938433185,0.4689819514751434,0.4606813938433185,0.4689819514751434,168400.0
2019-08-19,0.4689819588802638,0.4897333532874861,0.4689819588802638,0.4814327955245971,380800.0
2019-08-20,0.4814327545150847,0.4980339181019654,0.4814327545150847,0.4938836395740509,527300.0
2019-08-21,0.4897332555868138,0.4897332555868138,0.481432699479867,0.4855829775333404,192300.0
2019-08-22,0.481432742932305,0.481432742932305,0.4772824645042419,0.4772824645042419,137500.0
2019-08-23,0.4772824645042419,0.485583021360368,0.4731321860761789,0.4772824645042419,105400.0
2019-08-26,0.4731321771543919,0.4731321771543919,0.4648316204547882,0.4648316204547882,321800.0
2019-08-27,0.4648316575221603,0.4648316575221603,0.4606813788414001,0.4606813788414001,146800.0
2019-08-28,0.4606813861724957,0.4606813861724957,0.4565311074256897,0.4565311074256897,64000.0
2019-08-29,0.4565310637551846,0.4648316204547882,0.4523807854053828,0.4648316204547882,306000.0
2019-08-30,0.4648316204547882,0.4731321771543919,0.4606813421049864,0.4648316204547882,330400.0
2019-09-02,0.4648316575221603,0.4689819362029205,0.4606813788414001,0.4606813788414001,65000.0
2019-09-03,0.4565311074256897,0.4648316649193017,0.4565311074256897,0.4565311074256897,99800.0
2019-09-04,0.4606813576198069,0.4772824715781063,0.4606813576198069,0.4731321930885315,439500.0
2019-09-05,0.4731321771543919,0.4772824555041937,0.4648316204547882,0.4648316204547882,76100.0
2019-09-06,0.4731321930885315,0.4814327500676811,0.4731321930885315,0.4731321930885315,388800.0
2019-09-09,0.4731321930885315,0.485583028557256,0.4731321930885315,0.4731321930885315,157100.0
2019-09-10,0.4731322377617083,0.4855830744060416,0.4731322377617083,0.4814327955245971,207900.0
2019-09-11,0.4814327515490059,0.4897333085536957,0.4814327515490059,0.4897333085536957,221700.0
2019-09-12,0.4897332555868138,0.4980338611689776,0.481432699479867,0.4855829775333404,499300.0
2019-09-13,0.485583021360368,0.485583021360368,0.4772824645042419,0.4772824645042419,69100.0
2019-09-16,0.481432742932305,0.485583021360368,0.4731321860761789,0.4772824645042419,365500.0
2019-09-17,0.4772824715781063,0.4772824715781063,0.4689819145989566,0.4731321930885315,257200.0
2019-09-18,0.4772825166431527,0.4814327955245971,0.4731322377617083,0.4814327955245971,140100.0
2019-09-19,0.4772825166431527,0.4814327955245971,0.4731322377617083,0.4814327955245971,75900.0
2019-09-20,0.481432742932305,0.485583021360368,0.4772824645042419,0.4772824645042419,87000.0
2019-09-23,0.4772824715781063,0.4772824715781063,0.4689819145989566,0.4731321930885315,155200.0
2019-09-24,0.4772824715781063,0.4772824715781063,0.4731321930885315,0.4731321930885315,40900.0
2019-09-25,0.4731321930885315,0.4731321930885315,0.4731321930885315,0.4731321930885315,55100.0
2019-09-26,0.4731321860761789,0.4772824645042419,0.4731321860761789,0.4772824645042419,111700.0
2019-09-27,0.4731321930885315,0.4731321930885315,0.4731321930885315,0.4731321930885315,31000.0
2019-09-30,0.4689819514751434,0.4689819514751434,0.4689819514751434,0.4689819514751434,91600.0
2019-10-01,0.4731321860761789,0.4772824645042419,0.4731321860761789,0.4772824645042419,125900.0
2019-10-02,0.4731321860761789,0.4772824645042419,0.4731321860761789,0.4772824645042419,297300.0
2019-10-03,0.4731321974592558,0.4938836395740509,0.4731321974592558,0.4938836395740509,591600.0
2019-10-04,0.4938836548944793,0.5063344908644517,0.4814327694492827,0.5021842122077942,1075300.0
2019-10-07,0.4980339150336078,0.4980339150336078,0.4897333085536957,0.4897333085536957,63500.0
2019-10-08,0.4897333115709137,0.4980339181019654,0.4897333115709137,0.4938836395740509,92500.0
2019-10-09,0.4938836816441574,0.4938836816441574,0.4814327955245971,0.4814327955245971,89100.0
2019-10-10,0.489733299788431,0.489733299788431,0.4772824645042419,0.4772824645042419,170200.0
2019-10-11,0.4814327955245971,0.4855830744060416,0.4814327955245971,0.4814327955245971,128300.0
2019-10-14,0.485583021360368,0.489733299788431,0.4772824645042419,0.4772824645042419,145400.0
2019-10-15,0.4814327515490059,0.4897333085536957,0.4814327515490059,0.4897333085536957,317900.0
2019-10-16,0.4897333085536957,0.4938836365312629,0.4855830300513508,0.4897333085536957,195200.0
2019-10-17,0.4897333532874861,0.4897333532874861,0.4814327955245971,0.4814327955245971,98600.0
2019-10-18,0.4814327515490059,0.4897333085536957,0.4814327515490059,0.4897333085536957,78200.0
2019-10-21,0.481432699479867,0.4938835831155042,0.481432699479867,0.4855829775333404,212400.0
2019-10-22,0.4897332555868138,0.4938835831155042,0.4855829775333404,0.4855829775333404,172700.0
2019-10-23,0.481432699479867,0.4897332555868138,0.481432699479867,0.4855829775333404,142100.0
2019-10-24,0.4897333115709137,0.4938836395740509,0.4897333115709137,0.4938836395740509,180900.0
2019-10-25,0.4938836548944793,0.5063344908644517,0.4938836548944793,0.5021842122077942,1006500.0
2019-10-29,0.5021841708146622,0.5270858407020569,0.5021841708146622,0.5270858407020569,2460700.0
2019-10-30,0.5270858407020569,0.5353863973311885,0.5229355623874912,0.5270858407020569,1229400.0
2019-10-31,0.5270858547205307,0.5312361331454781,0.518785297870636,0.518785297870636,322200.0
2019-11-01,0.5229355762955834,0.5270858547205307,0.5146350194456887,0.518785297870636,441400.0
2019-11-04,0.5229356439838815,0.5270859229460371,0.5146350860595703,0.5146350860595703,560100.0
2019-11-05,0.5187853650217259,0.5229356439838815,0.5104848070974147,0.5146350860595703,589700.0
2019-11-06,0.5229355358453291,0.5436869263648987,0.5187852577414153,0.5436869263648987,2408300.0
2019-11-07,0.5395367191840158,0.5810395551539917,0.5395367191840158,0.5768892765045166,4885500.0
2019-11-08,0.5810395774935587,0.5851898563026021,0.5561379046392985,0.5644384622573853,2468600.0
2019-11-11,0.5644384313160333,0.5644384313160333,0.5395367103516081,0.5478373169898987,1286800.0
2019-11-12,0.5478373028721572,0.5685886952450631,0.5478373028721572,0.5561378598213196,1571800.0
2019-11-13,0.5478372539440303,0.5644383663596859,0.5436869263648987,0.5436869263648987,1572600.0
2019-11-14,0.5395366686391044,0.5519875528963295,0.5312361121177673,0.5312361121177673,1372100.0
2019-11-15,0.5229355762955834,0.5312361331454781,0.5104847410207413,0.518785297870636,1524300.0
2019-11-18,0.5270858338570988,0.5395366686391044,0.5270858338570988,0.5312361121177673,1246000.0
2019-11-19,0.5270859369414119,0.5478373817784175,0.5270859369414119,0.5395367741584778,1128900.0
2019-11-20,0.5395366899953729,0.5395366899953729,0.518785297870636,0.518785297870636,713400.0
2019-11-21,0.5187853650217259,0.5229356439838815,0.5021842491731036,0.5146350860595703,1078600.0
2019-11-22,0.5146350712062495,0.5229356288909912,0.5146350712062495,0.5229356288909912,249300.0
2019-11-25,0.5229355762955834,0.5229355762955834,0.5146350194456887,0.518785297870636,87300.0
2019-11-26,0.518785297870636,0.5270858547205307,0.518785297870636,0.518785297870636,405400.0
2019-11-27,0.5187853500486204,0.5270859077333621,0.5146350712062495,0.5229356288909912,127900.0
2019-11-28,0.5229355489106571,0.5436869399486915,0.5187852707030502,0.5353863835334778,1723500.0
2019-11-29,0.5353863701570709,0.5519875320479442,0.5353863701570709,0.5436869263648987,832000.0
2019-12-02,0.5436869818750758,0.5519875884056091,0.5436869818750758,0.5519875884056091,516200.0
2019-12-03,0.5478373817784175,0.5478373817784175,0.5395367741584778,0.5395367741584778,360400.0
2019-12-04,0.5395367741584778,0.5395367741584778,0.5353864950861225,0.5395367741584778,158400.0
2019-12-05,0.5395366686391044,0.5478372746356609,0.5312361121177673,0.5312361121177673,131900.0
2019-12-06,0.5436869399486915,0.5436869399486915,0.5353863835334778,0.5353863835334778,107200.0
2019-12-09,0.5353863903784358,0.5353863903784358,0.5312361121177673,0.5312361121177673,126800.0
2019-12-10,0.5270859369414119,0.5436870532308331,0.5270859369414119,0.5395367741584778,150900.0
2019-12-11,0.5353864950861225,0.5436870532308331,0.5353864950861225,0.5395367741584778,183700.0
2019-12-12,0.5436869818750758,0.5602881454609198,0.5395367033474204,0.5519875884056091,916900.0
2019-12-13,0.5602881834483419,0.5685887410664286,0.5561379046392985,0.5644384622573853,735900.0
2019-12-16,0.5644384167704819,0.5644384167704819,0.5561378598213196,0.5561378598213196,220400.0
2019-12-17,0.5602881454609198,0.5602881454609198,0.5519875884056091,0.5519875884056091,154800.0
2019-12-18,0.5602881834483419,0.5644384622573853,0.5478373470212118,0.5644384622573853,437200.0
2019-12-19,0.5602881382959007,0.5602881382959007,0.5519875813467384,0.5561378598213196,185700.0
2019-12-20,0.5561378669332645,0.5602881454609198,0.5519875884056091,0.5519875884056091,66400.0
2019-12-23,0.5519875813467384,0.5561378598213196,0.5519875813467384,0.5561378598213196,98300.0
2019-12-24,0.5478373028721572,0.5602881382959007,0.5478373028721572,0.5561378598213196,66900.0
2019-12-25,0.5561378598213196,0.5561378598213196,0.5561378598213196,0.5561378598213196,0.0
2019-12-26,0.5561378669332645,0.5561378669332645,0.5519875884056091,0.5519875884056091,44400.0
2019-12-27,0.5519876331140573,0.5602881908416748,0.5478373542502486,0.5602881908416748,294300.0
2019-12-30,0.5602881908416748,0.5602881908416748,0.5561379119778661,0.5602881908416748,234100.0
2019-12-31,0.5561378598213196,0.5602881382959007,0.5561378598213196,0.5561378598213196,97300.0
2020-01-02,0.5602881174284359,0.5768892307084659,0.5602881174284359,0.5685886740684509,1262200.0
2020-01-03,0.5685887410664286,0.5768892986845153,0.5602881834483419,0.5644384622573853,660700.0
2020-01-06,0.5644384239885751,0.5644384239885751,0.5519875884056091,0.5519875884056091,658000.0
2020-01-07,0.5561379119778661,0.5602881908416748,0.5519876331140573,0.5602881908416748,370600.0
2020-01-08,0.5519875884056091,0.5519875884056091,0.5478373098779538,0.5519875884056091,675100.0
2020-01-09,0.5519875955714324,0.556137874152966,0.5478373169898987,0.5478373169898987,110600.0
2020-01-10,0.5478373098779538,0.5519875884056091,0.5478373098779538,0.5519875884056091,282200.0
2020-01-13,0.5561379119778661,0.5644384697054836,0.5561379119778661,0.5602881908416748,426500.0
2020-01-14,0.5602881908416748,0.5644384697054836,0.5602881908416748,0.5602881908416748,57500.0
2020-01-15,0.5561378669332645,0.5561378669332645,0.5478373098779538,0.5519875884056091,683700.0
2020-01-16,0.5519876331140573,0.5602881908416748,0.5519876331140573,0.5602881908416748,136200.0
2020-01-17,0.5561378598213196,0.5644384167704819,0.5519875813467384,0.5561378598213196,199800.0
2020-01-20,0.5644384239885751,0.5644384239885751,0.5519875884056091,0.5519875884056091,142700.0
2020-01-21,0.5519875528963295,0.5519875528963295,0.5312361121177673,0.5312361121177673,1151800.0
2020-01-22,0.5312361053258708,0.5395366617410846,0.5312361053258708,0.5353863835334778,203900.0
2020-01-23,0.5353864654181038,0.5353864654181038,0.5187853500486204,0.5229356288909912,685200.0
2020-01-24,0.5229355762955834,0.5229355762955834,0.5146350194456887,0.518785297870636,165100.0
2020-01-28,0.5146350248643461,0.5146350248643461,0.4814327476399547,0.4980339109897613,594100.0
2020-01-29,0.4980339335511368,0.5021842122077942,0.4980339335511368,0.5021842122077942,104400.0
2020-01-30,0.4938835831155042,0.4980338611689776,0.4855829775333404,0.4855829775333404,287200.0
2020-01-31,0.4855830300513508,0.5021841935359527,0.4855830300513508,0.4897333085536957,231100.0
2020-02-03,0.4814327955245971,0.4855830744060416,0.4731322377617083,0.4814327955245971,106400.0
2020-02-04,0.4772824691713085,0.4980339109897613,0.4772824691713085,0.4980339109897613,58300.0
2020-02-05,0.4897332555868138,0.4938835831155042,0.4855829775333404,0.4855829775333404,84000.0
2020-02-06,0.4897333267625977,0.5104847695211091,0.4897333267625977,0.5021842122077942,148800.0
2020-02-07,0.4980338611689776,0.4980338611689776,0.4772824214263936,0.4855829775333404,311200.0
2020-02-10,0.4772824759871703,0.4938836395740509,0.4772824759871703,0.4938836395740509,89600.0
2020-02-11,0.4897333085536957,0.4897333085536957,0.4897333085536957,0.4897333085536957,130000.0
2020-02-12,0.498033985056414,0.510484822314017,0.498033985056414,0.5063345432281494,236800.0
2020-02-13,0.510484822314017,0.510484822314017,0.498033985056414,0.5063345432281494,113300.0
2020-02-14,0.4980339335511368,0.5021842122077942,0.4980339335511368,0.5021842122077942,78300.0
2020-02-17,0.4980339109897613,0.5021841894584076,0.4938836325211151,0.4980339109897613,211800.0
2020-02-18,0.4980339109897613,0.4980339109897613,0.4980339109897613,0.4980339109897613,0.0
2020-02-19,0.4980339181019654,0.4980339181019654,0.4897333115709137,0.4938836395740509,139300.0
2020-02-20,0.5021842641422817,0.5063345432281494,0.4938837059705463,0.5063345432281494,109200.0
2020-02-21,0.4980339181019654,0.4980339181019654,0.4897333115709137,0.4938836395740509,94700.0
2020-02-24,0.489733299788431,0.4938836276917155,0.4731321860761789,0.4772824645042419,510600.0
2020-02-25,0.489733299788431,0.489733299788431,0.4772824645042419,0.4772824645042419,19500.0
2020-02-26,0.481432742932305,0.481432742932305,0.4731321860761789,0.4772824645042419,68400.0
2020-02-27,0.4731321930885315,0.4772824715781063,0.4689819145989566,0.4731321930885315,316800.0
2020-02-28,0.4689819821622186,0.4689819821622186,0.4482305867248223,0.4523808658123016,367700.0
2020-03-02,0.4523808658123016,0.4565311448997808,0.4523808658123016,0.4523808658123016,169400.0
2020-03-03,0.4606814318721334,0.4648317110306474,0.4482305943965912,0.4482305943965912,149900.0
2020-03-04,0.4482305721309089,0.4606814089879605,0.43992996475098,0.4440802931785583,277000.0
2020-03-05,0.4523808286788837,0.4565311074256897,0.4482305499320776,0.4565311074256897,136200.0
2020-03-06,0.4523808735551052,0.4523808735551052,0.4399299866043328,0.4482305943965912,158400.0
2020-03-09,0.4399299078859855,0.4399299078859855,0.3984270989894867,0.3984270989894867,529900.0
2020-03-10,0.3984270902362021,0.4191785065973565,0.3984270902362021,0.40672767162323,180800.0
2020-03-11,0.4150282373906526,0.4233287942224303,0.390126542157709,0.3984270989894867,208200.0
2020-03-12,0.3901265725559811,0.3901265725559811,0.3610745966434479,0.3610745966434479,567800.0
2020-03-13,0.3486237069522941,0.3527740100870875,0.3237220118315866,0.3403231501579284,782800.0
2020-03-16,0.348623731572024,0.3527740349999109,0.3195717560024897,0.3237220346927643,448800.0
2020-03-17,0.307120919931666,0.3237220346927643,0.307120919931666,0.3237220346927643,431500.0
2020-03-18,0.3237220346927643,0.3237220346927643,0.3237220346927643,0.3237220346927643,0.0
2020-03-19,0.3071209192276001,0.3278723373690132,0.3029706405468399,0.3071209192276001,347500.0
2020-03-20,0.307120919931666,0.3278723381206511,0.307120919931666,0.3237220346927643,1136900.0
2020-03-23,0.3071209192276001,0.3112711979083603,0.2988203618660797,0.3071209192276001,549400.0
2020-03-24,0.3112711965239779,0.3278723359107971,0.3029706391993744,0.3278723359107971,458000.0
2020-03-25,0.3320225708244514,0.3403231270553398,0.3112711555096216,0.3361728489398956,690100.0
2020-03-26,0.3278723359107971,0.3278723359107971,0.3237220325108832,0.3278723359107971,181100.0
2020-03-27,0.3320226073265075,0.344473443041666,0.3320226073265075,0.3320226073265075,261700.0
2020-03-30,0.3278723150077551,0.3278723150077551,0.3112711766793183,0.3195717334747314,56000.0
2020-03-31,0.3237220118315866,0.3486237069522941,0.3237220118315866,0.3403231501579284,378500.0
2020-04-01,0.3403231060882092,0.3693750758440507,0.3361728282284615,0.3527739644050598,640500.0
2020-04-02,0.3444734569487377,0.3652248753827222,0.3444734569487377,0.3610745966434479,278500.0
2020-04-03,0.3610745668814531,0.3693751236758187,0.3403231501579284,0.3403231501579284,509200.0
2020-04-06,0.3486236618077047,0.3610745201245552,0.3403231060882092,0.3527739644050598,148700.0
2020-04-07,0.3569242964299915,0.402577409290537,0.3569242964299915,0.3942768275737762,1190900.0
2020-04-08,0.3818259990284085,0.3942768347228945,0.3735254171611397,0.3901265561580658,675400.0
2020-04-09,0.3942768478658781,0.415028266119369,0.3942768478658781,0.4025774300098419,656300.0
2020-04-13,0.4067276877801118,0.4067276877801118,0.3942768275737762,0.3942768275737762,286800.0
2020-04-14,0.3942768119114933,0.4150282282726477,0.3942768119114933,0.40672767162323,559900.0
2020-04-15,0.40672767162323,0.4316293415714831,0.40672767162323,0.40672767162323,923700.0
2020-04-16,0.4025773798950638,0.4191784926411799,0.4025773798950638,0.4150282144546509,164000.0
2020-04-17,0.4233287639898526,0.4274790421093439,0.41502820775087,0.4191784858703613,434400.0
2020-04-20,0.4233287708277089,0.4233287708277089,0.4108779362681218,0.4150282144546509,152700.0
2020-04-21,0.4108779662696867,0.4108779662696867,0.3942768275737762,0.3942768275737762,455500.0
2020-04-22,0.3942768420257569,0.3942768420257569,0.3818260061006545,0.3859762847423553,431100.0
2020-04-23,0.3942768205735978,0.4025774021429862,0.3942768205735978,0.3984270989894867,107400.0
2020-04-24,0.3984270902362021,0.40672767162323,0.3984270902362021,0.40672767162323,160300.0
2020-04-27,0.4108779740344021,0.427479088306427,0.4108779740344021,0.427479088306427,431500.0
2020-04-28,0.4274790955288432,0.4316293741669699,0.4191785382525898,0.4233288168907165,229700.0
2020-04-29,0.4191785311704145,0.4357796454424394,0.4191785311704145,0.427479088306427,541500.0
2020-04-30,0.4316293597221374,0.4482305231942967,0.4191785242244348,0.4316293597221374,959400.0
2020-05-04,0.4274790490142379,0.4274790490142379,0.4108779362681218,0.4150282144546509,217900.0
2020-05-05,0.4191784858703613,0.4233287639898526,0.4191784858703613,0.4191784858703613,83600.0
2020-05-06,0.4233288168907165,0.4274790955288432,0.4233288168907165,0.4233288168907165,119400.0
2020-05-08,0.4274790955288432,0.4399299314432234,0.4233288168907165,0.4233288168907165,308500.0
2020-05-11,0.4274790812229032,0.4399299167206059,0.423328802723669,0.4316293597221374,247200.0
2020-05-12,0.4316293597221374,0.4316293597221374,0.423328802723669,0.4316293597221374,86200.0
2020-05-13,0.427479088306427,0.427479088306427,0.4233288097384208,0.427479088306427,60200.0
2020-05-14,0.4191784926411799,0.4233287708277089,0.4108779362681218,0.4150282144546509,271100.0
2020-05-15,0.4191784858703613,0.4191784858703613,0.4067276515118875,0.4191784858703613,85400.0
2020-05-18,0.4150282596144631,0.4233288168907165,0.4150282596144631,0.4233288168907165,42400.0
2020-05-19,0.4316293668744332,0.4316293668744332,0.4191785311704145,0.427479088306427,462800.0
2020-05-20,0.4191784858703613,0.4274790421093439,0.41502820775087,0.4191784858703613,43500.0
2020-05-21,0.4191785311704145,0.427479088306427,0.4191785311704145,0.427479088306427,6300.0
2020-05-22,0.4191784926411799,0.4191784926411799,0.4108779362681218,0.4150282144546509,180600.0
2020-05-26,0.4150282596144631,0.4233288168907165,0.4150282596144631,0.4233288168907165,38900.0
2020-05-27,0.4150282212938614,0.4150282212938614,0.4067276647840193,0.4108779430389404,59900.0
2020-05-28,0.4316293272007669,0.4316293272007669,0.4150282144546509,0.4150282144546509,152400.0
2020-05-29,0.4108779296313788,0.4274790421093439,0.4108779296313788,0.4191784858703613,208000.0
2020-06-01,0.4108779672259663,0.4316293597221374,0.4108779672259663,0.4316293597221374,195600.0
2020-06-02,0.423328802723669,0.4399299167206059,0.423328802723669,0.4316293597221374,426900.0
2020-06-03,0.423328817768934,0.4399299323558807,0.423328817768934,0.4399299323558807,253200.0
2020-06-04,0.4399299697419276,0.4482305772160257,0.4357796907424927,0.4357796907424927,322600.0
2020-06-05,0.4357797074458188,0.4482305943965912,0.4357797074458188,0.4482305943965912,210000.0
2020-06-08,0.4482305943965912,0.4523808735551052,0.4440803152380771,0.4482305943965912,208800.0
2020-06-09,0.4482305391245781,0.4523808177713148,0.4399299323558807,0.4399299323558807,255300.0
2020-06-10,0.4399299790746345,0.4523808658123016,0.4399299790746345,0.4523808658123016,200500.0
2020-06-11,0.4523808016935309,0.4565310801927651,0.4316293597221374,0.4316293597221374,355600.0
2020-06-12,0.4191785382525898,0.4357796528050967,0.4067277023382096,0.4233288168907165,254500.0
2020-06-15,0.4233288168907165,0.4316293741669699,0.4191785382525898,0.4233288168907165,228800.0
2020-06-16,0.4316293597221374,0.4399299167206059,0.4274790812229032,0.4316293597221374,340400.0
2020-06-17,0.4316293597221374,0.4357796382213716,0.4316293597221374,0.4316293597221374,65700.0
2020-06-18,0.4316293597221374,0.4357796382213716,0.4316293597221374,0.4316293597221374,70000.0
2020-06-19,0.4316294117430577,0.4357796907424927,0.4316294117430577,0.4357796907424927,11900.0
2020-06-22,0.4357796907424927,0.4357796907424927,0.4316294117430577,0.4357796907424927,30500.0
2020-06-23,0.4316294117430577,0.4357796907424927,0.4316294117430577,0.4357796907424927,16600.0
2020-06-24,0.4400105167685296,0.4400105167685296,0.4273179173469543,0.4273179173469543,178200.0
2020-06-25,0.4230871003267779,0.4273179672951727,0.4146253663899883,0.4188562333583832,274500.0
2020-06-26,0.4188562333583832,0.4273179672951727,0.4188562333583832,0.4188562333583832,93300.0
2020-06-29,0.4188562333583832,0.4273179672951727,0.4103944994215936,0.4188562333583832,152000.0
2020-06-30,0.4188562333583832,0.4188562333583832,0.4146253663899883,0.4188562333583832,152600.0
2020-07-01,0.4188562333583832,0.4230871003267779,0.4188562333583832,0.4188562333583832,26400.0
2020-07-02,0.4188562333583832,0.4230871003267779,0.4188562333583832,0.4188562333583832,41400.0
2020-07-03,0.4315487935907924,0.4315487935907924,0.4188561938818651,0.4230870604515075,19900.0
2020-07-06,0.4230870414824961,0.4315487742424011,0.4230870414824961,0.4315487742424011,89100.0
2020-07-07,0.4357796502946712,0.4357796502946712,0.4273179173469543,0.4273179173469543,123400.0
2020-07-08,0.4273179078624486,0.4315487742424011,0.4273179078624486,0.4315487742424011,20600.0
2020-07-09,0.4400105267300773,0.4400105267300773,0.4230870604515075,0.4230870604515075,206200.0
2020-07-13,0.4315487742424011,0.4315487742424011,0.4273179078624486,0.4315487742424011,73200.0
2020-07-14,0.4230870604515075,0.42731792702115,0.4188561938818651,0.4230870604515075,152100.0
2020-07-15,0.4273179173469543,0.4273179173469543,0.4230870508730959,0.4273179173469543,157900.0
2020-07-16,0.4230870604515075,0.4230870604515075,0.4188561938818651,0.4230870604515075,214200.0
2020-07-17,0.4230870801947636,0.4230870801947636,0.414625346660614,0.414625346660614,190400.0
2020-07-20,0.4146252964148862,0.4146252964148862,0.4103944301605224,0.4103944301605224,198100.0
2020-07-21,0.4230871003267779,0.4230871003267779,0.4103944994215936,0.4188562333583832,75200.0
2020-07-22,0.4188562134276888,0.4188562134276888,0.414625346660614,0.414625346660614,193800.0
2020-07-23,0.414625346660614,0.4188562134276888,0.414625346660614,0.414625346660614,35800.0
2020-07-24,0.4103944301605224,0.4146252964148862,0.4103944301605224,0.4103944301605224,36800.0
2020-07-27,0.4103944445915334,0.4103944445915334,0.3977018201641695,0.4019326865673065,262100.0
2020-07-28,0.4103944445915334,0.4103944445915334,0.3977018201641695,0.4019326865673065,118200.0
2020-07-29,0.4061635529704435,0.4061635529704435,0.4019326865673065,0.4019326865673065,255100.0
2020-07-30,0.3977018594741821,0.4019327262955103,0.3934709926528539,0.3977018594741821,149700.0
2020-08-03,0.3977018393840162,0.3977018393840162,0.3892401061688097,0.3934709727764129,239100.0
2020-08-04,0.3977018201641695,0.4188561773978073,0.3977018201641695,0.4019326865673065,516900.0
2020-08-05,0.4103944301605224,0.4103944301605224,0.4019326724338428,0.4103944301605224,127100.0
2020-08-06,0.4061635529704435,0.4061635529704435,0.4019326865673065,0.4019326865673065,84600.0
2020-08-07,0.3977018108545561,0.4061635434627533,0.3977018108545561,0.4061635434627533,250900.0
2020-08-11,0.4061635529704435,0.4061635529704435,0.4019326865673065,0.4019326865673065,70100.0
2020-08-12,0.4061635386882066,0.4103944301605224,0.4019326724338428,0.4103944301605224,56600.0
2020-08-13,0.4103944423426385,0.4357796406223536,0.4103944423426385,0.4315487742424011,790800.0
2020-08-14,0.4273179469618384,0.4273179469618384,0.414625346660614,0.414625346660614,153100.0
2020-08-17,0.4230871003267779,0.4230871003267779,0.4188562333583832,0.4188562333583832,56000.0
2020-08-18,0.4230870604515075,0.4230870604515075,0.4146253273122227,0.4230870604515075,52200.0
2020-08-19,0.4188561675930015,0.4188561675930015,0.4061635434627533,0.4061635434627533,163000.0
2020-08-20,0.4019326865673065,0.4061635529704435,0.4019326865673065,0.4019326865673065,201000.0
2020-08-21,0.4103944301605224,0.4103944301605224,0.4019326724338428,0.4103944301605224,26900.0
2020-08-24,0.4019327211414344,0.414625346660614,0.4019327211414344,0.414625346660614,175100.0
2020-08-25,0.414625346660614,0.4188562134276888,0.4061635879085092,0.414625346660614,298200.0
2020-08-26,0.414625346660614,0.414625346660614,0.414625346660614,0.414625346660614,41700.0
2020-08-27,0.4146253273122227,0.4230870604515075,0.4146253273122227,0.4230870604515075,348600.0
2020-08-28,0.4146252964148862,0.4146252964148862,0.4103944301605224,0.4103944301605224,6000.0
2020-08-31,0.414625346660614,0.4188562134276888,0.4103944798935392,0.414625346660614,41700.0
2020-09-01,0.4103944798935392,0.414625346660614,0.4103944798935392,0.414625346660614,41400.0
2020-09-02,0.4103944798935392,0.414625346660614,0.4103944798935392,0.414625346660614,74600.0
2020-09-03,0.4061636072352425,0.4188562333583832,0.4061636072352425,0.4188562333583832,33000.0
2020-09-04,0.4103944994215936,0.4230871003267779,0.4061636072352425,0.4188562333583832,119200.0
2020-09-07,0.4188562333583832,0.4188562333583832,0.4188562333583832,0.4188562333583832,0.0
2020-09-08,0.4019326724338428,0.4103944301605224,0.4019326724338428,0.4103944301605224,15000.0
2020-09-09,0.3977018201641695,0.4103944445915334,0.3934709537610326,0.4019326865673065,219600.0
2020-09-10,0.4061635931168385,0.4103944851561222,0.3977018594741821,0.3977018594741821,131700.0
2020-09-11,0.4146253012889029,0.4146253012889029,0.3977018108545561,0.4061635434627533,15600.0
2020-09-14,0.3977018594741821,0.4061635931168385,0.3934709926528539,0.3977018594741821,151400.0
2020-09-15,0.3977018594741821,0.4019327262955103,0.3934709926528539,0.3977018594741821,1755200.0
2020-09-16,0.397701806179479,0.4103944301605224,0.397701806179479,0.4103944301605224,430400.0
2020-09-17,0.4019326865673065,0.4019326865673065,0.3977018201641695,0.4019326865673065,195900.0
2020-09-18,0.3977018594741821,0.3977018594741821,0.3934709926528539,0.3977018594741821,348500.0
2020-09-21,0.3934709727764129,0.3977018393840162,0.3934709727764129,0.3934709727764129,175400.0
2020-09-22,0.3934709825941362,0.3934709825941362,0.3892401158809662,0.3892401158809662,387900.0
2020-09-23,0.3934709825941362,0.3934709825941362,0.3892401158809662,0.3892401158809662,151000.0
2020-09-24,0.3892401158809662,0.3892401158809662,0.3850092491677961,0.3892401158809662,135000.0
2020-09-25,0.3892401158809662,0.3934709825941362,0.3892401158809662,0.3892401158809662,52900.0
2020-09-28,0.3934709727764129,0.3934709727764129,0.3892401061688097,0.3934709727764129,154200.0
2020-09-29,0.3934709926528539,0.3977018594741821,0.3934709926528539,0.3977018594741821,15100.0
2020-09-30,0.3892400956767562,0.3892400956767562,0.385009229183197,0.385009229183197,41000.0
2020-10-01,0.3977018108545561,0.4103944349848043,0.3977018108545561,0.4061635434627533,258100.0
2020-10-02,0.3934709926528539,0.3977018594741821,0.3934709926528539,0.3977018594741821,55100.0
2020-10-05,0.3977018594741821,0.3977018594741821,0.3892401258315257,0.3977018594741821,27600.0
2020-10-06,0.3977018201641695,0.4019326865673065,0.3977018201641695,0.4019326865673065,105600.0
2020-10-07,0.4061635386882066,0.4103944301605224,0.4061635386882066,0.4103944301605224,108000.0
2020-10-08,0.4103944798935392,0.4188562134276888,0.4103944798935392,0.414625346660614,467800.0
2020-10-09,0.4146253012889029,0.4146253012889029,0.4061635434627533,0.4061635434627533,210100.0
2020-10-12,0.4061635434627533,0.4061635434627533,0.4061635434627533,0.4061635434627533,46000.0
2020-10-13,0.4061635386882066,0.4103944301605224,0.4061635386882066,0.4103944301605224,107900.0
2020-10-14,0.4061635529704435,0.4061635529704435,0.4019326865673065,0.4019326865673065,49400.0
2020-10-15,0.4061635529704435,0.4061635529704435,0.4019326865673065,0.4019326865673065,221900.0
2020-10-16,0.3977018201641695,0.4061635529704435,0.3977018201641695,0.4019326865673065,94500.0
2020-10-19,0.4103944349848043,0.4103944349848043,0.4019326771586547,0.4061635434627533,2700.0
2020-10-20,0.4061635434627533,0.4061635434627533,0.4061635434627533,0.4061635434627533,0.0
2020-10-21,0.4019326865673065,0.4019326865673065,0.3977018201641695,0.4019326865673065,259000.0
2020-10-22,0.4019326865673065,0.4019326865673065,0.4019326865673065,0.4019326865673065,0.0
2020-10-23,0.4146253109946703,0.4146253109946703,0.4019326865673065,0.4019326865673065,2600.0
2020-10-26,0.4061635386882066,0.4103944301605224,0.4019326724338428,0.4103944301605224,51800.0
2020-10-27,0.4019326771586547,0.4061635434627533,0.4019326771586547,0.4061635434627533,36800.0
2020-10-28,0.4061635386882066,0.4103944301605224,0.4019326724338428,0.4103944301605224,20200.0
2020-10-29,0.3977018201641695,0.4019326865673065,0.3977018201641695,0.4019326865673065,89100.0
2020-10-30,0.4146253519774504,0.4146253519774504,0.3934709926528539,0.3977018594741821,7100.0
2020-11-02,0.3934709926528539,0.4019327262955103,0.3892401258315257,0.3977018594741821,206100.0
2020-11-03,0.3977018393840162,0.3977018393840162,0.3934709727764129,0.3934709727764129,33200.0
2020-11-04,0.4019327262955103,0.4019327262955103,0.3977018594741821,0.3977018594741821,16100.0
2020-11-05,0.3977018108545561,0.4061635434627533,0.3977018108545561,0.4061635434627533,11600.0
2020-11-06,0.4061635434627533,0.4061635434627533,0.3977018108545561,0.4061635434627533,65700.0
2020-11-09,0.3977018108545561,0.4103944349848043,0.3977018108545561,0.4061635434627533,79000.0
2020-11-10,0.4061635879085092,0.414625346660614,0.4019327211414344,0.414625346660614,326600.0
2020-11-11,0.414625346660614,0.4230870801947636,0.4103944798935392,0.414625346660614,320700.0
2020-11-12,0.4061635386882066,0.4146252964148862,0.4061635386882066,0.4103944301605224,61400.0
2020-11-13,0.4103944798935392,0.414625346660614,0.4019327211414344,0.414625346660614,177100.0
2020-11-16,0.4146253273122227,0.4315487935907924,0.4146253273122227,0.4230870604515075,789100.0
2020-11-17,0.4273179001105072,0.452703148365616,0.4273179001105072,0.4484722316265106,1466900.0
2020-11-18,0.444241348940066,0.4738574624061584,0.444241348940066,0.4738574624061584,2183100.0
2020-11-19,0.46962659141162,0.5203970350895222,0.46116485920462,0.5077044367790222,3709600.0
2020-11-20,0.5161661856755341,0.5584748985144294,0.5161661856755341,0.5542439818382263,4002100.0
2020-11-23,0.5542440923865299,0.5584750099066225,0.516166288628923,0.5330897569656372,1730500.0
2020-11-24,0.537320603831551,0.55424407153147,0.537320603831551,0.5415514707565308,1380000.0
2020-11-25,0.5457823687329437,0.5457823687329437,0.5203971657388138,0.5288589000701904,854400.0
2020-11-26,0.5288588898814586,0.5500132253023514,0.52462802279728,0.5330897569656372,503300.0
2020-11-27,0.5415513650962515,0.5838600765272498,0.5415513650962515,0.5669366121292114,2151000.0
2020-11-30,0.5669366309950277,0.5796292297159251,0.5542439818382263,0.5542439818382263,1661200.0
2020-12-01,0.5584749874908608,0.5880910558913971,0.5584749874908608,0.5711675882339478,1176000.0
2020-12-02,0.5753984551483101,0.5753984551483101,0.5627058544052231,0.5711675882339478,540800.0
2020-12-03,0.5669366121292114,0.5753983443282306,0.5584748799301922,0.5669366121292114,524400.0
2020-12-04,0.5669366214024777,0.5711674875711906,0.5584748890650516,0.5627057552337646,743500.0
2020-12-07,0.5669366214024777,0.5711674875711906,0.5542439724604356,0.5627057552337646,875000.0
2020-12-08,0.5627058246334775,0.5627058246334775,0.5542440408165384,0.5584749579429626,333600.0
2020-12-09,0.5627058246334775,0.5627058246334775,0.5542440408165384,0.5584749579429626,394800.0
2020-12-10,0.5542440008176936,0.5542440008176936,0.5373205352769719,0.5457822680473328,575100.0
2020-12-11,0.5500132253023514,0.5500132253023514,0.5330897569656372,0.5330897569656372,348400.0
2020-12-14,0.5330897073639642,0.5627058246334775,0.5330897073639642,0.5584749579429626,983800.0
2020-12-15,0.5627057460297018,0.5753983443282306,0.5584748799301922,0.5669366121292114,1827700.0
2020-12-16,0.5669366121292114,0.5753983443282306,0.5627057460297018,0.5669366121292114,291400.0
2020-12-17,0.5669366121292114,0.5753983443282306,0.5669366121292114,0.5669366121292114,245100.0
2020-12-18,0.5711674972353269,0.5711674972353269,0.5542439818382263,0.5542439818382263,244000.0
2020-12-21,0.5542440008176936,0.5584749176387798,0.5457822680473328,0.5457822680473328,401100.0
2020-12-22,0.5500132253023514,0.5500132253023514,0.52462802279728,0.5330897569656372,786500.0
2020-12-23,0.5288588699815915,0.5415514707565308,0.5288588699815915,0.5415514707565308,250600.0
2020-12-24,0.5415514016621523,0.5457822680473328,0.5415514016621523,0.5457822680473328,58900.0
2020-12-28,0.5457822401230095,0.5669366214024777,0.5457822401230095,0.5627057552337646,729500.0
2020-12-29,0.5627057623625374,0.6177070736885071,0.5627057623625374,0.6177070736885071,4606900.0
2020-12-30,0.6134762962457959,0.6388614972533075,0.6092454294112106,0.630399763584137,2920200.0
2020-12-31,0.6346306304187223,0.6515540977570633,0.630399763584137,0.630399763584137,1025900.0
2021-01-04,0.6515540460780925,0.6557849125771004,0.6177071140860297,0.6261688470840454,998900.0
2021-01-05,0.6261688188457594,0.6388614177703857,0.6092453536129241,0.6388614177703857,672500.0
2021-01-06,0.6303996968241913,0.6684775447388883,0.6303996968241913,0.664246678352356,2459600.0
2021-01-07,0.6684775659759556,0.7023244981435081,0.6515540494562722,0.6811701655387878,4101400.0
2021-01-08,0.6854009909446929,0.6896318572118406,0.6684775258761018,0.6727083921432495,1042700.0
2021-01-11,0.6727084324968997,0.7023244981435081,0.6727084324968997,0.6811701655387878,1461300.0
2021-01-12,0.6854010320597319,0.6896318985806759,0.6727084324968997,0.6811701655387878,732000.0
2021-01-13,0.6769392679007273,0.6896318668801141,0.6557848858325109,0.6684775352478027,1001900.0
2021-01-14,0.6684775547422585,0.6811701540917927,0.6557849049568176,0.6557849049568176,945900.0
2021-01-15,0.6557849049568176,0.6642466882924136,0.6557849049568176,0.6557849049568176,626800.0
2021-01-18,0.6557849846991913,0.6642467690637264,0.6473232507705688,0.6473232507705688,685100.0
2021-01-19,0.6515540195060487,0.6896318668801141,0.6515540195060487,0.6684775352478027,1520700.0
2021-01-20,0.6727083828301216,0.6854009814558457,0.6727083828301216,0.6769392490386963,502600.0
2021-01-21,0.6769392126947816,0.7277096549077878,0.6769392126947816,0.6938626766204834,5615400.0
2021-01-22,0.6980935611103836,0.7065552932975794,0.6811700967359919,0.6854009628295898,1150200.0
2021-01-25,0.6811701655387878,0.698093631622564,0.6769392990178438,0.6811701655387878,703100.0
2021-01-26,0.6938627534413271,0.6938627534413271,0.6515540385069729,0.6557849049568176,890900.0
2021-01-27,0.6557848951433854,0.676939277511953,0.6557848951433854,0.664246678352356,1106800.0
2021-01-28,0.6557848830032209,0.6600157493114297,0.634630551462177,0.6388614177703857,1450500.0
2021-01-29,0.6515540460780925,0.664246696011023,0.6134762475870219,0.6261688470840454,1096100.0
2021-02-01,0.6134762199211329,0.6388614177703857,0.6134762199211329,0.6388614177703857,710300.0
2021-02-02,0.6303996578325087,0.6557848545815695,0.6303996578325087,0.6515539884567261,540600.0
2021-02-03,0.6557849645916486,0.6600158314262338,0.630399763584137,0.630399763584137,881300.0
2021-02-04,0.6346305800820611,0.6346305800820611,0.6261688470840454,0.6261688470840454,417200.0
2021-02-05,0.6346306009936409,0.6430923342704773,0.6346306009936409,0.6430923342704773,381700.0
2021-02-08,0.6430922936168599,0.6515540263587809,0.634630560874939,0.634630560874939,247000.0
2021-02-09,0.6388613900821957,0.660015720706413,0.6388613900821957,0.6515539884567261,782400.0
2021-02-10,0.6515541177348801,0.6557849846991913,0.6388615168419465,0.6473232507705688,291800.0
2021-02-11,0.6430923838062577,0.6473232507705688,0.6388615168419465,0.6473232507705688,134600.0
2021-02-15,0.6515540287568531,0.676939277511953,0.6515540287568531,0.664246678352356,1120600.0
2021-02-16,0.6684775450653675,0.6727084114539662,0.6600157618522644,0.6600157618522644,565300.0
2021-02-17,0.6684775547422585,0.6727084211921032,0.6473231720571281,0.6557849049568176,406300.0
2021-02-18,0.6600157714066625,0.6642466882924136,0.6430923056072834,0.6557849049568176,433900.0
2021-02-19,0.655784934185732,0.655784934185732,0.6388614676320591,0.6430923342704773,255600.0
2021-02-22,0.6388614272458994,0.6473231599878204,0.6303996945039785,0.634630560874939,603100.0
2021-02-23,0.626168828133018,0.634630560874939,0.6219379617620575,0.634630560874939,464900.0
2021-02-24,0.6303997135830532,0.6430923130800769,0.6177071140860297,0.6261688470840454,508500.0
2021-02-25,0.630399782913324,0.6473232507705688,0.6261689159490128,0.6473232507705688,872700.0
2021-02-26,0.6303996819396039,0.6303996819396039,0.6134762167930603,0.6134762167930603,1142400.0
2021-03-01,0.6219378981067638,0.6261687640446956,0.6050143839191368,0.6092453002929688,546800.0
2021-03-02,0.6134762361993991,0.6177071026198717,0.5965527200816026,0.6007835865020752,715600.0
2021-03-03,0.6092453002929688,0.6134761662309005,0.600783517981205,0.6092453002929688,461800.0
2021-03-04,0.6050144723808144,0.6092453893732664,0.5923218727111816,0.5923218727111816,671800.0
2021-03-05,0.5880910158157349,0.5880910158157349,0.5711675493115409,0.5880910158157349,1415600.0
2021-03-08,0.5923218414192893,0.6007835740853513,0.5711675097541346,0.5796292424201965,879800.0
2021-03-09,0.5753984159375893,0.5880910158157349,0.5753984159375893,0.5880910158157349,235600.0
2021-03-10,0.5880909750862584,0.5965527077523203,0.5753983760871656,0.5796292424201965,289500.0
2021-03-11,0.5880909201674099,0.6092453002929688,0.5838600542294782,0.6092453002929688,650900.0
2021-03-12,0.6092453601872914,0.6134762265411554,0.6007835770436579,0.605014443397522,509100.0
2021-03-15,0.6134762361993991,0.6134762361993991,0.6007835865020752,0.6007835865020752,330800.0
2021-03-16,0.605014443397522,0.6092453601872914,0.6007835770436579,0.605014443397522,423300.0
2021-03-17,0.605014443397522,0.6092453601872914,0.6007835770436579,0.605014443397522,187900.0
2021-03-18,0.6092453002929688,0.6261687640446956,0.6092453002929688,0.6092453002929688,754800.0
2021-03-19,0.6134762678015496,0.655784934185732,0.6134762678015496,0.6430923342704773,1431100.0
2021-03-22,0.6430923342704773,0.6473232009088956,0.6303997343552226,0.6430923342704773,215600.0
2021-03-23,0.6430923640878927,0.6430923640878927,0.630399763584137,0.630399763584137,126200.0
2021-03-24,0.6303997343552226,0.655784934185732,0.6261688677168044,0.6430923342704773,918400.0
2021-03-25,0.6515540385069729,0.6684775547422585,0.6430923056072834,0.6557849049568176,2062800.0
2021-03-26,0.660015720706413,0.664246637267159,0.6430922562070391,0.6515539884567261,577800.0
2021-03-29,0.6600157714066625,0.6642466882924136,0.6473231720571281,0.6557849049568176,891300.0
2021-03-30,0.6557849049568176,0.6642466882924136,0.6430923056072834,0.6557849049568176,905200.0
2021-03-31,0.6557849846991913,0.6684776360280377,0.6473232507705688,0.6473232507705688,803500.0
2021-04-01,0.6473231720571281,0.6600157714066625,0.6473231720571281,0.6557849049568176,598000.0
2021-04-05,0.660015733768494,0.6854009814558457,0.660015733768494,0.6769392490386963,2107400.0
2021-04-06,0.6854010527787032,0.7065553860228974,0.6769393194810256,0.6980936527252197,2939500.0
2021-04-07,0.7530949419562499,0.7784801913535125,0.7404023424755721,0.770018458366394,9730800.0
2021-04-08,0.7827110361249148,0.7869419025010571,0.7446331883037283,0.7488640546798706,2623900.0
2021-04-09,0.7530950002991714,0.7954037189483643,0.7530950002991714,0.7954037189483643,4162300.0
2021-04-12,0.7954037189483643,0.8123271862336771,0.7615567339418279,0.7954037189483643,4076900.0
2021-04-13,0.7869419168788397,0.8038653826926083,0.7869419168788397,0.7996345162391663,1189800.0
2021-04-14,0.7996345162391663,0.8165579820529348,0.7911727833322819,0.7996345162391663,1724600.0
2021-04-15,0.8080963194123489,0.8080963194123489,0.7911728521270361,0.7954037189483643,1158300.0
2021-04-16,0.7954036090805534,0.8038653415544045,0.7869418766067025,0.7911727428436279,993700.0
2021-04-19,0.77848016271482,0.7911727617285631,0.7742492963769056,0.7827110290527344,1074600.0
2021-04-20,0.778480131197434,0.7827109973640584,0.7615566160950333,0.7657874822616577,1556700.0
2021-04-21,0.7573257805893431,0.7869418953906487,0.7530949142514287,0.7827110290527344,2007000.0
2021-04-22,0.7869419455528259,0.7911728121604291,0.7784802123376194,0.7869419455528259,1009200.0
2021-04-23,0.7869418798502303,0.8207888603210449,0.7784801473415027,0.8207888603210449,1759200.0
2021-04-26,0.8250196987837005,0.8461740293429123,0.8165579161241133,0.8334814310073853,3908700.0
2021-04-27,0.8334814478934477,0.8969444408568228,0.8292505816958894,0.8800209760665894,7372600.0
2021-04-28,0.8884827467645173,0.8969444795244224,0.8419432165850397,0.8630975484848022,4997000.0
2021-04-29,0.8715593423602539,0.9054063766451096,0.846174142300476,0.8884828090667725,5775100.0
2021-04-30,0.8884827084617061,0.8969444408568228,0.863097511276356,0.8800209760665894,1879900.0
2021-05-03,0.8715593814849854,0.8715593814849854,0.8461741802856533,0.8715593814849854,1650900.0
2021-05-04,0.8715592812447073,0.8800210140046123,0.8630975484848022,0.8630975484848022,969300.0
2021-05-05,0.8630975949691133,0.8630975949691133,0.8374610569491705,0.8417338132858276,2264600.0
2021-05-06,0.8460065774159631,0.8716431156720716,0.8460065774159631,0.8545520901679993,791300.0
2021-05-07,0.8630976029200355,0.8716431156720716,0.8545520901679993,0.8545520901679993,891900.0
2021-05-10,0.8630975867722865,0.8630975867722865,0.8246427291723043,0.828915536403656,1584200.0
2021-05-11,0.820370008567189,0.8289155724664022,0.8032789826393127,0.8032789826393127,1525800.0
2021-05-12,0.8032788756220042,0.8289154620336442,0.8032788756220042,0.8203698992729187,716600.0
2021-05-14,0.820370060417231,0.8246428171692523,0.760551414953657,0.786188006401062,2452700.0
2021-05-17,0.8032790400706885,0.8075517968581433,0.7819152561334143,0.7990062832832336,538000.0
2021-05-18,0.8032790165885911,0.8502793908119202,0.8032790165885911,0.8502793908119202,1236200.0
2021-05-19,0.84173372977183,0.84173372977183,0.81609714336019,0.8203698992729187,739700.0
2021-05-20,0.8246427291723043,0.8417338052918925,0.8203699728762255,0.828915536403656,957300.0
2021-05-21,0.8289154797556559,0.8374609917638142,0.8203699168122285,0.8331882357597351,334000.0
2021-05-24,0.8289155250109128,0.8417337937229731,0.8203699616009339,0.8246427178382874,434800.0
2021-05-25,0.8331883082879088,0.8630976029200355,0.8289155519118907,0.8545520901679993,1657800.0
2021-05-27,0.8545520418681732,0.87164306640625,0.8460065295991348,0.87164306640625,1431900.0
2021-05-28,0.8801886284241078,0.8801886284241078,0.8545520901679993,0.8545520901679993,805400.0
2021-05-31,0.8630976607995707,0.8630976607995707,0.84600663414937,0.8502793908119202,645100.0
2021-06-01,0.8502793908119202,0.8630976607995707,0.84600663414937,0.8502793908119202,349000.0
2021-06-02,0.8502793178840501,0.8502793178840501,0.828915536403656,0.828915536403656,979300.0
2021-06-03,0.8374609917638142,0.8374609917638142,0.8289154797556559,0.8331882357597351,343500.0
2021-06-04,0.8331882812482663,0.8331882812482663,0.8203699616009339,0.8246427178382874,942100.0
2021-06-07,0.8289156074991694,0.8545521474744704,0.8289156074991694,0.8502793908119202,1489100.0
2021-06-08,0.854552163093127,0.888734217018274,0.854552163093127,0.8801887035369873,3422800.0
2021-06-09,0.8801885786752884,0.8801885786752884,0.8630975541372117,0.87164306640625,967200.0
2021-06-10,0.8801886284241078,0.8801886284241078,0.8502793337919812,0.8545520901679993,959300.0
2021-06-11,0.8801886284241078,0.8801886284241078,0.8545520901679993,0.8545520901679993,1565000.0
2021-06-14,0.8545521404392449,0.8545521404392449,0.8374611139297485,0.8374611139297485,1525400.0
2021-06-15,0.8417338132858276,0.8502793259591419,0.8374610569491705,0.8417338132858276,479700.0
2021-06-16,0.8417338052918925,0.8417338052918925,0.828915536403656,0.828915536403656,555000.0
2021-06-17,0.828915536403656,0.8417338052918925,0.828915536403656,0.828915536403656,432300.0
2021-06-18,0.8331882926997348,0.8374610489958136,0.828915536403656,0.828915536403656,292800.0
2021-06-21,0.8203700160423867,0.8203700160423867,0.8032789899587772,0.8160972595214844,1045100.0
2021-06-22,0.8203700160423867,0.828915580019467,0.811824503000582,0.8160972595214844,297600.0
2021-06-23,0.8160972053635805,0.8374610374856196,0.8118244491262272,0.8246427178382874,1119100.0
2021-06-24,0.8246427291723043,0.8374610489958136,0.8246427291723043,0.828915536403656,158500.0
2021-06-25,0.8289154797556559,0.8331882357597351,0.8246426728163075,0.8331882357597351,327300.0
2021-06-28,0.8331882812482663,0.8374610374856196,0.8160972053635805,0.8246427178382874,273100.0
2021-06-29,0.8246427067142558,0.8246427067142558,0.8075516819953918,0.8075516819953918,949200.0
2021-06-30,0.8075516819953918,0.8203699505345398,0.8075516819953918,0.8075516819953918,307200.0
2021-07-01,0.8160972595214844,0.8331883365403693,0.8075517464796796,0.8160972595214844,669500.0
2021-07-02,0.8246427725632891,0.828915580019467,0.8160972595214844,0.8160972595214844,225900.0
2021-07-05,0.8160972165801467,0.8331882926997348,0.8160972165801467,0.828915536403656,310300.0
2021-07-06,0.8246426814622534,0.8630975368374136,0.8246426814622534,0.8460065126419067,1732700.0
2021-07-07,0.8502793908119202,0.8545521474744704,0.8331883641617195,0.8502793908119202,771100.0
2021-07-08,0.8502793626239787,0.8630976321866859,0.8160972595214844,0.8160972595214844,842600.0
2021-07-09,0.8203699616009339,0.8331882812482663,0.8203699616009339,0.8246427178382874,480500.0
2021-07-12,0.8331883365403693,0.8374610930612717,0.8160972595214844,0.8160972595214844,529400.0
2021-07-13,0.8246427725632891,0.828915580019467,0.8160972595214844,0.8160972595214844,374900.0
2021-07-14,0.8246427725632891,0.8246427725632891,0.811824503000582,0.8160972595214844,223300.0
2021-07-15,0.8160971971504686,0.8203699533448214,0.80327892856741,0.8118244409561157,855600.0
2021-07-16,0.811824503000582,0.8203700160423867,0.8075517464796796,0.8160972595214844,290100.0
2021-07-19,0.8075517391212819,0.81609725208522,0.8032789826393127,0.8032789826393127,469200.0
2021-07-21,0.8075517901611677,0.8118245469131888,0.786188006401062,0.786188006401062,721300.0
2021-07-22,0.7947334022720826,0.7990061583916687,0.7904606461524963,0.7904606461524963,350300.0
2021-07-23,0.7947334544759774,0.7947334544759774,0.7776424288749695,0.7776424288749695,655500.0
2021-07-26,0.7776424175830828,0.7776424175830828,0.7690968539713922,0.7733696103096008,399100.0
2021-07-27,0.7733695995824769,0.7819151630756352,0.7520058181877625,0.7562785744667053,1186300.0
2021-07-28,0.7562785237667244,0.7690967917442322,0.7520057677742218,0.7690967917442322,541300.0
2021-07-29,0.7690968539713922,0.7776424175830828,0.7648240976331834,0.7733696103096008,488300.0
2021-07-30,0.7690969062898065,0.7776424704828159,0.7562786364032077,0.760551393032074,449500.0
2021-08-02,0.76909684869706,0.76909684869706,0.7605513360792462,0.7648240923881531,167800.0
2021-08-03,0.7648240357517295,0.7733695477367347,0.7648240357517295,0.7690967917442322,245800.0
2021-08-04,0.7733695707388811,0.7990061583916687,0.7733695707388811,0.7904606461524963,1458400.0
2021-08-05,0.7904607631530831,0.8032790334091465,0.786188006401062,0.786188006401062,621800.0
2021-08-06,0.7904606788036738,0.8331882926997348,0.786187922507595,0.828915536403656,2300300.0
2021-08-10,0.8374609738591013,0.8374609738591013,0.8118243874474614,0.8203698992729187,662400.0
2021-08-11,0.820370008567189,0.820370008567189,0.8032789826393127,0.8032789826393127,438600.0
2021-08-12,0.7861879248679605,0.7861879248679605,0.7520058234614324,0.7648240923881531,2808000.0
2021-08-13,0.7776424122501467,0.7776424122501467,0.7520058234614324,0.7648240923881531,1205700.0
2021-08-16,0.7648240701811252,0.7690968263659705,0.7306420207023621,0.7306420207023621,1512100.0
2021-08-17,0.7306420778654149,0.7434603474228106,0.722096564827151,0.726369321346283,1042700.0
2021-08-18,0.7220965083326714,0.7434602892568982,0.7220965083326714,0.7306420207023621,546900.0
2021-08-19,0.7220966089599348,0.7220966089599348,0.7135510444641113,0.7135510444641113,819600.0
2021-08-20,0.7178237438201904,0.730642064070851,0.7178237438201904,0.7178237438201904,806900.0
2021-08-23,0.7178237361158271,0.7220965434437038,0.700732710545416,0.7050054669380188,572300.0
2021-08-24,0.7135510444641113,0.7178238012443837,0.7050055309035665,0.7135510444641113,336900.0
2021-08-25,0.717823762142365,0.7434603523627757,0.7135510055948424,0.7349148392677307,937000.0
2021-08-26,0.7391875330720529,0.7434602892568982,0.7220965083326714,0.7306420207023621,578300.0
2021-08-27,0.7220966089599348,0.7220966089599348,0.7092782876838389,0.7135510444641113,594900.0
2021-08-30,0.717823762142365,0.7391875958152533,0.717823762142365,0.7349148392677307,775300.0
2021-08-31,0.726369258932909,0.726369258932909,0.7178236956936485,0.7220965027809143,332000.0
2021-09-01,0.7263691561848638,0.7562784450180295,0.7263691561848638,0.7434601783752441,802900.0
2021-09-02,0.7434603619058904,0.76482414491773,0.7391876053035225,0.7520058751106262,1148300.0
2021-09-03,0.7477331161499023,0.7562786293276856,0.7434603595610108,0.7477331161499023,351700.0
2021-09-06,0.7477331089102982,0.7477331089102982,0.7349148392677307,0.7349148392677307,308700.0
2021-09-07,0.7349147768872075,0.7391875330720529,0.7306420207023621,0.7306420207023621,148200.0
2021-09-08,0.726369258932909,0.7349147712368986,0.7135509395416536,0.7220965027809143,590200.0
2021-09-09,0.7220965511939269,0.7263693076323889,0.7135509873817284,0.7178237438201904,200400.0
2021-09-10,0.7092781833896589,0.7349147712368986,0.7092781833896589,0.7220965027809143,377900.0
2021-09-13,0.7220966089599348,0.7220966089599348,0.7135510444641113,0.7135510444641113,144700.0
2021-09-14,0.7135509823068161,0.7220965460582369,0.7092782258987427,0.7092782258987427,174700.0
2021-09-15,0.709278220731182,0.7135509771081254,0.7007327079772949,0.7007327079772949,237800.0
2021-09-16,0.709278220731182,0.7135509771081254,0.7007327079772949,0.7007327079772949,214700.0
2021-09-17,0.700732645407346,0.7092781573981857,0.6964598894119263,0.6964598894119263,330900.0
2021-09-20,0.6964599328226871,0.6964599328226871,0.6708233952522278,0.6708233952522278,458300.0
2021-09-21,0.6708233979341263,0.6793689104917771,0.6622778344412029,0.6750961542129517,237600.0
2021-09-22,0.6750962206027278,0.6964600040977948,0.6665506562694233,0.6879144906997681,249300.0
2021-09-23,0.6964599464008923,0.6964599464008923,0.6793689210207121,0.6921871900558472,175800.0
2021-09-24,0.7092782233306215,0.7178237361158271,0.700732710545416,0.7050054669380188,280200.0
2021-09-27,0.7092782154360273,0.7092782154360273,0.6921871900558472,0.6921871900558472,108600.0
2021-09-28,0.6921871952234079,0.7007327079772949,0.6836416824695208,0.7007327079772949,59000.0
2021-09-29,0.6879144337108022,0.6921871900558472,0.6836416773657572,0.6921871900558472,87300.0
2021-09-30,0.6836416214256669,0.6964598894119263,0.6836416214256669,0.6964598894119263,72100.0
2021-10-01,0.6964599410714466,0.6964599410714466,0.6836416721343994,0.6836416721343994,66200.0
2021-10-04,0.6836416667706025,0.6879144230494277,0.6750961542129517,0.6750961542129517,165100.0
2021-10-05,0.6836416721343994,0.6879144284467485,0.6750961595097014,0.6836416721343994,285100.0
2021-10-06,0.6836417294488846,0.6879144861194488,0.675096216107756,0.6793689727783203,46300.0
2021-10-07,0.6836417294488846,0.6921872427900131,0.6793689727783203,0.6793689727783203,198400.0
2021-10-08,0.6793688654302471,0.7050054014027659,0.6793688654302471,0.6964598894119263,187100.0
2021-10-11,0.7007327180663423,0.7263693076323889,0.6964599616278803,0.7178237438201904,303000.0
2021-10-12,0.7092782876838389,0.7178238012443837,0.7050055309035665,0.7135510444641113,134700.0
2021-10-13,0.7178236956936485,0.7220965027809143,0.7092781833896589,0.7220965027809143,314700.0
2021-10-14,0.7135510444641113,0.7220966089599348,0.7092782876838389,0.7135510444641113,110300.0
2021-10-15,0.7220965027809143,0.726369258932909,0.7135509395416536,0.7220965027809143,163300.0
2021-10-18,0.7220965434437038,0.7306420562289093,0.7050054669380188,0.7050054669380188,248400.0
2021-10-19,0.7050054694906693,0.7178237387148895,0.7050054694906693,0.7092782258987427,188700.0
2021-10-20,0.7092782876838389,0.7135510444641113,0.7050055309035665,0.7135510444641113,125800.0
2021-10-21,0.7178235941544095,0.7477329339228393,0.7135508386068145,0.7434601783752441,857700.0
2021-10-22,0.7477331161499023,0.7562786293276856,0.7434603595610108,0.7477331161499023,781200.0
2021-10-25,0.7477331089102982,0.7477331089102982,0.7349148392677307,0.7349148392677307,163000.0
2021-10-26,0.7306420207023621,0.7391875330720529,0.7263692645175167,0.7306420207023621,74900.0
2021-10-27,0.7306420827202083,0.7434603523627757,0.7306420827202083,0.7349148392677307,119300.0
2021-10-28,0.730642064070851,0.734914820509313,0.7178237438201904,0.7178237438201904,220300.0
2021-10-29,0.7263693076323889,0.7263693076323889,0.7178237438201904,0.7178237438201904,203900.0
2021-11-01,0.726369258932909,0.726369258932909,0.7178236956936485,0.7220965027809143,12100.0
2021-11-02,0.7220966089599348,0.7220966089599348,0.7135510444641113,0.7135510444641113,95100.0
2021-11-03,0.713550960742004,0.7562785744667053,0.713550960742004,0.7562785744667053,1225300.0
2021-11-05,0.752005801626589,0.752005801626589,0.7306420207023621,0.7306420207023621,247200.0
2021-11-08,0.7306420778654149,0.7391875909036787,0.726369321346283,0.726369321346283,84900.0
2021-11-09,0.726369321346283,0.7391875909036787,0.726369321346283,0.726369321346283,215600.0
2021-11-10,0.7434603333862371,0.7434603333862371,0.7178237438201904,0.7178237438201904,70300.0
2021-11-11,0.7135509873817284,0.7220965511939269,0.7092782309432664,0.7178237438201904,79300.0
2021-11-12,0.7135509873817284,0.7263693076323889,0.7135509873817284,0.7178237438201904,28000.0
2021-11-15,0.717823762142365,0.7391875958152533,0.7135510055948424,0.7349148392677307,186800.0
2021-11-16,0.730642064070851,0.734914820509313,0.7135509873817284,0.7178237438201904,224200.0
2021-11-17,0.7178237438201904,0.7220965511939269,0.7135509873817284,0.7178237438201904,104500.0
2021-11-18,0.7178238012443837,0.7178238012443837,0.7092782876838389,0.7135510444641113,396100.0
2021-11-19,0.7178237438201904,0.7178237438201904,0.7092782309432664,0.7178237438201904,97100.0
2021-11-22,0.7178237387148895,0.7178237387148895,0.7092782258987427,0.7092782258987427,36000.0
2021-11-23,0.7092782876838389,0.7178238012443837,0.7092782876838389,0.7135510444641113,86900.0
2021-11-24,0.7135510444641113,0.7178238012443837,0.7092782876838389,0.7135510444641113,97600.0
2021-11-25,0.7135509771081254,0.7135509771081254,0.7007327079772949,0.7007327079772949,131700.0
2021-11-26,0.7007327607968082,0.7050055174958216,0.6879144906997681,0.6879144906997681,477600.0
2021-11-29,0.6879144337108022,0.7050054590909822,0.6793689210207121,0.6921871900558472,105900.0
2021-11-30,0.6921872473987815,0.6921872473987815,0.6793689773017412,0.6879144906997681,111800.0
2021-12-01,0.6836416721343994,0.6921871847590976,0.6836416721343994,0.6836416721343994,52900.0
2021-12-02,0.6879144906997681,0.6921872473987815,0.6793689773017412,0.6879144906997681,105700.0
2021-12-03,0.6879144337108022,0.6964599464008923,0.6879144337108022,0.6921871900558472,115100.0
2021-12-06,0.6921871900558472,0.6964599464008923,0.6879144337108022,0.6921871900558472,86400.0
2021-12-07,0.6964598894119263,0.6964598894119263,0.6879143774210866,0.6964598894119263,75800.0
2021-12-08,0.6964599516003515,0.709278220731182,0.6964599516003515,0.7007327079772949,240800.0
2021-12-09,0.7050054669380188,0.7050054669380188,0.700732710545416,0.7050054669380188,66600.0
2021-12-10,0.7007327027459372,0.7092782154360273,0.6921871900558472,0.6921871900558472,23600.0
2021-12-13,0.6964599541528133,0.7092782233306215,0.6921871977602104,0.7050054669380188,54400.0
2021-12-14,0.6964599541528133,0.7050054669380188,0.6921871977602104,0.7050054669380188,140700.0
2021-12-15,0.7050054014027659,0.7050054014027659,0.6964598894119263,0.6964598894119263,78800.0
2021-12-16,0.7050054669380188,0.7050054669380188,0.6921871977602104,0.7050054669380188,57400.0
2021-12-17,0.7050054669380188,0.7050054669380188,0.6921871977602104,0.7050054669380188,28000.0
2021-12-20,0.7007327027459372,0.7007327027459372,0.6836416773657572,0.6921871900558472,105300.0
2021-12-21,0.6921871900558472,0.6921871900558472,0.6921871900558472,0.6921871900558472,5100.0
2021-12-22,0.6964598894119263,0.6964598894119263,0.6879143774210866,0.6964598894119263,29700.0
2021-12-23,0.6964599464008923,0.6964599464008923,0.6879144337108022,0.6921871900558472,98200.0
2021-12-24,0.6879143774210866,0.6964598894119263,0.6879143774210866,0.6964598894119263,10800.0
2021-12-27,0.6879144337108022,0.6921871900558472,0.6879144337108022,0.6921871900558472,117600.0
2021-12-28,0.6921872605627494,0.7178238012443837,0.6921872605627494,0.7135510444641113,229200.0
2021-12-29,0.7050054694906693,0.7135509823068161,0.7050054694906693,0.7092782258987427,77000.0
2021-12-30,0.7178237387148895,0.7178237387148895,0.7092782258987427,0.7092782258987427,45900.0
2021-12-31,0.7135509395416536,0.7220965027809143,0.7135509395416536,0.7220965027809143,108100.0
2022-01-03,0.722096564827151,0.7306420778654149,0.722096564827151,0.726369321346283,199300.0
2022-01-04,0.7263693261726858,0.7391875958152533,0.7263693261726858,0.7349148392677307,295500.0
2022-01-05,0.734914820509313,0.734914820509313,0.7178237438201904,0.7178237438201904,62500.0
2022-01-06,0.7220965511939269,0.7263693076323889,0.7178237438201904,0.7178237438201904,30300.0
2022-01-07,0.7220965696251632,0.7349148392677307,0.7220965696251632,0.7349148392677307,2300.0
2022-01-10,0.7220965027809143,0.7306420150849039,0.7220965027809143,0.7220965027809143,50400.0
2022-01-11,0.7220966089599348,0.7220966089599348,0.7135510444641113,0.7135510444641113,45900.0
2022-01-12,0.722096564827151,0.7306420778654149,0.7178237573727436,0.726369321346283,14900.0
2022-01-13,0.7306420207023621,0.7306420207023621,0.7220965083326714,0.7306420207023621,12200.0
2022-01-14,0.7220965511939269,0.7263693076323889,0.7178237438201904,0.7178237438201904,37800.0
2022-01-17,0.7178237438201904,0.7220965511939269,0.7135509873817284,0.7178237438201904,33900.0
2022-01-18,0.7092782309432664,0.7178237438201904,0.7050054745048043,0.7178237438201904,80000.0
2022-01-19,0.7178237387148895,0.7220965460582369,0.7050054694906693,0.7092782258987427,94600.0
2022-01-20,0.7092782876838389,0.7220966089599348,0.7050055309035665,0.7135510444641113,46400.0
2022-01-21,0.7050054014027659,0.7135509133936054,0.6964598894119263,0.6964598894119263,107600.0
2022-01-24,0.6964599516003515,0.709278220731182,0.6964599516003515,0.7007327079772949,22800.0
2022-01-25,0.6964598894119263,0.7050054014027659,0.6879143774210866,0.6964598894119263,149000.0
2022-01-26,0.6921871334165065,0.7050054014027659,0.6921871334165065,0.6964598894119263,85800.0
2022-01-27,0.6921871900558472,0.6964599464008923,0.6793689210207121,0.6921871900558472,155000.0
2022-01-28,0.6921871900558472,0.7007327027459372,0.6921871900558472,0.6921871900558472,49500.0
2022-01-31,0.6793689210207121,0.7007327027459372,0.6793689210207121,0.6921871900558472,13700.0
2022-02-03,0.6921871334165065,0.7050054014027659,0.6836416214256669,0.6964598894119263,108200.0
2022-02-04,0.6921871334165065,0.700732645407346,0.6879143774210866,0.6964598894119263,132900.0
2022-02-07,0.6921871977602104,0.7050054669380188,0.6921871977602104,0.7050054669380188,127600.0
2022-02-08,0.700732710545416,0.7092782233306215,0.700732710545416,0.7050054669380188,300600.0
2022-02-09,0.709278220731182,0.709278220731182,0.7007327079772949,0.7007327079772949,276200.0
2022-02-10,0.7092782876838389,0.7135510444641113,0.7050055309035665,0.7135510444641113,288600.0
2022-02-11,0.7092782233306215,0.7092782233306215,0.700732710545416,0.7050054669380188,127800.0
2022-02-14,0.7007327027459372,0.7050054590909822,0.6921871900558472,0.6921871900558472,137400.0
2022-02-15,0.6921872473987815,0.7007327607968082,0.6879144906997681,0.6879144906997681,194600.0
2022-02-16,0.6921871900558472,0.7007327027459372,0.6921871900558472,0.6921871900558472,181500.0
2022-02-17,0.6964599464008923,0.7050054590909822,0.6921871900558472,0.6921871900558472,157700.0
2022-02-18,0.6879143774210866,0.700732645407346,0.6879143774210866,0.6964598894119263,122100.0
2022-02-21,0.700732710545416,0.7050054669380188,0.6964599541528133,0.7050054669380188,113700.0
2022-02-22,0.7050054643542384,0.7050054643542384,0.6836416824695208,0.7007327079772949,168100.0
2022-02-23,0.6921871334165065,0.7050054014027659,0.6879143774210866,0.6964598894119263,96200.0
2022-02-24,0.6964599832234296,0.6964599832234296,0.662277879720554,0.6665506362915039,369100.0
2022-02-25,0.6708233752780351,0.6750961314125544,0.6494595436701683,0.6537322998046875,677000.0
2022-02-28,0.6580051109633398,0.6580051109633398,0.6366413285042477,0.6451868414878845,362700.0
2022-03-01,0.6580050587654114,0.6665505710711537,0.6494595464596691,0.6580050587654114,124700.0
2022-03-02,0.6537323569566696,0.6537323569566696,0.6494596004486084,0.6494596004486084,106000.0
2022-03-03,0.6494596661151915,0.6665506938755026,0.6494596661151915,0.6622779369354248,282900.0
2022-03-04,0.658005123149604,0.6665506362915039,0.6537323665786541,0.6665506362915039,203400.0
2022-03-07,0.6665505959497302,0.6836416721343994,0.653732327012683,0.6836416721343994,702600.0
2022-03-08,0.6750962003686799,0.6750962003686799,0.658005123149604,0.6665506362915039,858800.0
2022-03-09,0.6665505907200283,0.6836416667706025,0.6665505907200283,0.6750961542129517,620600.0
2022-03-10,0.6836417294488846,0.6879144861194488,0.675096216107756,0.6793689727783203,266400.0
2022-03-11,0.675096216107756,0.6921872427900131,0.675096216107756,0.6793689727783203,167300.0
2022-03-14,0.6708234594371918,0.6793689727783203,0.6708234594371918,0.6793689727783203,59600.0
2022-03-15,0.6750962586909387,0.6793690156310165,0.6537324230552692,0.6622779369354248,245300.0
2022-03-16,0.6836416640374574,0.6836416640374574,0.6622778317934689,0.6708233952522278,192100.0
2022-03-17,0.6793689727783203,0.6793689727783203,0.6665506518313503,0.6793689727783203,114700.0
2022-03-18,0.6836416721343994,0.6836416721343994,0.6750961595097014,0.6836416721343994,93800.0
2022-03-21,0.6921872473987815,0.6921872473987815,0.6836417340007547,0.6879144906997681,85700.0
2022-03-22,0.6836416721343994,0.6836416721343994,0.6750961595097014,0.6836416721343994,47900.0
2022-03-23,0.6836417340007547,0.6921872473987815,0.6793689773017412,0.6879144906997681,120700.0
2022-03-24,0.6879144388464644,0.7050054643542384,0.6879144388464644,0.7007327079772949,416400.0
2022-03-25,0.7007327079772949,0.7135509771081254,0.7007327079772949,0.7007327079772949,358700.0
2022-03-28,0.7007327741232942,0.7135510444641113,0.7007327741232942,0.7135510444641113,374600.0
2022-03-29,0.7050054694906693,0.7092782258987427,0.700732713082596,0.7092782258987427,204800.0
2022-03-30,0.7092782258987427,0.7178237387148895,0.7092782258987427,0.7092782258987427,251800.0
2022-03-31,0.7092782233306215,0.7092782233306215,0.700732710545416,0.7050054669380188,162000.0
2022-04-01,0.7007327079772949,0.7050054643542384,0.6964599516003515,0.7007327079772949,79600.0
2022-04-04,0.700732645407346,0.700732645407346,0.6964598894119263,0.6964598894119263,60400.0
2022-04-05,0.6964598894119263,0.7050054014027659,0.6964598894119263,0.6964598894119263,268600.0
2022-04-06,0.700732645407346,0.700732645407346,0.6921871334165065,0.6964598894119263,146100.0
2022-04-07,0.6964599516003515,0.7007327079772949,0.6921871952234079,0.7007327079772949,30200.0
2022-04-08,0.6964598894119263,0.6964598894119263,0.6921871334165065,0.6964598894119263,74100.0
2022-04-11,0.6964600040977948,0.6964600040977948,0.6879144906997681,0.6879144906997681,115600.0
2022-04-12,0.6879144284467485,0.6879144284467485,0.6793689158220504,0.6836416721343994,251300.0
2022-04-13,0.6793688654302471,0.6964598894119263,0.6793688654302471,0.6964598894119263,69800.0
2022-04-14,0.6964600040977948,0.7007327607968082,0.6879144906997681,0.6879144906997681,182600.0
2022-04-18,0.6921872473987815,0.6921872473987815,0.6879144906997681,0.6879144906997681,73100.0
2022-04-19,0.6879144337108022,0.6921871900558472,0.6836416773657572,0.6921871900558472,70700.0
2022-04-20,0.6879144906997681,0.6921872473987815,0.6879144906997681,0.6879144906997681,60400.0
2022-04-21,0.6921871847590976,0.6921871847590976,0.6836416721343994,0.6836416721343994,60800.0
2022-04-22,0.6836416721343994,0.6879144284467485,0.6793689158220504,0.6836416721343994,57500.0
2022-04-25,0.6836417294488846,0.6836417294488846,0.675096216107756,0.6793689727783203,145600.0
2022-04-26,0.6793689727783203,0.6836417294488846,0.6708234594371918,0.6793689727783203,41300.0
2022-04-27,0.6836416667706025,0.6836416667706025,0.6708233979341263,0.6750961542129517,70500.0
2022-04-28,0.675096216107756,0.6793689727783203,0.675096216107756,0.6793689727783203,68900.0
2022-04-29,0.6793689077757142,0.6836416640374574,0.6708233952522278,0.6708233952522278,286100.0
2022-05-04,0.6883612886063616,0.6883612886063616,0.6752078489037175,0.6795923113822937,40100.0
2022-05-05,0.6839768290519714,0.6883613441512562,0.6839768290519714,0.6839768290519714,75300.0
2022-05-06,0.6752078489037175,0.6839767738608699,0.6708233864251414,0.6795923113822937,19900.0
2022-05-09,0.679592259940977,0.679592259940977,0.670823335647583,0.670823335647583,72800.0
2022-05-10,0.670823335647583,0.67520779779428,0.670823335647583,0.670823335647583,195800.0
2022-05-11,0.6708233864251414,0.6795923113822937,0.6708233864251414,0.6795923113822937,800.0
2022-05-12,0.675207810365805,0.6795922725941352,0.6489010369958237,0.6576699614524841,155900.0
2022-05-13,0.6532854870607949,0.670823335647583,0.6532854870607949,0.670823335647583,6100.0
2022-05-17,0.6708234136173062,0.6708234136173062,0.653285562992096,0.653285562992096,69100.0
2022-05-18,0.6708234136173062,0.6708234136173062,0.653285562992096,0.653285562992096,58100.0
2022-05-19,0.6576700256483985,0.6576700256483985,0.6489011003357934,0.653285562992096,30300.0
2022-05-20,0.6620544746215093,0.6664389371871948,0.6576700120558239,0.6664389371871948,9000.0
2022-05-23,0.6664389371871948,0.6664389371871948,0.6576700120558239,0.6664389371871948,51900.0
2022-05-24,0.6620544883047011,0.6620544883047011,0.6445166376794909,0.653285562992096,115500.0
2022-05-25,0.6489011142982843,0.653285577048928,0.6401321887969971,0.6401321887969971,107000.0
2022-05-26,0.6445165747674935,0.6576699614524841,0.6445165747674935,0.6576699614524841,122800.0
2022-05-27,0.6532855539311796,0.6620544791221619,0.6532855539311796,0.6620544791221619,18100.0
2022-05-30,0.6664389417176529,0.6664389417176529,0.6620544791221619,0.6620544791221619,2800.0
2022-05-31,0.6620544746215093,0.6664389371871948,0.6620544746215093,0.6664389371871948,2700.0
2022-06-01,0.6664388859091446,0.6664388859091446,0.6576699614524841,0.6576699614524841,46200.0
2022-06-02,0.6532855494901383,0.6708233997528803,0.6532855494901383,0.6664389371871948,9900.0
2022-06-03,0.6664389509610037,0.6664389509610037,0.653285562992096,0.653285562992096,8300.0
2022-06-06,0.6576700256483985,0.6664389509610037,0.653285562992096,0.653285562992096,45500.0
2022-06-07,0.6532855494901383,0.6664389371871948,0.6532855494901383,0.6664389371871948,53700.0
2022-06-08,0.6664389371871948,0.6708233997528803,0.6620544746215093,0.6664389371871948,81500.0
2022-06-09,0.6883612365012827,0.6883612365012827,0.6664388735008859,0.670823335647583,38900.0
2022-06-10,0.6664388735008859,0.670823335647583,0.662054411354189,0.670823335647583,78300.0
2022-06-13,0.6664389371871948,0.6708233997528803,0.6576700120558239,0.6664389371871948,60900.0
2022-06-14,0.6576700120558239,0.6664389371871948,0.6532855494901383,0.6664389371871948,6500.0
2022-06-15,0.657669949207492,0.670823335647583,0.657669949207492,0.670823335647583,13700.0
2022-06-16,0.6576699614524841,0.6664388859091446,0.6532854992241539,0.6576699614524841,15500.0
2022-06-17,0.653285562992096,0.6664389509610037,0.6445166376794909,0.653285562992096,136200.0
2022-06-20,0.653285562992096,0.6576700256483985,0.653285562992096,0.653285562992096,17900.0
2022-06-21,0.6576699698916001,0.6576699698916001,0.6489010453224182,0.6489010453224182,59100.0
2022-06-22,0.6532855539311796,0.6620544791221619,0.6532855539311796,0.6620544791221619,3300.0
2022-06-23,0.6489010369958237,0.6620544236808144,0.6445165747674935,0.6576699614524841,29700.0
2022-06-24,0.6576700350183364,0.6576700350183364,0.64451664686203,0.64451664686203,38900.0
2022-06-27,0.6445165830378273,0.6576699698916001,0.6445165830378273,0.6489010453224182,50800.0
2022-06-28,0.6489011003357934,0.6620544883047011,0.6489011003357934,0.653285562992096,38800.0
2022-06-29,0.6489011003357934,0.653285562992096,0.6445166376794909,0.653285562992096,9400.0
2022-06-30,0.6489011003357934,0.6620544883047011,0.6445166376794909,0.653285562992096,6000.0
2022-07-01,0.6445165830378273,0.6489010453224182,0.6401321207532363,0.6489010453224182,46800.0
2022-07-04,0.653285562992096,0.653285562992096,0.653285562992096,0.653285562992096,10800.0
2022-07-05,0.6489010453224182,0.6489010453224182,0.6489010453224182,0.6489010453224182,10600.0
2022-07-06,0.6532855076070092,0.6532855076070092,0.6401321207532363,0.6489010453224182,20700.0
2022-07-07,0.6401321887969971,0.6489011142982843,0.6313632632957098,0.6401321887969971,113900.0
2022-07-08,0.6357476584686454,0.6489010453224182,0.6357476584686454,0.6489010453224182,11300.0
2022-07-12,0.6401321887969971,0.6401321887969971,0.6357477260463534,0.6401321887969971,27600.0
2022-07-13,0.64451664686203,0.6489011095807988,0.6401321841432613,0.64451664686203,25600.0
2022-07-14,0.6532855722995676,0.6576700350183364,0.6357477214244925,0.64451664686203,140800.0
2022-07-15,0.6445166016505296,0.6445166016505296,0.61382531250516,0.6225942373275757,350600.0
2022-07-18,0.6269787482781474,0.6445166515476407,0.6269787482781474,0.6401321887969971,23100.0
2022-07-19,0.6313631534576416,0.6401320774334016,0.6313631534576416,0.6313631534576416,10300.0
2022-07-20,0.6401321841432613,0.6489011095807988,0.6357477214244925,0.64451664686203,92100.0
2022-07-21,0.6401321841432613,0.64451664686203,0.6401321841432613,0.64451664686203,6600.0
2022-07-22,0.64451664686203,0.64451664686203,0.6401321841432613,0.64451664686203,67600.0
2022-07-25,0.64451664686203,0.64451664686203,0.6357477214244925,0.64451664686203,67200.0
2022-07-26,0.6445165830378273,0.6489010453224182,0.6445165830378273,0.6489010453224182,57500.0
2022-07-27,0.6489010453224182,0.6489010453224182,0.6445165830378273,0.6489010453224182,33000.0
2022-07-28,0.6489010369958237,0.6576699614524841,0.6401321125391632,0.6576699614524841,57000.0
2022-07-29,0.6445165830378273,0.6489010453224182,0.6445165830378273,0.6489010453224182,81300.0
2022-08-01,0.6489011003357934,0.653285562992096,0.6489011003357934,0.653285562992096,11600.0
2022-08-02,0.6489011095807988,0.6489011095807988,0.64451664686203,0.64451664686203,50000.0
2022-08-03,0.6445166376794909,0.653285562992096,0.6445166376794909,0.653285562992096,72100.0
2022-08-04,0.6445166376794909,0.653285562992096,0.6445166376794909,0.653285562992096,9000.0
2022-08-05,0.653285562992096,0.653285562992096,0.653285562992096,0.653285562992096,0.0
2022-08-08,0.6445165830378273,0.6532855076070092,0.6445165830378273,0.6489010453224182,42300.0
2022-08-10,0.653285562992096,0.653285562992096,0.6489011003357934,0.653285562992096,24700.0
2022-08-11,0.6576700256483985,0.6576700256483985,0.6445166376794909,0.653285562992096,11300.0
2022-08-12,0.6576699698916001,0.6576699698916001,0.6401321207532363,0.6489010453224182,30600.0
2022-08-15,0.6489011142982843,0.6489011142982843,0.6401321887969971,0.6401321887969971,44300.0
2022-08-16,0.6489010453224182,0.6489010453224182,0.6401321207532363,0.6489010453224182,67300.0
2022-08-17,0.6489010453224182,0.6489010453224182,0.6489010453224182,0.6489010453224182,2400.0
2022-08-18,0.6532855076070092,0.6532855076070092,0.6445165830378273,0.6489010453224182,22600.0
2022-08-19,0.64451664686203,0.64451664686203,0.64451664686203,0.64451664686203,3000.0
2022-08-22,0.6401321207532363,0.6489010453224182,0.6401321207532363,0.6489010453224182,12000.0
2022-08-23,0.64451664686203,0.64451664686203,0.6401321841432613,0.64451664686203,17200.0
2022-08-24,0.6445165747674935,0.6576699614524841,0.6445165747674935,0.6576699614524841,83500.0
2022-08-25,0.6620544614679891,0.6839767738608699,0.6620544614679891,0.6795923113822937,735300.0
2022-08-26,0.6752078623185658,0.6839767874499368,0.6664389371871948,0.6664389371871948,146300.0
2022-08-29,0.6620544746215093,0.6664389371871948,0.6620544746215093,0.6664389371871948,56500.0
2022-08-30,0.6620544791221619,0.6664389417176529,0.6576700165266708,0.6620544791221619,55100.0
2022-08-31,0.6532854992241539,0.6576699614524841,0.6489010369958237,0.6576699614524841,212900.0
2022-09-01,0.6489010369958237,0.6576699614524841,0.6445165747674935,0.6576699614524841,20900.0
2022-09-02,0.64451664686203,0.6489011095807988,0.64451664686203,0.64451664686203,50000.0
2022-09-05,0.6445166376794909,0.653285562992096,0.6401321750231882,0.653285562992096,97900.0
2022-09-06,0.653285562992096,0.653285562992096,0.653285562992096,0.653285562992096,0.0
2022-09-07,0.6401321841432613,0.64451664686203,0.6357477214244925,0.64451664686203,60100.0
2022-09-08,0.6401321935149222,0.6445166562978805,0.6357477307319641,0.6357477307319641,31500.0
2022-09-09,0.6357477214244925,0.64451664686203,0.6357477214244925,0.64451664686203,6000.0
2022-09-12,0.6445165830378273,0.6576699698916001,0.6445165830378273,0.6489010453224182,118500.0
2022-09-13,0.6445165830378273,0.6489010453224182,0.6401321207532363,0.6489010453224182,25100.0
2022-09-14,0.6445165830378273,0.6489010453224182,0.6357476584686454,0.6489010453224182,41800.0
2022-09-15,0.6401321841432613,0.64451664686203,0.6357477214244925,0.64451664686203,30000.0
2022-09-16,0.6357477214244925,0.64451664686203,0.6313632587057237,0.64451664686203,29800.0
2022-09-19,0.6445165971827832,0.6445165971827832,0.6138253082501636,0.6269786953926086,117300.0
2022-09-20,0.6357476724211532,0.6357476724211532,0.6269786953926086,0.6269786953926086,8300.0
2022-09-21,0.6269786436965062,0.6269786436965062,0.618209719657898,0.618209719657898,11900.0
2022-09-22,0.6269786392028518,0.6313631534576416,0.6225941772149718,0.6313631534576416,44800.0
2022-09-23,0.6225941816772022,0.6225941816772022,0.618209719657898,0.618209719657898,13100.0
2022-09-26,0.6225941856879629,0.6225941856879629,0.613825261592865,0.613825261592865,101700.0
2022-09-27,0.6138253906102908,0.6269787795175942,0.6050564646720886,0.6050564646720886,50600.0
2022-09-28,0.6050564646720886,0.6050564646720886,0.5919030757647853,0.6050564646720886,149700.0
2022-09-29,0.6050564141432793,0.6050564141432793,0.5919030263344273,0.5962874889373779,30600.0
2022-09-30,0.5875186127956842,0.6050564646720886,0.5875186127956842,0.6050564646720886,31300.0
2022-10-03,0.6050564646720886,0.6050564646720886,0.5962875387338864,0.6050564646720886,1700.0
2022-10-04,0.6050563414516319,0.6182097276802322,0.5919029552230316,0.609440803527832,52500.0
2022-10-05,0.6138252656040322,0.6225941897564323,0.6050563414516319,0.609440803527832,33800.0
2022-10-06,0.6138252576385937,0.6225941816772022,0.6138252576385937,0.618209719657898,17400.0
2022-10-07,0.6182097236404139,0.6182097236404139,0.613825261592865,0.613825261592865,11000.0
2022-10-10,0.5875184893075714,0.613825261592865,0.5875184893075714,0.613825261592865,9800.0
2022-10-11,0.5962874334627496,0.6050563578528484,0.5875185090726508,0.5919029712677002,81900.0
2022-10-12,0.5962874844325837,0.6050564095722382,0.5962874844325837,0.6006719470024109,56500.0
2022-10-13,0.5962874844325837,0.6006719470024109,0.5875185592929293,0.6006719470024109,22100.0
2022-10-14,0.5919030218627565,0.6050564095722382,0.583134096723102,0.6006719470024109,59900.0
2022-10-17,0.5787496539946272,0.5787496539946272,0.5524428254068667,0.5743651390075684,61100.0
2022-10-18,0.5743651390075684,0.5743651390075684,0.5524428254068667,0.5743651390075684,91100.0
2022-10-19,0.5612117052078247,0.5612117052078247,0.5612117052078247,0.5612117052078247,16600.0
2022-10-20,0.5612117052078247,0.5612117052078247,0.5612117052078247,0.5612117052078247,9400.0
2022-10-21,0.5480583717082526,0.5655962228775024,0.5261360577466901,0.5655962228775024,11800.0
2022-10-25,0.552442745558683,0.552442745558683,0.5261359730401318,0.5349048972129822,219900.0
2022-10-26,0.5349049393505013,0.5524427890777588,0.5349049393505013,0.5524427890777588,15800.0
2022-10-27,0.5349049393505013,0.5612117139413875,0.5349049393505013,0.5524427890777588,5400.0
2022-10-28,0.5349049924136478,0.5612117696141943,0.5349049924136478,0.5568273067474365,39700.0
2022-10-31,0.5612117139413875,0.5612117139413875,0.5524427890777588,0.5524427890777588,9300.0
2022-11-01,0.5480582523395048,0.5787495374679565,0.5480582523395048,0.5787495374679565,100900.0
2022-11-02,0.5787495374679565,0.5787495374679565,0.5787495374679565,0.5787495374679565,93700.0
2022-11-03,0.543673899966586,0.5831341167147674,0.543673899966586,0.5743651390075684,18700.0
2022-11-04,0.561211637851595,0.5875184611426834,0.561211637851595,0.5787495374679565,55000.0
2022-11-07,0.5787495374679565,0.5787495374679565,0.5787495374679565,0.5787495374679565,0.0
2022-11-08,0.5787496539946272,0.5875185794349078,0.5612117508471474,0.5743651390075684,8500.0
2022-11-09,0.565596232480952,0.5699806953477098,0.5568273067474365,0.5568273067474365,12000.0
2022-11-10,0.5568273067474365,0.5568273067474365,0.5568273067474365,0.5568273067474365,0.0
2022-11-11,0.569980676287428,0.5743651390075684,0.5524428254068667,0.5743651390075684,74400.0
2022-11-14,0.556827288127007,0.5787496539946272,0.556827288127007,0.5743651390075684,91900.0
2022-11-15,0.569980676287428,0.5743651390075684,0.569980676287428,0.5743651390075684,13600.0
2022-11-16,0.5743651390075684,0.5743651390075684,0.5743651390075684,0.5743651390075684,0.0
2022-11-17,0.5655962135672877,0.5831341167147674,0.5655962135672877,0.5743651390075684,25400.0
2022-11-18,0.5787495928804794,0.5831340551376343,0.5699806160992569,0.5831340551376343,12000.0
2022-11-21,0.5787495374679565,0.5787495374679565,0.5743650233636852,0.5787495374679565,10100.0
2022-11-22,0.5787495374679565,0.5787495374679565,0.5787495374679565,0.5787495374679565,0.0
2022-11-23,0.5787495374679565,0.5787495374679565,0.5787495374679565,0.5787495374679565,10000.0
2022-11-24,0.5787495374679565,0.5787495374679565,0.5787495374679565,0.5787495374679565,1900.0
2022-11-25,0.5831341214773007,0.5831341214773007,0.5699806809425354,0.5699806809425354,10600.0
2022-11-28,0.5743651484621274,0.5743651484621274,0.5612117600851899,0.5655962228775024,32700.0
2022-11-29,0.5699806809425354,0.5699806809425354,0.5655962181865866,0.5699806809425354,5000.0
2022-11-30,0.5699806160992569,0.5831340551376343,0.5699806160992569,0.5831340551376343,95000.0
2022-12-01,0.5875185794349078,0.5875185794349078,0.5743651390075684,0.5743651390075684,106600.0
2022-12-02,0.5743651436984842,0.5743651436984842,0.5699806809425354,0.5699806809425354,15700.0
2022-12-05,0.5655960996889584,0.5787495374679565,0.5655960996889584,0.5787495374679565,101900.0
2022-12-06,0.5655962135672877,0.5831341167147674,0.5655962135672877,0.5743651390075684,20100.0
2022-12-07,0.574365119316531,0.6050564095722382,0.5699806567467037,0.6006719470024109,190600.0
2022-12-08,0.6006719608193541,0.6006719608193541,0.587518572807312,0.587518572807312,60000.0
2022-12-09,0.5875185794349078,0.5875185794349078,0.5743651390075684,0.5743651390075684,121500.0
2022-12-12,0.5743650233636852,0.58313399930532,0.5699805615263218,0.5787495374679565,14300.0
2022-12-13,0.5919029796519439,0.5919029796519439,0.5787495928804794,0.5831340551376343,40400.0
2022-12-14,0.5875185173947891,0.6006719041662536,0.5787495928804794,0.5831340551376343,33900.0
2022-12-15,0.5743650233636852,0.5787495374679565,0.5655960996889584,0.5787495374679565,86100.0
2022-12-16,0.5787495374679565,0.5787495374679565,0.5787495374679565,0.5787495374679565,0.0
2022-12-19,0.5831341011285259,0.6050564141432793,0.5831341011285259,0.5962874889373779,77900.0
2022-12-20,0.5919029229800468,0.5919029229800468,0.5743650233636852,0.5787495374679565,70500.0
2022-12-21,0.5787495374679565,0.5787495374679565,0.5743650233636852,0.5787495374679565,26100.0
2022-12-22,0.5743651390075684,0.5787496539946272,0.569980676287428,0.5743651390075684,39500.0
2022-12-23,0.5699806299349915,0.5699806299349915,0.5612117052078247,0.5612117052078247,89800.0
2022-12-27,0.5612117508471474,0.5831341167147674,0.5612117508471474,0.5743651390075684,130600.0
2022-12-28,0.5699806160992569,0.5831340551376343,0.5699806160992569,0.5831340551376343,4700.0
2022-12-29,0.5787495928804794,0.5875185173947891,0.5787495928804794,0.5831340551376343,5400.0
2022-12-30,0.5831340551376343,0.5831340551376343,0.5831340551376343,0.5831340551376343,0.0
2023-01-03,0.5699806856698149,0.5699806856698149,0.5612117600851899,0.5655962228775024,86000.0
2023-01-04,0.5655962135672877,0.5743651390075684,0.5655962135672877,0.5743651390075684,11100.0
2023-01-05,0.569980676287428,0.5787496539946272,0.5655962135672877,0.5743651390075684,101800.0
2023-01-06,0.574365092298575,0.5787496069290727,0.5612117052078247,0.5612117052078247,133700.0
2023-01-09,0.5655962135672877,0.5787496539946272,0.5655962135672877,0.5743651390075684,600.0
2023-01-10,0.569980676287428,0.5787496539946272,0.5655962135672877,0.5743651390075684,23000.0
2023-01-11,0.569980676287428,0.5743651390075684,0.569980676287428,0.5743651390075684,300.0
2023-01-12,0.5743651436984842,0.5831341214773007,0.5655962181865866,0.5699806809425354,52900.0
2023-01-13,0.5699806809425354,0.5699806809425354,0.5699806809425354,0.5699806809425354,7300.0
2023-01-16,0.5699805615263218,0.5787495374679565,0.5655960996889584,0.5787495374679565,18300.0
2023-01-17,0.5787495374679565,0.5787495374679565,0.5655960996889584,0.5787495374679565,107400.0
2023-01-18,0.5743650233636852,0.5787495374679565,0.5655960996889584,0.5787495374679565,100300.0
2023-01-19,0.569980676287428,0.5743651390075684,0.556827288127007,0.5743651390075684,157200.0
2023-01-20,0.5743651436984842,0.5743651436984842,0.5655962181865866,0.5699806809425354,11300.0
2023-01-25,0.5699806160992569,0.5875185173947891,0.565596153842102,0.5831340551376343,347600.0
2023-01-26,0.5831341011285259,0.6138253393491806,0.5831341011285259,0.5962874889373779,458900.0
2023-01-27,0.6094408458693485,0.6313632100403381,0.6050563834885335,0.6269786953926086,769400.0
2023-01-30,0.6269786392028518,0.6445165394212816,0.6225941772149718,0.6313631534576416,992700.0
2023-01-31,0.6313631534576416,0.6313631534576416,0.6138252532392117,0.6313631534576416,283300.0
2023-02-01,0.631363267949006,0.6445166562978805,0.6225942901161704,0.6357477307319641,724300.0
2023-02-02,0.6357476724211532,0.6357476724211532,0.6269786953926086,0.6269786953926086,140000.0
2023-02-03,0.6269786436965062,0.6269786436965062,0.618209719657898,0.618209719657898,214000.0
2023-02-06,0.618209719657898,0.6225941816772022,0.6138252576385937,0.618209719657898,193200.0
2023-02-07,0.6138252576385937,0.6225941816772022,0.6138252576385937,0.618209719657898,78000.0
2023-02-08,0.6269786436965062,0.6269786436965062,0.618209719657898,0.618209719657898,79000.0
2023-02-09,0.6182097276802322,0.6182097276802322,0.609440803527832,0.609440803527832,133700.0
2023-02-10,0.609440803527832,0.6138252656040322,0.6050563414516319,0.609440803527832,79700.0
2023-02-13,0.6050563374977671,0.6225941856879629,0.6050563374977671,0.613825261592865,19100.0
2023-02-14,0.6138253347118925,0.6138253347118925,0.6006719470024109,0.6006719470024109,94100.0
2023-02-15,0.6050564095722382,0.6094408721420653,0.6006719470024109,0.6006719470024109,4200.0
2023-02-16,0.6050564095722382,0.6094408721420653,0.6006719470024109,0.6006719470024109,50800.0
2023-02-17,0.6050564646720886,0.6050564646720886,0.5962875387338864,0.6050564646720886,97100.0
2023-02-20,0.6050564141432793,0.6050564141432793,0.5962874889373779,0.5962874889373779,79900.0
2023-02-21,0.6006720017029875,0.618209853579392,0.5962875387338864,0.6050564646720886,77400.0
2023-02-22,0.6050564095722382,0.6094408721420653,0.5962874844325837,0.6006719470024109,41800.0
2023-02-23,0.6094409276411897,0.6138253906102908,0.6050564646720886,0.6050564646720886,11700.0
2023-02-24,0.6094408500939521,0.6313632144169061,0.6094408500939521,0.6225942373275757,74900.0
2023-02-27,0.6182097972817198,0.6182097972817198,0.5875185592929293,0.6006719470024109,187700.0
2023-02-28,0.6094408767462299,0.6094408767462299,0.5875185637314766,0.5962874889373779,105000.0
2023-03-01,0.5962874889373779,0.6050564141432793,0.5962874889373779,0.5962874889373779,35700.0
2023-03-02,0.5962874889373779,0.5962874889373779,0.5875185637314766,0.5962874889373779,27500.0
2023-03-03,0.5962874889373779,0.5962874889373779,0.5787496385255753,0.5962874889373779,55800.0
2023-03-06,0.5962874889373779,0.5962874889373779,0.5831341011285259,0.5962874889373779,21700.0
2023-03-07,0.5962874334627496,0.5962874334627496,0.5875185090726508,0.5919029712677002,48300.0
2023-03-08,0.5919029712677002,0.5962874334627496,0.5875185090726508,0.5919029712677002,14800.0
2023-03-09,0.5962874334627496,0.600671895657799,0.5875185090726508,0.5919029712677002,63500.0
2023-03-10,0.587518572807312,0.5919030354779927,0.574365132528352,0.587518572807312,68500.0
2023-03-13,0.5875184611426834,0.5875184611426834,0.5655960996889584,0.5787495374679565,54100.0
2023-03-14,0.5743650233636852,0.5787495374679565,0.5655960996889584,0.5787495374679565,42100.0
2023-03-15,0.5787496474659506,0.587518572807312,0.5699806698576713,0.587518572807312,34600.0
2023-03-16,0.5962874419090988,0.5962874419090988,0.5743650783564117,0.5831340551376343,14300.0
2023-03-17,0.587518572807312,0.5919030354779927,0.5655962071869906,0.587518572807312,39100.0
2023-03-20,0.587518572807312,0.587518572807312,0.587518572807312,0.587518572807312,200.0
2023-03-21,0.5919029712677002,0.5919029712677002,0.5831340468776015,0.5919029712677002,69400.0
2023-03-22,0.5919030354779927,0.5962874981486734,0.5831341101366313,0.587518572807312,31800.0
2023-03-23,0.5743650702205905,0.600671895657799,0.5743650702205905,0.5919029712677002,37800.0
2023-03-24,0.5962874844325837,0.6094408721420653,0.5787496341532749,0.6006719470024109,43100.0
2023-03-27,0.6006719470024109,0.6006719470024109,0.6006719470024109,0.6006719470024109,0.0
2023-03-28,0.5919029552230316,0.609440803527832,0.5831340310706314,0.609440803527832,4700.0
2023-03-29,0.6094409276411897,0.6094409276411897,0.5919030757647853,0.6050564646720886,40700.0
2023-03-30,0.5962874844325837,0.6050564095722382,0.574365119316531,0.6006719470024109,87600.0
2023-03-31,0.6006719470024109,0.6006719470024109,0.6006719470024109,0.6006719470024109,0.0
2023-04-03,0.6006719515403286,0.6006719515403286,0.5875185637314766,0.5962874889373779,74600.0
2023-04-04,0.5962874844325837,0.6006719470024109,0.5919030218627565,0.6006719470024109,41800.0
2023-04-05,0.5962875387338864,0.6050564646720886,0.5962875387338864,0.6050564646720886,36100.0
2023-04-06,0.5962874172992317,0.609440803527832,0.5919029552230316,0.609440803527832,63100.0
2023-04-10,0.5962875387338864,0.6050564646720886,0.5962875387338864,0.6050564646720886,29500.0
2023-04-11,0.6050564646720886,0.6050564646720886,0.6050564646720886,0.6050564646720886,26100.0
2023-04-12,0.6050563414516319,0.609440803527832,0.6006718793754319,0.609440803527832,11800.0
2023-04-13,0.6006720017029875,0.6094409276411897,0.6006720017029875,0.6050564646720886,23100.0
2023-04-14,0.6094408767462299,0.6138253393491806,0.5962874889373779,0.5962874889373779,56500.0
2023-04-17,0.6050564095722382,0.6138253347118925,0.6006719470024109,0.6006719470024109,175300.0
2023-04-18,0.6050564646720886,0.6050564646720886,0.6006720017029875,0.6050564646720886,79400.0
2023-04-19,0.600671895657799,0.6050563578528484,0.5919029712677002,0.5919029712677002,100800.0
2023-04-20,0.5919030218627565,0.6006719470024109,0.5919030218627565,0.6006719470024109,40200.0
2023-04-21,0.6006720017029875,0.6050564646720886,0.5962875387338864,0.6050564646720886,16000.0
2023-04-24,0.6050564646720886,0.6050564646720886,0.6050564646720886,0.6050564646720886,0.0
2023-04-25,0.5962874889373779,0.5962874889373779,0.5875185637314766,0.5962874889373779,41100.0
2023-04-26,0.5962874889373779,0.5962874889373779,0.5919030263344273,0.5962874889373779,5600.0
2023-04-27,0.5962874844325837,0.6006719470024109,0.5962874844325837,0.6006719470024109,16200.0
2023-04-28,0.6006719470024109,0.6006719470024109,0.6006719470024109,0.6006719470024109,300.0
2023-05-02,0.6006719515403286,0.6006719515403286,0.5919030263344273,0.5962874889373779,40200.0
2023-05-03,0.6053221821784973,0.6053221821784973,0.6008048568813326,0.6053221821784973,83300.0
2023-05-04,0.6053221306683765,0.6053221306683765,0.6008048057556152,0.6008048057556152,19000.0
2023-05-05,0.6143567041387722,0.6143567041387722,0.5962874067334639,0.6098393797874451,14400.0
2023-05-08,0.6098393797874451,0.6143567041387722,0.6098393797874451,0.6098393797874451,12500.0
2023-05-09,0.6098394555811377,0.6098394555811377,0.596287480842854,0.6008048057556152,32700.0
2023-05-10,0.614356727422867,0.6188740519454005,0.5962874293327332,0.5962874293327332,13600.0
2023-05-11,0.5962874293327332,0.6008047538552665,0.5962874293327332,0.5962874293327332,45000.0
2023-05-12,0.6098394906424971,0.6143568158149719,0.6098394906424971,0.6143568158149719,1500.0
2023-05-15,0.6143568158149719,0.6143568158149719,0.6143568158149719,0.6143568158149719,0.0
2023-05-16,0.6053221413425143,0.6053221413425143,0.5872527875220769,0.5917701125144958,92100.0
2023-05-17,0.5872528039971715,0.5872528039971715,0.578218153758871,0.5827354788780212,57700.0
2023-05-18,0.5782181620597839,0.5782181620597839,0.5782181620597839,0.5782181620597839,19700.0
2023-05-19,0.5737008368757828,0.5782181620597839,0.5691835116917816,0.5782181620597839,53400.0
2023-05-22,0.5782181620597839,0.5782181620597839,0.5782181620597839,0.5782181620597839,4700.0
2023-05-23,0.5782181455856642,0.5872527956962585,0.5782181455856642,0.5872527956962585,33000.0
2023-05-24,0.5827354788780212,0.5827354788780212,0.5827354788780212,0.5827354788780212,1100.0
2023-05-25,0.5782181620597839,0.5782181620597839,0.5782181620597839,0.5782181620597839,11000.0
2023-05-26,0.5782181704914199,0.5782181704914199,0.5691835199916734,0.5737008452415466,24000.0
2023-05-29,0.5691835199916734,0.5737008452415466,0.5691835199916734,0.5737008452415466,17300.0
2023-05-30,0.5872527956962585,0.5872527956962585,0.5872527956962585,0.5872527956962585,2200.0
2023-05-31,0.582735487243785,0.5872528124277862,0.5782181620597839,0.5782181620597839,10500.0
2023-06-01,0.5782181620597839,0.582735487243785,0.5737008368757828,0.5782181620597839,8500.0
2023-06-05,0.5782181704914199,0.5872528209911663,0.5737008452415466,0.5737008452415466,8700.0
2023-06-06,0.5737008452415466,0.5737008452415466,0.5737008452415466,0.5737008452415466,18400.0
2023-06-07,0.5782181704914199,0.582735495741293,0.5737008452415466,0.5737008452415466,10200.0
2023-06-08,0.5737007936624031,0.5737007936624031,0.5691834688186646,0.5691834688186646,11000.0
2023-06-09,0.5691834688186646,0.5691834688186646,0.5691834688186646,0.5691834688186646,2000.0
2023-06-12,0.5691835369898512,0.5691835369898512,0.564666211605072,0.564666211605072,22300.0
2023-06-13,0.5691834688186646,0.5691834688186646,0.5691834688186646,0.5691834688186646,25400.0
2023-06-14,0.5782181620597839,0.5782181620597839,0.5737008368757828,0.5782181620597839,78000.0
2023-06-15,0.5737007936624031,0.5782181185061418,0.5691834688186646,0.5691834688186646,26600.0
2023-06-16,0.569183424562545,0.5782180735475448,0.5420794776075456,0.5601487755775452,217300.0
2023-06-19,0.5646661947418001,0.5737008452415466,0.5646661947418001,0.5737008452415466,4900.0
2023-06-20,0.5691834688186646,0.5691834688186646,0.5691834688186646,0.5691834688186646,1200.0
2023-06-21,0.564666211605072,0.564666211605072,0.564666211605072,0.564666211605072,6000.0
2023-06-22,0.5691834688186646,0.5691834688186646,0.5691834688186646,0.5691834688186646,1600.0
2023-06-23,0.5691834688186646,0.5691834688186646,0.5691834688186646,0.5691834688186646,10000.0
2023-06-26,0.5601488191311873,0.5691834688186646,0.5556314942874487,0.5691834688186646,5500.0
2023-06-27,0.5691835199916734,0.5737008452415466,0.5691835199916734,0.5737008452415466,14400.0
2023-06-28,0.5737008623746306,0.5737008623746306,0.564666211605072,0.564666211605072,14100.0
2023-06-30,0.564666211605072,0.564666211605072,0.564666211605072,0.564666211605072,0.0
2023-07-03,0.564666211605072,0.564666211605072,0.564666211605072,0.564666211605072,25000.0
2023-07-04,0.5646661684429174,0.5646661684429174,0.5556315183639526,0.5556315183639526,82300.0
2023-07-05,0.5556315183639526,0.5556315183639526,0.5556315183639526,0.5556315183639526,27300.0
2023-07-06,0.5601488434034351,0.5601488434034351,0.5556315183639526,0.5556315183639526,12200.0
2023-07-07,0.5556315608355135,0.564666211605072,0.5511142354507342,0.564666211605072,36900.0
2023-07-10,0.5646661684429174,0.5646661684429174,0.5420795432455056,0.5556315183639526,80700.0
2023-07-11,0.5556314510850453,0.5601487755775452,0.5556314510850453,0.5601487755775452,28800.0
2023-07-12,0.5556314510850453,0.5601487755775452,0.5465968021000455,0.5601487755775452,13000.0
2023-07-13,0.5601487755775452,0.5601487755775452,0.5601487755775452,0.5601487755775452,3100.0
2023-07-14,0.5601488602535897,0.5601488602535897,0.5420795595521074,0.546596884727478,165100.0
2023-07-17,0.546596884727478,0.546596884727478,0.546596884727478,0.546596884727478,0.0
2023-07-18,0.5511141933244703,0.5556315183639526,0.5465968682849879,0.5556315183639526,82100.0
2023-07-19,0.5556314510850453,0.5601487755775452,0.5511141265925453,0.5601487755775452,78700.0
2023-07-20,0.5511141933244703,0.5556315183639526,0.5511141933244703,0.5556315183639526,16900.0
2023-07-21,0.5556315350782192,0.5556315350782192,0.5420795595521074,0.546596884727478,343300.0
2023-07-24,0.5511142099028485,0.5601488602535897,0.546596884727478,0.546596884727478,132600.0
2023-07-25,0.5556315183639526,0.5601488434034351,0.5511141933244703,0.5556315183639526,23500.0
2023-07-26,0.5556315183639526,0.5556315183639526,0.5556315183639526,0.5556315183639526,12000.0
2023-07-27,0.5601488453644754,0.5962874996576153,0.5601488453644754,0.5872527956962585,360700.0
2023-07-28,0.5782181620597839,0.582735487243785,0.546596885771776,0.5782181620597839,154000.0
2023-07-31,0.5691835035205703,0.5827354788780212,0.5601488532822697,0.5827354788780212,402500.0
2023-08-01,0.5782181620597839,0.5872528124277862,0.5782181620597839,0.5782181620597839,90800.0
2023-08-02,0.5737008623746306,0.5737008623746306,0.564666211605072,0.564666211605072,30200.0
2023-08-03,0.5601488191311873,0.5691834688186646,0.5601488191311873,0.5691834688186646,26900.0
2023-08-04,0.5601488191311873,0.5691834688186646,0.5601488191311873,0.5691834688186646,6000.0
2023-08-07,0.5737008185218821,0.5782181435613645,0.5556315183639526,0.5556315183639526,84100.0
2023-08-08,0.5691834688186646,0.5691834688186646,0.5601488191311873,0.5691834688186646,6300.0
2023-08-10,0.5737007936624031,0.5737007936624031,0.5691834688186646,0.5691834688186646,10600.0
2023-08-11,0.5601488375675634,0.6008048163500953,0.5601488375675634,0.5917701125144958,338300.0
2023-08-14,0.5917700470250445,0.5917700470250445,0.5556314510850453,0.5601487755775452,185100.0
2023-08-15,0.5511142099028485,0.5646661854289603,0.546596884727478,0.546596884727478,152600.0
2023-08-16,0.5465968021000455,0.5601487755775452,0.5465968021000455,0.5601487755775452,3200.0
2023-08-17,0.5465968682849879,0.5556315183639526,0.5465968682849879,0.5556315183639526,24100.0
2023-08-18,0.5511142099028485,0.5556315350782192,0.546596884727478,0.546596884727478,29700.0
2023-08-21,0.5465968173227632,0.5511141419410706,0.5420794927044558,0.5511141419410706,33000.0
2023-08-22,0.5556315183639526,0.5601488434034351,0.5556315183639526,0.5556315183639526,7100.0
2023-08-23,0.5511141933244703,0.5601488434034351,0.5511141933244703,0.5556315183639526,7200.0
2023-08-24,0.5511141265925453,0.5601487755775452,0.5465968021000455,0.5601487755775452,17000.0
2023-08-25,0.5601487755775452,0.5601487755775452,0.5601487755775452,0.5601487755775452,2300.0
2023-08-28,0.5601487755775452,0.5601487755775452,0.5511141265925453,0.5601487755775452,2800.0
2023-08-29,0.5601487911776852,0.5601487911776852,0.5511141419410706,0.5511141419410706,16400.0
2023-08-30,0.5556314665593779,0.5601487911776852,0.5511141419410706,0.5511141419410706,313300.0
2023-08-31,0.5601487755775452,0.564666100070045,0.5601487755775452,0.5601487755775452,14000.0
2023-09-04,0.564666100070045,0.564666100070045,0.5511141265925453,0.5601487755775452,8000.0
2023-09-05,0.5601487755775452,0.5601487755775452,0.5556314510850453,0.5601487755775452,11700.0
2023-09-06,0.5601487911776852,0.5601487911776852,0.5511141419410706,0.5511141419410706,63800.0
2023-09-07,0.5511141933244703,0.5556315183639526,0.5465968682849879,0.5556315183639526,57000.0
2023-09-08,0.5556315183639526,0.5556315183639526,0.5556315183639526,0.5556315183639526,0.0
2023-09-11,0.5511142099028485,0.5556315350782192,0.546596884727478,0.546596884727478,47500.0
2023-09-12,0.5556315183639526,0.5601488434034351,0.5465968682849879,0.5556315183639526,85400.0
2023-09-13,0.5646661439749259,0.5782181185061418,0.5646661439749259,0.5691834688186646,422300.0
2023-09-14,0.5691835116917816,0.5872528124277862,0.5691835116917816,0.5782181620597839,227700.0
2023-09-15,0.578218153758871,0.5872528039971715,0.5737008286397206,0.5827354788780212,127400.0
2023-09-18,0.5782181185061418,0.5782181185061418,0.5691834688186646,0.5691834688186646,213800.0
2023-09-19,0.5691834688186646,0.5782181185061418,0.5691834688186646,0.5691834688186646,17600.0
2023-09-20,0.5691834954750697,0.5917701207515557,0.5691834954750697,0.5872527956962585,307700.0
2023-09-21,0.5782181704914199,0.582735495741293,0.5691835199916734,0.5737008452415466,176900.0
2023-09-22,0.5737007936624031,0.5782181185061418,0.5691834688186646,0.5691834688186646,48500.0
2023-09-25,0.5691835199916734,0.5737008452415466,0.5691835199916734,0.5737008452415466,47000.0
2023-09-26,0.5737008368757828,0.5782181620597839,0.5737008368757828,0.5782181620597839,1700.0
2023-09-27,0.5691835116917816,0.5782181620597839,0.5691835116917816,0.5782181620597839,17200.0
2023-09-28,0.5782181185061418,0.5827354433498804,0.5691834688186646,0.5691834688186646,15500.0
2023-09-29,0.5737008368757828,0.5782181620597839,0.5691835116917816,0.5782181620597839,7500.0
2023-10-02,0.578218153758871,0.5827354788780212,0.578218153758871,0.5827354788780212,7100.0
2023-10-03,0.5827354788780212,0.5827354788780212,0.578218153758871,0.5827354788780212,8200.0
2023-10-04,0.5782181185061418,0.5782181185061418,0.5601488191311873,0.5691834688186646,146200.0
2023-10-05,0.5691835199916734,0.5782181704914199,0.5691835199916734,0.5737008452415466,58900.0
2023-10-06,0.5737008452415466,0.5737008452415466,0.5737008452415466,0.5737008452415466,0.0
2023-10-09,0.5737008452415466,0.5737008452415466,0.5737008452415466,0.5737008452415466,0.0
2023-10-10,0.5737008452415466,0.5737008452415466,0.5737008452415466,0.5737008452415466,0.0
2023-10-11,0.5737008368757828,0.5782181620597839,0.5737008368757828,0.5782181620597839,32200.0
2023-10-12,0.5782181620597839,0.5782181620597839,0.5646661865077806,0.5782181620597839,38800.0
2023-10-13,0.5737008452415466,0.5737008452415466,0.5737008452415466,0.5737008452415466,200.0
2023-10-16,0.5737008452415466,0.5737008452415466,0.5691835199916734,0.5737008452415466,21300.0
2023-10-17,0.5691835199916734,0.5737008452415466,0.5691835199916734,0.5737008452415466,20200.0
2023-10-18,0.5737008452415466,0.5737008452415466,0.5646661947418001,0.5737008452415466,32200.0
2023-10-19,0.564666100070045,0.5737007490550449,0.5601487755775452,0.5601487755775452,65700.0
2023-10-20,0.5737007490550449,0.5737007490550449,0.5511141265925453,0.5601487755775452,44400.0
2023-10-23,0.5511142099028485,0.5511142099028485,0.5375622343767369,0.546596884727478,35600.0
2023-10-24,0.546596884727478,0.546596884727478,0.546596884727478,0.546596884727478,0.0
2023-10-25,0.5511141419410706,0.5556314665593779,0.5511141419410706,0.5511141419410706,2500.0
2023-10-26,0.5511142183992673,0.5511142183992673,0.5420795679092407,0.5420795679092407,5400.0
2023-10-27,0.5420795846811757,0.564666211605072,0.5420795846811757,0.564666211605072,2000.0
2023-10-30,0.564666211605072,0.564666211605072,0.5556315608355135,0.564666211605072,21300.0
2023-10-31,0.5601488862202927,0.564666211605072,0.5556315608355135,0.564666211605072,18300.0
2023-11-01,0.564666211605072,0.564666211605072,0.5465969100659549,0.564666211605072,8900.0
2023-11-02,0.5511142354507342,0.564666211605072,0.5511142354507342,0.564666211605072,15500.0
2023-11-03,0.5691834404143,0.5691834404143,0.5465968173227632,0.5511141419410706,39000.0
2023-11-06,0.5556315608355135,0.564666211605072,0.5511142354507342,0.564666211605072,14900.0
2023-11-07,0.564666211605072,0.564666211605072,0.564666211605072,0.564666211605072,0.0
2023-11-08,0.5511142099028485,0.5601488602535897,0.5420795595521074,0.546596884727478,19500.0
2023-11-09,0.5511142183992673,0.5556315436442806,0.5420795679092407,0.5420795679092407,12100.0
2023-11-10,0.5420795679092407,0.5556315436442806,0.5420795679092407,0.5420795679092407,51600.0
2023-11-14,0.5511142183992673,0.5511142183992673,0.5420795679092407,0.5420795679092407,28100.0
2023-11-15,0.5465968021000455,0.5601487755775452,0.5465968021000455,0.5601487755775452,61000.0
2023-11-16,0.5556314510850453,0.5601487755775452,0.5511141265925453,0.5601487755775452,14200.0
2023-11-17,0.5601487755775452,0.5601487755775452,0.5601487755775452,0.5601487755775452,0.0
2023-11-20,0.5556314510850453,0.5601487755775452,0.5420794776075456,0.5601487755775452,69300.0
2023-11-21,0.5601487755775452,0.5601487755775452,0.5601487755775452,0.5601487755775452,0.0
2023-11-22,0.5601487755775452,0.5601487755775452,0.5601487755775452,0.5601487755775452,0.0
2023-11-23,0.5556315608355135,0.564666211605072,0.5420795846811757,0.564666211605072,95100.0
2023-11-24,0.5601487755775452,0.5601487755775452,0.5556314510850453,0.5601487755775452,11200.0
2023-11-27,0.5556314510850453,0.5601487755775452,0.5465968021000455,0.5601487755775452,35400.0
2023-11-28,0.5465968682849879,0.5556315183639526,0.5465968682849879,0.5556315183639526,4500.0
2023-11-29,0.5465968682849879,0.5556315183639526,0.5420795432455056,0.5556315183639526,6400.0
2023-11-30,0.5556315183639526,0.5556315183639526,0.5465968682849879,0.5556315183639526,22100.0
2023-12-01,0.5556315436442806,0.5556315436442806,0.5420795679092407,0.5420795679092407,32900.0
2023-12-04,0.5465968682849879,0.5556315183639526,0.5420795432455056,0.5556315183639526,75300.0
2023-12-05,0.5465968173227632,0.5511141419410706,0.5420794927044558,0.5511141419410706,54500.0
2023-12-06,0.5511141419410706,0.5511141419410706,0.5511141419410706,0.5511141419410706,0.0
2023-12-07,0.5420795595521074,0.546596884727478,0.5420795595521074,0.546596884727478,81800.0
2023-12-08,0.5511141419410706,0.5511141419410706,0.5375621680861484,0.5511141419410706,102100.0
2023-12-11,0.546596884727478,0.5556315350782192,0.5420795595521074,0.546596884727478,38900.0
2023-12-12,0.5375621914863586,0.5511141659312014,0.5375621914863586,0.5375621914863586,35100.0
2023-12-13,0.5420795679092407,0.5511142183992673,0.5375622426642275,0.5420795679092407,35500.0
2023-12-14,0.5465968173227632,0.5511141419410706,0.5465968173227632,0.5511141419410706,18400.0
2023-12-15,0.5465968173227632,0.5511141419410706,0.5465968173227632,0.5511141419410706,18800.0
2023-12-18,0.5465968173227632,0.5511141419410706,0.5375621680861484,0.5511141419410706,4600.0
2023-12-19,0.5465968173227632,0.5511141419410706,0.5420794927044558,0.5511141419410706,59200.0
2023-12-20,0.5420795679092407,0.5511142183992673,0.5420795679092407,0.5420795679092407,31100.0
2023-12-21,0.5420795679092407,0.5420795679092407,0.5420795679092407,0.5420795679092407,0.0
2023-12-22,0.5375622343767369,0.546596884727478,0.5330448553506024,0.546596884727478,96900.0
2023-12-26,0.5420795595521074,0.546596884727478,0.5420795595521074,0.546596884727478,6500.0
2023-12-27,0.5375622343767369,0.546596884727478,0.5375622343767369,0.546596884727478,9600.0
2023-12-28,0.5420794927044558,0.5511141419410706,0.5420794927044558,0.5511141419410706,75300.0
2023-12-29,0.5511141419410706,0.5556314665593779,0.5465968173227632,0.5511141419410706,69600.0
2024-01-02,0.5511141419410706,0.5511141419410706,0.5511141419410706,0.5511141419410706,0.0
2024-01-03,0.5465968682849879,0.5556315183639526,0.5465968682849879,0.5556315183639526,22500.0
2024-01-04,0.5556315436442806,0.5556315436442806,0.5420795679092407,0.5420795679092407,89200.0
2024-01-05,0.5420794927044558,0.5511141419410706,0.5420794927044558,0.5511141419410706,15000.0
2024-01-08,0.5420794927044558,0.5511141419410706,0.5420794927044558,0.5511141419410706,17700.0
2024-01-09,0.5511141419410706,0.5511141419410706,0.5511141419410706,0.5511141419410706,0.0
2024-01-10,0.5511141419410706,0.5511141419410706,0.5511141419410706,0.5511141419410706,0.0
2024-01-11,0.5420794927044558,0.5511141419410706,0.5420794927044558,0.5511141419410706,3500.0
2024-01-12,0.5511141419410706,0.5511141419410706,0.5511141419410706,0.5511141419410706,16000.0
2024-01-15,0.5511141419410706,0.5511141419410706,0.5511141419410706,0.5511141419410706,0.0
2024-01-16,0.5465968173227632,0.5511141419410706,0.5420794927044558,0.5511141419410706,62300.0
2024-01-17,0.5465968173227632,0.5511141419410706,0.5420794927044558,0.5511141419410706,81300.0
2024-01-18,0.5420794927044558,0.5511141419410706,0.5420794927044558,0.5511141419410706,54600.0
2024-01-19,0.5511141419410706,0.5511141419410706,0.5511141419410706,0.5511141419410706,11000.0
2024-01-22,0.5465968173227632,0.5556314665593779,0.5420794927044558,0.5511141419410706,30600.0
2024-01-23,0.5420795679092407,0.5556315436442806,0.5420795679092407,0.5420795679092407,120800.0
2024-01-24,0.5420794776075456,0.5601487755775452,0.5420794776075456,0.5601487755775452,46100.0
2024-01-25,0.5601488434034351,0.5601488434034351,0.5556315183639526,0.5556315183639526,42700.0
2024-01-26,0.5556314510850453,0.5601487755775452,0.5556314510850453,0.5601487755775452,21000.0
2024-01-29,0.5556314510850453,0.5601487755775452,0.5420794776075456,0.5601487755775452,88600.0
2024-01-30,0.5601487755775452,0.5601487755775452,0.5420794776075456,0.5601487755775452,51000.0
2024-01-31,0.5465968173227632,0.5556314665593779,0.5465968173227632,0.5511141419410706,4300.0
2024-02-01,0.5601487755775452,0.5601487755775452,0.5601487755775452,0.5601487755775452,15000.0
2024-02-02,0.5511141265925453,0.5601487755775452,0.5511141265925453,0.5601487755775452,72000.0
2024-02-05,0.5556315436442806,0.5556315436442806,0.5420795679092407,0.5420795679092407,113700.0
2024-02-06,0.5511141419410706,0.5511141419410706,0.5511141419410706,0.5511141419410706,77000.0
2024-02-07,0.5420795432455056,0.5556315183639526,0.5420795432455056,0.5556315183639526,98200.0
2024-02-08,0.5511141933244703,0.5601488434034351,0.5511141933244703,0.5556315183639526,74500.0
2024-02-09,0.5556315183639526,0.5556315183639526,0.5556315183639526,0.5556315183639526,0.0
2024-02-13,0.5465968021000455,0.5601487755775452,0.5465968021000455,0.5601487755775452,3100.0
2024-02-14,0.5601488434034351,0.5601488434034351,0.5511141933244703,0.5556315183639526,11000.0
2024-02-15,0.5556314510850453,0.5601487755775452,0.5465968021000455,0.5601487755775452,47400.0
2024-02-16,0.5601487755775452,0.5601487755775452,0.5556314510850453,0.5601487755775452,84900.0
2024-02-19,0.5601488602535897,0.5601488602535897,0.546596884727478,0.546596884727478,37100.0
2024-02-20,0.5465968682849879,0.5556315183639526,0.5465968682849879,0.5556315183639526,26700.0
2024-02-21,0.5511141933244703,0.5556315183639526,0.5511141933244703,0.5556315183639526,46200.0
2024-02-22,0.5511141933244703,0.5556315183639526,0.5511141933244703,0.5556315183639526,45100.0
2024-02-23,0.5465968173227632,0.5556314665593779,0.5465968173227632,0.5511141419410706,84800.0
2024-02-26,0.5511142099028485,0.5511142099028485,0.5420795595521074,0.546596884727478,171300.0
2024-02-27,0.546596893154254,0.546596893154254,0.5420795679092407,0.5420795679092407,1600.0
2024-02-28,0.5420795679092407,0.5511142183992673,0.5420795679092407,0.5420795679092407,21100.0
2024-02-29,0.5465968173227632,0.5556314665593779,0.5465968173227632,0.5511141419410706,61800.0
2024-03-01,0.5556315183639526,0.5601488434034351,0.5556315183639526,0.5556315183639526,126800.0
2024-03-04,0.5465968682849879,0.5556315183639526,0.5465968682849879,0.5556315183639526,31500.0
2024-03-05,0.5420794927044558,0.5556314665593779,0.5420794927044558,0.5511141419410706,35400.0
2024-03-06,0.5556314665593779,0.5556314665593779,0.5511141419410706,0.5511141419410706,7600.0
2024-03-07,0.5420794927044558,0.5511141419410706,0.5375621680861484,0.5511141419410706,138800.0
2024-03-08,0.5465968173227632,0.5511141419410706,0.5465968173227632,0.5511141419410706,31800.0
2024-03-11,0.546596884727478,0.5511142099028485,0.546596884727478,0.546596884727478,48900.0
2024-03-12,0.5556314665593779,0.5556314665593779,0.5465968173227632,0.5511141419410706,31100.0
2024-03-13,0.5511141933244703,0.5556315183639526,0.5511141933244703,0.5556315183639526,124400.0
2024-03-14,0.5465968173227632,0.5511141419410706,0.5465968173227632,0.5511141419410706,67800.0
2024-03-15,0.5420795679092407,0.5511142183992673,0.5420795679092407,0.5420795679092407,58200.0
2024-03-18,0.5420795595521074,0.546596884727478,0.5420795595521074,0.546596884727478,20400.0
2024-03-19,0.5511141933244703,0.5556315183639526,0.5511141933244703,0.5556315183639526,259600.0
2024-03-20,0.5556314665593779,0.5556314665593779,0.5511141419410706,0.5511141419410706,16300.0
2024-03-21,0.5511141419410706,0.5511141419410706,0.5511141419410706,0.5511141419410706,20000.0
2024-03-22,0.5511141419410706,0.5511141419410706,0.5511141419410706,0.5511141419410706,4400.0
2024-03-25,0.5556315350782192,0.5556315350782192,0.546596884727478,0.546596884727478,16700.0
2024-03-26,0.546596884727478,0.546596884727478,0.546596884727478,0.546596884727478,40200.0
2024-03-27,0.5511142099028485,0.5511142099028485,0.546596884727478,0.546596884727478,22000.0
2024-03-28,0.546596884727478,0.546596884727478,0.546596884727478,0.546596884727478,25000.0
2024-04-01,0.5465968682849879,0.5556315183639526,0.5465968682849879,0.5556315183639526,83700.0
2024-04-02,0.5511141265925453,0.5601487755775452,0.5511141265925453,0.5601487755775452,129400.0
2024-04-03,0.5556314665593779,0.5556314665593779,0.5511141419410706,0.5511141419410706,32000.0
2024-04-04,0.5511141265925453,0.5601487755775452,0.5511141265925453,0.5601487755775452,71400.0
2024-04-05,0.5556314510850453,0.5601487755775452,0.5511141265925453,0.5601487755775452,46300.0
2024-04-08,0.5601488434034351,0.5601488434034351,0.5556315183639526,0.5556315183639526,5700.0
2024-04-09,0.5556315350782192,0.5556315350782192,0.546596884727478,0.546596884727478,231300.0
2024-04-11,0.5511142099028485,0.5511142099028485,0.546596884727478,0.546596884727478,186300.0
2024-04-12,0.546596893154254,0.546596893154254,0.5420795679092407,0.5420795679092407,205200.0
2024-04-15,0.5420795679092407,0.5420795679092407,0.5420795679092407,0.5420795679092407,29000.0
2024-04-16,0.5420795679092407,0.5420795679092407,0.5375622426642275,0.5420795679092407,105100.0
2024-04-17,0.5420795679092407,0.5420795679092407,0.5375622426642275,0.5420795679092407,126200.0
2024-04-18,0.546596893154254,0.546596893154254,0.5420795679092407,0.5420795679092407,21500.0
2024-04-19,0.5420795679092407,0.5420795679092407,0.5420795679092407,0.5420795679092407,67400.0
2024-04-22,0.5420795679092407,0.5420795679092407,0.5420795679092407,0.5420795679092407,32600.0
2024-04-23,0.5420795679092407,0.5420795679092407,0.5420795679092407,0.5420795679092407,0.0
2024-04-24,0.5420795679092407,0.546596893154254,0.5420795679092407,0.5420795679092407,35600.0
2024-04-25,0.5420795595521074,0.5511142099028485,0.5420795595521074,0.546596884727478,84500.0
2024-04-26,0.5511142099028485,0.5511142099028485,0.546596884727478,0.546596884727478,6100.0
2024-04-29,0.5511141694437101,0.5737007936624031,0.5511141694437101,0.5691834688186646,397600.0
2024-04-30,0.5737008623746306,0.5737008623746306,0.564666211605072,0.564666211605072,258300.0
2024-05-02,0.5601487755775452,0.564666100070045,0.5601487755775452,0.5601487755775452,77000.0
2024-05-03,0.5601488703222384,0.5648167729377747,0.5554809677067021,0.5648167729377747,81500.0
2024-05-06,0.5648167014765009,0.5648167014765009,0.5554808974266052,0.5554808974266052,93400.0
2024-05-07,0.5554809776202985,0.5554809776202985,0.5508130192756653,0.5508130192756653,39800.0
2024-05-08,0.5554808974266052,0.5554808974266052,0.550812939755876,0.5554808974266052,70200.0
2024-05-09,0.5508130192756653,0.5601488803191422,0.5461451165768215,0.5508130192756653,40200.0
2024-05-10,0.5508130094453774,0.5648167729377747,0.5508130094453774,0.5648167729377747,105600.0
2024-05-13,0.5694846861419709,0.5741525888442993,0.5694846861419709,0.5741525888442993,50000.0
2024-05-14,0.5741525535037216,0.5741525535037216,0.5648167486737076,0.5694846510887146,55400.0
2024-05-15,0.5648167375048928,0.5648167375048928,0.5601488351821899,0.5601488351821899,3100.0
2024-05-16,0.569484675553311,0.5741525781688472,0.5648167729377747,0.5648167729377747,116500.0
2024-05-17,0.5694846510887146,0.5694846510887146,0.5648167486737076,0.5694846510887146,12000.0
2024-05-20,0.569484675553311,0.5741525781688472,0.5648167729377747,0.5648167729377747,79100.0
2024-05-21,0.5648167486737076,0.5741525535037216,0.5648167486737076,0.5694846510887146,177600.0
2024-05-23,0.5648167834396424,0.5741525888442993,0.5648167834396424,0.5741525888442993,89500.0
2024-05-24,0.5694846861419709,0.5741525888442993,0.5694846861419709,0.5741525888442993,28100.0
2024-05-27,0.5648167486737076,0.5694846510887146,0.5648167486737076,0.5694846510887146,23000.0
2024-05-28,0.5694846861419709,0.5834883942489564,0.5694846861419709,0.5741525888442993,526800.0
2024-05-29,0.5741525053669431,0.5788204073905945,0.5694846033432917,0.5788204073905945,118200.0
2024-05-30,0.5788204915466278,0.5788204915466278,0.5741525888442993,0.5741525888442993,152100.0
2024-05-31,0.5741525888442993,0.5741525888442993,0.5741525888442993,0.5741525888442993,12300.0
2024-06-03,0.5741525781688472,0.5741525781688472,0.5648167729377747,0.5648167729377747,138100.0
2024-06-04,0.5648167729377747,0.5648167729377747,0.5601488703222384,0.5648167729377747,33200.0
2024-06-05,0.5648167486737076,0.5741525535037216,0.5648167486737076,0.5694846510887146,76800.0
2024-06-06,0.5648167486737076,0.5694846510887146,0.5648167486737076,0.5694846510887146,20000.0
2024-06-07,0.569484675553311,0.569484675553311,0.5601488703222384,0.5648167729377747,27100.0
2024-06-10,0.569484675553311,0.569484675553311,0.5648167729377747,0.5648167729377747,105700.0
2024-06-11,0.5648167729377747,0.5648167729377747,0.5648167729377747,0.5648167729377747,59500.0
2024-06-12,0.5694846510887146,0.5694846510887146,0.5648167486737076,0.5694846510887146,112300.0
2024-06-13,0.5648167729377747,0.5648167729377747,0.5648167729377747,0.5648167729377747,14000.0
2024-06-14,0.5648167729377747,0.569484675553311,0.5648167729377747,0.5648167729377747,68500.0
2024-06-18,0.569484675553311,0.569484675553311,0.5601488703222384,0.5648167729377747,93400.0
2024-06-19,0.5648167729377747,0.569484675553311,0.5601488703222384,0.5648167729377747,63200.0
2024-06-20,0.5601488351821899,0.5648167375048928,0.5601488351821899,0.5601488351821899,100600.0
2024-06-21,0.5601488351821899,0.5601488351821899,0.5601488351821899,0.5601488351821899,37600.0
2024-06-24,0.5601488351821899,0.5601488351821899,0.5601488351821899,0.5601488351821899,60800.0
2024-06-25,0.5601488351821899,0.5694846398275956,0.5554809328594871,0.5601488351821899,30100.0
2024-06-26,0.5601488351821899,0.5601488351821899,0.5601488351821899,0.5601488351821899,0.0
2024-06-27,0.560148799451553,0.5648167014765009,0.5554808974266052,0.5554808974266052,49500.0
2024-06-28,0.5554808974266052,0.5554808974266052,0.550812939755876,0.5554808974266052,56800.0
2024-07-01,0.5601488803191422,0.5601488803191422,0.5508130192756653,0.5508130192756653,22800.0
2024-07-02,0.5508129748909992,0.5601488351821899,0.5508129748909992,0.5601488351821899,36300.0
2024-07-03,0.5554808974266052,0.5554808974266052,0.5554808974266052,0.5554808974266052,78900.0
2024-07-04,0.5648167014765009,0.5648167014765009,0.5554808974266052,0.5554808974266052,112100.0
2024-07-05,0.5554809328594871,0.5601488351821899,0.5554809328594871,0.5601488351821899,66600.0
2024-07-08,0.5601488351821899,0.5648167375048928,0.5554809328594871,0.5601488351821899,202700.0
2024-07-09,0.5601488351821899,0.5601488351821899,0.5601488351821899,0.5601488351821899,106600.0
2024-07-10,0.5554809328594871,0.5601488351821899,0.5554809328594871,0.5601488351821899,208400.0
2024-07-11,0.5601488351821899,0.5601488351821899,0.5554809328594871,0.5601488351821899,200800.0
2024-07-12,0.5601488807373138,0.5788204915466278,0.5601488807373138,0.5741525888442993,644200.0
2024-07-15,0.5741525053669431,0.5788204073905945,0.5741525053669431,0.5788204073905945,73300.0
2024-07-16,0.5694846398275956,0.5694846398275956,0.5601488351821899,0.5601488351821899,119600.0
2024-07-17,0.5694846033432917,0.5788204073905945,0.5694846033432917,0.5788204073905945,156100.0
2024-07-18,0.5788203996792091,0.6161636710166931,0.5788203996792091,0.6161636710166931,1559400.0
2024-07-19,0.6161636594525892,0.63950316882187,0.6068278000590972,0.6301673650741577,679200.0
2024-07-22,0.639503252996801,0.6768465285487569,0.639503252996801,0.6721786260604858,1326900.0
2024-07-23,0.6721786368407426,0.6955181496564123,0.6721786368407426,0.6815144419670105,715700.0
2024-07-24,0.6815143668746093,0.6815143668746093,0.6441710948384041,0.648838996887207,447400.0
2024-07-25,0.6441712030227184,0.6535070086882114,0.6395033001899719,0.6395033001899719,344900.0
2024-07-26,0.6395032042635155,0.6675106170588399,0.6395032042635155,0.6581748127937317,537100.0
2024-07-29,0.6721786260604858,0.6768465285487569,0.6581748629498855,0.6721786260604858,335400.0
2024-07-30,0.6581748127937317,0.6581748127937317,0.6254994978658533,0.6581748127937317,100200.0
2024-07-31,0.6628427264862938,0.6721785865600026,0.644171117630444,0.6675106287002563,416600.0
2024-08-01,0.662842739250494,0.662842739250494,0.6535069346427917,0.6535069346427917,159500.0
2024-08-02,0.6441711783409119,0.6535069836486979,0.6395032756870188,0.6441711783409119,272300.0
2024-08-05,0.6301673889741104,0.6348352910250031,0.6254994869232178,0.6254994869232178,185900.0
2024-08-06,0.6208315613264453,0.6535068744434385,0.6208315613264453,0.6301673650741577,48600.0
2024-08-07,0.6348353254273872,0.6581748369466429,0.630167423123536,0.6535069346427917,116100.0
2024-08-08,0.6675106529327366,0.6721786109619425,0.6628427505493164,0.6628427505493164,186500.0
2024-08-12,0.6581748009848128,0.6581748009848128,0.6348352907407983,0.648838996887207,65000.0
2024-08-13,0.6535069106611776,0.6628427149262858,0.6488390085286236,0.6581748127937317,910200.0
2024-08-14,0.6861823181122033,0.6908502204956235,0.6628427505493164,0.6628427505493164,412400.0
2024-08-15,0.6675106170588399,0.6675106170588399,0.6581748127937317,0.6581748127937317,142400.0
2024-08-16,0.6581748481658961,0.6628427505493164,0.6535069457824759,0.6628427505493164,199700.0
2024-08-19,0.6535069457824759,0.6628427505493164,0.6535069457824759,0.6628427505493164,82000.0
2024-08-20,0.6628427524868408,0.6861823201179504,0.6581748500897759,0.6861823201179504,575800.0
2024-08-21,0.6815143702049892,0.7001859784914441,0.6815143702049892,0.6955180764198303,425100.0
2024-08-22,0.6955180760385457,0.7235254884528743,0.6908501739694909,0.7188575863838196,738000.0
2024-08-23,0.7188575863838196,0.7188575863838196,0.70952178224571,0.7188575863838196,254600.0
2024-08-26,0.728193452512031,0.756200922956379,0.728193452512031,0.7421972155570984,1576400.0
2024-08-27,0.7421972024623528,0.760868811998633,0.7375293000782828,0.756200909614563,1496200.0
2024-08-28,0.7514746785163879,0.760927180982787,0.7467484272831885,0.7514746785163879,408000.0
2024-08-29,0.7467484474182129,0.7562009501394854,0.7467484474182129,0.7467484474182129,253800.0
2024-08-30,0.7467484462575126,0.7703797030239629,0.7467484462575126,0.7609272003173828,416600.0
2024-09-02,0.7656534322159865,0.7656534322159865,0.7467484272831885,0.7514746785163879,221800.0
2024-09-03,0.7514746785163879,0.7562009297495874,0.7467484272831885,0.7514746785163879,153800.0
2024-09-04,0.7420221960575767,0.7514746987788492,0.718390882913035,0.7467484474182129,457900.0
2024-09-05,0.7467484272831885,0.7514746785163879,0.7467484272831885,0.7514746785163879,152000.0
2024-09-06,0.7562009297495874,0.7562009297495874,0.7514746785163879,0.7514746785163879,144100.0
2024-09-09,0.7467484078254424,0.7514746589354918,0.7372958492639863,0.7420221567153931,308600.0
2024-09-10,0.7420221960575767,0.7467484474182129,0.7420221960575767,0.7467484474182129,46900.0
2024-09-11,0.7467484474182129,0.7467484474182129,0.7420221960575767,0.7467484474182129,186600.0
2024-09-12,0.7514746585072073,0.7609271607219187,0.7514746585072073,0.756200909614563,153100.0
2024-09-13,0.7562008506918213,0.7703796029090881,0.7562008506918213,0.7703796029090881,216200.0
2024-09-16,0.7656534494187753,0.7892847061157227,0.7656534494187753,0.7892847061157227,433100.0
2024-09-17,0.7892846688920624,0.8129159808158875,0.7892846688920624,0.8129159808158875,799200.0
2024-09-18,0.817642272675546,0.8318210267315548,0.8034635186195374,0.8034635186195374,961600.0
2024-09-19,0.8081897699715402,0.8129160213235431,0.8034635186195374,0.8034635186195374,266600.0
2024-09-20,0.8034635186195374,0.8081897699715402,0.7798322055181626,0.8034635186195374,370100.0
2024-09-23,0.779832144594678,0.789284646560218,0.7703796426291379,0.775105893611908,377700.0
2024-09-24,0.775105893611908,0.779832144594678,0.7656533916463679,0.775105893611908,222600.0
2024-09-25,0.7751059330912304,0.798737245550076,0.7751059330912304,0.7798321843147278,234400.0
2024-09-26,0.7798321843147278,0.7845584355382251,0.7798321843147278,0.7798321843147278,30300.0
2024-09-27,0.7798321643106422,0.7892846665151634,0.7751059132083816,0.7845584154129028,222300.0
2024-09-30,0.784558395577448,0.794010897542988,0.775105893611908,0.775105893611908,179800.0
2024-10-01,0.7751058536481771,0.7751058536481771,0.7703796029090881,0.7703796029090881,226700.0
2024-10-02,0.7656533916463679,0.784558395577448,0.7656533916463679,0.775105893611908,131700.0
2024-10-03,0.7703796426291379,0.775105893611908,0.756200889680828,0.775105893611908,83000.0
2024-10-04,0.7656534306442357,0.7798321843147278,0.7656534306442357,0.7798321843147278,54200.0
2024-10-07,0.7798321643106422,0.7845584154129028,0.7703796621061211,0.7845584154129028,153000.0
2024-10-08,0.7845584355382251,0.7892846867617225,0.7703796818677331,0.7798321843147278,151600.0
2024-10-09,0.7514745999527324,0.7751058536481771,0.7514745999527324,0.7703796029090881,60300.0
2024-10-10,0.7656534516706728,0.7703797030239629,0.7514746976108027,0.7609272003173828,224800.0
2024-10-11,0.7609271980793859,0.7940109574551121,0.7609271980793859,0.7892847061157227,842100.0
2024-10-14,0.7892847061157227,0.7892847061157227,0.7751059520975543,0.7892847061157227,209300.0
2024-10-15,0.7940109372138977,0.8176422496497873,0.7940109372138977,0.7940109372138977,1435100.0
2024-10-16,0.7892846869296636,0.8412735067405552,0.7892846869296636,0.8365472555160522,988100.0
2024-10-17,0.8365471956714319,0.8365471956714319,0.8176421921258394,0.8223684430122375,370100.0
2024-10-18,0.8223684430122375,0.8223684430122375,0.8129159412394413,0.8223684430122375,358900.0
2024-10-21,0.8223685010940155,0.8507260084152222,0.8176422498738144,0.8507260084152222,567300.0
2024-10-22,0.8507260091895612,0.8601785679799261,0.8223685018425433,0.8365472555160522,488700.0
2024-10-23,0.8270947530670463,0.8365472555160522,0.8223685018425433,0.8365472555160522,121900.0
2024-10-24,0.8223684427680519,0.8318209445380413,0.8081896901130676,0.8081896901130676,391000.0
2024-10-25,0.8129159808158875,0.8223684830488744,0.8129159808158875,0.8129159808158875,291200.0
2024-10-28,0.8129160190624491,0.8318210244178772,0.8129160190624491,0.8318210244178772,363900.0
2024-10-29,0.822368482601137,0.8270947337150574,0.822368482601137,0.8270947337150574,140700.0
2024-10-30,0.8270947337150574,0.8270947337150574,0.8129159803732965,0.8270947337150574,823200.0
2024-11-01,0.8270947337150574,0.8270947337150574,0.8081897292593762,0.8270947337150574,199700.0
2024-11-04,0.8270947341653679,0.8270947341653679,0.808189729699394,0.8129159808158875,88300.0
2024-11-05,0.8129159808158875,0.8223684830488744,0.7940109200085559,0.8129159808158875,152700.0
2024-11-06,0.8129159808158875,0.8223684830488744,0.798737227466407,0.8129159808158875,18100.0
2024-11-07,0.8129160213235431,0.8129160213235431,0.7987372672675345,0.8034635186195374,81200.0
2024-11-08,0.8034635389932102,0.8081897904650581,0.7940109797081526,0.7987372875213623,137500.0
2024-11-11,0.7987372447741626,0.8081897472119749,0.7845584347760854,0.7940109372138977,116000.0
2024-11-12,0.7940109372138977,0.7987372447741626,0.7892846859949916,0.7940109372138977,109900.0
2024-11-13,0.7892846665151634,0.7987372250610419,0.7845584154129028,0.7845584154129028,160600.0
2024-11-14,0.7892847061157227,0.7940109574551121,0.7845584547763332,0.7892847061157227,140100.0
2024-11-15,0.7892846665151634,0.7940109176174239,0.7703796621061211,0.7845584154129028,190300.0
2024-11-18,0.7798321243919002,0.7798321243919002,0.7609271209505841,0.7656533718109131,145500.0
2024-11-19,0.7656534306442357,0.7798321843147278,0.7609271794207383,0.7798321843147278,90000.0
2024-11-20,0.779832104387266,0.779832104387266,0.7656533521699992,0.7703796029090881,71900.0
2024-11-21,0.7703796029090881,0.779832104387266,0.7703796029090881,0.7703796029090881,81800.0
2024-11-22,0.7703796029090881,0.7892846058654439,0.7609271014309102,0.7703796029090881,263000.0
2024-11-25,0.7656534516706728,0.7703797030239629,0.7609272003173828,0.7609272003173828,114800.0
2024-11-26,0.7656533916463679,0.775105893611908,0.7609271406635979,0.775105893611908,65300.0
2024-11-27,0.7656534516706728,0.7703797030239629,0.7609272003173828,0.7609272003173828,21300.0
2024-11-28,0.7609271607219187,0.7656534118292745,0.7514746585072073,0.756200909614563,80700.0
2024-11-29,0.7514746976108027,0.7656534516706728,0.7467484462575126,0.7609272003173828,17200.0
2024-12-02,0.7609271014309102,0.7751058536481771,0.7609271014309102,0.7703796029090881,153400.0
2024-12-03,0.7703796818677331,0.7798321843147278,0.7656534306442357,0.7798321843147278,58300.0
2024-12-04,0.779832144594678,0.779832144594678,0.7656533916463679,0.775105893611908,237500.0
2024-12-05,0.7798322034369437,0.7892847061157227,0.7751059520975543,0.7892847061157227,126600.0
2024-12-06,0.784558395577448,0.784558395577448,0.775105893611908,0.775105893611908,74000.0
2024-12-09,0.7751059323382731,0.7940109372138977,0.7703796811193669,0.7940109372138977,335900.0
2024-12-10,0.7892847282363047,0.7987372875213623,0.775105973820761,0.7987372875213623,469200.0
2024-12-11,0.7845584347760854,0.7940109372138977,0.7798321835571793,0.7940109372138977,52100.0
2024-12-12,0.7940109176174239,0.7940109176174239,0.7845584154129028,0.7845584154129028,28700.0
2024-12-13,0.7845584568701655,0.8034635186195374,0.7845584568701655,0.8034635186195374,447900.0
2024-12-16,0.8129159993935373,0.8365472555160522,0.8081897481690343,0.8365472555160522,1232600.0
2024-12-17,0.8365471956714319,0.8365471956714319,0.8129159412394413,0.8223684430122375,782300.0
2024-12-18,0.8129159016531721,0.8223684029656633,0.8081896509969265,0.8176421523094177,99000.0
2024-12-19,0.8081896509969265,0.8176421523094177,0.8081896509969265,0.8176421523094177,223400.0
2024-12-20,0.8129160213235431,0.822368524027549,0.8034635186195374,0.8034635186195374,255200.0
2024-12-23,0.8081896901130676,0.8129159409980624,0.7987371883430782,0.8081896901130676,276000.0
2024-12-24,0.8081897481690343,0.8412735067405552,0.8081897481690343,0.8365472555160522,551000.0
2024-12-26,0.8365472547546189,0.8507260084152222,0.8318210035344178,0.8507260084152222,602100.0
2024-12-27,0.8507259884043674,0.8649047980728143,0.8507259884043674,0.8554522395133972,679800.0
2024-12-30,0.8649048209190369,0.8696310721529092,0.8554522621099331,0.8649048209190369,263900.0
2024-12-31,0.8649047812332273,0.8649047812332273,0.8554522228578504,0.860178530216217,101900.0
2025-01-02,0.8649048193650911,0.8932623267173767,0.8554522605729705,0.8932623267173767,1004600.0
2025-01-03,0.8885361365228774,0.8979886396229034,0.8790836334228516,0.8790836334228516,554100.0
2025-01-06,0.87908349401357,0.8932622464150742,0.8696309924125671,0.8696309924125671,278100.0
2025-01-07,0.8932622870299517,0.8932622870299517,0.8743572829683727,0.8885360360145569,671700.0
2025-01-08,0.8885360560382857,0.8885360560382857,0.8838098049163818,0.8838098049163818,147000.0
2025-01-09,0.8838097448140714,0.8838097448140714,0.8649047416120658,0.8696309924125671,549500.0
2025-01-10,0.860178530216217,0.8696310322502376,0.8507259718408401,0.860178530216217,383800.0
2025-01-13,0.8601786272227997,0.8838098849728645,0.8459998162313981,0.8790836334228516,401500.0
2025-01-14,0.8790836334228516,0.8885361365228774,0.8790836334228516,0.8790836334228516,193000.0
2025-01-15,0.8696310721529092,0.8790835746206541,0.8649048209190369,0.8649048209190369,45700.0
2025-01-16,0.8649048787728126,0.8838098849728645,0.8649048787728126,0.8790836334228516,145200.0
2025-01-17,0.8743573026725742,0.8838098049163818,0.8743573026725742,0.8838098049163818,164100.0
2025-01-20,0.8838098049163818,0.8838098049163818,0.8743573026725742,0.8838098049163818,159800.0
2025-01-21,0.8932623267173767,0.9027148291681384,0.8885360754919958,0.8932623267173767,937100.0
2025-01-22,0.8932622870299517,0.8932622870299517,0.8790835339837675,0.8885360360145569,341000.0
2025-01-23,0.8885360358698517,0.9027147889137268,0.8790835338406016,0.9027147889137268,860200.0
2025-01-24,0.9027147889137268,0.9168935982989582,0.8932622868844767,0.9027147889137268,960400.0
2025-01-27,0.9027148084805832,0.9168936181731484,0.897988557363514,0.9121673107147216,824100.0
2025-01-28,0.9168936209557116,0.9263461232185364,0.9121673134829418,0.9263461232185364,559000.0
2025-01-31,0.9263461227309326,0.9452511272466309,0.9216198716020082,0.9405248761177064,1173300.0
2025-02-03,0.9310722741567072,0.9357985247795249,0.9216197729110718,0.9216197729110718,1336300.0
2025-02-04,0.9216197729110718,0.9310722741567072,0.9216197729110718,0.9216197729110718,247300.0
2025-02-05,0.9216199112567918,0.9310724139213562,0.9121673522508672,0.9310724139213562,722200.0
2025-02-06,0.9310723743499488,0.935798625481361,0.9263461232185364,0.9263461232185364,477300.0
2025-02-07,0.9310724150360072,0.9310724150360072,0.9168936610221864,0.9168936610221864,553900.0
2025-02-10,0.9121673134829418,0.9310723743499488,0.9121673134829418,0.9263461232185364,429300.0
2025-02-11,0.9263461425593515,0.9405248962496212,0.9216198913292616,0.9357986450195312,747000.0
2025-02-12,0.9263461636980668,0.9310724150360072,0.8979885993290647,0.9168936610221864,1083500.0
2025-02-13,0.9168935984482818,0.9168935984482818,0.8838097849991622,0.8885360360145569,1741300.0
2025-02-14,0.8885360754919958,0.9027148291681384,0.8838098242666148,0.8932623267173767,273700.0
2025-02-17,0.8979885779427575,0.8979885779427575,0.8885360754919958,0.8932623267173767,152100.0
2025-02-18,0.8885360358698517,0.9121672909429768,0.8885360358698517,0.9027147889137268,237300.0
2025-02-19,0.9027148084805832,0.9168936181731484,0.897988557363514,0.9121673107147216,767300.0
2025-02-20,0.9121673134829418,0.935798625481361,0.9121673134829418,0.9263461232185364,824200.0
2025-02-21,0.931072334702144,0.9736085930735356,0.931072334702144,0.9641560912132264,2947000.0
2025-02-24,0.9641560519343536,0.9736085534095764,0.9547035504591312,0.9736085534095764,481800.0
2025-02-25,0.9736085930735356,0.992513596794154,0.9641560912132264,0.9641560912132264,1539200.0
2025-02-26,0.9641560912132264,0.9736085930735356,0.9641560912132264,0.9641560912132264,993500.0
2025-02-27,0.9452511046995844,0.9452511046995844,0.8649047810830081,0.874357283115387,3147200.0
2025-02-28,0.8790835746206541,0.888536077088399,0.8507260108760607,0.8649048209190369,1414100.0
2025-03-03,0.8649048787728126,0.8838098849728645,0.8507260677814111,0.8790836334228516,705100.0
2025-03-04,0.8838098057778586,0.9547036290168762,0.879083554651348,0.9547036290168762,1456300.0
2025-03-05,0.9547036290168762,0.9830611357759402,0.9547036290168762,0.9547036290168762,1221400.0
2025-03-06,0.9641561899190112,1.03977632522583,0.9641561899190112,1.03977632522583,2266900.0
2025-03-07,1.0492288665800504,1.0492288665800504,0.992513734846756,1.0019662380218506,682600.0
2025-03-10,1.0114186610416784,1.0397761651602953,1.0114186610416784,1.0208711624145508,799400.0
2025-03-11,1.0019661393027832,1.011418754229282,0.9736086325714324,0.983061134815216,708000.0
2025-03-12,0.992513734846756,1.0019662380218506,0.9641562253214716,1.0019662380218506,587200.0
2025-03-13,0.992513734846756,1.0114188538796716,0.9830612316716612,1.0019662380218506,234000.0
2025-03-14,0.9925135563600216,0.9925135563600216,0.9641560519343536,0.9736085534095764,502300.0
2025-03-17,0.9736085534095764,0.983061054884799,0.9736085534095764,0.9736085534095764,278700.0
2025-03-18,0.9830612316716612,1.0114188538796716,0.9830612316716612,1.0019662380218506,892500.0
2025-03-19,1.0114186719931728,1.0114186719931728,0.9641560519343536,0.9736085534095764,386800.0
2025-03-20,0.9830610949338447,0.9830610949338447,0.9641560912132264,0.9641560912132264,222500.0
2025-03-21,0.9641560912132264,0.9830610949338447,0.9547035893529172,0.9641560912132264,345100.0
2025-03-24,0.9830610442403568,1.0208711624145508,0.9830610442403568,1.0208711624145508,1106100.0
2025-03-25,1.0208711624145508,1.0397761651602953,1.0114186610416784,1.0208711624145508,823500.0
2025-03-26,1.0208712030683982,1.0775862135641767,1.0208712030683982,1.0681337118148804,1617300.0
2025-03-27,1.0870388739756078,1.1721115148190266,1.0870388739756078,1.143754005432129,5206200.0
2025-03-28,1.1532063871505276,1.2099213999533174,1.1532063871505276,1.200468897819519,4434300.0
2025-04-01,1.191016355684504,1.191016355684504,1.1532063484191897,1.1532063484191897,1260700.0
2025-04-02,1.1532064273614335,1.1815639347516202,1.143753924898038,1.162658929824829,1471600.0
2025-04-03,1.1248488355580546,1.143753839066138,1.0964912176132202,1.0964912176132202,992700.0
2025-04-04,1.0870387559258723,1.09649125802832,1.0492287475160829,1.0586812496185305,1529600.0
2025-04-07,0.9925136597806096,0.9925136597806096,0.9074410812976332,0.9357986450195312,1989800.0
2025-04-08,0.9357986249887816,0.973608634020178,0.9310723738598572,0.9405248761177064,946400.0
2025-04-09,0.926346121354874,0.9405248747205855,0.8601785493068627,0.8838098049163818,2213000.0
2025-04-10,0.9641560519343536,0.9736085534095764,0.9405247982462972,0.9736085534095764,1382000.0
2025-04-11,0.9641561312698976,0.9925136380289616,0.9263461222578122,0.9547036290168762,1029700.0
2025-04-14,0.9830611541861684,1.0208712765890562,0.9830611541861684,0.9925136566162108,676600.0
2025-04-15,1.0019660469861014,1.0208711624145508,0.9925135456132292,1.0208711624145508,521900.0
2025-04-16,1.0208711624145508,1.0397761651602953,1.0019660469861014,1.0208711624145508,626400.0
2025-04-17,1.0208712417130732,1.0303237438201904,1.0019661248161256,1.0303237438201904,423200.0
2025-04-21,1.0397762459273077,1.0397762459273077,1.0114187396059562,1.0303237438201904,223000.0
2025-04-22,1.0208712417130732,1.058681250141542,1.0114187396059562,1.0303237438201904,499600.0
2025-04-23,1.0303237438201904,1.0397762459273077,1.0114187396059562,1.0303237438201904,219700.0
2025-04-24,1.020871164048876,1.0681336709889004,1.020871164048876,1.0492286682128906,688800.0
2025-04-25,1.0586813308818543,1.0586813308818543,1.030323822397818,1.03977632522583,306200.0
2025-04-28,1.0397761668248855,1.0586811696008955,1.0303236654368808,1.0492286682128906,354500.0
2025-04-29,1.0397761651602953,1.0492286665331676,1.0114186610416784,1.0208711624145508,511700.0
2025-04-30,1.0208712417130732,1.0397762459273077,1.0208712417130732,1.0303237438201904,301100.0
2025-05-02,1.0497639772512837,1.0594840044216958,1.0303238070385956,1.0400439500808716,433200.0
2025-05-05,1.0497639128400724,1.0497639128400724,1.0108836906721652,1.0303237438201904,229300.0
2025-05-06,1.0303238070385956,1.0594840044216958,1.0206037798681835,1.0400439500808716,404200.0
2025-05-07,1.040043836232915,1.088643966764983,1.0303236942546503,1.0789239406585691,747500.0
2025-05-08,1.0789238752655477,1.0789238752655477,1.049763798713684,1.049763798713684,555700.0
2025-05-09,1.069203911846896,1.069203911846896,1.0497638596832553,1.0594838857650757,478300.0
2025-05-13,1.0789238791595466,1.0789238791595466,1.059483828054809,1.0692038536071775,344500.0
2025-05-14,1.0692039145521557,1.088643966764983,1.059483888445742,1.0789239406585691,354100.0
2025-05-15,1.0886439744633074,1.1372441053390503,1.0692039221130103,1.1372441053390503,1739300.0
2025-05-16,1.1275240284599066,1.1761242730219812,1.1275240284599066,1.1664042472839355,1335400.0
2025-05-19,1.1566842735611993,1.166404299736348,1.1275240791639016,1.1372441053390503,603700.0
2025-05-20,1.1469640695883665,1.1469640695883665,1.117803992637305,1.1275240182876587,595900.0
2025-05-21,1.12752402181955,1.1469640731811523,1.117803996138749,1.1469640731811523,275700.0
2025-05-22,1.12752402181955,1.1469640731811523,1.117803996138749,1.1469640731811523,405100.0
2025-05-23,1.15668422154589,1.1761242730219812,1.15668422154589,1.1664042472839355,755000.0
2025-05-26,1.1566842735611993,1.1566842735611993,1.1372441053390503,1.1372441053390503,310900.0
2025-05-27,1.1469641373454154,1.166404305666399,1.1275240848962842,1.1566842794418335,416900.0
2025-05-28,1.1566842147337997,1.1566842147337997,1.1372440475003511,1.1469640731811523,413100.0
2025-05-29,1.1469641373454154,1.166404305666399,1.1275240848962842,1.1566842794418335,375800.0
2025-05-30,1.1566842147337997,1.1566842147337997,1.1469640731811523,1.1469640731811523,194300.0
2025-06-02,1.1469640695883665,1.1469640695883665,1.117803992637305,1.1275240182876587,368700.0
2025-06-03,1.1275240791639016,1.1469641315141987,1.1275240791639016,1.1372441053390503,239400.0
2025-06-04,1.1372441053390503,1.1469641315141987,1.1275240791639016,1.1372441053390503,188700.0
2025-06-05,1.1469639729989938,1.215004262693434,1.1275239233353926,1.2052842378616333,2176900.0
2025-06-06,1.205284360325592,1.2344444377838286,1.1761242828673557,1.2247244119644165,1112800.0
2025-06-09,1.2247244119644165,1.2344444377838286,1.2150043861450042,1.2247244119644165,1295100.0
2025-06-10,1.2247242875252344,1.2247242875252344,1.1955642130298327,1.2052842378616333,536600.0
2025-06-11,1.2052844178390842,1.2247244704055449,1.1955643915558538,1.2150044441223145,614800.0
2025-06-12,1.205284360325592,1.244164463603241,1.205284360325592,1.2247244119644165,1257400.0
2025-06-13,1.2052844178390842,1.2150044441223145,1.1858443652726236,1.2150044441223145,1284000.0
2025-06-16,1.2052842378616333,1.215004262693434,1.2052842378616333,1.2052842378616333,504900.0
2025-06-17,1.215004392403984,1.2636045217514038,1.215004392403984,1.2636045217514038,2314200.0
2025-06-18,1.2538845655446724,1.341364919102071,1.2441645391351674,1.331644892692566,3406500.0
2025-06-19,1.3316447017227262,1.3316447017227262,1.2830445766448977,1.2830445766448977,832000.0
2025-06-20,1.292764663696289,1.3024846891782893,1.283044638214289,1.292764663696289,388500.0
2025-06-23,1.2830447510111704,1.2927647773476914,1.2441645297932324,1.2733246088027954,1326300.0
2025-06-24,1.292764730609149,1.341364860534668,1.292764730609149,1.341364860534668,2014200.0
2025-06-25,1.360804926917764,1.419125199317932,1.3413648747416582,1.419125199317932,4194700.0
2025-06-26,1.4094051257553726,1.5163254091224436,1.39968509999473,1.4871653318405151,4776500.0
2025-06-27,1.4871653927332724,1.5163254712091754,1.4580053142573697,1.4968854188919067,1916800.0
2025-06-30,1.5163254819986347,1.564925729009475,1.4871654033152424,1.5552057027816772,2189000.0
2025-07-01,1.5552057051894783,1.574645757675171,1.516325484346241,1.574645757675171,1702100.0
2025-07-02,1.574645696488933,1.6135257999495478,1.5454856188934718,1.5649256706237793,1651400.0
2025-07-03,1.564925729009475,1.5843657814650696,1.5552057027816772,1.5552057027816772,622800.0
2025-07-04,1.564925616767447,1.6038057188900177,1.5552055912368044,1.594085693359375,1463600.0
2025-07-07,1.5940857482192403,1.6135257999495478,1.5260455671631643,1.5649256706237793,2114200.0
2025-07-08,1.555205530848338,1.6038056566144137,1.5454855056951229,1.5843656063079834,1169300.0
2025-07-09,1.5843656063079834,1.5940856314611984,1.5649255560015531,1.5843656063079834,708300.0
2025-07-10,1.5940856522591824,1.6718459703712796,1.5940856522591824,1.6621259450912476,3581700.0
2025-07-11,1.6621260613265838,1.6621260613265838,1.632965867575424,1.6426860094070437,773500.0
2025-07-14,1.642686064513348,1.6524060907991904,1.6135258697839667,1.632965922355652,674000.0
2025-07-15,1.6621260613265838,1.6621260613265838,1.632965867575424,1.6426860094070437,904200.0
2025-07-16,1.6524060353668135,1.681566113246124,1.6426860094070437,1.6426860094070437,1316800.0
2025-07-17,1.6426860094070437,1.7010061651656645,1.632965867575424,1.6426860094070437,1914600.0
2025-07-18,1.6426860094070437,1.671846087286354,1.632965867575424,1.6426860094070437,807800.0
2025-07-21,1.6621260517035876,1.6621260517035876,1.5940857545072713,1.6038057804107666,1134600.0
2025-07-22,1.5940856563671737,1.691286025289822,1.574645605757012,1.6815659999847412,2616300.0
2025-07-23,1.6815660577818066,1.691286083420974,1.652405980864304,1.6718460321426392,841800.0
2025-07-24,1.6815659956513116,1.7010060462113754,1.6524059198112155,1.6621259450912476,1369800.0
2025-07-25,1.6718460357162443,1.701006112696077,1.6426859587364118,1.6912860870361328,841500.0
2025-07-28,1.6912860870361328,1.7107261383560213,1.6621260100563002,1.6912860870361328,1747600.0
2025-07-29,1.691286201734964,1.691286201734964,1.6232459016291845,1.652406096458435,1281200.0
2025-07-30,1.6329658612262377,1.642686003020064,1.6135258093822828,1.6232458353042605,536000.0
2025-07-31,1.6329657954819456,1.6329657954819456,1.564925616767447,1.594085693359375,1020400.0
2025-08-01,1.5940858172122814,1.632965922355652,1.5843657909264388,1.632965922355652,646600.0
2025-08-04,1.6232459016291845,1.6621261227775672,1.5940858226717878,1.652406096458435,1032000.0
2025-08-05,1.6718461578135406,1.739886342402221,1.662126131443729,1.7301663160324097,2971500.0
2025-08-06,1.7301661544488716,1.817646499479072,1.7301661544488716,1.798206448554993,3736400.0
2025-08-07,1.798206437029518,1.798206437029518,1.7496061941589758,1.7593262195587158,1161200.0
2025-08-08,1.7593262154189588,1.7593262154189588,1.7107260885346174,1.7398861646652222,954100.0
2025-08-11,1.7884864807128906,1.856526661139229,1.7787664549376994,1.7884864807128906,2446200.0
2025-08-12,1.8079266548156736,1.8273667076838227,1.7787665755134503,1.8079266548156736,879100.0
2025-08-13,1.7301661308669054,1.7301661308669054,1.6524059282304506,1.7010060548782349,3923500.0
2025-08-14,1.7107260885346174,1.7593262154189588,1.7107260885346174,1.7398861646652222,1655100.0
2025-08-15,1.7496062681419808,1.827366590499878,1.7301662165204683,1.827366590499878,2705600.0
2025-08-18,1.81764640739378,1.914846772961672,1.798206357454569,1.895406723022461,3331100.0
2025-08-19,1.9342870783877613,2.0412073671757978,1.9342870783877613,1.9926072359085083,4369800.0
2025-08-20,1.992607200722785,2.1189677715301514,1.9731671485591444,2.1189677715301514,2952600.0
2025-08-21,2.1384078442260206,2.3036482892035464,2.1384078442260206,2.2744882106781006,3590700.0
2025-08-22,2.2939281598719954,2.361968571782008,2.2842081341339497,2.332808494567871,3950500.0
2025-08-25,2.3522484993646735,2.4397287292710788,2.342528473819517,2.400848627090454,5221400.0
2025-08-26,2.4591689164352246,2.5466491511821965,2.439728864269231,2.498049020767212,4943600.0
2025-08-27,2.537233946482827,2.586215485273263,2.478456380207847,2.507845163345337,3127900.0
2025-08-28,2.5176414258685873,2.5764192257393463,2.5078451648170086,2.527437686920166,3075800.0
2025-08-29,2.5470303283192557,2.5470303283192557,2.4784564977463943,2.498049020767212,2853900.0
2025-09-01,2.49804889461235,2.49804889461235,2.400086284455507,2.4098825454711914,2338500.0
2025-09-02,2.4196789264678955,2.429475187969332,2.351105095957837,2.4196789264678955,1319100.0
2025-09-03,2.4196789270352568,2.4784564960576603,2.390290142524055,2.4392714500427246,1666800.0
2025-09-04,2.439271325342032,2.439271325342032,2.351104976315676,2.370697498321533,1665600.0
2025-09-05,2.3609012373186045,2.409882542333247,2.282530915733892,2.370697498321533,3724300.0
2025-09-08,2.3609013580128533,2.4686602345539264,2.3609013580128533,2.4392714500427246,2517800.0
2025-09-09,2.439271198692982,2.44906745918728,2.3315123332557017,2.34130859375,1537300.0
2025-09-10,2.341308713750313,2.4196788017214415,2.341308713750313,2.351104974746704,2002200.0
2025-09-11,2.360901235743095,2.40988254072505,2.341308713750313,2.351104974746704,1518000.0
2025-09-12,2.3609013563247783,2.4000864023116963,2.351105094828049,2.3804938793182373,1106400.0
2025-09-15,2.409882664392169,2.419678925891271,2.3706976183957593,2.4000864028930664,1787500.0
2025-09-16,2.4000862797286593,2.40988254072505,2.341308713750313,2.351104974746704,1578700.0
2025-09-17,2.360901114738596,2.360901114738596,2.2923270577172357,2.34130859375,1788000.0
2025-09-18,2.3511049793770855,2.449067589533928,2.331512457345717,2.4098825454711914,3661900.0
2025-09-19,2.409882664392169,2.458863971887681,2.390290141393964,2.4000864028930664,1011900.0
2025-09-22,2.4098825439150793,2.4098825439150793,2.360901238868286,2.3902900218963623,482100.0
2025-09-23,2.39029002032739,2.419678803336175,2.370697498321533,2.370697498321533,422500.0
2025-09-24,2.360901357459274,2.4196789264678955,2.360901357459274,2.4196789264678955,861900.0
2025-09-25,2.409882542333247,2.429475064339103,2.370697498321533,2.370697498321533,804500.0
2025-09-26,2.360901235743095,2.4000862797286593,2.341308713750313,2.351104974746704,1608400.0
2025-09-29,2.3511050953975543,2.4000864028930664,2.3119198158398473,2.4000864028930664,1382900.0
2025-09-30,2.400086404027789,2.4490677115464585,2.370697619516587,2.4392714500427246,1721500.0
2025-10-01,2.439271451704759,2.5078452822776205,2.419678928683942,2.498049020767212,2368800.0
2025-10-02,2.488252526527528,2.537233829498291,2.4588637447450696,2.537233829498291,1095600.0
2025-10-03,2.537233946482827,2.576419224227433,2.507845163345337,2.507845163345337,1854400.0
2025-10-06,2.5078452839078156,2.5764193480865507,2.5078452839078156,2.556826591491699,1610200.0
2025-10-07,2.566622734069824,2.5862154897567367,2.5372339508813857,2.566622734069824,757400.0
2025-10-08,2.586215504106206,2.7331594208637076,2.586215504106206,2.703770637512207,3004100.0
2025-10-09,2.723363158386476,2.723363158386476,2.6645855917128287,2.684178113937378,832700.0
2025-10-10,2.684178100384865,2.693974361447678,2.566622734069824,2.566622734069824,1119600.0
2025-10-13,2.5078452839078156,2.566622853008476,2.4686602378407088,2.556826591491699,919100.0
2025-10-14,2.596011871120104,2.6156043941536575,2.527437806941369,2.556826591491699,1779300.0
2025-10-15,2.586215504106206,2.7233631597465404,2.54703022607625,2.703770637512207,2255900.0
2025-10-16,2.7037706291036447,2.723363151277047,2.566622740328543,2.5862154960632324,1119500.0
2025-10-17,2.6058082558978537,2.6058082558978537,2.449067830653931,2.468660354614258,1780100.0
2025-10-21,2.370697605499926,2.390290128391554,1.9298653733157085,2.164975881576538,8453500.0
2025-10-22,2.1649757632442888,2.2139570677961604,2.0768091814896357,2.174772024154663,3403100.0
2025-10-23,2.204160930687073,2.3021235452930906,2.1649758848446656,2.2629384994506836,2360400.0
2025-10-24,2.2825309172321315,2.4098825439150793,2.2825309172321315,2.3902900218963623,1758100.0
2025-10-27,2.4392713220590565,2.4392713220590565,2.3021234346413584,2.331512451171875,1894700.0
2025-10-28,2.351104846706537,2.38049362809521,2.311919571293701,2.321715831756592,798600.0
2025-10-29,2.341308713750313,2.3706974967394863,2.3217159581962457,2.351104974746704,875600.0
2025-10-30,2.341308832754774,2.3706976172377257,2.3315125712604567,2.360901355743408,744600.0
2025-10-31,2.341308832754774,2.3902901402263597,2.341308832754774,2.360901355743408,608900.0
2025-11-03,2.3511050953975543,2.429475187390374,2.3511050953975543,2.4000864028930664,1167100.0
2025-11-04,2.400086156715789,2.4196786777043853,2.3315123332557017,2.34130859375,786000.0
2025-11-05,2.321715831756592,2.3413085862436462,2.2727345294421375,2.321715831756592,1085900.0
2025-11-06,2.3315124543098196,2.4000862813303185,2.311919698742677,2.370697498321533,1014200.0
2025-11-07,2.360901234141106,2.4000862781000816,2.311919695631102,2.331512451171875,1054400.0
2025-11-10,2.3315123332557017,2.3511048542442983,2.302123318211534,2.34130859375,592600.0
2025-11-11,2.331512452753922,2.380493757735877,2.331512452753922,2.351104974746704,912000.0
2025-11-12,2.3706973752328944,2.3804936357271926,2.3315123332557017,2.34130859375,585700.0
2025-11-13,2.331512564560132,2.331512564560132,2.272734762201848,2.302123546600342,1194800.0
2025-11-14,2.29232728448892,2.311919807415734,2.2727347615621056,2.2825310230255127,1074300.0
2025-11-17,2.282531142047984,2.292327404022217,2.262938618099519,2.292327404022217,1522500.0
2025-11-18,2.282531020341291,2.282531020341291,2.184568405822423,2.2041609287261963,2517400.0
2025-11-19,2.1845682868112872,2.2433458523205174,2.174772025893082,2.194364547729492,1224100.0
2025-11-20,2.1943646679364965,2.2727347595752403,2.1943646679364965,2.2237534523010254,1428600.0
2025-11-21,2.20416080509184,2.20416080509184,2.145383239677433,2.155179500579834,2886100.0
2025-11-24,2.1747721416244654,2.1845684030639827,2.12579083442688,2.12579083442688,7011900.0
2025-11-25,2.135587094442141,2.1747721401740763,2.0866057872772217,2.0866057872772217,1303200.0
2025-11-26,2.1061984302656183,2.1257909542490028,2.057216886745848,2.096402168273926,2113300.0
2025-11-27,2.0866059062822337,2.1257909542490028,2.0866059062822337,2.096402168273926,619100.0
2025-11-28,2.096402163783242,2.10619842575395,2.057216882339102,2.0768094062805176,883700.0
2025-12-01,2.086605672533595,2.135586977005005,2.086605672533595,2.135586977005005,845200.0
2025-12-02,2.106198310852051,2.106198310852051,2.076809292981912,2.106198310852051,589400.0
2025-12-03,2.106198304471525,2.145383350097941,2.0572167638772094,2.0670130252838135,2578800.0
2025-12-04,2.067012903196252,2.0768091640242425,2.008235338228309,2.0376241207122803,835300.0
2025-12-05,2.018031723685039,2.0866057872772217,2.018031723685039,2.0866057872772217,601700.0
2025-12-08,2.0866059021843575,2.0866059021843575,2.0572168827056885,2.0572168827056885,183700.0
2025-12-09,2.0572167623318913,2.0572167623318913,2.0180317167349098,2.0278279781341553,550800.0
2025-12-10,2.0278279789030647,2.057216763111944,2.0278279789030647,2.0474205017089844,316100.0
2025-12-11,2.0572167638772094,2.106198304471525,2.0572167638772094,2.0670130252838135,835900.0
2025-12-12,2.076809063543678,2.155179379937156,2.076809063543678,2.14538311958313,1774800.0
2025-12-15,2.1453832378992868,2.1649757596878505,2.115994455216441,2.135586977005005,619100.0
2025-12-16,2.12579083442688,2.1747721416244654,2.1061983115478458,2.12579083442688,509200.0
2025-12-17,2.1061981977820423,2.1845682850650374,2.096401936871668,2.174772024154663,972600.0
2025-12-18,2.164975764974877,2.204160808647697,2.164975764974877,2.194364547729492,911500.0
2025-12-19,2.1943647846406424,2.2727348804473877,2.1845685226647995,2.2727348804473877,3468000.0
2025-12-22,2.2825307972229374,2.3511048542442983,2.2335494947514465,2.34130859375,1506200.0
2025-12-23,2.3511050874924613,2.3511050874924613,2.2923272851341774,2.302123546600342,1039100.0
2025-12-24,2.311919927597046,2.3217161895696954,2.292327403651747,2.311919927597046,341500.0
2025-12-26,2.3119196971998544,2.360901235743095,2.3119196971998544,2.351104974746704,861600.0
2025-12-29,2.360901471021602,2.3706977329942513,2.311919927597046,2.311919927597046,549300.0
2025-12-30,2.3217159581962457,2.360901235743095,2.292327175207072,2.351104974746704,847300.0
2025-12-31,2.351104974746704,2.351104974746704,2.3217159581962457,2.351104974746704,319900.0
2026-01-02,2.351104980870758,2.4392713300679283,2.351104980870758,2.4294750690460205,1509200.0
2026-01-05,2.449067830653931,2.478456616594421,2.4000865207531143,2.468660354614258,2021300.0
2026-01-06,2.478456616594421,2.4882528785745843,2.449067830653931,2.468660354614258,716900.0
2026-01-07,2.488252526527528,2.537233829498291,2.478456265933375,2.537233829498291,1091600.0
2026-01-08,2.5372339570684397,2.644993062583439,2.5372339570684397,2.5862154960632324,1971700.0
2026-01-09,2.5764192286939243,2.5862154897567367,2.5470302119441985,2.566622734069824,446400.0
2026-01-12,2.5862154974541225,2.615604280730031,2.576419236362153,2.6058080196380615,690600.0
2026-01-13,2.6058081405339975,2.693974494452183,2.6058081405339975,2.674381971359253,1160600.0
2026-01-14,2.66458559304354,2.7233631597465404,2.6254005485748726,2.703770637512207,1063100.0
2026-01-15,2.703770876716521,2.703770876716521,2.6449933048134313,2.664585828781128,780900.0
2026-01-16,2.664585474471778,2.693974256515503,2.6547892137905365,2.693974256515503,785300.0
2026-01-19,2.6939744934668877,2.6939744934668877,2.5960118780380657,2.6351969242095947,411200.0
2026-01-20,2.625400662175816,2.635196923716866,2.605808139093715,2.6156044006347656,415600.0
2026-01-21,2.5960116497030867,2.693974256515503,2.5764191283406035,2.693974256515503,1309600.0
2026-01-22,2.6939743763950403,2.703770637512207,2.66458559304354,2.703770637512207,1007400.0
2026-01-23,2.7135670258958213,2.8703074446829127,2.7135670258958213,2.831122398376465,2054000.0
2026-01-26,2.8213260234244286,2.9192886352539062,2.811529528680191,2.9192886352539062,1970100.0
2026-01-27,2.919288755070391,2.9584738014104555,2.870307447145311,2.9486775398254395,1094800.0
2026-01-28,3.036843667025222,3.164195291669626,3.0270474061726738,3.085825204849243,2621800.0
2026-01-29,3.144602896405926,3.1837879413917096,3.0858253289272506,3.1739916801452637,1895200.0
2026-01-30,3.1837880686865145,3.428694843200862,3.1837880686865145,3.360121011734009,3194000.0
2026-02-02,3.3601207614257036,3.4091020659675073,3.1935840924222876,3.281750440597534,1844100.0
2026-02-03,3.3013430828600048,3.330732100218595,3.2425655152654076,3.2915468215942383,1580700.0
2026-02-04,3.3503247509736767,3.4678798906619384,3.3307322276922995,3.418898582458496,2953800.0
2026-02-05,3.4384911051427616,3.4384911051427616,3.350324750391876,3.379713535308838,1330800.0
2026-02-06,3.360120890003764,3.4091021964198815,3.2817505661766835,3.3111395835876465,1085800.0
2026-02-09,3.3307321091440634,3.3895096768961688,3.3307321091440634,3.369917154312134,889100.0
2026-02-10,3.3797135350102527,3.3797135350102527,3.3209359651815213,3.360121011734009,622400.0
2026-02-11,3.360121011734009,3.3895097966483747,3.3111397035434,3.360121011734009,1094600.0
2026-02-12,3.3699171533155456,3.3699171533155456,3.3013430907304095,3.3503246307373047,1257900.0
2026-02-13,3.330731976905557,3.330731976905557,3.262157917022705,3.262157917022705,813500.0
2026-02-16,3.2719543068630483,3.3699171533155456,3.2621580455739276,3.3503246307373047,972100.0
2026-02-19,3.350324749796426,3.3797135347081646,3.3209359648846872,3.3405284881591797,1237900.0
2026-02-20,3.360120890003764,3.360120890003764,3.3013430887431308,3.3111395835876465,777400.0
2026-02-23,3.3307321081590637,3.3699171533155456,3.3111395855808228,3.3503246307373047,965000.0
2026-02-24,3.3307321071624756,3.340528368448665,3.291546828456426,3.3307321071624756,633700.0
2026-02-25,3.320935948078494,3.3797135176045168,2.9584738022120862,2.9878625869750977,5420500.0
2026-02-26,2.987862468354472,2.9976587295532227,2.7527519660231627,2.9976587295532227,4137000.0
2026-02-27,3.0172513797982425,3.1641955375671387,2.9388812868875247,3.1641955375671387,3831600.0
2026-03-02,2.9682701812933945,3.134806868437148,2.9682701812933945,3.03684401512146,2018400.0
2026-03-03,3.0368438940905844,3.0466401556756004,2.909492493485375,2.9486775398254395,1739900.0
2026-03-04,2.919288628999354,2.919288628999354,2.8017332614945527,2.8213260173797607,2197600.0
2026-03-05,2.8605111777354493,2.889899962410105,2.7821408517084008,2.8115296363830566,1731200.0
2026-03-06,2.8115295238944817,2.880103585619681,2.7625482180631176,2.84091854095459,1492600.0
2026-03-09,2.7821407250601227,2.7821407250601227,2.6547893306005546,2.684178113937378,1866700.0
2026-03-10,2.7429556872673357,2.7919369929475706,2.7037706427231476,2.782140731811523,1848100.0
2026-03-11,2.7919371123433567,2.8409186536795517,2.742955804568461,2.7723445892333984,1030900.0
2026-03-12,2.7723444706754767,2.8017332540836177,2.7037706427231476,2.782140731811523,1705900.0
2026-03-13,2.762548206915349,2.772344468042091,2.6939743790281567,2.7429556846618652,1774100.0
2026-03-16,2.7821406026466775,2.7821406026466775,2.644992953109295,2.693974256515503,916300.0
2026-03-17,2.6939746156072064,2.8996963508961113,2.6939746156072064,2.860511302947998,3202600.0
2026-03-18,2.860511071639858,2.9780662059783936,2.7821407485195433,2.9780662059783936,2582600.0
2026-03-19,2.9486775312752913,2.9486775312752913,2.7919371128082275,2.7919371128082275,2121600.0
2026-03-20,2.8115295165269547,2.8801035780724575,2.8017332553863525,2.8017332553863525,1610900.0
2026-03-23,2.762548197109574,2.762548197109574,2.6058080196380615,2.6058080196380615,2948600.0
2026-03-24,2.6841781165990812,2.7527519444530024,2.61560428874516,2.723363161087036,1834900.0
2026-03-25,2.8115296416619415,2.8507149215296885,2.742955810625657,2.831122398376465,2410500.0
2026-03-26,2.831122392595967,2.8898999619356296,2.7625483281383967,2.7919371128082275,1430900.0
2026-03-27,2.7625482095394296,2.8507147933251415,2.7429556872673357,2.782140731811523,940300.0
2026-03-30,2.7625483272118943,2.7625483272118943,2.71356701944527,2.7527520656585693,513400.0
2026-03-31,2.772344588765219,2.8017333734251935,2.7233632809985946,2.7527520656585693,1099900.0
2026-04-01,2.8213260173797607,2.8507148008656387,2.782140739170634,2.8213260173797607,1257500.0
2026-04-02,2.8213260044794968,2.8213260044794968,2.6939743763950403,2.703770637512207,1649000.0
2026-04-06,2.7233631649952414,2.782140731811523,2.6939743815871005,2.782140731811523,796300.0
2026-04-07,2.7625483272118943,2.782140850318544,2.703770757891945,2.7527520656585693,785900.0
2026-04-08,2.8115295263198923,2.899696110453695,2.7919370039704448,2.880103588104248,1768300.0
2026-04-09,2.8801037066854764,2.8898999682635376,2.8213261372171115,2.850714921951294,997400.0
2026-04-10,2.870307329339167,2.9780662023515925,2.8213260234244286,2.9192886352539062,1818900.0
2026-04-13,2.889899970709452,3.017251371332029,2.860511185950396,2.968270063400269,1609500.0
2026-04-14,2.9976586217871124,3.105417724660711,2.978066100093964,3.066232681274414,2005000.0
2026-04-15,3.10541808356443,3.2719545372033765,3.10541808356443,3.23276948928833,3093900.0
2026-04-16,3.2621580335601372,3.2621580335601372,3.1837879435357923,3.213176727294922,940500.0
2026-04-17,3.2425655099689163,3.2425655099689163,3.1641954199707985,3.1935842037200928,795800.0
2026-04-20,3.164195289740157,3.19358407227988,3.0466399260199837,3.066232681274414,1442700.0
2026-04-21,3.046639929712114,3.164195293574749,3.046639929712114,3.1054177284240723,1092800.0
2026-04-22,3.1446029091635856,3.3503246297348546,3.134806647877396,3.3307321071624756,3077900.0
2026-04-23,3.3405284805417943,3.350324742156702,3.154399276297244,3.183788061141968,2065800.0
2026-04-24,3.1935841970217296,3.1935841970217296,3.0662328010419007,3.076029062271118,1818000.0
2026-04-27,3.076029052704519,3.08582531390327,2.987862468354472,2.9976587295532227,1336200.0
2026-04-28,2.9976587295532227,2.9976587295532227,2.9976587295532227,2.9976587295532227,0.0
2026-04-29,2.948677416327314,2.9682699386767615,2.8605110657548005,2.880103588104248,3956400.0
2026-04-30,2.8898999682635376,2.909492491419659,2.8409186603732333,2.850714921951294,1702100.0
2026-05-04,2.870307207107544,2.9290847717021964,2.870307207107544,2.870307207107544,1849000.0
2026-05-05,2.8901025176645283,2.90000011932869,2.8604097126720425,2.880204916000366,1350500.0
2026-05-06,2.880205006902843,3.0682594444571265,2.880205006902843,2.998976230621338,2769300.0
2026-05-07,3.03856653182428,3.206825995494276,2.9890785236794097,3.187030792236328,3654000.0
2026-05-08,3.167235623595962,3.3058020479161163,3.058361768509829,3.2563140392303467,4161600.0
2026-05-11,3.3849829786506267,3.543344600871286,3.305801931562866,3.355290174484253,5276300.0
2026-05-12,3.3750853746868277,3.7017064562451742,3.365187773305588,3.662116050720215,6915900.0
2026-05-13,3.691808950600043,3.8105801702549007,3.563139893329844,3.7808873653411865,5355200.0
2026-05-14,3.840273163080802,3.840273163080802,3.721501708935063,3.8204777240753174,2574000.0
2026-05-15,3.8204777313345746,3.8402731703776727,3.4938566447736923,3.5136518478393555,4231300.0
2026-05-18,3.434471007186189,3.582935028951411,3.2662115465415047,3.3354947566986084,2716000.0
2026-05-19,3.3354948285833466,3.3354948285833466,3.177133201954188,3.276109218597412,2256600.0
2026-05-20,3.2959043613472896,3.2959043613472896,3.177133143558437,3.226621150970459,1358500.0
2026-05-21,3.2860069274902344,3.345392775391477,3.2365189175537368,3.2860069274902344,1837400.0
2026-05-22,3.3058020943874027,3.483959164138054,3.2860068906348237,3.4146759510040283,2314900.0
2026-05-25,3.4542663678498453,3.5334471830742724,3.4344711640437384,3.5037543773651123,1553000.0
2026-05-26,3.5235495466252216,3.5235495466252216,3.384983121341023,3.4344711303710938,971500.0
2026-05-27,3.4344711303710938,3.4344711303710938,3.4344711303710938,3.4344711303710938,0.0
2026-05-28,3.394880735087591,3.4839591516550272,3.2959044807018865,3.3255972862243652,1106200.0
2026-05-29,3.335494842284699,3.394880688492013,3.3058020371697614,3.365187883377075,1721800.0
2026-06-02,3.3750854091839577,3.384983010666362,3.1870307450408415,3.226621150970459,1705400.0
2026-06-03,3.226621198752224,3.2761092068970945,3.1474403857204316,3.187030792236328,1245100.0
2026-06-04,3.157338022078396,3.187030827291923,3.0286689635090074,3.058361768722534,2107000.0
2026-06-05,3.0979524863641954,3.0979524863641954,2.959385822715173,2.998976230621338,1918500.0
2026-06-08,2.9197953103709167,2.9890785217285156,2.890102505503374,2.9890785217285156,1368900.0
2026-06-09,3.0385666385275028,3.0583618424805854,2.9296930167855493,2.998976230621338,1275300.0
2026-06-10,2.9791809683426913,3.0088737736909974,2.9098977558633097,2.9494881629943848,857700.0
2026-06-11,2.92969287623621,2.92969287623621,2.801023820736509,2.919795274734497,2404700.0
2026-06-12,2.9494881276494995,2.9692833309778237,2.830716671702119,2.880204916000366,1618200.0
2026-06-15,2.9296929461305847,3.0781569721982187,2.900000140917058,3.058361768722534,2200000.0
2026-06-16,3.0781569966209563,3.0781569966209563,2.9692833766408655,3.0385665893554688,1184400.0
2026-06-17,3.0484642271907254,3.1375428805680152,3.0088738194574605,3.1078500747680664,1477300.0
2026-06-18,3.097952365875244,3.127645170650023,3.0484641219398436,3.097952365875244,1154400.0
2026-06-19,3.0979523267052236,3.1078499281716727,2.9890784745968495,3.0286688804626465,1260000.0
2026-06-22,2.9989761348070183,3.097952387387682,2.9890785331466954,3.0781569480895996,1007900.0
2026-06-23,3.0979524513016066,3.0979524513016066,2.919795381762799,2.9296929836273193,1451900.0
2026-06-24,2.9395906350501035,2.9791810431756356,2.8703074208304225,2.8901026248931885,1023100.0
2026-06-25,2.8901025418745188,2.919795347115737,2.8505121348862277,2.860409736633301,1325700.0
2026-06-26,2.8505121715911943,2.8505121715911943,2.711945509370466,2.731740713119507,2781200.0
2026-06-29,2.731740713119507,2.761433518743068,2.6327646943743024,2.731740713119507,1625900.0
2026-06-30,2.731740713119507,2.761433518743068,2.6822527037469044,2.731740713119507,944200.0
2026-07-01,2.731740713119507,2.7911263243666293,2.711945509370466,2.731740713119507,1241300.0
2026-07-02,2.7317406391832253,2.7317406391832253,2.583276379106255,2.59317398071289,2621900.0
2026-07-03,2.603071773556046,2.652559780738637,2.603071773556046,2.6327645778656006,2168000.0
2026-07-06,2.6525598046007586,2.6525598046007586,2.5733787564188773,2.612969398498535,1740900.0
2026-07-07,2.6129695054606423,2.662457515114218,2.6030719035299277,2.6228671073913574,1528800.0
2026-07-08,2.622867021510234,2.662457427936776,2.583276379106255,2.59317398071289,1265100.0
2026-07-09,2.6129695054606423,2.6525599131835023,2.5931740656217688,2.6228671073913574,1246400.0
2026-07-10,2.632764554535047,2.781228574767189,2.632764554535047,2.652559757232666,2640000.0
2026-07-13,2.6525599381435385,2.682252744215087,2.603071928024292,2.603071928024292,1258500.0
2026-07-14,2.6030717673552157,2.6030717673552157,2.4249147059448473,2.434812307357788,4781200.0
2026-07-15,2.4645052849299502,2.6030719504342117,2.3754268659484272,2.5832765102386475,3548900.0
2026-07-16,2.583276379106255,2.6426622247235048,2.5238907694664414,2.59317398071289,1634500.0
2026-07-17,2.5634813060205315,2.5832765102386475,2.513993295475241,2.5832765102386475,1419100.0
2026-07-20,2.5733788617603386,2.6327647093220725,2.5337884540374787,2.6228671073913574,1403200.0
2026-07-21,2.6129694906252614,2.751535916868548,2.6129694906252614,2.731740713119507,2433600.0
2026-07-22,2.7416382906997567,2.7515358924865723,2.652559874618417,2.7515358924865723,1875600.0
2026-07-23,2.7515359261258503,2.830716741388411,2.73174072231021,2.820819139480591,2532000.0
2026-07-24,2.8208191152023896,2.870307360292998,2.7713311060892223,2.840614318847656,1547200.0
2026-07-27,2.8604097945233335,2.9296930081550223,2.8010239468615845,2.909897804260254,1816600.0
2026-07-28,2.909897706579795,2.909897706579795,2.781228649605566,2.791126251220703,1796000.0
2026-07-29,2.7911263337571306,2.830716741388411,2.7515359261258503,2.820819139480591,1200300.0
2026-07-30,2.8010238769547287,2.8010238769547287,2.7515358684529105,2.7713310718536377,1123900.0
2026-07-31,2.810921513379756,2.870307360292998,2.810921513379756,2.840614318847656,944000.0
2026-08-03,2.7911263449142005,2.9296930081550223,2.7812287429668165,2.909897804260254,1406600.0
2026-08-04,2.9296930167855493,3.0286690365509616,2.9000002108559255,2.998976230621338,1854300.0
2026-08-05,3.0385664971369857,3.1375427482742824,2.979180888041068,3.1177475452423096,2995000.0
2026-08-06,3.117747615127027,3.117747615127027,3.0385665652468496,3.058361768722534,1052500.0
2026-08-07,3.058361661219649,3.0781568639995225,3.008873654269965,3.048464059829712,980800.0
2026-08-11,3.107849904146764,3.107849904146764,2.9593856473202806,3.048464059829712,1937300.0
2026-08-12,3.0583618755318533,3.1078501219268166,3.0088738651143374,3.0682594776153564,2615600.0
2026-08-13,3.2167236459568147,3.256314053073739,3.0880545868493705,3.1474404335021973,4078100.0
2026-08-14,3.1672355053440575,3.1870307080792917,3.058361654322839,3.1573379039764404,2667400.0
2026-08-17,3.1573380111656295,3.2068260196837945,3.0979524009438317,3.1672356128692627,2832000.0
2026-08-18,3.1573380844346475,3.167235686367964,3.0682594310573577,3.1078500747680664,2295300.0
2026-08-19,3.097952295770738,3.1771331067116746,3.058361654322839,3.1573379039764404,2635100.0
2026-08-20,3.1375428328444324,3.147440434627201,2.9197953576460787,2.9494881629943848,3926500.0
2026-08-21,2.9197952589666287,2.9197952589666287,2.820819008506571,2.830716609954834,2075700.0
2026-08-24,2.8604097231343486,2.8604097231343486,2.7416382667525467,2.7713310718536377,2150900.0
2026-08-25,2.7713310388190178,2.9494881032793465,2.731740632489486,2.9000000953674316,2615800.0
2026-08-26,2.9000000953674316,2.930000066757202,2.859999895095825,2.859999895095825,1175300.0
2026-08-27,2.880000114440918,2.9800000190734863,2.8499999046325684,2.9700000286102295,1634200.0
2026-08-28,2.990000009536743,3.119999885559082,2.9000000953674316,3.119999885559082,3250000.0
2026-08-31,3.0799999237060547,3.0999999046325684,2.930000066757202,2.930000066757202,2530200.0
2026-09-01,2.9800000190734863,3.0199999809265137,2.9200000762939453,2.9800000190734863,2161600.0
2026-09-02,2.9700000286102295,2.9800000190734863,2.880000114440918,2.9200000762939453,1845400.0
2026-09-03,2.940000057220459,2.9700000286102295,2.9200000762939453,2.940000057220459,721000.0
2026-09-04,2.9600000381469727,3.0399999618530273,2.940000057220459,3.0199999809265137,1847400.0
2026-09-07,3.0199999809265137,3.2100000381469727,3.0199999809265137,3.140000104904175,5809300.0
2026-09-08,3.1500000953674316,3.1600000858306885,3.0299999713897705,3.0899999141693115,1948600.0
2026-09-09,3.0799999237060547,3.0899999141693115,3.0299999713897705,3.059999942779541,1054900.0
2026-09-10,3.049999952316284,3.0799999237060547,2.9700000286102295,3.0399999618530273,2441700.0
2026-09-11,2.990000009536743,3.069999933242798,2.950000047683716,2.9800000190734863,1828600.0
2026-09-14,2.9800000190734863,2.9800000190734863,2.880000114440918,2.890000104904175,2059000.0
2026-09-15,2.890000104904175,2.9000000953674316,2.7899999618530273,2.819999933242798,2756900.0
2026-09-16,2.809999942779541,2.880000114440918,2.809999942779541,2.8399999141693115,830900.0
2026-09-17,2.8399999141693115,2.880000114440918,2.809999942779541,2.8499999046325684,1225582.0
2026-09-18,2.869999885559082,2.880000114440918,2.819999933242798,2.8399999141693115,1198100.0
2026-09-21,2.859999895095825,2.859999895095825,2.759999990463257,2.7799999713897705,1777100.0
2026-09-22,2.799999952316284,2.819999933242798,2.759999990463257,2.7699999809265137,1147600.0
2026-09-23,2.7899999618530273,2.809999942779541,2.759999990463257,2.759999990463257,941000.0
2026-09-24,2.759999990463257,2.7899999618530273,2.7200000286102295,2.740000009536743,1064900.0
2026-09-25,2.740000009536743,2.759999990463257,2.7200000286102295,2.75,744700.0
2026-09-28,2.740000009536743,2.809999942779541,2.7100000381469727,2.7699999809265137,1124400.0
2026-09-29,2.7699999809265137,2.799999952316284,2.7300000190734863,2.7300000190734863,807500.0
2026-09-30,2.75,2.759999990463257,2.7200000286102295,2.7200000286102295,548300.0
2026-10-01,2.7200000286102295,2.7300000190734863,2.630000114440918,2.640000104904175,1579700.0
2026-10-02,2.640000104904175,2.6600000858306885,2.609999895095825,2.630000114440918,1029700.0
