date,open,high,low,close,volume
2016-10-03,0.1499377661086408,0.156753122806549,0.1499377661086408,0.156753122806549,28100.0
2016-10-04,0.1499378063749925,0.1533454805612564,0.1499378063749925,0.1533454805612564,135600.0
2016-10-05,0.1533454675086872,0.1533454675086872,0.1499377936124801,0.1499377936124801,198200.0
2016-10-06,0.1533454805612564,0.1533454805612564,0.1533454805612564,0.1533454805612564,88200.0
2016-10-07,0.1533454805612564,0.1533454805612564,0.1499378063749925,0.1533454805612564,382500.0
2016-10-10,0.1499377936124801,0.1499377936124801,0.1499377936124801,0.1499377936124801,140000.0
2016-10-11,0.1533454805612564,0.1567531649031904,0.1533454805612564,0.1533454805612564,210200.0
2016-10-12,0.1533454805612564,0.1533454805612564,0.1533454805612564,0.1533454805612564,127000.0
2016-10-13,0.1533454675086872,0.1533454675086872,0.1499377936124801,0.1499377936124801,43000.0
2016-10-14,0.1499378063749925,0.1533454805612564,0.1499378063749925,0.1533454805612564,163600.0
2016-10-17,0.1499378063749925,0.1533454805612564,0.1499378063749925,0.1533454805612564,585000.0
2016-10-18,0.1499377936124801,0.1567531515605635,0.1499377936124801,0.1499377936124801,646900.0
2016-10-19,0.1533454805612564,0.1533454805612564,0.1533454805612564,0.1533454805612564,140000.0
2016-10-20,0.1567531649031904,0.1567531649031904,0.1533454805612564,0.1533454805612564,10400.0
2016-10-21,0.1499377936124801,0.1499377936124801,0.1499377936124801,0.1499377936124801,261000.0
2016-10-24,0.1499377936124801,0.1499377936124801,0.1465301197162731,0.1499377936124801,252700.0
2016-10-25,0.1499377936124801,0.1499377936124801,0.1465301197162731,0.1499377936124801,86500.0
2016-10-26,0.1499377936124801,0.1499377936124801,0.1465301197162731,0.1499377936124801,350100.0
2016-10-27,0.1499377936124801,0.1499377936124801,0.1499377936124801,0.1499377936124801,13000.0
2016-10-28,0.1465301215648651,0.1465301215648651,0.1465301215648651,0.1465301215648651,76100.0
2016-10-31,0.1499377936124801,0.1499377936124801,0.1465301197162731,0.1499377936124801,103900.0
2016-11-01,0.1465301321887286,0.1533454805612564,0.1465301321887286,0.1533454805612564,118800.0
2016-11-02,0.1499377936124801,0.1499377936124801,0.1499377936124801,0.1499377936124801,10000.0
2016-11-03,0.1465301321887286,0.1533454805612564,0.1465301321887286,0.1533454805612564,37500.0
2016-11-04,0.1533454675086872,0.1533454675086872,0.1499377936124801,0.1499377936124801,53000.0
2016-11-07,0.1499377936124801,0.1499377936124801,0.1499377936124801,0.1499377936124801,37000.0
2016-11-08,0.1465301215648651,0.1499377955040626,0.1465301215648651,0.1465301215648651,90000.0
2016-11-09,0.1465300881311025,0.1465300881311025,0.1431224048137664,0.1431224048137664,358600.0
2016-11-10,0.1465300928375204,0.156753122806549,0.1465300928375204,0.156753122806549,349000.0
2016-11-11,0.1567531515605635,0.1567531515605635,0.1465301197162731,0.1499377936124801,208800.0
2016-11-14,0.1533454675086872,0.1567531515605635,0.1499377936124801,0.1499377936124801,439200.0
2016-11-15,0.1499377936124801,0.1499377936124801,0.1499377936124801,0.1499377936124801,0.0
2016-11-16,0.1499378063749925,0.1533454805612564,0.1499378063749925,0.1533454805612564,10100.0
2016-11-17,0.1533454675086872,0.1533454675086872,0.1499377936124801,0.1499377936124801,142500.0
2016-11-18,0.1533454805612564,0.1567531649031904,0.1533454805612564,0.1533454805612564,582000.0
2016-11-21,0.156753122806549,0.156753122806549,0.1533454393797612,0.156753122806549,169000.0
2016-11-22,0.156753122806549,0.1601607960776694,0.1533454393797612,0.156753122806549,283500.0
2016-11-23,0.156753122806549,0.156753122806549,0.156753122806549,0.156753122806549,0.0
2016-11-24,0.156753122806549,0.156753122806549,0.156753122806549,0.156753122806549,0.0
2016-11-25,0.1533454805612564,0.1567531649031904,0.1533454805612564,0.1533454805612564,140000.0
2016-11-28,0.1567531649031904,0.1567531649031904,0.1533454805612564,0.1533454805612564,75000.0
2016-11-29,0.1567531649031904,0.1567531649031904,0.1533454805612564,0.1533454805612564,45000.0
2016-11-30,0.1533454805612564,0.1533454805612564,0.1533454805612564,0.1533454805612564,0.0
2016-12-01,0.1601608097553253,0.1635684833174593,0.1567531361931912,0.1601608097553253,827000.0
2016-12-02,0.1601608097553253,0.1601608097553253,0.1567531361931912,0.1601608097553253,367000.0
2016-12-05,0.1635684967041015,0.1635684967041015,0.1601608228630793,0.1635684967041015,49300.0
2016-12-06,0.1635684967041015,0.1669761807007928,0.1635684967041015,0.1635684967041015,120000.0
2016-12-07,0.1669761836528778,0.1669761836528778,0.1669761836528778,0.1669761836528778,60000.0
2016-12-08,0.1669761807007928,0.1669761807007928,0.1635684967041015,0.1635684967041015,107000.0
2016-12-09,0.1703838258981704,0.1703838258981704,0.1703838258981704,0.1703838258981704,3000.0
2016-12-12,0.1669761836528778,0.1703838575541465,0.1635684995959397,0.1669761836528778,57600.0
2016-12-13,0.1669761836528778,0.1669761836528778,0.1669761836528778,0.1669761836528778,0.0
2016-12-14,0.160160825694671,0.1669761836528778,0.160160825694671,0.1669761836528778,109000.0
2016-12-15,0.1669761836528778,0.1669761836528778,0.1669761836528778,0.1669761836528778,0.0
2016-12-16,0.1669761836528778,0.1669761836528778,0.1669761836528778,0.1669761836528778,0.0
2016-12-19,0.1703838258981704,0.1703838258981704,0.1669761526300206,0.1703838258981704,560000.0
2016-12-20,0.1703838258981704,0.1737914991663203,0.1703838258981704,0.1703838258981704,681200.0
2016-12-21,0.1703838258981704,0.1703838258981704,0.1703838258981704,0.1703838258981704,0.0
2016-12-22,0.1703838258981704,0.1703838258981704,0.1703838258981704,0.1703838258981704,0.0
2016-12-23,0.1635684995959397,0.1737915314554153,0.1635684995959397,0.1669761836528778,61300.0
2016-12-27,0.1669761807007928,0.1669761807007928,0.1635684967041015,0.1635684967041015,199700.0
2016-12-28,0.1635684967041015,0.1635684967041015,0.1635684967041015,0.1635684967041015,4000.0
2016-12-29,0.1635684967041015,0.1635684967041015,0.1635684967041015,0.1635684967041015,0.0
2016-12-30,0.1601607959380535,0.1737914991663203,0.1601607959380535,0.1703838258981704,517400.0
2017-01-03,0.1703838258981704,0.1703838258981704,0.1703838258981704,0.1703838258981704,272000.0
2017-01-04,0.1737915128469467,0.1771991863833439,0.1737915128469467,0.1737915128469467,352600.0
2017-01-05,0.1737915260013956,0.1771991997957229,0.1737915260013956,0.1771991997957229,94100.0
2017-01-06,0.1737915316657574,0.1840145736932754,0.1737915316657574,0.1840145736932754,1177300.0
2017-01-09,0.1840145810983628,0.1840145810983628,0.177199212701975,0.1806068867444992,394000.0
2017-01-10,0.1771992055711506,0.1840145736932754,0.1737915316657574,0.1840145736932754,211000.0
2017-01-11,0.1806068867444992,0.1840145810983628,0.1806068867444992,0.1806068867444992,156600.0
2017-01-12,0.1840145736932754,0.1840145736932754,0.1771992055711506,0.1840145736932754,209300.0
2017-01-13,0.1840145736932754,0.1840145736932754,0.1840145736932754,0.1840145736932754,10000.0
2017-01-16,0.1840145736932754,0.1840145736932754,0.1840145736932754,0.1840145736932754,0.0
2017-01-17,0.1840145557414402,0.1908299028873443,0.1840145557414402,0.1908299028873443,423500.0
2017-01-18,0.1908298999418659,0.1976452469825744,0.1908298999418659,0.1976452469825744,382000.0
2017-01-19,0.1942375898361206,0.1942375898361206,0.1942375898361206,0.1942375898361206,62100.0
2017-01-20,0.1908299028873443,0.1908299028873443,0.1908299028873443,0.1908299028873443,50000.0
2017-01-23,0.1942375898361206,0.1942375898361206,0.1840145684132743,0.1942375898361206,29200.0
2017-01-24,0.1874222293143923,0.1908299028873443,0.1874222293143923,0.1908299028873443,115000.0
2017-01-25,0.1908299028873443,0.1908299028873443,0.1908299028873443,0.1908299028873443,0.0
2017-01-26,0.1908299160285052,0.1942375898361206,0.1908299160285052,0.1942375898361206,181300.0
2017-01-27,0.1908299028873443,0.1908299028873443,0.1908299028873443,0.1908299028873443,10000.0
2017-01-31,0.1908299028873443,0.1908299028873443,0.1908299028873443,0.1908299028873443,25000.0
2017-02-01,0.1976452469825744,0.1976452469825744,0.1976452469825744,0.1976452469825744,51000.0
2017-02-02,0.1976452469825744,0.1976452469825744,0.1976452469825744,0.1976452469825744,30000.0
2017-02-03,0.1976452469825744,0.1976452469825744,0.1976452469825744,0.1976452469825744,0.0
2017-02-06,0.1976452601833963,0.2044606279906428,0.1942375864354418,0.2010529339313507,308800.0
2017-02-07,0.1976452601833963,0.2010529339313507,0.1976452601833963,0.2010529339313507,66000.0
2017-02-08,0.2010529339313507,0.2010529339313507,0.2010529339313507,0.2010529339313507,0.0
2017-02-09,0.2010529339313507,0.2010529339313507,0.2010529339313507,0.2010529339313507,0.0
2017-02-10,0.2010529239287627,0.211275964975357,0.2010529239287627,0.211275964975357,759800.0
2017-02-13,0.2146836519241333,0.2180913257147802,0.2112759781334864,0.2146836519241333,434000.0
2017-02-14,0.2146836519241333,0.2146836519241333,0.2146836519241333,0.2146836519241333,365700.0
2017-02-15,0.2146836844399698,0.2249067276716232,0.2146836844399698,0.2249067276716232,701000.0
2017-02-16,0.2249066798975266,0.2419450478121344,0.2249066798975266,0.2317220270633697,1419700.0
2017-02-17,0.228314401978394,0.228314401978394,0.2249067276716232,0.2249067276716232,124500.0
2017-02-20,0.2249067107674301,0.2283143848180771,0.2249067107674301,0.2283143848180771,41000.0
2017-02-21,0.2283143534804482,0.2351297006462913,0.2249066798975266,0.2317220270633697,529100.0
2017-02-22,0.2283143848180771,0.2283143848180771,0.2283143848180771,0.2283143848180771,105000.0
2017-02-23,0.2317220270633697,0.2351297006462913,0.2283143534804482,0.2317220270633697,148500.0
2017-02-24,0.2351297505919355,0.2351297505919355,0.2146836844399698,0.2249067276716232,1301700.0
2017-02-27,0.2249066900677162,0.2249066900677162,0.2214989960193634,0.2214989960193634,100000.0
2017-02-28,0.2180913222823482,0.2214989960193634,0.2112759748083178,0.2214989960193634,784700.0
2017-03-01,0.2214989960193634,0.2214989960193634,0.2214989960193634,0.2214989960193634,0.0
2017-03-02,0.2180913388729095,0.2180913388729095,0.2180913388729095,0.2180913388729095,50000.0
2017-03-03,0.2180913222823482,0.2214989960193634,0.2078683010713026,0.2214989960193634,338000.0
2017-03-06,0.2214989960193634,0.2214989960193634,0.2214989960193634,0.2214989960193634,29000.0
2017-03-07,0.2180913121321954,0.2180913121321954,0.211275964975357,0.211275964975357,64000.0
2017-03-08,0.2112759781334864,0.2146836519241333,0.2112759781334864,0.2146836519241333,164200.0
2017-03-09,0.214683664876667,0.2180913388729095,0.2112759908804246,0.2180913388729095,162700.0
2017-03-10,0.214683664876667,0.2180913388729095,0.214683664876667,0.2180913388729095,76700.0
2017-03-13,0.2180913222823482,0.2214989960193634,0.214683648545333,0.2214989960193634,100400.0
2017-03-14,0.221499012869152,0.221499012869152,0.2180913388729095,0.2180913388729095,131500.0
2017-03-15,0.2180913388729095,0.2180913388729095,0.2180913388729095,0.2180913388729095,56000.0
2017-03-16,0.2146836519241333,0.2146836519241333,0.2112759781334864,0.2146836519241333,108100.0
2017-03-17,0.2112759908804246,0.2180913388729095,0.2112759908804246,0.2180913388729095,70000.0
2017-03-20,0.2180913388729095,0.2180913388729095,0.214683664876667,0.2180913388729095,318000.0
2017-03-21,0.2180913388729095,0.2180913388729095,0.2180913388729095,0.2180913388729095,339900.0
2017-03-22,0.2180913388729095,0.2180913388729095,0.2180913388729095,0.2180913388729095,109400.0
2017-03-23,0.2180913423547968,0.231722058868724,0.2180913423547968,0.2283143848180771,320400.0
2017-03-24,0.2249067276716232,0.2249067276716232,0.2249067276716232,0.2249067276716232,29500.0
2017-03-27,0.231722058868724,0.231722058868724,0.2249067107674301,0.2283143848180771,266000.0
2017-03-28,0.2249067276716232,0.2317220762851648,0.2249067276716232,0.2249067276716232,181800.0
2017-03-29,0.2249067276716232,0.2249067276716232,0.2180913587467406,0.2249067276716232,249700.0
2017-03-30,0.2249066798975266,0.2351297006462913,0.2249066798975266,0.2317220270633697,651500.0
2017-03-31,0.2351297006462913,0.2385373742292128,0.2317220270633697,0.2317220270633697,265000.0
2017-04-03,0.2385373424374158,0.2385373424374158,0.2317219961799089,0.2351296693086624,1222600.0
2017-04-04,0.2385373463018852,0.25216805934906,0.2385373463018852,0.25216805934906,932000.0
2017-04-05,0.2589834034442901,0.2589834034442901,0.2555757302902338,0.2589834034442901,340500.0
2017-04-06,0.262391060590744,0.2657987335369096,0.2589833876445784,0.262391060590744,331300.0
2017-04-07,0.2623911542269184,0.2623911542269184,0.2555758059024811,0.2555758059024811,225900.0
2017-04-10,0.262391060590744,0.2657987335369096,0.2589833876445784,0.262391060590744,505000.0
2017-04-11,0.2589834034442901,0.2589834034442901,0.2555757302902338,0.2589834034442901,191400.0
2017-04-12,0.2589834057169802,0.2589834057169802,0.25216805934906,0.25216805934906,157800.0
2017-04-13,0.25216805934906,0.25216805934906,0.25216805934906,0.25216805934906,48900.0
2017-04-17,0.2521681229452081,0.2521681229452081,0.2453527748584747,0.2453527748584747,98000.0
2017-04-18,0.2453527219245629,0.2453527219245629,0.2385373549968795,0.2419450283050537,140900.0
2017-04-19,0.2385373549968795,0.2419450283050537,0.2385373549968795,0.2419450283050537,153400.0
2017-04-20,0.2419450194858453,0.25216805934906,0.2419450194858453,0.25216805934906,90000.0
2017-04-21,0.2555757325330201,0.2555757325330201,0.25216805934906,0.25216805934906,88000.0
2017-04-24,0.2589834034442901,0.2589834034442901,0.2589834034442901,0.2589834034442901,161000.0
2017-04-25,0.2589834034442901,0.2589834034442901,0.2521680571361775,0.2589834034442901,39000.0
2017-04-26,0.2589834034442901,0.2589834034442901,0.2453527108280648,0.2589834034442901,106500.0
2017-04-27,0.25216805934906,0.25216805934906,0.25216805934906,0.25216805934906,2500.0
2017-04-28,0.2537741626208134,0.260726872592657,0.2502978076348916,0.2572505176067352,160000.0
2017-05-02,0.2537741661071777,0.2537741661071777,0.2537741661071777,0.2537741661071777,45000.0
2017-05-03,0.2572505211408579,0.2572505211408579,0.2537741661071777,0.2537741661071777,59000.0
2017-05-04,0.2537741882350133,0.2607268989086151,0.2537741882350133,0.2607268989086151,63500.0
2017-05-05,0.2607269109000003,0.2607269109000003,0.2502978444099426,0.2502978444099426,90000.0
2017-05-08,0.2607268989086151,0.2607268989086151,0.2607268989086151,0.2607268989086151,10000.0
2017-05-09,0.2537741999066285,0.2537741999066285,0.2502978444099426,0.2502978444099426,257000.0
2017-05-11,0.2502978076348916,0.2572505176067352,0.2502978076348916,0.2572505176067352,67800.0
2017-05-12,0.2642032504081726,0.2711559609807944,0.2642032504081726,0.2642032504081726,748800.0
2017-05-15,0.2607268333769918,0.2676795423030853,0.2607268333769918,0.2676795423030853,145300.0
2017-05-16,0.2676796056944835,0.2676796056944835,0.2642032504081726,0.2642032504081726,56500.0
2017-05-17,0.2642032504081726,0.2642032504081726,0.2607268951218617,0.2642032504081726,50000.0
2017-05-18,0.2607268989086151,0.2607268989086151,0.2607268989086151,0.2607268989086151,7000.0
2017-05-19,0.264203254245416,0.264203254245416,0.2607268989086151,0.2607268989086151,182300.0
2017-05-22,0.2642032504081726,0.2642032504081726,0.2642032504081726,0.2642032504081726,105000.0
2017-05-23,0.2607268989086151,0.2607268989086151,0.2572505435718142,0.2607268989086151,185000.0
2017-05-24,0.2607268989086151,0.2607268989086151,0.2607268989086151,0.2607268989086151,60000.0
2017-05-25,0.264203254245416,0.264203254245416,0.2607268989086151,0.2607268989086151,70000.0
2017-05-26,0.2607268951218617,0.2642032504081726,0.2607268951218617,0.2642032504081726,135000.0
2017-05-29,0.2642032504081726,0.2642032504081726,0.2642032504081726,0.2642032504081726,10000.0
2017-05-30,0.2642032504081726,0.2642032504081726,0.2642032504081726,0.2642032504081726,45500.0
2017-05-31,0.2676796034735211,0.2850614004815692,0.2676796034735211,0.2746323347091675,581900.0
2017-06-01,0.2781086899666347,0.2781086899666347,0.2746323347091675,0.2746323347091675,43200.0
2017-06-02,0.2746323347091675,0.2746323347091675,0.2746323347091675,0.2746323347091675,47000.0
2017-06-05,0.2711559587309884,0.2746323347091675,0.2676796034735211,0.2746323347091675,187000.0
2017-06-06,0.2711559841242894,0.2781087160110473,0.2711559841242894,0.2781087160110473,45100.0
2017-06-07,0.2746323347091675,0.2781086899666347,0.2711559587309884,0.2746323347091675,122300.0
2017-06-08,0.2746323293172137,0.2746323293172137,0.2711559534072876,0.2711559534072876,25000.0
2017-06-09,0.2746323347091675,0.2746323347091675,0.2746323347091675,0.2746323347091675,98000.0
2017-06-12,0.2746322719498859,0.2746322719498859,0.2676795423030853,0.2676795423030853,41000.0
2017-06-13,0.2676795982180728,0.2711559534072876,0.2676795982180728,0.2711559534072876,204300.0
2017-06-14,0.2711559534072876,0.2711559534072876,0.2711559534072876,0.2711559534072876,48000.0
2017-06-15,0.2711559534072876,0.2711559534072876,0.2711559534072876,0.2711559534072876,0.0
2017-06-16,0.2676795423030853,0.2676795423030853,0.2676795423030853,0.2676795423030853,50000.0
2017-06-19,0.2676795423030853,0.2711558967661321,0.2676795423030853,0.2676795423030853,80000.0
2017-06-20,0.2676795423030853,0.2676795423030853,0.2676795423030853,0.2676795423030853,0.0
2017-06-21,0.2676795423030853,0.2676795423030853,0.2676795423030853,0.2676795423030853,0.0
2017-06-22,0.2676795423030853,0.2676795423030853,0.2676795423030853,0.2676795423030853,42000.0
2017-06-23,0.2642032504081726,0.2642032504081726,0.2607268951218617,0.2642032504081726,181300.0
2017-06-27,0.2642032504081726,0.2642032504081726,0.2607268951218617,0.2642032504081726,201500.0
2017-06-28,0.2607268951218617,0.2642032504081726,0.2607268951218617,0.2642032504081726,269400.0
2017-06-29,0.2642032504081726,0.2642032504081726,0.2642032504081726,0.2642032504081726,0.0
2017-06-30,0.2642032504081726,0.2676796056944835,0.2607268951218617,0.2642032504081726,42000.0
2017-07-03,0.2607268951218617,0.2676796056944835,0.2607268951218617,0.2642032504081726,43100.0
2017-07-04,0.2676796056944835,0.2676796056944835,0.2642032504081726,0.2642032504081726,38500.0
2017-07-05,0.2642032504081726,0.2642032504081726,0.2642032504081726,0.2642032504081726,0.0
2017-07-06,0.2711559534072876,0.2711559534072876,0.2711559534072876,0.2711559534072876,1000.0
2017-07-07,0.2711558967661321,0.2711558967661321,0.2676795423030853,0.2676795423030853,124000.0
2017-07-10,0.2746323347091675,0.2746323347091675,0.2746323347091675,0.2746323347091675,20000.0
2017-07-11,0.2746322719498859,0.2746322719498859,0.2676795423030853,0.2676795423030853,40000.0
2017-07-12,0.2746323347091675,0.2781086899666347,0.2746323347091675,0.2746323347091675,413000.0
2017-07-13,0.2781086899666347,0.2781086899666347,0.2746323347091675,0.2746323347091675,322000.0
2017-07-14,0.2815850715940695,0.2815850715940695,0.2781087160110473,0.2781087160110473,172000.0
2017-07-17,0.2815850715940695,0.2815850715940695,0.2781087160110473,0.2781087160110473,285000.0
2017-07-18,0.2815850046489773,0.2850613594055176,0.2815850046489773,0.2850613594055176,212000.0
2017-07-19,0.2815850377082824,0.2815850377082824,0.2815850377082824,0.2815850377082824,74400.0
2017-07-20,0.2815850377082824,0.2815850377082824,0.2815850377082824,0.2815850377082824,180000.0
2017-07-21,0.2815850046489773,0.2850613594055176,0.2815850046489773,0.2850613594055176,34200.0
2017-07-24,0.2815850377082824,0.2815850377082824,0.2815850377082824,0.2815850377082824,42000.0
2017-07-25,0.2815850377082824,0.2815850377082824,0.278108682543603,0.2815850377082824,260000.0
2017-07-26,0.2815850715940695,0.2815850715940695,0.2781087160110473,0.2781087160110473,60000.0
2017-07-27,0.2781087160110473,0.2781087160110473,0.2781087160110473,0.2781087160110473,10000.0
2017-07-28,0.278108682543603,0.2815850377082824,0.278108682543603,0.2815850377082824,227000.0
2017-07-31,0.2815850377082824,0.2815850377082824,0.2815850377082824,0.2815850377082824,70000.0
2017-08-01,0.2781087160110473,0.2781087160110473,0.2781087160110473,0.2781087160110473,95000.0
2017-08-02,0.2781087329285694,0.2885378003120422,0.2781087329285694,0.2885378003120422,240200.0
2017-08-03,0.2920140922069549,0.2920140922069549,0.2885377371731726,0.2920140922069549,582100.0
2017-08-04,0.2954904679614478,0.2954904679614478,0.2920140922069549,0.2920140922069549,39700.0
2017-08-07,0.2920140922069549,0.2920140922069549,0.2920140922069549,0.2920140922069549,89500.0
2017-08-08,0.2920140922069549,0.2920140922069549,0.2920140922069549,0.2920140922069549,101000.0
2017-08-10,0.2885377141620578,0.2885377141620578,0.2850613594055176,0.2850613594055176,115000.0
2017-08-11,0.2815850046489773,0.2885377141620578,0.2676795649021073,0.2850613594055176,1117700.0
2017-08-14,0.2850614445175513,0.2885378003120422,0.2850614445175513,0.2885378003120422,131700.0
2017-08-15,0.2920140922069549,0.2954904679614478,0.2885377371731726,0.2920140922069549,382600.0
2017-08-16,0.2920140922069549,0.2920140922069549,0.2850613821393902,0.2920140922069549,99400.0
2017-08-17,0.2920140689185981,0.2920140689185981,0.2850613594055176,0.2850613594055176,84000.0
2017-08-18,0.2850613594055176,0.2850613594055176,0.2850613594055176,0.2850613594055176,0.0
2017-08-21,0.2850613821393902,0.2920140922069549,0.2850613821393902,0.2920140922069549,131000.0
2017-08-22,0.2966259636666134,0.2966259636666134,0.2895634472370147,0.2895634472370147,52700.0
2017-08-23,0.2895634472370147,0.2895634472370147,0.2895634472370147,0.2895634472370147,24000.0
2017-08-24,0.2895634472370147,0.2895634472370147,0.2895634472370147,0.2895634472370147,0.0
2017-08-25,0.2930946545875067,0.2966259121894836,0.2895633969855298,0.2966259121894836,222800.0
2017-08-28,0.2895634472370147,0.2895634472370147,0.2895634472370147,0.2895634472370147,12200.0
2017-08-29,0.2895634070869234,0.293094664812088,0.2895634070869234,0.293094664812088,239900.0
2017-08-30,0.293094664812088,0.293094664812088,0.293094664812088,0.293094664812088,50000.0
2017-08-31,0.2930946822529754,0.300157219171524,0.2930946822529754,0.300157219171524,165500.0
2017-09-04,0.3001571908394161,0.3001571908394161,0.2966259121894836,0.2966259121894836,75000.0
2017-09-05,0.2966259121894836,0.2966259121894836,0.2966259121894836,0.2966259121894836,25100.0
2017-09-06,0.3001572013103734,0.3001572013103734,0.293094664812088,0.293094664812088,24800.0
2017-09-07,0.2930946822529754,0.300157219171524,0.2930946822529754,0.300157219171524,49800.0
2017-09-08,0.2966259225372525,0.2966259225372525,0.293094664812088,0.293094664812088,28500.0
2017-09-11,0.293094664812088,0.293094664812088,0.293094664812088,0.293094664812088,0.0
2017-09-12,0.2966259121894836,0.2966259121894836,0.2966259121894836,0.2966259121894836,65000.0
2017-09-13,0.2966259121894836,0.2966259121894836,0.2966259121894836,0.2966259121894836,0.0
2017-09-14,0.2966259121894836,0.2966259121894836,0.2966259121894836,0.2966259121894836,29900.0
2017-09-15,0.3072197704390017,0.3178135454654693,0.3072197704390017,0.3178135454654693,677700.0
2017-09-18,0.3319384950698836,0.3319384950698836,0.3248759806156158,0.3248759806156158,276000.0
2017-09-19,0.3319385349750519,0.3319385349750519,0.3284072773233953,0.3319385349750519,192500.0
2017-09-20,0.331938524808941,0.3354697823524475,0.3248760097219279,0.3354697823524475,117900.0
2017-09-21,0.3354697722922335,0.3390010297298431,0.3354697722922335,0.3390010297298431,169000.0
2017-09-22,0.3390010297298431,0.3390010297298431,0.3390010297298431,0.3390010297298431,199000.0
2017-09-25,0.3425323158210908,0.3672511184332214,0.3425323158210908,0.3601886034011841,1448200.0
2017-09-26,0.3672511577606201,0.3672511577606201,0.3637198998664537,0.3672511577606201,118100.0
2017-09-27,0.3672511595605304,0.3672511595605304,0.3566573858261108,0.3566573858261108,108000.0
2017-09-28,0.3637198507785797,0.3672511081961652,0.3601885933609942,0.3637198507785797,1742700.0
2017-09-29,0.3672511081961652,0.3707823656137508,0.3637198507785797,0.3637198507785797,1037800.0
2017-10-02,0.3672511577606201,0.3707824156547865,0.3672511577606201,0.3672511577606201,162700.0
2017-10-03,0.374313622713089,0.3778449222235811,0.374313622713089,0.374313622713089,633200.0
2017-10-04,0.3813761871795401,0.3813761871795401,0.374313630114809,0.3778449296951294,166500.0
2017-10-05,0.3778449222235811,0.3778449222235811,0.374313622713089,0.374313622713089,13500.0
2017-10-06,0.3743136230313362,0.3849074373800017,0.3601885933609942,0.3637198507785797,576900.0
2017-10-09,0.3637198998664537,0.3707824156547865,0.3637198998664537,0.3672511577606201,59000.0
2017-10-10,0.3707823753356934,0.3707823753356934,0.367251117825518,0.3707823753356933,66000.0
2017-10-11,0.3707823656137508,0.3707823656137508,0.3637198507785797,0.3637198507785797,235000.0
2017-10-12,0.3672511184332214,0.3672511184332214,0.3601886034011841,0.3601886034011841,2940500.0
2017-10-13,0.3707823652985058,0.3778449222235811,0.3707823652985058,0.374313622713089,615000.0
2017-10-16,0.3849074840545654,0.3884387419003575,0.3813762262087734,0.3849074840545654,573100.0
2017-10-17,0.3849074736813361,0.388438731431961,0.3849074736813361,0.388438731431961,664500.0
2017-10-19,0.3884386944673306,0.3884386944673306,0.3672511078839226,0.374313622713089,502800.0
2017-10-20,0.3813762262087734,0.3884387419003575,0.3778449683629812,0.3849074840545654,3378500.0
2017-10-23,0.3849074840545654,0.3919699997461496,0.3849074840545654,0.3849074840545654,415700.0
2017-10-24,0.388438731431961,0.388438731431961,0.388438731431961,0.388438731431961,249600.0
2017-10-25,0.391969989182586,0.391969989182586,0.388438731431961,0.388438731431961,471400.0
2017-10-26,0.3849074736813361,0.388438731431961,0.3813762159307112,0.388438731431961,61000.0
2017-10-27,0.3884387419003575,0.3884387419003575,0.3813762262087734,0.3849074840545654,1487000.0
2017-10-30,0.3849074840545654,0.3849074840545654,0.3813762262087734,0.3849074840545654,119000.0
2017-10-31,0.3849074736813361,0.388438731431961,0.3813762159307112,0.388438731431961,88000.0
2017-11-01,0.3884386620845176,0.3919699192047119,0.3884386620845176,0.3919699192047119,40000.0
2017-11-02,0.391969989182586,0.391969989182586,0.388438731431961,0.388438731431961,41400.0
2017-11-03,0.3884387695962517,0.3990325438889698,0.3884387695962517,0.3955012857913971,160800.0
2017-11-06,0.3955012857913971,0.3955012857913971,0.3955012857913971,0.3955012857913971,19800.0
2017-11-07,0.3955011768887637,0.4060949482644498,0.3955011768887637,0.4025636911392212,273500.0
2017-11-08,0.406095027923584,0.406095027923584,0.4025637701056678,0.406095027923584,232800.0
2017-11-09,0.4025637701056678,0.406095027923584,0.4025637701056678,0.406095027923584,127000.0
2017-11-10,0.4025636911392211,0.4025636911392211,0.4025636911392211,0.4025636911392212,72000.0
2017-11-13,0.4025636911392211,0.4060949482644498,0.4025636911392211,0.4025636911392212,813500.0
2017-11-14,0.4025636911392211,0.4025636911392211,0.4025636911392211,0.4025636911392212,89800.0
2017-11-15,0.4025636905652947,0.4025636905652947,0.3919699192047119,0.3919699192047119,98500.0
2017-11-16,0.388438731431961,0.391969989182586,0.388438731431961,0.388438731431961,64600.0
2017-11-17,0.3919699192047119,0.3955011763249061,0.3919699192047119,0.3919699192047119,55000.0
2017-11-20,0.3884387829168297,0.3884387829168297,0.3743137079462362,0.3813762664794922,320300.0
2017-11-21,0.3813762159307112,0.388438731431961,0.3813762159307112,0.388438731431961,42700.0
2017-11-22,0.3884387695962517,0.3955012857913971,0.3884387695962517,0.3955012857913971,28400.0
2017-11-23,0.3955012857913971,0.3955012857913971,0.3813762534011062,0.3955012857913971,48700.0
2017-11-24,0.3955012857913971,0.4025638019865425,0.3884387695962517,0.3955012857913971,106200.0
2017-11-27,0.3990324334451004,0.3990324334451004,0.3919699192047119,0.3919699192047119,45200.0
2017-11-28,0.388438731431961,0.388438731431961,0.388438731431961,0.388438731431961,14200.0
2017-11-29,0.3813762159307112,0.388438731431961,0.3778449581800862,0.388438731431961,106700.0
2017-11-30,0.388438731431961,0.391969989182586,0.388438731431961,0.388438731431961,6000.0
2017-12-01,0.3813762159307112,0.388438731431961,0.3743136583335483,0.388438731431961,111700.0
2017-12-04,0.3813762664794922,0.3813762664794922,0.3813762664794922,0.3813762664794922,8500.0
2017-12-05,0.3743136328458687,0.3743136328458687,0.3707823753356934,0.3707823753356933,195500.0
2017-12-06,0.3707824156547865,0.3778449735390338,0.3672511577606201,0.3672511577606201,131400.0
2017-12-07,0.3672511577606201,0.3672511577606201,0.3637198998664537,0.3672511577606201,247700.0
2017-12-08,0.3672511577606201,0.3672511577606201,0.3637198998664537,0.3672511577606201,95600.0
2017-12-11,0.3707824005829234,0.388438731431961,0.3707824005829234,0.388438731431961,88700.0
2017-12-12,0.3884386944673306,0.3884386944673306,0.374313622713089,0.374313622713089,45300.0
2017-12-13,0.3743137079462362,0.3813762664794922,0.3743137079462362,0.3813762664794922,20100.0
2017-12-14,0.3813761478441291,0.3919699192047119,0.3813761478441291,0.3919699192047119,55000.0
2017-12-15,0.3813762262087734,0.3849074840545654,0.3813762262087734,0.3849074840545654,129500.0
2017-12-18,0.3849075114986789,0.3955012857913971,0.3849075114986789,0.3955012857913971,278400.0
2017-12-19,0.3955011763249061,0.3955011763249061,0.3884386620845176,0.3919699192047119,174900.0
2017-12-20,0.3919699192047119,0.3955011763249061,0.3919699192047119,0.3919699192047119,59700.0
2017-12-21,0.3955011763249061,0.3955011763249061,0.3919699192047119,0.3919699192047119,198400.0
2017-12-22,0.3919699192047119,0.3919699192047119,0.3919699192047119,0.3919699192047119,17000.0
2017-12-26,0.3955011763249061,0.3955011763249061,0.3919699192047119,0.3919699192047119,117700.0
2017-12-27,0.3919700276938244,0.3955012857913971,0.3919700276938244,0.3955012857913971,338500.0
2017-12-28,0.3955012751660887,0.3990325331687927,0.3955012751660887,0.3990325331687927,131800.0
2017-12-29,0.3990325438889698,0.3990325438889698,0.3955012857913971,0.3955012857913971,105100.0
2018-01-02,0.3955012857913971,0.3990325438889698,0.3955012857913971,0.3955012857913971,238200.0
2018-01-03,0.3990325331687927,0.3990325331687927,0.3955012751660887,0.3990325331687927,181100.0
2018-01-04,0.4025637911714967,0.4025637911714967,0.3990325331687927,0.3990325331687927,58200.0
2018-01-05,0.4060950491742007,0.4060950491742007,0.3990325331687927,0.3990325331687927,192600.0
2018-01-08,0.4025637911714967,0.4060950491742007,0.3990325331687927,0.3990325331687927,319200.0
2018-01-09,0.4025636911392211,0.4060949482644498,0.4025636911392211,0.4025636911392212,220600.0
2018-01-10,0.406095027923584,0.406095027923584,0.4025637701056678,0.406095027923584,167000.0
2018-01-11,0.4060949482644498,0.4060949482644498,0.4025636911392211,0.4025636911392212,94400.0
2018-01-12,0.4025636911392211,0.4060949482644498,0.4025636911392211,0.4025636911392212,230100.0
2018-01-15,0.4025637911714967,0.4025637911714967,0.3990325331687927,0.3990325331687927,138200.0
2018-01-16,0.4025636911392211,0.4025636911392211,0.3990324340139924,0.4025636911392212,145000.0
2018-01-17,0.4025637911714967,0.4025637911714967,0.3990325331687927,0.3990325331687927,16000.0
2018-01-18,0.4025636911392211,0.4060949482644498,0.3990324340139924,0.4025636911392212,147000.0
2018-01-19,0.4025636911392211,0.4025636911392211,0.3990324340139924,0.4025636911392212,40000.0
2018-01-22,0.4025637911714967,0.4025637911714967,0.3990325331687927,0.3990325331687927,57000.0
2018-01-23,0.4025637701056678,0.406095027923584,0.4025637701056678,0.406095027923584,573000.0
2018-01-24,0.4060950700008224,0.4272826611995697,0.4060950700008224,0.4272826611995697,967800.0
2018-01-25,0.4308139168086773,0.4449389494594806,0.4308139168086773,0.437876433134079,673400.0
2018-01-26,0.437876433134079,0.437876433134079,0.4343451749713782,0.437876433134079,129100.0
2018-01-29,0.441407561302185,0.4449388184249301,0.43787630417944,0.441407561302185,213000.0
2018-01-30,0.4414076939347892,0.4414076939347892,0.4272826611995697,0.4272826611995697,140800.0
2018-01-31,0.4272826106204466,0.4343451261520386,0.4272826106204466,0.4343451261520386,95500.0
2018-02-01,0.4343451775671794,0.4378764357509843,0.4272826611995697,0.4272826611995697,153800.0
2018-02-02,0.4272826611995697,0.4272826611995697,0.4272826611995697,0.4272826611995697,23500.0
2018-02-05,0.4166888068796732,0.4237513647046798,0.4096262911505809,0.4202201068401336,169200.0
2018-02-06,0.4060949482644498,0.4096262053896786,0.3849074055130776,0.4025636911392212,1153700.0
2018-02-07,0.4131574625149072,0.416688719640136,0.3990324340139924,0.4025636911392212,398000.0
2018-02-08,0.4096262053896786,0.4096262053896786,0.3990324340139924,0.4025636911392212,119900.0
2018-02-09,0.4025638019865425,0.4025638019865425,0.3919700276938244,0.3955012857913971,249900.0
2018-02-12,0.4060950600841152,0.4060950600841152,0.3955012857913971,0.3955012857913971,174300.0
2018-02-13,0.3990325331687927,0.3990325331687927,0.3990325331687927,0.3990325331687927,49400.0
2018-02-14,0.3990325122877516,0.406095027923584,0.3955012544698355,0.406095027923584,41300.0
2018-02-15,0.4060950471184739,0.409626305103302,0.4060950471184739,0.409626305103302,13900.0
2018-02-19,0.4166888210729582,0.4166888210729582,0.409626305103302,0.409626305103302,100900.0
2018-02-20,0.4131575226783752,0.4131575226783752,0.4060950073994834,0.4131575226783752,214200.0
2018-02-21,0.4131575226783752,0.4131575226783752,0.4131575226783752,0.4131575226783752,18800.0
2018-02-22,0.41315756308813,0.41315756308813,0.3990325311488176,0.409626305103302,80100.0
2018-02-23,0.409626305103302,0.409626305103302,0.4060950471184739,0.409626305103302,46000.0
2018-02-26,0.409626305103302,0.4166888210729582,0.409626305103302,0.409626305103302,200000.0
2018-02-27,0.41315756308813,0.41315756308813,0.409626305103302,0.409626305103302,73000.0
2018-02-28,0.409626305103302,0.409626305103302,0.409626305103302,0.409626305103302,0.0
2018-03-01,0.409626305103302,0.409626305103302,0.409626305103302,0.409626305103302,0.0
2018-03-02,0.3990325331687927,0.4025637911714967,0.3955012751660887,0.3990325331687927,63800.0
2018-03-05,0.395501246933211,0.395501246933211,0.388438731431961,0.388438731431961,245000.0
2018-03-06,0.3884387591606808,0.3990325331687927,0.3884387591606808,0.3990325331687927,96200.0
2018-03-07,0.3990325438889698,0.3990325438889698,0.3955012857913971,0.3955012857913971,67700.0
2018-03-08,0.3990325331687927,0.3990325331687927,0.3990325331687927,0.3990325331687927,101100.0
2018-03-09,0.3955012857913971,0.3955012857913971,0.3919700276938244,0.3955012857913971,120400.0
2018-03-12,0.4025637701056678,0.4096262857415002,0.4025637701056678,0.406095027923584,519500.0
2018-03-13,0.4060950471184739,0.409626305103302,0.4060950471184739,0.409626305103302,83500.0
2018-03-14,0.4025637701056678,0.406095027923584,0.4025637701056678,0.406095027923584,53200.0
2018-03-15,0.406095027923584,0.406095027923584,0.406095027923584,0.406095027923584,0.0
2018-03-16,0.406095027923584,0.406095027923584,0.406095027923584,0.406095027923584,137300.0
2018-03-19,0.4060950471184739,0.4166888210729582,0.4060950471184739,0.409626305103302,129800.0
2018-03-20,0.406095027923584,0.406095027923584,0.406095027923584,0.406095027923584,33400.0
2018-03-21,0.4060949482644498,0.4060949482644498,0.4025636911392211,0.4025636911392212,51900.0
2018-03-22,0.4025637701056678,0.406095027923584,0.4025637701056678,0.406095027923584,40000.0
2018-03-23,0.4025638019865425,0.4025638019865425,0.3919700276938244,0.3955012857913971,156000.0
2018-03-26,0.4025637911714967,0.4025637911714967,0.3990325331687927,0.3990325331687927,40000.0
2018-03-27,0.3990325331687927,0.3990325331687927,0.3990325331687927,0.3990325331687927,33000.0
2018-03-28,0.3990325438889698,0.3990325438889698,0.3919700276938244,0.3955012857913971,34800.0
2018-03-29,0.395501246933211,0.395501246933211,0.388438731431961,0.388438731431961,113400.0
2018-04-02,0.3955011763249061,0.3990324334451004,0.3919699192047119,0.3919699192047119,113000.0
2018-04-03,0.3884387829168297,0.3884387829168297,0.3813762664794922,0.3813762664794922,135400.0
2018-04-04,0.3813761905932061,0.3813761905932061,0.3425323158210908,0.3601886034011841,283800.0
2018-04-05,0.3601886001771663,0.3884387021483614,0.3601886001771663,0.3778449296951294,114000.0
2018-04-06,0.374313622713089,0.374313622713089,0.374313622713089,0.374313622713089,57000.0
2018-04-09,0.3813761796381643,0.3813761796381643,0.374313622713089,0.374313622713089,38000.0
2018-04-10,0.374313622713089,0.374313622713089,0.374313622713089,0.374313622713089,0.0
2018-04-11,0.3743136684212751,0.3849074840545654,0.3743136684212751,0.3849074840545654,73800.0
2018-04-12,0.384907524698161,0.384907524698161,0.3813762664794922,0.3813762664794922,22100.0
2018-04-13,0.3778449683629812,0.3849074840545654,0.3778449683629812,0.3849074840545654,32700.0
2018-04-16,0.3778449296951294,0.3778449296951294,0.3778449296951294,0.3778449296951294,21000.0
2018-04-17,0.3778450082608234,0.384907524698161,0.3778450082608234,0.3813762664794922,202200.0
2018-04-18,0.3813762159307112,0.388438731431961,0.3813762159307112,0.388438731431961,60300.0
2018-04-19,0.3884387591606808,0.3990325331687927,0.3884387591606808,0.3990325331687927,29400.0
2018-04-20,0.395501246933211,0.3990325046838359,0.388438731431961,0.388438731431961,92700.0
2018-04-23,0.388438731431961,0.388438731431961,0.388438731431961,0.388438731431961,0.0
2018-04-24,0.388438731431961,0.388438731431961,0.388438731431961,0.388438731431961,0.0
2018-04-25,0.3813762664794922,0.3884387829168297,0.3813762664794922,0.3813762664794922,42900.0
2018-04-26,0.374313630114809,0.3778449296951294,0.374313630114809,0.3778449296951294,58800.0
2018-04-27,0.3743137079462362,0.3884387829168297,0.3743137079462362,0.3813762664794922,48400.0
2018-04-30,0.387643110829693,0.387643110829693,0.3804644990468453,0.3840538263320923,47000.0
2018-05-02,0.3840538263320923,0.3840538263320923,0.3840538263320923,0.3840538263320923,0.0
2018-05-03,0.3840538263320923,0.3840538263320923,0.3840538263320923,0.3840538263320923,0.0
2018-05-04,0.391232430934906,0.391232430934906,0.3840538612863545,0.391232430934906,48000.0
2018-05-07,0.3876431286334991,0.3876431286334991,0.3876431286334991,0.3876431286334991,56000.0
2018-05-08,0.3804644990468453,0.3840538263320923,0.3804644990468453,0.3840538263320923,25000.0
2018-05-09,0.3804644644260406,0.3804644644260406,0.3804644644260406,0.3804644644260406,7000.0
2018-05-10,0.3804644644260406,0.3804644644260406,0.3804644644260406,0.3804644644260406,0.0
2018-05-11,0.3912323891903694,0.3984109580729668,0.3912323891903694,0.3948216736316681,157800.0
2018-05-14,0.3948216979584003,0.3948216979584003,0.3840538439710486,0.3876431286334991,29600.0
2018-05-15,0.3804645336744286,0.391232430934906,0.3804645336744286,0.391232430934906,10000.0
2018-05-16,0.391232430934906,0.3948217157591817,0.391232430934906,0.391232430934906,77000.0
2018-05-17,0.3876431286334991,0.3948216979584003,0.3840538439710486,0.3876431286334991,67000.0
2018-05-18,0.3840538263320923,0.3840538263320923,0.3840538263320923,0.3840538263320923,1000.0
2018-05-21,0.3840538439710486,0.3912324132959497,0.3840538439710486,0.3876431286334991,20800.0
2018-05-22,0.3840538439710486,0.3876431286334991,0.3840538439710486,0.3876431286334991,28000.0
2018-05-23,0.3876431286334991,0.3912324132959497,0.3876431286334991,0.3876431286334991,121800.0
2018-05-24,0.3876431286334991,0.3876431286334991,0.3876431286334991,0.3876431286334991,0.0
2018-05-25,0.3876431286334991,0.3876431286334991,0.3876431286334991,0.3876431286334991,14600.0
2018-05-28,0.3840538263320923,0.387643110829693,0.3840538263320923,0.3840538263320923,51700.0
2018-05-30,0.3804644990468453,0.3840538263320923,0.3804644990468453,0.3840538263320923,40500.0
2018-05-31,0.3840538263320923,0.3840538263320923,0.3840538263320923,0.3840538263320923,0.0
2018-06-01,0.3768752145492446,0.3840538263320923,0.3768752145492446,0.3840538263320923,31000.0
2018-06-04,0.3840538263320923,0.3840538263320923,0.3840538263320923,0.3840538263320923,13200.0
2018-06-05,0.3840538263320923,0.387643110829693,0.3840538263320923,0.3840538263320923,25300.0
2018-06-06,0.3876430755556623,0.3876430755556623,0.3696966119130717,0.3804644644260406,67700.0
2018-06-07,0.3768752159506827,0.3768752159506827,0.3661073624178395,0.3696966469287872,50000.0
2018-06-08,0.373285931439735,0.373285931439735,0.3696966469287872,0.3696966469287872,20000.0
2018-06-11,0.3696966469287872,0.3696966469287872,0.3696966469287872,0.3696966469287872,17600.0
2018-06-12,0.3661073446273803,0.369696628963912,0.3625180602908487,0.3661073446273803,135700.0
2018-06-13,0.3625180602908487,0.3661073446273803,0.3625180602908487,0.3661073446273803,119000.0
2018-06-14,0.3696966410357638,0.3696966410357638,0.3625180721282959,0.3625180721282959,23000.0
2018-06-18,0.3589287876745619,0.3625180721282959,0.3589287876745619,0.3625180721282959,280500.0
2018-06-19,0.358928769826889,0.358928769826889,0.3553394855516316,0.358928769826889,152900.0
2018-06-20,0.358928769826889,0.358928769826889,0.358928769826889,0.358928769826889,20000.0
2018-06-21,0.3589288085462461,0.3876431286334991,0.3589288085462461,0.3876431286334991,306100.0
2018-06-22,0.3732859790325165,0.3732859790325165,0.3732859790325165,0.3732859790325165,5000.0
2018-06-25,0.3732859790325165,0.3732859790325165,0.3732859790325165,0.3732859790325165,0.0
2018-06-26,0.3445716339583299,0.373285931439735,0.3445716339583299,0.3696966469287872,30500.0
2018-06-27,0.3696966469287872,0.3696966469287872,0.3696966469287872,0.3696966469287872,0.0
2018-06-28,0.3661073565820298,0.3661073565820298,0.3625180721282959,0.3625180721282959,23200.0
2018-06-29,0.3732859790325165,0.3732859790325165,0.3732859790325165,0.3732859790325165,10000.0
2018-07-02,0.3661073565820298,0.3661073565820298,0.3625180721282959,0.3625180721282959,12000.0
2018-07-03,0.3625180721282959,0.3625180721282959,0.3625180721282959,0.3625180721282959,0.0
2018-07-04,0.3625180541021464,0.3625180541021464,0.358928769826889,0.358928769826889,94300.0
2018-07-05,0.358928769826889,0.358928769826889,0.358928769826889,0.358928769826889,0.0
2018-07-06,0.3553394855516316,0.3625180541021464,0.3553394855516316,0.358928769826889,21400.0
2018-07-09,0.358928769826889,0.3625180541021464,0.3553394855516316,0.358928769826889,42600.0
2018-07-10,0.3553395394507347,0.3553395394507347,0.3517502546310425,0.3517502546310425,20500.0
2018-07-11,0.3517502546310425,0.3517502546310425,0.3517502546310425,0.3517502546310425,0.0
2018-07-12,0.3517502546310425,0.3517502546310425,0.3517502546310425,0.3517502546310425,45900.0
2018-07-13,0.3625180721282959,0.3625180721282959,0.3589287876745619,0.3625180721282959,23400.0
2018-07-16,0.3625180721282959,0.3625180721282959,0.3625180721282959,0.3625180721282959,0.0
2018-07-17,0.358928769826889,0.3661073383774038,0.358928769826889,0.358928769826889,26700.0
2018-07-18,0.3804644943969656,0.3804644943969656,0.3625180721282959,0.3625180721282959,58400.0
2018-07-19,0.3625180721282959,0.3661073565820298,0.3625180721282959,0.3625180721282959,35500.0
2018-07-20,0.3625180721282959,0.3625180721282959,0.3625180721282959,0.3625180721282959,0.0
2018-07-23,0.3553395271301269,0.3553395271301269,0.3553395271301269,0.3553395271301269,800.0
2018-07-24,0.3553395271301269,0.3553395271301269,0.3553395271301269,0.3553395271301269,0.0
2018-07-25,0.3553394916177855,0.3661073446273803,0.3553394916177855,0.3661073446273803,53000.0
2018-07-26,0.3732859069279186,0.3732859069279186,0.3553394855516316,0.358928769826889,69100.0
2018-07-27,0.3589288118253687,0.3625180965206105,0.3553395271301269,0.3553395271301269,46000.0
2018-07-30,0.358928769826889,0.358928769826889,0.358928769826889,0.358928769826889,102200.0
2018-07-31,0.358928769826889,0.358928769826889,0.358928769826889,0.358928769826889,24000.0
2018-08-01,0.3661073383774038,0.3661073383774038,0.358928769826889,0.358928769826889,38200.0
2018-08-02,0.3696966226526612,0.3696966226526612,0.358928769826889,0.358928769826889,76800.0
2018-08-03,0.3589288118253687,0.3589288118253687,0.3553395271301269,0.3553395271301269,29100.0
2018-08-06,0.3553395271301269,0.3589288118253687,0.3553395271301269,0.3553395271301269,23300.0
2018-08-07,0.358928769826889,0.358928769826889,0.358928769826889,0.358928769826889,6700.0
2018-08-08,0.358928769826889,0.358928769826889,0.358928769826889,0.358928769826889,0.0
2018-08-10,0.3625180541021464,0.3625180541021464,0.3553394855516316,0.358928769826889,23900.0
2018-08-13,0.358928824270427,0.358928824270427,0.3481609698113502,0.3517502546310425,286900.0
2018-08-14,0.3517502546310425,0.3517502546310425,0.3517502546310425,0.3517502546310425,0.0
2018-08-15,0.3696966659110941,0.3696966659110941,0.3517502424348851,0.3553395271301269,48700.0
2018-08-16,0.3553395271301269,0.3553395271301269,0.3553395271301269,0.3553395271301269,13300.0
2018-08-17,0.3589287876745619,0.3625180721282959,0.3589287876745619,0.3625180721282959,17000.0
2018-08-20,0.360906789903229,0.360906789903229,0.3572612702846527,0.3572612702846527,6000.0
2018-08-21,0.3572612702846527,0.3572612702846527,0.3572612702846527,0.3572612702846527,44700.0
2018-08-23,0.357261250416743,0.357261250416743,0.3536157310009002,0.3536157310009002,55100.0
2018-08-24,0.3572612702846527,0.3572612702846527,0.3572612702846527,0.3572612702846527,14500.0
2018-08-27,0.3536157506660764,0.3572612702846527,0.3536157506660764,0.3572612702846527,30600.0
2018-08-28,0.3499701917171478,0.3536157328813868,0.3499701917171478,0.3499701917171478,137000.0
2018-08-29,0.3499701917171478,0.3499701917171478,0.3499701917171478,0.3499701917171478,30000.0
2018-08-30,0.3463246309016203,0.3463246309016203,0.3317425549030304,0.3317425549030304,179000.0
2018-08-31,0.3317426138132519,0.3426791727542877,0.3135149938491812,0.3426791727542877,258200.0
2018-09-03,0.3353880941867828,0.3353880941867828,0.3317425749666561,0.3353880941867828,34600.0
2018-09-04,0.3280970724372289,0.3426791727542877,0.324451552790217,0.3426791727542877,145400.0
2018-09-05,0.3426791727542877,0.3426791727542877,0.3317426138132519,0.3426791727542877,79300.0
2018-09-06,0.3353880941867828,0.3353880941867828,0.3353880941867828,0.3353880941867828,8000.0
2018-09-07,0.3353881334602638,0.3426791727542877,0.3353881334602638,0.3426791727542877,60000.0
2018-09-10,0.3426791727542877,0.3426791727542877,0.3426791727542877,0.3426791727542877,11300.0
2018-09-11,0.3426791727542877,0.3426791727542877,0.3426791727542877,0.3426791727542877,0.0
2018-09-12,0.3426791727542877,0.3426791727542877,0.3426791727542877,0.3426791727542877,0.0
2018-09-13,0.3353881334602638,0.3426791727542877,0.3171605134961931,0.3426791727542877,127000.0
2018-09-14,0.3353881334602638,0.3426791727542877,0.3353881334602638,0.3426791727542877,60700.0
2018-09-17,0.3426791727542877,0.3426791727542877,0.3426791727542877,0.3426791727542877,0.0
2018-09-18,0.3426791727542877,0.3426791727542877,0.3426791727542877,0.3426791727542877,1000.0
2018-09-19,0.3390335738658905,0.3390335738658905,0.3390335738658905,0.3390335738658905,11700.0
2018-09-20,0.3390335738658905,0.3390335738658905,0.3390335738658905,0.3390335738658905,0.0
2018-09-21,0.3390335738658905,0.3390335738658905,0.3390335738658905,0.3390335738658905,0.0
2018-09-24,0.3317425549030304,0.3317425549030304,0.3317425549030304,0.3317425549030304,8000.0
2018-09-25,0.3353880941867828,0.3353880941867828,0.3353880941867828,0.3353880941867828,14000.0
2018-09-26,0.3353880941867828,0.3353880941867828,0.3353880941867828,0.3353880941867828,0.0
2018-09-27,0.3317425549030304,0.3353880739026779,0.3317425549030304,0.3317425549030304,24900.0
2018-09-28,0.3317425749666561,0.3353880941867828,0.3317425749666561,0.3353880941867828,16000.0
2018-10-01,0.3353880739026779,0.3353880739026779,0.3317425549030304,0.3317425549030304,28200.0
2018-10-02,0.3244514951747281,0.3317425549030304,0.3244514951747281,0.3317425549030304,2000.0
2018-10-03,0.3280970340175209,0.3353880941867828,0.3280970340175209,0.3353880941867828,7000.0
2018-10-04,0.3353880852353413,0.3426791234809984,0.3244515061378479,0.3244515061378479,76600.0
2018-10-05,0.3390335738658905,0.3390335738658905,0.3390335738658905,0.3390335738658905,11400.0
2018-10-08,0.3681977888969315,0.3681977888969315,0.3353880941867828,0.3353880941867828,22000.0
2018-10-09,0.3572612625847459,0.3572612625847459,0.3353881236157001,0.3463246822357178,60400.0
2018-10-10,0.3390336559868595,0.3390336559868595,0.3280970752239227,0.3280970752239227,79500.0
2018-10-11,0.3244515555459475,0.3280970752239227,0.313514996512022,0.3280970752239227,44100.0
2018-10-12,0.3317426166309091,0.3317426166309091,0.3280970752239227,0.3280970752239227,20000.0
2018-10-15,0.3390336559868595,0.3390336559868595,0.3280970752239227,0.3280970752239227,22500.0
2018-10-16,0.3244515061378479,0.3244515061378479,0.3244515061378479,0.3244515061378479,7900.0
2018-10-17,0.3244515061378479,0.3244515061378479,0.3244515061378479,0.3244515061378479,0.0
2018-10-18,0.3208059761750806,0.3317425549030304,0.3208059761750806,0.3317425549030304,7400.0
2018-10-19,0.3317425549030304,0.3317425549030304,0.3317425549030304,0.3317425549030304,0.0
2018-10-22,0.3280970656008446,0.3280970656008446,0.3135149873166359,0.3208060264587402,67600.0
2018-10-23,0.3317425862818756,0.3317425862818756,0.3171604871749878,0.3171604871749878,18500.0
2018-10-24,0.3171604871749878,0.3208060065194574,0.3171604871749878,0.3171604871749878,29200.0
2018-10-25,0.3171604871749878,0.3171604871749878,0.3135149678305182,0.3171604871749878,63900.0
2018-10-26,0.3135149694640238,0.3135149694640238,0.2916418315542312,0.3025783896446228,406100.0
2018-10-29,0.2989328902892271,0.3025784098966916,0.2952873706817627,0.2952873706817627,36400.0
2018-10-30,0.2952873509176951,0.3025783896446228,0.2952873509176951,0.3025783896446228,60000.0
2018-10-31,0.3025783896446228,0.3025783896446228,0.3025783896446228,0.3025783896446228,0.0
2018-11-01,0.2989328902892271,0.2989328902892271,0.2952873706817627,0.2952873706817627,18000.0
2018-11-02,0.2916418510742982,0.2952873706817627,0.2916418510742982,0.2952873706817627,72000.0
2018-11-05,0.2916418505259355,0.309869470257996,0.2879963309253255,0.3062239289283752,72600.0
2018-11-07,0.3171604871749878,0.3171604871749878,0.3171604871749878,0.3171604871749878,11400.0
2018-11-08,0.3171604871749878,0.3171604871749878,0.3171604871749878,0.3171604871749878,0.0
2018-11-09,0.2916418505259355,0.3062239289283752,0.2916418505259355,0.3062239289283752,12300.0
2018-11-12,0.3062239289283752,0.3062239289283752,0.3062239289283752,0.3062239289283752,21600.0
2018-11-13,0.3062239289283752,0.3062239289283752,0.3062239289283752,0.3062239289283752,0.0
2018-11-14,0.3062239289283752,0.3062239289283752,0.3062239289283752,0.3062239289283752,0.0
2018-11-15,0.3025783896446228,0.3025783896446228,0.3025783896446228,0.3025783896446228,5000.0
2018-11-16,0.3025783896446228,0.3025783896446228,0.3025783896446228,0.3025783896446228,0.0
2018-11-19,0.2916418702706772,0.3025784298129341,0.2916418702706772,0.2989329099655151,96700.0
2018-11-20,0.2989328702811589,0.3025783896446228,0.2916418315542312,0.3025783896446228,93000.0
2018-11-21,0.2952873507595213,0.2952873507595213,0.2916418313980102,0.2916418313980102,75400.0
2018-11-22,0.2916418313980102,0.2916418313980102,0.2916418313980102,0.2916418313980102,0.0
2018-11-23,0.2879963504232582,0.3025784298129341,0.2879963504232582,0.2989329099655151,49700.0
2018-11-26,0.2916418510742982,0.2952873706817627,0.2879963314668338,0.2952873706817627,144800.0
2018-11-27,0.2879963314668338,0.2952873706817627,0.2879963314668338,0.2952873706817627,99000.0
2018-11-28,0.2879963120364991,0.2916418313980102,0.2843507709459786,0.2916418313980102,40800.0
2018-11-29,0.2843507709459786,0.2916418313980102,0.2807052515844675,0.2916418313980102,51100.0
2018-11-30,0.2916418313980102,0.2916418313980102,0.2879963120364991,0.2916418313980102,31000.0
2018-12-03,0.2916418510742982,0.3025784098966916,0.2916418510742982,0.2952873706817627,13200.0
2018-12-04,0.2916418510742982,0.2952873706817627,0.2916418510742982,0.2952873706817627,81000.0
2018-12-05,0.280705288999408,0.2989329099655151,0.280705288999408,0.2989329099655151,98500.0
2018-12-06,0.2952873914465416,0.2952873914465416,0.2843508101260707,0.2879963517189026,74500.0
2018-12-07,0.2879963517189026,0.2879963517189026,0.2879963517189026,0.2879963517189026,0.0
2018-12-10,0.2879963517189026,0.2879963517189026,0.2879963517189026,0.2879963517189026,0.0
2018-12-11,0.2843508124351501,0.2843508124351501,0.2843508124351501,0.2843508124351501,6000.0
2018-12-12,0.2843508124351501,0.2843508124351501,0.2843508124351501,0.2843508124351501,0.0
2018-12-13,0.2843508124351501,0.2843508124351501,0.2843508124351501,0.2843508124351501,0.0
2018-12-14,0.2843508124351501,0.2843508124351501,0.2843508124351501,0.2843508124351501,0.0
2018-12-17,0.280705292541727,0.2843508124351501,0.2734142527548809,0.2843508124351501,39800.0
2018-12-18,0.2843508124351501,0.2843508124351501,0.2843508124351501,0.2843508124351501,0.0
2018-12-19,0.2843508124351501,0.2843508124351501,0.2843508124351501,0.2843508124351501,0.0
2018-12-20,0.2916418739510088,0.2916418739510088,0.2843508124351501,0.2843508124351501,15500.0
2018-12-21,0.277059772648304,0.2843508124351501,0.277059772648304,0.2843508124351501,12000.0
2018-12-24,0.2879963517189026,0.2879963517189026,0.2879963517189026,0.2879963517189026,500.0
2018-12-26,0.2807052731513977,0.2807052731513977,0.2807052731513977,0.2807052731513977,7600.0
2018-12-27,0.2843508124351501,0.2843508124351501,0.2843508124351501,0.2843508124351501,10000.0
2018-12-28,0.2843508124351501,0.2843508124351501,0.2843508124351501,0.2843508124351501,4000.0
2018-12-31,0.2916418313980102,0.2916418313980102,0.2916418313980102,0.2916418313980102,8200.0
2019-01-01,0.2916418313980102,0.2916418313980102,0.2916418313980102,0.2916418313980102,0.0
2019-01-02,0.2916418313980102,0.2916418313980102,0.2916418313980102,0.2916418313980102,0.0
2019-01-03,0.280705253250797,0.280705253250797,0.2770597338676452,0.2770597338676452,6200.0
2019-01-04,0.2770597338676452,0.2770597338676452,0.2770597338676452,0.2770597338676452,0.0
2019-01-07,0.2770597338676452,0.2770597338676452,0.2770597338676452,0.2770597338676452,0.0
2019-01-08,0.2770597338676452,0.2770597338676452,0.2770597338676452,0.2770597338676452,0.0
2019-01-09,0.2770597338676452,0.2770597338676452,0.2770597338676452,0.2770597338676452,0.0
2019-01-10,0.280705292541727,0.2843508124351501,0.280705292541727,0.2843508124351501,27400.0
2019-01-11,0.2843508124351501,0.2843508124351501,0.2843508124351501,0.2843508124351501,0.0
2019-01-14,0.2843508124351501,0.2843508124351501,0.2843508124351501,0.2843508124351501,0.0
2019-01-15,0.2843508124351501,0.2843508124351501,0.2843508124351501,0.2843508124351501,0.0
2019-01-16,0.2843508124351501,0.2843508124351501,0.2843508124351501,0.2843508124351501,0.0
2019-01-17,0.2843507726339487,0.2843507726339487,0.2770597338676452,0.2770597338676452,7500.0
2019-01-18,0.2807052515844675,0.2916418313980102,0.2770597322229564,0.2916418313980102,56900.0
2019-01-21,0.2916418313980102,0.2916418313980102,0.2916418313980102,0.2916418313980102,0.0
2019-01-22,0.2807052731513977,0.2807052731513977,0.2807052731513977,0.2807052731513977,60000.0
2019-01-23,0.2807052731513977,0.2807052731513977,0.2807052731513977,0.2807052731513977,0.0
2019-01-24,0.2807052731513977,0.2807052731513977,0.2807052731513977,0.2807052731513977,0.0
2019-01-25,0.2807052731513977,0.2807052731513977,0.2807052731513977,0.2807052731513977,0.0
2019-01-28,0.2770597338676452,0.280705253250797,0.2770597338676452,0.2770597338676452,27500.0
2019-01-29,0.2770597338676452,0.2770597338676452,0.2770597338676452,0.2770597338676452,10000.0
2019-01-30,0.2770597338676452,0.2770597338676452,0.2770597338676452,0.2770597338676452,21700.0
2019-01-31,0.2843507726339487,0.2843507726339487,0.2770597338676452,0.2770597338676452,28300.0
2019-02-01,0.2843508124351501,0.2843508124351501,0.2843508124351501,0.2843508124351501,4000.0
2019-02-04,0.2843508124351501,0.2843508124351501,0.2843508124351501,0.2843508124351501,0.0
2019-02-05,0.2843508124351501,0.2843508124351501,0.2843508124351501,0.2843508124351501,0.0
2019-02-07,0.2843508124351501,0.2843508124351501,0.2843508124351501,0.2843508124351501,0.0
2019-02-08,0.2843508124351501,0.2843508124351501,0.2843508124351501,0.2843508124351501,6600.0
2019-02-11,0.2843508124351501,0.2843508124351501,0.2843508124351501,0.2843508124351501,0.0
2019-02-12,0.2843507726339487,0.3062239106618685,0.2770597338676452,0.2770597338676452,250000.0
2019-02-13,0.2770597338676452,0.2770597338676452,0.2770597338676452,0.2770597338676452,0.0
2019-02-14,0.277059772648304,0.2843508124351501,0.277059772648304,0.2843508124351501,54000.0
2019-02-15,0.280705253250797,0.2843507726339487,0.2770597338676452,0.2770597338676452,40100.0
2019-02-18,0.2770597338676452,0.2770597338676452,0.2770597338676452,0.2770597338676452,0.0
2019-02-19,0.2661232489625055,0.2661232489625055,0.2478956253010024,0.258832186460495,585400.0
2019-02-20,0.2551866173744201,0.2588321370652101,0.2515410976836302,0.2551866173744201,118000.0
2019-02-21,0.2515410976836302,0.2551866173744201,0.2515410976836302,0.2551866173744201,12600.0
2019-02-22,0.2515411078929901,0.2515411078929901,0.2478955880542385,0.2515411078929901,200400.0
2019-02-25,0.2515410855661576,0.2734142243862152,0.2515410855661576,0.2734142243862152,167600.0
2019-02-26,0.2624776661396026,0.2624776661396026,0.2551866053719401,0.2624776661396026,116500.0
2019-02-27,0.2624776661396026,0.2624776661396026,0.2588321248912662,0.2624776661396026,108000.0
2019-02-28,0.2551866173744201,0.2551866173744201,0.2551866173744201,0.2551866173744201,71000.0
2019-03-01,0.2551866277317416,0.2551866277317416,0.2296679671314687,0.2515411078929901,95100.0
2019-03-04,0.2515411078929901,0.2515411078929901,0.2296679671314687,0.2515411078929901,140300.0
2019-03-05,0.2333134464534637,0.2442500257995056,0.2333134464534637,0.2369589656591415,65900.0
2019-03-06,0.2478955711696812,0.2515410907601307,0.2333134710788726,0.2333134710788726,41100.0
2019-03-07,0.2369589787086069,0.2406045198440551,0.2333134593021683,0.2406045198440551,109000.0
2019-03-08,0.2406045319887823,0.2406045319887823,0.2333134710788726,0.2333134710788726,13000.0
2019-03-11,0.2333134710788726,0.2333134710788726,0.2333134710788726,0.2333134710788726,29000.0
2019-03-12,0.2333134710788726,0.2333134710788726,0.2223769123075243,0.2333134710788726,81200.0
2019-03-13,0.2333134207976032,0.2333134207976032,0.2296679019927978,0.2296679019927978,19800.0
2019-03-14,0.2296679019927978,0.2296679019927978,0.2296679019927978,0.2296679019927978,0.0
2019-03-15,0.2296679019927978,0.2296679019927978,0.2296679019927978,0.2296679019927978,30000.0
2019-03-18,0.2333134710788726,0.2333134710788726,0.2333134710788726,0.2333134710788726,10000.0
2019-03-19,0.2296679398957296,0.2406045198440551,0.226022420489291,0.2406045198440551,65000.0
2019-03-20,0.2369589787086069,0.251541078063371,0.2333134593021683,0.2406045198440551,30400.0
2019-03-21,0.2406045198440551,0.2406045198440551,0.2406045198440551,0.2406045198440551,0.0
2019-03-22,0.2406045198440551,0.2406045198440551,0.2406045198440551,0.2406045198440551,0.0
2019-03-25,0.2369589656591415,0.2369589656591415,0.2260224080421081,0.2369589656591415,41900.0
2019-03-26,0.2333134464534637,0.2369589656591415,0.2296679272477859,0.2369589656591415,23700.0
2019-03-27,0.2369589656591415,0.2369589656591415,0.2369589656591415,0.2369589656591415,0.0
2019-03-28,0.2333134710788726,0.2333134710788726,0.2260224318979737,0.2333134710788726,22600.0
2019-03-29,0.2333134710788726,0.2333134710788726,0.2333134710788726,0.2333134710788726,0.0
2019-04-01,0.2333134710788726,0.2333134710788726,0.2333134710788726,0.2333134710788726,0.0
2019-04-02,0.2333134710788726,0.2333134710788726,0.2333134710788726,0.2333134710788726,0.0
2019-04-03,0.2260224318979737,0.2333134710788726,0.2260224318979737,0.2333134710788726,25500.0
2019-04-04,0.2296679417495545,0.2296679417495545,0.2260224223136901,0.2260224223136901,17000.0
2019-04-05,0.2260224223136901,0.2260224223136901,0.2260224223136901,0.2260224223136901,20000.0
2019-04-08,0.2260223831879925,0.2296679019927978,0.2260223831879925,0.2296679019927978,30500.0
2019-04-09,0.2296679398957296,0.2406045198440551,0.2296679398957296,0.2406045198440551,25500.0
2019-04-10,0.2260224223136901,0.2260224223136901,0.2260224223136901,0.2260224223136901,60000.0
2019-04-11,0.226022420489291,0.2406045198440551,0.226022420489291,0.2406045198440551,52200.0
2019-04-12,0.2296679019927978,0.2296679019927978,0.2296679019927978,0.2296679019927978,73400.0
2019-04-15,0.2296679019927978,0.2296679019927978,0.2296679019927978,0.2296679019927978,0.0
2019-04-16,0.2333134710788726,0.2333134710788726,0.2333134710788726,0.2333134710788726,5000.0
2019-04-17,0.2333134710788726,0.2333134710788726,0.2333134710788726,0.2333134710788726,0.0
2019-04-18,0.2333134710788726,0.2333134710788726,0.2296679514884232,0.2333134710788726,16500.0
2019-04-22,0.2260224080421081,0.2369589656591415,0.2260224080421081,0.2369589656591415,100000.0
2019-04-23,0.2369589656591415,0.2369589656591415,0.2369589656591415,0.2369589656591415,0.0
2019-04-24,0.226022420489291,0.2406045198440551,0.226022420489291,0.2406045198440551,54000.0
2019-04-25,0.2260224223136901,0.2260224223136901,0.2223769028778258,0.2260224223136901,75900.0
2019-04-26,0.2260224223136901,0.2260224223136901,0.2260224223136901,0.2260224223136901,0.0
2019-04-29,0.2296679019927978,0.2296679019927978,0.2223768643831871,0.2296679019927978,51700.0
2019-04-30,0.2333134593021683,0.2406045198440551,0.2333134593021683,0.2406045198440551,10700.0
2019-05-02,0.2358362214928541,0.2358362214928541,0.2247814089059829,0.2247814089059829,171800.0
2019-05-03,0.2247814089059829,0.2247814089059829,0.2247814089059829,0.2247814089059829,0.0
2019-05-06,0.2210964262485504,0.2210964262485504,0.2137265307309616,0.2210964262485504,141900.0
2019-05-07,0.2210964262485504,0.2210964262485504,0.2210964262485504,0.2210964262485504,100.0
2019-05-08,0.217411458492279,0.217411458492279,0.2137265218682674,0.217411458492279,208100.0
2019-05-09,0.2137265218682674,0.217411458492279,0.2063566486202441,0.217411458492279,119100.0
2019-05-10,0.2063566297292709,0.2174114385892903,0.1989867571559246,0.2063566297292709,726600.0
2019-05-13,0.2026717507547286,0.2026717507547286,0.191616916804637,0.1989868134260177,171100.0
2019-05-14,0.191616916804637,0.1989868134260177,0.1731922191791031,0.1989868134260177,464300.0
2019-05-15,0.1989868194618906,0.1989868194618906,0.1916169226169586,0.1916169226169586,42000.0
2019-05-16,0.1989867463870115,0.2137264907360076,0.1989867463870115,0.2137264907360077,273500.0
2019-05-17,0.2137264907360076,0.2137264907360076,0.2137264907360076,0.2137264907360077,0.0
2019-05-21,0.1989867869692298,0.2100415974855423,0.1989867869692298,0.2100415974855423,19000.0
2019-05-22,0.1989868286701192,0.2026717662811279,0.1989868286701192,0.2026717662811279,59000.0
2019-05-23,0.1989868134260177,0.1989868134260177,0.1989868134260177,0.1989868134260177,17000.0
2019-05-24,0.1989868134260177,0.1989868134260177,0.1989868134260177,0.1989868134260177,0.0
2019-05-27,0.1879319435362312,0.217411458492279,0.1879319435362312,0.217411458492279,198100.0
2019-05-28,0.217411458492279,0.217411458492279,0.217411458492279,0.217411458492279,0.0
2019-05-29,0.217411458492279,0.217411458492279,0.217411458492279,0.217411458492279,0.0
2019-05-30,0.1989868134260177,0.1989868134260177,0.1989868134260177,0.1989868134260177,10000.0
2019-05-31,0.1953017883358109,0.2137264907360076,0.1953017883358109,0.2137264907360077,5000.0
2019-06-03,0.1989868134260177,0.1989868134260177,0.1989868134260177,0.1989868134260177,1000.0
2019-06-04,0.1989868134260177,0.1989868134260177,0.1989868134260177,0.1989868134260177,55500.0
2019-06-06,0.2137264907360076,0.2137264907360076,0.2137264907360076,0.2137264907360077,8000.0
2019-06-07,0.2137264907360076,0.2137264907360076,0.2137264907360076,0.2137264907360077,0.0
2019-06-10,0.2137264907360076,0.2137264907360076,0.2137264907360076,0.2137264907360077,0.0
2019-06-11,0.2137264907360076,0.2137264907360076,0.2137264907360076,0.2137264907360077,0.0
2019-06-12,0.2137264907360076,0.2137264907360076,0.2137264907360076,0.2137264907360077,0.0
2019-06-13,0.2137264907360076,0.2137264907360076,0.2137264907360076,0.2137264907360077,0.0
2019-06-14,0.2137264907360076,0.2137264907360076,0.2137264907360076,0.2137264907360077,0.0
2019-06-17,0.2137264907360076,0.2137264907360076,0.2137264907360076,0.2137264907360077,0.0
2019-06-18,0.2137264907360076,0.2137264907360076,0.2137264907360076,0.2137264907360077,0.0
2019-06-19,0.1953018248829231,0.2210964262485504,0.1953018248829231,0.2210964262485504,159600.0
2019-06-20,0.2210964262485504,0.2210964262485504,0.2210964262485504,0.2210964262485504,0.0
2019-06-21,0.2210964262485504,0.2210964262485504,0.2210964262485504,0.2210964262485504,0.0
2019-06-24,0.2210964262485504,0.2210964262485504,0.2210964262485504,0.2210964262485504,0.0
2019-06-25,0.2063566297292709,0.2063566297292709,0.2063566297292709,0.2063566297292709,80000.0
2019-06-26,0.2210964285268713,0.2284663021564483,0.2210964285268713,0.2284663021564483,77000.0
2019-06-27,0.2247814089059829,0.2247814089059829,0.2247814089059829,0.2247814089059829,100.0
2019-06-28,0.2247814089059829,0.2247814089059829,0.2247814089059829,0.2247814089059829,0.0
2019-07-01,0.2174115118841086,0.2247814089059829,0.2174115118841086,0.2247814089059829,52000.0
2019-07-02,0.2247814089059829,0.2247814089059829,0.2247814089059829,0.2247814089059829,0.0
2019-07-03,0.210041566015944,0.210041566015944,0.2063566297292709,0.2063566297292709,114000.0
2019-07-04,0.2100415546487586,0.2137264907360076,0.2100415546487586,0.2137264907360077,15000.0
2019-07-05,0.2137264907360076,0.2137264907360076,0.2137264907360076,0.2137264907360077,0.0
2019-07-08,0.2137264907360076,0.2137264907360076,0.2137264907360076,0.2137264907360077,0.0
2019-07-09,0.2137264907360076,0.2137264907360076,0.2137264907360076,0.2137264907360077,0.0
2019-07-10,0.2137265343243131,0.2137265343243131,0.2100415974855423,0.2100415974855423,31100.0
2019-07-11,0.2100415852442557,0.217411458492279,0.2100415852442557,0.217411458492279,2100.0
2019-07-12,0.217411458492279,0.217411458492279,0.217411458492279,0.217411458492279,0.0
2019-07-15,0.2174114675077781,0.2210964262485504,0.2174114675077781,0.2210964262485504,4100.0
2019-07-16,0.2210964262485504,0.2210964262485504,0.2210964262485504,0.2210964262485504,0.0
2019-07-17,0.2210964262485504,0.2210964262485504,0.2210964262485504,0.2210964262485504,0.0
2019-07-18,0.2100415974855423,0.2100415974855423,0.2100415974855423,0.2100415974855423,1000.0
2019-07-19,0.2137264907360076,0.2137264907360076,0.2137264907360076,0.2137264907360077,8000.0
2019-07-22,0.210041566015944,0.210041566015944,0.2063566297292709,0.2063566297292709,188000.0
2019-07-23,0.2100415974855423,0.2100415974855423,0.2100415974855423,0.2100415974855423,8000.0
2019-07-24,0.2100415974855423,0.2100415974855423,0.2100415974855423,0.2100415974855423,0.0
2019-07-25,0.217411458492279,0.217411458492279,0.217411458492279,0.217411458492279,1100.0
2019-07-26,0.2100415546487586,0.2137264907360076,0.2100415546487586,0.2137264907360077,30100.0
2019-07-29,0.2137265023026172,0.2137265023026172,0.2063566297292709,0.2063566297292709,50000.0
2019-07-30,0.2063566297292709,0.2063566297292709,0.2063566297292709,0.2063566297292709,0.0
2019-07-31,0.2063566297292709,0.2063566297292709,0.2063566297292709,0.2063566297292709,2900.0
2019-08-01,0.2063566297292709,0.2063566297292709,0.2063566297292709,0.2063566297292709,0.0
2019-08-02,0.2063566297292709,0.2063566297292709,0.2063566297292709,0.2063566297292709,0.0
2019-08-05,0.1989867861663015,0.1989867861663015,0.1768771322769566,0.1842470169067382,58300.0
2019-08-06,0.1842469900452793,0.2063566297292709,0.1842469900452793,0.2063566297292709,35400.0
2019-08-07,0.198986759255775,0.198986759255775,0.1953018009662628,0.1953018009662628,1000.0
2019-08-08,0.1989867869692298,0.2100415974855423,0.191616891327732,0.2100415974855423,19300.0
2019-08-13,0.2026717662811279,0.2026717662811279,0.2026717662811279,0.2026717662811279,2300.0
2019-08-14,0.1989868134260177,0.1989868134260177,0.1989868134260177,0.1989868134260177,8000.0
2019-08-15,0.191616916804637,0.2100416254121503,0.191616916804637,0.1989868134260177,24900.0
2019-08-16,0.1989868134260177,0.1989868134260177,0.1989868134260177,0.1989868134260177,0.0
2019-08-19,0.1989868134260177,0.1989868134260177,0.1989868134260177,0.1989868134260177,0.0
2019-08-20,0.1989868286701192,0.2026717662811279,0.1989868286701192,0.2026717662811279,35300.0
2019-08-21,0.1989868286701192,0.2026717662811279,0.1989868286701192,0.2026717662811279,51100.0
2019-08-22,0.2021401567785384,0.2021401567785384,0.1983968019485473,0.1983968019485473,49000.0
2019-08-23,0.1983968019485473,0.1983968019485473,0.194653469430578,0.1983968019485473,117000.0
2019-08-26,0.1909101369126087,0.1983968019485473,0.1834234718766701,0.1983968019485473,95400.0
2019-08-27,0.1983968019485473,0.1983968019485473,0.1983968019485473,0.1983968019485473,0.0
2019-08-28,0.190910142666496,0.190910142666496,0.1871668100357055,0.1871668100357055,36300.0
2019-08-29,0.1871668587388207,0.2021402154702565,0.1796801803731027,0.1946535259485244,235100.0
2019-08-30,0.1909101605415344,0.1909101605415344,0.1909101605415344,0.1909101605415344,3000.0
2019-09-02,0.1909101923436726,0.1983968595533763,0.1871668587388207,0.1946535259485244,22500.0
2019-09-03,0.1909101605415344,0.1909101605415344,0.1871668275602533,0.1909101605415344,25100.0
2019-09-04,0.1946535246140913,0.2096268812428784,0.1946535246140913,0.2058835476636886,241200.0
2019-09-05,0.2058835476636886,0.2058835476636886,0.198396858193281,0.2058835476636886,62200.0
2019-09-06,0.2021401567785384,0.2021401567785384,0.1983968019485473,0.1983968019485473,124000.0
2019-09-09,0.1983968019485473,0.1983968019485473,0.1983968019485473,0.1983968019485473,34900.0
2019-09-10,0.1946535259485244,0.1946535259485244,0.1946535259485244,0.1946535259485244,50000.0
2019-09-11,0.1946535259485244,0.1946535259485244,0.1946535259485244,0.1946535259485244,0.0
2019-09-12,0.1946535259485244,0.1946535259485244,0.1946535259485244,0.1946535259485244,0.0
2019-09-13,0.1983968562053122,0.202140212059021,0.1983968562053122,0.202140212059021,30100.0
2019-09-16,0.2021401567785384,0.2021401567785384,0.1983968019485473,0.1983968019485473,70000.0
2019-09-17,0.1983968019485473,0.1983968019485473,0.1983968019485473,0.1983968019485473,0.0
2019-09-18,0.1983968019485473,0.1983968019485473,0.1983968019485473,0.1983968019485473,0.0
2019-09-19,0.1983968019485473,0.1983968019485473,0.1983968019485473,0.1983968019485473,0.0
2019-09-20,0.1983968019485473,0.2021401567785384,0.1983968019485473,0.1983968019485473,123400.0
2019-09-23,0.1983968019485473,0.2021401567785384,0.194653469430578,0.1983968019485473,168400.0
2019-09-24,0.1983968562053122,0.202140212059021,0.1946535226636312,0.202140212059021,15000.0
2019-09-25,0.202140212059021,0.202140212059021,0.202140212059021,0.202140212059021,0.0
2019-09-26,0.194653469430578,0.1983968019485473,0.1909101369126087,0.1983968019485473,43000.0
2019-09-27,0.1983968019485473,0.1983968019485473,0.1983968019485473,0.1983968019485473,40000.0
2019-09-30,0.1983968562053122,0.202140212059021,0.1946535226636312,0.202140212059021,60900.0
2019-10-01,0.202140212059021,0.202140212059021,0.202140212059021,0.202140212059021,0.0
2019-10-02,0.202140212059021,0.202140212059021,0.202140212059021,0.202140212059021,0.0
2019-10-03,0.202140212059021,0.202140212059021,0.202140212059021,0.202140212059021,0.0
2019-10-04,0.1946534935228155,0.1946534935228155,0.1909101605415344,0.1909101605415344,16000.0
2019-10-07,0.1909101369126087,0.1983968019485473,0.1871668043946394,0.1983968019485473,74000.0
2019-10-08,0.1983968019485473,0.1983968019485473,0.1983968019485473,0.1983968019485473,0.0
2019-10-09,0.1983968019485473,0.1983968019485473,0.1983968019485473,0.1983968019485473,0.0
2019-10-10,0.1983968019485473,0.1983968019485473,0.1983968019485473,0.1983968019485473,0.0
2019-10-11,0.1909101369126087,0.1983968019485473,0.1909101369126087,0.1983968019485473,25400.0
2019-10-14,0.1909101369126087,0.1983968019485473,0.1909101369126087,0.1983968019485473,39800.0
2019-10-15,0.1983968019485473,0.2021401567785384,0.1983968019485473,0.1983968019485473,41100.0
2019-10-16,0.1983968019485473,0.1983968019485473,0.1983968019485473,0.1983968019485473,0.0
2019-10-17,0.202140212059021,0.202140212059021,0.202140212059021,0.202140212059021,30000.0
2019-10-18,0.202140212059021,0.202140212059021,0.202140212059021,0.202140212059021,100.0
2019-10-21,0.202140212059021,0.202140212059021,0.202140212059021,0.202140212059021,0.0
2019-10-22,0.202140212059021,0.202140212059021,0.1946535226636312,0.202140212059021,28300.0
2019-10-23,0.1946535226636312,0.202140212059021,0.1946535226636312,0.202140212059021,9600.0
2019-10-24,0.202140212059021,0.202140212059021,0.202140212059021,0.202140212059021,0.0
2019-10-25,0.1946534711477243,0.2096268236637115,0.1871668060457416,0.2096268236637115,27400.0
2019-10-29,0.2058835476636886,0.2096268812428784,0.1946535246140913,0.2058835476636886,35500.0
2019-10-30,0.2058835476636886,0.2058835476636886,0.2058835476636886,0.2058835476636886,20000.0
2019-10-31,0.194653469430578,0.2021401567785384,0.194653469430578,0.1983968019485473,46000.0
2019-11-01,0.194653469430578,0.1983968019485473,0.1871668043946394,0.1983968019485473,119500.0
2019-11-04,0.190910142666496,0.190910142666496,0.1871668100357055,0.1871668100357055,102200.0
2019-11-05,0.1834235251339687,0.1946535259485244,0.1834235251339687,0.1946535259485244,63700.0
2019-11-06,0.1946535259485244,0.1946535259485244,0.1946535259485244,0.1946535259485244,0.0
2019-11-07,0.1946534935228155,0.1946534935228155,0.1909101605415344,0.1909101605415344,34100.0
2019-11-08,0.1946534875275757,0.2395735265434814,0.1946534875275757,0.2133701741695404,996800.0
2019-11-11,0.2133701562147028,0.2133701562147028,0.2021401585617289,0.2096268236637115,278000.0
2019-11-12,0.2096268236637115,0.2096268236637115,0.2096268236637115,0.2096268236637115,0.0
2019-11-13,0.2021401567785384,0.2021401567785384,0.1983968019485473,0.1983968019485473,58300.0
2019-11-14,0.1946535259485244,0.2058835490751084,0.1871668587388207,0.1946535259485244,60200.0
2019-11-15,0.1946535259485244,0.2021402154702565,0.1946535259485244,0.1946535259485244,63000.0
2019-11-18,0.1983968562053122,0.2058835456007019,0.1946535226636312,0.202140212059021,29300.0
2019-11-19,0.202140212059021,0.202140212059021,0.202140212059021,0.202140212059021,35000.0
2019-11-20,0.1946535226636312,0.202140212059021,0.1909101891219503,0.202140212059021,73700.0
2019-11-21,0.202140212059021,0.202140212059021,0.202140212059021,0.202140212059021,0.0
2019-11-22,0.202140212059021,0.202140212059021,0.202140212059021,0.202140212059021,0.0
2019-11-25,0.202140212059021,0.202140212059021,0.202140212059021,0.202140212059021,3000.0
2019-11-26,0.1983968019485473,0.1983968019485473,0.1983968019485473,0.1983968019485473,48000.0
2019-11-27,0.1983968019485473,0.2058834892965077,0.1983968019485473,0.1983968019485473,15100.0
2019-11-28,0.2021401567785384,0.2021401567785384,0.1983968019485473,0.1983968019485473,86300.0
2019-11-29,0.1983968019485473,0.1983968019485473,0.1983968019485473,0.1983968019485473,4100.0
2019-12-02,0.198396858193281,0.2058835476636886,0.198396858193281,0.2058835476636886,64900.0
2019-12-03,0.2058835476636886,0.2058835476636886,0.2058835476636886,0.2058835476636886,43600.0
2019-12-04,0.202140212059021,0.202140212059021,0.202140212059021,0.202140212059021,38000.0
2019-12-05,0.2058834911127202,0.2096268236637115,0.2058834911127202,0.2096268236637115,31000.0
2019-12-06,0.2058835476636886,0.2058835476636886,0.2058835476636886,0.2058835476636886,80000.0
2019-12-09,0.1983968019485473,0.1983968019485473,0.1983968019485473,0.1983968019485473,20000.0
2019-12-10,0.2021402140844989,0.2058835476636886,0.2021402140844989,0.2058835476636886,14000.0
2019-12-11,0.2058835476636886,0.2058835476636886,0.2058835476636886,0.2058835476636886,25000.0
2019-12-12,0.2021401585617289,0.2096268236637115,0.2021401585617289,0.2096268236637115,68000.0
2019-12-13,0.2058834911127202,0.2096268236637115,0.2058834911127202,0.2096268236637115,74500.0
2019-12-16,0.2096268236637115,0.2096268236637115,0.2096268236637115,0.2096268236637115,0.0
2019-12-17,0.2096268236637115,0.2096268236637115,0.2096268236637115,0.2096268236637115,2000.0
2019-12-18,0.2096268236637115,0.2096268236637115,0.2096268236637115,0.2096268236637115,0.0
2019-12-19,0.2096268236637115,0.2096268236637115,0.2096268236637115,0.2096268236637115,0.0
2019-12-20,0.2058835476636886,0.2058835476636886,0.2058835476636886,0.2058835476636886,40000.0
2019-12-23,0.2096268812428784,0.2096268812428784,0.2021402140844989,0.2058835476636886,22000.0
2019-12-24,0.2058835476636886,0.2058835476636886,0.2058835476636886,0.2058835476636886,0.0
2019-12-25,0.2058835476636886,0.2058835476636886,0.2058835476636886,0.2058835476636886,0.0
2019-12-26,0.2058834911127202,0.2096268236637115,0.2058834911127202,0.2096268236637115,45000.0
2019-12-27,0.209626800785809,0.2171134650707245,0.209626800785809,0.2171134650707245,130500.0
2019-12-30,0.2171134650707245,0.2208567972131822,0.209626800785809,0.2171134650707245,317100.0
2019-12-31,0.2171134650707245,0.2208567972131822,0.2171134650707245,0.2171134650707245,10900.0
2020-01-02,0.2171135670783615,0.228343591094017,0.2171135670783615,0.228343591094017,258000.0
2020-01-03,0.2320869249952254,0.2358302588964339,0.228343591094017,0.228343591094017,376000.0
2020-01-06,0.2246001958847046,0.2246001958847046,0.2208568406932728,0.2246001958847046,81000.0
2020-01-07,0.2246002011594013,0.2320868670940399,0.2246002011594013,0.2320868670940399,99000.0
2020-01-08,0.2283435287641123,0.2283435287641123,0.2246001958847046,0.2246001958847046,62000.0
2020-01-09,0.2358302639269619,0.23957359790802,0.2283435959648458,0.23957359790802,286700.0
2020-01-10,0.2395734902948274,0.2395734902948274,0.2320868256956205,0.235830157995224,70000.0
2020-01-13,0.2395735701628255,0.2508035931174728,0.2395735701628255,0.2433169037103653,342500.0
2020-01-14,0.2433168984377441,0.2508035876826168,0.2433168984377441,0.2470602542161941,271000.0
2020-01-15,0.2470602881821666,0.2470602881821666,0.2358302639269619,0.23957359790802,22000.0
2020-01-16,0.23957359790802,0.23957359790802,0.23957359790802,0.23957359790802,0.0
2020-01-17,0.2433169037103653,0.2433169037103653,0.2433169037103653,0.2433169037103653,10000.0
2020-01-20,0.2395735701628255,0.2433169037103653,0.2395735701628255,0.2433169037103653,20000.0
2020-01-21,0.2358302639269619,0.23957359790802,0.2320869299459039,0.23957359790802,110000.0
2020-01-22,0.235830157995224,0.235830157995224,0.235830157995224,0.235830157995224,2000.0
2020-01-23,0.2320868670940399,0.2320868670940399,0.2283435341267206,0.2320868670940399,53000.0
2020-01-24,0.2283435341267206,0.2358302000613592,0.2283435341267206,0.2320868670940399,101000.0
2020-01-28,0.2246001958847046,0.2246001958847046,0.2171135078138651,0.2246001958847046,126000.0
2020-01-29,0.2208568458800576,0.2320868670940399,0.2208568458800576,0.2320868670940399,167000.0
2020-01-30,0.2246001703422757,0.2246001703422757,0.2208568155765533,0.2208568155765533,13000.0
2020-01-31,0.2208568155765533,0.2208568155765533,0.2208568155765533,0.2208568155765533,0.0
2020-02-03,0.2283434838101172,0.2283434838101172,0.2171134650707245,0.2171134650707245,106700.0
2020-02-04,0.2208568406932728,0.2246001958847046,0.2208568406932728,0.2246001958847046,56200.0
2020-02-05,0.2171135078138651,0.2246001958847046,0.2171135078138651,0.2246001958847046,13600.0
2020-02-06,0.2246001958847046,0.2246001958847046,0.2246001958847046,0.2246001958847046,18000.0
2020-02-07,0.2246001958847046,0.2246001958847046,0.2246001958847046,0.2246001958847046,0.0
2020-02-10,0.2208567972131822,0.2208567972131822,0.2171134650707245,0.2171134650707245,51900.0
2020-02-11,0.2171134831228523,0.2208568155765533,0.2171134831228523,0.2208568155765533,31500.0
2020-02-12,0.2246001958847046,0.2246001958847046,0.2246001958847046,0.2246001958847046,20000.0
2020-02-13,0.2208568064847896,0.2433168225944309,0.2208568064847896,0.235830157995224,472600.0
2020-02-14,0.2358302315048989,0.2470602542161941,0.2320868980384763,0.2470602542161941,1182600.0
2020-02-17,0.2470601772060549,0.2470601772060549,0.2320868256956205,0.235830157995224,839200.0
2020-02-18,0.2358302639269619,0.23957359790802,0.2358302639269619,0.23957359790802,20100.0
2020-02-19,0.2358302588964339,0.2358302588964339,0.228343591094017,0.228343591094017,67500.0
2020-02-20,0.2320868616435201,0.2395735274023356,0.2246001958847046,0.2246001958847046,920700.0
2020-02-21,0.2246001703422757,0.2283435027959768,0.2171134831228523,0.2208568155765533,490200.0
2020-02-24,0.2171135484012578,0.2171135484012578,0.2021402140844989,0.2058835476636886,645200.0
2020-02-25,0.205883508437564,0.2133701741695404,0.205883508437564,0.2133701741695404,104600.0
2020-02-26,0.2096268236637115,0.2171134887656942,0.2096268236637115,0.2096268236637115,288700.0
2020-02-27,0.2021402140844989,0.2096268812428784,0.198396858193281,0.2058835476636886,96000.0
2020-02-28,0.1983968562053122,0.202140212059021,0.1946535226636312,0.202140212059021,242200.0
2020-03-02,0.194653469430578,0.2021401567785384,0.1909101369126087,0.1983968019485473,148000.0
2020-03-03,0.1983968595533763,0.1983968595533763,0.1946535259485244,0.1946535259485244,24000.0
2020-03-04,0.1909101605415344,0.1909101605415344,0.1909101605415344,0.1909101605415344,45000.0
2020-03-05,0.1983968265040967,0.1983968265040967,0.1909101605415344,0.1909101605415344,135000.0
2020-03-06,0.1909101605415344,0.1909101605415344,0.1871668275602533,0.1909101605415344,370000.0
2020-03-09,0.1909101705899788,0.1909101705899788,0.1684501492080974,0.1834235042333603,600400.0
2020-03-10,0.16470679193894,0.190910142666496,0.16470679193894,0.1871668100357055,74300.0
2020-03-11,0.1796801598990381,0.1834235042333603,0.1759368267207288,0.1834235042333603,26500.0
2020-03-12,0.1759368087607435,0.1871668183053021,0.1647067992161849,0.1684501320123672,329300.0
2020-03-13,0.1609634906717947,0.1871668465050598,0.1534768127954274,0.1796801686286926,191500.0
2020-03-16,0.1497334543222755,0.1721934730284174,0.1497334543222755,0.1647067964076995,208900.0
2020-03-17,0.1647067992161849,0.1684501320123672,0.1609634664200026,0.1684501320123672,261900.0
2020-03-18,0.1609634636753464,0.1684501291400527,0.1572201197869817,0.1647067964076995,352400.0
2020-03-19,0.1572201197869817,0.1647067964076995,0.1497334543222755,0.1647067964076995,227200.0
2020-03-20,0.1721935177780401,0.1721935177780401,0.1609635055065155,0.1609635055065155,11600.0
2020-03-23,0.1572201224678086,0.1684501320123672,0.149733456875444,0.1684501320123672,234400.0
2020-03-24,0.1534768193960189,0.1534768193960189,0.1534768193960189,0.1534768193960189,5000.0
2020-03-25,0.1572201606453309,0.1609635055065155,0.1572201606453309,0.1609635055065155,60000.0
2020-03-26,0.1572201529171857,0.1572201529171857,0.1497334858748522,0.1534768193960189,84300.0
2020-03-27,0.1609634636753464,0.1647067964076995,0.1572201197869817,0.1647067964076995,51400.0
2020-03-30,0.1572201224678086,0.1684501320123672,0.1534767896716263,0.1684501320123672,47700.0
2020-03-31,0.1609635055065155,0.1609635055065155,0.1609635055065155,0.1609635055065155,3000.0
2020-04-01,0.1534768214299127,0.1647068332982485,0.1497334878591388,0.1572201550006866,405800.0
2020-04-02,0.1534767870546286,0.1647067964076995,0.1534767870546286,0.1647067964076995,157900.0
2020-04-03,0.1647067964076995,0.1647067964076995,0.1647067964076995,0.1647067964076995,0.0
2020-04-06,0.1647067964076995,0.1647067964076995,0.1647067964076995,0.1647067964076995,3000.0
2020-04-07,0.1647067964076995,0.1647067964076995,0.1647067964076995,0.1647067964076995,45100.0
2020-04-08,0.1647067964076995,0.1647067964076995,0.1647067964076995,0.1647067964076995,0.0
2020-04-09,0.1647067964076995,0.1721934730284174,0.1647067964076995,0.1647067964076995,49600.0
2020-04-13,0.1609634636753464,0.1647067964076995,0.1609634636753464,0.1647067964076995,114600.0
2020-04-14,0.1721935019083388,0.1796801686286926,0.1684501573921485,0.1796801686286926,260100.0
2020-04-15,0.1759368514832102,0.1759368514832102,0.1609635055065155,0.1609635055065155,61200.0
2020-04-16,0.1572201197869817,0.1721934730284174,0.1572201197869817,0.1647067964076995,164500.0
2020-04-17,0.1647067964076995,0.1647067964076995,0.1609634636753464,0.1647067964076995,267600.0
2020-04-20,0.1647067964076995,0.1647067964076995,0.1647067964076995,0.1647067964076995,0.0
2020-04-21,0.1572201606453309,0.1609635055065155,0.1572201606453309,0.1609635055065155,146900.0
2020-04-22,0.1534767870546286,0.1647067964076995,0.1534767870546286,0.1647067964076995,60200.0
2020-04-23,0.1572201550006866,0.1609634997274746,0.1572201550006866,0.1572201550006866,88100.0
2020-04-24,0.1572201550006866,0.1572201550006866,0.1572201550006866,0.1572201550006866,0.0
2020-04-27,0.1647067992161849,0.1684501320123672,0.1647067992161849,0.1684501320123672,30900.0
2020-04-28,0.1684501320123672,0.1684501320123672,0.1684501320123672,0.1684501320123672,18900.0
2020-04-29,0.1647067964076995,0.1647067964076995,0.1609634636753464,0.1647067964076995,100000.0
2020-04-30,0.1679046324918297,0.1679046324918297,0.1640886217355728,0.1640886217355728,125000.0
2020-05-04,0.1640886217355728,0.1640886217355728,0.1640886217355728,0.1640886217355728,0.0
2020-05-05,0.1679046303033828,0.1679046303033828,0.1679046303033828,0.1679046303033828,100000.0
2020-05-06,0.1679046324918297,0.1679046324918297,0.1640886217355728,0.1640886217355728,55000.0
2020-05-08,0.1640886217355728,0.1640886217355728,0.1640886217355728,0.1640886217355728,35000.0
2020-05-11,0.1640886217355728,0.1640886217355728,0.1640886217355728,0.1640886217355728,17000.0
2020-05-12,0.1640886328261822,0.1755366772413253,0.1640886328261822,0.1755366772413253,23300.0
2020-05-13,0.1679046438403599,0.1755366772413253,0.1640886328261822,0.1755366772413253,7600.0
2020-05-14,0.1755366772413253,0.1755366772413253,0.1755366772413253,0.1755366772413253,0.0
2020-05-15,0.1755366772413253,0.1755366772413253,0.1755366772413253,0.1755366772413253,0.0
2020-05-18,0.1679046324918297,0.1679046324918297,0.1640886217355728,0.1640886217355728,1000.0
2020-05-19,0.1679046438403599,0.1755366772413253,0.1679046438403599,0.1755366772413253,49500.0
2020-05-20,0.1717206388711929,0.1717206388711929,0.1717206388711929,0.1717206388711929,3200.0
2020-05-21,0.1755366653769525,0.1793526761332093,0.1640886217355728,0.1640886217355728,76500.0
2020-05-22,0.1640886175532076,0.1717206388711929,0.1640886175532076,0.1717206388711929,5100.0
2020-05-26,0.1717206388711929,0.1717206388711929,0.1717206388711929,0.1717206388711929,0.0
2020-05-27,0.1717206388711929,0.1717206388711929,0.1717206388711929,0.1717206388711929,0.0
2020-05-28,0.1717206388711929,0.1717206388711929,0.1717206388711929,0.1717206388711929,1000.0
2020-05-29,0.1717206388711929,0.1717206388711929,0.1717206388711929,0.1717206388711929,0.0
2020-06-01,0.1640886175532076,0.1717206388711929,0.1640886175532076,0.1717206388711929,67100.0
2020-06-02,0.1717206525122708,0.1793526858091354,0.1717206525122708,0.1793526858091354,22700.0
2020-06-03,0.1793526882555031,0.1831686992696809,0.1755366772413253,0.1755366772413253,106900.0
2020-06-04,0.1831686967712628,0.1831686967712628,0.175536674847008,0.1793526858091354,26200.0
2020-06-05,0.1831686992696809,0.1831686992696809,0.1755366772413253,0.1755366772413253,38800.0
2020-06-08,0.1755366772413253,0.1755366772413253,0.1755366772413253,0.1755366772413253,5000.0
2020-06-09,0.1755366772413253,0.1755366772413253,0.1755366772413253,0.1755366772413253,20000.0
2020-06-10,0.1831686809398403,0.190800713577062,0.1831686809398403,0.1869847029447555,16800.0
2020-06-11,0.1869847029447555,0.1869847029447555,0.1869847029447555,0.1869847029447555,0.0
2020-06-12,0.1793526882555031,0.1793526882555031,0.1755366772413253,0.1755366772413253,41700.0
2020-06-15,0.1717206410099023,0.1717206410099023,0.1679046303033828,0.1679046303033828,80000.0
2020-06-16,0.1679046303033828,0.1679046303033828,0.1679046303033828,0.1679046303033828,0.0
2020-06-17,0.1755366772413253,0.1755366772413253,0.1717206548545377,0.1755366772413253,51300.0
2020-06-18,0.1717206388711929,0.1717206388711929,0.1717206388711929,0.1717206388711929,26000.0
2020-06-19,0.1717206388711929,0.1717206388711929,0.1717206388711929,0.1717206388711929,10000.0
2020-06-22,0.1717206388711929,0.1717206388711929,0.1717206388711929,0.1717206388711929,0.0
2020-06-23,0.1717206388711929,0.1717206388711929,0.1717206388711929,0.1717206388711929,0.0
2020-06-24,0.1679046303033828,0.1679046303033828,0.1679046303033828,0.1679046303033828,37000.0
2020-06-25,0.1679046282122002,0.1717206388711929,0.1679046282122002,0.1717206388711929,37900.0
2020-06-26,0.1717206388711929,0.1717206388711929,0.1717206388711929,0.1717206388711929,0.0
2020-06-29,0.1717206388711929,0.1717206388711929,0.1717206388711929,0.1717206388711929,0.0
2020-06-30,0.1717206410099023,0.1755366630890308,0.1679046303033828,0.1679046303033828,52400.0
2020-07-01,0.1679046303033828,0.1679046303033828,0.1679046303033828,0.1679046303033828,0.0
2020-07-02,0.1679046415501434,0.1793526858091354,0.1679046415501434,0.1793526858091354,20100.0
2020-07-03,0.1793526858091354,0.1793526858091354,0.1793526858091354,0.1793526858091354,0.0
2020-07-06,0.1793526858091354,0.1793526858091354,0.1793526858091354,0.1793526858091354,100.0
2020-07-07,0.179352671561787,0.179352671561787,0.1717206388711929,0.1717206388711929,54100.0
2020-07-08,0.1717206388711929,0.1717206388711929,0.1717206388711929,0.1717206388711929,0.0
2020-07-09,0.1717206388711929,0.1717206388711929,0.1717206388711929,0.1717206388711929,0.0
2020-07-13,0.1679046466986505,0.1679046466986505,0.1602726131677627,0.1602726131677627,72500.0
2020-07-14,0.1602726131677627,0.1602726131677627,0.1602726131677627,0.1602726131677627,0.0
2020-07-15,0.1602726131677627,0.1602726131677627,0.1602726131677627,0.1602726131677627,0.0
2020-07-16,0.1602726131677627,0.1602726131677627,0.1602726131677627,0.1602726131677627,0.0
2020-07-17,0.1602726131677627,0.1602726131677627,0.1602726131677627,0.1602726131677627,0.0
2020-07-20,0.1640886217355728,0.1640886217355728,0.1640886217355728,0.1640886217355728,9000.0
2020-07-21,0.1640886217355728,0.1640886217355728,0.1640886217355728,0.1640886217355728,0.0
2020-07-22,0.1640886217355728,0.1640886217355728,0.1640886217355728,0.1640886217355728,0.0
2020-07-23,0.1640886217355728,0.1640886217355728,0.1640886217355728,0.1640886217355728,0.0
2020-07-24,0.1640886217355728,0.1640886217355728,0.1640886217355728,0.1640886217355728,0.0
2020-07-27,0.1717206388711929,0.1717206388711929,0.1717206388711929,0.1717206388711929,11000.0
2020-07-28,0.1640886356195117,0.1640886356195117,0.1602726131677627,0.1602726131677627,14900.0
2020-07-29,0.1602726131677627,0.1602726131677627,0.1602726131677627,0.1602726131677627,0.0
2020-07-30,0.1640886356195117,0.1640886356195117,0.1602726131677627,0.1602726131677627,40300.0
2020-08-03,0.1602726131677627,0.1602726131677627,0.1602726131677627,0.1602726131677627,10100.0
2020-08-04,0.1602726131677627,0.1602726131677627,0.1602726131677627,0.1602726131677627,0.0
2020-08-05,0.1602726131677627,0.1602726131677627,0.1602726131677627,0.1602726131677627,0.0
2020-08-06,0.1602726131677627,0.1602726131677627,0.1602726131677627,0.1602726131677627,0.0
2020-08-07,0.1602725975177349,0.1679046303033828,0.1602725975177349,0.1679046303033828,3000.0
2020-08-11,0.1564565868112154,0.1679046303033828,0.1564565868112154,0.1679046303033828,76000.0
2020-08-12,0.1679046303033828,0.1679046303033828,0.1679046303033828,0.1679046303033828,0.0
2020-08-13,0.1640886217355728,0.1640886217355728,0.1640886217355728,0.1640886217355728,22000.0
2020-08-14,0.1640886175532076,0.1755366609027944,0.1640886175532076,0.1717206388711929,45400.0
2020-08-17,0.1717206605341258,0.1717206605341258,0.1564566045999527,0.1564566045999527,7100.0
2020-08-18,0.1602726131677627,0.1602726131677627,0.1602726131677627,0.1602726131677627,23500.0
2020-08-19,0.1617126166820526,0.1617126166820526,0.1617126166820526,0.1617126166820526,0.0
2020-08-20,0.1655629250023134,0.1655629250023134,0.1617126166820526,0.1617126166820526,16100.0
2020-08-21,0.1578623205423355,0.1578623205423355,0.1578623205423355,0.1578623205423355,19900.0
2020-08-24,0.161712604381496,0.1694132089614868,0.161712604381496,0.1694132089614868,25000.0
2020-08-25,0.161712590230156,0.1694131941362731,0.1540119977988268,0.1655628979206085,76300.0
2020-08-26,0.1578622940144914,0.1694131941362731,0.1578622940144914,0.1655628979206085,68000.0
2020-08-27,0.1655629124088858,0.1694132089614868,0.1655629124088858,0.1694132089614868,2100.0
2020-08-28,0.1578623205423355,0.1578623205423355,0.1578623205423355,0.1578623205423355,35000.0
2020-08-31,0.1578623205423355,0.1578623205423355,0.1578623205423355,0.1578623205423355,0.0
2020-09-01,0.1617126174050201,0.1617126174050201,0.1578623205423355,0.1578623205423355,12600.0
2020-09-02,0.1617126166820526,0.1617126166820526,0.1617126166820526,0.1617126166820526,10000.0
2020-09-03,0.1617126166820526,0.1617126166820526,0.1617126166820526,0.1617126166820526,0.0
2020-09-04,0.1617126166820526,0.1617126166820526,0.1617126166820526,0.1617126166820526,0.0
2020-09-07,0.1617126166820526,0.1617126166820526,0.1617126166820526,0.1617126166820526,0.0
2020-09-08,0.1617126166820526,0.1617126166820526,0.1617126166820526,0.1617126166820526,0.0
2020-09-09,0.1578623205423355,0.1578623205423355,0.1578623205423355,0.1578623205423355,20000.0
2020-09-10,0.1578623198365815,0.1617126166820526,0.1578623198365815,0.1617126166820526,28000.0
2020-09-11,0.1617126166820526,0.1617126166820526,0.1617126166820526,0.1617126166820526,600.0
2020-09-14,0.1540120236796509,0.1578623205423355,0.1524719003446611,0.1578623205423355,100100.0
2020-09-15,0.1578623205423355,0.1578623205423355,0.1578623205423355,0.1578623205423355,0.0
2020-09-16,0.1540120236796509,0.1578623205423355,0.1540120236796509,0.1578623205423355,41000.0
2020-09-17,0.1540120095014572,0.1540120095014572,0.1540120095014572,0.1540120095014572,41000.0
2020-09-18,0.1617126166820526,0.1617126166820526,0.1578623198365815,0.1617126166820526,41700.0
2020-09-21,0.1578623205423355,0.1617126174050201,0.1578623205423355,0.1578623205423355,35100.0
2020-09-22,0.1578623205423355,0.1578623205423355,0.1578623205423355,0.1578623205423355,0.0
2020-09-23,0.1578623205423355,0.1617126174050201,0.1540120236796509,0.1578623205423355,356000.0
2020-09-24,0.1540120095014572,0.1540120095014572,0.1540120095014572,0.1540120095014572,102000.0
2020-09-25,0.1540120095014572,0.1540120095014572,0.1540120095014572,0.1540120095014572,145000.0
2020-09-28,0.1540120095014572,0.1540120095014572,0.1540120095014572,0.1540120095014572,40000.0
2020-09-29,0.1532419479048534,0.1540120095014572,0.1532419479048534,0.1540120095014572,63600.0
2020-09-30,0.153241962012156,0.1578623205423355,0.153241962012156,0.1578623205423355,90100.0
2020-10-01,0.1578623205423355,0.1578623205423355,0.1578623205423355,0.1578623205423355,0.0
2020-10-02,0.1540120229911104,0.1617126166820526,0.1540120229911104,0.1617126166820526,96400.0
2020-10-05,0.1540120095014572,0.1540120095014572,0.1540120095014572,0.1540120095014572,1000.0
2020-10-06,0.1617126166820526,0.1617126166820526,0.1617126166820526,0.1617126166820526,23800.0
2020-10-07,0.1617126166820526,0.1617126166820526,0.1617126166820526,0.1617126166820526,0.0
2020-10-08,0.161712590230156,0.1655628979206085,0.1578622940144914,0.1655628979206085,73400.0
2020-10-09,0.161712590230156,0.1732634903519377,0.161712590230156,0.1655628979206085,113500.0
2020-10-12,0.161712590230156,0.1655628979206085,0.161712590230156,0.1655628979206085,15100.0
2020-10-13,0.1540120236796509,0.1578623205423355,0.1540120236796509,0.1578623205423355,27100.0
2020-10-14,0.1655628979206085,0.1694131941362731,0.161712590230156,0.1655628979206085,74100.0
2020-10-15,0.1655628979206085,0.1655628979206085,0.1655628979206085,0.1655628979206085,0.0
2020-10-16,0.1655628979206085,0.1655628979206085,0.1655628979206085,0.1655628979206085,0.0
2020-10-19,0.1578623205423355,0.1578623205423355,0.1578623205423355,0.1578623205423355,20000.0
2020-10-20,0.1578623205423355,0.1578623205423355,0.1578623205423355,0.1578623205423355,0.0
2020-10-21,0.1578623205423355,0.1578623205423355,0.1578623205423355,0.1578623205423355,0.0
2020-10-22,0.1540119977988268,0.1655628979206085,0.1540119977988268,0.1655628979206085,106000.0
2020-10-23,0.1655628979206085,0.1655628979206085,0.1655628979206085,0.1655628979206085,0.0
2020-10-26,0.1655628979206085,0.1655628979206085,0.1655628979206085,0.1655628979206085,0.0
2020-10-27,0.1578623205423355,0.1578623205423355,0.1578623205423355,0.1578623205423355,61800.0
2020-10-28,0.1655629250023134,0.1655629250023134,0.1578623198365815,0.1617126166820526,88200.0
2020-10-29,0.1617126166820526,0.1617126166820526,0.1617126166820526,0.1617126166820526,0.0
2020-10-30,0.157862307828895,0.1694132089614868,0.157862307828895,0.1694132089614868,120000.0
2020-11-02,0.1617126174050201,0.1617126174050201,0.1578623205423355,0.1578623205423355,120000.0
2020-11-03,0.1617126166820526,0.1655629250023134,0.1617126166820526,0.1617126166820526,20100.0
2020-11-04,0.1617126166820526,0.1617126166820526,0.1617126166820526,0.1617126166820526,0.0
2020-11-05,0.1655629124088858,0.1694132089614868,0.161712604381496,0.1694132089614868,81000.0
2020-11-06,0.1578623205423355,0.1578623205423355,0.1578623205423355,0.1578623205423355,20000.0
2020-11-09,0.1578623205423355,0.1578623205423355,0.1578623205423355,0.1578623205423355,50000.0
2020-11-10,0.1578622940144914,0.1655628979206085,0.1578622940144914,0.1655628979206085,38000.0
2020-11-11,0.1578622940144914,0.1655628979206085,0.1578622940144914,0.1655628979206085,81500.0
2020-11-12,0.161712604381496,0.1694132089614868,0.161712604381496,0.1694132089614868,175600.0
2020-11-13,0.1694132218477845,0.1694132218477845,0.1617126166820526,0.1617126166820526,12000.0
2020-11-16,0.161712604381496,0.1694132089614868,0.161712604381496,0.1694132089614868,10100.0
2020-11-17,0.1617126166820526,0.1617126166820526,0.1617126166820526,0.1617126166820526,42000.0
2020-11-18,0.1617126166820526,0.1617126166820526,0.1617126166820526,0.1617126166820526,0.0
2020-11-19,0.1617126166820526,0.1617126166820526,0.1617126166820526,0.1617126166820526,10000.0
2020-11-20,0.161712604381496,0.1694132089614868,0.161712604381496,0.1694132089614868,40300.0
2020-11-23,0.1655629262532403,0.1732635200023651,0.1655629262532403,0.1732635200023651,119700.0
2020-11-24,0.1732635071779973,0.1925150130754588,0.1732635071779973,0.1848144084215164,557900.0
2020-11-25,0.1848144240991543,0.1848144240991543,0.1809641271829605,0.1809641271829605,104200.0
2020-11-26,0.1771138283517173,0.1771138283517173,0.1732635200023651,0.1732635200023651,25000.0
2020-11-27,0.1771138310432434,0.1771138310432434,0.1771138310432434,0.1771138310432434,34700.0
2020-11-30,0.1809641118319397,0.1848144084215164,0.1809641118319397,0.1848144084215164,60000.0
2020-12-01,0.1848144084215164,0.1848144084215164,0.1848144084215164,0.1848144084215164,0.0
2020-12-02,0.177113843045168,0.2117665522154047,0.177113843045168,0.2002156376838684,813400.0
2020-12-03,0.2002155931787864,0.2002155931787864,0.1963652968406677,0.1963652968406677,117000.0
2020-12-04,0.1886647045612335,0.1925150009074503,0.1886647045612335,0.1886647045612335,30000.0
2020-12-07,0.1886647045612335,0.196365297253667,0.1886647045612335,0.1886647045612335,71200.0
2020-12-08,0.1848144084215164,0.1886647164858821,0.1848144084215164,0.1848144084215164,201900.0
2020-12-09,0.1809641003940117,0.1925150009074503,0.1809641003940117,0.1886647045612335,23200.0
2020-12-10,0.1886647045612335,0.1886647045612335,0.1886647045612335,0.1886647045612335,0.0
2020-12-11,0.1809641279763171,0.1848144249093909,0.1771138310432434,0.1771138310432434,85100.0
2020-12-14,0.1771138310432434,0.1771138310432434,0.1771138310432434,0.1771138310432434,0.0
2020-12-15,0.1809641422211765,0.1925150454044342,0.1809641422211765,0.1925150454044342,76900.0
2020-12-16,0.1925150454044342,0.1925150454044342,0.1925150454044342,0.1925150454044342,0.0
2020-12-17,0.1848144240991543,0.1848144240991543,0.1809641271829605,0.1809641271829605,311800.0
2020-12-18,0.1809641271829605,0.1809641271829605,0.1809641271829605,0.1809641271829605,0.0
2020-12-21,0.1809641271829605,0.1809641271829605,0.1809641271829605,0.1809641271829605,0.0
2020-12-22,0.177113815242363,0.1848144084215164,0.177113815242363,0.1848144084215164,30300.0
2020-12-23,0.1771138310432434,0.1771138310432434,0.1771138310432434,0.1771138310432434,10500.0
2020-12-24,0.1771138310432434,0.1771138310432434,0.1771138310432434,0.1771138310432434,0.0
2020-12-28,0.1771138310432434,0.1771138310432434,0.1771138310432434,0.1771138310432434,0.0
2020-12-29,0.1732635200023651,0.1809641252262797,0.1732635200023651,0.1732635200023651,11600.0
2020-12-30,0.177113815242363,0.1848144084215164,0.177113815242363,0.1848144084215164,86500.0
2020-12-31,0.177113815242363,0.177113815242363,0.177113815242363,0.1848144084215164,100.0
2021-01-04,0.177113815242363,0.1848144084215164,0.177113815242363,0.1848144084215164,89200.0
2021-01-05,0.1848144084215164,0.1848144084215164,0.1848144084215164,0.1848144084215164,10000.0
2021-01-06,0.1848144084215164,0.1848144084215164,0.1848144084215164,0.1848144084215164,0.0
2021-01-07,0.1848144084215164,0.1848144084215164,0.1848144084215164,0.1848144084215164,0.0
2021-01-08,0.1848143967402285,0.1886647045612335,0.1848143967402285,0.1886647045612335,50000.0
2021-01-11,0.1848144394573321,0.1925150454044342,0.1848144394573321,0.1925150454044342,165000.0
2021-01-12,0.1925150454044342,0.1925150454044342,0.1925150454044342,0.1925150454044342,0.0
2021-01-13,0.1925150454044342,0.1925150454044342,0.1925150454044342,0.1925150454044342,0.0
2021-01-14,0.1848144084215164,0.1848144084215164,0.1848144084215164,0.1848144084215164,100.0
2021-01-15,0.1848143967402285,0.1886647045612335,0.1809641003940117,0.1886647045612335,7200.0
2021-01-18,0.1886647481682786,0.1925150454044342,0.1886647481682786,0.1925150454044342,32300.0
2021-01-19,0.1925150454044342,0.1925150454044342,0.1848144394573321,0.1925150454044342,96700.0
2021-01-20,0.1925150454044342,0.1925150454044342,0.1925150454044342,0.1925150454044342,0.0
2021-01-21,0.1886647461019136,0.2040659348778533,0.1886647461019136,0.2002156376838684,1025400.0
2021-01-22,0.2002156376838684,0.2002156376838684,0.1925150432958985,0.2002156376838684,224600.0
2021-01-25,0.2002156398767454,0.2002156398767454,0.1925150454044342,0.1925150454044342,129100.0
2021-01-26,0.1886647045612335,0.1886647045612335,0.1886647045612335,0.1886647045612335,30000.0
2021-01-27,0.1848144084215164,0.1848144084215164,0.1848144084215164,0.1848144084215164,93000.0
2021-01-28,0.1886647164858821,0.1886647164858821,0.1848144084215164,0.1848144084215164,53300.0
2021-01-29,0.1809641271829605,0.1809641271829605,0.1809641271829605,0.1809641271829605,30000.0
2021-02-01,0.1809641271829605,0.1809641271829605,0.1809641271829605,0.1809641271829605,35000.0
2021-02-02,0.1809641271829605,0.1809641271829605,0.1809641271829605,0.1809641271829605,115200.0
2021-02-03,0.1809641003940117,0.1886647045612335,0.1809641003940117,0.1886647045612335,12300.0
2021-02-04,0.1809641271829605,0.1809641271829605,0.1809641271829605,0.1809641271829605,8000.0
2021-02-05,0.1809641003940117,0.1886647045612335,0.1809641003940117,0.1886647045612335,6700.0
2021-02-08,0.1886647045612335,0.1886647045612335,0.1886647045612335,0.1886647045612335,0.0
2021-02-09,0.1809641118319397,0.1848144084215164,0.1809641118319397,0.1848144084215164,54300.0
2021-02-10,0.1809641271829605,0.1809641271829605,0.1771138302667666,0.1809641271829605,43500.0
2021-02-11,0.1809641271829605,0.1809641271829605,0.1809641271829605,0.1809641271829605,0.0
2021-02-15,0.1809641271829605,0.1809641271829605,0.1809641271829605,0.1809641271829605,0.0
2021-02-16,0.1809641271829605,0.1809641271829605,0.1809641271829605,0.1809641271829605,0.0
2021-02-17,0.1809641271829605,0.1809641271829605,0.1809641271829605,0.1809641271829605,0.0
2021-02-18,0.1809641271829605,0.1809641271829605,0.1809641271829605,0.1809641271829605,0.0
2021-02-19,0.1848144084215164,0.1848144084215164,0.1848144084215164,0.1848144084215164,66500.0
2021-02-22,0.177113815242363,0.1848144084215164,0.177113815242363,0.1848144084215164,43300.0
2021-02-23,0.1848144084215164,0.1925150130754588,0.1809641118319397,0.1848144084215164,437000.0
2021-02-24,0.1886647045612335,0.1886647045612335,0.1848143967402285,0.1886647045612335,414000.0
2021-02-25,0.1886647164858821,0.1886647164858821,0.1848144084215164,0.1848144084215164,75000.0
2021-02-26,0.1848144084215164,0.1848144084215164,0.1848144084215164,0.1848144084215164,0.0
2021-03-01,0.1886647045612335,0.1886647045612335,0.1886647045612335,0.1886647045612335,272500.0
2021-03-02,0.1886647164858821,0.1886647164858821,0.1848144084215164,0.1848144084215164,213900.0
2021-03-03,0.1809641118319397,0.1848144084215164,0.1809641118319397,0.1848144084215164,11000.0
2021-03-04,0.1848143967402285,0.1886647045612335,0.1848143967402285,0.1886647045612335,150700.0
2021-03-05,0.1886647045612335,0.1886647045612335,0.1886647045612335,0.1886647045612335,37000.0
2021-03-08,0.1886647045612335,0.1886647045612335,0.1886647045612335,0.1886647045612335,15000.0
2021-03-09,0.1925150454044342,0.1925150454044342,0.1925150454044342,0.1925150454044342,105000.0
2021-03-10,0.1925150009074503,0.1925150009074503,0.1886647045612335,0.1886647045612335,101000.0
2021-03-11,0.1925150454044342,0.1925150454044342,0.1925150454044342,0.1925150454044342,207500.0
2021-03-12,0.1925150005025489,0.1963652968406677,0.1886647041644302,0.1963652968406677,163500.0
2021-03-15,0.1963652968406677,0.2002155931787864,0.1963652968406677,0.1963652968406677,177000.0
2021-03-16,0.1963652968406677,0.1963652968406677,0.1963652968406677,0.1963652968406677,207600.0
2021-03-17,0.1963652968406677,0.2002155931787864,0.1963652968406677,0.1963652968406677,53000.0
2021-03-18,0.1963652968406677,0.2002155931787864,0.1963652968406677,0.1963652968406677,114000.0
2021-03-19,0.1925150432958985,0.2002156376838684,0.1925150432958985,0.2002156376838684,80100.0
2021-03-22,0.2002156376838684,0.2002156376838684,0.2002156376838684,0.2002156376838684,0.0
2021-03-23,0.1925150005025489,0.1963652968406677,0.1925150005025489,0.1963652968406677,27800.0
2021-03-24,0.1925150005025489,0.1963652968406677,0.1886647041644302,0.1963652968406677,57100.0
2021-03-25,0.1963652968406677,0.1963652968406677,0.1963652968406677,0.1963652968406677,0.0
2021-03-26,0.1963653404898834,0.2002156376838684,0.1925150432958985,0.2002156376838684,103000.0
2021-03-29,0.2002156376838684,0.2002156376838684,0.1963653404898834,0.2002156376838684,182500.0
2021-03-30,0.1963652968406677,0.1963652968406677,0.1963652968406677,0.1963652968406677,92000.0
2021-03-31,0.1963652968406677,0.1963652968406677,0.1963652968406677,0.1963652968406677,0.0
2021-04-01,0.1963653404898834,0.2002156376838684,0.1963653404898834,0.2002156376838684,120000.0
2021-04-05,0.1963653439114616,0.2117665559053421,0.1963653439114616,0.2117665559053421,142700.0
2021-04-06,0.2079162150621414,0.2079162150621414,0.2079162150621414,0.2079162150621414,136000.0
2021-04-07,0.2040659040212631,0.2040659040212631,0.2040659040212631,0.2040659040212631,49000.0
2021-04-08,0.2002155992045662,0.2079162150621414,0.2002155992045662,0.2079162150621414,57100.0
2021-04-09,0.2079162150621414,0.2079162150621414,0.2079162150621414,0.2079162150621414,0.0
2021-04-12,0.2002156376838684,0.2002156376838684,0.2002156376838684,0.2002156376838684,70000.0
2021-04-13,0.2002156376838684,0.2002156376838684,0.2002156376838684,0.2002156376838684,40000.0
2021-04-14,0.1963652968406677,0.2002155931787864,0.1963652968406677,0.1963652968406677,71000.0
2021-04-15,0.1963652968406677,0.1963652968406677,0.1963652968406677,0.1963652968406677,0.0
2021-04-16,0.1963652968406677,0.1963652968406677,0.1963652968406677,0.1963652968406677,24000.0
2021-04-19,0.1963652968406677,0.1963652968406677,0.1963652968406677,0.1963652968406677,0.0
2021-04-20,0.1963653426405898,0.1963653426405898,0.1925150454044342,0.1925150454044342,109700.0
2021-04-21,0.1925150454044342,0.1925150454044342,0.1925150454044342,0.1925150454044342,20000.0
2021-04-22,0.1886647481682786,0.1925150454044342,0.1886647481682786,0.1925150454044342,100600.0
2021-04-23,0.1886647045612335,0.1886647045612335,0.1886647045612335,0.1886647045612335,81100.0
2021-04-26,0.1886647045612335,0.1886647045612335,0.1886647045612335,0.1886647045612335,5000.0
2021-04-27,0.1925150454044342,0.1925150454044342,0.1925150454044342,0.1925150454044342,103900.0
2021-04-28,0.1963652968406677,0.1963652968406677,0.1963652968406677,0.1963652968406677,83100.0
2021-04-29,0.1963652968406677,0.1963652968406677,0.1963652968406677,0.1963652968406677,16000.0
2021-04-30,0.1991930603981018,0.1991930603981018,0.1991930603981018,0.1991930603981018,25000.0
2021-05-03,0.203098803028643,0.203098803028643,0.1991930603981018,0.1991930603981018,50900.0
2021-05-04,0.203098803028643,0.203098803028643,0.1991930603981018,0.1991930603981018,32700.0
2021-05-05,0.1991930603981018,0.1991930603981018,0.1991930603981018,0.1991930603981018,20000.0
2021-05-06,0.1913816036279172,0.1952873468399047,0.1913816036279172,0.1952873468399047,68600.0
2021-05-07,0.1952873468399047,0.1952873468399047,0.1952873468399047,0.1952873468399047,12000.0
2021-05-10,0.1952873468399047,0.1952873468399047,0.1952873468399047,0.1952873468399047,22000.0
2021-05-11,0.1952873468399047,0.1952873468399047,0.1952873468399047,0.1952873468399047,0.0
2021-05-12,0.1952873468399047,0.1952873468399047,0.1952873468399047,0.1952873468399047,18000.0
2021-05-14,0.1991930588785554,0.1991930588785554,0.191381573677063,0.191381573677063,160000.0
2021-05-17,0.1952873468399047,0.1952873468399047,0.1952873468399047,0.1952873468399047,3000.0
2021-05-18,0.1952873757816232,0.203098863363266,0.1952873757816232,0.203098863363266,189500.0
2021-05-19,0.203098863363266,0.203098863363266,0.1991931195724446,0.203098863363266,97500.0
2021-05-20,0.199193090480673,0.207004576921463,0.199193090480673,0.207004576921463,36000.0
2021-05-21,0.2030987970688978,0.2109103053808212,0.1952873120370361,0.2109103053808212,267700.0
2021-05-24,0.2030988542208969,0.2148161083459854,0.2030988542208969,0.2148161083459854,243500.0
2021-05-25,0.2304390589571862,0.246062055080411,0.2304390589571862,0.2421563118696212,1458800.0
2021-05-27,0.2499677907469724,0.2616850433057713,0.2499677907469724,0.2577793002128601,1412900.0
2021-05-28,0.2577793237604467,0.2577793237604467,0.2460620701313019,0.2460620701313018,711200.0
2021-05-31,0.2499678135809944,0.2538735570306869,0.2421563266816093,0.2460620701313018,305000.0
2021-06-01,0.246062055080411,0.2499677982912007,0.2421563118696212,0.2421563118696212,382000.0
2021-06-02,0.246062055080411,0.246062055080411,0.2421563118696212,0.2421563118696212,139200.0
2021-06-03,0.2421563266816093,0.2499678135809944,0.2421563266816093,0.2460620701313018,237100.0
2021-06-04,0.2460620260385297,0.2538735115381456,0.2460620260385297,0.2499677687883377,545100.0
2021-06-07,0.2538734972476959,0.2577792630577127,0.2538734972476959,0.2538734972476959,238900.0
2021-06-08,0.2538735115381456,0.2538735115381456,0.2499677687883377,0.2499677687883377,112400.0
2021-06-09,0.2499677907469724,0.2616850433057713,0.2499677907469724,0.2577793002128601,434800.0
2021-06-10,0.2577793004764741,0.2616850435733795,0.2538735340995035,0.2616850435733795,325900.0
2021-06-11,0.2616850443303283,0.2734022736549377,0.2616850443303283,0.2734022736549377,688700.0
2021-06-14,0.2734022733989647,0.2812137828881227,0.2694965302944183,0.2694965302944183,369200.0
2021-06-15,0.2734022733989647,0.2773080165035111,0.2694965302944183,0.2694965302944183,238900.0
2021-06-16,0.2694965602752724,0.2694965602752724,0.2655908167362213,0.2655908167362213,237000.0
2021-06-17,0.2694965602752724,0.2694965602752724,0.2655908167362213,0.2655908167362213,156300.0
2021-06-18,0.2655908167362213,0.2655908167362213,0.2655908167362213,0.2655908167362213,63400.0
2021-06-21,0.2616850435733795,0.2616850435733795,0.2577793004764741,0.2616850435733795,306400.0
2021-06-22,0.2655907866702849,0.2655907866702849,0.2616850435733795,0.2616850435733795,115000.0
2021-06-23,0.2577793296581191,0.2694965602752724,0.2577793296581191,0.2655908167362213,215900.0
2021-06-24,0.2655908167362213,0.2694965602752724,0.2655908167362213,0.2655908167362213,31100.0
2021-06-25,0.2655908167362213,0.2655908167362213,0.2655908167362213,0.2655908167362213,40000.0
2021-06-28,0.2655907866702849,0.2655907866702849,0.2616850435733795,0.2616850435733795,122000.0
2021-06-29,0.2616850435733795,0.2616850435733795,0.2616850435733795,0.2616850435733795,71100.0
2021-06-30,0.2577793002128601,0.2577793002128601,0.2577793002128601,0.2577793002128601,15000.0
2021-07-01,0.2577793002128601,0.2577793002128601,0.2577793002128601,0.2577793002128601,0.0
2021-07-02,0.2616850433057713,0.2616850433057713,0.2577793002128601,0.2577793002128601,25400.0
2021-07-05,0.2577793004764741,0.2655907866702849,0.2577793004764741,0.2616850435733795,247100.0
2021-07-06,0.2616850731971702,0.2655908167362213,0.2616850731971702,0.2655908167362213,56000.0
2021-07-07,0.2616850435733795,0.2616850435733795,0.2616850435733795,0.2616850435733795,23000.0
2021-07-08,0.2616850433057713,0.2616850433057713,0.2577793002128601,0.2577793002128601,100000.0
2021-07-09,0.2577793002128601,0.2577793002128601,0.2538735338398837,0.2577793002128601,122400.0
2021-07-12,0.2577793002128601,0.2577793002128601,0.2577793002128601,0.2577793002128601,0.0
2021-07-13,0.2538734972476959,0.2538734972476959,0.2538734972476959,0.2538734972476959,104000.0
2021-07-14,0.2538735338398837,0.2577793002128601,0.2538735338398837,0.2577793002128601,44000.0
2021-07-15,0.2577792630577127,0.2577792630577127,0.2538734972476959,0.2538734972476959,51000.0
2021-07-16,0.2538734972476959,0.2538734972476959,0.2538734972476959,0.2538734972476959,0.0
2021-07-19,0.2538734972476959,0.2538734972476959,0.2538734972476959,0.2538734972476959,0.0
2021-07-21,0.246062055080411,0.246062055080411,0.2421563118696212,0.2421563118696212,115000.0
2021-07-22,0.2421563266816093,0.2460620701313019,0.2421563266816093,0.2460620701313018,66900.0
2021-07-23,0.2460620701313019,0.2460620701313019,0.2460620701313019,0.2460620701313018,0.0
2021-07-26,0.2460620701313019,0.2460620701313019,0.2460620701313019,0.2460620701313018,0.0
2021-07-27,0.246062055080411,0.246062055080411,0.2421563118696212,0.2421563118696212,115000.0
2021-07-28,0.2421563118696212,0.2421563118696212,0.2421563118696212,0.2421563118696212,71000.0
2021-07-29,0.2460620701313019,0.2460620701313019,0.2421563266816093,0.2460620701313018,147000.0
2021-07-30,0.2460620701313019,0.2460620701313019,0.2421563266816093,0.2460620701313018,113000.0
2021-08-02,0.2460620701313019,0.2460620701313019,0.2460620701313019,0.2460620701313018,0.0
2021-08-03,0.2421563118696212,0.2421563118696212,0.2421563118696212,0.2421563118696212,27500.0
2021-08-04,0.2460620479056927,0.2616850435733795,0.2460620479056927,0.2616850435733795,375600.0
2021-08-05,0.2655907863986826,0.2655907863986826,0.2577793002128601,0.2577793002128601,114100.0
2021-08-06,0.2616850443303283,0.2734022736549377,0.2616850443303283,0.2734022736549377,560300.0
2021-08-10,0.2812137609368283,0.2929309893358311,0.2812137609368283,0.2851195037364959,1636100.0
2021-08-11,0.2851195037364959,0.2851195037364959,0.2773079948570973,0.2851195037364959,567300.0
2021-08-12,0.2851195037364959,0.2851195037364959,0.2812137609368283,0.2851195037364959,298700.0
2021-08-13,0.2851195636003408,0.2851195636003408,0.2812138199806213,0.2812138199806213,222800.0
2021-08-16,0.2812137531852038,0.2812137531852038,0.2773079872131347,0.2773079872131347,149200.0
2021-08-17,0.2773079872131347,0.2773079872131347,0.2734022445211285,0.2773079872131347,323200.0
2021-08-18,0.2773080530808335,0.2812138199806213,0.2773080530808335,0.2812138199806213,203400.0
2021-08-19,0.2890832622325562,0.2890832622325562,0.2810531556606293,0.2810531556606293,226700.0
2021-08-20,0.2810531556606293,0.2810531556606293,0.2810531556606293,0.2810531556606293,0.0
2021-08-23,0.2850681969808257,0.2850681969808257,0.2810531556606293,0.2810531556606293,15000.0
2021-08-24,0.2810531556606293,0.2810531556606293,0.2810531556606293,0.2810531556606293,39600.0
2021-08-25,0.2850681841373443,0.2850681841373443,0.2810531429980418,0.2850681841373443,129800.0
2021-08-26,0.2850681841373443,0.2850681841373443,0.2850681841373443,0.2850681841373443,0.0
2021-08-27,0.2810531556606293,0.2810531556606293,0.2810531556606293,0.2810531556606293,4000.0
2021-08-30,0.2810531556606293,0.2810531556606293,0.2810531556606293,0.2810531556606293,192700.0
2021-08-31,0.2810531556606293,0.2810531556606293,0.2810531556606293,0.2810531556606293,0.0
2021-09-01,0.2850682362166757,0.2890833020210266,0.2850682362166757,0.2890833020210266,4800.0
2021-09-02,0.2890832634402613,0.3131735114620824,0.2890832634402613,0.3011283874511719,237800.0
2021-09-03,0.2971133419764742,0.2971133419764742,0.2930983006954193,0.2930983006954193,40000.0
2021-09-06,0.2930983047772315,0.3091584701251122,0.2930983047772315,0.3011283874511719,92500.0
2021-09-07,0.3011283832575293,0.3011283832575293,0.2930983006954193,0.2930983006954193,144800.0
2021-09-08,0.2930983438938402,0.2930983438938402,0.2890833020210266,0.2890833020210266,30300.0
2021-09-09,0.2930982903474824,0.297113331486785,0.2850681841373443,0.2850681841373443,105000.0
2021-09-10,0.2850682362166757,0.2890833020210266,0.2850682362166757,0.2890833020210266,45700.0
2021-09-13,0.2850681841373443,0.2850681841373443,0.2850681841373443,0.2850681841373443,2900.0
2021-09-14,0.2850681841373443,0.2850681841373443,0.2850681841373443,0.2850681841373443,2000.0
2021-09-15,0.2850682362166757,0.2890833020210266,0.2850682362166757,0.2890833020210266,7000.0
2021-09-16,0.2890833020210266,0.2890833020210266,0.2890833020210266,0.2890833020210266,0.0
2021-09-17,0.2850681841373443,0.2850681841373443,0.2850681841373443,0.2850681841373443,25000.0
2021-09-20,0.2850681841373443,0.2850681841373443,0.2850681841373443,0.2850681841373443,0.0
2021-09-21,0.2810531556606293,0.2810531556606293,0.2810531556606293,0.2810531556606293,53100.0
2021-09-22,0.2810531556606293,0.2810531556606293,0.2810531556606293,0.2810531556606293,36000.0
2021-09-23,0.2730230856775804,0.2770381271839142,0.2730230856775804,0.2770381271839142,26000.0
2021-09-24,0.2770381143404327,0.2810531556606293,0.2730230730202362,0.2810531556606293,53900.0
2021-09-27,0.2810531556606293,0.2810531556606293,0.2730230730202362,0.2810531556606293,2500.0
2021-09-28,0.2810531686902479,0.2810531686902479,0.2770381271839142,0.2770381271839142,20100.0
2021-09-29,0.2690080570092535,0.2730230987071991,0.2609779496818261,0.2730230987071991,34300.0
2021-09-30,0.2730230405263317,0.2730230405263317,0.2569628532254188,0.2609778940677643,339600.0
2021-10-01,0.2569628921452263,0.2690080404281616,0.2569628921452263,0.2690080404281616,6100.0
2021-10-04,0.2690080404281616,0.2690080404281616,0.2690080404281616,0.2690080404281616,2300.0
2021-10-05,0.2569628758266133,0.2690080233446129,0.2569628758266133,0.2649929821491241,29200.0
2021-10-06,0.2690080404281616,0.2690080404281616,0.2690080404281616,0.2690080404281616,1000.0
2021-10-07,0.2690080570092535,0.2730230987071991,0.2690080570092535,0.2730230987071991,35800.0
2021-10-08,0.2690080570092535,0.2730230987071991,0.2690080570092535,0.2730230987071991,25100.0
2021-10-11,0.2730230730202362,0.2810531556606293,0.2730230730202362,0.2810531556606293,80200.0
2021-10-12,0.2810531556606293,0.2810531556606293,0.2810531556606293,0.2810531556606293,0.0
2021-10-13,0.2770381233290953,0.2770381233290953,0.2690080404281616,0.2690080404281616,9500.0
2021-10-14,0.2770381143404327,0.2810531556606293,0.2770381143404327,0.2810531556606293,94500.0
2021-10-15,0.2810531943438621,0.2890833020210266,0.2810531943438621,0.2890833020210266,108100.0
2021-10-18,0.2890832594143643,0.2930983006954193,0.2890832594143643,0.2930983006954193,194100.0
2021-10-19,0.2850682362166757,0.2890833020210266,0.2850682362166757,0.2890833020210266,67600.0
2021-10-20,0.2930983438938402,0.2930983438938402,0.2850682362166757,0.2890833020210266,120500.0
2021-10-21,0.2890832594143643,0.2971133419764742,0.2890832594143643,0.2930983006954193,140500.0
2021-10-22,0.2930983006954193,0.3011283832575293,0.2930983006954193,0.2930983006954193,149000.0
2021-10-25,0.2890833020210266,0.2930983438938402,0.2890833020210266,0.2890833020210266,60000.0
2021-10-26,0.2890833020210266,0.2890833020210266,0.2890833020210266,0.2890833020210266,30000.0
2021-10-27,0.2890832759529423,0.2971133589744568,0.2890832759529423,0.2971133589744568,10600.0
2021-10-28,0.2971133857666538,0.2971133857666538,0.2890833020210266,0.2890833020210266,4000.0
2021-10-29,0.2890832759529423,0.2971133589744568,0.2890832759529423,0.2971133589744568,18300.0
2021-11-01,0.301128400485214,0.301128400485214,0.2890832759529423,0.2971133589744568,52200.0
2021-11-02,0.2971133589744568,0.2971133589744568,0.2971133589744568,0.2971133589744568,0.0
2021-11-03,0.2930983174636995,0.2971133589744568,0.2930983174636995,0.2971133589744568,15000.0
2021-11-05,0.2971133589744568,0.2971133589744568,0.2971133589744568,0.2971133589744568,0.0
2021-11-08,0.2971133589744568,0.2971133589744568,0.2971133589744568,0.2971133589744568,0.0
2021-11-09,0.2971133589744568,0.2971133589744568,0.2971133589744568,0.2971133589744568,3300.0
2021-11-10,0.2971133589744568,0.2971133589744568,0.2971133589744568,0.2971133589744568,0.0
2021-11-11,0.2890833020210266,0.2890833020210266,0.2850682362166757,0.2890833020210266,552600.0
2021-11-12,0.2890832492081798,0.2890832492081798,0.2810531429980418,0.2850681841373443,327300.0
2021-11-15,0.2850681841373443,0.2890832492081798,0.2850681841373443,0.2850681841373443,90100.0
2021-11-16,0.2850682362166757,0.2890833020210266,0.2810531943438621,0.2890833020210266,129200.0
2021-11-17,0.2850682362166757,0.2930983438938402,0.2850682362166757,0.2890833020210266,103800.0
2021-11-18,0.2930983006954193,0.2930983006954193,0.2930983006954193,0.2930983006954193,7600.0
2021-11-19,0.2930983058486504,0.3332487432966559,0.2930983058486504,0.3212036192417145,960300.0
2021-11-22,0.3212036192417145,0.337263784648303,0.3171885778900674,0.3212036192417145,1319200.0
2021-11-23,0.3252186605933616,0.3292337019450087,0.3212036192417145,0.3212036192417145,82000.0
2021-11-24,0.3212036021000535,0.3212036021000535,0.309158454756391,0.317188560962677,197100.0
2021-11-25,0.3131734958937675,0.317188560962677,0.3131734958937675,0.317188560962677,90000.0
2021-11-26,0.3171885943414204,0.3171885943414204,0.3051434457302093,0.3051434457302093,356100.0
2021-11-29,0.3051434202347872,0.3131735026836395,0.3051434202347872,0.3131735026836395,20800.0
2021-11-30,0.3131735288499931,0.3131735288499931,0.3011284041703174,0.3051434457302093,173300.0
2021-12-01,0.3051434136190143,0.317188560962677,0.3051434136190143,0.317188560962677,115400.0
2021-12-02,0.3091584614592134,0.3131735026836395,0.3091584614592134,0.3131735026836395,45000.0
2021-12-03,0.3131735026836395,0.3131735026836395,0.3131735026836395,0.3131735026836395,0.0
2021-12-06,0.3131735026836395,0.3131735026836395,0.3131735026836395,0.3131735026836395,50000.0
2021-12-07,0.3051434202347872,0.3212036090640252,0.3051434202347872,0.3131735026836395,53800.0
2021-12-08,0.3171885778900674,0.3212036192417145,0.3171885778900674,0.3212036192417145,33600.0
2021-12-09,0.3252186684088172,0.3412788581328885,0.3252186684088172,0.3372637927532196,248500.0
2021-12-10,0.3292337226720883,0.3332487642765045,0.3252186810676722,0.3332487642765045,67000.0
2021-12-13,0.3332487606420061,0.3332487606420061,0.3252186775207519,0.3252186775207519,160000.0
2021-12-14,0.3252186775207519,0.3252186775207519,0.3252186775207519,0.3252186775207519,8200.0
2021-12-15,0.3252186775207519,0.3252186775207519,0.3252186775207519,0.3252186775207519,0.0
2021-12-16,0.3212036192417145,0.3212036192417145,0.3212036192417145,0.3212036192417145,10000.0
2021-12-17,0.3171885978588399,0.3332487642765045,0.3171885978588399,0.3332487642765045,51400.0
2021-12-20,0.3212036192417145,0.3212036192417145,0.3212036192417145,0.3212036192417145,22800.0
2021-12-21,0.3292336915128774,0.3292336915128774,0.3131735026836395,0.3131735026836395,37000.0
2021-12-22,0.3212036192417145,0.3212036192417145,0.3212036192417145,0.3212036192417145,10000.0
2021-12-23,0.3212036192417145,0.3212036192417145,0.3212036192417145,0.3212036192417145,0.0
2021-12-24,0.3212036192417145,0.3212036192417145,0.3212036192417145,0.3212036192417145,0.0
2021-12-27,0.3292337019450087,0.3292337019450087,0.3212036192417145,0.3212036192417145,17500.0
2021-12-28,0.3212036192417145,0.3212036192417145,0.3212036192417145,0.3212036192417145,36000.0
2021-12-29,0.3212036192417145,0.3212036192417145,0.3212036192417145,0.3212036192417145,400.0
2021-12-30,0.3292337226720883,0.3332487642765045,0.3292337226720883,0.3332487642765045,10500.0
2021-12-31,0.3332487473985343,0.3332487473985343,0.329233705997467,0.329233705997467,80000.0
2022-01-03,0.329233719081379,0.329233719081379,0.3252186775207519,0.3252186775207519,34500.0
2022-01-04,0.329233705997467,0.329233705997467,0.329233705997467,0.329233705997467,1100.0
2022-01-05,0.329233705997467,0.3332487473985343,0.329233705997467,0.329233705997467,53000.0
2022-01-06,0.329233705997467,0.329233705997467,0.329233705997467,0.329233705997467,0.0
2022-01-07,0.329233705997467,0.329233705997467,0.329233705997467,0.329233705997467,10000.0
2022-01-10,0.3292337226720883,0.3332487642765045,0.3292337226720883,0.3332487642765045,135700.0
2022-01-11,0.3332487432966559,0.3332487432966559,0.3212036192417145,0.3212036192417145,31400.0
2022-01-12,0.3212036192417145,0.3212036192417145,0.3212036192417145,0.3212036192417145,0.0
2022-01-13,0.3212036192417145,0.3212036192417145,0.3212036192417145,0.3212036192417145,0.0
2022-01-14,0.3252186775207519,0.3252186775207519,0.3252186775207519,0.3252186775207519,21800.0
2022-01-17,0.3252186775207519,0.3252186775207519,0.3252186775207519,0.3252186775207519,0.0
2022-01-18,0.3252186775207519,0.3252186775207519,0.3252186775207519,0.3252186775207519,0.0
2022-01-19,0.3212036021000535,0.3212036021000535,0.3131734958937675,0.317188560962677,60200.0
2022-01-20,0.3372638022026331,0.3372638022026331,0.3252186775207519,0.3252186775207519,203700.0
2022-01-21,0.3091584873467083,0.3252186775207519,0.3091584873467083,0.3252186775207519,55100.0
2022-01-24,0.3212036192417145,0.3252186605933616,0.3212036192417145,0.3212036192417145,46100.0
2022-01-25,0.3212036021000535,0.3212036021000535,0.3131734958937675,0.317188560962677,75500.0
2022-01-26,0.3131735126068861,0.3212036192417145,0.3131735126068861,0.3212036192417145,62000.0
2022-01-27,0.3171886114948304,0.3171886114948304,0.3091585040092468,0.3091585040092468,61200.0
2022-01-28,0.3131735026836395,0.3131735026836395,0.3131735026836395,0.3131735026836395,20000.0
2022-01-31,0.3212036532718539,0.3212036532718539,0.3091585040092468,0.3091585040092468,12200.0
2022-02-03,0.3091585040092468,0.3091585040092468,0.3091585040092468,0.3091585040092468,0.0
2022-02-04,0.3091585040092468,0.3091585040092468,0.3091585040092468,0.3091585040092468,0.0
2022-02-07,0.321203639463256,0.3372638058809206,0.321203639463256,0.3332487642765045,47600.0
2022-02-08,0.3332487642765045,0.3332487642765045,0.3332487642765045,0.3332487642765045,20000.0
2022-02-09,0.3332487642765045,0.3332487642765045,0.3332487642765045,0.3332487642765045,0.0
2022-02-10,0.3332487642765045,0.3332487642765045,0.3332487642765045,0.3332487642765045,0.0
2022-02-11,0.3131735026836395,0.3131735026836395,0.3131735026836395,0.3131735026836395,10000.0
2022-02-14,0.3212036192417145,0.3212036192417145,0.3212036192417145,0.3212036192417145,100.0
2022-02-15,0.317188560962677,0.317188560962677,0.317188560962677,0.317188560962677,300.0
2022-02-16,0.317188560962677,0.317188560962677,0.317188560962677,0.317188560962677,0.0
2022-02-17,0.317188560962677,0.3332487255121833,0.317188560962677,0.317188560962677,43000.0
2022-02-18,0.317188560962677,0.317188560962677,0.317188560962677,0.317188560962677,27500.0
2022-02-21,0.3131735026836395,0.3131735026836395,0.3131735026836395,0.3131735026836395,10100.0
2022-02-22,0.3332487473985343,0.3332487473985343,0.3212036231953324,0.329233705997467,507700.0
2022-02-23,0.329233705997467,0.329233705997467,0.329233705997467,0.329233705997467,10000.0
2022-02-24,0.3252186502884513,0.3292336915128774,0.3131735026836395,0.3131735026836395,236100.0
2022-02-25,0.3131735026836395,0.3131735026836395,0.3131735026836395,0.3131735026836395,0.0
2022-02-28,0.3131734958937675,0.3212036021000535,0.3131734958937675,0.317188560962677,149200.0
2022-03-01,0.3212036359601249,0.3252186775207519,0.3212036359601249,0.3252186775207519,15000.0
2022-03-02,0.3131735026836395,0.3131735026836395,0.3131735026836395,0.3131735026836395,55000.0
2022-03-03,0.3171885778900674,0.3212036192417145,0.3171885778900674,0.3212036192417145,68100.0
2022-03-04,0.3252186775207519,0.329233719081379,0.3212036359601249,0.3252186775207519,198400.0
2022-03-07,0.329233719081379,0.3332487606420061,0.3252186775207519,0.3252186775207519,205300.0
2022-03-08,0.3252186775207519,0.3332487606420061,0.3171885943994978,0.3252186775207519,205300.0
2022-03-09,0.3171885943994978,0.3252186775207519,0.3171885943994978,0.3252186775207519,17100.0
2022-03-10,0.3252186775207519,0.3252186775207519,0.3252186775207519,0.3252186775207519,0.0
2022-03-11,0.3252186775207519,0.3252186775207519,0.3252186775207519,0.3252186775207519,0.0
2022-03-14,0.3131734958937675,0.3212036021000535,0.3131734958937675,0.317188560962677,114100.0
2022-03-15,0.3171885678395991,0.3171885678395991,0.3091584614592134,0.3131735026836395,39300.0
2022-03-16,0.3131735026836395,0.3131735026836395,0.3131735026836395,0.3131735026836395,0.0
2022-03-17,0.3131735026836395,0.3131735026836395,0.3131735026836395,0.3131735026836395,100.0
2022-03-18,0.3131735289073353,0.3252186775207519,0.3131735289073353,0.3252186775207519,32500.0
2022-03-21,0.3252186775207519,0.3252186775207519,0.3252186775207519,0.3252186775207519,10400.0
2022-03-22,0.3252186376442077,0.3493089079856872,0.3252186376442077,0.3493089079856872,671300.0
2022-03-23,0.3533239824772909,0.3533239824772909,0.3372637927532196,0.3372637927532196,166100.0
2022-03-24,0.3332487642765045,0.3332487642765045,0.3332487642765045,0.3332487642765045,10100.0
2022-03-25,0.3332487734726179,0.3452939225497921,0.3292337317574053,0.3412788808345794,86400.0
2022-03-28,0.3412788382942337,0.353323961938449,0.3412788382942337,0.3452938795089721,255900.0
2022-03-29,0.3493089578967565,0.3613540828227997,0.3412788746127276,0.3613540828227997,182400.0
2022-03-30,0.3573390340465917,0.3653691411018371,0.3533239924847367,0.3653691411018371,121100.0
2022-03-31,0.3573390031531874,0.3573390031531874,0.3452938795089721,0.3452938795089721,34800.0
2022-04-01,0.3412788382942337,0.3452938795089721,0.3412788382942337,0.3452938795089721,180000.0
2022-04-04,0.353323961938449,0.353323961938449,0.3412788382942337,0.3452938795089721,198000.0
2022-04-05,0.3493089207237106,0.3493089207237106,0.3452938795089721,0.3452938795089721,20300.0
2022-04-06,0.3452938795089721,0.3493089207237106,0.3452938795089721,0.3452938795089721,38400.0
2022-04-07,0.3493089207237106,0.3573390031531874,0.3452938795089721,0.3452938795089721,20900.0
2022-04-08,0.3452938795089721,0.3452938795089721,0.3452938795089721,0.3452938795089721,0.0
2022-04-11,0.3452938795089721,0.3452938795089721,0.3452938795089721,0.3452938795089721,0.0
2022-04-12,0.3412788581328885,0.3412788581328885,0.3372637927532196,0.3372637927532196,45000.0
2022-04-13,0.3452938795089721,0.3452938795089721,0.3452938795089721,0.3452938795089721,10000.0
2022-04-14,0.3412788581328885,0.3412788581328885,0.3372637927532196,0.3372637927532196,125000.0
2022-04-18,0.3372637927532196,0.3372637927532196,0.3372637927532196,0.3372637927532196,0.0
2022-04-19,0.3372637927532196,0.3372637927532196,0.3332487513050854,0.3372637927532196,135500.0
2022-04-20,0.3372637927532196,0.3372637927532196,0.3372637927532196,0.3372637927532196,0.0
2022-04-21,0.3372637731479619,0.3452938795089721,0.3372637731479619,0.3452938795089721,113900.0
2022-04-22,0.3452938795089721,0.3452938795089721,0.3452938795089721,0.3452938795089721,0.0
2022-04-25,0.337263784648303,0.337263784648303,0.3131735126068861,0.3212036192417145,233600.0
2022-04-26,0.329233705997467,0.329233705997467,0.329233705997467,0.329233705997467,11000.0
2022-04-27,0.3171885855125489,0.3372637927532196,0.3171885855125489,0.3372637927532196,2300.0
2022-04-28,0.3372637927532196,0.3372637927532196,0.3372637927532196,0.3372637927532196,0.0
2022-04-29,0.329233705997467,0.3372637887996016,0.329233705997467,0.329233705997467,40000.0
2022-05-04,0.329233705997467,0.329233705997467,0.329233705997467,0.329233705997467,0.0
2022-05-05,0.3372637887996016,0.3372637887996016,0.3212036231953324,0.329233705997467,56900.0
2022-05-06,0.3313609691059727,0.3354518413543701,0.3313609691059727,0.3354518413543701,29300.0
2022-05-09,0.3354518349198417,0.3354518349198417,0.3272700905799866,0.3272700905799866,50200.0
2022-05-10,0.3231792151927948,0.3231792151927948,0.3190883186800707,0.3231792151927948,95100.0
2022-05-11,0.3272700873219975,0.3272700873219975,0.3231792151927948,0.3231792151927948,60000.0
2022-05-12,0.319088299491284,0.319088299491284,0.3068156838417053,0.3068156838417053,161000.0
2022-05-13,0.3068157053468271,0.3272700905799866,0.3068157053468271,0.3272700905799866,180100.0
2022-05-17,0.3149974346160888,0.3272700749222265,0.3149974346160888,0.3149974346160888,10800.0
2022-05-18,0.3149974346160888,0.3149974346160888,0.3149974346160888,0.3149974346160888,0.0
2022-05-19,0.323179218410059,0.3272700905799866,0.3190883218566099,0.3272700905799866,3200.0
2022-05-20,0.3149974346160888,0.3149974346160888,0.3149974346160888,0.3149974346160888,22400.0
2022-05-23,0.3231792151927948,0.3231792151927948,0.3231792151927948,0.3231792151927948,40100.0
2022-05-24,0.3231792151927948,0.3354518315804031,0.3231792151927948,0.3231792151927948,61100.0
2022-05-25,0.3272700937575314,0.3313609659671783,0.3231792215478846,0.3313609659671783,91000.0
2022-05-26,0.3313609721691335,0.3395427167415619,0.3313609721691335,0.3395427167415619,168500.0
2022-05-27,0.3436335710601109,0.3477244675159454,0.3436335710601109,0.3477244675159454,147800.0
2022-05-30,0.3477244675159454,0.3477244675159454,0.3354518269154838,0.3477244675159454,325900.0
2022-05-31,0.3477244675159454,0.3477244675159454,0.3477244675159454,0.3477244675159454,0.0
2022-06-01,0.3518153429031372,0.3518153429031372,0.3518153429031372,0.3518153429031372,51000.0
2022-06-02,0.3518153429031372,0.3599970871248544,0.3477244707922786,0.3518153429031372,82100.0
2022-06-03,0.355906218290329,0.355906218290329,0.355906218290329,0.355906218290329,100.0
2022-06-06,0.355906218290329,0.355906218290329,0.355906218290329,0.355906218290329,0.0
2022-06-07,0.355906218290329,0.355906218290329,0.355906218290329,0.355906218290329,0.0
2022-06-08,0.3477244675159454,0.3477244675159454,0.3477244675159454,0.3477244675159454,5000.0
2022-06-09,0.3477244824830842,0.3477244824830842,0.3354518413543701,0.3354518413543701,70000.0
2022-06-10,0.3354518413543701,0.3354518413543701,0.3354518413543701,0.3354518413543701,30000.0
2022-06-13,0.3354518413543701,0.3436335858511648,0.3354518413543701,0.3354518413543701,30100.0
2022-06-14,0.3272700905799866,0.347724475813146,0.3272700905799866,0.3272700905799866,30400.0
2022-06-15,0.3272700905799866,0.3272700905799866,0.3272700905799866,0.3272700905799866,0.0
2022-06-16,0.3395427070897693,0.3436335792596969,0.3272700905799866,0.3272700905799866,71400.0
2022-06-17,0.3272701028362316,0.3436335921287536,0.3272701028362316,0.3436335921287536,10100.0
2022-06-20,0.3190883338064482,0.3436335921287536,0.3190883338064482,0.3436335921287536,56000.0
2022-06-21,0.3354518474824926,0.3436335921287536,0.3354518474824926,0.3436335921287536,65000.0
2022-06-22,0.3272700873219975,0.3272700873219975,0.3231792151927948,0.3231792151927948,74000.0
2022-06-23,0.3231792151927948,0.3231792151927948,0.3231792151927948,0.3231792151927948,0.0
2022-06-24,0.3231792151927948,0.3231792151927948,0.3231792151927948,0.3231792151927948,0.0
2022-06-27,0.3231792151927948,0.3231792151927948,0.3231792151927948,0.3231792151927948,0.0
2022-06-28,0.3231792151927948,0.3231792151927948,0.3231792151927948,0.3231792151927948,0.0
2022-06-29,0.3231792151927948,0.3231792151927948,0.3231792151927948,0.3231792151927948,0.0
2022-06-30,0.3354518349198417,0.3354518349198417,0.3272700905799866,0.3272700905799866,18200.0
2022-07-01,0.3272700905799866,0.3272700905799866,0.3272700905799866,0.3272700905799866,0.0
2022-07-04,0.3272700905799866,0.3272700905799866,0.3272700905799866,0.3272700905799866,0.0
2022-07-05,0.3272700905799866,0.3272700905799866,0.3272700905799866,0.3272700905799866,0.0
2022-07-06,0.3272700905799866,0.3272700905799866,0.3272700905799866,0.3272700905799866,0.0
2022-07-07,0.323179218410059,0.3272700905799866,0.3109065775167547,0.3272700905799866,70300.0
2022-07-08,0.3272700905799866,0.3272700905799866,0.3272700905799866,0.3272700905799866,0.0
2022-07-12,0.3272700937575314,0.3313609659671783,0.3272700937575314,0.3313609659671783,10000.0
2022-07-13,0.3313609659671783,0.3313609659671783,0.3313609659671783,0.3313609659671783,0.0
2022-07-14,0.3313609659671783,0.3313609659671783,0.3313609659671783,0.3313609659671783,0.0
2022-07-15,0.3313609659671783,0.3313609659671783,0.3313609659671783,0.3313609659671783,0.0
2022-07-18,0.3313609659671783,0.3313609659671783,0.3313609659671783,0.3313609659671783,0.0
2022-07-19,0.3313609659671783,0.3313609659671783,0.3313609659671783,0.3313609659671783,0.0
2022-07-20,0.3313609659671783,0.3313609659671783,0.3313609659671783,0.3313609659671783,0.0
2022-07-21,0.3272700905799866,0.3272700905799866,0.3272700905799866,0.3272700905799866,400.0
2022-07-22,0.3272700905799866,0.3272700905799866,0.3272700905799866,0.3272700905799866,0.0
2022-07-25,0.3272700905799866,0.3272700905799866,0.3272700905799866,0.3272700905799866,0.0
2022-07-26,0.3272700905799866,0.3272700905799866,0.3272700905799866,0.3272700905799866,0.0
2022-07-27,0.3272700905799866,0.3272700905799866,0.3272700905799866,0.3272700905799866,23400.0
2022-07-28,0.3272700905799866,0.3272700905799866,0.3272700905799866,0.3272700905799866,0.0
2022-07-29,0.3395427198056231,0.3436335921287536,0.3395427198056231,0.3436335921287536,25200.0
2022-08-01,0.3436335921287536,0.3436335921287536,0.3436335921287536,0.3436335921287536,16300.0
2022-08-02,0.3436335921287536,0.3436335921287536,0.3436335921287536,0.3436335921287536,0.0
2022-08-03,0.3354518413543701,0.3354518413543701,0.3354518413543701,0.3354518413543701,10000.0
2022-08-04,0.3354518413543701,0.3354518413543701,0.3354518413543701,0.3354518413543701,9000.0
2022-08-05,0.3395426989877974,0.3599970837328861,0.3395426989877974,0.3477244675159454,505900.0
2022-08-08,0.351815339588259,0.351815339588259,0.3477244675159454,0.3477244675159454,31400.0
2022-08-10,0.343633589027776,0.343633589027776,0.3395427167415619,0.3395427167415619,75000.0
2022-08-11,0.3436335921287536,0.3436335921287536,0.3436335921287536,0.3436335921287536,200.0
2022-08-12,0.3436335710601109,0.3477244675159454,0.3436335710601109,0.3477244675159454,48100.0
2022-08-15,0.3477244675159454,0.3477244675159454,0.3477244675159454,0.3477244675159454,0.0
2022-08-16,0.3518153429031372,0.3518153429031372,0.3395427021870402,0.3518153429031372,69400.0
2022-08-17,0.348973081767123,0.3573820888996124,0.34476859073125,0.3573820888996124,70300.0
2022-08-18,0.3573820888996124,0.3573820888996124,0.3573820888996124,0.3573820888996124,0.0
2022-08-19,0.3531776070594787,0.3531776070594787,0.3489731156157908,0.3531776070594787,62500.0
2022-08-22,0.3531775464697432,0.3699955344200134,0.3531775464697432,0.3699955344200134,528300.0
2022-08-23,0.3699955845724956,0.3784045671570881,0.3699955845724956,0.3742000758647918,163800.0
2022-08-24,0.3742000241894274,0.3868135213851928,0.3742000241894274,0.3868135213851928,231600.0
2022-08-25,0.3910180932036478,0.4120405761833432,0.386813601619858,0.4036315679550171,323800.0
2022-08-26,0.4078360700042836,0.4204495443042532,0.4078360700042836,0.4120405614376068,465100.0
2022-08-29,0.4078360700042836,0.4120405614376068,0.4078360700042836,0.4120405614376068,292400.0
2022-08-30,0.4120405914480636,0.437267541885376,0.4120405914480636,0.437267541885376,249300.0
2022-08-31,0.437267541885376,0.437267541885376,0.4330630501458239,0.437267541885376,9100.0
2022-09-01,0.4162450246612533,0.4246540069580077,0.4162450246612533,0.4246540069580078,78200.0
2022-09-02,0.41624505287093,0.41624505287093,0.4078360700042836,0.4120405614376068,162000.0
2022-09-05,0.41204054415571,0.4414719829545525,0.41204054415571,0.4330630004405975,327600.0
2022-09-06,0.4330629733099954,0.449880987405777,0.4330629733099954,0.449880987405777,185900.0
2022-09-07,0.4456764958076353,0.4877214605362687,0.4414720043469211,0.4540855288505554,633000.0
2022-09-08,0.4540855589650794,0.4666990341837356,0.437267541885376,0.437267541885376,510100.0
2022-09-09,0.4372674643035692,0.449880987405777,0.4372674643035692,0.449880987405777,126700.0
2022-09-12,0.4540855181289996,0.4540855181289996,0.4372675025617466,0.4414719939231872,225700.0
2022-09-13,0.4414719254493666,0.4456764161586761,0.437267434740057,0.4456764161586761,94100.0
2022-09-14,0.4330630004405975,0.4330630004405975,0.42885850918362,0.4330630004405975,104800.0
2022-09-15,0.437267434740057,0.4456764161586761,0.437267434740057,0.4456764161586761,102200.0
2022-09-16,0.4414719939231872,0.4414719939231872,0.4372675025617466,0.4414719939231872,35100.0
2022-09-19,0.44567647421153,0.4582899981039519,0.4330630004405975,0.4330630004405975,161000.0
2022-09-20,0.437267541885376,0.441472033624928,0.437267541885376,0.437267541885376,71400.0
2022-09-21,0.4330630004405975,0.4330630004405975,0.4330630004405975,0.4330630004405975,70500.0
2022-09-22,0.433063011200306,0.4456764852846278,0.433063011200306,0.4414719939231872,68000.0
2022-09-23,0.437267434740057,0.4456764161586761,0.437267434740057,0.4456764161586761,109000.0
2022-09-26,0.4372674804031395,0.4372674804031395,0.4246540069580077,0.4246540069580078,299200.0
2022-09-27,0.428858498106385,0.428858498106385,0.4246540069580077,0.4246540069580078,95800.0
2022-09-28,0.4204495443042532,0.4204495443042532,0.4120405614376068,0.4120405614376068,206300.0
2022-09-29,0.41624505287093,0.4246540357375764,0.4120405614376068,0.4120405614376068,31000.0
2022-09-30,0.4120405614376068,0.4120405614376068,0.4120405614376068,0.4120405614376068,0.0
2022-10-03,0.3994270265102386,0.3994270265102386,0.3994270265102386,0.3994270265102386,60000.0
2022-10-04,0.403631504014344,0.41204051091057,0.403631504014344,0.4078360199928283,51000.0
2022-10-05,0.4120405614376068,0.4120405614376068,0.4120405614376068,0.4120405614376068,20000.0
2022-10-06,0.4036315679550171,0.4036315679550171,0.4036315679550171,0.4036315679550171,15000.0
2022-10-07,0.4036315679550171,0.4036315679550171,0.4036315679550171,0.4036315679550171,100.0
2022-10-10,0.4036315535102146,0.4120405614376068,0.4036315535102146,0.4120405614376068,21600.0
2022-10-11,0.4078360124484178,0.4078360124484178,0.3952225148677826,0.3952225148677826,90300.0
2022-10-12,0.3868135651402144,0.3868135651402144,0.3784045577049255,0.3784045577049255,201000.0
2022-10-13,0.3868135223702837,0.3868135223702837,0.3699955344200134,0.3699955344200134,279000.0
2022-10-14,0.3699955996964795,0.3868135906138635,0.3699955996964795,0.382609099149704,36200.0
2022-10-17,0.3784045344555297,0.3826090504452183,0.3531775638211115,0.3615865707397461,235700.0
2022-10-18,0.3657911121845245,0.3826091032836191,0.3615866206749374,0.3657911121845245,49600.0
2022-10-19,0.3742000758647918,0.3826090835101292,0.3742000758647918,0.3742000758647918,30800.0
2022-10-20,0.3657910841431087,0.3784045577049255,0.3657910841431087,0.3784045577049255,49400.0
2022-10-21,0.3657910841431087,0.3784045577049255,0.3657910841431087,0.3784045577049255,330100.0
2022-10-25,0.378404514901102,0.3868135213851928,0.378404514901102,0.3868135213851928,18000.0
2022-10-26,0.3784045577049255,0.3784045577049255,0.3784045577049255,0.3784045577049255,20000.0
2022-10-27,0.3784045334471511,0.4078360199928283,0.3784045334471511,0.4078360199928283,200.0
2022-10-28,0.3868135651402144,0.3868135651402144,0.3742000665176532,0.3784045577049255,66300.0
2022-10-31,0.3784045577049255,0.3784045577049255,0.3784045577049255,0.3784045577049255,0.0
2022-11-01,0.3994269935202169,0.3994269935202169,0.3868135213851928,0.3868135213851928,55000.0
2022-11-02,0.3868135906138635,0.3952225735421825,0.3784045826247986,0.382609099149704,108200.0
2022-11-03,0.382609099149704,0.382609099149704,0.382609099149704,0.382609099149704,0.0
2022-11-04,0.382609099149704,0.3868135906138635,0.382609099149704,0.382609099149704,60300.0
2022-11-07,0.3826090739529421,0.3826090739529421,0.3784045577049255,0.3784045577049255,30100.0
2022-11-08,0.3784045577049255,0.3784045577049255,0.3784045577049255,0.3784045577049255,0.0
2022-11-09,0.3784045577049255,0.3784045577049255,0.3784045577049255,0.3784045577049255,0.0
2022-11-10,0.3784045577049255,0.3784045577049255,0.3784045577049255,0.3784045577049255,0.0
2022-11-11,0.3868135213851928,0.3952225028085422,0.378404514901102,0.3868135213851928,4000.0
2022-11-14,0.3952225148677826,0.3952225148677826,0.3826090423478895,0.3952225148677826,51600.0
2022-11-15,0.3994270130966023,0.41204051091057,0.3952225221788605,0.4078360199928283,238500.0
2022-11-16,0.3952225028085422,0.3952225028085422,0.3868135213851928,0.3868135213851928,22700.0
2022-11-17,0.3868135213851928,0.3868135213851928,0.3868135213851928,0.3868135213851928,500.0
2022-11-18,0.3868135213851928,0.3910180120968675,0.3868135213851928,0.3868135213851928,68000.0
2022-11-21,0.3868135213851928,0.3868135213851928,0.3868135213851928,0.3868135213851928,0.0
2022-11-22,0.3868135213851928,0.3868135213851928,0.3868135213851928,0.3868135213851928,0.0
2022-11-23,0.3868135715727799,0.3910180628299713,0.3868135715727799,0.3910180628299713,17200.0
2022-11-24,0.3868135213851928,0.3868135213851928,0.3868135213851928,0.3868135213851928,15000.0
2022-11-25,0.3868135533334254,0.3994270265102386,0.3868135533334254,0.3994270265102386,207800.0
2022-11-28,0.3994270265102386,0.3994270265102386,0.3994270265102386,0.3994270265102386,0.0
2022-11-29,0.3994270265102386,0.3994270265102386,0.3994270265102386,0.3994270265102386,0.0
2022-11-30,0.3994270265102386,0.3994270265102386,0.3994270265102386,0.3994270265102386,0.0
2022-12-01,0.3910180443923631,0.4078360336888576,0.3910180443923631,0.3994270265102386,51000.0
2022-12-02,0.3910180932036478,0.4036315679550171,0.3910180932036478,0.4036315679550171,26800.0
2022-12-05,0.3952225354513009,0.3994270265102386,0.3952225354513009,0.3994270265102386,6000.0
2022-12-06,0.3994270265102386,0.3994270265102386,0.3994270265102386,0.3994270265102386,0.0
2022-12-07,0.3994270265102386,0.3994270265102386,0.3994270265102386,0.3994270265102386,0.0
2022-12-08,0.3910180240278182,0.3952225148677826,0.3910180240278182,0.3952225148677826,45000.0
2022-12-09,0.3952225148677826,0.3952225148677826,0.3952225148677826,0.3952225148677826,0.0
2022-12-12,0.3952225148677826,0.3952225148677826,0.3952225148677826,0.3952225148677826,0.0
2022-12-13,0.3952225148677826,0.3952225148677826,0.3952225148677826,0.3952225148677826,0.0
2022-12-14,0.3952225148677826,0.3952225148677826,0.3952225148677826,0.3952225148677826,0.0
2022-12-15,0.3952225148677826,0.3952225148677826,0.3952225148677826,0.3952225148677826,0.0
2022-12-16,0.3868135213851928,0.3868135213851928,0.3868135213851928,0.3868135213851928,54500.0
2022-12-19,0.3868135213851928,0.3868135213851928,0.3868135213851928,0.3868135213851928,0.0
2022-12-20,0.3994270265102386,0.3994270265102386,0.3994270265102386,0.3994270265102386,2000.0
2022-12-21,0.3994270265102386,0.3994270265102386,0.3994270265102386,0.3994270265102386,0.0
2022-12-22,0.3994270265102386,0.3994270265102386,0.3994270265102386,0.3994270265102386,0.0
2022-12-23,0.3994270265102386,0.3994270265102386,0.3994270265102386,0.3994270265102386,0.0
2022-12-27,0.399427065006342,0.399427065006342,0.382609099149704,0.382609099149704,7200.0
2022-12-28,0.3826090739529421,0.3868135651402144,0.3784045577049255,0.3784045577049255,30700.0
2022-12-29,0.3868135651402144,0.3868135651402144,0.3784045577049255,0.3784045577049255,5000.0
2022-12-30,0.3784045577049255,0.3784045577049255,0.3784045577049255,0.3784045577049255,0.0
2023-01-03,0.3784045577049255,0.3784045577049255,0.3784045577049255,0.3784045577049255,0.0
2023-01-04,0.3826091100360682,0.4036315679550171,0.3826091100360682,0.4036315679550171,19000.0
2023-01-05,0.3952225148677826,0.3952225148677826,0.3952225148677826,0.3952225148677826,2600.0
2023-01-06,0.386813601619858,0.4036315679550171,0.3826091100360682,0.4036315679550171,25500.0
2023-01-09,0.4036315679550171,0.4036315679550171,0.4036315679550171,0.4036315679550171,100.0
2023-01-10,0.3868135213851928,0.3868135213851928,0.3868135213851928,0.3868135213851928,9500.0
2023-01-11,0.3868135213851928,0.3868135213851928,0.3868135213851928,0.3868135213851928,0.0
2023-01-12,0.3910180443923631,0.3994270265102386,0.3910180443923631,0.3994270265102386,14000.0
2023-01-13,0.3994270265102386,0.3994270265102386,0.3994270265102386,0.3994270265102386,0.0
2023-01-16,0.3994270265102386,0.3994270265102386,0.3994270265102386,0.3994270265102386,0.0
2023-01-17,0.3994270265102386,0.3994270265102386,0.3994270265102386,0.3994270265102386,0.0
2023-01-18,0.3994270265102386,0.3994270265102386,0.3994270265102386,0.3994270265102386,0.0
2023-01-19,0.3994270265102386,0.3994270265102386,0.3994270265102386,0.3994270265102386,0.0
2023-01-20,0.3994270265102386,0.3994270265102386,0.3994270265102386,0.3994270265102386,12000.0
2023-01-25,0.3910180628299713,0.3910180628299713,0.3910180628299713,0.3910180628299713,38000.0
2023-01-26,0.3910180240278182,0.3994270057077469,0.3868135331878538,0.3952225148677826,155800.0
2023-01-27,0.3994270265102386,0.3994270265102386,0.3994270265102386,0.3994270265102386,24700.0
2023-01-30,0.3994270265102386,0.3994270265102386,0.3994270265102386,0.3994270265102386,0.0
2023-01-31,0.3952225354513009,0.3994270265102386,0.3952225354513009,0.3994270265102386,9600.0
2023-02-01,0.3994270265102386,0.3994270265102386,0.3994270265102386,0.3994270265102386,0.0
2023-02-02,0.3952225148677826,0.3952225148677826,0.3952225148677826,0.3952225148677826,22500.0
2023-02-03,0.3994270265102386,0.3994270265102386,0.3994270265102386,0.3994270265102386,5900.0
2023-02-06,0.3952225148677826,0.3952225148677826,0.3952225148677826,0.3952225148677826,37000.0
2023-02-07,0.3952225148677826,0.3952225148677826,0.3952225148677826,0.3952225148677826,0.0
2023-02-08,0.3910180628299713,0.3910180628299713,0.3910180628299713,0.3910180628299713,1000.0
2023-02-09,0.3910180628299713,0.3910180628299713,0.3910180628299713,0.3910180628299713,0.0
2023-02-10,0.3910180628299713,0.3910180628299713,0.3910180628299713,0.3910180628299713,40000.0
2023-02-13,0.386813601619858,0.4036315679550171,0.386813601619858,0.4036315679550171,11000.0
2023-02-14,0.3994270265102386,0.3994270265102386,0.3994270265102386,0.3994270265102386,30000.0
2023-02-15,0.3994270453443541,0.3994270453443541,0.3910180628299713,0.3910180628299713,50000.0
2023-02-16,0.3952225148677826,0.3952225148677826,0.3952225148677826,0.3952225148677826,1700.0
2023-02-17,0.3952225221788605,0.4204494927460535,0.3952225221788605,0.4078360199928283,25300.0
2023-02-20,0.4036315535102146,0.4120405614376068,0.4036315535102146,0.4120405614376068,94000.0
2023-02-21,0.4162450338764145,0.4204495251178741,0.4162450338764145,0.4204495251178741,103000.0
2023-02-22,0.4204495045108072,0.4204495045108072,0.4162450134754181,0.4162450134754181,13500.0
2023-02-23,0.4162450338764145,0.4204495251178741,0.4120405426349549,0.4204495251178741,700.0
2023-02-24,0.4204495251178741,0.4204495251178741,0.4204495251178741,0.4204495251178741,0.0
2023-02-27,0.4162450134754181,0.4162450134754181,0.4120405224400289,0.4162450134754181,60500.0
2023-02-28,0.4162450134754181,0.4162450134754181,0.4162450134754181,0.4162450134754181,0.0
2023-03-01,0.4036315366015455,0.4162450354338644,0.3910180628299713,0.3910180628299713,15200.0
2023-03-02,0.3910180240278182,0.4204494849683109,0.3910180240278182,0.3952225148677826,155300.0
2023-03-03,0.3952225148677826,0.3952225148677826,0.3952225148677826,0.3952225148677826,0.0
2023-03-06,0.3952225148677826,0.3952225148677826,0.3952225148677826,0.3952225148677826,0.0
2023-03-07,0.3952225540871627,0.3952225540871627,0.3910180628299713,0.3910180628299713,23900.0
2023-03-08,0.3952225540871627,0.3952225540871627,0.3910180628299713,0.3910180628299713,32000.0
2023-03-09,0.3952225028085422,0.3952225028085422,0.3868135213851928,0.3868135213851928,15000.0
2023-03-10,0.3868135213851928,0.3868135213851928,0.3868135213851928,0.3868135213851928,0.0
2023-03-13,0.4120404907159824,0.4120404907159824,0.3868135213851928,0.3868135213851928,49700.0
2023-03-14,0.3868135213851928,0.3868135213851928,0.3868135213851928,0.3868135213851928,0.0
2023-03-15,0.3910180628299713,0.3910180628299713,0.3910180628299713,0.3910180628299713,1600.0
2023-03-16,0.3868135213851928,0.3868135213851928,0.3826090306735182,0.3868135213851928,21000.0
2023-03-17,0.3784045826247986,0.382609099149704,0.3784045826247986,0.382609099149704,10300.0
2023-03-20,0.382609099149704,0.382609099149704,0.382609099149704,0.382609099149704,0.0
2023-03-21,0.3868135906138635,0.3868135906138635,0.382609099149704,0.382609099149704,35000.0
2023-03-22,0.3868135213851928,0.3910180120968675,0.3868135213851928,0.3868135213851928,30600.0
2023-03-23,0.3868135213851928,0.3868135213851928,0.3868135213851928,0.3868135213851928,0.0
2023-03-24,0.3868135213851928,0.3868135213851928,0.3868135213851928,0.3868135213851928,200.0
2023-03-27,0.3868135213851928,0.3868135213851928,0.378404514901102,0.3868135213851928,28500.0
2023-03-28,0.3868135213851928,0.3868135213851928,0.3868135213851928,0.3868135213851928,0.0
2023-03-29,0.3868135213851928,0.3868135213851928,0.3868135213851928,0.3868135213851928,2000.0
2023-03-30,0.3868135213851928,0.3868135213851928,0.3868135213851928,0.3868135213851928,14100.0
2023-03-31,0.3868135213851928,0.3868135213851928,0.3868135213851928,0.3868135213851928,0.0
2023-04-03,0.3994270057077469,0.3994270057077469,0.3910180240278182,0.3952225148677826,91100.0
2023-04-04,0.3910180628299713,0.3952225540871627,0.3910180628299713,0.3910180628299713,130000.0
2023-04-05,0.3868135533334254,0.4036315175691764,0.3868135533334254,0.3994270265102386,144900.0
2023-04-06,0.3994269935202169,0.3994269935202169,0.3868135213851928,0.3868135213851928,48000.0
2023-04-10,0.3910180240278182,0.3994270057077469,0.3868135331878538,0.3952225148677826,26600.0
2023-04-11,0.3910180443923631,0.3994270265102386,0.3826090622744876,0.3994270265102386,266500.0
2023-04-12,0.3952225148677826,0.3952225148677826,0.3952225148677826,0.3952225148677826,14000.0
2023-04-13,0.3910180443923631,0.3994270265102386,0.3910180443923631,0.3994270265102386,35200.0
2023-04-14,0.3994270265102386,0.3994270265102386,0.3994270265102386,0.3994270265102386,0.0
2023-04-17,0.3994269935202169,0.3994269935202169,0.3868135213851928,0.3868135213851928,20900.0
2023-04-18,0.3910180628299713,0.3910180628299713,0.3910180628299713,0.3910180628299713,7000.0
2023-04-19,0.3910180628299713,0.3910180628299713,0.3910180628299713,0.3910180628299713,79300.0
2023-04-20,0.3994270265102386,0.3994270265102386,0.3994270265102386,0.3994270265102386,10000.0
2023-04-21,0.3910180628299713,0.3910180628299713,0.3910180628299713,0.3910180628299713,20000.0
2023-04-24,0.4036314842318916,0.4036314842318916,0.3868135213851928,0.3868135213851928,64500.0
2023-04-25,0.3910180628299713,0.3994270453443541,0.3910180628299713,0.3910180628299713,4800.0
2023-04-26,0.3952225148677826,0.3952225148677826,0.3952225148677826,0.3952225148677826,100.0
2023-04-27,0.3910180628299713,0.4036315366015455,0.3910180628299713,0.3910180628299713,96300.0
2023-04-28,0.3952225148677826,0.3952225148677826,0.3952225148677826,0.3952225148677826,10000.0
2023-05-02,0.3910180932036478,0.4036315679550171,0.3910180932036478,0.4036315679550171,47700.0
2023-05-03,0.4036315366015455,0.4036315366015455,0.3910180628299713,0.3910180628299713,77200.0
2023-05-04,0.3952225148677826,0.3994270057077469,0.3952225148677826,0.3952225148677826,10900.0
2023-05-05,0.3994270453443541,0.3994270453443541,0.3868135715727799,0.3910180628299713,106500.0
2023-05-08,0.3987879662850214,0.3987879662850214,0.3944999277591705,0.3944999277591705,28300.0
2023-05-09,0.3944999366883719,0.3987879753112793,0.3944999366883719,0.3987879753112793,5100.0
2023-05-10,0.3944999277591705,0.3944999277591705,0.3944999277591705,0.3944999277591705,44100.0
2023-05-11,0.3944999277591705,0.3944999277591705,0.3944999277591705,0.3944999277591705,55000.0
2023-05-12,0.3944999277591705,0.3944999277591705,0.3944999277591705,0.3944999277591705,26000.0
2023-05-15,0.3944999277591705,0.3944999277591705,0.3944999277591705,0.3944999277591705,19500.0
2023-05-16,0.3944999277591705,0.3944999277591705,0.3944999277591705,0.3944999277591705,0.0
2023-05-17,0.3944999487635433,0.3944999487635433,0.385923845696498,0.3902119100093841,180000.0
2023-05-18,0.3902118892333196,0.3944999277591705,0.3902118892333196,0.3944999277591705,24700.0
2023-05-19,0.3944999478904612,0.3944999478904612,0.3773477673530578,0.3773477673530578,180400.0
2023-05-22,0.3773477480970411,0.3987879662850214,0.3773477480970411,0.3944999277591705,16100.0
2023-05-23,0.3944999354321855,0.3944999354321855,0.3816357940456998,0.385923832654953,45900.0
2023-05-24,0.385923832654953,0.385923832654953,0.385923832654953,0.385923832654953,0.0
2023-05-25,0.385923844842396,0.385923844842396,0.3773477673530578,0.3773477673530578,92000.0
2023-05-26,0.3816358149051666,0.3816358149051666,0.3816358149051666,0.3816358149051666,100.0
2023-05-29,0.3944999569947812,0.3944999569947812,0.3816358149051666,0.3816358149051666,84700.0
2023-05-30,0.3944999487635433,0.3944999487635433,0.385923845696498,0.3902119100093841,2500.0
2023-05-31,0.3902119100093841,0.3902119100093841,0.3902119100093841,0.3902119100093841,1300.0
2023-06-01,0.3902119100093841,0.3902119100093841,0.3902119100093841,0.3902119100093841,0.0
2023-06-05,0.3902118892333196,0.3944999277591705,0.3902118892333196,0.3944999277591705,23000.0
2023-06-06,0.3944999277591705,0.3944999277591705,0.3944999277591705,0.3944999277591705,400.0
2023-06-07,0.3944999277591705,0.3944999277591705,0.3944999277591705,0.3944999277591705,0.0
2023-06-08,0.385923832654953,0.385923832654953,0.385923832654953,0.385923832654953,20000.0
2023-06-09,0.3944999277591705,0.3944999277591705,0.3944999277591705,0.3944999277591705,1500.0
2023-06-12,0.3944999277591705,0.3944999277591705,0.3944999277591705,0.3944999277591705,0.0
2023-06-13,0.3944999277591705,0.3944999277591705,0.3944999277591705,0.3944999277591705,0.0
2023-06-14,0.3816357940456998,0.385923832654953,0.3816357940456998,0.385923832654953,30000.0
2023-06-15,0.3816358149051666,0.3816358149051666,0.3816358149051666,0.3816358149051666,48900.0
2023-06-16,0.3816358149051666,0.3816358149051666,0.3816358149051666,0.3816358149051666,0.0
2023-06-19,0.3902118892333196,0.3944999277591705,0.3902118892333196,0.3944999277591705,9000.0
2023-06-20,0.3944999277591705,0.3944999277591705,0.3944999277591705,0.3944999277591705,0.0
2023-06-21,0.3944999277591705,0.3944999277591705,0.3944999277591705,0.3944999277591705,11000.0
2023-06-22,0.3944999277591705,0.3944999277591705,0.3944999277591705,0.3944999277591705,0.0
2023-06-23,0.3902119100093841,0.3902119100093841,0.3902119100093841,0.3902119100093841,2000.0
2023-06-26,0.3944999277591705,0.3944999277591705,0.3902118892333196,0.3944999277591705,150600.0
2023-06-27,0.3944999277591705,0.3944999277591705,0.3944999277591705,0.3944999277591705,59000.0
2023-06-28,0.3944999277591705,0.3944999277591705,0.3944999277591705,0.3944999277591705,43500.0
2023-06-30,0.3944999277591705,0.3944999277591705,0.3944999277591705,0.3944999277591705,0.0
2023-07-03,0.3944999277591705,0.3944999277591705,0.3944999277591705,0.3944999277591705,0.0
2023-07-04,0.3944999277591705,0.3944999277591705,0.3944999277591705,0.3944999277591705,100.0
2023-07-05,0.3944999277591705,0.3944999277591705,0.3944999277591705,0.3944999277591705,0.0
2023-07-06,0.385923832654953,0.385923832654953,0.385923832654953,0.385923832654953,18000.0
2023-07-07,0.385923832654953,0.385923832654953,0.385923832654953,0.385923832654953,0.0
2023-07-10,0.3859238537487956,0.3944999569947812,0.3816358149051666,0.3816358149051666,51000.0
2023-07-11,0.3816358149051666,0.3816358149051666,0.3816358149051666,0.3816358149051666,0.0
2023-07-12,0.3816358060977269,0.385923844842396,0.3773477673530578,0.3773477673530578,30600.0
2023-07-13,0.3773477554364466,0.385923832654953,0.3773477554364466,0.385923832654953,80500.0
2023-07-14,0.3859238537487956,0.3859238537487956,0.3816358149051666,0.3816358149051666,18400.0
2023-07-17,0.3816358149051666,0.3816358149051666,0.3816358149051666,0.3816358149051666,0.0
2023-07-18,0.3816358149051666,0.3816358149051666,0.3816358149051666,0.3816358149051666,0.0
2023-07-19,0.3816358149051666,0.3816358149051666,0.3816358149051666,0.3816358149051666,0.0
2023-07-20,0.3816358149051666,0.3816358149051666,0.3816358149051666,0.3816358149051666,0.0
2023-07-21,0.3816358149051666,0.3816358149051666,0.3816358149051666,0.3816358149051666,0.0
2023-07-24,0.3816358149051666,0.3859238537487956,0.3730597372179086,0.3816358149051666,14800.0
2023-07-25,0.385923832654953,0.385923832654953,0.3816357940456998,0.385923832654953,70900.0
2023-07-26,0.385923832654953,0.385923832654953,0.385923832654953,0.385923832654953,0.0
2023-07-27,0.3859238537487956,0.3859238537487956,0.3816358149051666,0.3816358149051666,10100.0
2023-07-28,0.3816358149051666,0.3816358149051666,0.3816358149051666,0.3816358149051666,0.0
2023-07-31,0.3816358149051666,0.3816358149051666,0.3816358149051666,0.3816358149051666,7400.0
2023-08-01,0.3816358149051666,0.3816358149051666,0.3816358149051666,0.3816358149051666,0.0
2023-08-02,0.3816358149051666,0.3816358149051666,0.3816358149051666,0.3816358149051666,0.0
2023-08-03,0.385923832654953,0.385923832654953,0.385923832654953,0.385923832654953,900.0
2023-08-04,0.385923832654953,0.385923832654953,0.385923832654953,0.385923832654953,0.0
2023-08-07,0.3773477584443833,0.3816357970878176,0.3730597198009491,0.3730597198009491,163000.0
2023-08-08,0.3687716932834877,0.3687716932834877,0.3601955901558929,0.3644836544990539,187700.0
2023-08-10,0.364483662715766,0.364483662715766,0.3559075593948364,0.3559075593948364,68000.0
2023-08-11,0.3601955771446228,0.3601955771446228,0.3601955771446228,0.3601955771446228,82000.0
2023-08-14,0.3559075513714591,0.3644836544990539,0.3559075513714591,0.3644836544990539,11600.0
2023-08-15,0.3687716799624248,0.3687716799624248,0.3559075385150849,0.3601955771446228,71000.0
2023-08-16,0.3559075513714591,0.3644836544990539,0.3559075513714591,0.3644836544990539,188800.0
2023-08-17,0.3687716722488403,0.3687716722488403,0.3687716722488403,0.3687716722488403,800.0
2023-08-18,0.3687804941617609,0.3687804941617609,0.3600000143051147,0.3600000143051147,30100.0
2023-08-21,0.3600000143051147,0.3600000143051147,0.3600000143051147,0.3600000143051147,0.0
2023-08-22,0.3600000143051147,0.3600000143051147,0.3600000143051147,0.3600000143051147,0.0
2023-08-23,0.3600000143051147,0.3600000143051147,0.3556097743767917,0.3600000143051147,14000.0
2023-08-24,0.3687804639339447,0.3687804639339447,0.3643902243654762,0.3687804639339447,19200.0
2023-08-25,0.3687804639339447,0.3687804639339447,0.3687804639339447,0.3687804639339447,20000.0
2023-08-28,0.3731707296703051,0.3907316879441789,0.3687804639339447,0.3687804639339447,45800.0
2023-08-29,0.3687804639339447,0.3687804639339447,0.3687804639339447,0.3687804639339447,0.0
2023-08-30,0.3687804639339447,0.3687804639339447,0.3687804639339447,0.3687804639339447,0.0
2023-08-31,0.3643902243654762,0.3731707296703051,0.3599999847970078,0.3687804639339447,5900.0
2023-09-04,0.377560943365097,0.377560943365097,0.377560943365097,0.377560943365097,100.0
2023-09-05,0.3731707334518432,0.3731707334518432,0.3643902280580369,0.3731707334518432,24700.0
2023-09-06,0.3599999843502362,0.3599999843502362,0.3556097447872162,0.3556097447872162,20000.0
2023-09-07,0.3643901944160461,0.3643901944160461,0.3643901944160461,0.3643901944160461,11200.0
2023-09-08,0.3643901944160461,0.3643901944160461,0.3643901944160461,0.3643901944160461,0.0
2023-09-11,0.3643901944160461,0.3643901944160461,0.3643901944160461,0.3643901944160461,0.0
2023-09-12,0.3731706989992004,0.3775609382068327,0.3643901944160461,0.3643901944160461,44000.0
2023-09-13,0.3643901944160461,0.3643901944160461,0.3643901944160461,0.3643901944160461,0.0
2023-09-14,0.3643901944160461,0.3643901944160461,0.3643901944160461,0.3643901944160461,0.0
2023-09-15,0.3643901944160461,0.3643901944160461,0.3643901944160461,0.3643901944160461,0.0
2023-09-18,0.3643901944160461,0.3643901944160461,0.3643901944160461,0.3643901944160461,100.0
2023-09-19,0.3643901944160461,0.3643901944160461,0.3643901944160461,0.3643901944160461,0.0
2023-09-20,0.3643901944160461,0.3643901944160461,0.3643901944160461,0.3643901944160461,0.0
2023-09-21,0.3643901944160461,0.3643901944160461,0.3643901944160461,0.3643901944160461,0.0
2023-09-22,0.3643901944160461,0.3643901944160461,0.3643901944160461,0.3643901944160461,24900.0
2023-09-25,0.3643901944160461,0.3643901944160461,0.3643901944160461,0.3643901944160461,0.0
2023-09-26,0.3643901944160461,0.3643901944160461,0.3643901944160461,0.3643901944160461,0.0
2023-09-27,0.3643901944160461,0.3643901944160461,0.3643901944160461,0.3643901944160461,0.0
2023-09-28,0.3643901944160461,0.3643901944160461,0.3643901944160461,0.3643901944160461,0.0
2023-09-29,0.3643901944160461,0.3643901944160461,0.3643901944160461,0.3643901944160461,0.0
2023-10-02,0.3599999230991067,0.3599999230991067,0.3512194454669952,0.3512194454669952,48600.0
2023-10-03,0.3556096842830509,0.3556096842830509,0.3512194454669952,0.3512194454669952,52000.0
2023-10-04,0.3512194454669952,0.3512194454669952,0.3512194454669952,0.3512194454669952,48100.0
2023-10-05,0.3600000143051147,0.3600000143051147,0.3600000143051147,0.3600000143051147,7000.0
2023-10-06,0.3512194454669952,0.3512194454669952,0.3512194454669952,0.3512194454669952,200.0
2023-10-09,0.3512195010271713,0.3512195010271713,0.3424389958381653,0.3424389958381653,51100.0
2023-10-10,0.3468292653560638,0.3468292653560638,0.3424389996290141,0.3468292653560638,29300.0
2023-10-11,0.3468292653560638,0.3468292653560638,0.3468292653560638,0.3468292653560638,0.0
2023-10-12,0.3468292653560638,0.3468292653560638,0.3468292653560638,0.3468292653560638,0.0
2023-10-13,0.3468292653560638,0.3468292653560638,0.3468292653560638,0.3468292653560638,0.0
2023-10-16,0.3468292653560638,0.3468292653560638,0.3468292653560638,0.3468292653560638,0.0
2023-10-17,0.3468292653560638,0.3468292653560638,0.3468292653560638,0.3468292653560638,0.0
2023-10-18,0.3468292653560638,0.3468292653560638,0.3468292653560638,0.3468292653560638,0.0
2023-10-19,0.3468292653560638,0.3468292653560638,0.3468292653560638,0.3468292653560638,0.0
2023-10-20,0.3468292653560638,0.3468292653560638,0.3468292653560638,0.3468292653560638,0.0
2023-10-23,0.3468292653560638,0.3468292653560638,0.3468292653560638,0.3468292653560638,0.0
2023-10-24,0.3687804336236784,0.3687804336236784,0.3643901944160461,0.3643901944160461,200.0
2023-10-25,0.3643901944160461,0.3643901944160461,0.3643901944160461,0.3643901944160461,0.0
2023-10-26,0.3643901944160461,0.3643901944160461,0.3643901944160461,0.3643901944160461,0.0
2023-10-27,0.3643901944160461,0.3643901944160461,0.3643901944160461,0.3643901944160461,0.0
2023-10-30,0.3643901944160461,0.3643901944160461,0.3643901944160461,0.3643901944160461,0.0
2023-10-31,0.3643901944160461,0.3643901944160461,0.3643901944160461,0.3643901944160461,0.0
2023-11-01,0.3643901944160461,0.3643901944160461,0.3643901944160461,0.3643901944160461,0.0
2023-11-02,0.3643901944160461,0.3643901944160461,0.3643901944160461,0.3643901944160461,17000.0
2023-11-03,0.3643901944160461,0.3643901944160461,0.3643901944160461,0.3643901944160461,0.0
2023-11-06,0.3556097743767917,0.3600000143051147,0.3424390284239284,0.3600000143051147,54600.0
2023-11-07,0.3600000143051147,0.3600000143051147,0.3600000143051147,0.3600000143051147,0.0
2023-11-08,0.3600000143051147,0.3600000143051147,0.3600000143051147,0.3600000143051147,0.0
2023-11-09,0.3600000143051147,0.3600000143051147,0.3600000143051147,0.3600000143051147,0.0
2023-11-10,0.3600000143051147,0.3600000143051147,0.3600000143051147,0.3600000143051147,0.0
2023-11-14,0.3600000143051147,0.3600000143051147,0.3600000143051147,0.3600000143051147,0.0
2023-11-15,0.3600000143051147,0.3600000143051147,0.3600000143051147,0.3600000143051147,0.0
2023-11-16,0.3600000143051147,0.3600000143051147,0.3600000143051147,0.3600000143051147,0.0
2023-11-17,0.3600000143051147,0.3600000143051147,0.3600000143051147,0.3600000143051147,0.0
2023-11-20,0.3600000143051147,0.3600000143051147,0.3600000143051147,0.3600000143051147,0.0
2023-11-21,0.3468292660916025,0.3687804639339447,0.3424390003552421,0.3687804639339447,29000.0
2023-11-22,0.3687804639339447,0.3687804639339447,0.3687804639339447,0.3687804639339447,0.0
2023-11-23,0.3687804639339447,0.3687804639339447,0.3687804639339447,0.3687804639339447,0.0
2023-11-24,0.3643901944160461,0.3643901944160461,0.3643901944160461,0.3643901944160461,1000.0
2023-11-27,0.3643901944160461,0.3643901944160461,0.3643901944160461,0.3643901944160461,0.0
2023-11-28,0.3512194454669952,0.3512194454669952,0.3512194454669952,0.3512194454669952,15000.0
2023-11-29,0.3512194454669952,0.3512194454669952,0.3512194454669952,0.3512194454669952,0.0
2023-11-30,0.3512194454669952,0.3512194454669952,0.3512194454669952,0.3512194454669952,0.0
2023-12-01,0.3512194454669952,0.3512194454669952,0.3512194454669952,0.3512194454669952,0.0
2023-12-04,0.3512194454669952,0.3512194454669952,0.3512194454669952,0.3512194454669952,13000.0
2023-12-05,0.3512194454669952,0.3512194454669952,0.3512194454669952,0.3512194454669952,0.0
2023-12-06,0.3512194454669952,0.3512194454669952,0.3512194454669952,0.3512194454669952,0.0
2023-12-07,0.3468292653560638,0.3468292653560638,0.3468292653560638,0.3468292653560638,2500.0
2023-12-08,0.3468292653560638,0.3468292653560638,0.3468292653560638,0.3468292653560638,0.0
2023-12-11,0.3380487250990995,0.3380487250990995,0.3292682468891144,0.3292682468891144,219700.0
2023-12-12,0.3292682456344906,0.3292682456344906,0.320487767457962,0.320487767457962,155300.0
2023-12-13,0.3204877927847431,0.3248780322199492,0.3073170483112335,0.3073170483112335,168800.0
2023-12-14,0.3204877930730109,0.3204877930730109,0.3073170485876547,0.3117072880268097,214000.0
2023-12-15,0.3073170483112335,0.3117072877464396,0.3073170483112335,0.3073170483112335,41900.0
2023-12-18,0.3073170485876547,0.3117072880268097,0.3073170485876547,0.3117072880268097,46000.0
2023-12-19,0.3117072923095436,0.3248780369758606,0.3117072923095436,0.3248780369758606,130200.0
2023-12-20,0.3160975873470306,0.3160975873470306,0.3160975873470306,0.3160975873470306,64500.0
2023-12-21,0.3160975873470306,0.3160975873470306,0.3160975873470306,0.3160975873470306,0.0
2023-12-22,0.3160975283696977,0.320487767457962,0.3160975283696977,0.320487767457962,62600.0
2023-12-26,0.3117072880268097,0.3117072880268097,0.3117072880268097,0.3117072880268097,14000.0
2023-12-27,0.3117072631135443,0.320487767457962,0.3117072631135443,0.320487767457962,10200.0
2023-12-28,0.3160975536338559,0.3160975536338559,0.3117072880268097,0.3117072880268097,23000.0
2023-12-29,0.3073170813643504,0.3160975873470306,0.3073170813643504,0.3160975873470306,18900.0
2024-01-02,0.3073170813643504,0.3160975873470306,0.3073170813643504,0.3160975873470306,76700.0
2024-01-03,0.3160975283696977,0.320487767457962,0.3160975283696977,0.320487767457962,51500.0
2024-01-04,0.3160975873470306,0.3160975873470306,0.3160975873470306,0.3160975873470306,30000.0
2024-01-05,0.3160975873470306,0.3160975873470306,0.3160975873470306,0.3160975873470306,0.0
2024-01-08,0.3160975283696977,0.320487767457962,0.3160975283696977,0.320487767457962,25100.0
2024-01-09,0.320487767457962,0.320487767457962,0.320487767457962,0.320487767457962,0.0
2024-01-10,0.320487767457962,0.320487767457962,0.320487767457962,0.320487767457962,0.0
2024-01-11,0.3160975873470306,0.3160975873470306,0.3160975873470306,0.3160975873470306,20000.0
2024-01-12,0.3160975873470306,0.3160975873470306,0.3160975873470306,0.3160975873470306,2000.0
2024-01-15,0.320487767457962,0.320487767457962,0.320487767457962,0.320487767457962,5000.0
2024-01-16,0.3336585159748109,0.3336585159748109,0.3248780369758606,0.3248780369758606,20000.0
2024-01-17,0.3248780369758606,0.3248780369758606,0.3248780369758606,0.3248780369758606,0.0
2024-01-18,0.3248780369758606,0.3248780369758606,0.3248780369758606,0.3248780369758606,0.0
2024-01-19,0.3248780369758606,0.3248780369758606,0.3248780369758606,0.3248780369758606,0.0
2024-01-22,0.3117072880268097,0.3117072880268097,0.3117072880268097,0.3117072880268097,1000.0
2024-01-23,0.320487767457962,0.320487767457962,0.3160975283696977,0.320487767457962,57700.0
2024-01-24,0.3160975873470306,0.3160975873470306,0.3160975873470306,0.3160975873470306,2600.0
2024-01-25,0.3204877927847431,0.3204877927847431,0.3073170483112335,0.3073170483112335,54900.0
2024-01-26,0.3073170483112335,0.3073170483112335,0.3073170483112335,0.3073170483112335,0.0
2024-01-29,0.3073170483112335,0.3073170483112335,0.3073170483112335,0.3073170483112335,0.0
2024-01-30,0.3073170483112335,0.3073170483112335,0.3073170483112335,0.3073170483112335,0.0
2024-01-31,0.3117072880268097,0.3117072880268097,0.3117072880268097,0.3117072880268097,11000.0
2024-02-01,0.3117072880268097,0.3117072880268097,0.3117072880268097,0.3117072880268097,30000.0
2024-02-02,0.3117072880268097,0.3117072880268097,0.3117072880268097,0.3117072880268097,22100.0
2024-02-05,0.3117072880268097,0.3117072880268097,0.3117072880268097,0.3117072880268097,47000.0
2024-02-06,0.3117072880268097,0.3117072880268097,0.3117072880268097,0.3117072880268097,0.0
2024-02-07,0.3117072877464396,0.3117072877464396,0.3073170483112335,0.3073170483112335,40000.0
2024-02-08,0.3073170483112335,0.3073170483112335,0.3073170483112335,0.3073170483112335,0.0
2024-02-09,0.3073170483112335,0.3073170483112335,0.3073170483112335,0.3073170483112335,0.0
2024-02-13,0.3073170483112335,0.3073170483112335,0.3073170483112335,0.3073170483112335,0.0
2024-02-14,0.3073170483112335,0.3073170483112335,0.3073170483112335,0.3073170483112335,0.0
2024-02-15,0.3117072631135443,0.320487767457962,0.3117072631135443,0.320487767457962,10100.0
2024-02-16,0.3117072877464396,0.3117072877464396,0.3073170483112335,0.3073170483112335,39900.0
2024-02-19,0.3073170483112335,0.3073170483112335,0.3073170483112335,0.3073170483112335,0.0
2024-02-20,0.3073170483112335,0.3073170483112335,0.3073170483112335,0.3073170483112335,0.0
2024-02-21,0.3073170483112335,0.3073170483112335,0.3073170483112335,0.3073170483112335,10000.0
2024-02-22,0.3073170483112335,0.3073170483112335,0.3073170483112335,0.3073170483112335,0.0
2024-02-23,0.3073170782610399,0.3073170782610399,0.3029268383979797,0.3029268383979797,20000.0
2024-02-26,0.3029268383979797,0.3029268383979797,0.3029268383979797,0.3029268383979797,0.0
2024-02-27,0.3117072877464396,0.3117072877464396,0.3073170483112335,0.3073170483112335,60000.0
2024-02-28,0.3029267780664497,0.3029267780664497,0.2985365390777588,0.2985365390777588,138000.0
2024-02-29,0.2985365685871573,0.2985365685871573,0.294146329164505,0.294146329164505,10000.0
2024-03-01,0.2985365390777588,0.2985365390777588,0.2985365390777588,0.2985365390777588,30000.0
2024-03-04,0.2985365685871573,0.2985365685871573,0.294146329164505,0.294146329164505,9000.0
2024-03-05,0.294146329164505,0.294146329164505,0.294146329164505,0.294146329164505,3400.0
2024-03-06,0.294146329164505,0.294146329164505,0.294146329164505,0.294146329164505,0.0
2024-03-07,0.294146329164505,0.294146329164505,0.294146329164505,0.294146329164505,0.0
2024-03-08,0.294146329164505,0.294146329164505,0.294146329164505,0.294146329164505,0.0
2024-03-11,0.294146329164505,0.294146329164505,0.294146329164505,0.294146329164505,0.0
2024-03-12,0.294146329164505,0.294146329164505,0.294146329164505,0.294146329164505,0.0
2024-03-13,0.294146329164505,0.294146329164505,0.294146329164505,0.294146329164505,0.0
2024-03-14,0.3029268383979797,0.3029268383979797,0.3029268383979797,0.3029268383979797,3600.0
2024-03-15,0.2985365390777588,0.2985365390777588,0.2985365390777588,0.2985365390777588,20000.0
2024-03-18,0.2941463288671428,0.2941463288671428,0.2897560894489288,0.2897560894489288,98100.0
2024-03-19,0.2897560894489288,0.2897560894489288,0.2897560894489288,0.2897560894489288,0.0
2024-03-20,0.2897560894489288,0.2897560894489288,0.2897560894489288,0.2897560894489288,0.0
2024-03-21,0.2897560894489288,0.2897560894489288,0.2897560894489288,0.2897560894489288,3000.0
2024-03-22,0.2897560894489288,0.2897560894489288,0.2897560894489288,0.2897560894489288,0.0
2024-03-25,0.2853658199310303,0.2853658199310303,0.2853658199310303,0.2853658199310303,75000.0
2024-03-26,0.2853658199310303,0.2853658199310303,0.2853658199310303,0.2853658199310303,0.0
2024-03-27,0.2853658199310303,0.2853658199310303,0.2853658199310303,0.2853658199310303,0.0
2024-03-28,0.2853658195675876,0.2853658195675876,0.2809755802154541,0.2809755802154541,100100.0
2024-04-01,0.2809755855321054,0.3073170483112335,0.2765853460968993,0.3073170483112335,65100.0
2024-04-02,0.3073170483112335,0.3073170483112335,0.3073170483112335,0.3073170483112335,0.0
2024-04-03,0.3073170483112335,0.3073170483112335,0.3073170483112335,0.3073170483112335,0.0
2024-04-04,0.3073170483112335,0.3073170483112335,0.3073170483112335,0.3073170483112335,0.0
2024-04-05,0.2853658199310303,0.2853658199310303,0.2853658199310303,0.2853658199310303,14000.0
2024-04-08,0.2809755802154541,0.2809755802154541,0.2809755802154541,0.2809755802154541,36000.0
2024-04-09,0.2809755802154541,0.2809755802154541,0.2809755802154541,0.2809755802154541,0.0
2024-04-11,0.2809755802154541,0.2809755802154541,0.2809755802154541,0.2809755802154541,0.0
2024-04-12,0.2809755802154541,0.2809755802154541,0.2809755802154541,0.2809755802154541,0.0
2024-04-15,0.2765853404998779,0.2765853404998779,0.2765853404998779,0.2765853404998779,150100.0
2024-04-16,0.2765853404998779,0.2765853404998779,0.2765853404998779,0.2765853404998779,0.0
2024-04-17,0.2765853404998779,0.2765853404998779,0.2765853404998779,0.2765853404998779,0.0
2024-04-18,0.2765853404998779,0.2765853404998779,0.2765853404998779,0.2765853404998779,31000.0
2024-04-19,0.2721951007843017,0.2721951007843017,0.2721951007843017,0.2721951007843017,15100.0
2024-04-22,0.2721951056081815,0.2897560894489288,0.2721951056081815,0.2897560894489288,21300.0
2024-04-23,0.2721950789777245,0.2985365390777588,0.2721950789777245,0.2985365390777588,59900.0
2024-04-24,0.2985365390777588,0.2985365390777588,0.2985365390777588,0.2985365390777588,0.0
2024-04-25,0.2721951007843017,0.2721951007843017,0.2721951007843017,0.2721951007843017,106000.0
2024-04-26,0.267804890871048,0.267804890871048,0.267804890871048,0.267804890871048,94000.0
2024-04-29,0.2765853401247113,0.2765853401247113,0.2721951007843017,0.2721951007843017,30100.0
2024-04-30,0.2897560847068625,0.2985365633995917,0.2765853404998779,0.2765853404998779,29000.0
2024-05-02,0.2765853404998779,0.2765853404998779,0.2765853404998779,0.2765853404998779,0.0
2024-05-03,0.2765853404998779,0.2765853404998779,0.2765853404998779,0.2765853404998779,0.0
2024-05-06,0.2809755798462425,0.2809755798462425,0.2765853404998779,0.2765853404998779,47000.0
2024-05-07,0.2765853404998779,0.2765853404998779,0.2765853404998779,0.2765853404998779,53000.0
2024-05-08,0.2863202393054962,0.2863202393054962,0.2863202393054962,0.2863202393054962,27000.0
2024-05-09,0.2863202470468822,0.2863202470468822,0.2773727476596832,0.2773727476596832,50000.0
2024-05-10,0.2773727476596832,0.2818464973532827,0.2773727476596832,0.2773727476596832,123000.0
2024-05-13,0.2728990018367767,0.2728990018367767,0.2728990018367767,0.2728990018367767,10000.0
2024-05-14,0.2728990018367767,0.2728990018367767,0.2728990018367767,0.2728990018367767,43000.0
2024-05-15,0.2773727476596832,0.2773727476596832,0.2773727476596832,0.2773727476596832,25800.0
2024-05-16,0.2728990018367767,0.2728990018367767,0.2728990018367767,0.2728990018367767,3000.0
2024-05-17,0.2773727515938301,0.2773727515938301,0.2728990018367767,0.2728990018367767,42600.0
2024-05-20,0.2728990018367767,0.2728990018367767,0.2684252520797233,0.2728990018367767,447400.0
2024-05-21,0.2684251964092254,0.2684251964092254,0.2639514209143663,0.2684251964092254,220100.0
2024-05-23,0.2684251964092254,0.2684251964092254,0.2639514209143663,0.2684251964092254,55700.0
2024-05-24,0.2639514505863189,0.2639514505863189,0.2639514505863189,0.2639514505863189,50000.0
2024-05-27,0.2639514505863189,0.268425226584095,0.2639514505863189,0.2639514505863189,36400.0
2024-05-28,0.2639514505863189,0.268425226584095,0.2594777012541923,0.2639514505863189,224000.0
2024-05-29,0.2639514505863189,0.268425226584095,0.2639514505863189,0.2639514505863189,174300.0
2024-05-30,0.2639514505863189,0.2639514505863189,0.2639514505863189,0.2639514505863189,60000.0
2024-05-31,0.2639514505863189,0.2639514505863189,0.2639514505863189,0.2639514505863189,0.0
2024-06-03,0.2639514505863189,0.2639514505863189,0.2639514505863189,0.2639514505863189,44000.0
2024-06-04,0.2594777012541923,0.2639514505863189,0.2594777012541923,0.2639514505863189,47000.0
2024-06-05,0.2639514505863189,0.2639514505863189,0.2639514505863189,0.2639514505863189,45900.0
2024-06-06,0.2594777047634125,0.2594777047634125,0.2594777047634125,0.2594777047634125,62000.0
2024-06-07,0.2594777047634125,0.2594777047634125,0.2594777047634125,0.2594777047634125,55000.0
2024-06-10,0.2594777047634125,0.2594777047634125,0.255003955370782,0.2594777047634125,51500.0
2024-06-11,0.2594777047634125,0.2639514541560429,0.2594777047634125,0.2594777047634125,206600.0
2024-06-12,0.2594776720851536,0.2684251964092254,0.2594776720851536,0.2684251964092254,86200.0
2024-06-13,0.2684251964092254,0.2684251964092254,0.2684251964092254,0.2684251964092254,0.0
2024-06-14,0.2684251964092254,0.2684251964092254,0.2684251964092254,0.2684251964092254,0.0
2024-06-18,0.2639514505863189,0.2639514505863189,0.2639514505863189,0.2639514505863189,18000.0
2024-06-19,0.2639514505863189,0.2639514505863189,0.2639514505863189,0.2639514505863189,0.0
2024-06-20,0.2639514541560429,0.2639514541560429,0.2594777047634125,0.2594777047634125,60000.0
2024-06-21,0.2639514505863189,0.2639514505863189,0.2594777012541923,0.2639514505863189,59000.0
2024-06-24,0.2594777047634125,0.2684252302143231,0.2594777047634125,0.2594777047634125,110300.0
2024-06-25,0.255003958940506,0.255003958940506,0.255003958940506,0.255003958940506,1000.0
2024-06-26,0.255003958940506,0.255003958940506,0.255003958940506,0.255003958940506,0.0
2024-06-27,0.2594777047634125,0.2594777047634125,0.2594777047634125,0.2594777047634125,4200.0
2024-06-28,0.259477708395763,0.259477708395763,0.255003958940506,0.255003958940506,25500.0
2024-07-01,0.255003958940506,0.255003958940506,0.255003958940506,0.255003958940506,0.0
2024-07-02,0.2550039519220656,0.2639514505863189,0.2550039519220656,0.2639514505863189,24400.0
2024-07-03,0.2639514505863189,0.2639514505863189,0.2639514505863189,0.2639514505863189,22500.0
2024-07-04,0.2639514505863189,0.2639514505863189,0.2639514505863189,0.2639514505863189,0.0
2024-07-05,0.2639514209143663,0.2684251964092254,0.2639514209143663,0.2684251964092254,110000.0
2024-07-08,0.2639514209143663,0.2684251964092254,0.2639514209143663,0.2684251964092254,123500.0
2024-07-09,0.2639514719132332,0.2773727476596832,0.2639514719132332,0.2773727476596832,71400.0
2024-07-10,0.2773727476596832,0.2773727476596832,0.2773727476596832,0.2773727476596832,0.0
2024-07-11,0.2684252520797233,0.2728990018367767,0.2684252520797233,0.2728990018367767,56200.0
2024-07-12,0.272898965362052,0.286320212839375,0.272898965362052,0.2818464636802673,247700.0
2024-07-15,0.2773727476596832,0.2773727476596832,0.2728989979660837,0.2773727476596832,176000.0
2024-07-16,0.2773727476596832,0.2773727476596832,0.2773727476596832,0.2773727476596832,0.0
2024-07-17,0.2773727476596832,0.2773727476596832,0.2773727476596832,0.2773727476596832,0.0
2024-07-18,0.2773727476596832,0.2773727476596832,0.2773727476596832,0.2773727476596832,9900.0
2024-07-19,0.2773727515938301,0.2773727515938301,0.2728990018367767,0.2728990018367767,6000.0
2024-07-22,0.2728990018367767,0.2728990018367767,0.2728990018367767,0.2728990018367767,700.0
2024-07-23,0.2728990018367767,0.2728990018367767,0.2728990018367767,0.2728990018367767,0.0
2024-07-24,0.2728990018367767,0.2728990018367767,0.2728990018367767,0.2728990018367767,0.0
2024-07-25,0.2728990018367767,0.2728990018367767,0.2728990018367767,0.2728990018367767,0.0
2024-07-26,0.2684252482724842,0.2818464973532827,0.2684252482724842,0.2773727476596832,11600.0
2024-07-29,0.2773727476596832,0.2773727476596832,0.2773727476596832,0.2773727476596832,0.0
2024-07-30,0.2773727476596832,0.2773727476596832,0.2773727476596832,0.2773727476596832,0.0
2024-07-31,0.2728990018367767,0.2728990018367767,0.2728990018367767,0.2728990018367767,20000.0
2024-08-01,0.2728990018367767,0.2728990018367767,0.2728990018367767,0.2728990018367767,0.0
2024-08-02,0.2728989759162217,0.2728989759162217,0.2594777012541923,0.2639514505863189,180500.0
2024-08-05,0.259477708395763,0.2639514578510202,0.255003958940506,0.255003958940506,202900.0
2024-08-06,0.255003958940506,0.255003958940506,0.255003958940506,0.255003958940506,0.0
2024-08-07,0.255003955370782,0.2594777047634125,0.2505302059781516,0.2594777047634125,271800.0
2024-08-08,0.2594777047634125,0.2594777047634125,0.2594777047634125,0.2594777047634125,0.0
2024-08-12,0.2639514505863189,0.2639514505863189,0.2639514505863189,0.2639514505863189,5000.0
2024-08-13,0.2684252302143231,0.2684252302143231,0.255003955370782,0.2594777047634125,114000.0
2024-08-14,0.2594777047634125,0.2594777047634125,0.2594777047634125,0.2594777047634125,0.0
2024-08-15,0.2594777047634125,0.2594777047634125,0.2594777047634125,0.2594777047634125,0.0
2024-08-16,0.2639514209143663,0.2728989452384381,0.2639514209143663,0.2684251964092254,182100.0
2024-08-19,0.2684252482724842,0.2773727476596832,0.2684252482724842,0.2773727476596832,198000.0
2024-08-20,0.2806168493775642,0.2898173928260803,0.2806168493775642,0.2898173928260803,274700.0
2024-08-21,0.2944176793098449,0.2944176793098449,0.2852171354000947,0.2944176793098449,128400.0
2024-08-22,0.2944176642713878,0.303618235130969,0.2944176642713878,0.2990179359912872,176300.0
2024-08-23,0.3036182522773742,0.3036182522773742,0.3036182522773742,0.3036182522773742,214500.0
2024-08-26,0.3036182665649672,0.3082185387611389,0.3036182665649672,0.3082185387611389,64000.0
2024-08-27,0.3082184941105137,0.3128187656402588,0.3082184941105137,0.3128187656402588,117300.0
2024-08-28,0.3174190819263458,0.32661962628312,0.3174190819263458,0.3174190819263458,443600.0
2024-08-29,0.3174190819263458,0.3174190819263458,0.3174190819263458,0.3174190819263458,0.0
2024-08-30,0.3128187656402588,0.3128187656402588,0.3128187656402588,0.3128187656402588,18000.0
2024-09-02,0.2990179359912872,0.2990179359912872,0.2990179359912872,0.2990179359912872,2600.0
2024-09-03,0.3036182225807686,0.3128187656402588,0.3036182225807686,0.3128187656402588,24000.0
2024-09-04,0.3128187962367607,0.3128187962367607,0.2944176808982039,0.3036182522773742,47000.0
2024-09-05,0.3036182522773742,0.3036182522773742,0.3036182522773742,0.3036182522773742,0.0
2024-09-06,0.3128188097479587,0.3220193541047329,0.3128188097479587,0.3174190819263458,357200.0
2024-09-09,0.3174190666507857,0.3220193386077881,0.3174190666507857,0.3220193386077881,10100.0
2024-09-10,0.3220193386077881,0.3220193386077881,0.3220193386077881,0.3220193386077881,0.0
2024-09-11,0.3220193386077881,0.3220193386077881,0.3220193386077881,0.3220193386077881,0.0
2024-09-12,0.2990179359912872,0.2990179359912872,0.2990179359912872,0.2990179359912872,17600.0
2024-09-13,0.3220193691706255,0.3312199413776397,0.3220193691706255,0.3312199413776397,191800.0
2024-09-16,0.3266195952892303,0.3266195952892303,0.3266195952892303,0.3266195952892303,26700.0
2024-09-17,0.3266195952892303,0.3312198944508666,0.3266195952892303,0.3266195952892303,8900.0
2024-09-18,0.3266195952892303,0.3266195952892303,0.3266195952892303,0.3266195952892303,4200.0
2024-09-19,0.3266195952892303,0.3266195952892303,0.3266195952892303,0.3266195952892303,3100.0
2024-09-20,0.3312198944508666,0.3312198944508666,0.3266195952892303,0.3266195952892303,30100.0
2024-09-23,0.3266196415642395,0.3312199413776397,0.3266196415642395,0.3312199413776397,127000.0
2024-09-24,0.3312199413776397,0.3312199413776397,0.3312199413776397,0.3312199413776397,104000.0
2024-09-25,0.3312198964866313,0.340420440026888,0.3312198964866313,0.3358201682567596,10100.0
2024-09-26,0.3266196415642395,0.3312199413776397,0.3266196415642395,0.3312199413776397,4600.0
2024-09-27,0.3312199413776397,0.3312199413776397,0.3312199413776397,0.3312199413776397,210000.0
2024-09-30,0.3312199413776397,0.3312199413776397,0.3312199413776397,0.3312199413776397,80000.0
2024-10-01,0.3312199413776397,0.3312199413776397,0.3312199413776397,0.3312199413776397,18000.0
2024-10-02,0.3312199108026021,0.3404204547405243,0.3312199108026021,0.3404204547405243,74400.0
2024-10-03,0.3358202137712537,0.3358202137712537,0.3312199413776397,0.3312199413776397,30000.0
2024-10-04,0.3312198944508666,0.3312198944508666,0.3266195952892303,0.3266195952892303,32000.0
2024-10-07,0.3312199413776397,0.3312199413776397,0.3312199413776397,0.3312199413776397,19700.0
2024-10-08,0.3312199413776397,0.3312199413776397,0.3312199413776397,0.3312199413776397,0.0
2024-10-09,0.3312198944508666,0.3312198944508666,0.3266195952892303,0.3266195952892303,15600.0
2024-10-10,0.3266195952892303,0.3312198944508666,0.3266195952892303,0.3266195952892303,22600.0
2024-10-11,0.3266195952892303,0.3266195952892303,0.3266195952892303,0.3266195952892303,100.0
2024-10-14,0.3082185387611389,0.3082185387611389,0.3082185387611389,0.3082185387611389,6900.0
2024-10-15,0.3128187800636688,0.3266195952892303,0.3128187800636688,0.3266195952892303,23100.0
2024-10-16,0.32661962628312,0.32661962628312,0.3174190819263458,0.3174190819263458,10200.0
2024-10-17,0.3174190819263458,0.3174190819263458,0.3174190819263458,0.3174190819263458,0.0
2024-10-18,0.3266195952892303,0.3266195952892303,0.3266195952892303,0.3266195952892303,100.0
2024-10-21,0.3266195952892303,0.3266195952892303,0.3266195952892303,0.3266195952892303,200.0
2024-10-22,0.3174190831534823,0.3174190831534823,0.3082185387611389,0.3082185387611389,16100.0
2024-10-23,0.3082185387611389,0.3082185387611389,0.3082185387611389,0.3082185387611389,10000.0
2024-10-24,0.3312199413776397,0.3312199413776397,0.3312199413776397,0.3312199413776397,400.0
2024-10-25,0.3128187656402588,0.3174190371700038,0.3128187656402588,0.3128187656402588,36400.0
2024-10-28,0.3128187962367607,0.3128187962367607,0.3036182522773742,0.3036182522773742,50100.0
2024-10-29,0.3036182522773742,0.3036182522773742,0.3036182522773742,0.3036182522773742,0.0
2024-10-30,0.3036182522773742,0.3036182522773742,0.3036182522773742,0.3036182522773742,0.0
2024-11-01,0.3312199258812922,0.3312199258812922,0.3174190819263458,0.3174190819263458,200.0
2024-11-04,0.2944176656764709,0.3266195952892303,0.2944176656764709,0.3266195952892303,135200.0
2024-11-05,0.3266195952892303,0.3266195952892303,0.3266195952892303,0.3266195952892303,0.0
2024-11-06,0.29441767944599,0.3220193386077881,0.29441767944599,0.3220193386077881,50200.0
2024-11-07,0.3128187656402588,0.3128187656402588,0.3128187656402588,0.3128187656402588,5000.0
2024-11-08,0.3128187656402588,0.3128187656402588,0.3128187656402588,0.3128187656402588,0.0
2024-11-11,0.3036182507797785,0.3220193386077881,0.29441767944599,0.3220193386077881,34800.0
2024-11-12,0.3220193386077881,0.3220193386077881,0.3220193386077881,0.3220193386077881,0.0
2024-11-13,0.3220193386077881,0.3220193386077881,0.3220193386077881,0.3220193386077881,0.0
2024-11-14,0.2990179528778972,0.3036182522773742,0.2990179528778972,0.3036182522773742,26400.0
2024-11-15,0.3036182522773742,0.3036182522773742,0.3036182522773742,0.3036182522773742,0.0
2024-11-18,0.3036182522773742,0.3036182522773742,0.3036182522773742,0.3036182522773742,0.0
2024-11-19,0.3036182522773742,0.3036182522773742,0.3036182522773742,0.3036182522773742,0.0
2024-11-20,0.2990179359912872,0.2990179359912872,0.2990179359912872,0.2990179359912872,3700.0
2024-11-21,0.2990179359912872,0.2990179359912872,0.2990179359912872,0.2990179359912872,0.0
2024-11-22,0.3220193220105668,0.3220193220105668,0.2990179359912872,0.2990179359912872,13200.0
2024-11-25,0.2990179528778972,0.3036182522773742,0.2990179528778972,0.3036182522773742,23600.0
2024-11-26,0.3036182522773742,0.3036182522773742,0.3036182522773742,0.3036182522773742,0.0
2024-11-27,0.3082185375695716,0.3174190819263458,0.3082185375695716,0.3174190819263458,31000.0
2024-11-28,0.3174190819263458,0.3174190819263458,0.3174190819263458,0.3174190819263458,0.0
2024-11-29,0.3174190819263458,0.3174190819263458,0.3174190819263458,0.3174190819263458,0.0
2024-12-02,0.3036182653911845,0.3174190819263458,0.3036182653911845,0.3174190819263458,40100.0
2024-12-03,0.3082185387611389,0.3082185387611389,0.3036182665649672,0.3082185387611389,85500.0
2024-12-04,0.3082185387611389,0.3082185387611389,0.3082185387611389,0.3082185387611389,0.0
2024-12-05,0.3128187656402588,0.3128187656402588,0.3082184941105137,0.3128187656402588,130700.0
2024-12-06,0.3174190518055226,0.3266195952892303,0.3174190518055226,0.3266195952892303,155300.0
2024-12-09,0.3266195952892303,0.3266195952892303,0.3266195952892303,0.3266195952892303,35000.0
2024-12-10,0.3128187785707679,0.3128187785707679,0.2990179359912872,0.2990179359912872,5400.0
2024-12-11,0.2990179359912872,0.2990179359912872,0.2990179359912872,0.2990179359912872,0.0
2024-12-12,0.3266195952892303,0.3266195952892303,0.3266195952892303,0.3266195952892303,100.0
2024-12-13,0.3266195952892303,0.3312198944508666,0.3266195952892303,0.3266195952892303,6900.0
2024-12-16,0.2990179374183248,0.3266195952892303,0.2990179374183248,0.3266195952892303,34100.0
2024-12-17,0.2990179669490104,0.3082185387611389,0.289817422556667,0.3082185387611389,101700.0
2024-12-18,0.3174190371700038,0.3174190371700038,0.3128187656402588,0.3128187656402588,85900.0
2024-12-19,0.3082185387611389,0.3082185387611389,0.3036182665649672,0.3082185387611389,118700.0
2024-12-20,0.3082185387611389,0.3082185387611389,0.3082185387611389,0.3082185387611389,0.0
2024-12-23,0.3128187656402588,0.3128187656402588,0.3128187656402588,0.3128187656402588,13000.0
2024-12-24,0.3128187656402588,0.3128187656402588,0.3128187656402588,0.3128187656402588,0.0
2024-12-26,0.3128188097479587,0.3174190819263458,0.3128188097479587,0.3174190819263458,52100.0
2024-12-27,0.3174190819263458,0.3174190819263458,0.3174190819263458,0.3174190819263458,0.0
2024-12-30,0.3174190819263458,0.3220193541047329,0.3174190819263458,0.3174190819263458,56300.0
2024-12-31,0.3174190666507857,0.3266196105647905,0.3174190666507857,0.3220193386077881,8000.0
2025-01-02,0.3220193386077881,0.3220193386077881,0.3174190666507857,0.3220193386077881,17000.0
2025-01-03,0.3266195952892303,0.3312198944508666,0.3266195952892303,0.3266195952892303,30100.0
2025-01-06,0.3266195952892303,0.3266195952892303,0.3266195952892303,0.3266195952892303,0.0
2025-01-07,0.3266195952892303,0.3266195952892303,0.3266195952892303,0.3266195952892303,0.0
2025-01-08,0.3266195952892303,0.3266195952892303,0.3266195952892303,0.3266195952892303,0.0
2025-01-09,0.3220193235473765,0.3266195952892303,0.3220193235473765,0.3266195952892303,32000.0
2025-01-10,0.32661962628312,0.32661962628312,0.3174190819263458,0.3174190819263458,32800.0
2025-01-13,0.3128187656402588,0.3128187656402588,0.3128187656402588,0.3128187656402588,40000.0
2025-01-14,0.3128187656402588,0.3174190371700038,0.3128187656402588,0.3128187656402588,55000.0
2025-01-15,0.3128187656402588,0.3128187656402588,0.3128187656402588,0.3128187656402588,0.0
2025-01-16,0.3128188097479587,0.3174190819263458,0.3128188097479587,0.3174190819263458,131500.0
2025-01-17,0.3174190819263458,0.3174190819263458,0.3174190819263458,0.3174190819263458,0.0
2025-01-20,0.3174190819263458,0.3174190819263458,0.3174190819263458,0.3174190819263458,0.0
2025-01-21,0.3220193386077881,0.3220193386077881,0.3220193386077881,0.3220193386077881,50000.0
2025-01-22,0.3220193386077881,0.3220193386077881,0.3220193386077881,0.3220193386077881,50000.0
2025-01-23,0.3220193386077881,0.3220193386077881,0.3220193386077881,0.3220193386077881,0.0
2025-01-24,0.3220193386077881,0.3220193386077881,0.3220193386077881,0.3220193386077881,0.0
2025-01-27,0.3220193386077881,0.3220193386077881,0.3220193386077881,0.3220193386077881,0.0
2025-01-28,0.3220193386077881,0.3220193386077881,0.3220193386077881,0.3220193386077881,0.0
2025-01-31,0.3220193386077881,0.3220193386077881,0.3220193386077881,0.3220193386077881,0.0
2025-02-03,0.3220193386077881,0.3220193386077881,0.3220193386077881,0.3220193386077881,100.0
2025-02-04,0.3082185387611389,0.3082185387611389,0.3082185387611389,0.3082185387611389,121200.0
2025-02-05,0.3036182665649672,0.3082185387611389,0.2990179669490104,0.3082185387611389,59900.0
2025-02-06,0.3082185387611389,0.3082185387611389,0.3082185387611389,0.3082185387611389,0.0
2025-02-07,0.3082185387611389,0.3082185387611389,0.3082185387611389,0.3082185387611389,800.0
2025-02-10,0.2990179528778972,0.3082185242570674,0.2990179528778972,0.3036182522773742,169400.0
2025-02-11,0.3036182522773742,0.3036182522773742,0.2944176808982039,0.3036182522773742,189900.0
2025-02-12,0.3036182522773742,0.3036182522773742,0.3036182522773742,0.3036182522773742,0.0
2025-02-13,0.3036182522773742,0.3036182522773742,0.3036182522773742,0.3036182522773742,16500.0
2025-02-14,0.3036182522773742,0.3036182522773742,0.3036182522773742,0.3036182522773742,0.0
2025-02-17,0.3036182522773742,0.3036182522773742,0.3036182522773742,0.3036182522773742,0.0
2025-02-18,0.3036182522773742,0.3036182522773742,0.3036182522773742,0.3036182522773742,100.0
2025-02-19,0.3036182522773742,0.3036182522773742,0.3036182522773742,0.3036182522773742,100.0
2025-02-20,0.3036182522773742,0.3036182522773742,0.3036182522773742,0.3036182522773742,0.0
2025-02-21,0.3036182522773742,0.3036182522773742,0.3036182522773742,0.3036182522773742,0.0
2025-02-24,0.3036182522773742,0.3036182522773742,0.3036182522773742,0.3036182522773742,2900.0
2025-02-25,0.3036182522773742,0.3036182522773742,0.3036182522773742,0.3036182522773742,0.0
2025-02-26,0.3036182522773742,0.3036182522773742,0.3036182522773742,0.3036182522773742,0.0
2025-02-27,0.3036182522773742,0.3036182522773742,0.3036182522773742,0.3036182522773742,17100.0
2025-02-28,0.3128188109573105,0.3174190831534823,0.3082185387611389,0.3082185387611389,160700.0
2025-03-03,0.3082185387611389,0.3082185387611389,0.3036182665649672,0.3082185387611389,29000.0
2025-03-04,0.2944176793098449,0.2990179512647201,0.2944176793098449,0.2944176793098449,148000.0
2025-03-05,0.2990179528778972,0.3036182522773742,0.2944176808982039,0.3036182522773742,66000.0
2025-03-06,0.2990179359912872,0.2990179359912872,0.2990179359912872,0.2990179359912872,24000.0
2025-03-07,0.2990179657930123,0.3174190819263458,0.2944176936146252,0.3174190819263458,53400.0
2025-03-10,0.3082185387611389,0.3082185387611389,0.3082185387611389,0.3082185387611389,30000.0
2025-03-11,0.3036182665649672,0.3082185387611389,0.2990179669490104,0.3082185387611389,110600.0
2025-03-12,0.3082185387611389,0.3082185387611389,0.3082185387611389,0.3082185387611389,70000.0
2025-03-13,0.3082185387611389,0.3174190831534823,0.3082185387611389,0.3082185387611389,32200.0
2025-03-14,0.3036182665649672,0.3128188109573105,0.3036182665649672,0.3082185387611389,25000.0
2025-03-17,0.3082185387611389,0.3082185387611389,0.3036182665649672,0.3082185387611389,20900.0
2025-03-18,0.3082184941105137,0.3128187656402588,0.3036182225807686,0.3128187656402588,30100.0
2025-03-19,0.3128187656402588,0.3128187656402588,0.3128187656402588,0.3128187656402588,5900.0
2025-03-20,0.3174190371700038,0.3174190371700038,0.3128187656402588,0.3128187656402588,4800.0
2025-03-21,0.3128187656402588,0.3128187656402588,0.3128187656402588,0.3128187656402588,0.0
2025-03-24,0.3128187656402588,0.3128187656402588,0.3128187656402588,0.3128187656402588,0.0
2025-03-25,0.3128187656402588,0.3128187656402588,0.3128187656402588,0.3128187656402588,10000.0
2025-03-26,0.3128188097479587,0.3174190819263458,0.3128188097479587,0.3174190819263458,30000.0
2025-03-27,0.3174190819263458,0.3174190819263458,0.3174190819263458,0.3174190819263458,28900.0
2025-03-28,0.3174190819263458,0.3174190819263458,0.3174190819263458,0.3174190819263458,71000.0
2025-04-01,0.3174190518055226,0.3266195952892303,0.3174190518055226,0.3266195952892303,454900.0
2025-04-02,0.3266196415642395,0.3312199413776397,0.3266196415642395,0.3312199413776397,130200.0
2025-04-03,0.3266196105647905,0.3266196105647905,0.3220193386077881,0.3220193386077881,72600.0
2025-04-04,0.3174190831534823,0.3174190831534823,0.3082185387611389,0.3082185387611389,75900.0
2025-04-07,0.2944176793098449,0.2944176793098449,0.2944176793098449,0.2944176793098449,53700.0
2025-04-08,0.2944176793098449,0.2944176793098449,0.2944176793098449,0.2944176793098449,0.0
2025-04-09,0.2944176793098449,0.2944176793098449,0.2944176793098449,0.2944176793098449,0.0
2025-04-10,0.2944176793098449,0.2944176793098449,0.2944176793098449,0.2944176793098449,0.0
2025-04-11,0.2944176793098449,0.2944176793098449,0.2944176793098449,0.2944176793098449,0.0
2025-04-14,0.2944176793098449,0.2944176793098449,0.2944176793098449,0.2944176793098449,0.0
2025-04-15,0.3128188109573105,0.3128188109573105,0.3082185387611389,0.3082185387611389,13200.0
2025-04-16,0.3082185387611389,0.3082185387611389,0.3082185387611389,0.3082185387611389,0.0
2025-04-17,0.3128187656402588,0.3128187656402588,0.3128187656402588,0.3128187656402588,500.0
2025-04-21,0.3036182522773742,0.3036182522773742,0.3036182522773742,0.3036182522773742,30400.0
2025-04-22,0.3036182522773742,0.3036182522773742,0.3036182522773742,0.3036182522773742,0.0
2025-04-23,0.3036182522773742,0.3036182522773742,0.3036182522773742,0.3036182522773742,0.0
2025-04-24,0.3128187656402588,0.3128187656402588,0.3128187656402588,0.3128187656402588,800.0
2025-04-25,0.3174190371700038,0.3174190371700038,0.3128187656402588,0.3128187656402588,300.0
2025-04-28,0.3128187656402588,0.3128187656402588,0.3128187656402588,0.3128187656402588,24900.0
2025-04-29,0.3128187656402588,0.3128187656402588,0.3128187656402588,0.3128187656402588,17600.0
2025-04-30,0.3128187946937833,0.3220193386077881,0.3128187946937833,0.3220193386077881,101600.0
2025-05-02,0.3220193386077881,0.3220193386077881,0.3220193386077881,0.3220193386077881,7700.0
2025-05-05,0.3220193386077881,0.3220193386077881,0.3220193386077881,0.3220193386077881,0.0
2025-05-06,0.3220193386077881,0.3220193386077881,0.3220193386077881,0.3220193386077881,0.0
2025-05-07,0.3174190819263458,0.3174190819263458,0.3174190819263458,0.3174190819263458,29000.0
2025-05-08,0.3306320610291312,0.3306320610291312,0.325908750295639,0.325908750295639,18300.0
2025-05-09,0.325908750295639,0.325908750295639,0.325908750295639,0.325908750295639,100.0
2025-05-13,0.3164621288286547,0.325908750295639,0.3164621288286547,0.325908750295639,14400.0
2025-05-14,0.325908750295639,0.325908750295639,0.325908750295639,0.325908750295639,0.0
2025-05-15,0.325908750295639,0.325908750295639,0.325908750295639,0.325908750295639,0.0
2025-05-16,0.325908750295639,0.325908750295639,0.325908750295639,0.325908750295639,0.0
2025-05-19,0.3211854100227356,0.3211854100227356,0.3211854100227356,0.3211854100227356,5900.0
2025-05-20,0.3211854100227356,0.3211854100227356,0.3211854100227356,0.3211854100227356,0.0
2025-05-21,0.3164621288286547,0.325908750295639,0.3164621288286547,0.325908750295639,4200.0
2025-05-22,0.3211854395621469,0.325908750295639,0.3211854395621469,0.325908750295639,20500.0
2025-05-23,0.3259087203218251,0.3259087203218251,0.3164620997236461,0.3211854100227356,2700.0
2025-05-26,0.3211854100227356,0.3211854100227356,0.3211854100227356,0.3211854100227356,100.0
2025-05-27,0.3211854100227356,0.3211854100227356,0.3211854100227356,0.3211854100227356,0.0
2025-05-28,0.325908750295639,0.325908750295639,0.3164621288286547,0.325908750295639,70800.0
2025-05-29,0.3117387894245566,0.3211854100227356,0.3117387894245566,0.3211854100227356,17200.0
2025-05-30,0.3211854100227356,0.3211854100227356,0.3211854100227356,0.3211854100227356,0.0
2025-06-02,0.3117388188838959,0.3117388188838959,0.3117388188838959,0.3117388188838959,10000.0
2025-06-03,0.3117388188838959,0.3117388188838959,0.3117388188838959,0.3117388188838959,0.0
2025-06-04,0.3117388188838959,0.3117388188838959,0.3117388188838959,0.3117388188838959,0.0
2025-06-05,0.3211854100227356,0.3211854100227356,0.3211854100227356,0.3211854100227356,200.0
2025-06-06,0.3211854100227356,0.3211854100227356,0.3211854100227356,0.3211854100227356,0.0
2025-06-09,0.3164620997236461,0.3211854100227356,0.3164620997236461,0.3211854100227356,40100.0
2025-06-10,0.3164621288286547,0.325908750295639,0.3164621288286547,0.325908750295639,11200.0
2025-06-11,0.3164620997236461,0.3211854100227356,0.3117387894245566,0.3211854100227356,46200.0
2025-06-12,0.3211854100227356,0.3211854100227356,0.3211854100227356,0.3211854100227356,0.0
2025-06-13,0.3117387894245566,0.3211854100227356,0.3117387894245566,0.3211854100227356,26100.0
2025-06-16,0.3117387894245566,0.3211854100227356,0.3117387894245566,0.3211854100227356,70300.0
2025-06-17,0.3211854395621469,0.325908750295639,0.3211854395621469,0.325908750295639,41400.0
2025-06-18,0.3259087508371574,0.3259087508371574,0.3164621293544769,0.3164621293544769,20600.0
2025-06-19,0.3164621293544769,0.3164621293544769,0.3164621293544769,0.3164621293544769,0.0
2025-06-20,0.3164621293544769,0.3164621293544769,0.3164621293544769,0.3164621293544769,0.0
2025-06-23,0.3117388186131367,0.3164621293544769,0.3117388186131367,0.3164621293544769,900.0
2025-06-24,0.3164621293544769,0.3164621293544769,0.3164621293544769,0.3164621293544769,0.0
2025-06-25,0.3117387894245566,0.3211854100227356,0.3117387894245566,0.3211854100227356,162000.0
2025-06-26,0.3211854100227356,0.3211854100227356,0.3211854100227356,0.3211854100227356,0.0
2025-06-27,0.3259087203218251,0.3259087203218251,0.3211854100227356,0.3211854100227356,20100.0
2025-06-30,0.3211854100227356,0.3211854100227356,0.3211854100227356,0.3211854100227356,25200.0
2025-07-01,0.3211854393067475,0.3306320607662201,0.3211854393067475,0.3306320607662201,246000.0
2025-07-02,0.325908750295639,0.3306320610291312,0.325908750295639,0.325908750295639,208800.0
2025-07-03,0.3259087500364838,0.3306320607662201,0.3259087500364838,0.3306320607662201,65100.0
2025-07-04,0.3306320607662201,0.3353553714959564,0.3306320607662201,0.3306320607662201,20400.0
2025-07-07,0.3306320610291312,0.3306320610291312,0.325908750295639,0.325908750295639,88000.0
2025-07-08,0.3306320607662201,0.3353553714959564,0.3306320607662201,0.3306320607662201,195100.0
2025-07-09,0.335355372083672,0.3495253324508667,0.335355372083672,0.3495253324508667,382100.0
2025-07-10,0.3495253025113901,0.3495253025113901,0.3448019921779632,0.3448019921779632,72800.0
2025-07-11,0.3542486131191253,0.3542486131191253,0.3542486131191253,0.3542486131191253,55000.0
2025-07-14,0.3636952636088914,0.382588534659242,0.3636952636088914,0.3684185743331909,840400.0
2025-07-15,0.3684185743331909,0.373141913210643,0.3684185743331909,0.3684185743331909,148000.0
2025-07-16,0.3684185463891176,0.3825885056403955,0.3684185463891176,0.377865195274353,408600.0
2025-07-17,0.3778652239349425,0.3778652239349425,0.3684185743331909,0.3684185743331909,51800.0
2025-07-18,0.3684185745902044,0.3684185745902044,0.3589719531350153,0.3636952638626098,195400.0
2025-07-21,0.358971952884592,0.373141913210643,0.358971952884592,0.3684185743331909,254800.0
2025-07-22,0.3684185743331909,0.3684185743331909,0.3684185743331909,0.3684185743331909,105300.0
2025-07-23,0.3731419135728795,0.3920351564884186,0.3731419135728795,0.3920351564884186,673800.0
2025-07-24,0.3920351564884186,0.3920351564884186,0.3873118457595338,0.3920351564884186,322600.0
2025-07-25,0.3873118455073802,0.401481805837962,0.3873118455073802,0.3967584669589996,625600.0
2025-07-28,0.3967584669589996,0.3967584669589996,0.3967584669589996,0.3967584669589996,0.0
2025-07-29,0.3920351564884186,0.3920351564884186,0.3778652243017643,0.3920351564884186,141100.0
2025-07-30,0.3920351567498723,0.3920351567498723,0.377865224553768,0.3873118460178375,110200.0
2025-07-31,0.3778652253480578,0.3825885360900212,0.3684185757109782,0.3731419146060943,78700.0
2025-08-01,0.3731419134709515,0.3731419134709515,0.3636952638626098,0.3636952638626098,52300.0
2025-08-04,0.3636952636088914,0.3684185743331909,0.3636952636088914,0.3684185743331909,100300.0
2025-08-05,0.3731418849083106,0.377865195274353,0.3731418849083106,0.377865195274353,157700.0
2025-08-06,0.377865195274353,0.377865195274353,0.3731418849083106,0.377865195274353,47800.0
2025-08-07,0.3778652239349425,0.3778652239349425,0.3684185743331909,0.3684185743331909,289100.0
2025-08-08,0.373141913210643,0.373141913210643,0.3684185743331909,0.3684185743331909,52600.0
2025-08-11,0.3684185757109782,0.3731419146060943,0.3684185757109782,0.3731419146060943,170800.0
2025-08-12,0.3636952636088914,0.3684185743331909,0.349525331435993,0.3684185743331909,239400.0
2025-08-13,0.3636952638626098,0.3684185745902044,0.3542486424074208,0.3636952638626098,118900.0
2025-08-14,0.3636952337932939,0.3636952337932939,0.3542486131191253,0.3542486131191253,323300.0
2025-08-15,0.3542486131191253,0.3636952337932939,0.3542486131191253,0.3542486131191253,235100.0
2025-08-18,0.3542486421602925,0.3684185743331909,0.3542486421602925,0.3684185743331909,134000.0
2025-08-19,0.3684185745902044,0.3684185745902044,0.3636952638626098,0.3636952638626098,284200.0
2025-08-20,0.3668579836886382,0.3716850578784942,0.3668579836886382,0.3716850578784942,98000.0
2025-08-21,0.371685036323387,0.3765121102333069,0.371685036323387,0.3765121102333069,246000.0
2025-08-22,0.3765121102333069,0.3813392129148567,0.3765121102333069,0.3765121102333069,157800.0
2025-08-25,0.3765121142448189,0.3958204388618469,0.3765121142448189,0.3958204388618469,497900.0
2025-08-26,0.3909933649004975,0.3958204388618469,0.3861662909391481,0.3958204388618469,32500.0
2025-08-27,0.3861663043498993,0.3909933784788829,0.3765121273203006,0.3861663043498993,91900.0
2025-08-28,0.3813392302209156,0.3909933784788829,0.3813392302209156,0.3861663043498993,52800.0
2025-08-29,0.3909933784788829,0.3909933784788829,0.3861663043498993,0.3861663043498993,12700.0
2025-09-01,0.3861663122789378,0.3958204607351308,0.3861663122789378,0.3909933865070343,155200.0
2025-09-02,0.3861663122789378,0.3909933865070343,0.3861663122789378,0.3909933865070343,257300.0
2025-09-03,0.3909933865070343,0.3909933865070343,0.3909933865070343,0.3909933865070343,1010000.0
2025-09-04,0.3909933865070343,0.3958204607351308,0.3909933865070343,0.3909933865070343,75000.0
2025-09-05,0.3958204607351308,0.3958204607351308,0.3909933865070343,0.3909933865070343,169300.0
2025-09-08,0.3958204348252537,0.4151287592453747,0.3958204348252537,0.4103016853332519,907500.0
2025-09-09,0.4103016853332519,0.4151287592453747,0.4006475087373765,0.4103016853332519,281200.0
2025-09-10,0.4103016853332519,0.4103016853332519,0.4103016853332519,0.4103016853332519,86100.0
2025-09-11,0.4103016853332519,0.4199558331574974,0.4103016853332519,0.4103016853332519,383200.0
2025-09-12,0.4103016853332519,0.4151287592453747,0.4103016853332519,0.4103016853332519,199300.0
2025-09-15,0.4103016934823921,0.4151287674903869,0.4103016934823921,0.4151287674903869,232100.0
2025-09-16,0.4151287674903869,0.4151287674903869,0.4103016934823921,0.4151287674903869,285600.0
2025-09-17,0.4103017061042354,0.4103017061042354,0.4054746031761169,0.4054746031761169,82300.0
2025-09-18,0.4054745649176895,0.4054745649176895,0.4006474912166595,0.4006474912166595,54700.0
2025-09-19,0.4054745867845458,0.4054745867845458,0.3958204388618469,0.3958204388618469,131000.0
2025-09-22,0.4103016895175255,0.4103016895175255,0.3958204388618469,0.3958204388618469,52200.0
2025-09-23,0.4054745649176895,0.4054745649176895,0.3909933438145996,0.4006474912166595,186600.0
2025-09-24,0.4006475349632273,0.4006475349632273,0.3909933865070343,0.3909933865070343,10100.0
2025-09-25,0.3958204175156296,0.4054745649176895,0.3958204175156296,0.4006474912166595,80800.0
2025-09-26,0.3958204175156296,0.4006474912166595,0.3909933438145996,0.4006474912166595,20100.0
2025-09-29,0.4006474912166595,0.4006474912166595,0.4006474912166595,0.4006474912166595,20000.0
2025-09-30,0.3958204175156296,0.4006474912166595,0.3958204175156296,0.4006474912166595,38800.0
2025-10-01,0.4006474912166595,0.4054745649176895,0.4006474912166595,0.4006474912166595,3300.0
2025-10-02,0.4006474912166595,0.4006474912166595,0.3909933438145996,0.4006474912166595,89300.0
2025-10-03,0.3958204175156296,0.4006474912166595,0.3958204175156296,0.4006474912166595,63500.0
2025-10-06,0.4006475290196299,0.4151287802607224,0.4006475290196299,0.4054746031761169,195500.0
2025-10-07,0.4006475290196299,0.4054746031761169,0.3958204548631429,0.4054746031761169,19100.0
2025-10-08,0.4054745826494992,0.4151287592453747,0.4054745826494992,0.4103016853332519,32400.0
2025-10-09,0.4006475087373765,0.4103016853332519,0.4006475087373765,0.4103016853332519,63200.0
2025-10-10,0.4006475166947718,0.4199558414983818,0.4006475166947718,0.4151287674903869,162400.0
2025-10-13,0.4006475290196299,0.4054746031761169,0.4006475290196299,0.4054746031761169,63000.0
2025-10-14,0.4054746031761169,0.4054746031761169,0.3958204548631429,0.4054746031761169,88900.0
2025-10-15,0.4006474912166595,0.4054745649176895,0.4006474912166595,0.4006474912166595,37100.0
2025-10-16,0.4006474912166595,0.4006474912166595,0.4006474912166595,0.4006474912166595,11000.0
2025-10-17,0.400647508554536,0.400647508554536,0.3765121102333069,0.3765121102333069,396800.0
2025-10-21,0.376512119393772,0.3909933702474875,0.376512119393772,0.3813392221927643,153100.0
2025-10-22,0.3813392221927643,0.3813392221927643,0.3813392221927643,0.3813392221927643,12200.0
2025-10-23,0.3861663043498993,0.3861663043498993,0.3861663043498993,0.3861663043498993,15200.0
2025-10-24,0.3861663043498993,0.3861663043498993,0.3861663043498993,0.3861663043498993,1000.0
2025-10-27,0.3861663065501689,0.4054746031761169,0.3861663065501689,0.4054746031761169,116000.0
2025-10-28,0.3958204548631429,0.4054746031761169,0.3958204548631429,0.4054746031761169,15100.0
2025-10-29,0.4054746031761169,0.4054746031761169,0.4054746031761169,0.4054746031761169,0.0
2025-10-30,0.4006474912166595,0.4006474912166595,0.4006474912166595,0.4006474912166595,30500.0
2025-10-31,0.4006474912166595,0.4006474912166595,0.4006474912166595,0.4006474912166595,0.0
2025-11-03,0.4006475290196299,0.4054746031761169,0.4006475290196299,0.4054746031761169,52000.0
2025-11-04,0.4054746091913239,0.4054746091913239,0.3909933865070343,0.3909933865070343,107100.0
2025-11-05,0.3909933865070343,0.3909933865070343,0.3909933865070343,0.3909933865070343,3000.0
2025-11-06,0.3909933865070343,0.3909933865070343,0.3909933865070343,0.3909933865070343,200.0
2025-11-07,0.3909933865070343,0.3909933865070343,0.3909933865070343,0.3909933865070343,500.0
2025-11-10,0.3909933438145996,0.4006474912166595,0.3909933438145996,0.4006474912166595,18200.0
2025-11-11,0.4006475349632273,0.4006475349632273,0.3909933865070343,0.3909933865070343,135300.0
2025-11-12,0.3861663122789378,0.3909933865070343,0.3861663122789378,0.3909933865070343,12800.0
2025-11-13,0.3909933807066559,0.4054746031761169,0.3861663065501689,0.4054746031761169,81100.0
2025-11-14,0.3958204607351308,0.3958204607351308,0.3909933865070343,0.3909933865070343,45000.0
2025-11-17,0.3958204548631429,0.4054746031761169,0.3958204548631429,0.4054746031761169,1100.0
2025-11-18,0.4054746091913239,0.4054746091913239,0.3909933865070343,0.3909933865070343,20800.0
2025-11-19,0.3909933865070343,0.3909933865070343,0.3909933865070343,0.3909933865070343,700.0
2025-11-20,0.3909933784788829,0.3909933784788829,0.3861663043498993,0.3861663043498993,10200.0
2025-11-21,0.3861662962201259,0.3861662962201259,0.376512119393772,0.3813392221927643,146600.0
2025-11-24,0.3765121273203006,0.3909933784788829,0.3765121273203006,0.3861663043498993,8000.0
2025-11-25,0.3861663043498993,0.3909933784788829,0.3861663043498993,0.3861663043498993,40300.0
2025-11-26,0.3861663043498993,0.3861663043498993,0.3861663043498993,0.3861663043498993,0.0
2025-11-27,0.3958204388618469,0.3958204388618469,0.3958204388618469,0.3958204388618469,1400.0
2025-11-28,0.3861663043498993,0.3909933784788829,0.3813392302209156,0.3861663043498993,97400.0
2025-12-01,0.3861663043498993,0.3861663043498993,0.3861663043498993,0.3861663043498993,15000.0
2025-12-02,0.3861663043498993,0.3861663043498993,0.3861663043498993,0.3861663043498993,0.0
2025-12-03,0.3861663122789378,0.3909933865070343,0.3861663122789378,0.3909933865070343,29600.0
2025-12-04,0.4054745649176895,0.4054745649176895,0.3909933438145996,0.4006474912166595,49600.0
2025-12-05,0.4054745867845458,0.4054745867845458,0.3958204388618469,0.3958204388618469,179700.0
2025-12-08,0.4006475320670131,0.424782931804657,0.4006475320670131,0.424782931804657,1019100.0
2025-12-09,0.4247829270856968,0.4489183265552178,0.4247829270856968,0.439264178276062,1142100.0
2025-12-10,0.4392641862064718,0.4489183346599222,0.4247829347546643,0.444091260433197,1009800.0
2025-12-11,0.4344370663166046,0.4392641691272773,0.4344370663166046,0.4344370663166046,55000.0
2025-12-12,0.4392641691272773,0.4440912431663192,0.4296099922775626,0.4344370663166046,92600.0
2025-12-15,0.4344370663166046,0.4344370663166046,0.4247829182385207,0.4344370663166046,103800.0
2025-12-16,0.434437058107297,0.434437058107297,0.4247829102116421,0.4296099841594696,131700.0
2025-12-17,0.4296099841594696,0.4296099841594696,0.4296099841594696,0.4296099841594696,31800.0
2025-12-18,0.4296099841594696,0.4296099841594696,0.4296099841594696,0.4296099841594696,0.0
2025-12-19,0.4296100059978593,0.4296100059978593,0.424782931804657,0.424782931804657,58100.0
2025-12-22,0.4344370753648527,0.4489183265552178,0.4344370753648527,0.439264178276062,316400.0
2025-12-23,0.4392641691272773,0.4392641691272773,0.4247829182385207,0.4344370663166046,409300.0
2025-12-24,0.4344370801910618,0.4344370801910618,0.424782931804657,0.424782931804657,19900.0
2025-12-26,0.4344370801910618,0.4344370801910618,0.424782931804657,0.424782931804657,6100.0
2025-12-29,0.4296099922775626,0.4344370663166046,0.4296099922775626,0.4344370663166046,53100.0
2025-12-30,0.4296099841594696,0.4296099841594696,0.4296099841594696,0.4296099841594696,20000.0
2025-12-31,0.4296099841594696,0.4296099841594696,0.4296099841594696,0.4296099841594696,0.0
2026-01-02,0.4247829102116421,0.4296099841594696,0.4247829102116421,0.4296099841594696,4500.0
2026-01-05,0.434437058107297,0.434437058107297,0.4296099841594696,0.4296099841594696,86000.0
2026-01-06,0.4344370801910618,0.4344370801910618,0.424782931804657,0.424782931804657,18000.0
2026-01-07,0.4296100059978593,0.4296100059978593,0.424782931804657,0.424782931804657,120000.0
2026-01-08,0.4247829155063767,0.4247829155063767,0.4103016934823921,0.4151287674903869,326500.0
2026-01-09,0.4151287674903869,0.4151287674903869,0.4151287674903869,0.4151287674903869,0.0
2026-01-12,0.4103016934823921,0.4151287674903869,0.4103016934823921,0.4151287674903869,98500.0
2026-01-13,0.4151287674903869,0.4151287674903869,0.4151287674903869,0.4151287674903869,40000.0
2026-01-14,0.4151287674903869,0.4151287674903869,0.4151287674903869,0.4151287674903869,1000.0
2026-01-15,0.4151287674903869,0.4151287674903869,0.4103016934823921,0.4151287674903869,38700.0
2026-01-16,0.415128778806541,0.4489183265552178,0.415128778806541,0.439264178276062,577100.0
2026-01-19,0.4392641608267548,0.4392641608267548,0.4296099841594696,0.4296099841594696,425400.0
2026-01-20,0.4344370753648527,0.4489183265552178,0.4344370753648527,0.439264178276062,492300.0
2026-01-21,0.4392641597757047,0.4633995294570923,0.4392641597757047,0.4633995294570923,699000.0
2026-01-22,0.4633995386132647,0.4730537154482039,0.4633995386132647,0.4682266414165497,370600.0
2026-01-23,0.4682266321649999,0.4682266321649999,0.4633995294570923,0.4633995294570923,28400.0
2026-01-26,0.4633995386132647,0.4730537154482039,0.4633995386132647,0.4682266414165497,161400.0
2026-01-27,0.4682266199609001,0.4730536937713623,0.4682266199609001,0.4730536937713623,200600.0
2026-01-28,0.4778808057308197,0.4778808057308197,0.4730537315350145,0.4778808057308197,157700.0
2026-01-29,0.477880789479858,0.4827078635115123,0.4682266414165497,0.4682266414165497,270500.0
2026-01-30,0.4682266414165497,0.4682266414165497,0.4585724645816105,0.4682266414165497,68500.0
2026-02-02,0.4730537315350145,0.4875349541224301,0.4633995543717725,0.4778808057308197,699400.0
2026-02-03,0.4778807921260015,0.4875349402427673,0.4730537180676186,0.4875349402427673,307000.0
2026-02-04,0.48753494826212,0.4971890965376847,0.4778807999865552,0.4923620223999023,284700.0
2026-02-05,0.4923620143011502,0.4923620143011502,0.4875349402427673,0.4875349402427673,114200.0
2026-02-06,0.4875349320630278,0.4875349320630278,0.4730537101308414,0.4827078580856323,441300.0
2026-02-09,0.4827078580856323,0.4827078580856323,0.4730537101308414,0.4827078580856323,201300.0
2026-02-10,0.4827078661843844,0.4875349402427673,0.4730537180676186,0.4875349402427673,55400.0
2026-02-11,0.4778808057308197,0.4827078799266249,0.4778808057308197,0.4778808057308197,80000.0
2026-02-12,0.4778808057308197,0.4778808057308197,0.4778808057308197,0.4778808057308197,5000.0
2026-02-13,0.4730536937713623,0.4730536937713623,0.4730536937713623,0.4730536937713623,75100.0
2026-02-16,0.4730536937713623,0.4730536937713623,0.4730536937713623,0.4730536937713623,1200.0
2026-02-19,0.4778808057308197,0.4827078799266249,0.4682266573392094,0.4778808057308197,101200.0
2026-02-20,0.4730537101308414,0.4827078580856323,0.4682266361534459,0.4827078580856323,19600.0
2026-02-23,0.4827078580856323,0.4827078580856323,0.4827078580856323,0.4827078580856323,0.0
2026-02-24,0.4778808057308197,0.4827078799266249,0.4682266573392094,0.4778808057308197,10300.0
2026-02-25,0.4778807921260015,0.4875349402427673,0.4778807921260015,0.4875349402427673,67300.0
2026-02-26,0.4827078539738324,0.4827078539738324,0.4633995294570923,0.4633995294570923,193700.0
2026-02-27,0.4633995543717725,0.4827078799266249,0.4585724801759673,0.4778808057308197,179300.0
2026-03-02,0.4633995386132647,0.4730537154482039,0.4633995386132647,0.4682266414165497,130300.0
2026-03-03,0.4633995512657302,0.4682266542008124,0.453745402938829,0.4585724771022796,419800.0
2026-03-04,0.4537454006947958,0.4633995489739516,0.4344370753648527,0.439264178276062,170900.0
2026-03-05,0.444091260433197,0.4537454088866474,0.4392641862064718,0.444091260433197,153300.0
2026-03-06,0.4344370832081147,0.4537454088866474,0.4344370832081147,0.444091260433197,196200.0
2026-03-09,0.444091238796466,0.4537453867795532,0.4344370620417484,0.4489183127880096,172800.0
2026-03-10,0.4537453815845372,0.4633995294570923,0.4537453815845372,0.4633995294570923,78400.0
2026-03-11,0.453745402938829,0.4585724771022796,0.453745402938829,0.4585724771022796,32000.0
2026-03-12,0.4633995386132647,0.4827078635115123,0.4633995386132647,0.4682266414165497,223300.0
2026-03-13,0.4730537180676186,0.502016162417916,0.4730537180676186,0.4875349402427673,307700.0
2026-03-16,0.4923620143011502,0.5068432364762989,0.4875349402427673,0.4875349402427673,302600.0
2026-03-17,0.4923620008284176,0.5068432226073099,0.4923620008284176,0.4971890747547149,337300.0
2026-03-18,0.5020161271095276,0.5068432008284071,0.4971890533906481,0.5020161271095276,181500.0
2026-03-19,0.5020161486810124,0.5020161486810124,0.4875349269021201,0.4971890747547149,128900.0
2026-03-20,0.4923620060404232,0.4923620060404232,0.4827078580856323,0.4827078580856323,153000.0
2026-03-23,0.4827078413922866,0.4827078413922866,0.4682266199609001,0.4730536937713623,265400.0
2026-03-24,0.4778808057308197,0.4827078799266249,0.4778808057308197,0.4778808057308197,22600.0
2026-03-25,0.4778807841082368,0.4875349320630278,0.4778807841082368,0.4827078580856323,101400.0
2026-03-26,0.4827078539738324,0.4827078539738324,0.4633995294570923,0.4633995294570923,111500.0
2026-03-27,0.4633995126655538,0.4682266151985488,0.4537453651428222,0.4537453651428222,224200.0
2026-03-30,0.4537453651428222,0.4537453651428222,0.4537453651428222,0.4537453651428222,0.0
2026-03-31,0.4537453697578842,0.4778807675818244,0.4537453697578842,0.4730536937713623,338300.0
2026-04-01,0.4778808057308197,0.4778808057308197,0.4730537315350145,0.4778808057308197,63700.0
2026-04-02,0.4778807841082368,0.4827078580856323,0.4682266361534459,0.4827078580856323,66700.0
2026-04-06,0.4827078580856323,0.4923620060404232,0.4730537101308414,0.4827078580856323,211200.0
2026-04-07,0.4827078741243376,0.4923620223999023,0.4827078741243376,0.4923620223999023,95800.0
2026-04-08,0.4923619878689314,0.5116702830659063,0.4923619878689314,0.5068432092666626,334700.0
2026-04-09,0.5116702745472865,0.5116702745472865,0.4971890533906481,0.5020161271095276,44900.0
2026-04-10,0.5020161436676142,0.5116702914237976,0.5020161436676142,0.5116702914237976,62800.0
2026-04-13,0.5164974144084088,0.5213244882076525,0.5020161354674189,0.5068432092666626,91000.0
2026-04-14,0.5068432276928544,0.5213245071603085,0.5068432276928544,0.5164974331855774,186000.0
2026-04-15,0.526151613274933,0.5406328360837097,0.5213245390053407,0.5358057618141174,467900.0
2026-04-16,0.5406328280527571,0.5454599022506446,0.526151605459095,0.5309786796569824,329600.0
2026-04-17,0.5309786796569824,0.5309786796569824,0.526151605459095,0.5309786796569824,72500.0
2026-04-20,0.5309786716247142,0.5309786716247142,0.5261515974998474,0.5261515974998474,130700.0
2026-04-21,0.526151613274933,0.5454599103533019,0.526151613274933,0.5358057618141174,136200.0
2026-04-22,0.5406327926420222,0.5599410881689039,0.5406327926420222,0.5454598665237427,344400.0
2026-04-23,0.5454598665237427,0.5502869404054631,0.5406327926420222,0.5454598665237427,118500.0
2026-04-24,0.5454598984937216,0.5695952693169231,0.5454598984937216,0.5647681951522827,766100.0
2026-04-27,0.5695952693169231,0.5792494751894667,0.5551140468230021,0.5647681951522827,537700.0
2026-04-28,0.564768154292471,0.5792494332819642,0.564768154292471,0.5744223594665527,302600.0
2026-04-29,0.5744223838763509,0.5937306799584934,0.5744223838763509,0.5889036059379578,496200.0
2026-04-30,0.5889035893935393,0.593730663278465,0.574422367738762,0.5792494416236877,197100.0
2026-05-04,0.5792494813302937,0.6082119266251766,0.5792494813302937,0.6033848524093628,425600.0
2026-05-05,0.6033848524093628,0.6082119266251766,0.598557778193549,0.6033848524093628,197600.0
2026-05-06,0.6082119185557697,0.6082119185557697,0.5985577702522278,0.5985577702522278,90500.0
2026-05-07,0.5992896907202067,0.6189385138395209,0.594377484940378,0.6140263080596924,130900.0
2026-05-08,0.6140262886275336,0.6140262886275336,0.5894652605056763,0.5894652605056763,150700.0
2026-05-11,0.5894652757827553,0.5943774815344356,0.579640805721283,0.579640805721283,155300.0
2026-05-12,0.5747286081314087,0.5796408139528479,0.5649041964885302,0.5747286081314087,371500.0
2026-05-13,0.569816366787565,0.569816366787565,0.5599919557571411,0.5599919557571411,146500.0
2026-05-14,0.5550798010224666,0.5649042129516602,0.5550798010224666,0.5649042129516602,85100.0
2026-05-15,0.564904161272353,0.564904161272353,0.5599919557571411,0.5599919557571411,60400.0
2026-05-18,0.5747286081314087,0.5747286081314087,0.5747286081314087,0.5747286081314087,56300.0
2026-05-19,0.5747286164339354,0.5747286164339354,0.5698164105415344,0.5698164105415344,22000.0
2026-05-20,0.5599919718908639,0.5649041775475997,0.5501675605773926,0.5501675605773926,219300.0
2026-05-21,0.5550797662341282,0.5550797662341282,0.5501675605773926,0.5501675605773926,114700.0
2026-05-22,0.5501675950578697,0.5649042129516602,0.5501675950578697,0.5649042129516602,131800.0
2026-05-25,0.5649041964885302,0.5747286081314087,0.5649041964885302,0.5747286081314087,153900.0
2026-05-26,0.5747286248808537,0.5747286248808537,0.5649042129516602,0.5649042129516602,105100.0
2026-05-27,0.5649042129516602,0.5649042129516602,0.5649042129516602,0.5649042129516602,0.0
2026-05-28,0.5649042046491334,0.5698164105415344,0.5550797928643314,0.5698164105415344,189100.0
2026-05-29,0.5698164189162569,0.5698164189162569,0.5599920069870633,0.5649042129516602,97000.0
2026-06-02,0.564904161272353,0.564904161272353,0.5550797502419291,0.5599919557571411,67100.0
2026-06-03,0.5599919557571411,0.5599919557571411,0.5599919557571411,0.5599919557571411,81800.0
2026-06-04,0.5550797744463384,0.5550797744463384,0.5452553629875183,0.5452553629875183,133600.0
2026-06-05,0.5452553629875183,0.5452553629875183,0.5452553629875183,0.5452553629875183,15100.0
2026-06-08,0.540343173686529,0.5452553795652881,0.5354309678077698,0.5354309678077698,114100.0
2026-06-09,0.5354309595942383,0.540343165397644,0.5354309595942383,0.540343165397644,6600.0
2026-06-10,0.5403431821289116,0.5403431821289116,0.5305187702178955,0.5305187702178955,46100.0
2026-06-11,0.5305187702178955,0.5354309761734035,0.5305187702178955,0.5305187702178955,12400.0
2026-06-12,0.5305187537908326,0.540343165397644,0.5305187537908326,0.540343165397644,16600.0
2026-06-15,0.5354309515286982,0.5452553629875183,0.5305187457992881,0.5452553629875183,42200.0
2026-06-16,0.5452553629875183,0.5452553629875183,0.5403431572581082,0.5452553629875183,164900.0
2026-06-17,0.5452553629875183,0.5452553629875183,0.5452553629875183,0.5452553629875183,10000.0
2026-06-18,0.5452553712010498,0.5452553712010498,0.540343165397644,0.540343165397644,19700.0
2026-06-19,0.5354309678077698,0.5354309678077698,0.5354309678077698,0.5354309678077698,13100.0
2026-06-22,0.5354309515286982,0.5550797744463384,0.5354309515286982,0.5452553629875183,11100.0
2026-06-23,0.5452553880844196,0.5452553880844196,0.5305187702178955,0.5305187702178955,21000.0
2026-06-24,0.5305187537908326,0.540343165397644,0.5305187537908326,0.540343165397644,2300.0
2026-06-25,0.540343165397644,0.540343165397644,0.540343165397644,0.540343165397644,30500.0
2026-06-26,0.5305187254693059,0.5305187254693059,0.5206942558288574,0.5206942558288574,106900.0
2026-06-29,0.5206942638558794,0.5206942638558794,0.5157820582389832,0.5157820582389832,81600.0
2026-06-30,0.5157820937932573,0.5354309761734035,0.5157820937932573,0.5305187702178955,13400.0
2026-07-01,0.5305187619290106,0.540343173686529,0.5305187619290106,0.5354309678077698,86400.0
2026-07-02,0.5354309678077698,0.5354309678077698,0.5354309678077698,0.5354309678077698,1000.0
2026-07-03,0.5354309595942383,0.540343165397644,0.5354309595942383,0.540343165397644,8600.0
2026-07-06,0.5305187537908326,0.540343165397644,0.5305187537908326,0.540343165397644,35100.0
2026-07-07,0.540343165397644,0.540343165397644,0.540343165397644,0.540343165397644,45000.0
2026-07-08,0.5403431821289116,0.5403431821289116,0.5305187702178955,0.5305187702178955,20800.0
2026-07-09,0.5354309595942383,0.540343165397644,0.5354309595942383,0.540343165397644,1400.0
2026-07-10,0.5206942558288574,0.5206942558288574,0.5206942558288574,0.5206942558288574,32900.0
2026-07-13,0.5305187185000158,0.535430923976655,0.5256065130233765,0.5256065130233765,2800.0
2026-07-14,0.5206942489886288,0.5305187185000158,0.5206942489886288,0.5256065130233765,8100.0
2026-07-15,0.5256065130233765,0.535430923976655,0.5256065130233765,0.5256065130233765,3900.0
2026-07-16,0.5256065642623875,0.5354309761734035,0.5256065642623875,0.5305187702178955,30500.0
2026-07-17,0.5305187702178955,0.5305187702178955,0.5305187702178955,0.5305187702178955,0.0
2026-07-20,0.5305187702178955,0.5305187702178955,0.5305187702178955,0.5305187702178955,0.0
2026-07-21,0.5256065199281362,0.5403431365516452,0.5206942558288574,0.5206942558288574,21600.0
2026-07-22,0.5206942558288574,0.5206942558288574,0.5206942558288574,0.5206942558288574,0.0
2026-07-23,0.5157820502876878,0.5206942558288574,0.5157820502876878,0.5206942558288574,8900.0
2026-07-24,0.5206942997487654,0.5305187702178955,0.5206942997487654,0.5305187702178955,5200.0
2026-07-27,0.5206942558288574,0.5354309310104756,0.5206942558288574,0.5206942558288574,35200.0
2026-07-28,0.5206942558288574,0.5354309310104756,0.5206942558288574,0.5206942558288574,3200.0
2026-07-29,0.5157820582389832,0.5206942638558794,0.510869852622087,0.5157820582389832,72500.0
2026-07-30,0.5108698606491089,0.5157820663431879,0.5108698606491089,0.5108698606491089,9800.0
2026-07-31,0.5108698606491089,0.5108698606491089,0.5108698606491089,0.5108698606491089,0.0
2026-08-03,0.515782083028315,0.515782083028315,0.5010454654693604,0.5010454654693604,102000.0
2026-08-04,0.5157820663431879,0.5157820663431879,0.4912210378727927,0.5108698606491089,66700.0
2026-08-05,0.5108698606491089,0.5108698606491089,0.5010454492609508,0.5108698606491089,12600.0
2026-08-06,0.501045457286474,0.5059576630592346,0.4961332515137134,0.5059576630592346,42000.0
2026-08-07,0.5157820857346199,0.5354309678077698,0.5108698798558607,0.5354309678077698,325700.0
2026-08-11,0.540343173686529,0.5452553795652881,0.5256065560502514,0.5354309678077698,270300.0
2026-08-12,0.5305187619290106,0.5354309678077698,0.5305187619290106,0.5354309678077698,36900.0
2026-08-13,0.5354309678077698,0.5452553795652881,0.5206942916133791,0.5354309678077698,56700.0
2026-08-14,0.5354309515286982,0.5550797744463384,0.5305187457992881,0.5452553629875183,544000.0
2026-08-17,0.5452553549206569,0.5550797662341282,0.5452553549206569,0.5501675605773926,42000.0
2026-08-18,0.5452553810795294,0.5698164105415344,0.5452553810795294,0.5698164105415344,178600.0
2026-08-19,0.5501675447267173,0.5599919557571411,0.5501675447267173,0.5599919557571411,36800.0
2026-08-20,0.5600000023841858,0.5600000023841858,0.550000011920929,0.550000011920929,98100.0
2026-08-21,0.550000011920929,0.5699999928474426,0.550000011920929,0.5600000023841858,157000.0
2026-08-24,0.5600000023841858,0.5649999976158142,0.550000011920929,0.5550000071525574,40700.0
2026-08-25,0.5550000071525574,0.5550000071525574,0.5550000071525574,0.5550000071525574,2100.0
2026-08-26,0.5550000071525574,0.5600000023841858,0.550000011920929,0.550000011920929,40500.0
2026-08-27,0.5550000071525574,0.5550000071525574,0.5550000071525574,0.5550000071525574,49000.0
2026-08-28,0.5550000071525574,0.5600000023841858,0.550000011920929,0.5550000071525574,182400.0
2026-08-31,0.5550000071525574,0.5550000071525574,0.5550000071525574,0.5550000071525574,0.0
2026-09-01,0.550000011920929,0.550000011920929,0.550000011920929,0.550000011920929,9000.0
2026-09-02,0.550000011920929,0.5600000023841858,0.550000011920929,0.5600000023841858,285200.0
2026-09-03,0.550000011920929,0.550000011920929,0.550000011920929,0.550000011920929,38300.0
2026-09-04,0.550000011920929,0.550000011920929,0.5450000166893005,0.5450000166893005,21700.0
2026-09-07,0.550000011920929,0.550000011920929,0.550000011920929,0.550000011920929,36800.0
2026-09-08,0.550000011920929,0.550000011920929,0.550000011920929,0.550000011920929,5000.0
2026-09-09,0.550000011920929,0.550000011920929,0.550000011920929,0.550000011920929,0.0
2026-09-10,0.550000011920929,0.550000011920929,0.550000011920929,0.550000011920929,0.0
2026-09-11,0.550000011920929,0.550000011920929,0.5400000214576721,0.5400000214576721,40000.0
2026-09-14,0.5400000214576721,0.5550000071525574,0.5400000214576721,0.5400000214576721,27100.0
2026-09-15,0.550000011920929,0.550000011920929,0.550000011920929,0.550000011920929,1600.0
2026-09-16,0.5550000071525574,0.5550000071525574,0.5550000071525574,0.5550000071525574,500.0
2026-09-17,0.550000011920929,0.5550000071525574,0.5400000214576721,0.5550000071525574,17400.0
2026-09-18,0.5550000071525574,0.5550000071525574,0.5550000071525574,0.5550000071525574,0.0
2026-09-21,0.5450000166893005,0.5450000166893005,0.5400000214576721,0.5400000214576721,9000.0
2026-09-22,0.5400000214576721,0.5400000214576721,0.5400000214576721,0.5400000214576721,100000.0
2026-09-23,0.5400000214576721,0.5400000214576721,0.5400000214576721,0.5400000214576721,0.0
2026-09-24,0.5450000166893005,0.5450000166893005,0.5400000214576721,0.5400000214576721,53000.0
2026-09-25,0.5400000214576721,0.5450000166893005,0.5400000214576721,0.5450000166893005,156200.0
2026-09-28,0.5450000166893005,0.550000011920929,0.5400000214576721,0.550000011920929,16500.0
2026-09-29,0.550000011920929,0.550000011920929,0.5400000214576721,0.5400000214576721,38500.0
2026-09-30,0.5400000214576721,0.5400000214576721,0.5350000262260437,0.5350000262260437,10000.0
2026-10-01,0.5350000262260437,0.5350000262260437,0.5350000262260437,0.5350000262260437,5000.0
2026-10-02,0.5350000262260437,0.5350000262260437,0.5350000262260437,0.5350000262260437,0.0
