date,open,high,low,close,volume
2016-10-03,0.1606431983446944,0.1606431983446944,0.1580102145671844,0.1580102145671844,204127.0
2016-10-04,0.1606431901454925,0.1606431901454925,0.1606431901454925,0.1606431901454925,188085.0
2016-10-05,0.1606431901454925,0.1606431901454925,0.1597652105394106,0.1606431901454925,54876.0
2016-10-06,0.1606431899664657,0.1667881209717688,0.1606431899664657,0.1650331169366836,581736.0
2016-10-07,0.1667881209717688,0.1667881209717688,0.1632771577264767,0.1650331169366836,221276.0
2016-10-10,0.1606431883332565,0.1659101396799087,0.1606431883332565,0.1659101396799087,156000.0
2016-10-11,0.1659101478445935,0.1659101478445935,0.1623991699898657,0.1632771641016006,139736.0
2016-10-12,0.1588882058858871,0.1588882058858871,0.1588882058858871,0.1588882058858871,5863.0
2016-10-13,0.1588882058858871,0.1623991692523188,0.1588882058858871,0.1588882058858871,248714.0
2016-10-14,0.159765213727951,0.159765213727951,0.159765213727951,0.159765213727951,27659.0
2016-10-17,0.1641551429954628,0.1641551429954628,0.1580102117781397,0.1588882058858871,322400.0
2016-10-18,0.1588882058858871,0.1588882058858871,0.1588882058858871,0.1588882058858871,57753.0
2016-10-19,0.1588882058858871,0.1588882058858871,0.1588882058858871,0.1588882058858871,0.0
2016-10-20,0.1588882058858871,0.1641551429954628,0.1580102117781397,0.1588882058858871,402280.0
2016-10-21,0.159765213727951,0.159765213727951,0.159765213727951,0.159765213727951,36621.0
2016-10-24,0.159765213727951,0.159765213727951,0.159765213727951,0.159765213727951,43923.0
2016-10-25,0.1597652087370792,0.1659101396799087,0.1597652087370792,0.1659101396799087,37617.0
2016-10-26,0.1641551356626661,0.166788119276086,0.1623991619979613,0.1659101396799087,1426127.0
2016-10-27,0.1650331240906384,0.1676661223173141,0.1650331240906384,0.1676661223173141,6638.0
2016-10-28,0.1676661223173141,0.170300075719153,0.1676661223173141,0.1676661223173141,251812.0
2016-10-31,0.1659101413666653,0.1659101413666653,0.1650331169366836,0.1650331169366836,173923.0
2016-11-01,0.1641551373315802,0.1650331169366836,0.1641551373315802,0.1650331169366836,869174.0
2016-11-02,0.1641551437409846,0.1641551437409846,0.1632771641016006,0.1632771641016006,8851.0
2016-11-03,0.1632771529547647,0.1667881160974502,0.1632771529547647,0.1667881160974502,134978.0
2016-11-04,0.1641551325342095,0.1667881160974502,0.1641551325342095,0.1667881160974502,116502.0
2016-11-07,0.1667881160974502,0.1667881160974502,0.1667881160974502,0.1667881160974502,0.0
2016-11-08,0.16239915890297,0.1667881160974502,0.16239915890297,0.1667881160974502,164076.0
2016-11-09,0.1632771529547647,0.1667881160974502,0.16239915890297,0.1667881160974502,271395.0
2016-11-10,0.1615211910456369,0.1676661223173141,0.1615211910456369,0.1676661223173141,84748.0
2016-11-11,0.1632771608969901,0.1650331201412942,0.1632771608969901,0.1641551405191421,78885.0
2016-11-14,0.1623991675807809,0.1685440987348556,0.1623991675807809,0.1685440987348556,222161.0
2016-11-15,0.1632771529547647,0.1667881160974502,0.1632771529547647,0.1667881160974502,69370.0
2016-11-16,0.1667881250097855,0.1694220783612154,0.1667881250097855,0.1685440987348556,114178.0
2016-11-17,0.1676661223173141,0.1685441019604768,0.1676661223173141,0.1676661223173141,111634.0
2016-11-18,0.1667881160974502,0.1667881160974502,0.1667881160974502,0.1667881160974502,337225.0
2016-11-21,0.1667881160974502,0.1667881160974502,0.1667881160974502,0.1667881160974502,0.0
2016-11-22,0.1667881160974502,0.1667881160974502,0.1667881160974502,0.1667881160974502,70808.0
2016-11-23,0.1667881160974502,0.1667881160974502,0.1667881160974502,0.1667881160974502,15489.0
2016-11-24,0.1667881160974502,0.1667881160974502,0.1667881160974502,0.1667881160974502,55319.0
2016-11-25,0.1667881160974502,0.1667881160974502,0.1667881160974502,0.1667881160974502,8297.0
2016-11-28,0.1667881209717688,0.1676661150492226,0.1650331169366836,0.1650331169366836,3319.0
2016-11-29,0.1667881160974502,0.1667881160974502,0.1667881160974502,0.1667881160974502,119489.0
2016-11-30,0.1667881170924992,0.1711770743131637,0.1667881170924992,0.1711770743131637,5753.0
2016-12-01,0.1667881160974502,0.1667881160974502,0.1667881160974502,0.1667881160974502,244400.0
2016-12-02,0.1667881282018005,0.1685441019604768,0.1667881282018005,0.1676661223173141,96034.0
2016-12-05,0.1667881160974502,0.167666110149245,0.1667881160974502,0.1667881160974502,22902.0
2016-12-06,0.1667881160974502,0.1711770732919305,0.1667881160974502,0.1667881160974502,42263.0
2016-12-07,0.167666111149532,0.1711770743131637,0.1667881170924992,0.1711770743131637,41157.0
2016-12-08,0.1667881288830016,0.1720550805330276,0.1667881288830016,0.1720550805330276,27991.0
2016-12-09,0.1667881170924992,0.1711770743131637,0.1667881170924992,0.1711770743131637,136417.0
2016-12-12,0.1667881160974502,0.1667881160974502,0.1667881160974502,0.1667881160974502,154782.0
2016-12-13,0.1667881160974502,0.1667881160974502,0.1667881160974502,0.1667881160974502,0.0
2016-12-14,0.1667881160974502,0.1667881160974502,0.1667881160974502,0.1667881160974502,138187.0
2016-12-15,0.1667881160974502,0.1667881160974502,0.1667881160974502,0.1667881160974502,5753.0
2016-12-16,0.1667881160974502,0.1711770732919305,0.1667881160974502,0.1667881160974502,64723.0
2016-12-19,0.1667881160974502,0.1667881160974502,0.1667881160974502,0.1667881160974502,230127.0
2016-12-20,0.1667881160974502,0.1667881160974502,0.1667881160974502,0.1667881160974502,26553.0
2016-12-21,0.1667881160974502,0.1667881160974502,0.1667881160974502,0.1667881160974502,149140.0
2016-12-22,0.1667881160974502,0.167666110149245,0.1667881160974502,0.1667881160974502,161642.0
2016-12-23,0.1667881160974502,0.167666110149245,0.1667881160974502,0.1667881160974502,111744.0
2016-12-27,0.1667881160974502,0.1667881160974502,0.1667881160974502,0.1667881160974502,26553.0
2016-12-28,0.1667881160974502,0.1667881160974502,0.1667881160974502,0.1667881160974502,0.0
2016-12-29,0.167666110149245,0.167666110149245,0.1667881160974502,0.1667881160974502,215302.0
2016-12-30,0.1667881160974502,0.1685440897286898,0.1667881160974502,0.1667881160974502,174476.0
2017-01-03,0.1667881160974502,0.1755670001338545,0.1667881160974502,0.1667881160974502,32527.0
2017-01-04,0.1667881282018005,0.1738110391166404,0.1667881282018005,0.1676661223173141,72025.0
2017-01-05,0.1676661159329351,0.1694220751523971,0.1667881218508537,0.1694220751523971,161421.0
2017-01-06,0.1667881160974502,0.1667881160974502,0.1667881160974502,0.1667881160974502,20910.0
2017-01-09,0.1667881160974502,0.1685440897286898,0.1667881160974502,0.1667881160974502,121812.0
2017-01-10,0.1667881160974502,0.167666110149245,0.1667881160974502,0.1667881160974502,179787.0
2017-01-11,0.1667881282018005,0.1676661223173141,0.1667881282018005,0.1676661223173141,169276.0
2017-01-12,0.1676661191084959,0.1685440987348556,0.1676661191084959,0.1685440987348556,87293.0
2017-01-13,0.1676661191084959,0.1685440987348556,0.1676661191084959,0.1685440987348556,39719.0
2017-01-16,0.1676661223173141,0.1685441019604768,0.1667881282018005,0.1676661223173141,416110.0
2017-01-17,0.1667881282018005,0.1676661223173141,0.1667881282018005,0.1676661223173141,296842.0
2017-01-18,0.1676661223173141,0.1676661223173141,0.1676661223173141,0.1676661223173141,19914.0
2017-01-19,0.1694220783612154,0.1703000724599258,0.1685440987348556,0.1685440987348556,95038.0
2017-01-20,0.1676661223173141,0.1694220816036394,0.1676661223173141,0.1676661223173141,327157.0
2017-01-23,0.1711770857148015,0.1711770857148015,0.1676661223173141,0.1676661223173141,241634.0
2017-01-24,0.17117708243879,0.17117708243879,0.1676661191084959,0.1685440987348556,378051.0
2017-01-25,0.1694220751523971,0.1694220751523971,0.1694220751523971,0.1694220751523971,6085.0
2017-01-26,0.1694220822955981,0.1720550805330276,0.1694220822955981,0.1720550805330276,31863.0
2017-01-27,0.1729330528885447,0.1729330528885447,0.1694220751523971,0.1694220751523971,30093.0
2017-01-31,0.1711770791967323,0.1711770791967323,0.1694220751523971,0.1694220751523971,126017.0
2017-02-01,0.1694220822955981,0.1738110398265246,0.1694220822955981,0.1720550805330276,286885.0
2017-02-02,0.1711770743131637,0.1711770743131637,0.1711770743131637,0.1711770743131637,43591.0
2017-02-03,0.1711770764191228,0.1711770764191228,0.1685440928077808,0.1703000664710998,27106.0
2017-02-06,0.1694220703188976,0.1720550683701965,0.1685440907342148,0.1711770743131637,206119.0
2017-02-07,0.1694220724032652,0.1703000664710998,0.1694220724032652,0.1703000664710998,130331.0
2017-02-08,0.1703000643759304,0.1720550683701965,0.1703000643759304,0.1711770743131637,193727.0
2017-02-09,0.1729330601797761,0.1738110398265246,0.1711770864139281,0.1720550805330276,404051.0
2017-02-10,0.1720550805330276,0.1738110398265246,0.1720550805330276,0.1720550805330276,481276.0
2017-02-13,0.1711770743131637,0.1711770743131637,0.1703000643759304,0.1711770743131637,684961.0
2017-02-14,0.1711770864139281,0.1729330601797761,0.1711770864139281,0.1720550805330276,862757.0
2017-02-15,0.1720550701558245,0.188733874801996,0.1720550701558245,0.1843449175357818,1855183.0
2017-02-16,0.184344915541838,0.184344915541838,0.1755670011043548,0.1755670011043548,340323.0
2017-02-17,0.1755670020770115,0.1799559593200683,0.173811028426337,0.1799559593200683,169055.0
2017-02-20,0.1755670042870274,0.1755670042870274,0.1729330510140348,0.1746890246868133,385242.0
2017-02-21,0.1738110274634086,0.1799559583230964,0.1729330478791104,0.1755670011043548,415114.0
2017-02-22,0.1738110333681106,0.1738110333681106,0.1729330537539858,0.1738110333681106,100238.0
2017-02-23,0.1729330569505691,0.1729330569505691,0.1729330569505691,0.1729330569505691,130331.0
2017-02-24,0.1729330569505691,0.1729330569505691,0.1729330569505691,0.1729330569505691,16153.0
2017-02-27,0.1738110333681106,0.1755670070687108,0.1738110333681106,0.1738110333681106,96919.0
2017-02-28,0.1738110306142489,0.1755670042870274,0.1738110306142489,0.1746890246868133,674229.0
2017-03-01,0.1746890246868133,0.1746890246868133,0.1746890246868133,0.1746890246868133,0.0
2017-03-02,0.1738110333681106,0.1738110333681106,0.1729330537539858,0.1738110333681106,563259.0
2017-03-03,0.173811036580923,0.173811036580923,0.1729330569505691,0.1729330569505691,636723.0
2017-03-06,0.173811036580923,0.173811036580923,0.1729330569505691,0.1729330569505691,357472.0
2017-03-07,0.1738110333681106,0.1738110333681106,0.1729330537539858,0.1738110333681106,146374.0
2017-03-08,0.1738110333681106,0.1738110333681106,0.1738110333681106,0.1738110333681106,18587.0
2017-03-09,0.1738110274634086,0.1799559583230964,0.1738110274634086,0.1755670011043548,480612.0
2017-03-10,0.1755670030033534,0.188733874801996,0.1755670030033534,0.1843449175357818,1859497.0
2017-03-13,0.1843449200247506,0.206290676299586,0.1843449200247506,0.2019017189741134,3567531.0
2017-03-14,0.2019017171127046,0.2019017171127046,0.1887338756102136,0.1931238025426864,2596680.0
2017-03-15,0.1887338773502231,0.2019017189741134,0.1887338773502231,0.2019017189741134,1739565.0
2017-03-16,0.206290676299586,0.2106806032725312,0.2019017189741134,0.2019017189741134,2601438.0
2017-03-17,0.2019017180640903,0.2019017180640903,0.1975127607583999,0.1975127607583999,1284510.0
2017-03-20,0.197512758981884,0.197512758981884,0.1843449175357818,0.1843449175357818,812970.0
2017-03-21,0.1843449184632008,0.1887338757514953,0.1843449184632008,0.1887338757514953,257787.0
2017-03-22,0.1887338757514953,0.1887338757514953,0.1843449184632008,0.1887338757514953,150910.0
2017-03-23,0.188733874801996,0.188733874801996,0.1843449175357818,0.1843449175357818,81097.0
2017-03-24,0.1843449184632008,0.1887338757514953,0.1843449184632008,0.1887338757514953,184765.0
2017-03-27,0.1887338757514953,0.1887338757514953,0.1843449184632008,0.1887338757514953,248604.0
2017-03-28,0.1887338757514953,0.1887338757514953,0.1887338757514953,0.1887338757514953,29872.0
2017-03-29,0.1931238025426864,0.1931238025426864,0.1887338756102136,0.1931238025426864,31310.0
2017-03-30,0.1887338756102136,0.1931238025426864,0.1887338756102136,0.1931238025426864,53548.0
2017-03-31,0.1843449184632008,0.1887338757514953,0.1843449184632008,0.1887338757514953,85965.0
2017-04-03,0.1843449175357818,0.188733874801996,0.1843449175357818,0.1843449175357818,41931.0
2017-04-04,0.1887338757514953,0.1931238026872543,0.1843449184632008,0.1887338757514953,184434.0
2017-04-05,0.1931238026872543,0.1931238026872543,0.1887338757514953,0.1887338757514953,156774.0
2017-04-06,0.1887338756102136,0.1931238025426864,0.1887338756102136,0.1931238025426864,152127.0
2017-04-07,0.1887338756102136,0.1975127598276955,0.1887338756102136,0.1931238025426864,325165.0
2017-04-10,0.1931238025426864,0.1975127598276955,0.1931238025426864,0.1931238025426864,107761.0
2017-04-11,0.1931238025426864,0.2019017171127046,0.1931238025426864,0.1931238025426864,137855.0
2017-04-12,0.1931238026872543,0.1931238026872543,0.1887338757514953,0.1887338757514953,366544.0
2017-04-13,0.1887338757514953,0.1931238026872543,0.1843449184632008,0.1887338757514953,358910.0
2017-04-17,0.1843449184632008,0.1931238026872543,0.1843449184632008,0.1887338757514953,63617.0
2017-04-18,0.1931238025426864,0.1931238025426864,0.1843449183252045,0.1931238025426864,157438.0
2017-04-19,0.1931238017156698,0.1931238017156698,0.1843449175357818,0.1843449175357818,41931.0
2017-04-20,0.1843449165631251,0.1843449165631251,0.1799559593200683,0.1799559593200683,129114.0
2017-04-21,0.1843449175357818,0.1843449175357818,0.1755670030033534,0.1843449175357818,27880.0
2017-04-24,0.1755670011043548,0.1755670011043548,0.1755670011043548,0.1755670011043548,414893.0
2017-04-25,0.1799559615853319,0.1799559615853319,0.1746890246868133,0.1746890246868133,176468.0
2017-04-26,0.1755670042870274,0.1755670042870274,0.1746890246868133,0.1746890246868133,45693.0
2017-04-27,0.1755670030033534,0.1843449175357818,0.1755670030033534,0.1843449175357818,33191.0
2017-04-28,0.1755670011043548,0.1755670011043548,0.1746890215200567,0.1755670011043548,134093.0
2017-05-02,0.1746890339456242,0.1799559711232992,0.1720550805330276,0.1720550805330276,107872.0
2017-05-03,0.1720550805330276,0.1720550805330276,0.1711770864139281,0.1720550805330276,160093.0
2017-05-04,0.1720550773202153,0.1746890306836276,0.1703000732346568,0.1729330569505691,285114.0
2017-05-05,0.1729330569505691,0.1729330569505691,0.1729330569505691,0.1729330569505691,0.0
2017-05-08,0.1711770751865003,0.1799559593200683,0.1711770751865003,0.1799559593200683,136085.0
2017-05-09,0.1755670011043548,0.1755670011043548,0.1755670011043548,0.1755670011043548,5310.0
2017-05-11,0.1729330601797761,0.1729330601797761,0.1720550805330276,0.1720550805330276,49455.0
2017-05-12,0.1711770743131637,0.1711770743131637,0.1711770743131637,0.1711770743131637,8961.0
2017-05-15,0.1711770743131637,0.1738110275395622,0.1703000643759304,0.1711770743131637,217957.0
2017-05-16,0.1703000692344785,0.1711770791967323,0.1694220751523971,0.1694220751523971,120374.0
2017-05-17,0.1694220724032652,0.1703000664710998,0.1694220724032652,0.1703000664710998,46910.0
2017-05-18,0.1703000764146977,0.1720550805330276,0.1703000764146977,0.1720550805330276,157548.0
2017-05-19,0.1720550805330276,0.1720550805330276,0.1720550805330276,0.1720550805330276,0.0
2017-05-22,0.1685440987348556,0.1694220783612154,0.1685440987348556,0.1685440987348556,86076.0
2017-05-23,0.1694220751523971,0.1738110324982757,0.1685440955426661,0.1694220751523971,176800.0
2017-05-24,0.1694220703188976,0.1711770743131637,0.1694220703188976,0.1711770743131637,11063.0
2017-05-25,0.1685441019604768,0.1685441019604768,0.1676661223173141,0.1676661223173141,462689.0
2017-05-26,0.1667881191444617,0.1703000664710998,0.1667881191444617,0.1703000664710998,84195.0
2017-05-29,0.1703000664710998,0.1703000664710998,0.1703000664710998,0.1703000664710998,0.0
2017-05-30,0.1685440987348556,0.1685440987348556,0.1667881250097855,0.1685440987348556,51004.0
2017-05-31,0.1667881282018005,0.1685441019604768,0.1667881282018005,0.1676661223173141,138629.0
2017-06-01,0.1667881218508537,0.1711770791967323,0.1667881218508537,0.1694220751523971,41157.0
2017-06-02,0.1711770800533856,0.1755670070687108,0.1711770800533856,0.1738110333681106,858000.0
2017-06-05,0.1755670070687108,0.1755670070687108,0.1738110333681106,0.1738110333681106,211208.0
2017-06-06,0.1720550805330276,0.1746890339456242,0.1720550805330276,0.1720550805330276,51004.0
2017-06-07,0.1746890339456242,0.1746890339456242,0.1711770864139281,0.1720550805330276,73574.0
2017-06-08,0.1720550805330276,0.1720550805330276,0.1720550805330276,0.1720550805330276,0.0
2017-06-09,0.1703000700867429,0.1738110333681106,0.1685440963861427,0.1738110333681106,59080.0
2017-06-12,0.1711770857148015,0.1711770857148015,0.1667881282018005,0.1676661223173141,613710.0
2017-06-13,0.1676661191084959,0.1703000724599258,0.1676661191084959,0.1685440987348556,22902.0
2017-06-14,0.1694220783612154,0.1694220783612154,0.1676661191084959,0.1685440987348556,221165.0
2017-06-15,0.1685440897286898,0.1694220693081347,0.1667881160974502,0.1667881160974502,31753.0
2017-06-16,0.1659101485586379,0.1694220816036394,0.1659101485586379,0.1676661223173141,60851.0
2017-06-19,0.1667881218508537,0.1703000692344785,0.1659101422411227,0.1694220751523971,122587.0
2017-06-20,0.1685440987348556,0.1738110357902199,0.1659101453834257,0.1685440987348556,236876.0
2017-06-21,0.1667881282018005,0.1694220816036394,0.1659101485586379,0.1676661223173141,780663.0
2017-06-22,0.1667881160974502,0.1703000633599294,0.1667881160974502,0.1667881160974502,69038.0
2017-06-23,0.167666111149532,0.1711770743131637,0.167666111149532,0.1711770743131637,64170.0
2017-06-27,0.1676661223173141,0.1685441019604768,0.1676661223173141,0.1676661223173141,26442.0
2017-06-28,0.1667881170924992,0.1711770743131637,0.1667881170924992,0.1711770743131637,244953.0
2017-06-29,0.1711770743131637,0.1711770743131637,0.1711770743131637,0.1711770743131637,0.0
2017-06-30,0.1685440987348556,0.1685440987348556,0.1667881250097855,0.1685440987348556,2577761.0
2017-07-03,0.1685440987348556,0.1685440987348556,0.1685440987348556,0.1685440987348556,30868.0
2017-07-04,0.1694220816036394,0.1694220816036394,0.1676661223173141,0.1676661223173141,169276.0
2017-07-05,0.1703000643759304,0.1711770743131637,0.1685440907342148,0.1711770743131637,256017.0
2017-07-06,0.1676661159329351,0.1703000692344785,0.1676661159329351,0.1694220751523971,27217.0
2017-07-07,0.1694220783612154,0.1694220783612154,0.1685440987348556,0.1685440987348556,603310.0
2017-07-10,0.1676661191084959,0.1685440987348556,0.1676661191084959,0.1685440987348556,40936.0
2017-07-11,0.1685440987348556,0.1720550765375004,0.1667881250097855,0.1685440987348556,860544.0
2017-07-12,0.17117708243879,0.1720550765375004,0.1676661191084959,0.1685440987348556,316757.0
2017-07-13,0.1685440987348556,0.1685440987348556,0.1685440987348556,0.1685440987348556,88842.0
2017-07-14,0.1685440907342148,0.1711770743131637,0.1667881170924992,0.1711770743131637,346740.0
2017-07-17,0.17117708243879,0.1720550765375004,0.1676661191084959,0.1685440987348556,312553.0
2017-07-18,0.1694220751523971,0.1720550732788137,0.1694220751523971,0.1694220751523971,75787.0
2017-07-19,0.1703000643759304,0.1720550683701965,0.1703000643759304,0.1711770743131637,114400.0
2017-07-20,0.1703000692344785,0.1703000692344785,0.1694220751523971,0.1694220751523971,1327.0
2017-07-21,0.1694220751523971,0.1729330528885447,0.1685440955426661,0.1694220751523971,117387.0
2017-07-24,0.1694220751523971,0.1694220751523971,0.1694220751523971,0.1694220751523971,16374.0
2017-07-25,0.1694220724032652,0.1711770764191228,0.1694220724032652,0.1703000664710998,60076.0
2017-07-26,0.1711770743131637,0.1711770743131637,0.1685440907342148,0.1711770743131637,159208.0
2017-07-27,0.1703000692344785,0.1703000692344785,0.1694220751523971,0.1694220751523971,53659.0
2017-07-28,0.1694220783612154,0.1694220783612154,0.1685440987348556,0.1685440987348556,32859.0
2017-07-31,0.1685440987348556,0.1685440987348556,0.1685440987348556,0.1685440987348556,0.0
2017-08-01,0.1676661191084959,0.1685440987348556,0.1676661191084959,0.1685440987348556,87182.0
2017-08-02,0.1676661198712444,0.1729330569505691,0.1676661198712444,0.1729330569505691,1548.0
2017-08-03,0.1729330569505691,0.1729330569505691,0.1729330569505691,0.1729330569505691,0.0
2017-08-04,0.1685441019604768,0.1685441019604768,0.1667881282018005,0.1676661223173141,184434.0
2017-08-07,0.1694220693081347,0.1711770732919305,0.1667881160974502,0.1667881160974502,848595.0
2017-08-08,0.1676661159329351,0.1703000692344785,0.1676661159329351,0.1694220751523971,511812.0
2017-08-10,0.1676661223173141,0.1676661223173141,0.1676661223173141,0.1676661223173141,1770.0
2017-08-11,0.1676661159329351,0.1694220751523971,0.1676661159329351,0.1694220751523971,92051.0
2017-08-14,0.1703000764146977,0.1720550805330276,0.1676661230021011,0.1720550805330276,233889.0
2017-08-15,0.1694220751523971,0.1694220751523971,0.1676661159329351,0.1694220751523971,66051.0
2017-08-16,0.1676661223173141,0.1676661223173141,0.1676661223173141,0.1676661223173141,32748.0
2017-08-17,0.1711770743131637,0.1729330479548793,0.1667881170924992,0.1711770743131637,480723.0
2017-08-18,0.1694220703188976,0.1729330479548793,0.1685440907342148,0.1711770743131637,863531.0
2017-08-21,0.1711770832175106,0.173811036580923,0.1711770832175106,0.1729330569505691,627319.0
2017-08-22,0.1729330569505691,0.1729330569505691,0.1711770832175106,0.1729330569505691,547770.0
2017-08-23,0.1729330510140348,0.1746890246868133,0.1729330510140348,0.1746890246868133,499974.0
2017-08-24,0.173811028426337,0.1799559593200683,0.1729330488371748,0.1799559593200683,1553361.0
2017-08-25,0.1755670042870274,0.1755670042870274,0.1738110306142489,0.1746890246868133,786195.0
2017-08-28,0.1746890274545859,0.1755670070687108,0.1738110333681106,0.1738110333681106,273055.0
2017-08-29,0.1729330569505691,0.1729330569505691,0.1711770832175106,0.1729330569505691,843727.0
2017-08-30,0.1711770864139281,0.1720550805330276,0.1711770864139281,0.1720550805330276,220170.0
2017-08-31,0.1720550805330276,0.1720550805330276,0.1711770864139281,0.1720550805330276,180340.0
2017-09-04,0.1711770743131637,0.1729330479548793,0.1711770743131637,0.1711770743131637,296068.0
2017-09-05,0.1711770800533856,0.1755670070687108,0.1711770800533856,0.1738110333681106,846272.0
2017-09-06,0.1755670011043548,0.1799559583230964,0.1755670011043548,0.1755670011043548,1893021.0
2017-09-07,0.1799559615853319,0.1799559615853319,0.1746890246868133,0.1746890246868133,534493.0
2017-09-08,0.1755670135923727,0.1755670135923727,0.1720550805330276,0.1720550805330276,523540.0
2017-09-11,0.1720550714138207,0.1755670042870274,0.1720550714138207,0.1746890246868133,647344.0
2017-09-12,0.1755670070687108,0.1799559644365538,0.1738110333681106,0.1738110333681106,179787.0
2017-09-13,0.1746890274545859,0.1755670070687108,0.1738110333681106,0.1738110333681106,201472.0
2017-09-14,0.1755670135923727,0.1755670135923727,0.1720550805330276,0.1720550805330276,331361.0
2017-09-15,0.1729330479548793,0.1738110275395622,0.1711770743131637,0.1711770743131637,451736.0
2017-09-18,0.1729330488371748,0.1799559593200683,0.1720550692480126,0.1799559593200683,1037897.0
2017-09-19,0.1755670020770115,0.1799559593200683,0.1755670020770115,0.1799559593200683,1428672.0
2017-09-20,0.1799559658614535,0.2370153210376581,0.1799559658614535,0.2326263636350631,11071464.0
2017-09-21,0.2326263612766035,0.2326263612766035,0.2106806048386335,0.2150695621967315,2758766.0
2017-09-22,0.2106806064529733,0.2238474786281585,0.2019017220220292,0.2238474786281585,2903480.0
2017-09-25,0.2238474830857102,0.2852957967360112,0.2150695681274557,0.2721289098262787,24579515.0
2017-09-26,0.2809068130445977,0.3116314678817772,0.2809068130445977,0.2940746545791626,22981345.0
2017-09-27,0.2984636259923269,0.2984636259923269,0.2765178698924573,0.2852957844734192,15054553.0
2017-09-28,0.2721288929718304,0.2765178646514751,0.2545721089675545,0.2589610517024994,12930740.0
2017-09-29,0.2545721232891083,0.2633500381975202,0.2501831513625516,0.2545721232891083,9861523.0
2017-10-02,0.2545721232891083,0.2633500381975202,0.2545721232891083,0.2545721232891083,2896621.0
2017-10-03,0.2589610662709634,0.2633500381975202,0.2545721232891083,0.2545721232891083,3815804.0
2017-10-04,0.2545721232891083,0.2589610662709634,0.2545721232891083,0.2545721232891083,2976723.0
2017-10-05,0.2545721069153356,0.2589610496148993,0.2501831352710724,0.2501831352710724,2899387.0
2017-10-06,0.2545721089675545,0.2589610517024994,0.2501831372879097,0.2589610517024994,2709089.0
2017-10-09,0.2589610496148993,0.2589610496148993,0.2501831352710724,0.2501831352710724,2483497.0
2017-10-10,0.2545721260696783,0.285295798232201,0.2545721260696783,0.2809068262577057,11566570.0
2017-10-11,0.285295782564212,0.285295782564212,0.2765178680419922,0.2765178680419922,3760153.0
2017-10-12,0.2809068262577057,0.2809068262577057,0.2677399682236233,0.2809068262577057,3485327.0
2017-10-13,0.3204094011583687,0.3511340288426041,0.3116314860550713,0.3160204291343689,33552724.0
2017-10-16,0.3116314678817772,0.3160204107051265,0.2940746545791626,0.2940746545791626,5358212.0
2017-10-17,0.2984636281605746,0.3116314697751426,0.2984636281605746,0.3028525710105896,6908144.0
2017-10-19,0.298463640386146,0.3028525834159395,0.2765178832279122,0.2809068262577057,3939940.0
2017-10-20,0.2809068262577057,0.2940746684116507,0.2765178832279122,0.2809068262577057,5312297.0
2017-10-23,0.2852957805298172,0.2852957805298172,0.2677399516105652,0.2677399516105652,6755463.0
2017-10-24,0.2677399689481505,0.2984636411938141,0.2677399689481505,0.2896857261657715,14990715.0
2017-10-25,0.2896857261657715,0.2896857261657715,0.2809068270178635,0.2896857261657715,3330323.0
2017-10-26,0.285295782564212,0.2896857094727804,0.2765178680419922,0.2765178680419922,1687344.0
2017-10-27,0.2765178832279122,0.2896857253818572,0.2765178832279122,0.2809068262577057,4365676.0
2017-10-30,0.2809068130445977,0.2984636263472124,0.2809068130445977,0.2940746545791626,8174400.0
2017-10-31,0.2984636263472124,0.3028525691705617,0.2896857117558132,0.2940746545791626,9829770.0
2017-11-01,0.2940746705901891,0.3072425128416829,0.2896857275278818,0.2984636425971985,8166323.0
2017-11-02,0.3072424979804269,0.3072424979804269,0.2984636281605746,0.3028525710105896,7735719.0
2017-11-03,0.3116314697751426,0.3160204126251577,0.2984636281605746,0.3028525710105896,6756791.0
2017-11-06,0.2984636425971985,0.3028525856595058,0.2940746705901891,0.2984636425971985,2896621.0
2017-11-07,0.2984636263472124,0.3028525691705617,0.2940746545791626,0.2940746545791626,2272289.0
2017-11-08,0.2940746692074418,0.2984636411938141,0.2896857261657715,0.2896857261657715,2488697.0
2017-11-09,0.2896857261657715,0.2984636411938141,0.2896857261657715,0.2896857261657715,1862485.0
2017-11-10,0.2896857117558132,0.2984636263472124,0.2896857117558132,0.2940746545791626,4226825.0
2017-11-13,0.2940746545791626,0.3028525691705617,0.2896857117558132,0.2940746545791626,3361634.0
2017-11-14,0.2940746692074418,0.2940746692074418,0.2896857261657715,0.2896857261657715,2427846.0
2017-11-15,0.2896857261657715,0.2940746692074418,0.2896857261657715,0.2896857261657715,1385744.0
2017-11-16,0.2896857253818572,0.2896857253818572,0.2765178832279122,0.2809068262577057,4919310.0
2017-11-17,0.2457932242608445,0.2633500381975202,0.2414042812789893,0.2545721232891083,9548859.0
2017-11-20,0.2589610653440279,0.2589610653440279,0.2414042804148972,0.2457932233810424,5787046.0
2017-11-21,0.2457932233810424,0.2501831504670361,0.2414042804148972,0.2457932233810424,6056672.0
2017-11-22,0.2414042787140835,0.2414042787140835,0.228236436843872,0.228236436843872,3112476.0
2017-11-23,0.2282364360198869,0.2282364360198869,0.2238474786281585,0.2238474786281585,1485983.0
2017-11-24,0.2326263636350631,0.2326263636350631,0.2238474791823833,0.2326263636350631,843395.0
2017-11-27,0.2326263636350631,0.2414042784402532,0.2282364365849783,0.2326263636350631,1608791.0
2017-11-28,0.2282364360198869,0.2282364360198869,0.2194585212364301,0.2238474786281585,3809166.0
2017-11-29,0.2282364360198869,0.2282364360198869,0.2238474786281585,0.2238474786281585,614485.0
2017-11-30,0.2238474786281585,0.2282364360198869,0.2194585212364301,0.2238474786281585,630195.0
2017-12-01,0.2238474794362985,0.2326263638989364,0.2238474794362985,0.228236436843872,1473812.0
2017-12-04,0.2282364365849783,0.2370153210376581,0.2238474791823833,0.2326263636350631,1225097.0
2017-12-05,0.2326263638989364,0.2370153213065099,0.228236436843872,0.228236436843872,742714.0
2017-12-06,0.2326263630591027,0.2326263630591027,0.2238474786281585,0.2238474786281585,480723.0
2017-12-07,0.2238474786281585,0.2282364360198869,0.2238474786281585,0.2238474786281585,2753897.0
2017-12-08,0.2238474769129276,0.2282364342710256,0.2019017204749576,0.2150695621967315,4111983.0
2017-12-11,0.2194585195548296,0.2194585195548296,0.2150695621967315,0.2150695621967315,94042.0
2017-12-12,0.2194585212364301,0.2238474786281585,0.2150695638447017,0.2238474786281585,653982.0
2017-12-13,0.2238474786281585,0.2238474786281585,0.2150695638447017,0.2238474786281585,150689.0
2017-12-14,0.2238474777876945,0.228236435162944,0.2150695630371955,0.219458520412445,880459.0
2017-12-15,0.2194585195548296,0.2194585195548296,0.2150695621967315,0.2150695621967315,221497.0
2017-12-18,0.219458520412445,0.219458520412445,0.2150695630371955,0.219458520412445,206782.0
2017-12-19,0.2106806048386335,0.2194585195548296,0.2062906778330556,0.2150695621967315,2211991.0
2017-12-20,0.2194585195548296,0.2194585195548296,0.2106806048386335,0.2150695621967315,549319.0
2017-12-21,0.2150695621967315,0.2194585195548296,0.2106806048386335,0.2150695621967315,275157.0
2017-12-22,0.2194585186614819,0.2194585186614819,0.2019017196530782,0.210680603981018,1084034.0
2017-12-26,0.2062906769933101,0.210680603981018,0.2019017196530782,0.210680603981018,587600.0
2017-12-27,0.2062906771898269,0.2106806041817168,0.2062906771898269,0.2062906771898269,853242.0
2017-12-28,0.2062906769933101,0.210680603981018,0.2062906769933101,0.210680603981018,521991.0
2017-12-29,0.2062906769933101,0.21506956132125,0.2062906769933101,0.210680603981018,988442.0
2018-01-02,0.2150695638447017,0.2238474786281585,0.2106806064529733,0.2238474786281585,1073523.0
2018-01-03,0.2238474786281585,0.2282364360198869,0.2238474786281585,0.2238474786281585,826800.0
2018-01-04,0.2238474777876945,0.228236435162944,0.219458520412445,0.219458520412445,927148.0
2018-01-05,0.2194585212364301,0.2282364360198869,0.2194585212364301,0.2238474786281585,1275770.0
2018-01-08,0.2238474794362985,0.228236436843872,0.219458522028725,0.228236436843872,593353.0
2018-01-09,0.2238474794362985,0.228236436843872,0.2238474794362985,0.228236436843872,712289.0
2018-01-10,0.2326263636350631,0.2414042784402532,0.2282364365849783,0.2326263636350631,3208953.0
2018-01-11,0.2370153218507766,0.2370153218507766,0.2326263644331246,0.2370153218507766,454280.0
2018-01-12,0.2326263636350631,0.2370153210376581,0.2326263636350631,0.2326263636350631,496544.0
2018-01-15,0.2326263636350631,0.2370153210376581,0.2282364365849783,0.2326263636350631,796706.0
2018-01-16,0.2326263636350631,0.2370153210376581,0.2326263636350631,0.2326263636350631,745148.0
2018-01-17,0.2326263636350631,0.2370153210376581,0.2326263636350631,0.2326263636350631,550093.0
2018-01-18,0.2370153229764013,0.2457932233810424,0.2326263655379054,0.2457932233810424,2963114.0
2018-01-19,0.2501831501059589,0.2501831501059589,0.2414042800664901,0.2414042800664901,1462306.0
2018-01-22,0.2457932222137301,0.2457932222137301,0.2370153218507766,0.2370153218507766,530068.0
2018-01-23,0.2370153218507766,0.2414042792684287,0.2282364373679795,0.2370153218507766,1047634.0
2018-01-24,0.228236436843872,0.2326263638989364,0.228236436843872,0.228236436843872,1445710.0
2018-01-25,0.2282364373679795,0.2370153218507766,0.2282364373679795,0.2370153218507766,913872.0
2018-01-26,0.2326263636350631,0.2370153210376581,0.2326263636350631,0.2326263636350631,229242.0
2018-01-29,0.2326263644331246,0.2414042792684287,0.2326263644331246,0.2370153218507766,495991.0
2018-01-30,0.2370153218507766,0.2414042792684287,0.2326263644331246,0.2370153218507766,1664221.0
2018-01-31,0.2370153210376581,0.2370153210376581,0.2326263636350631,0.2326263636350631,47795.0
2018-02-01,0.2370153218507766,0.2370153218507766,0.2326263644331246,0.2370153218507766,197378.0
2018-02-02,0.2370153213065099,0.2370153213065099,0.228236436843872,0.228236436843872,577200.0
2018-02-05,0.2194585212364301,0.2282364360198869,0.2194585212364301,0.2238474786281585,341540.0
2018-02-06,0.2238474786281585,0.2282364360198869,0.2062906794137576,0.2238474786281585,1969583.0
2018-02-07,0.2282364360198869,0.2282364360198869,0.2194585212364301,0.2238474786281585,160425.0
2018-02-08,0.219458520412445,0.219458520412445,0.219458520412445,0.219458520412445,112297.0
2018-02-09,0.2150695638447017,0.2238474786281585,0.2150695638447017,0.2238474786281585,553191.0
2018-02-12,0.2238474760017138,0.2238474760017138,0.210680603981018,0.210680603981018,408034.0
2018-02-13,0.219458520412445,0.219458520412445,0.2150695630371955,0.219458520412445,172263.0
2018-02-14,0.2194585188705426,0.2194585188705426,0.2062906771898269,0.2062906771898269,322842.0
2018-02-15,0.210680605661946,0.219458520412445,0.210680605661946,0.219458520412445,783872.0
2018-02-19,0.2194585186614819,0.2194585186614819,0.2062906769933101,0.210680603981018,508272.0
2018-02-20,0.2106806041817168,0.2150695615261297,0.2062906771898269,0.2062906771898269,1378663.0
2018-02-21,0.210680603981018,0.21506956132125,0.2062906769933101,0.210680603981018,364442.0
2018-02-22,0.210680603981018,0.210680603981018,0.2062906769933101,0.210680603981018,258451.0
2018-02-23,0.21506956132125,0.21506956132125,0.2062906769933101,0.210680603981018,601651.0
2018-02-26,0.2106806041817168,0.2106806041817168,0.2062906771898269,0.2062906771898269,459370.0
2018-02-27,0.2062906771898269,0.2062906771898269,0.2062906771898269,0.2062906771898269,0.0
2018-02-28,0.210680603981018,0.21506956132125,0.2062906769933101,0.210680603981018,723242.0
2018-03-01,0.2106806041817168,0.2106806041817168,0.2062906771898269,0.2062906771898269,407923.0
2018-03-02,0.2106806041817168,0.2106806041817168,0.201901719845414,0.2062906771898269,665931.0
2018-03-05,0.2019017180640903,0.2062906753697807,0.1931238034527095,0.1975127607583999,859770.0
2018-03-06,0.201901719845414,0.2106806041817168,0.201901719845414,0.2062906771898269,477736.0
2018-03-07,0.201901719845414,0.2062906771898269,0.201901719845414,0.2062906771898269,71029.0
2018-03-08,0.2062906771898269,0.2062906771898269,0.201901719845414,0.2062906771898269,194391.0
2018-03-09,0.2062906771898269,0.2062906771898269,0.201901719845414,0.2062906771898269,98689.0
2018-03-12,0.2062906769933101,0.210680603981018,0.2062906769933101,0.210680603981018,182000.0
2018-03-13,0.210680603981018,0.210680603981018,0.2019017196530782,0.210680603981018,875148.0
2018-03-14,0.210680603981018,0.21506956132125,0.2019017196530782,0.210680603981018,281242.0
2018-03-15,0.2062906778330556,0.2150695621967315,0.2062906778330556,0.2150695621967315,31310.0
2018-03-16,0.2150695621967315,0.2150695621967315,0.2106806048386335,0.2150695621967315,366655.0
2018-03-19,0.2150695621967315,0.2150695621967315,0.2106806048386335,0.2150695621967315,388893.0
2018-03-20,0.2150695630371955,0.219458520412445,0.210680605661946,0.219458520412445,293412.0
2018-03-21,0.219458520412445,0.219458520412445,0.2150695630371955,0.219458520412445,257344.0
2018-03-22,0.2150695630371955,0.219458520412445,0.2150695630371955,0.219458520412445,255242.0
2018-03-23,0.210680603981018,0.21506956132125,0.2019017196530782,0.210680603981018,1468059.0
2018-03-26,0.2062906769933101,0.210680603981018,0.2019017196530782,0.210680603981018,1556902.0
2018-03-27,0.210680603981018,0.210680603981018,0.2062906769933101,0.210680603981018,915863.0
2018-03-28,0.2185251709210117,0.223381295800209,0.2136690605141649,0.223381295800209,1564800.0
2018-03-29,0.2233812969989289,0.2233812969989289,0.2136690616607666,0.2136690616607666,5639600.0
2018-04-02,0.213669060865085,0.2185251712799072,0.213669060865085,0.2185251712799072,560400.0
2018-04-03,0.2185251712799072,0.22338129616708,0.213669060865085,0.2185251712799072,1701700.0
2018-04-04,0.2185251720936724,0.2233812969989289,0.2088129512278607,0.2136690616607666,6190500.0
2018-04-05,0.213669060865085,0.2185251712799072,0.2088129504502628,0.2185251712799072,1818800.0
2018-04-06,0.2136690616607666,0.2185251720936724,0.2039568263226042,0.2136690616607666,1540100.0
2018-04-09,0.2088129520416259,0.2136690624934565,0.199100716665614,0.2088129520416259,2280300.0
2018-04-10,0.2039568275213241,0.2136690629165684,0.1923021566249116,0.2039568275213241,2792600.0
2018-04-11,0.1991007170598774,0.2039568275213241,0.1932733816116711,0.2039568275213241,4444800.0
2018-04-12,0.1991007170598774,0.2039568275213241,0.1932733816116711,0.2039568275213241,2104300.0
2018-04-13,0.2039568263226042,0.2136690616607666,0.1942446054567925,0.2136690616607666,4652600.0
2018-04-16,0.2136690638205067,0.2136690638205067,0.1991007179021835,0.1991007179021835,1209500.0
2018-04-17,0.2039568275213241,0.2039568275213241,0.1991007170598774,0.2039568275213241,559800.0
2018-04-18,0.1991007187866049,0.2039568292901669,0.1942446082830429,0.1942446082830429,2014200.0
2018-04-19,0.1942446082830429,0.1991007187866049,0.1942446082830429,0.1942446082830429,629800.0
2018-04-20,0.1903596996789792,0.1923021495813509,0.1893884747277933,0.1913309246301651,253500.0
2018-04-23,0.1913309216820935,0.1923021466183145,0.1903596967458725,0.1903596967458725,264000.0
2018-04-24,0.1893884837627411,0.1913309337577792,0.1884172732375729,0.1893884837627411,485500.0
2018-04-25,0.1864748208099114,0.189388481292108,0.1855035958250623,0.1884172707796096,585000.0
2018-04-26,0.1864748241480712,0.1864748241480712,0.1825899241391296,0.1845323741436004,245200.0
2018-04-27,0.1825899241391296,0.188417274152542,0.1816187136092452,0.1845323741436004,923700.0
2018-04-30,0.1835611348575876,0.1835611348575876,0.1777337997699792,0.1796762496232986,722700.0
2018-05-02,0.1777338087558746,0.1777338087558746,0.173848923325173,0.1777338087558746,1338200.0
2018-05-03,0.1777338087558746,0.1777338087558746,0.1728776983494099,0.1777338087558746,995900.0
2018-05-04,0.1767625779309139,0.1767625779309139,0.1738489175723904,0.1757913529872894,448500.0
2018-05-07,0.174820140004158,0.174820140004158,0.1719064652151487,0.174820140004158,234500.0
2018-05-08,0.1748201461437778,0.1748201461437778,0.1709352462886625,0.1719064712524414,320100.0
2018-05-09,0.1728776902750605,0.1728776902750605,0.1699640154838562,0.1699640154838562,307000.0
2018-05-10,0.1699640154838562,0.1719064653446591,0.1670503551650017,0.1699640154838562,216000.0
2018-05-11,0.1709352462886625,0.1719064712524414,0.1699640213248837,0.1719064712524414,71400.0
2018-05-14,0.1719064712524414,0.1719064712524414,0.1699640213248837,0.1719064712524414,27400.0
2018-05-15,0.171906477497917,0.171906477497917,0.1689928025007248,0.1689928025007248,35900.0
2018-05-16,0.1689927905534547,0.1709352404142576,0.1670503551650017,0.1699640154838562,327700.0
2018-05-17,0.1699640274997888,0.1699640274997888,0.1670503669749476,0.1689928025007248,195900.0
2018-05-18,0.1689928025007248,0.1689928025007248,0.1670503669749476,0.1689928025007248,47700.0
2018-05-21,0.1689927970969661,0.1689927970969661,0.1651079116972849,0.1670503616333007,401400.0
2018-05-22,0.1651079087980546,0.1689927941295187,0.1631654588961474,0.1660791337490081,323400.0
2018-05-23,0.1660791415220949,0.177733812534317,0.1631654665328639,0.1738489270210266,829000.0
2018-05-24,0.1719064653446591,0.1767625755243164,0.1670503551650017,0.1699640154838562,529000.0
2018-05-25,0.1738489150744882,0.1767625753911476,0.1689927904261395,0.174820140004158,960900.0
2018-05-28,0.1738489150744882,0.1777338003208173,0.1738489150744882,0.174820140004158,1056200.0
2018-05-30,0.1748201431568886,0.1748201431568886,0.1709352433681488,0.1709352433681488,132700.0
2018-05-31,0.1757913504614778,0.1757913504614778,0.1738489150744882,0.174820140004158,2200.0
2018-06-01,0.1748201520174369,0.1748201520174369,0.1709352520317956,0.1738489270210266,14700.0
2018-06-04,0.1738489270210266,0.1738489270210266,0.1738489270210266,0.1738489270210266,0.0
2018-06-05,0.1738489270210266,0.1748201520174369,0.1709352520317956,0.1738489270210266,227700.0
2018-06-06,0.172877699136734,0.172877699136734,0.1709352491763615,0.172877699136734,21400.0
2018-06-07,0.1728776962162202,0.1728776962162202,0.1709352462886625,0.1719064712524414,50800.0
2018-06-08,0.1719064683153337,0.1757913536317234,0.1660791331045741,0.1709352433681488,237200.0
2018-06-11,0.1709352404142576,0.1709352404142576,0.1670503551650017,0.1699640154838562,47200.0
2018-06-12,0.1699640154838562,0.1699640154838562,0.1699640154838562,0.1699640154838562,0.0
2018-06-13,0.1689927995988186,0.1689927995988186,0.16607913912401,0.1680215746164322,67500.0
2018-06-14,0.1651079169768194,0.1689928025007248,0.1651079169768194,0.1689928025007248,6200.0
2018-06-18,0.1689927934737789,0.1709352433681488,0.1680215685265939,0.1709352433681488,548900.0
2018-06-19,0.1709352433681488,0.1709352433681488,0.1709352433681488,0.1709352433681488,0.0
2018-06-20,0.1680215746164322,0.1680215746164322,0.16607913912401,0.1680215746164322,59600.0
2018-06-21,0.1680215656230533,0.1699640154838562,0.1660791302346003,0.1699640154838562,169000.0
2018-06-22,0.1699640154838562,0.1699640154838562,0.1699640154838562,0.1699640154838562,0.0
2018-06-25,0.1699640274997888,0.1699640274997888,0.1660791419758835,0.1689928025007248,58300.0
2018-06-26,0.1689928025007248,0.1689928025007248,0.1689928025007248,0.1689928025007248,0.0
2018-06-27,0.1660791366652928,0.1689927970969661,0.1651079116972849,0.1670503616333007,142500.0
2018-06-28,0.1680215721289582,0.1680215721289582,0.1670503616333007,0.1670503616333007,7400.0
2018-06-29,0.1641366891592372,0.1680215746164322,0.1641366891592372,0.1680215746164322,61400.0
2018-07-02,0.1680215754612908,0.1680215754612908,0.1631654649972915,0.1631654649972915,190000.0
2018-07-03,0.1631654649972915,0.1631654649972915,0.1631654649972915,0.1631654649972915,0.0
2018-07-04,0.1651079178859963,0.1651079178859963,0.1641366928815841,0.1641366928815841,700.0
2018-07-05,0.1641366809310169,0.1651079058647155,0.1631654559973183,0.1651079058647155,42300.0
2018-07-06,0.1651079058647155,0.1651079058647155,0.1651079058647155,0.1651079058647155,0.0
2018-07-09,0.1631654649972915,0.1641366899845615,0.1621942400100215,0.1631654649972915,142100.0
2018-07-10,0.1573381323230499,0.1641366928815841,0.1573381323230499,0.1641366928815841,23900.0
2018-07-11,0.1631654559973183,0.1660791307984142,0.1631654559973183,0.1651079058647155,189300.0
2018-07-12,0.164136683847101,0.1660791337490081,0.164136683847101,0.1660791337490081,67300.0
2018-07-13,0.1651079087980546,0.1660791337490081,0.1651079087980546,0.1660791337490081,89300.0
2018-07-16,0.1660791337490081,0.1660791337490081,0.1660791337490081,0.1660791337490081,0.0
2018-07-17,0.163165465868066,0.1670503658378787,0.1553956804007913,0.1583093553781509,947200.0
2018-07-18,0.1583093524684606,0.1602518024176652,0.1553956775446537,0.1573381274938583,298500.0
2018-07-19,0.1563668966635042,0.1563668966635042,0.1553956717252731,0.1553956717252731,15000.0
2018-07-20,0.1553956746530361,0.1563668996095657,0.1544244496965064,0.1563668996095657,266300.0
2018-07-23,0.1563668996095657,0.1563668996095657,0.1563668996095657,0.1563668996095657,0.0
2018-07-24,0.1553956775446537,0.1592805774430629,0.1553956775446537,0.1573381274938583,70200.0
2018-07-25,0.1592805744791546,0.1592805744791546,0.1563668996095657,0.1563668996095657,84100.0
2018-07-26,0.1583093524684606,0.1583093524684606,0.1553956775446537,0.1573381274938583,42900.0
2018-07-27,0.1573381274938583,0.1583093524684606,0.1553956775446537,0.1573381274938583,89500.0
2018-07-30,0.1544244525700514,0.1583093524684606,0.1544244525700514,0.1573381274938583,65300.0
2018-07-31,0.1573381186000876,0.1573381186000876,0.1544244438409805,0.1544244438409805,20500.0
2018-08-01,0.1544244525700514,0.1573381274938583,0.1544244525700514,0.1573381274938583,45200.0
2018-08-02,0.1573381274938583,0.1573381274938583,0.1573381274938583,0.1573381274938583,0.0
2018-08-03,0.1573381303856977,0.1592805803706041,0.1573381303856977,0.1583093553781509,229000.0
2018-08-06,0.1583093582523571,0.1592805832624435,0.1583093582523571,0.1592805832624435,28300.0
2018-08-07,0.1553956717252731,0.1583093465399664,0.153453236321161,0.1553956717252731,232900.0
2018-08-08,0.1592805832624435,0.1592805832624435,0.1553956832220979,0.1592805832624435,292000.0
2018-08-10,0.1592805803706041,0.1592805803706041,0.1553956804007913,0.1583093553781509,13400.0
2018-08-13,0.1553956746530361,0.158309349522625,0.1534532392123271,0.1563668996095657,61200.0
2018-08-14,0.1544244525700514,0.1573381274938583,0.1524820170931974,0.1573381274938583,185600.0
2018-08-15,0.1515107892992678,0.1563668996095657,0.1515107892992678,0.1563668996095657,39000.0
2018-08-16,0.1563669003228754,0.1563669003228754,0.1466546651856244,0.1515107899904251,232800.0
2018-08-17,0.1515107846159056,0.1515107846159056,0.1388848895160009,0.1447122246026992,36400.0
2018-08-20,0.1447122300167851,0.1466546654701233,0.1437410050539409,0.1466546654701233,260300.0
2018-08-21,0.1466546683723515,0.1534532432468019,0.1466546683723515,0.1476258933544159,83900.0
2018-08-23,0.1476258971760435,0.1524820222120769,0.1437410116195678,0.1437410116195678,168200.0
2018-08-24,0.1417985579343805,0.1534532432468019,0.1417985579343805,0.1476258933544159,328700.0
2018-08-27,0.1456834578626379,0.1476258933544159,0.1456834578626379,0.1476258933544159,18200.0
2018-08-28,0.1476258933544159,0.1476258933544159,0.1476258933544159,0.1476258933544159,0.0
2018-08-29,0.1447122275407652,0.147625887907095,0.1447122275407652,0.1456834524869918,37300.0
2018-08-30,0.1437410050539409,0.1466546654701233,0.1437410050539409,0.1466546654701233,23700.0
2018-08-31,0.1466546712366421,0.1485971212387085,0.1456834607079598,0.1485971212387085,22900.0
2018-09-03,0.1485971212387085,0.1485971212387085,0.1485971212387085,0.1485971212387085,0.0
2018-09-04,0.1417985529143707,0.1466546631804237,0.14082732796669,0.14082732796669,42700.0
2018-09-05,0.1447122246026992,0.1447122246026992,0.1408273248966671,0.1447122246026992,2100.0
2018-09-06,0.1447122337105445,0.1447122337105445,0.1388848982570875,0.1427697837352752,64000.0
2018-09-07,0.1398561059153937,0.1437410057865716,0.1398561059153937,0.1417985558509826,77300.0
2018-09-10,0.1388848923357556,0.1485971128533216,0.1388848923357556,0.1456834524869918,30900.0
2018-09-11,0.1456834527050932,0.1456834527050932,0.1388848925436789,0.14082732796669,41300.0
2018-09-12,0.1408273301654082,0.1466546654701233,0.1408273301654082,0.1466546654701233,18300.0
2018-09-13,0.1466546629608683,0.1466546629608683,0.1456834524869918,0.1456834524869918,2100.0
2018-09-14,0.1466546654701233,0.1466546654701233,0.1456834549796294,0.1466546654701233,800.0
2018-09-17,0.1466546662176045,0.1466546662176045,0.1359712205165663,0.1417985558509826,128000.0
2018-09-18,0.1417985527020853,0.1456834524869918,0.1417985527020853,0.1456834524869918,10700.0
2018-09-19,0.1466546617535433,0.1553956717252731,0.1456834512876623,0.1553956717252731,431900.0
2018-09-20,0.1553956717252731,0.1553956717252731,0.1505395615064677,0.1553956717252731,148300.0
2018-09-21,0.1476258866917744,0.1573381216017353,0.1456834512876623,0.1553956717252731,381800.0
2018-09-24,0.1553956717252731,0.1553956717252731,0.153453236321161,0.1553956717252731,56100.0
2018-09-25,0.1553956746530361,0.1573381245660954,0.1534532392123271,0.1563668996095657,174400.0
2018-09-26,0.1553956717252731,0.1563668966635042,0.1524820113829299,0.1553956717252731,237400.0
2018-09-27,0.1544244525700514,0.1573381274938583,0.1544244525700514,0.1573381274938583,16300.0
2018-09-28,0.1573381274938583,0.1573381274938583,0.1573381274938583,0.1573381274938583,0.0
2018-10-01,0.1485971116300055,0.1553956717252731,0.1485971116300055,0.1553956717252731,51300.0
2018-10-02,0.1553956717252731,0.1553956717252731,0.1553956717252731,0.1553956717252731,1700.0
2018-10-03,0.1553956717252731,0.1553956717252731,0.1553956717252731,0.1553956717252731,0.0
2018-10-04,0.1476258957712237,0.1544244562846238,0.1476258957712237,0.1534532457590103,58800.0
2018-10-05,0.1476258838754137,0.1544244438409805,0.1476258838754137,0.1544244438409805,53800.0
2018-10-08,0.1505395615064677,0.1553956717252731,0.1505395615064677,0.1553956717252731,50000.0
2018-10-09,0.153453236321161,0.1563668966635042,0.153453236321161,0.1553956717252731,230900.0
2018-10-10,0.1553956687606829,0.1553956687606829,0.1544244438409805,0.1544244438409805,106700.0
2018-10-11,0.1534532457590103,0.1534532457590103,0.1534532457590103,0.1534532457590103,36000.0
2018-10-12,0.1495683421693905,0.1573381274938583,0.1495683421693905,0.1573381274938583,12800.0
2018-10-15,0.1553956717252731,0.1553956717252731,0.1553956717252731,0.1553956717252731,123100.0
2018-10-16,0.1553956746530361,0.1563668996095657,0.1553956746530361,0.1563668996095657,30100.0
2018-10-17,0.1563668996095657,0.1563668996095657,0.1563668996095657,0.1563668996095657,0.0
2018-10-18,0.1553956717252731,0.1553956717252731,0.1524820113829299,0.1553956717252731,42700.0
2018-10-19,0.1476258894731492,0.1563668996095657,0.1476258894731492,0.1563668996095657,11000.0
2018-10-22,0.1563668936803852,0.1563668936803852,0.1466546589557114,0.1544244438409805,35900.0
2018-10-23,0.1544244438409805,0.1544244438409805,0.1544244438409805,0.1544244438409805,0.0
2018-10-24,0.1544244562846238,0.1553956812825882,0.1534532457590103,0.1534532457590103,3500.0
2018-10-25,0.1534532457590103,0.1534532457590103,0.1466546707732593,0.1534532457590103,40700.0
2018-10-26,0.1456834524869918,0.1456834524869918,0.1456834524869918,0.1456834524869918,10000.0
2018-10-29,0.1456834495292073,0.1456834495292073,0.1447122246026992,0.1447122246026992,25000.0
2018-10-30,0.1447122246026992,0.1447122246026992,0.1447122246026992,0.1447122246026992,0.0
2018-10-31,0.1515107876920015,0.1515107876920015,0.1369424424433023,0.1456834524869918,269300.0
2018-11-01,0.1359712183475494,0.1359712183475494,0.1359712183475494,0.1359712183475494,132000.0
2018-11-02,0.1369424510414721,0.1437410116195678,0.1369424510414721,0.1437410116195678,83300.0
2018-11-05,0.1437409996761912,0.1447122246026992,0.1437409996761912,0.1447122246026992,80000.0
2018-11-07,0.1447122246026992,0.1447122246026992,0.1447122246026992,0.1447122246026992,0.0
2018-11-08,0.1417985527020853,0.1456834524869918,0.1417985527020853,0.1456834524869918,38300.0
2018-11-09,0.1456834524869918,0.1456834524869918,0.1456834524869918,0.1456834524869918,0.0
2018-11-12,0.1447122246026992,0.1447122246026992,0.1447122246026992,0.1447122246026992,80000.0
2018-11-13,0.14082732796669,0.14082732796669,0.14082732796669,0.14082732796669,8400.0
2018-11-14,0.141798549310232,0.1495683342218399,0.1369424391676082,0.1495683342218399,48400.0
2018-11-15,0.1485971169642901,0.1485971169642901,0.136942446231842,0.136942446231842,87400.0
2018-11-16,0.136942446231842,0.136942446231842,0.136942446231842,0.136942446231842,600.0
2018-11-19,0.136942446231842,0.136942446231842,0.136942446231842,0.136942446231842,0.0
2018-11-20,0.1359712183475494,0.1359712183475494,0.1359712183475494,0.1359712183475494,57200.0
2018-11-21,0.1359712183475494,0.1359712183475494,0.1359712183475494,0.1359712183475494,0.0
2018-11-22,0.1359712183475494,0.1359712183475494,0.1359712183475494,0.1359712183475494,0.0
2018-11-23,0.1349999933952479,0.1359712183475494,0.1340287684429465,0.1359712183475494,39300.0
2018-11-26,0.14082732796669,0.14082732796669,0.14082732796669,0.14082732796669,13600.0
2018-11-27,0.14082732796669,0.1456834527050932,0.135971217700637,0.14082732796669,56000.0
2018-11-28,0.1359712275157022,0.1359712275157022,0.133057552462337,0.1340287774801254,154900.0
2018-11-29,0.1340287774801254,0.1340287774801254,0.1340287774801254,0.1340287774801254,0.0
2018-11-30,0.1330575495958328,0.1330575495958328,0.1330575495958328,0.1330575495958328,10000.0
2018-12-03,0.1330575495958328,0.1330575495958328,0.1330575495958328,0.1330575495958328,0.0
2018-12-04,0.1330575495958328,0.1330575495958328,0.1330575495958328,0.1330575495958328,0.0
2018-12-05,0.1330575495958328,0.1330575495958328,0.1330575495958328,0.1330575495958328,2000.0
2018-12-06,0.1330575495958328,0.1330575495958328,0.1330575495958328,0.1330575495958328,0.0
2018-12-07,0.126258982192496,0.126258982192496,0.0971222990038873,0.102949634194374,1239700.0
2018-12-10,0.1000359718908937,0.1000359718908937,0.0971223041415214,0.0971223041415214,483700.0
2018-12-11,0.0971223012232284,0.0971223012232284,0.0961510762572288,0.0961510762572288,111300.0
2018-12-12,0.0942086345158706,0.1116906479001045,0.0932374095400311,0.1116906479001045,538900.0
2018-12-13,0.1048920847862021,0.1107194200158119,0.0922661821404807,0.1107194200158119,1058100.0
2018-12-14,0.1029496371073793,0.1058633047850661,0.1019784121360919,0.1039208620786666,289300.0
2018-12-17,0.0971223044492326,0.1048920899629592,0.0971223044492326,0.1048920899629592,191500.0
2018-12-18,0.1048920899629592,0.1058633077250435,0.1019784149681801,0.1048920899629592,218100.0
2018-12-19,0.1048920852278498,0.1058633029460907,0.1039208602734338,0.1058633029460907,77000.0
2018-12-20,0.1048920899629592,0.1048920899629592,0.1039208649646995,0.1048920899629592,110200.0
2018-12-21,0.1000359704353748,0.1068345308303833,0.1000359704353748,0.1068345308303833,182700.0
2018-12-24,0.0990647472095765,0.1058633077250435,0.0990647472095765,0.1048920899629592,66300.0
2018-12-26,0.101978413760662,0.101978413760662,0.101978413760662,0.101978413760662,147500.0
2018-12-27,0.1019784103646018,0.1058633029460907,0.1019784103646018,0.1058633029460907,310000.0
2018-12-28,0.1048920836800177,0.1078057512640953,0.1039208587399335,0.1078057512640953,15500.0
2018-12-31,0.1029496348855487,0.1107194200158119,0.1029496348855487,0.1107194200158119,12600.0
2019-01-01,0.1107194200158119,0.1107194200158119,0.1107194200158119,0.1107194200158119,0.0
2019-01-02,0.1029496381423534,0.1068345308303833,0.1019784131613021,0.1068345308303833,58300.0
2019-01-03,0.1029496381423534,0.1087769807924859,0.1029496381423534,0.1068345308303833,12100.0
2019-01-04,0.1029496399664398,0.1087769827198226,0.1029496399664398,0.1048920899629592,36200.0
2019-01-07,0.1097481985373618,0.1126618662443404,0.1029496381423534,0.1068345308303833,70900.0
2019-01-08,0.1107194188481728,0.1107194188481728,0.1019784088597651,0.1078057512640953,6700.0
2019-01-09,0.1068345308303833,0.1097481985373618,0.1029496381423534,0.1068345308303833,19600.0
2019-01-10,0.1029496365863321,0.1087769791483879,0.1029496365863321,0.1087769791483879,32900.0
2019-01-11,0.1068345308303833,0.1068345308303833,0.1068345308303833,0.1068345308303833,52000.0
2019-01-14,0.1048920899629592,0.1068345327233032,0.1029496399664398,0.1048920899629592,98700.0
2019-01-15,0.104892087049954,0.104892087049954,0.1019784121360919,0.1039208620786666,28200.0
2019-01-16,0.101978413760662,0.101978413760662,0.101978413760662,0.101978413760662,36800.0
2019-01-17,0.101978413760662,0.101978413760662,0.101978413760662,0.101978413760662,0.0
2019-01-18,0.1068345263240111,0.1078057512640953,0.1039208587399335,0.1078057512640953,49000.0
2019-01-21,0.1019784103646018,0.1058633029460907,0.1019784103646018,0.1058633029460907,138200.0
2019-01-22,0.1039208602734338,0.1058633029460907,0.1029496353190178,0.1058633029460907,718100.0
2019-01-23,0.1058633029460907,0.1058633029460907,0.1058633029460907,0.1058633029460907,40000.0
2019-01-24,0.1058633029460907,0.1058633029460907,0.1058633029460907,0.1058633029460907,0.0
2019-01-25,0.1048920852278498,0.1058633029460907,0.1048920852278498,0.1058633029460907,77400.0
2019-01-28,0.1058633029460907,0.1058633029460907,0.1058633029460907,0.1058633029460907,15000.0
2019-01-29,0.1058633029460907,0.1058633029460907,0.1058633029460907,0.1058633029460907,0.0
2019-01-30,0.1058633029460907,0.1058633029460907,0.1058633029460907,0.1058633029460907,6000.0
2019-01-31,0.1039208602734338,0.1058633029460907,0.1019784103646018,0.1058633029460907,629700.0
2019-02-01,0.1029496387474215,0.1029496387474215,0.101978413760662,0.101978413760662,20800.0
2019-02-04,0.101978413760662,0.101978413760662,0.101978413760662,0.101978413760662,0.0
2019-02-05,0.101978413760662,0.101978413760662,0.101978413760662,0.101978413760662,0.0
2019-02-07,0.101978413760662,0.101978413760662,0.101978413760662,0.101978413760662,0.0
2019-02-08,0.0990647450089454,0.0990647450089454,0.0990647450089454,0.0990647450089454,6600.0
2019-02-11,0.0980935245752334,0.0980935245752334,0.097122299625214,0.0980935245752334,118400.0
2019-02-12,0.097122299625214,0.0980935245752334,0.0951798497251752,0.0980935245752334,500100.0
2019-02-13,0.0980935245752334,0.0980935245752334,0.0942086320113308,0.0980935245752334,201000.0
2019-02-14,0.094208637076271,0.0971223048468017,0.0922661870718002,0.0922661870718002,572400.0
2019-02-15,0.0922661870718002,0.0922661870718002,0.0912949620695648,0.0922661870718002,100800.0
2019-02-18,0.0912949564601815,0.0942086312878645,0.0883812888686736,0.0903237387537956,778200.0
2019-02-19,0.0922661841590827,0.0922661841590827,0.0874100737735575,0.0912949591875076,296400.0
2019-02-20,0.0893525129958981,0.0893525129958981,0.0747841679351188,0.0825539529323577,1127100.0
2019-02-21,0.0825539574859157,0.0825539574859157,0.0815827324986457,0.0815827324986457,471300.0
2019-02-22,0.0806115027305656,0.087410070002079,0.0806115027305656,0.087410070002079,340400.0
2019-02-25,0.0893525183200836,0.0903237433116539,0.0893525183200836,0.0893525183200836,190200.0
2019-02-26,0.0932374075055122,0.0932374075055122,0.0874100722499834,0.0932374075055122,119600.0
2019-02-27,0.0912949564601815,0.0942086312878645,0.0883812888686736,0.0903237387537956,69200.0
2019-02-28,0.0835251837602081,0.0932374120740356,0.0835251837602081,0.0922661870718002,174000.0
2019-03-01,0.0893525183200836,0.0893525183200836,0.0893525183200836,0.0893525183200836,6000.0
2019-03-04,0.0883812876955738,0.0883812876955738,0.087410070002079,0.087410070002079,51000.0
2019-03-05,0.0835251790258795,0.0854676216840744,0.0825539540786946,0.0854676216840744,253000.0
2019-03-06,0.0825539568837974,0.086438849568367,0.0825539568837974,0.086438849568367,200000.0
2019-03-07,0.0835251808166503,0.0835251808166503,0.0835251808166503,0.0835251808166503,1000.0
2019-03-08,0.0903237375549133,0.0903237375549133,0.0835251775195749,0.087410070002079,252400.0
2019-03-11,0.087410070002079,0.087410070002079,0.087410070002079,0.087410070002079,0.0
2019-03-12,0.0825539568837974,0.086438849568367,0.0825539568837974,0.086438849568367,28400.0
2019-03-13,0.086438849568367,0.086438849568367,0.086438849568367,0.086438849568367,0.0
2019-03-14,0.0825539529323577,0.0825539529323577,0.0825539529323577,0.0825539529323577,13300.0
2019-03-15,0.0825539529323577,0.0825539529323577,0.0825539529323577,0.0825539529323577,0.0
2019-03-18,0.0825539525899052,0.087410070002079,0.0825539525899052,0.087410070002079,12800.0
2019-03-19,0.0835251778660564,0.0835251778660564,0.0825539529323577,0.0825539529323577,13300.0
2019-03-20,0.0825539540786946,0.0854676216840744,0.0825539540786946,0.0854676216840744,9600.0
2019-03-21,0.0825539529323577,0.0825539529323577,0.0825539529323577,0.0825539529323577,69600.0
2019-03-22,0.0825539574859157,0.0825539574859157,0.0815827324986457,0.0815827324986457,343900.0
2019-03-25,0.081582734415219,0.081582734415219,0.0796402916312217,0.0796402916312217,119100.0
2019-03-26,0.0835251834874738,0.0844964012503624,0.0806115084902816,0.0844964012503624,28200.0
2019-03-27,0.0806115030649605,0.0825539529323577,0.0806115030649605,0.0825539529323577,119500.0
2019-03-28,0.0825539529323577,0.0825539529323577,0.0825539529323577,0.0825539529323577,0.0
2019-03-29,0.0806115094051326,0.0825539594253053,0.0796402916312217,0.0796402916312217,90900.0
2019-04-01,0.0776978355000397,0.0825539529323577,0.0776978355000397,0.0825539529323577,32400.0
2019-04-02,0.0815827324986457,0.0825539574859157,0.0786690647730111,0.0815827324986457,104900.0
2019-04-03,0.0815827295667192,0.0815827295667192,0.0786690619457962,0.0806115046143531,226300.0
2019-04-04,0.0806115046143531,0.0806115046143531,0.0806115046143531,0.0806115046143531,0.0
2019-04-05,0.0786690637469291,0.0806115064599584,0.0786690637469291,0.0786690637469291,28100.0
2019-04-08,0.0786690666211353,0.0796402916312217,0.0786690666211353,0.0796402916312217,64600.0
2019-04-09,0.0796402916312217,0.0796402916312217,0.0796402916312217,0.0796402916312217,63500.0
2019-04-10,0.0796402916312217,0.0796402916312217,0.0796402916312217,0.0796402916312217,0.0
2019-04-11,0.0786690637469291,0.0786690637469291,0.0786690637469291,0.0786690637469291,134000.0
2019-04-12,0.0786690666211353,0.0796402916312217,0.0776978416110489,0.0796402916312217,96900.0
2019-04-15,0.0806115094051326,0.0806115094051326,0.0776978416110489,0.0796402916312217,81600.0
2019-04-16,0.0825539594253053,0.0825539594253053,0.0796402916312217,0.0796402916312217,19300.0
2019-04-17,0.0806115030649605,0.0825539529323577,0.0776978355000397,0.0825539529323577,49100.0
2019-04-18,0.0825539574859157,0.0825539574859157,0.0815827324986457,0.0815827324986457,27200.0
2019-04-22,0.0874100755731184,0.0912949610670488,0.0874100755731184,0.0893525183200836,358300.0
2019-04-23,0.0893525153955731,0.0893525153955731,0.088381290435791,0.088381290435791,182700.0
2019-04-24,0.0893525126252435,0.0893525126252435,0.087410070002079,0.087410070002079,26900.0
2019-04-25,0.078669063212786,0.0874100734525068,0.078669063212786,0.0835251808166503,25200.0
2019-04-26,0.0815827279986591,0.0883812880621995,0.0786690604337383,0.0825539529323577,272900.0
2019-04-29,0.0990647415283193,0.0990647415283193,0.0903237387537956,0.0903237387537956,434600.0
2019-04-30,0.0903237433116539,0.0903237433116539,0.0893525183200836,0.0893525183200836,134800.0
2019-05-02,0.0883812876955738,0.0883812876955738,0.0864388450724092,0.087410070002079,74700.0
2019-05-03,0.0864388466312593,0.0874100715784443,0.0844963967368894,0.0854676216840744,88400.0
2019-05-06,0.0864388450724092,0.087410070002079,0.0825539525899052,0.087410070002079,46100.0
2019-05-07,0.087410070002079,0.087410070002079,0.087410070002079,0.087410070002079,100900.0
2019-05-08,0.0825539529323577,0.0864388454309772,0.0806115030649605,0.0825539529323577,72100.0
2019-05-09,0.0825539529323577,0.0825539529323577,0.0825539529323577,0.0825539529323577,0.0
2019-05-10,0.086438849568367,0.0874100745485532,0.086438849568367,0.086438849568367,323000.0
2019-05-13,0.086438849568367,0.086438849568367,0.086438849568367,0.086438849568367,738000.0
2019-05-14,0.0864388450724092,0.087410070002079,0.0864388450724092,0.087410070002079,70000.0
2019-05-15,0.0874100727121841,0.088381290435791,0.0874100727121841,0.088381290435791,220300.0
2019-05-16,0.0893525126252435,0.0893525126252435,0.087410070002079,0.087410070002079,137600.0
2019-05-17,0.087410070002079,0.087410070002079,0.087410070002079,0.087410070002079,32700.0
2019-05-21,0.087410070002079,0.087410070002079,0.087410070002079,0.087410070002079,0.0
2019-05-22,0.087410070002079,0.087410070002079,0.087410070002079,0.087410070002079,0.0
2019-05-23,0.087410070002079,0.087410070002079,0.087410070002079,0.087410070002079,0.0
2019-05-24,0.087410070002079,0.087410070002079,0.087410070002079,0.087410070002079,0.0
2019-05-27,0.087410070002079,0.087410070002079,0.087410070002079,0.087410070002079,0.0
2019-05-28,0.0864388450724092,0.087410070002079,0.0864388450724092,0.087410070002079,58500.0
2019-05-29,0.087410070002079,0.087410070002079,0.087410070002079,0.087410070002079,0.0
2019-05-30,0.0825539584884097,0.0844964012503624,0.0825539584884097,0.0844964012503624,20000.0
2019-05-31,0.0815827276602354,0.087410070002079,0.0815827276602354,0.087410070002079,217500.0
2019-06-03,0.0747841716592723,0.0747841716592723,0.0738129466772079,0.0738129466772079,8000.0
2019-06-04,0.0796402864733148,0.0864388466312593,0.0796402864733148,0.0854676216840744,42000.0
2019-06-06,0.0835251794714512,0.0835251794714512,0.0806115046143531,0.0806115046143531,6500.0
2019-06-07,0.0825539529323577,0.0835251778660564,0.0825539529323577,0.0825539529323577,60100.0
2019-06-10,0.0825539529323577,0.0825539529323577,0.0825539529323577,0.0825539529323577,0.0
2019-06-11,0.0815827324986457,0.0815827324986457,0.0815827324986457,0.0815827324986457,9000.0
2019-06-12,0.0815827324986457,0.0815827324986457,0.0815827324986457,0.0815827324986457,1400.0
2019-06-13,0.0825539594253053,0.0825539594253053,0.0796402916312217,0.0796402916312217,28800.0
2019-06-14,0.0806115030649605,0.0825539529323577,0.0806115030649605,0.0825539529323577,84900.0
2019-06-17,0.0835251808166503,0.0835251808166503,0.0835251808166503,0.0835251808166503,100.0
2019-06-18,0.0835251844353917,0.0835251844353917,0.0796402916312217,0.0796402916312217,63500.0
2019-06-19,0.0806115069234249,0.0874100745485532,0.0806115069234249,0.086438849568367,23600.0
2019-06-20,0.0864388470923742,0.0864388470923742,0.0786690619457962,0.0806115046143531,31000.0
2019-06-21,0.0806115046143531,0.0806115046143531,0.0806115046143531,0.0806115046143531,0.0
2019-06-24,0.0806115059126266,0.0835251808166503,0.0806115059126266,0.0835251808166503,23000.0
2019-06-25,0.0835251813837653,0.0835251813837653,0.0786690637469291,0.0786690637469291,9300.0
2019-06-26,0.0796402916312217,0.0796402916312217,0.0796402916312217,0.0796402916312217,30000.0
2019-06-27,0.0806115046143531,0.0806115046143531,0.0806115046143531,0.0806115046143531,200.0
2019-06-28,0.0806115046143531,0.0815827295667192,0.0806115046143531,0.0806115046143531,152100.0
2019-07-01,0.0806115075113757,0.0815827324986457,0.0806115075113757,0.0815827324986457,22900.0
2019-07-02,0.0806115046143531,0.0806115046143531,0.0806115046143531,0.0806115046143531,42100.0
2019-07-03,0.0806115046143531,0.0806115046143531,0.0806115046143531,0.0806115046143531,300.0
2019-07-04,0.0806115094051326,0.0825539594253053,0.0796402916312217,0.0796402916312217,11000.0
2019-07-05,0.0796402916312217,0.0796402916312217,0.0796402916312217,0.0796402916312217,0.0
2019-07-08,0.081582734415219,0.081582734415219,0.0796402916312217,0.0796402916312217,10300.0
2019-07-09,0.0796402916312217,0.0796402916312217,0.0796402916312217,0.0796402916312217,0.0
2019-07-10,0.0796402916312217,0.0796402916312217,0.0796402916312217,0.0796402916312217,0.0
2019-07-11,0.0844964022093026,0.0844964022093026,0.0796402916312217,0.0796402916312217,148900.0
2019-07-12,0.0796402916312217,0.0825539594253053,0.0796402916312217,0.0796402916312217,1054000.0
2019-07-15,0.0786690608008676,0.0786690608008676,0.0776978358626365,0.0776978358626365,116300.0
2019-07-16,0.0786690637469291,0.0786690637469291,0.0786690637469291,0.0786690637469291,60400.0
2019-07-17,0.0776978387723268,0.0786690637469291,0.0776978387723268,0.0786690637469291,65700.0
2019-07-18,0.0786690656392585,0.0796402906372229,0.0767266228795051,0.0767266228795051,412900.0
2019-07-19,0.0767266210338998,0.0786690637469291,0.0767266210338998,0.0786690637469291,9600.0
2019-07-22,0.0786690608008676,0.0786690608008676,0.0776978358626365,0.0776978358626365,95800.0
2019-07-23,0.0776978358626365,0.0796402857390987,0.0776978358626365,0.0776978358626365,39400.0
2019-07-24,0.0786690637469291,0.0796402887215314,0.0767266210338998,0.0786690637469291,534000.0
2019-07-25,0.0776978387723268,0.0806115064599584,0.0776978387723268,0.0786690637469291,552400.0
2019-07-26,0.0776978397857411,0.0825539574859157,0.0776978397857411,0.0815827324986457,14200.0
2019-07-29,0.0776978358626365,0.0776978358626365,0.0776978358626365,0.0776978358626365,12000.0
2019-07-30,0.0776978358626365,0.0786690608008676,0.0776978358626365,0.0776978358626365,136000.0
2019-07-31,0.0776978358626365,0.0776978358626365,0.0776978358626365,0.0776978358626365,0.0
2019-08-01,0.0767266181605805,0.0776978358626365,0.0767266181605805,0.0776978358626365,90100.0
2019-08-02,0.0776978358626365,0.0776978358626365,0.0776978358626365,0.0776978358626365,0.0
2019-08-05,0.0776978358626365,0.0776978358626365,0.0776978358626365,0.0776978358626365,0.0
2019-08-06,0.0767266181605805,0.0776978358626365,0.0757553932223494,0.0776978358626365,108300.0
2019-08-07,0.0776978358626365,0.0776978358626365,0.0776978358626365,0.0776978358626365,0.0
2019-08-08,0.0786690637469291,0.0786690637469291,0.0786690637469291,0.0786690637469291,100.0
2019-08-13,0.0806115083990119,0.0806115083990119,0.0747841728835763,0.0767266228795051,46300.0
2019-08-14,0.0747841671109199,0.0747841671109199,0.0747841671109199,0.0747841671109199,3000.0
2019-08-15,0.0747841716592723,0.0747841716592723,0.0738129466772079,0.0738129466772079,32600.0
2019-08-16,0.0738129466772079,0.0738129466772079,0.0738129466772079,0.0738129466772079,29500.0
2019-08-19,0.0738129439535475,0.0738129439535475,0.0728417262434959,0.0728417262434959,153600.0
2019-08-20,0.0728417262434959,0.0728417262434959,0.0708992763510426,0.0728417262434959,106000.0
2019-08-21,0.0708992779254913,0.0708992779254913,0.0708992779254913,0.0708992779254913,105000.0
2019-08-22,0.0718705012972693,0.0738129439535475,0.0708992763510426,0.0728417262434959,95900.0
2019-08-23,0.0718705012972693,0.0728417262434959,0.0718705012972693,0.0728417262434959,3500.0
2019-08-26,0.0728417262434959,0.0728417262434959,0.0728417262434959,0.0728417262434959,0.0
2019-08-27,0.0708992779254913,0.0738129455926994,0.0708992779254913,0.0708992779254913,160200.0
2019-08-28,0.0708992749684861,0.0708992749684861,0.0699280500411987,0.0699280500411987,159000.0
2019-08-29,0.0699280500411987,0.0699280500411987,0.0699280500411987,0.0699280500411987,32300.0
2019-08-30,0.0699280500411987,0.0699280500411987,0.0699280500411987,0.0699280500411987,0.0
2019-09-02,0.0699280500411987,0.0699280500411987,0.0699280500411987,0.0699280500411987,0.0
2019-09-03,0.0699280500411987,0.0699280500411987,0.0699280500411987,0.0699280500411987,3300.0
2019-09-04,0.0708992784224614,0.0786690637469291,0.0708992784224614,0.0786690637469291,315700.0
2019-09-05,0.0776978416110489,0.0796402916312217,0.0776978416110489,0.0796402916312217,59200.0
2019-09-06,0.0796402916312217,0.0796402916312217,0.0796402916312217,0.0796402916312217,114300.0
2019-09-09,0.0767266228795051,0.0767266228795051,0.0767266228795051,0.0767266228795051,45000.0
2019-09-10,0.0767266228795051,0.0767266228795051,0.0767266228795051,0.0767266228795051,0.0
2019-09-11,0.0767266238371381,0.0796402916312217,0.0767266238371381,0.0796402916312217,211300.0
2019-09-12,0.0796402916312217,0.0796402916312217,0.0796402916312217,0.0796402916312217,100000.0
2019-09-13,0.0776978358626365,0.0776978358626365,0.0776978358626365,0.0776978358626365,50000.0
2019-09-16,0.0786690626419178,0.0786690626419178,0.0757553949952125,0.0757553949952125,125000.0
2019-09-17,0.0757553949952125,0.0757553949952125,0.0757553949952125,0.0757553949952125,0.0
2019-09-18,0.0757553949952125,0.0757553949952125,0.0757553949952125,0.0757553949952125,0.0
2019-09-19,0.0757553949952125,0.0757553949952125,0.0757553949952125,0.0757553949952125,10000.0
2019-09-20,0.0757553949952125,0.0757553949952125,0.0757553949952125,0.0757553949952125,0.0
2019-09-23,0.0796402916312217,0.0796402916312217,0.0776978416110489,0.0796402916312217,358900.0
2019-09-24,0.0796402916312217,0.0796402916312217,0.0796402916312217,0.0796402916312217,0.0
2019-09-25,0.0747841671109199,0.0747841671109199,0.0747841671109199,0.0747841671109199,67000.0
2019-09-26,0.073812946110093,0.0786690637469291,0.073812946110093,0.0786690637469291,212500.0
2019-09-27,0.0806115075113757,0.0825539574859157,0.0786690647730111,0.0815827324986457,415900.0
2019-09-30,0.0815827324986457,0.0815827324986457,0.0815827324986457,0.0815827324986457,0.0
2019-10-01,0.0776978358626365,0.0776978358626365,0.0776978358626365,0.0776978358626365,13000.0
2019-10-02,0.0776978376809576,0.0776978376809576,0.0757553949952125,0.0757553949952125,18100.0
2019-10-03,0.0747841671109199,0.0747841671109199,0.0728417245011054,0.0747841671109199,195000.0
2019-10-04,0.0708992779254913,0.0708992779254913,0.0708992779254913,0.0708992779254913,8500.0
2019-10-07,0.069928054815489,0.069928054815489,0.0689568370580673,0.0689568370580673,22300.0
2019-10-08,0.0689568370580673,0.0689568370580673,0.0689568370580673,0.0689568370580673,6400.0
2019-10-09,0.0689568370580673,0.0689568370580673,0.0689568370580673,0.0689568370580673,0.0
2019-10-10,0.0699280529576968,0.0718705028932858,0.0699280529576968,0.0708992779254913,105900.0
2019-10-11,0.0708992808025772,0.0718705058097839,0.0708992808025772,0.0718705058097839,11500.0
2019-10-14,0.0728417262434959,0.0728417262434959,0.0728417262434959,0.0728417262434959,69500.0
2019-10-15,0.0728417297962806,0.0728417297962806,0.0689568370580673,0.0689568370580673,2300.0
2019-10-16,0.0689568323500862,0.0699280500411987,0.0689568323500862,0.0699280500411987,41300.0
2019-10-17,0.0699280500411987,0.0699280500411987,0.0699280500411987,0.0699280500411987,0.0
2019-10-18,0.0718705058097839,0.0738129485880217,0.0689568380243394,0.0718705058097839,184700.0
2019-10-21,0.0689568362392369,0.0738129466772079,0.0689568362392369,0.0738129466772079,35200.0
2019-10-22,0.0738129466772079,0.0738129466772079,0.0738129466772079,0.0738129466772079,0.0
2019-10-23,0.0708992779254913,0.0708992779254913,0.0708992779254913,0.0708992779254913,300.0
2019-10-24,0.0728417262434959,0.0728417262434959,0.0728417262434959,0.0728417262434959,100.0
2019-10-25,0.0776978358626365,0.0776978358626365,0.0776978358626365,0.0776978358626365,33200.0
2019-10-29,0.0776978346437291,0.0776978346437291,0.0747841671109199,0.0747841671109199,7400.0
2019-10-30,0.0738129421879252,0.0776978346437291,0.0738129421879252,0.0747841671109199,311100.0
2019-10-31,0.0757553932223494,0.0776978358626365,0.0757553932223494,0.0776978358626365,493700.0
2019-11-01,0.0776978358626365,0.0776978358626365,0.0747841682841183,0.0776978358626365,149000.0
2019-11-04,0.0776978406412941,0.0776978406412941,0.0767266228795051,0.0767266228795051,309400.0
2019-11-05,0.0786690637469291,0.0786690637469291,0.0786690637469291,0.0786690637469291,12000.0
2019-11-06,0.0786690637469291,0.0786690637469291,0.0786690637469291,0.0786690637469291,0.0
2019-11-07,0.0776978387723268,0.0786690637469291,0.0776978387723268,0.0786690637469291,14000.0
2019-11-08,0.0786690637469291,0.0786690637469291,0.0767266210338998,0.0786690637469291,351000.0
2019-11-11,0.0796402868981622,0.0806115046143531,0.0767266192772392,0.0806115046143531,496900.0
2019-11-12,0.0806115094051326,0.0806115094051326,0.0776978416110489,0.0796402916312217,29800.0
2019-11-13,0.079640290727393,0.0864388512484905,0.079640290727393,0.0844964012503624,501900.0
2019-11-14,0.08449639556358,0.08449639556358,0.0825539529323577,0.0825539529323577,51200.0
2019-11-15,0.0825539574859157,0.0825539574859157,0.0815827324986457,0.0815827324986457,35400.0
2019-11-18,0.0835251818639836,0.0883812922925641,0.0835251818639836,0.086438849568367,862000.0
2019-11-19,0.0864388484844989,0.0864388484844989,0.0835251808166503,0.0835251808166503,14000.0
2019-11-20,0.0864388454309772,0.0864388454309772,0.0825539529323577,0.0825539529323577,72700.0
2019-11-21,0.0815827324986457,0.0815827324986457,0.0815827324986457,0.0815827324986457,27000.0
2019-11-22,0.0835251824731857,0.0835251824731857,0.0815827324986457,0.0815827324986457,100000.0
2019-11-25,0.0815827279986591,0.0835251778660564,0.0815827279986591,0.0825539529323577,39300.0
2019-11-26,0.0825539529323577,0.0825539529323577,0.0825539529323577,0.0825539529323577,0.0
2019-11-27,0.0825539529323577,0.0825539529323577,0.0815827279986591,0.0825539529323577,60500.0
2019-11-28,0.0825539529323577,0.0825539529323577,0.0825539529323577,0.0825539529323577,0.0
2019-11-29,0.0825539529323577,0.0825539529323577,0.0825539529323577,0.0825539529323577,0.0
2019-12-02,0.0844963952130697,0.087410070002079,0.0844963952130697,0.087410070002079,17900.0
2019-12-03,0.0874100745485532,0.0874100745485532,0.086438849568367,0.086438849568367,30500.0
2019-12-04,0.086438849568367,0.086438849568367,0.086438849568367,0.086438849568367,11100.0
2019-12-05,0.0854676252115503,0.0854676252115503,0.0796402897602811,0.0815827324986457,6600.0
2019-12-06,0.0815827308806345,0.085467623516491,0.0806115059126266,0.0835251808166503,30000.0
2019-12-09,0.0835251778660564,0.0835251778660564,0.0825539529323577,0.0825539529323577,700.0
2019-12-10,0.0815827295667192,0.0815827295667192,0.0806115046143531,0.0806115046143531,78500.0
2019-12-11,0.0806115030649605,0.0825539529323577,0.0806115030649605,0.0825539529323577,41000.0
2019-12-12,0.0806115094051326,0.0806115094051326,0.0796402916312217,0.0796402916312217,22300.0
2019-12-13,0.0835251808166503,0.0835251808166503,0.0835251808166503,0.0835251808166503,800.0
2019-12-16,0.0835251818639836,0.0883812922925641,0.0835251818639836,0.086438849568367,464600.0
2019-12-17,0.086438849568367,0.086438849568367,0.086438849568367,0.086438849568367,100.0
2019-12-18,0.0864388512484905,0.0864388512484905,0.0844964012503624,0.0844964012503624,1300.0
2019-12-19,0.0844964012503624,0.0844964012503624,0.0844964012503624,0.0844964012503624,0.0
2019-12-20,0.0864388466312593,0.0864388466312593,0.0854676216840744,0.0854676216840744,600.0
2019-12-23,0.0854676216840744,0.0854676216840744,0.0854676216840744,0.0854676216840744,500.0
2019-12-24,0.0854676216840744,0.0854676216840744,0.0854676216840744,0.0854676216840744,0.0
2019-12-25,0.0854676216840744,0.0854676216840744,0.0854676216840744,0.0854676216840744,0.0
2019-12-26,0.0854676216840744,0.0854676216840744,0.0854676216840744,0.0854676216840744,80000.0
2019-12-27,0.0854676216840744,0.0874100715784443,0.0844963967368894,0.0854676216840744,130700.0
2019-12-30,0.0844964012503624,0.0844964012503624,0.0844964012503624,0.0844964012503624,57000.0
2019-12-31,0.0844963996079945,0.086438849568367,0.0844963996079945,0.086438849568367,30000.0
2020-01-02,0.086438849568367,0.086438849568367,0.086438849568367,0.086438849568367,0.0
2020-01-03,0.086438849568367,0.086438849568367,0.086438849568367,0.086438849568367,0.0
2020-01-06,0.0815827324986457,0.0815827324986457,0.0815827324986457,0.0815827324986457,1400.0
2020-01-07,0.0815827324986457,0.0815827324986457,0.0815827324986457,0.0815827324986457,10600.0
2020-01-08,0.0815827276602354,0.087410070002079,0.0806115027305656,0.087410070002079,81600.0
2020-01-09,0.0825539529323577,0.0825539529323577,0.0825539529323577,0.0825539529323577,5000.0
2020-01-10,0.0825539529323577,0.0825539529323577,0.0825539529323577,0.0825539529323577,6500.0
2020-01-13,0.082553956409163,0.0835251813837653,0.0786690637469291,0.0786690637469291,156600.0
2020-01-14,0.0786690595667239,0.0786690595667239,0.0747841671109199,0.0747841671109199,325100.0
2020-01-15,0.0747841738169653,0.0806115094051326,0.0747841738169653,0.0796402916312217,283200.0
2020-01-16,0.0796402916312217,0.0796402916312217,0.0796402916312217,0.0796402916312217,0.0
2020-01-17,0.0786690666211353,0.0806115094051326,0.0786690666211353,0.0796402916312217,48600.0
2020-01-20,0.0776978376809576,0.0776978376809576,0.0757553949952125,0.0757553949952125,10000.0
2020-01-21,0.0757553932223494,0.0776978358626365,0.0757553932223494,0.0776978358626365,105000.0
2020-01-22,0.0767266228795051,0.0767266228795051,0.0767266228795051,0.0767266228795051,10000.0
2020-01-23,0.0767266228795051,0.0767266228795051,0.0767266228795051,0.0767266228795051,0.0
2020-01-24,0.0767266228795051,0.0767266228795051,0.0767266228795051,0.0767266228795051,900.0
2020-01-28,0.0767266228795051,0.0767266228795051,0.0767266228795051,0.0767266228795051,30000.0
2020-01-29,0.0767266228795051,0.0767266228795051,0.0767266228795051,0.0767266228795051,0.0
2020-01-30,0.0767266228795051,0.0767266228795051,0.0767266228795051,0.0767266228795051,0.0
2020-01-31,0.070899275767369,0.0776978358626365,0.070899275767369,0.0776978358626365,67200.0
2020-02-03,0.0776978358626365,0.0776978358626365,0.0776978358626365,0.0776978358626365,0.0
2020-02-04,0.069928051404816,0.0728417262434959,0.0679856087485378,0.0728417262434959,148600.0
2020-02-05,0.0738129439535475,0.0738129439535475,0.0728417262434959,0.0728417262434959,75000.0
2020-02-06,0.0728417262434959,0.0728417262434959,0.0728417262434959,0.0728417262434959,0.0
2020-02-07,0.0718705058097839,0.0718705058097839,0.0718705058097839,0.0718705058097839,5600.0
2020-02-10,0.0728417262434959,0.0728417262434959,0.0728417262434959,0.0728417262434959,17000.0
2020-02-11,0.0728417262434959,0.0728417262434959,0.0728417262434959,0.0728417262434959,0.0
2020-02-12,0.0738129466772079,0.0738129466772079,0.0738129466772079,0.0738129466772079,47000.0
2020-02-13,0.0738129450732922,0.0757553949952125,0.0738129450732922,0.0757553949952125,204000.0
2020-02-14,0.0757553949952125,0.081582730288623,0.0757553949952125,0.0757553949952125,1152600.0
2020-02-17,0.0767266228795051,0.0767266228795051,0.0767266228795051,0.0767266228795051,42700.0
2020-02-18,0.0767266210338998,0.0815827314345607,0.0767266210338998,0.0786690637469291,439400.0
2020-02-19,0.0776978358626365,0.0776978358626365,0.0767266181605805,0.0776978358626365,243800.0
2020-02-20,0.0796402868981622,0.0806115046143531,0.0796402868981622,0.0806115046143531,348500.0
2020-02-21,0.0796402916312217,0.0806115094051326,0.0796402916312217,0.0796402916312217,266900.0
2020-02-24,0.0806115075113757,0.0815827324986457,0.0806115075113757,0.0815827324986457,251200.0
2020-02-25,0.0796402897602811,0.0825539574859157,0.0796402897602811,0.0815827324986457,238300.0
2020-02-26,0.0796402897602811,0.0825539574859157,0.0796402897602811,0.0815827324986457,452200.0
2020-02-27,0.0806115084902816,0.0864388512484905,0.0806115084902816,0.0844964012503624,430300.0
2020-02-28,0.0825539545190852,0.0844963971876422,0.0806115046143531,0.0806115046143531,558700.0
2020-03-02,0.0806115030649605,0.0825539529323577,0.0806115030649605,0.0825539529323577,31900.0
2020-03-03,0.0825539529323577,0.0825539529323577,0.0825539529323577,0.0825539529323577,450000.0
2020-03-04,0.0806115075113757,0.0835251824731857,0.0806115075113757,0.0815827324986457,279100.0
2020-03-05,0.0825539529323577,0.0835251778660564,0.0825539529323577,0.0825539529323577,320200.0
2020-03-06,0.0825539529323577,0.0825539529323577,0.0825539529323577,0.0825539529323577,206600.0
2020-03-09,0.0815827270995331,0.0815827270995331,0.0660431645124922,0.0747841671109199,936500.0
2020-03-10,0.0738129433458872,0.0786690608008676,0.0738129433458872,0.0776978358626365,454100.0
2020-03-11,0.0776978358626365,0.0776978358626365,0.0776978358626365,0.0776978358626365,200000.0
2020-03-12,0.0776978358626365,0.0776978358626365,0.0776978358626365,0.0776978358626365,0.0
2020-03-13,0.0699280497321212,0.0757553920339146,0.0699280497321212,0.0747841671109199,380300.0
2020-03-16,0.0699280500411987,0.0708992749684861,0.0699280500411987,0.0699280500411987,227000.0
2020-03-17,0.0699280518422025,0.0699280518422025,0.0650719415530454,0.0679856091737747,1156500.0
2020-03-18,0.0679856091737747,0.0679856091737747,0.0679856091737747,0.0679856091737747,0.0
2020-03-19,0.0679856091737747,0.0679856091737747,0.0679856091737747,0.0679856091737747,0.0
2020-03-20,0.0631294916484425,0.0679856091737747,0.0631294916484425,0.0679856091737747,667200.0
2020-03-23,0.0641007209228731,0.0670143887400627,0.0631294959050847,0.0670143887400627,150500.0
2020-03-24,0.0660431665053469,0.0679856091737747,0.0631294916484425,0.0679856091737747,200400.0
2020-03-25,0.0679856102582831,0.0708992779254913,0.0679856102582831,0.0708992779254913,381200.0
2020-03-26,0.0679856074227987,0.0699280500411987,0.0679856074227987,0.0699280500411987,265000.0
2020-03-27,0.0728417262434959,0.0728417262434959,0.0728417262434959,0.0728417262434959,250000.0
2020-03-30,0.0660431683063507,0.0660431683063507,0.0660431683063507,0.0660431683063507,24000.0
2020-03-31,0.0699280497321212,0.0747841671109199,0.0699280497321212,0.0747841671109199,2000.0
2020-04-01,0.0718705017468054,0.0718705017468054,0.0679856091737747,0.0679856091737747,63900.0
2020-04-02,0.0679856074227987,0.0699280500411987,0.0679856074227987,0.0699280500411987,243300.0
2020-04-03,0.0728417248230611,0.0728417248230611,0.0699280500411987,0.0699280500411987,190200.0
2020-04-06,0.0679856091737747,0.0679856091737747,0.0679856091737747,0.0679856091737747,6600.0
2020-04-07,0.0728417262434959,0.0738129439535475,0.0728417262434959,0.0728417262434959,110000.0
2020-04-08,0.0728417262434959,0.0728417262434959,0.0728417262434959,0.0728417262434959,0.0
2020-04-09,0.0728417308169906,0.0747841735952284,0.0679856130171327,0.0718705058097839,536600.0
2020-04-13,0.0699280500411987,0.0699280500411987,0.0699280500411987,0.0699280500411987,100000.0
2020-04-14,0.0738129450732922,0.0776978376809576,0.0738129450732922,0.0757553949952125,256800.0
2020-04-15,0.0757553978815407,0.0767266228795051,0.0757553978815407,0.0767266228795051,258400.0
2020-04-16,0.0767266228795051,0.0776978406412941,0.0767266228795051,0.0767266228795051,357000.0
2020-04-17,0.0776978358626365,0.0776978358626365,0.0776978358626365,0.0776978358626365,100000.0
2020-04-20,0.0757553966413366,0.0757553966413366,0.0728417289313189,0.0738129466772079,209000.0
2020-04-21,0.0776978358626365,0.0776978358626365,0.0776978358626365,0.0776978358626365,214900.0
2020-04-22,0.0776978358626365,0.0776978358626365,0.0776978358626365,0.0776978358626365,0.0
2020-04-23,0.0776978358626365,0.0776978358626365,0.0776978358626365,0.0776978358626365,20100.0
2020-04-24,0.0776978358626365,0.0776978358626365,0.0776978358626365,0.0776978358626365,91200.0
2020-04-27,0.0776978358626365,0.0776978358626365,0.0776978358626365,0.0776978358626365,58800.0
2020-04-28,0.0776978358626365,0.0776978358626365,0.0776978358626365,0.0776978358626365,0.0
2020-04-29,0.0776978387723268,0.0786690637469291,0.0776978387723268,0.0786690637469291,220000.0
2020-04-30,0.0747841671109199,0.0757553920339146,0.0747841671109199,0.0747841671109199,966300.0
2020-05-04,0.0776978358626365,0.0776978358626365,0.0767266181605805,0.0776978358626365,143000.0
2020-05-05,0.0776978376809576,0.0776978376809576,0.0757553949952125,0.0757553949952125,29800.0
2020-05-06,0.0776978376809576,0.0776978376809576,0.0757553949952125,0.0757553949952125,351800.0
2020-05-08,0.0747841700342524,0.0767266199561727,0.0747841700342524,0.0757553949952125,2000.0
2020-05-11,0.0747841688997741,0.0767266187922274,0.0679856087485378,0.0728417262434959,833600.0
2020-05-12,0.0757553920339146,0.0767266169569093,0.0747841671109199,0.0747841671109199,200000.0
2020-05-13,0.0747841671109199,0.0747841671109199,0.0747841671109199,0.0747841671109199,0.0
2020-05-14,0.0757553978815407,0.0767266228795051,0.0757553978815407,0.0767266228795051,146600.0
2020-05-15,0.0738129450732922,0.0767266199561727,0.0728417273485073,0.0757553949952125,22400.0
2020-05-18,0.0757553920339146,0.0757553920339146,0.0728417245011054,0.0747841671109199,699000.0
2020-05-19,0.0757553949952125,0.0757553949952125,0.0738129450732922,0.0757553949952125,351000.0
2020-05-20,0.0738129466772079,0.0738129466772079,0.0738129466772079,0.0738129466772079,250000.0
2020-05-21,0.0738129421879252,0.0747841671109199,0.0738129421879252,0.0747841671109199,783000.0
2020-05-22,0.0747841735952284,0.0747841735952284,0.0718705058097839,0.0718705058097839,557000.0
2020-05-26,0.0738129439535475,0.0738129439535475,0.0728417262434959,0.0728417262434959,296700.0
2020-05-27,0.0728417262434959,0.0728417262434959,0.0728417262434959,0.0728417262434959,250000.0
2020-05-28,0.0728417262434959,0.0728417262434959,0.0728417262434959,0.0728417262434959,250000.0
2020-05-29,0.0728417262434959,0.0728417262434959,0.0728417262434959,0.0728417262434959,25000.0
2020-06-01,0.0728417278610802,0.0728417278610802,0.0708992779254913,0.0708992779254913,282300.0
2020-06-02,0.0728417308169906,0.0728417308169906,0.0718705058097839,0.0718705058097839,289400.0
2020-06-03,0.0728417262434959,0.0728417262434959,0.0728417262434959,0.0728417262434959,113500.0
2020-06-04,0.0708992763510426,0.0757553938460007,0.0708992763510426,0.0728417262434959,30600.0
2020-06-05,0.0728417262434959,0.0728417262434959,0.0728417262434959,0.0728417262434959,55000.0
2020-06-08,0.0718704995781107,0.0747841671109199,0.0699280497321212,0.0747841671109199,166900.0
2020-06-09,0.0738129450732922,0.0757553949952125,0.0738129450732922,0.0757553949952125,236100.0
2020-06-10,0.0757553978815407,0.0767266228795051,0.0738129478856118,0.0767266228795051,89900.0
2020-06-11,0.0767266216234009,0.0767266216234009,0.0738129466772079,0.0738129466772079,25400.0
2020-06-12,0.0747841671109199,0.0767266169569093,0.0747841671109199,0.0747841671109199,164000.0
2020-06-15,0.0844964002242803,0.0854676252115503,0.0786690647730111,0.0815827324986457,631300.0
2020-06-16,0.0776978397857411,0.0854676252115503,0.0776978397857411,0.0815827324986457,860300.0
2020-06-17,0.0835251834182986,0.1097482004819068,0.0825539584200389,0.1048920899629592,10496900.0
2020-06-18,0.1048920891029667,0.119460435012717,0.09809352864324,0.1097481995820999,6007900.0
2020-06-19,0.1146043176596141,0.1214028781408276,0.1116906499156905,0.1175179854035377,3786500.0
2020-06-22,0.1165467575192451,0.121402875129446,0.1146043148168699,0.1165467575192451,1758400.0
2020-06-23,0.1107194249223242,0.1243165531209266,0.1097481999289579,0.1175179854035377,4105900.0
2020-06-24,0.1175179843701228,0.1194604343397742,0.1146043166518211,0.1146043166518211,1041000.0
2020-06-25,0.1165467583069512,0.1165467583069512,0.110719422924265,0.1116906479001045,810900.0
2020-06-26,0.1155755416366468,0.1155755416366468,0.1097481989638679,0.1146043166518211,670400.0
2020-06-29,0.1146043166518211,0.1194604343397742,0.1116906489335193,0.1146043166518211,1612800.0
2020-06-30,0.1184892032560696,0.1184892032560696,0.1116906431845761,0.1126618608832359,526200.0
2020-07-01,0.1107194218449563,0.1175179821372086,0.1087769791483879,0.1087769791483879,347800.0
2020-07-02,0.1116906489335193,0.1184892093549485,0.1116906489335193,0.1146043166518211,1034300.0
2020-07-03,0.1146043137275724,0.116546756411485,0.1136330887675285,0.1136330887675285,332300.0
2020-07-06,0.114604313399612,0.1311151087284088,0.114604313399612,0.1311151087284088,4556500.0
2020-07-07,0.1291726590860396,0.1320863339639722,0.1204316489245921,0.126258984208107,1964200.0
2020-07-08,0.1223740979547117,0.128201433195917,0.1223740979547117,0.1233453229069709,543100.0
2020-07-09,0.1233453229069709,0.1243165478592302,0.1214028730024524,0.1233453229069709,671000.0
2020-07-13,0.1233453250679965,0.1291726604112975,0.1165467575192451,0.1165467575192451,1851600.0
2020-07-14,0.1155755397861451,0.1165467575192451,0.1116906471452194,0.1165467575192451,731400.0
2020-07-15,0.1146043155914476,0.1146043155914476,0.1116906479001045,0.1116906479001045,28000.0
2020-07-16,0.1204316516204002,0.1204316516204002,0.1068345308303833,0.1068345308303833,741800.0
2020-07-17,0.1116906484994644,0.1116906484994644,0.1068345308303833,0.1068345308303833,312700.0
2020-07-20,0.1068345318473849,0.1136330923071116,0.1068345318473849,0.1097481995820999,292700.0
2020-07-21,0.1116906489335193,0.1184892093549485,0.1116906489335193,0.1146043166518211,608200.0
2020-07-22,0.1116906479001045,0.1136330906156081,0.1116906479001045,0.1116906479001045,266400.0
2020-07-23,0.1116906460836159,0.1136330887675285,0.110719421123572,0.1136330887675285,106000.0
2020-07-24,0.1116906479001045,0.1165467583069512,0.1116906479001045,0.1116906479001045,155700.0
2020-07-27,0.1126618656397687,0.1126618656397687,0.1116906479001045,0.1116906479001045,13000.0
2020-07-28,0.1116906479001045,0.1116906479001045,0.1116906479001045,0.1116906479001045,100000.0
2020-07-29,0.1116906499156905,0.1175179854035377,0.1116906499156905,0.1175179854035377,32600.0
2020-07-30,0.1116906449661385,0.1146043125809434,0.1087769773513336,0.1107194200158119,181900.0
2020-08-03,0.1116906449661385,0.1116906449661385,0.107805752401007,0.1107194200158119,199600.0
2020-08-04,0.1116906495626934,0.1116906495626934,0.1087769818279785,0.1097481995820999,294700.0
2020-08-05,0.1087769802087614,0.1116906479001045,0.1068345302570824,0.1116906479001045,378300.0
2020-08-06,0.1116906484994644,0.1126618662443404,0.1068345308303833,0.1068345308303833,158900.0
2020-08-07,0.1078057577215629,0.1078057577215629,0.1048920899629592,0.1048920899629592,338400.0
2020-08-11,0.1029496353190178,0.1107194204819956,0.1029496353190178,0.1058633029460907,254200.0
2020-08-12,0.104892088104456,0.1068345308303833,0.104892088104456,0.1068345308303833,31900.0
2020-08-13,0.1039208591381802,0.1048920840819863,0.1000359665991307,0.102949634194374,671200.0
2020-08-14,0.101978413760662,0.1029496387474215,0.101978413760662,0.101978413760662,88000.0
2020-08-17,0.101978413760662,0.101978413760662,0.101978413760662,0.101978413760662,18000.0
2020-08-18,0.1068345327233032,0.1116906504784262,0.1029496399664398,0.1048920899629592,476100.0
2020-08-19,0.104892087049954,0.104892087049954,0.1019784121360919,0.1039208620786666,369800.0
2020-08-20,0.1019784121360919,0.1068345297563535,0.1019784121360919,0.1039208620786666,288200.0
2020-08-21,0.1068345263240111,0.1107194188481728,0.1048920836800177,0.1078057512640953,606100.0
2020-08-24,0.1078057512640953,0.1078057512640953,0.1078057512640953,0.1078057512640953,91600.0
2020-08-25,0.1078057577215629,0.1097482004819068,0.1048920899629592,0.1048920899629592,1247000.0
2020-08-26,0.1068345308303833,0.1078057558114346,0.1068345308303833,0.1068345308303833,351500.0
2020-08-27,0.1078057528549227,0.1087769778093387,0.1058633029460907,0.1058633029460907,656400.0
2020-08-28,0.1068345279005067,0.1068345279005067,0.1019784103646018,0.1058633029460907,552800.0
2020-08-31,0.1068345308303833,0.1068345308303833,0.105863305849332,0.1068345308303833,365400.0
2020-09-01,0.1068345302570824,0.1116906479001045,0.1068345302570824,0.1116906479001045,767700.0
2020-09-02,0.1126618673168148,0.1136330923071116,0.1097481995820999,0.1097481995820999,295000.0
2020-09-03,0.110719422924265,0.1126618656397687,0.110719422924265,0.1116906479001045,554000.0
2020-09-04,0.1107194200158119,0.1107194200158119,0.1097481950654852,0.1107194200158119,125700.0
2020-09-07,0.1097481950654852,0.1126618626802901,0.1097481950654852,0.1107194200158119,754600.0
2020-09-08,0.1146043120971402,0.1534532375844548,0.1136330871509136,0.1456834524869918,8855900.0
2020-09-09,0.1495683430293163,0.1884172698750124,0.1447122326007358,0.172877699136734,20141400.0
2020-09-10,0.178705038602539,0.2039568307712555,0.178705038602539,0.1845323741436004,40424100.0
2020-09-11,0.1835611485419838,0.1835611485419838,0.1651079169768194,0.1689928025007248,5129400.0
2020-09-14,0.1748201530659484,0.1913309346868973,0.1719064780592422,0.1845323741436004,17426100.0
2020-09-15,0.1845323603561557,0.1845323603561557,0.174820140004158,0.174820140004158,3952500.0
2020-09-16,0.1796762564903215,0.1816187064178792,0.1719064712524414,0.1719064712524414,4689100.0
2020-09-17,0.1699640153558092,0.1777338003208173,0.1689927904261395,0.174820140004158,3427400.0
2020-09-18,0.1777338028745385,0.1825899131203111,0.1728776926287659,0.1757913529872894,7647700.0
2020-09-21,0.1719064683153337,0.1787050284732783,0.1709352433681488,0.1709352433681488,5747400.0
2020-09-22,0.1709352416100266,0.1728776914844178,0.1583093463711837,0.1602517962455749,3336300.0
2020-09-23,0.1602518082725299,0.1689928044186052,0.1583093582523571,0.1592805832624435,3434700.0
2020-09-24,0.159280578259428,0.159280578259428,0.1524820178747177,0.1524820178747177,1453800.0
2020-09-25,0.1544244449230798,0.1573381197026039,0.1437409996761912,0.1447122246026992,3881500.0
2020-09-28,0.1485971099556347,0.1485971099556347,0.1379136647001724,0.1398561000823974,2002100.0
2020-09-29,0.1417985505093625,0.1427697754405705,0.1349999904632568,0.1349999904632568,1152400.0
2020-09-30,0.1330575444509327,0.1349999943695544,0.1252877592487961,0.126258984208107,2305100.0
2020-10-01,0.1223740995539177,0.1282014348712756,0.1214028745889663,0.1214028745889663,1771400.0
2020-10-02,0.1243165557379513,0.1437410125971355,0.1214028806965156,0.1388849020004272,4365500.0
2020-10-05,0.136942446231842,0.1408273316518745,0.1340287713125547,0.136942446231842,1442600.0
2020-10-06,0.1388848969918588,0.1388848969918588,0.1320863366127014,0.1320863366127014,1326600.0
2020-10-07,0.1311151116339145,0.136942447034285,0.1301438866551277,0.1320863366127014,599800.0
2020-10-08,0.1349999940851167,0.1349999940851167,0.1311151087284088,0.1311151087284088,462100.0
2020-10-09,0.1320863399912076,0.1340287755261144,0.1282014399766922,0.1282014399766922,448800.0
2020-10-12,0.126258984208107,0.1311151090046613,0.1214028738839029,0.126258984208107,1990200.0
2020-10-13,0.1291726529598236,0.1311151027863216,0.1252877533068276,0.1291726529598236,569200.0
2020-10-14,0.1282014418457462,0.1388849025690674,0.1282014418457462,0.1340287774801254,2378500.0
2020-10-15,0.136942437793466,0.136942437793466,0.1291726529598236,0.1291726529598236,1278500.0
2020-10-16,0.1291726588138797,0.1311151087284088,0.1291726588138797,0.1311151087284088,141600.0
2020-10-19,0.1320863336856733,0.1330575441705876,0.1291726588138797,0.1311151087284088,461300.0
2020-10-20,0.1301438858925222,0.1417985566249703,0.1301438858925222,0.136942446231842,3312600.0
2020-10-21,0.1369424525334906,0.1456834632212349,0.1340287774801254,0.1340287774801254,1111300.0
2020-10-22,0.1340287774801254,0.1359712275157022,0.1340287774801254,0.1340287774801254,262000.0
2020-10-23,0.1340287691278521,0.1340287691278521,0.1311151087284088,0.1311151087284088,629000.0
2020-10-26,0.129172664980321,0.1340287755261144,0.1282014399766922,0.1282014399766922,987200.0
2020-10-27,0.1282014370740386,0.1282014370740386,0.1262589871107605,0.1272302120923996,531000.0
2020-10-28,0.1301438808441162,0.1301438808441162,0.1282014309732742,0.1301438808441162,528800.0
2020-10-29,0.126258984208107,0.126258984208107,0.126258984208107,0.126258984208107,110000.0
2020-10-30,0.1272302091674178,0.1282014341267287,0.1214028738839029,0.126258984208107,1104800.0
2020-11-02,0.126258984208107,0.1282014341267287,0.126258984208107,0.126258984208107,230200.0
2020-11-03,0.1262589899694344,0.1282014399766922,0.1243165544345277,0.1282014399766922,150400.0
2020-11-04,0.1272302061970874,0.128201431133724,0.1252877563238144,0.1252877563238144,150200.0
2020-11-05,0.1243165507912635,0.1262589862692446,0.1243165507912635,0.1243165507912635,293200.0
2020-11-06,0.128201431133724,0.1291726560703605,0.1252877563238144,0.1252877563238144,239500.0
2020-11-09,0.1262589871107605,0.1272302120923996,0.1252877621291215,0.1272302120923996,64400.0
2020-11-10,0.1262589899694344,0.1282014399766922,0.1243165544345277,0.1282014399766922,351100.0
2020-11-11,0.1282014341267287,0.1282014341267287,0.1252877592487961,0.126258984208107,36500.0
2020-11-12,0.126258984208107,0.126258984208107,0.1243165487618356,0.126258984208107,314800.0
2020-11-13,0.1262589862692446,0.1262589862692446,0.1233453258160977,0.1243165507912635,653400.0
2020-11-16,0.1223740995539177,0.1243165494838205,0.1214028745889663,0.1214028745889663,574500.0
2020-11-17,0.1214028758657661,0.1243165507912635,0.1214028758657661,0.1243165507912635,85400.0
2020-11-18,0.1223740995539177,0.1223740995539177,0.1194604318952388,0.1214028745889663,488300.0
2020-11-19,0.1223741024732589,0.1243165524495005,0.1204316524970173,0.1223741024732589,155500.0
2020-11-20,0.1233453209228913,0.1252877563238144,0.1214028710496182,0.1252877563238144,363300.0
2020-11-23,0.1223740959862547,0.1252877563238144,0.1223740959862547,0.1252877563238144,18900.0
2020-11-24,0.1252877583445836,0.1369424432998509,0.1252877583445836,0.1359712183475494,2457200.0
2020-11-25,0.1369424409197133,0.1398561012536263,0.1291726559086952,0.1301438808441162,1057800.0
2020-11-26,0.1320863366127014,0.1320863366127014,0.1301438866551277,0.1320863366127014,209400.0
2020-11-27,0.1320863276995706,0.1320863276995706,0.1282014280465746,0.1291726529598236,148000.0
2020-11-30,0.1291726620556776,0.1291726620556776,0.1272302120923996,0.1272302120923996,544700.0
2020-12-01,0.128201431133724,0.128201431133724,0.1243165458595278,0.1252877563238144,182400.0
2020-12-02,0.1252877563238144,0.1252877563238144,0.1252877563238144,0.1252877563238144,0.0
2020-12-03,0.1262589862692446,0.1262589862692446,0.1243165507912635,0.1243165507912635,68200.0
2020-12-04,0.1262589811024321,0.1301438808441162,0.1262589811024321,0.1301438808441162,100800.0
2020-12-07,0.1301438840453505,0.1301438840453505,0.1233453238025247,0.126258984208107,101100.0
2020-12-08,0.1262589862692446,0.1272302112444104,0.1243165507912635,0.1243165507912635,141300.0
2020-12-09,0.1252877563238144,0.1262589812604509,0.1243165458595278,0.1252877563238144,113600.0
2020-12-10,0.1243165524495005,0.1252877629652706,0.1223741024732589,0.1223741024732589,178700.0
2020-12-11,0.1243165507912635,0.1262589862692446,0.1243165507912635,0.1243165507912635,204200.0
2020-12-14,0.1262589862692446,0.1262589862692446,0.1243165507912635,0.1243165507912635,28300.0
2020-12-15,0.1262589862692446,0.1262589862692446,0.1243165507912635,0.1243165507912635,397000.0
2020-12-16,0.126258984208107,0.126258984208107,0.1252877592487961,0.126258984208107,53800.0
2020-12-17,0.1301438808441162,0.1301438808441162,0.1301438808441162,0.1301438808441162,600.0
2020-12-18,0.1301438861699078,0.1301438861699078,0.1243165507912635,0.1243165507912635,371100.0
2020-12-21,0.1243165507912635,0.1243165507912635,0.1243165507912635,0.1243165507912635,43900.0
2020-12-22,0.1252877612940788,0.1262589862692446,0.1243165507912635,0.1243165507912635,181200.0
2020-12-23,0.128201431133724,0.128201431133724,0.1252877563238144,0.1252877563238144,111600.0
2020-12-24,0.1252877563238144,0.1252877563238144,0.1252877563238144,0.1252877563238144,0.0
2020-12-28,0.1223740959862547,0.1252877563238144,0.1223740959862547,0.1252877563238144,26300.0
2020-12-29,0.1243165487618356,0.126258984208107,0.1233453238025247,0.126258984208107,102600.0
2020-12-30,0.1252877649658056,0.1301438899839499,0.1252877649658056,0.1282014399766922,93300.0
2020-12-31,0.1301438899839499,0.1301438899839499,0.129172664980321,0.1282014399766922,500.0
2021-01-04,0.1262589862692446,0.1262589862692446,0.1243165507912635,0.1243165507912635,157800.0
2021-01-05,0.1252877563238144,0.1252877563238144,0.1252877563238144,0.1252877563238144,41600.0
2021-01-06,0.1291726590860396,0.1291726590860396,0.1243165487618356,0.126258984208107,776300.0
2021-01-07,0.1262589871107605,0.1272302120923996,0.1252877621291215,0.1272302120923996,382900.0
2021-01-08,0.1262589871107605,0.1272302120923996,0.1252877621291215,0.1272302120923996,935100.0
2021-01-11,0.1272302120923996,0.1272302120923996,0.1252877621291215,0.1272302120923996,169200.0
2021-01-12,0.1252877612940788,0.1262589862692446,0.1243165507912635,0.1243165507912635,96000.0
2021-01-13,0.1243165544345277,0.1311151149875788,0.12237410442727,0.1282014399766922,1011400.0
2021-01-14,0.1272302060378531,0.1301438808441162,0.1252877561670111,0.1301438808441162,30700.0
2021-01-15,0.1262589899694344,0.129172664980321,0.1262589899694344,0.1282014399766922,177800.0
2021-01-18,0.1301438808441162,0.1301438808441162,0.1301438808441162,0.1301438808441162,300.0
2021-01-19,0.129172664980321,0.129172664980321,0.1282014399766922,0.1282014399766922,365200.0
2021-01-20,0.1282014418457462,0.1350000024979138,0.1282014418457462,0.1340287774801254,944600.0
2021-01-21,0.1311151116339145,0.1340287720979245,0.1301438866551277,0.1320863366127014,352800.0
2021-01-22,0.1311151116339145,0.1320863366127014,0.1282014366975539,0.1320863366127014,88500.0
2021-01-25,0.1301438899839499,0.1311151149875788,0.1282014399766922,0.1282014399766922,132600.0
2021-01-26,0.1282014341267287,0.1291726590860396,0.126258984208107,0.126258984208107,517200.0
2021-01-27,0.1262589871107605,0.1301438870373166,0.1262589871107605,0.1272302120923996,306700.0
2021-01-28,0.1311151090046613,0.1311151090046613,0.126258984208107,0.126258984208107,227800.0
2021-01-29,0.126258984208107,0.126258984208107,0.1252877592487961,0.126258984208107,59600.0
2021-02-01,0.1262589871107605,0.1272302120923996,0.1262589871107605,0.1272302120923996,69200.0
2021-02-02,0.1282014370740386,0.1282014370740386,0.1262589871107605,0.1272302120923996,11200.0
2021-02-03,0.1272302061970874,0.1272302061970874,0.1252877563238144,0.1252877563238144,92000.0
2021-02-04,0.1252877563238144,0.1252877563238144,0.1252877563238144,0.1252877563238144,50000.0
2021-02-05,0.1252877612940788,0.1252877612940788,0.1243165507912635,0.1243165507912635,53400.0
2021-02-08,0.1252877612940788,0.1252877612940788,0.1243165507912635,0.1243165507912635,32000.0
2021-02-09,0.1243165507912635,0.1243165507912635,0.1243165507912635,0.1243165507912635,152500.0
2021-02-10,0.126258984208107,0.126258984208107,0.126258984208107,0.126258984208107,52800.0
2021-02-11,0.1252877592487961,0.126258984208107,0.1252877592487961,0.126258984208107,137000.0
2021-02-15,0.1447122300167851,0.1544244507005268,0.1447122300167851,0.1466546654701233,4606200.0
2021-02-16,0.1476258919911943,0.1476258919911943,0.1320863358387138,0.136942446231842,873900.0
2021-02-17,0.1349999904632568,0.1369424403256727,0.1349999904632568,0.1349999904632568,257800.0
2021-02-18,0.1417985535890079,0.1417985535890079,0.1349999933952479,0.1359712183475494,521100.0
2021-02-19,0.1350000024979138,0.1388849025690674,0.133057552462337,0.1340287774801254,522500.0
2021-02-22,0.1369424495832926,0.1437410100889965,0.1330575495958328,0.1330575495958328,736900.0
2021-02-23,0.1359712241289402,0.1408273346245753,0.134999999135343,0.1379136741161346,175800.0
2021-02-24,0.1350000024979138,0.137913677551279,0.1320863419168998,0.1340287774801254,452700.0
2021-02-25,0.1340287655320488,0.1379136652568806,0.1340287655320488,0.1349999904632568,384000.0
2021-02-26,0.1369424495832926,0.1369424495832926,0.1330575495958328,0.1330575495958328,134900.0
2021-03-01,0.1340287684429465,0.1359712183475494,0.1340287684429465,0.1359712183475494,171800.0
2021-03-02,0.1369424439996458,0.1369424439996458,0.1311151087284088,0.1311151087284088,354100.0
2021-03-03,0.1320863366127014,0.1359712220554982,0.1320863366127014,0.1320863366127014,31500.0
2021-03-04,0.1359712220554982,0.1359712220554982,0.1320863366127014,0.1320863366127014,254300.0
2021-03-05,0.1320863330106938,0.1369424432998509,0.1320863330106938,0.1359712183475494,217300.0
2021-03-08,0.133057546339459,0.136942446231842,0.133057546339459,0.136942446231842,17000.0
2021-03-09,0.1359712183475494,0.1379136682521523,0.1340287684429465,0.1359712183475494,168100.0
2021-03-10,0.1350000024979138,0.1388849025690674,0.1340287774801254,0.1340287774801254,186000.0
2021-03-11,0.1359712275157022,0.1369424525334906,0.1340287774801254,0.1340287774801254,143200.0
2021-03-12,0.1340287655320488,0.1388848901880886,0.1340287655320488,0.1349999904632568,156400.0
2021-03-15,0.1311151116339145,0.1320863366127014,0.1311151116339145,0.1320863366127014,24900.0
2021-03-16,0.130143891881323,0.1359712275157022,0.130143891881323,0.1340287774801254,140800.0
2021-03-17,0.1359712275157022,0.1359712275157022,0.1320863419168998,0.1340287774801254,154100.0
2021-03-18,0.1359712275157022,0.1359712275157022,0.1340287774801254,0.1340287774801254,134800.0
2021-03-19,0.1359712275157022,0.1359712275157022,0.1320863419168998,0.1340287774801254,128800.0
2021-03-22,0.1340287774801254,0.1340287774801254,0.1340287774801254,0.1340287774801254,194800.0
2021-03-23,0.1330575495958328,0.1330575495958328,0.1320863390713187,0.1330575495958328,140200.0
2021-03-24,0.1311151052107749,0.1349999904632568,0.1311151052107749,0.1349999904632568,113100.0
2021-03-25,0.1349999995895627,0.1417985600952666,0.1320863390713187,0.1330575495958328,442200.0
2021-03-26,0.1359712183475494,0.1359712183475494,0.1359712183475494,0.1359712183475494,139100.0
2021-03-29,0.1359712241289402,0.1417985596181725,0.1359712241289402,0.1379136741161346,418300.0
2021-03-30,0.1340287684429465,0.1359712183475494,0.1340287684429465,0.1359712183475494,227300.0
2021-03-31,0.135971217700637,0.14082732796669,0.135971217700637,0.14082732796669,80000.0
2021-04-01,0.1359712183475494,0.1408273286367065,0.1359712183475494,0.1359712183475494,209200.0
2021-04-05,0.1369424397728849,0.1398561000823974,0.1369424397728849,0.1398561000823974,80000.0
2021-04-06,0.1398561000823974,0.1398561000823974,0.1359712148455975,0.1398561000823974,101000.0
2021-04-07,0.1379136741161346,0.1417985596181725,0.1379136741161346,0.1379136741161346,90900.0
2021-04-08,0.136942446231842,0.136942446231842,0.136942446231842,0.136942446231842,15200.0
2021-04-09,0.1408273375556998,0.1417985625695117,0.1388849020004272,0.1388849020004272,143100.0
2021-04-12,0.1398561028096321,0.1456834524869918,0.1388848923357556,0.1456834524869918,1182000.0
2021-04-13,0.1447122269258832,0.1515107870482324,0.1447122269258832,0.1505395621061325,1493700.0
2021-04-14,0.151510796241808,0.151510796241808,0.1466546712366421,0.1485971212387085,752800.0
2021-04-15,0.1466546594528557,0.152482008990824,0.1466546594528557,0.1495683342218399,655600.0
2021-04-16,0.1485971179563971,0.1524820178747177,0.1485971179563971,0.1524820178747177,1897100.0
2021-04-19,0.1524820142557974,0.1592805744791546,0.1524820142557974,0.1563668996095657,2480100.0
2021-04-20,0.1563668972863818,0.1563668972863818,0.1505395621061325,0.1505395621061325,907700.0
2021-04-21,0.1505395621061325,0.1505395621061325,0.1495683371640326,0.1505395621061325,995200.0
2021-04-22,0.1534532399123454,0.1534532399123454,0.1515107899904251,0.1515107899904251,118000.0
2021-04-23,0.1505395643427381,0.1573381245660954,0.1505395643427381,0.1563668996095657,898100.0
2021-04-26,0.15830935139358,0.169964022064974,0.15830935139358,0.1670503616333007,3292200.0
2021-04-27,0.1651079158529724,0.1670503658378787,0.1573381303856977,0.1583093553781509,753000.0
2021-04-28,0.1583093488439584,0.1631654591334384,0.1553956739868603,0.1612230092287063,636900.0
2021-04-29,0.1612230188102652,0.1612230188102652,0.1592805832624435,0.1592805832624435,134000.0
2021-04-30,0.1592805808182243,0.2088129542660799,0.1583093558230417,0.1942446082830429,13967900.0
2021-05-03,0.1991007179021835,0.2088129533385159,0.1864748219655969,0.1991007179021835,7156100.0
2021-05-04,0.1932733832878603,0.1991007187866049,0.1893884833071299,0.1942446082830429,1361800.0
2021-05-05,0.1991007192655807,0.1991007192655807,0.1884172732375729,0.1893884837627411,1660100.0
2021-05-06,0.1893884837627411,0.1913309337577792,0.1845323732474967,0.1893884837627411,905400.0
2021-05-07,0.1855035940896285,0.1874460440411546,0.1777338087558746,0.1777338087558746,1640100.0
2021-05-10,0.1777338065627639,0.1825899169093076,0.1709352462886625,0.1719064712524414,1593900.0
2021-05-11,0.1709352404142576,0.1767625755243164,0.1689927905534547,0.1699640154838562,601800.0
2021-05-12,0.1719064653446591,0.173848915205462,0.1699640154838562,0.1699640154838562,1017200.0
2021-05-14,0.1719064692323825,0.1719064692323825,0.1602517987486905,0.1612230092287063,1690600.0
2021-05-17,0.1670503589429025,0.1670503589429025,0.1602517987486905,0.1612230092287063,396400.0
2021-05-18,0.1612230061299211,0.1670503557321128,0.1612230061299211,0.1651079058647155,499000.0
2021-05-19,0.1621942341810724,0.1641366840858044,0.1612230092287063,0.1612230092287063,312600.0
2021-05-20,0.1602518082725299,0.163165468830438,0.1592805832624435,0.1592805832624435,539500.0
2021-05-21,0.1602518016455044,0.1680215724601835,0.1592805766755819,0.1621942371129989,266800.0
2021-05-24,0.1621942438203516,0.1621942438203516,0.1592805832624435,0.1592805832624435,220100.0
2021-05-25,0.1583093573274621,0.1699640284357061,0.1573381323230499,0.1641366928815841,499300.0
2021-05-27,0.1602517951245415,0.1728776902750605,0.1602517951245415,0.1699640154838562,487000.0
2021-05-28,0.1709352404142576,0.1709352404142576,0.1699640154838562,0.1699640154838562,104400.0
2021-05-31,0.1699640193276504,0.1699640193276504,0.1602517987486905,0.1612230092287063,272400.0
2021-06-01,0.1631654620829214,0.1641366870528439,0.1621942371129989,0.1621942371129989,87000.0
2021-06-02,0.1680215784268818,0.1680215784268818,0.1631654678771719,0.1641366928815841,256400.0
2021-06-03,0.1660791307984142,0.1689927911271601,0.1641366809310169,0.1651079058647155,110600.0
2021-06-04,0.1651079178859963,0.1660791428904085,0.1641366928815841,0.1641366928815841,82600.0
2021-06-07,0.1651079058647155,0.1660791307984142,0.1631654559973183,0.1651079058647155,191100.0
2021-06-08,0.1651079053041988,0.1699640154838562,0.1651079053041988,0.1699640154838562,188100.0
2021-06-09,0.1699640160608587,0.1699640160608587,0.1641366809310169,0.1651079058647155,66300.0
2021-06-10,0.1651079178859963,0.1651079178859963,0.1641366928815841,0.1641366928815841,78000.0
2021-06-11,0.1651079058647155,0.1689927911271601,0.1651079058647155,0.1651079058647155,150700.0
2021-06-14,0.1602517956685724,0.1651079058647155,0.1602517956685724,0.1651079058647155,16700.0
2021-06-15,0.1689927970969661,0.169964022064974,0.1660791366652928,0.1670503616333007,160600.0
2021-06-16,0.1651079087980546,0.1660791337490081,0.1651079087980546,0.1660791337490081,43100.0
2021-06-17,0.1689927911271601,0.1719064659282559,0.1651079058647155,0.1651079058647155,122900.0
2021-06-18,0.1651079058647155,0.1689927911271601,0.1621942310636197,0.1651079058647155,409600.0
2021-06-21,0.166079136992689,0.1680215724601835,0.1621942371129989,0.1621942371129989,201500.0
2021-06-22,0.1641366870528439,0.1641366870528439,0.1621942371129989,0.1621942371129989,469400.0
2021-06-23,0.1641366899845615,0.1651079149718315,0.1631654649972915,0.1631654649972915,117200.0
2021-06-24,0.1641366899845615,0.1670503649463715,0.1631654649972915,0.1631654649972915,243300.0
2021-06-25,0.1651079090381705,0.1651079090381705,0.1612230092287063,0.1612230092287063,265400.0
2021-06-28,0.1621942371129989,0.1699640224000285,0.1621942371129989,0.1621942371129989,124900.0
2021-06-29,0.1631654565848117,0.1641366815220073,0.1602517962455749,0.1602517962455749,313600.0
2021-06-30,0.1612230089942402,0.1660791337490081,0.1612230089942402,0.1660791337490081,115300.0
2021-07-01,0.1660791313963985,0.1660791313963985,0.1602517962455749,0.1602517962455749,182600.0
2021-07-02,0.1612230121430764,0.1651079120227665,0.1612230121430764,0.1621942371129989,227200.0
2021-07-05,0.1621942428727598,0.1641366928815841,0.1621942428727598,0.1641366928815841,62200.0
2021-07-06,0.1641366809310169,0.1651079058647155,0.1631654559973183,0.1651079058647155,55000.0
2021-07-07,0.1651079120227665,0.1651079120227665,0.1612230121430764,0.1621942371129989,198500.0
2021-07-08,0.1621942341810724,0.1651079090381705,0.1612230092287063,0.1612230092287063,315700.0
2021-07-09,0.1612230092287063,0.1612230092287063,0.1612230092287063,0.1612230092287063,60000.0
2021-07-12,0.1631654649972915,0.1641366899845615,0.1631654649972915,0.1631654649972915,125000.0
2021-07-13,0.1631654620829214,0.1641366870528439,0.1612230121430764,0.1621942371129989,272200.0
2021-07-14,0.1612230067104205,0.1612230067104205,0.1602517962455749,0.1602517962455749,148300.0
2021-07-15,0.1602518082725299,0.1612230188102652,0.1592805832624435,0.1592805832624435,322000.0
2021-07-16,0.1583093463711837,0.1631654565848117,0.1583093463711837,0.1602517962455749,50300.0
2021-07-19,0.1583093553781509,0.1592805803706041,0.1583093553781509,0.1583093553781509,113300.0
2021-07-21,0.1602517994356843,0.1602517994356843,0.1563668996095657,0.1563668996095657,126500.0
2021-07-22,0.1573381216017353,0.1631654567587718,0.1553956717252731,0.1553956717252731,516800.0
2021-07-23,0.1553956804007913,0.1583093553781509,0.1553956804007913,0.1583093553781509,129600.0
2021-07-26,0.1583093562764815,0.1641366917919172,0.1515107957630814,0.1534532457590103,34300.0
2021-07-27,0.1602518082725299,0.1602518082725299,0.1524820226641899,0.1592805832624435,30400.0
2021-07-28,0.1485971116300055,0.1592805714781975,0.1476258866917744,0.1553956717252731,348900.0
2021-07-29,0.1553956717252731,0.1553956717252731,0.1524820113829299,0.1553956717252731,95500.0
2021-07-30,0.1408273348544569,0.1408273348544569,0.0961510791463388,0.0971223041415214,23751300.0
2021-08-02,0.1000359660249014,0.1116906435751494,0.0757553932223494,0.0776978358626365,48904200.0
2021-08-03,0.0806115052298846,0.088381290435791,0.0757553949033245,0.088381290435791,11373600.0
2021-08-04,0.0903237403553552,0.0912949580789621,0.0835251801092309,0.088381290435791,6655800.0
2021-08-05,0.0883812892894542,0.0883812892894542,0.0835251790258795,0.0854676216840744,4042200.0
2021-08-06,0.0844963952130697,0.0912949552484081,0.0844963952130697,0.087410070002079,4263900.0
2021-08-10,0.0874100727121841,0.0893525153955731,0.086438847752402,0.088381290435791,2666700.0
2021-08-11,0.0903237426865837,0.0951798531384786,0.0893525177017346,0.0942086353898048,6120200.0
2021-08-12,0.0961510773150662,0.1039208626561943,0.0951798523383813,0.0990647450089454,9789700.0
2021-08-13,0.0990647468957111,0.0990647468957111,0.0932374113969665,0.0971223041415214,2840100.0
2021-08-16,0.0971222982453783,0.0971222982453783,0.0932374057366691,0.0951798483729362,1177100.0
2021-08-17,0.1048920847530191,0.1068345274168829,0.097122299625214,0.0980935245752334,6165100.0
2021-08-18,0.098093526189228,0.1039208615128751,0.0961510762572288,0.0961510762572288,5652700.0
2021-08-19,0.0961510733091572,0.0980935231815993,0.0942086306728902,0.0951798483729362,1066000.0
2021-08-20,0.0951798531384786,0.0971223031081768,0.0932374104049557,0.0942086353898048,1168700.0
2021-08-23,0.0951798531384786,0.0961510781233277,0.0922661854201066,0.0942086353898048,1370300.0
2021-08-24,0.1010071938510516,0.1019784115808759,0.0961510762572288,0.0961510762572288,1760300.0
2021-08-25,0.0961510733091572,0.0971222982453783,0.0951798483729362,0.0951798483729362,838200.0
2021-08-26,0.0971223012232284,0.0971223012232284,0.0942086335614048,0.0961510762572288,476200.0
2021-08-27,0.0942086306728902,0.0961510733091572,0.0942086306728902,0.0951798483729362,565000.0
2021-08-30,0.0942086312878645,0.0942086312878645,0.0883812888686736,0.0903237387537956,1974800.0
2021-08-31,0.0893525153955731,0.0903237403553552,0.0874100727121841,0.088381290435791,1412000.0
2021-09-01,0.0874100727121841,0.0903237403553552,0.0874100727121841,0.088381290435791,1371300.0
2021-09-02,0.0883812876955738,0.0893525126252435,0.087410070002079,0.087410070002079,246500.0
2021-09-03,0.0903237387537956,0.0903237387537956,0.0893525138112346,0.0903237387537956,107600.0
2021-09-06,0.0903237426865837,0.0942086353898048,0.0903237426865837,0.0942086353898048,1655500.0
2021-09-07,0.094208637076271,0.094208637076271,0.0922661870718002,0.0922661870718002,230900.0
2021-09-08,0.0932374057366691,0.0980935231815993,0.0932374057366691,0.0951798483729362,3113300.0
2021-09-09,0.0971222982453783,0.0971222982453783,0.0951798483729362,0.0951798483729362,329200.0
2021-09-10,0.0922661870718002,0.0951798548423309,0.0903237443035049,0.0922661870718002,761300.0
2021-09-13,0.0942086353898048,0.0942086353898048,0.0932374104049557,0.0942086353898048,181100.0
2021-09-14,0.0932374075055122,0.0961510751332766,0.0932374075055122,0.0932374075055122,405300.0
2021-09-15,0.0932374104049557,0.0942086353898048,0.0932374104049557,0.0942086353898048,284700.0
2021-09-16,0.0942086324601587,0.0942086324601587,0.0932374075055122,0.0932374075055122,325000.0
2021-09-17,0.0942086353898048,0.0942086353898048,0.0942086353898048,0.0942086353898048,90300.0
2021-09-20,0.0951798501786301,0.0951798501786301,0.0932374075055122,0.0932374075055122,751300.0
2021-09-21,0.0922661870718002,0.0922661870718002,0.0912949620695648,0.0922661870718002,2055400.0
2021-09-22,0.0942086324601587,0.0951798501786301,0.0922661825508657,0.0932374075055122,441800.0
2021-09-23,0.0951798548423309,0.0951798548423309,0.0912949620695648,0.0922661870718002,354700.0
2021-09-24,0.0922661870718002,0.0951798548423309,0.0922661870718002,0.0922661870718002,554700.0
2021-09-27,0.094208637076271,0.0951798548423309,0.0922661870718002,0.0922661870718002,30400.0
2021-09-28,0.0922661870718002,0.0922661870718002,0.0922661870718002,0.0922661870718002,1900.0
2021-09-29,0.0951798531384786,0.1000359708265488,0.0932374104049557,0.0942086353898048,749300.0
2021-09-30,0.0942086353898048,0.0942086353898048,0.0942086353898048,0.0942086353898048,200.0
2021-10-01,0.0942086324601587,0.0942086324601587,0.0932374075055122,0.0932374075055122,53300.0
2021-10-04,0.0932374104049557,0.0961510781233277,0.0932374104049557,0.0942086353898048,32700.0
2021-10-05,0.0932374075055122,0.0942086324601587,0.0932374075055122,0.0932374075055122,204500.0
2021-10-06,0.0932374075055122,0.0932374075055122,0.0932374075055122,0.0932374075055122,27100.0
2021-10-07,0.0932374075055122,0.0942086324601587,0.0932374075055122,0.0932374075055122,45700.0
2021-10-08,0.0922661825508657,0.0961510751332766,0.0922661825508657,0.0932374075055122,247700.0
2021-10-11,0.0854676245881807,0.0874100745485532,0.0806115069234249,0.086438849568367,5301800.0
2021-10-12,0.0854676262494264,0.0854676262494264,0.0835251834874738,0.0844964012503624,1455300.0
2021-10-13,0.0844964002242803,0.0874100751860903,0.0747841720601065,0.0815827324986457,8679800.0
2021-10-14,0.0806115094051326,0.0825539594253053,0.0776978416110489,0.0796402916312217,3126600.0
2021-10-15,0.081582734415219,0.081582734415219,0.0796402916312217,0.0796402916312217,935700.0
2021-10-18,0.0786690622395024,0.0796402871954945,0.0582733779626328,0.0592446029186248,52342500.0
2021-10-19,0.0592446029186248,0.0592446029186248,0.0592446029186248,0.0592446029186248,0.0
2021-10-20,0.0592446029186248,0.0592446029186248,0.0592446029186248,0.0592446029186248,0.0
2021-10-21,0.0592446029186248,0.0592446029186248,0.0592446029186248,0.0592446029186248,0.0
2021-10-22,0.0621582765752378,0.0708992798090862,0.0621582765752378,0.0689568370580673,44885800.0
2021-10-25,0.0708992794093114,0.0718705043974322,0.0573021585203216,0.0611870512366294,88507700.0
2021-10-26,0.0602158260442123,0.063129493762514,0.0563309333410848,0.0573021583259105,49007000.0
2021-10-27,0.060215822981128,0.0689568329275671,0.0592446016637945,0.0650719404220581,76775100.0
2021-10-28,0.0670143832506196,0.0844963959579041,0.0660431655485636,0.0776978358626365,105721100.0
2021-10-29,0.0776978346437291,0.0786690595667239,0.0728417245011054,0.0747841671109199,15499800.0
2021-11-01,0.0728417308169906,0.0747841735952284,0.0708992808025772,0.0718705058097839,10968800.0
2021-11-02,0.0708992815750406,0.0728417316106174,0.0641007209228731,0.0670143887400627,5765700.0
2021-11-03,0.0679856110277491,0.0679856110277491,0.0650719433275638,0.0660431683063507,4058300.0
2021-11-05,0.0660431653574791,0.0670143830567251,0.0641007154866371,0.0650719404220581,3643700.0
2021-11-08,0.0660431709584499,0.0679856137578511,0.0650719459406615,0.0670143887400627,3700800.0
2021-11-09,0.0679856137578511,0.071870506592829,0.0660431709584499,0.0670143887400627,10316700.0
2021-11-10,0.0660431683063507,0.0670143860489622,0.0650719433275638,0.0660431683063507,1735800.0
2021-11-11,0.0650719459406615,0.0679856137578511,0.0650719459406615,0.0670143887400627,1300900.0
2021-11-12,0.0670143842214732,0.0679856091737747,0.0660431665053469,0.0679856091737747,964500.0
2021-11-15,0.0670143887400627,0.0679856137578511,0.0660431709584499,0.0670143887400627,5634300.0
2021-11-16,0.0660431699956038,0.0660431699956038,0.0641007199883461,0.0641007199883461,5047000.0
2021-11-17,0.0650719449919749,0.0650719449919749,0.0641007199883461,0.0641007199883461,350000.0
2021-11-18,0.0641007154866371,0.0650719404220581,0.0641007154866371,0.0650719404220581,1594700.0
2021-11-19,0.0650719404220581,0.0650719404220581,0.0641007154866371,0.0650719404220581,1297600.0
2021-11-22,0.0631294933699901,0.0660431683063507,0.0631294933699901,0.0660431683063507,1853200.0
2021-11-23,0.0660431653574791,0.0660431653574791,0.0641007154866371,0.0650719404220581,251100.0
2021-11-24,0.0650719449919749,0.0650719449919749,0.0641007199883461,0.0641007199883461,688100.0
2021-11-25,0.0660431669819861,0.0660431669819861,0.0631294921040535,0.0631294921040535,698200.0
2021-11-26,0.0641007181097881,0.0641007181097881,0.0621582753956317,0.0621582753956317,3375100.0
2021-11-29,0.0621582772172638,0.0641007199883461,0.0621582772172638,0.0641007199883461,458400.0
2021-11-30,0.0641007199883461,0.0641007199883461,0.0631294949847172,0.0641007199883461,2432500.0
2021-12-01,0.0641007199883461,0.0650719449919749,0.0631294949847172,0.0641007199883461,532600.0
2021-12-02,0.0641007170633643,0.0641007170633643,0.0631294921040535,0.0631294921040535,1017900.0
2021-12-03,0.0631294949847172,0.0641007199883461,0.0621582772172638,0.0641007199883461,819800.0
2021-12-06,0.0641007183487769,0.0679856110277491,0.0631294933699901,0.0660431683063507,2459500.0
2021-12-07,0.0660431653574791,0.0660431653574791,0.0650719404220581,0.0650719404220581,140300.0
2021-12-08,0.0660431683063507,0.0679856110277491,0.0631294933699901,0.0660431683063507,1062900.0
2021-12-09,0.0670143870708729,0.069928054815489,0.0670143870708729,0.0689568370580673,1805000.0
2021-12-10,0.0689568352260776,0.0718705028932858,0.0689568352260776,0.0708992779254913,1644700.0
2021-12-13,0.0728417262434959,0.0728417262434959,0.0708992763510426,0.0728417262434959,2594100.0
2021-12-14,0.0718704998957736,0.0718704998957736,0.0689568323500862,0.0699280500411987,593100.0
2021-12-15,0.0699280529576968,0.0718705028932858,0.0699280529576968,0.0708992779254913,1378200.0
2021-12-16,0.0699280529576968,0.0708992779254913,0.0699280529576968,0.0708992779254913,103500.0
2021-12-17,0.0708992779254913,0.0708992779254913,0.0689568352260776,0.0708992779254913,218100.0
2021-12-20,0.0689568323500862,0.0699280500411987,0.0679856074227987,0.0699280500411987,186800.0
2021-12-21,0.0699280518422025,0.0699280518422025,0.0679856091737747,0.0679856091737747,121300.0
2021-12-22,0.0679856074227987,0.0699280500411987,0.0679856074227987,0.0699280500411987,166800.0
2021-12-23,0.0679856120644701,0.069928054815489,0.0679856120644701,0.0689568370580673,191500.0
2021-12-24,0.0679856091737747,0.0689568341260761,0.0679856091737747,0.0679856091737747,53700.0
2021-12-27,0.0679856091737747,0.0679856091737747,0.0660431665053469,0.0679856091737747,282600.0
2021-12-28,0.0679856091737747,0.0679856091737747,0.0670143842214732,0.0679856091737747,5500.0
2021-12-29,0.0689568352260776,0.0708992779254913,0.0689568352260776,0.0708992779254913,878200.0
2021-12-30,0.0708992808025772,0.0718705058097839,0.0699280557953705,0.0718705058097839,1489900.0
2021-12-31,0.0708992749684861,0.0708992749684861,0.0699280500411987,0.0699280500411987,313100.0
2022-01-03,0.0699280500411987,0.0708992749684861,0.0699280500411987,0.0699280500411987,517800.0
2022-01-04,0.0689568323500862,0.0708992749684861,0.0689568323500862,0.0699280500411987,180900.0
2022-01-05,0.069928054815489,0.069928054815489,0.0679856120644701,0.0689568370580673,375500.0
2022-01-06,0.0679856137578511,0.0689568387756395,0.0670143887400627,0.0670143887400627,190400.0
2022-01-07,0.0670143870708729,0.0689568370580673,0.0670143870708729,0.0689568370580673,284900.0
2022-01-10,0.0689568370580673,0.0689568370580673,0.0689568370580673,0.0689568370580673,0.0
2022-01-11,0.0689568341260761,0.0699280518422025,0.0679856091737747,0.0679856091737747,283200.0
2022-01-12,0.0679856091737747,0.0679856091737747,0.0679856091737747,0.0679856091737747,310600.0
2022-01-13,0.0679856120644701,0.0689568370580673,0.0679856120644701,0.0689568370580673,104700.0
2022-01-14,0.0689568341260761,0.0689568341260761,0.0670143842214732,0.0679856091737747,41400.0
2022-01-17,0.0679856091737747,0.0679856091737747,0.0679856091737747,0.0679856091737747,33900.0
2022-01-18,0.0689568387756395,0.0689568387756395,0.0670143887400627,0.0670143887400627,88100.0
2022-01-19,0.0670143842214732,0.0679856091737747,0.0650719415530454,0.0679856091737747,420000.0
2022-01-20,0.0679856137578511,0.0679856137578511,0.0660431709584499,0.0670143887400627,156000.0
2022-01-21,0.0650719459406615,0.0670143887400627,0.0641007209228731,0.0670143887400627,330600.0
2022-01-24,0.0670143830567251,0.0670143830567251,0.0650719404220581,0.0650719404220581,53300.0
2022-01-25,0.0660431665053469,0.0679856091737747,0.064100716600744,0.0679856091737747,625800.0
2022-01-26,0.0660431709584499,0.0679856137578511,0.0641007209228731,0.0670143887400627,1818900.0
2022-01-27,0.0650719433275638,0.0660431683063507,0.0650719433275638,0.0660431683063507,87400.0
2022-01-28,0.0650719459406615,0.0670143887400627,0.0641007209228731,0.0670143887400627,1014200.0
2022-01-31,0.0670143860489622,0.0670143860489622,0.0660431683063507,0.0660431683063507,201900.0
2022-02-03,0.0660431665053469,0.0679856091737747,0.0660431665053469,0.0679856091737747,1272800.0
2022-02-04,0.0679856091737747,0.0679856091737747,0.0670143842214732,0.0679856091737747,244100.0
2022-02-07,0.0679856102582831,0.0708992779254913,0.0679856102582831,0.0708992779254913,4300400.0
2022-02-08,0.0699280500411987,0.0708992749684861,0.0699280500411987,0.0699280500411987,1685300.0
2022-02-09,0.0699280497321212,0.0767266169569093,0.0699280497321212,0.0747841671109199,9862100.0
2022-02-10,0.0747841688997741,0.0796402863947322,0.0728417262434959,0.0728417262434959,43726600.0
2022-02-11,0.0728417245011054,0.0747841671109199,0.0718704995781107,0.0747841671109199,13240800.0
2022-02-14,0.0728417308169906,0.0728417308169906,0.0718705058097839,0.0718705058097839,1589900.0
2022-02-15,0.0718705058097839,0.0738129485880217,0.0718705058097839,0.0718705058097839,2146300.0
2022-02-16,0.0738129425141736,0.0738129425141736,0.0679856074227987,0.0699280500411987,2200800.0
2022-02-17,0.0699280500411987,0.0718704998957736,0.0689568323500862,0.0699280500411987,2264900.0
2022-02-18,0.0689568323500862,0.0708992749684861,0.0679856074227987,0.0699280500411987,376700.0
2022-02-21,0.0718705058097839,0.0728417308169906,0.0718705058097839,0.0718705058097839,740600.0
2022-02-22,0.071870506592829,0.071870506592829,0.0670143887400627,0.0670143887400627,3869300.0
2022-02-23,0.0670143842214732,0.0679856091737747,0.0650719415530454,0.0679856091737747,1176400.0
2022-02-24,0.0660431709584499,0.0679856137578511,0.0631294959050847,0.0670143887400627,1543900.0
2022-02-25,0.0660431709584499,0.0670143887400627,0.0650719459406615,0.0670143887400627,613500.0
2022-02-28,0.0679856137578511,0.0679856137578511,0.0631294959050847,0.0670143887400627,503200.0
2022-03-01,0.0670143860489622,0.0679856110277491,0.0660431683063507,0.0660431683063507,574700.0
2022-03-02,0.0660431653574791,0.0660431653574791,0.0650719404220581,0.0650719404220581,487200.0
2022-03-03,0.0660431709584499,0.0679856137578511,0.0660431709584499,0.0670143887400627,300600.0
2022-03-04,0.0670143842214732,0.0679856091737747,0.0670143842214732,0.0679856091737747,13400.0
2022-03-07,0.0670143860489622,0.0670143860489622,0.0660431683063507,0.0660431683063507,175600.0
2022-03-08,0.0670143860489622,0.0679856110277491,0.0650719433275638,0.0660431683063507,748000.0
2022-03-09,0.0670143830567251,0.0670143830567251,0.0650719404220581,0.0650719404220581,382000.0
2022-03-10,0.0650719404220581,0.0650719404220581,0.0650719404220581,0.0650719404220581,644400.0
2022-03-11,0.0660431653574791,0.0670143830567251,0.0641007154866371,0.0650719404220581,856500.0
2022-03-14,0.0650719404220581,0.0660431653574791,0.0641007154866371,0.0650719404220581,306200.0
2022-03-15,0.0650719449919749,0.0650719449919749,0.0641007199883461,0.0641007199883461,165000.0
2022-03-16,0.0650719449919749,0.0650719449919749,0.0641007199883461,0.0641007199883461,103400.0
2022-03-17,0.0641007154866371,0.0650719404220581,0.0641007154866371,0.0650719404220581,35000.0
2022-03-18,0.0660431653574791,0.0670143830567251,0.0650719404220581,0.0650719404220581,739300.0
2022-03-21,0.0650719404220581,0.0650719404220581,0.0650719404220581,0.0650719404220581,206100.0
2022-03-22,0.0650719404220581,0.0650719404220581,0.0641007154866371,0.0650719404220581,862200.0
2022-03-23,0.0660431683063507,0.0660431683063507,0.0650719433275638,0.0660431683063507,200900.0
2022-03-24,0.0660431653574791,0.0660431653574791,0.0650719404220581,0.0650719404220581,540200.0
2022-03-25,0.0670143887400627,0.0670143887400627,0.0660431709584499,0.0670143887400627,198700.0
2022-03-28,0.0670143860489622,0.0670143860489622,0.0650719433275638,0.0660431683063507,681900.0
2022-03-29,0.0660431683063507,0.0660431683063507,0.0641007183487769,0.0660431683063507,464000.0
2022-03-30,0.0660431653574791,0.0660431653574791,0.0650719404220581,0.0650719404220581,643700.0
2022-03-31,0.0650719404220581,0.0650719404220581,0.0641007154866371,0.0650719404220581,155900.0
2022-04-01,0.0650719433275638,0.0660431683063507,0.0650719433275638,0.0660431683063507,261100.0
2022-04-04,0.0660431699956038,0.0660431699956038,0.0641007199883461,0.0641007199883461,365000.0
2022-04-05,0.0650719404220581,0.0650719404220581,0.0650719404220581,0.0650719404220581,28900.0
2022-04-06,0.0650719449919749,0.0650719449919749,0.0641007199883461,0.0641007199883461,258600.0
2022-04-07,0.0641007154866371,0.0650719404220581,0.0641007154866371,0.0650719404220581,538100.0
2022-04-08,0.0650719449919749,0.0650719449919749,0.0641007199883461,0.0641007199883461,5000.0
2022-04-11,0.0650719404220581,0.0650719404220581,0.0650719404220581,0.0650719404220581,58400.0
2022-04-12,0.0650719433275638,0.0660431683063507,0.0641007183487769,0.0660431683063507,50100.0
2022-04-13,0.0660431683063507,0.0660431683063507,0.0660431683063507,0.0660431683063507,0.0
2022-04-14,0.0660431653574791,0.0660431653574791,0.0650719404220581,0.0650719404220581,216000.0
2022-04-18,0.0650719404220581,0.0650719404220581,0.0650719404220581,0.0650719404220581,3300.0
2022-04-19,0.0650719449919749,0.0650719449919749,0.0641007199883461,0.0641007199883461,398500.0
2022-04-20,0.0650719404220581,0.0660431653574791,0.0650719404220581,0.0650719404220581,271100.0
2022-04-21,0.0650719449919749,0.0650719449919749,0.0641007199883461,0.0641007199883461,176200.0
2022-04-22,0.0641007199883461,0.0650719449919749,0.0641007199883461,0.0641007199883461,384400.0
2022-04-25,0.0650719449919749,0.0650719449919749,0.0641007199883461,0.0641007199883461,100100.0
2022-04-26,0.0650719449919749,0.0650719449919749,0.0641007199883461,0.0641007199883461,218100.0
2022-04-27,0.0641007154866371,0.0660431653574791,0.0641007154866371,0.0650719404220581,428100.0
2022-04-28,0.0650719433275638,0.0670143860489622,0.0650719433275638,0.0660431683063507,330000.0
2022-04-29,0.0660431653574791,0.0660431653574791,0.0650719404220581,0.0650719404220581,56200.0
2022-05-04,0.0650719449919749,0.0650719449919749,0.0641007199883461,0.0641007199883461,307500.0
2022-05-05,0.0641007189648165,0.0641007189648165,0.0602158262485086,0.0611870512366294,2439400.0
2022-05-06,0.0611870494216069,0.0631294921040535,0.0611870494216069,0.0631294921040535,161300.0
2022-05-09,0.0631294931346223,0.0631294931346223,0.0621582753956317,0.0621582753956317,129900.0
2022-05-10,0.0631294921040535,0.0631294921040535,0.0631294921040535,0.0631294921040535,300.0
2022-05-11,0.0621582762247502,0.0621582762247502,0.0611870512366294,0.0611870512366294,69300.0
2022-05-12,0.0602158233523368,0.0621582732351534,0.0592446020290161,0.0602158233523368,212600.0
2022-05-13,0.0611870504204659,0.0621582753956317,0.0611870504204659,0.0621582753956317,29600.0
2022-05-17,0.0621582743809178,0.0631294921040535,0.0621582743809178,0.0631294921040535,200.0
2022-05-18,0.0602158262485086,0.0611870512366294,0.0602158262485086,0.0611870512366294,5200.0
2022-05-19,0.0611870504204659,0.0631294931346223,0.0602158254453001,0.0621582753956317,32800.0
2022-05-20,0.0621582762247502,0.0621582762247502,0.0592446048784755,0.0611870512366294,1226300.0
2022-05-23,0.0611870504204659,0.0621582753956317,0.0611870504204659,0.0621582753956317,143000.0
2022-05-24,0.0611870504204659,0.0621582753956317,0.0611870504204659,0.0621582753956317,11000.0
2022-05-25,0.0621582732351534,0.0621582732351534,0.0602158233523368,0.0602158233523368,54000.0
2022-05-26,0.0602158233523368,0.0611870482937451,0.0602158233523368,0.0602158233523368,115700.0
2022-05-27,0.0602158233523368,0.0621582732351534,0.0602158233523368,0.0602158233523368,203600.0
2022-05-30,0.0602158233523368,0.0602158233523368,0.0602158233523368,0.0602158233523368,0.0
2022-05-31,0.0611870482937451,0.0611870482937451,0.0602158233523368,0.0602158233523368,6600.0
2022-06-01,0.0611870492125214,0.0611870492125214,0.0592446029186248,0.0592446029186248,942900.0
2022-06-02,0.0602158242565293,0.0602158242565293,0.0573021566247283,0.0592446029186248,2623600.0
2022-06-03,0.0582733779626328,0.0602158242565293,0.0582733779626328,0.0592446029186248,160600.0
2022-06-06,0.0592446037288978,0.0602158250800854,0.0582733787596225,0.0582733787596225,303500.0
2022-06-07,0.0592446029186248,0.0592446029186248,0.0592446029186248,0.0592446029186248,230600.0
2022-06-08,0.0602158242565293,0.0602158242565293,0.0592446029186248,0.0592446029186248,57600.0
2022-06-09,0.0592446048784755,0.0611870512366294,0.0592446048784755,0.0611870512366294,169200.0
2022-06-10,0.0602158242565293,0.0611870492125214,0.0592446029186248,0.0592446029186248,340300.0
2022-06-13,0.0592446029186248,0.0602158242565293,0.0592446029186248,0.0592446029186248,125600.0
2022-06-14,0.0592446037288978,0.0592446037288978,0.0582733787596225,0.0582733787596225,774500.0
2022-06-15,0.0592446037288978,0.0592446037288978,0.0573021574084349,0.0582733787596225,657900.0
2022-06-16,0.0592446029186248,0.0592446029186248,0.0582733779626328,0.0592446029186248,177600.0
2022-06-17,0.0592446029186248,0.0592446029186248,0.0592446029186248,0.0592446029186248,0.0
2022-06-20,0.0582733787596225,0.0582733787596225,0.0573021574084349,0.0582733787596225,62400.0
2022-06-21,0.0582733787596225,0.0582733787596225,0.0582733787596225,0.0582733787596225,56000.0
2022-06-22,0.0573021583259105,0.0573021583259105,0.0573021583259105,0.0573021583259105,67000.0
2022-06-23,0.0582733787596225,0.0582733787596225,0.0582733787596225,0.0582733787596225,63000.0
2022-06-24,0.0582733787596225,0.0582733787596225,0.0582733787596225,0.0582733787596225,10000.0
2022-06-27,0.0592446037288978,0.0592446037288978,0.0582733787596225,0.0582733787596225,155900.0
2022-06-28,0.0582733796926485,0.0592446046774742,0.0573021583259105,0.0573021583259105,1975500.0
2022-06-29,0.0582733808208361,0.0650719449919749,0.057302159435295,0.0641007199883461,16805200.0
2022-06-30,0.0650719439529373,0.0670143866930035,0.0611870512366294,0.0611870512366294,9311000.0
2022-07-01,0.0602158233523368,0.0621582732351534,0.0592446020290161,0.0602158233523368,13295500.0
2022-07-04,0.0592446029186248,0.0602158242565293,0.0592446029186248,0.0592446029186248,466600.0
2022-07-05,0.0592446037288978,0.0602158250800854,0.0582733787596225,0.0582733787596225,1082200.0
2022-07-06,0.0592446046774742,0.0592446046774742,0.0573021583259105,0.0573021583259105,1551000.0
2022-07-07,0.0592446020290161,0.0602158233523368,0.0582733770876078,0.0602158233523368,1352300.0
2022-07-08,0.0592446029186248,0.0592446029186248,0.0582733779626328,0.0592446029186248,650600.0
2022-07-12,0.0582733787596225,0.0592446037288978,0.0573021574084349,0.0582733787596225,3356800.0
2022-07-13,0.0592446037288978,0.0592446037288978,0.0582733787596225,0.0582733787596225,2515400.0
2022-07-14,0.0592446029186248,0.0592446029186248,0.0592446029186248,0.0592446029186248,1200.0
2022-07-15,0.0592446037288978,0.0592446037288978,0.0582733787596225,0.0582733787596225,2300000.0
2022-07-18,0.0582733787596225,0.0592446037288978,0.0582733787596225,0.0582733787596225,166600.0
2022-07-19,0.0582733779626328,0.0592446029186248,0.0582733779626328,0.0592446029186248,41700.0
2022-07-20,0.0582733779626328,0.0592446029186248,0.0582733779626328,0.0592446029186248,1212100.0
2022-07-21,0.0592446037288978,0.0611870500493606,0.0582733787596225,0.0582733787596225,400100.0
2022-07-22,0.0582733770876078,0.0611870482937451,0.0582733770876078,0.0602158233523368,666900.0
2022-07-25,0.0602158233523368,0.0602158233523368,0.0602158233523368,0.0602158233523368,0.0
2022-07-26,0.0602158233523368,0.0602158233523368,0.0602158233523368,0.0602158233523368,80200.0
2022-07-27,0.0602158233523368,0.0602158233523368,0.0602158233523368,0.0602158233523368,0.0
2022-07-28,0.0611870494216069,0.0641007170633643,0.0611870494216069,0.0631294921040535,49761800.0
2022-07-29,0.0631294921040535,0.0631294921040535,0.0631294921040535,0.0631294921040535,0.0
2022-08-01,0.0631294921040535,0.0631294921040535,0.0611870494216069,0.0631294921040535,5000.0
2022-08-02,0.0631294921040535,0.0631294921040535,0.0631294921040535,0.0631294921040535,0.0
2022-08-03,0.0611870482937451,0.0611870482937451,0.0602158233523368,0.0602158233523368,11400.0
2022-08-04,0.0611870482937451,0.0611870482937451,0.0602158233523368,0.0602158233523368,13000.0
2022-08-05,0.0611870504204659,0.0621582753956317,0.0602158254453001,0.0621582753956317,50600.0
2022-08-08,0.0592446029186248,0.0631294918883303,0.0592446029186248,0.0592446029186248,338900.0
2022-08-10,0.0592446048784755,0.0611870512366294,0.0592446048784755,0.0611870512366294,252300.0
2022-08-11,0.0602158233523368,0.0602158233523368,0.0602158233523368,0.0602158233523368,26000.0
2022-08-12,0.0602158242565293,0.0602158242565293,0.0592446029186248,0.0592446029186248,17000.0
2022-08-15,0.0592446048784755,0.0611870512366294,0.0592446048784755,0.0611870512366294,80000.0
2022-08-16,0.0611870512366294,0.0611870512366294,0.0611870512366294,0.0611870512366294,6000.0
2022-08-17,0.0611870512366294,0.0611870512366294,0.0611870512366294,0.0611870512366294,2000.0
2022-08-18,0.0602158242565293,0.0602158242565293,0.0592446029186248,0.0592446029186248,9500.0
2022-08-19,0.0611870512366294,0.0611870512366294,0.0611870512366294,0.0611870512366294,7000.0
2022-08-22,0.0611870512366294,0.0611870512366294,0.0611870512366294,0.0611870512366294,0.0
2022-08-23,0.0611870500493606,0.0611870500493606,0.0563309324391597,0.0582733787596225,634800.0
2022-08-24,0.0582733776227108,0.0582733776227108,0.0553597100079059,0.0553597100079059,1008700.0
2022-08-25,0.0553597091248706,0.0563309304416179,0.0553597091248706,0.0563309304416179,669800.0
2022-08-26,0.056330931340145,0.056330931340145,0.0553597100079059,0.0553597100079059,1000900.0
2022-08-29,0.0543884886756668,0.0553597100079059,0.0543884886756668,0.0553597100079059,105000.0
2022-08-30,0.0553597100079059,0.056330931340145,0.0543884886756668,0.0553597100079059,372600.0
2022-08-31,0.0553597117592065,0.0553597117592065,0.0534172654151916,0.0534172654151916,22700.0
2022-09-01,0.0543884886756668,0.056330931340145,0.0534172637253401,0.0553597100079059,869300.0
2022-09-02,0.0543884903962429,0.0543884903962429,0.0534172654151916,0.0534172654151916,674800.0
2022-09-05,0.0534172654151916,0.0534172654151916,0.0514748190711767,0.0534172654151916,744900.0
2022-09-06,0.052446044052228,0.0534172654151916,0.052446044052228,0.0534172654151916,1337200.0
2022-09-07,0.052446044052228,0.0534172654151916,0.052446044052228,0.0534172654151916,271900.0
2022-09-08,0.0534172654151916,0.0534172654151916,0.052446044052228,0.0534172654151916,1337000.0
2022-09-09,0.0534172663616516,0.0534172663616516,0.0524460449814796,0.0524460449814796,489100.0
2022-09-12,0.0524460432595379,0.0543884895741939,0.0524460432595379,0.0543884895741939,1617600.0
2022-09-13,0.0543884895741939,0.0543884895741939,0.0543884895741939,0.0543884895741939,769700.0
2022-09-14,0.0543884886756668,0.0553597100079059,0.0534172637253401,0.0553597100079059,1024200.0
2022-09-15,0.0553597100079059,0.0553597100079059,0.0543884886756668,0.0553597100079059,163300.0
2022-09-16,0.0553597091248706,0.0563309304416179,0.0543884878081233,0.0563309304416179,1139400.0
2022-09-19,0.0563309333410848,0.0582733796926485,0.0563309333410848,0.0573021583259105,1710000.0
2022-09-20,0.0563309304416179,0.0563309304416179,0.0563309304416179,0.0563309304416179,3000.0
2022-09-21,0.0563309304416179,0.0563309304416179,0.0553597091248706,0.0563309304416179,409600.0
2022-09-22,0.0563309333410848,0.0573021583259105,0.0553597119743468,0.0573021583259105,1099700.0
2022-09-23,0.0563309304416179,0.0563309304416179,0.0553597091248706,0.0563309304416179,360100.0
2022-09-26,0.0563309304416179,0.0573021553764527,0.0553597091248706,0.0563309304416179,690900.0
2022-09-27,0.0563309304416179,0.0563309304416179,0.0563309304416179,0.0563309304416179,0.0
2022-09-28,0.0553597109224781,0.0553597109224781,0.0534172646078221,0.0543884895741939,822000.0
2022-09-29,0.0534172654151916,0.0534172654151916,0.0534172654151916,0.0534172654151916,52400.0
2022-09-30,0.0534172663616516,0.0543884913599113,0.0524460449814796,0.0524460449814796,123300.0
2022-10-03,0.0524460449814796,0.0524460449814796,0.0524460449814796,0.0524460449814796,38300.0
2022-10-04,0.0543884895741939,0.0543884895741939,0.0543884895741939,0.0543884895741939,80200.0
2022-10-05,0.0534172628732885,0.0563309304416179,0.0534172628732885,0.0563309304416179,80000.0
2022-10-06,0.0563309304416179,0.0563309304416179,0.0563309304416179,0.0563309304416179,150000.0
2022-10-07,0.0543884895741939,0.0543884895741939,0.0543884895741939,0.0543884895741939,30300.0
2022-10-10,0.0534172637253401,0.0553597100079059,0.0534172637253401,0.0553597100079059,405700.0
2022-10-11,0.0553597100079059,0.0553597100079059,0.0553597100079059,0.0553597100079059,0.0
2022-10-12,0.0573021562904717,0.0573021562904717,0.0543884886756668,0.0553597100079059,160300.0
2022-10-13,0.0543884895741939,0.0543884895741939,0.0543884895741939,0.0543884895741939,75000.0
2022-10-14,0.0534172663616516,0.0543884913599113,0.0524460449814796,0.0524460449814796,580100.0
2022-10-18,0.0505035986030479,0.0524460449814796,0.0495323736047882,0.0524460449814796,59100.0
2022-10-19,0.0534172663616516,0.0534172663616516,0.0524460449814796,0.0524460449814796,174100.0
2022-10-20,0.0534172654151916,0.0534172654151916,0.0534172654151916,0.0534172654151916,19000.0
2022-10-21,0.0534172654151916,0.0534172654151916,0.0534172654151916,0.0534172654151916,15000.0
2022-10-25,0.0475899245581375,0.051474817097187,0.0466187032324189,0.051474817097187,404000.0
2022-10-26,0.051474817097187,0.051474817097187,0.051474817097187,0.051474817097187,0.0
2022-10-27,0.0485611522246163,0.0524460449814796,0.0485611522246163,0.0524460449814796,41200.0
2022-10-28,0.0524460449814796,0.0524460449814796,0.0505035986030479,0.0524460449814796,18200.0
2022-11-11,0.0495323708276622,0.0524460420409931,0.0485611495019436,0.051474817097187,1075200.0
2022-11-14,0.0505035986030479,0.0524460449814796,0.0495323736047882,0.0524460449814796,130000.0
2022-11-15,0.051474817097187,0.051474817097187,0.051474817097187,0.051474817097187,7000.0
2022-11-18,0.0485611522246163,0.0524460449814796,0.0485611522246163,0.0524460449814796,61000.0
2022-11-21,0.0524460449814796,0.0524460449814796,0.0524460449814796,0.0524460449814796,0.0
2022-11-22,0.0485611495019436,0.051474817097187,0.0485611495019436,0.051474817097187,30300.0
2022-11-23,0.051474817097187,0.051474817097187,0.051474817097187,0.051474817097187,0.0
2022-11-24,0.051474817097187,0.051474817097187,0.051474817097187,0.051474817097187,0.0
2022-12-02,0.050503596663475,0.050503596663475,0.0456474790948494,0.050503596663475,206200.0
2022-12-05,0.0514748199832199,0.0524460449814796,0.0514748199832199,0.0524460449814796,519400.0
2022-12-07,0.0495323717025148,0.0524460429673077,0.0495323717025148,0.050503596663475,840700.0
2022-12-08,0.051474817097187,0.051474817097187,0.051474817097187,0.051474817097187,100000.0
2022-12-09,0.0505035986030479,0.0524460449814796,0.0505035986030479,0.0524460449814796,70900.0
2022-12-12,0.0524460449814796,0.0524460449814796,0.0524460449814796,0.0524460449814796,0.0
2022-12-13,0.050503596663475,0.050503596663475,0.050503596663475,0.050503596663475,26300.0
2022-12-14,0.050503596663475,0.050503596663475,0.050503596663475,0.050503596663475,7100.0
2022-12-15,0.052446044052228,0.0534172654151916,0.052446044052228,0.0534172654151916,203700.0
2022-12-16,0.0524460449814796,0.0534172663616516,0.0524460449814796,0.0524460449814796,123100.0
2022-12-19,0.0524460449814796,0.0524460449814796,0.0524460449814796,0.0524460449814796,30000.0
2022-12-20,0.0524460449814796,0.0524460449814796,0.0524460449814796,0.0524460449814796,112800.0
2022-12-21,0.052446044052228,0.0534172654151916,0.052446044052228,0.0534172654151916,402500.0
2022-12-22,0.0534172654151916,0.0534172654151916,0.0534172654151916,0.0534172654151916,150000.0
2022-12-23,0.0534172654151916,0.0534172654151916,0.0534172654151916,0.0534172654151916,230000.0
2022-12-27,0.0534172654151916,0.0534172654151916,0.0534172654151916,0.0534172654151916,460000.0
2022-12-28,0.0534172654151916,0.0534172654151916,0.0534172654151916,0.0534172654151916,0.0
2022-12-29,0.052446044052228,0.0534172654151916,0.052446044052228,0.0534172654151916,41200.0
2022-12-30,0.0524460429673077,0.0524460429673077,0.050503596663475,0.050503596663475,730200.0
2023-01-03,0.0514748199832199,0.0524460449814796,0.0514748199832199,0.0524460449814796,197900.0
2023-01-04,0.0505035957714684,0.051474817097187,0.0505035957714684,0.051474817097187,20000.0
2023-01-05,0.0514748199832199,0.0524460449814796,0.0514748199832199,0.0524460449814796,77200.0
2023-01-06,0.052446044052228,0.0534172654151916,0.052446044052228,0.0534172654151916,6700.0
2023-01-09,0.0534172646078221,0.0543884895741939,0.0524460432595379,0.0543884895741939,300500.0
2023-01-10,0.0543884903962429,0.0543884903962429,0.0534172654151916,0.0534172654151916,16400.0
2023-01-11,0.0543884895741939,0.0543884895741939,0.0524460432595379,0.0543884895741939,12400.0
2023-01-12,0.0543884903962429,0.0543884903962429,0.0534172654151916,0.0534172654151916,100500.0
2023-01-13,0.0534172654151916,0.0534172654151916,0.0534172654151916,0.0534172654151916,0.0
2023-01-16,0.0534172663616516,0.0543884913599113,0.0524460449814796,0.0524460449814796,134100.0
2023-01-17,0.052446044052228,0.0534172654151916,0.052446044052228,0.0534172654151916,103200.0
2023-01-18,0.0534172663616516,0.0534172663616516,0.0524460449814796,0.0524460449814796,25000.0
2023-01-19,0.052446044052228,0.0534172654151916,0.052446044052228,0.0534172654151916,8600.0
2023-01-20,0.0534172654151916,0.0534172654151916,0.052446044052228,0.0534172654151916,900.0
2023-01-25,0.0534172654151916,0.0543884903962429,0.0534172654151916,0.0534172654151916,130500.0
2023-01-26,0.0534172646078221,0.0543884895741939,0.0534172646078221,0.0543884895741939,102000.0
2023-01-27,0.0543884895741939,0.0543884895741939,0.0543884895741939,0.0543884895741939,10000.0
2023-01-30,0.0543884903962429,0.0543884903962429,0.0534172654151916,0.0534172654151916,205900.0
2023-01-31,0.0534172654151916,0.0534172654151916,0.0534172654151916,0.0534172654151916,65000.0
2023-02-01,0.0534172663616516,0.0534172663616516,0.0524460449814796,0.0524460449814796,122400.0
2023-02-02,0.0534172654151916,0.0534172654151916,0.0534172654151916,0.0534172654151916,1500.0
2023-02-03,0.0534172654151916,0.0534172654151916,0.0534172654151916,0.0534172654151916,0.0
2023-02-06,0.0524460432595379,0.0543884895741939,0.0524460432595379,0.0543884895741939,21000.0
2023-02-07,0.0534172646078221,0.0543884895741939,0.0534172646078221,0.0543884895741939,56100.0
2023-02-08,0.0543884903962429,0.0543884903962429,0.0534172654151916,0.0534172654151916,219500.0
2023-02-09,0.0534172654151916,0.0534172654151916,0.0534172654151916,0.0534172654151916,0.0
2023-02-10,0.052446044052228,0.0534172654151916,0.052446044052228,0.0534172654151916,16300.0
2023-02-13,0.0543884906076088,0.0573021583259105,0.0543884906076088,0.0573021583259105,15642600.0
2023-02-14,0.056330931340145,0.056330931340145,0.0543884886756668,0.0553597100079059,247000.0
2023-02-15,0.0553597127400832,0.0553597127400832,0.0524460449814796,0.0524460449814796,30700.0
2023-02-16,0.0534172646078221,0.0553597109224781,0.0534172646078221,0.0543884895741939,574200.0
2023-02-17,0.0543884895741939,0.0543884895741939,0.0543884895741939,0.0543884895741939,10600.0
2023-02-20,0.0534172646078221,0.0543884895741939,0.0524460432595379,0.0543884895741939,843700.0
2023-02-21,0.0534172646078221,0.0543884895741939,0.0534172646078221,0.0543884895741939,6800.0
2023-02-22,0.0524460449814796,0.0534172663616516,0.0524460449814796,0.0524460449814796,14900.0
2023-02-23,0.0524460449814796,0.0524460449814796,0.0524460449814796,0.0524460449814796,0.0
2023-02-24,0.052446044052228,0.0534172654151916,0.052446044052228,0.0534172654151916,170700.0
2023-02-27,0.0534172654151916,0.0534172654151916,0.0534172654151916,0.0534172654151916,0.0
2023-02-28,0.0534172663616516,0.0534172663616516,0.0524460449814796,0.0524460449814796,326500.0
2023-03-01,0.0524460449814796,0.0524460449814796,0.0524460449814796,0.0524460449814796,1800.0
2023-03-02,0.051474818293166,0.0543884895741939,0.051474818293166,0.0543884895741939,350000.0
2023-03-03,0.0543884895741939,0.0543884895741939,0.0543884895741939,0.0543884895741939,0.0
2023-03-06,0.0505035986030479,0.0524460449814796,0.0505035986030479,0.0524460449814796,187300.0
2023-03-07,0.0524460449814796,0.0524460449814796,0.0524460449814796,0.0524460449814796,50000.0
2023-03-08,0.0514748199832199,0.0524460449814796,0.0505035986030479,0.0524460449814796,256900.0
2023-03-09,0.0514748199832199,0.0524460449814796,0.0514748199832199,0.0524460449814796,112600.0
2023-03-10,0.0524460449814796,0.0524460449814796,0.0524460449814796,0.0524460449814796,137000.0
2023-03-13,0.0524460449814796,0.0524460449814796,0.0524460449814796,0.0524460449814796,0.0
2023-03-14,0.050503596663475,0.050503596663475,0.050503596663475,0.050503596663475,65800.0
2023-03-15,0.0514748199832199,0.0524460449814796,0.0514748199832199,0.0524460449814796,256900.0
2023-03-16,0.0524460449814796,0.0524460449814796,0.0524460449814796,0.0524460449814796,0.0
2023-03-17,0.0505035957714684,0.051474817097187,0.0505035957714684,0.051474817097187,54000.0
2023-03-20,0.051474817097187,0.051474817097187,0.0505035957714684,0.051474817097187,121600.0
2023-03-21,0.050503596663475,0.050503596663475,0.050503596663475,0.050503596663475,103000.0
2023-03-22,0.050503596663475,0.050503596663475,0.050503596663475,0.050503596663475,0.0
2023-03-30,0.0475899253986821,0.0524460429673077,0.0475899253986821,0.050503596663475,210700.0
2023-03-31,0.050503596663475,0.050503596663475,0.050503596663475,0.050503596663475,0.0
2023-04-03,0.0524460420409931,0.0524460420409931,0.0505035957714684,0.051474817097187,129800.0
2023-04-06,0.0495323708276622,0.051474817097187,0.0495323708276622,0.051474817097187,578400.0
2023-04-11,0.0505035957714684,0.051474817097187,0.0495323708276622,0.051474817097187,69300.0
2023-04-12,0.051474817097187,0.051474817097187,0.051474817097187,0.051474817097187,6200.0
2023-04-13,0.0524460420409931,0.0534172633667117,0.051474817097187,0.051474817097187,860600.0
2023-04-14,0.0505035986030479,0.0524460449814796,0.0505035986030479,0.0524460449814796,100200.0
2023-04-17,0.0524460429673077,0.0524460429673077,0.050503596663475,0.050503596663475,383000.0
2023-04-18,0.050503596663475,0.050503596663475,0.050503596663475,0.050503596663475,0.0
2023-04-19,0.050503596663475,0.050503596663475,0.050503596663475,0.050503596663475,25400.0
2023-04-20,0.0495323708276622,0.051474817097187,0.0495323708276622,0.051474817097187,200200.0
2023-04-21,0.051474817097187,0.051474817097187,0.051474817097187,0.051474817097187,0.0
2023-04-24,0.0514748180063475,0.0514748180063475,0.050503596663475,0.050503596663475,12200.0
2023-04-25,0.0505035957714684,0.051474817097187,0.0505035957714684,0.051474817097187,100300.0
2023-04-26,0.051474817097187,0.051474817097187,0.051474817097187,0.051474817097187,0.0
2023-04-27,0.051474817097187,0.051474817097187,0.051474817097187,0.051474817097187,0.0
2023-04-28,0.050503596663475,0.050503596663475,0.050503596663475,0.050503596663475,800.0
2023-05-02,0.050503596663475,0.050503596663475,0.050503596663475,0.050503596663475,450000.0
2023-05-03,0.0505035957714684,0.051474817097187,0.0505035957714684,0.051474817097187,84500.0
2023-05-04,0.051474817097187,0.051474817097187,0.051474817097187,0.051474817097187,0.0
2023-05-05,0.0505035986030479,0.0524460449814796,0.0505035986030479,0.0524460449814796,345200.0
2023-05-08,0.0524460449814796,0.0534172663616516,0.0524460449814796,0.0524460449814796,1602200.0
2023-05-09,0.0524460415565412,0.0592446016280348,0.0524460415565412,0.0563309304416179,12619000.0
2023-05-10,0.056330931340145,0.056330931340145,0.0543884886756668,0.0553597100079059,1884600.0
2023-05-11,0.0553597109224781,0.0553597109224781,0.0534172646078221,0.0543884895741939,405200.0
2023-05-12,0.0534172646078221,0.0543884895741939,0.0534172646078221,0.0543884895741939,856300.0
2023-05-15,0.0543884903962429,0.0543884903962429,0.052446044052228,0.0534172654151916,1629500.0
2023-05-16,0.0534172663616516,0.0543884913599113,0.0524460449814796,0.0524460449814796,1476400.0
2023-05-17,0.0534172654151916,0.0553597117592065,0.0534172654151916,0.0534172654151916,1328300.0
2023-05-18,0.0543884895741939,0.0553597109224781,0.0534172646078221,0.0543884895741939,651600.0
2023-05-19,0.0534172646078221,0.0543884895741939,0.0534172646078221,0.0543884895741939,525400.0
2023-05-22,0.0534172663616516,0.0534172663616516,0.0524460449814796,0.0524460449814796,322500.0
2023-05-23,0.052446044052228,0.0534172654151916,0.052446044052228,0.0534172654151916,969200.0
2023-05-24,0.0524460449814796,0.0534172663616516,0.0524460449814796,0.0524460449814796,809800.0
2023-05-25,0.0534172654151916,0.0534172654151916,0.052446044052228,0.0534172654151916,734700.0
2023-05-26,0.0524460449814796,0.0534172663616516,0.0524460449814796,0.0524460449814796,1010600.0
2023-05-29,0.0534172663616516,0.0534172663616516,0.0514748199832199,0.0524460449814796,203200.0
2023-05-30,0.0524460449814796,0.0543884913599113,0.0524460449814796,0.0524460449814796,606300.0
2023-05-31,0.0543884903962429,0.0543884903962429,0.0514748190711767,0.0534172654151916,875600.0
2023-06-01,0.0514748199832199,0.0524460449814796,0.0514748199832199,0.0524460449814796,200100.0
2023-06-05,0.0524460420409931,0.0524460420409931,0.051474817097187,0.051474817097187,492200.0
2023-06-06,0.0514748190711767,0.0534172654151916,0.050503597708213,0.0534172654151916,410400.0
2023-06-07,0.0524460449814796,0.0534172663616516,0.0524460449814796,0.0524460449814796,2700.0
2023-06-08,0.051474817097187,0.051474817097187,0.051474817097187,0.051474817097187,10000.0
2023-06-09,0.0514748190711767,0.0534172654151916,0.050503597708213,0.0534172654151916,370200.0
2023-06-12,0.0534172654151916,0.0534172654151916,0.0534172654151916,0.0534172654151916,0.0
2023-06-13,0.051474817097187,0.051474817097187,0.051474817097187,0.051474817097187,10100.0
2023-06-14,0.052446044052228,0.0534172654151916,0.052446044052228,0.0534172654151916,9300.0
2023-06-15,0.0534172654151916,0.0534172654151916,0.0534172654151916,0.0534172654151916,0.0
2023-06-16,0.050503596663475,0.0534172643101803,0.050503596663475,0.050503596663475,297900.0
2023-06-19,0.052446044052228,0.0543884903962429,0.050503597708213,0.0534172654151916,2078000.0
2023-06-20,0.0524460449814796,0.0534172663616516,0.0524460449814796,0.0524460449814796,478100.0
2023-06-21,0.0573021553764527,0.0592446016280348,0.0553597091248706,0.0563309304416179,7984100.0
2023-06-22,0.0553597091248706,0.0563309304416179,0.0543884878081233,0.0563309304416179,1161400.0
2023-06-23,0.0563309304416179,0.0563309304416179,0.0543884878081233,0.0563309304416179,170100.0
2023-06-26,0.0543884886756668,0.0553597100079059,0.0543884886756668,0.0553597100079059,338400.0
2023-06-27,0.0543884903962429,0.0563309331221702,0.0534172654151916,0.0534172654151916,895100.0
2023-06-28,0.0534172646078221,0.0543884895741939,0.0524460432595379,0.0543884895741939,1078700.0
2023-06-30,0.0534172637253401,0.0553597100079059,0.0534172637253401,0.0553597100079059,90000.0
2023-07-03,0.0553597100079059,0.0553597100079059,0.0553597100079059,0.0553597100079059,0.0
2023-07-04,0.0534172654151916,0.0543884903962429,0.0534172654151916,0.0534172654151916,397000.0
2023-07-05,0.0543884895741939,0.0553597109224781,0.0543884895741939,0.0543884895741939,959600.0
2023-07-06,0.0553597109224781,0.0563309322707623,0.0543884895741939,0.0543884895741939,1275900.0
2023-07-07,0.0543884878081233,0.0563309304416179,0.0543884878081233,0.0563309304416179,3987300.0
2023-07-10,0.0553597100079059,0.0553597100079059,0.0553597100079059,0.0553597100079059,996600.0
2023-07-11,0.0553597119743468,0.0582733796926485,0.0553597119743468,0.0573021583259105,5849600.0
2023-07-12,0.0582733791130562,0.0641007181097881,0.0582733791130562,0.0621582753956317,12965400.0
2023-07-13,0.0631294959050847,0.0679856137578511,0.0611870531056835,0.0670143887400627,12839300.0
2023-07-14,0.0670143887400627,0.0689568387756395,0.0660431709584499,0.0670143887400627,4135600.0
2023-07-17,0.0670143842214732,0.0689568341260761,0.064100716600744,0.0679856091737747,2384800.0
2023-07-18,0.0679856079921461,0.0689568329275671,0.0650719404220581,0.0650719404220581,1411500.0
2023-07-19,0.0660431653574791,0.0670143830567251,0.0650719404220581,0.0650719404220581,1250900.0
2023-07-20,0.0650719452316882,0.0738129485880217,0.0650719452316882,0.0718705058097839,17173800.0
2023-07-21,0.071870506592829,0.0738129493922302,0.0670143887400627,0.0670143887400627,10437000.0
2023-07-24,0.0670143847051218,0.0670143847051218,0.0621582743809178,0.0631294921040535,7747100.0
2023-07-25,0.0631294949847172,0.0650719449919749,0.0631294949847172,0.0641007199883461,2495800.0
2023-07-26,0.0641007199883461,0.0641007199883461,0.0621582772172638,0.0641007199883461,1412300.0
2023-07-27,0.0641007154866371,0.0660431653574791,0.0641007154866371,0.0650719404220581,2772100.0
2023-07-28,0.0650719404220581,0.0670143830567251,0.0650719404220581,0.0650719404220581,3428900.0
2023-07-31,0.0650719420226752,0.0660431669819861,0.0631294921040535,0.0631294921040535,4347100.0
2023-08-01,0.0631294959050847,0.0699280565572522,0.0631294959050847,0.0670143887400627,14206200.0
2023-08-02,0.0670143830567251,0.0670143830567251,0.0650719404220581,0.0650719404220581,962600.0
2023-08-03,0.0641007183487769,0.0670143860489622,0.0641007183487769,0.0660431683063507,7815100.0
2023-08-04,0.0650719404220581,0.0670143830567251,0.0641007154866371,0.0650719404220581,473500.0
2023-08-07,0.0650719430849539,0.0650719430849539,0.0621582753956317,0.0621582753956317,1335500.0
2023-08-08,0.0631294939766957,0.0641007189648165,0.0611870512366294,0.0611870512366294,1071100.0
2023-08-10,0.0611870512366294,0.0621582762247502,0.0602158262485086,0.0611870512366294,1582000.0
2023-08-11,0.0611870512366294,0.0621582762247502,0.0602158262485086,0.0611870512366294,1001500.0
2023-08-14,0.0602158242565293,0.0611870492125214,0.0592446029186248,0.0592446029186248,1081200.0
2023-08-15,0.0592446020290161,0.0631294909403866,0.0592446020290161,0.0602158233523368,3613700.0
2023-08-16,0.0602158242565293,0.0602158242565293,0.0592446029186248,0.0592446029186248,890900.0
2023-08-17,0.0602158242565293,0.0602158242565293,0.0592446029186248,0.0592446029186248,1258200.0
2023-08-18,0.0592446029186248,0.0592446029186248,0.0592446029186248,0.0592446029186248,1189100.0
2023-08-21,0.0592446046774742,0.0592446046774742,0.0573021583259105,0.0573021583259105,976600.0
2023-08-22,0.0573021553764527,0.0582733766932,0.0563309304416179,0.0563309304416179,1359400.0
2023-08-23,0.0573021553764527,0.0573021553764527,0.0563309304416179,0.0563309304416179,1047500.0
2023-08-24,0.0553597103308318,0.0602158242565293,0.0553597103308318,0.0592446029186248,4513400.0
2023-08-25,0.0582733787596225,0.0592446037288978,0.0582733787596225,0.0582733787596225,190500.0
2023-08-28,0.0573021553764527,0.0573021553764527,0.0563309304416179,0.0563309304416179,640000.0
2023-08-29,0.0573021583259105,0.0573021583259105,0.0573021583259105,0.0573021583259105,356500.0
2023-08-30,0.0582733770876078,0.0611870482937451,0.0582733770876078,0.0602158233523368,987100.0
2023-08-31,0.0582733770876078,0.0602158233523368,0.0582733770876078,0.0602158233523368,489400.0
2023-09-04,0.0602158260442123,0.0602158260442123,0.0573021583259105,0.0573021583259105,888500.0
2023-09-05,0.0573021574084349,0.0582733787596225,0.0573021574084349,0.0582733787596225,67100.0
2023-09-06,0.0573021553764527,0.0592446016280348,0.0563309304416179,0.0563309304416179,127300.0
2023-09-07,0.0592446037288978,0.0592446037288978,0.0563309324391597,0.0582733787596225,417800.0
2023-09-08,0.0573021553764527,0.0573021553764527,0.0563309304416179,0.0563309304416179,394700.0
2023-09-11,0.0573021553764527,0.0582733766932,0.0563309304416179,0.0563309304416179,213100.0
2023-09-12,0.0563309304416179,0.0563309304416179,0.0563309304416179,0.0563309304416179,130000.0
2023-09-13,0.0563309304416179,0.0563309304416179,0.0563309304416179,0.0563309304416179,0.0
2023-09-14,0.0563309316687363,0.0592446029186248,0.0553597103308318,0.0592446029186248,571000.0
2023-09-15,0.0592446037288978,0.0602158250800854,0.0582733787596225,0.0582733787596225,1345900.0
2023-09-18,0.0602158242565293,0.0602158242565293,0.0582733779626328,0.0592446029186248,479200.0
2023-09-19,0.0582733787596225,0.0592446037288978,0.0582733787596225,0.0582733787596225,1500.0
2023-09-20,0.0573021583259105,0.0592446046774742,0.0573021583259105,0.0573021583259105,402000.0
2023-09-21,0.0573021574084349,0.0582733787596225,0.0573021574084349,0.0582733787596225,815600.0
2023-09-22,0.0582733779626328,0.0602158242565293,0.0573021566247283,0.0592446029186248,4804800.0
2023-09-25,0.0602158262485086,0.0621582762247502,0.0602158262485086,0.0611870512366294,5462300.0
2023-09-26,0.0602158233523368,0.0602158233523368,0.0602158233523368,0.0602158233523368,310200.0
2023-09-27,0.0602158262485086,0.0611870512366294,0.0602158262485086,0.0611870512366294,319700.0
2023-09-28,0.0592446029186248,0.0602158242565293,0.0592446029186248,0.0592446029186248,332000.0
2023-09-29,0.0602158233523368,0.0602158233523368,0.0592446020290161,0.0602158233523368,849300.0
2023-10-02,0.0592446037288978,0.0592446037288978,0.0582733787596225,0.0582733787596225,487000.0
2023-10-03,0.0582733787596225,0.0592446037288978,0.0582733787596225,0.0582733787596225,1601700.0
2023-10-04,0.0573021574084349,0.0582733787596225,0.0563309324391597,0.0582733787596225,3907700.0
2023-10-05,0.0563309324391597,0.0602158250800854,0.0563309324391597,0.0582733787596225,11766800.0
2023-10-06,0.0573021553764527,0.0573021553764527,0.0563309304416179,0.0563309304416179,4051100.0
2023-10-09,0.0553597117592065,0.0553597117592065,0.0534172654151916,0.0534172654151916,790500.0
2023-10-10,0.0534172637253401,0.056330931340145,0.0534172637253401,0.0553597100079059,15511800.0
2023-10-11,0.0553597091248706,0.0573021553764527,0.0543884878081233,0.0563309304416179,1552500.0
2023-10-12,0.0543884886756668,0.056330931340145,0.0543884886756668,0.0553597100079059,1702600.0
2023-10-13,0.0553597109224781,0.0553597109224781,0.0543884895741939,0.0543884895741939,400000.0
2023-10-16,0.0543884886756668,0.0553597100079059,0.0543884886756668,0.0553597100079059,1226700.0
2023-10-17,0.0543884903962429,0.0543884903962429,0.0534172654151916,0.0534172654151916,450000.0
2023-10-18,0.0543884903962429,0.0543884903962429,0.0534172654151916,0.0534172654151916,737300.0
2023-10-19,0.0534172654151916,0.0543884903962429,0.052446044052228,0.0534172654151916,1132900.0
2023-10-20,0.0524460449814796,0.0524460449814796,0.0514748199832199,0.0524460449814796,872400.0
2023-10-23,0.052446044052228,0.0534172654151916,0.0514748190711767,0.0534172654151916,1311800.0
2023-10-24,0.0534172654151916,0.0534172654151916,0.052446044052228,0.0534172654151916,1247800.0
2023-10-25,0.0524460420409931,0.0524460420409931,0.051474817097187,0.051474817097187,1042200.0
2023-10-26,0.0514748199832199,0.0524460449814796,0.0514748199832199,0.0524460449814796,275600.0
2023-10-27,0.0524460449814796,0.0524460449814796,0.0505035986030479,0.0524460449814796,289000.0
2023-10-30,0.051474817097187,0.051474817097187,0.0505035957714684,0.051474817097187,513300.0
2023-10-31,0.051474817097187,0.051474817097187,0.051474817097187,0.051474817097187,584200.0
2023-11-01,0.051474817097187,0.051474817097187,0.051474817097187,0.051474817097187,888900.0
2023-11-02,0.0505035957714684,0.051474817097187,0.0505035957714684,0.051474817097187,766900.0
2023-11-03,0.0514748199832199,0.0534172663616516,0.0514748199832199,0.0524460449814796,4738600.0
2023-11-06,0.0524460449814796,0.0524460449814796,0.0524460449814796,0.0524460449814796,330000.0
2023-11-07,0.0524460429673077,0.0524460429673077,0.050503596663475,0.050503596663475,1655600.0
2023-11-08,0.0524460420409931,0.0524460420409931,0.0505035957714684,0.051474817097187,75100.0
2023-11-09,0.0514748180063475,0.0514748180063475,0.0495323717025148,0.050503596663475,1985600.0
2023-11-15,0.0514748180063475,0.0514748180063475,0.050503596663475,0.050503596663475,644700.0
2023-11-20,0.0485611495019436,0.051474817097187,0.0485611495019436,0.051474817097187,230100.0
2023-12-14,0.0475899253986821,0.050503596663475,0.0475899253986821,0.050503596663475,349200.0
2023-12-18,0.0485611503596423,0.050503596663475,0.0485611503596423,0.050503596663475,769600.0
2023-12-19,0.050503596663475,0.050503596663475,0.050503596663475,0.050503596663475,0.0
2023-12-21,0.0495323708276622,0.0524460420409931,0.0495323708276622,0.051474817097187,4280400.0
2023-12-22,0.050503596663475,0.0514748180063475,0.050503596663475,0.050503596663475,501000.0
2023-12-26,0.050503596663475,0.050503596663475,0.050503596663475,0.050503596663475,269400.0
2023-12-29,0.0495323717025148,0.0514748180063475,0.0495323717025148,0.050503596663475,2905500.0
2024-01-02,0.0514748180063475,0.0534172643101803,0.050503596663475,0.050503596663475,9737100.0
2024-01-05,0.0495323717025148,0.050503596663475,0.0495323717025148,0.050503596663475,1589000.0
2024-01-08,0.0505035957714684,0.051474817097187,0.0495323708276622,0.051474817097187,1350100.0
2024-01-09,0.050503596663475,0.050503596663475,0.050503596663475,0.050503596663475,1309000.0
2024-01-10,0.050503596663475,0.050503596663475,0.050503596663475,0.050503596663475,957100.0
2024-01-11,0.050503596663475,0.0514748180063475,0.050503596663475,0.050503596663475,2790800.0
2024-01-12,0.0514748199832199,0.0524460449814796,0.0514748199832199,0.0524460449814796,2959900.0
2024-01-15,0.0543884895741939,0.0592446035517902,0.0543884895741939,0.0543884895741939,13159300.0
2024-01-16,0.0543884903962429,0.0553597117592065,0.052446044052228,0.0534172654151916,3136000.0
2024-01-17,0.0534172663616516,0.0534172663616516,0.0524460449814796,0.0524460449814796,285400.0
2024-01-18,0.0524460432595379,0.0543884895741939,0.0524460432595379,0.0543884895741939,1048600.0
2024-01-19,0.0543884883105179,0.0543884883105179,0.051474817097187,0.051474817097187,1260300.0
2024-01-22,0.0524460420409931,0.0524460420409931,0.051474817097187,0.051474817097187,1154700.0
2024-01-23,0.0524460420409931,0.0534172633667117,0.051474817097187,0.051474817097187,1070300.0
2024-01-24,0.052446044052228,0.0534172654151916,0.0514748190711767,0.0534172654151916,1182300.0
2024-01-25,0.051474817097187,0.0524460420409931,0.051474817097187,0.051474817097187,1966600.0
2024-01-26,0.051474817097187,0.0524460420409931,0.051474817097187,0.051474817097187,403800.0
2024-01-29,0.0505035986030479,0.0524460449814796,0.0505035986030479,0.0524460449814796,1784400.0
2025-08-06,0.0446762569628941,0.0524460420409931,0.0446762569628941,0.051474817097187,18269000.0
2025-08-07,0.0505035986030479,0.0524460449814796,0.0505035986030479,0.0524460449814796,2675600.0
2025-08-11,0.0485611503596423,0.050503596663475,0.0475899253986821,0.050503596663475,892400.0
2025-08-25,0.0495323717025148,0.050503596663475,0.0485611503596423,0.050503596663475,1037800.0
2025-09-02,0.0485611503596423,0.050503596663475,0.0485611503596423,0.050503596663475,1454600.0
2025-09-03,0.0495323736047882,0.0543884913599113,0.0495323736047882,0.0524460449814796,2891500.0
2025-09-04,0.0514748190711767,0.0534172654151916,0.0514748190711767,0.0534172654151916,79200.0
2025-09-05,0.0534172628732885,0.0563309304416179,0.0534172628732885,0.0563309304416179,3204900.0
2025-09-08,0.0553597091248706,0.0582733766932,0.0553597091248706,0.0563309304416179,5408600.0
2025-09-09,0.0563309333410848,0.0582733796926485,0.0553597119743468,0.0573021583259105,3219000.0
2025-09-10,0.0582733779626328,0.0611870492125214,0.0582733779626328,0.0592446029186248,5307300.0
2025-09-11,0.0592446046774742,0.0592446046774742,0.0563309333410848,0.0573021583259105,1804400.0
2025-09-12,0.0573021574084349,0.0582733787596225,0.0573021574084349,0.0582733787596225,1397400.0
2025-09-15,0.0582733779626328,0.0611870492125214,0.0582733779626328,0.0592446029186248,8842400.0
2025-09-16,0.0592446048784755,0.0611870512366294,0.0592446048784755,0.0611870512366294,578600.0
2025-09-17,0.0611870482937451,0.0611870482937451,0.0592446020290161,0.0602158233523368,1171800.0
2025-09-18,0.0602158233523368,0.0602158233523368,0.0602158233523368,0.0602158233523368,1328200.0
2025-09-19,0.0592446020290161,0.0602158233523368,0.0592446020290161,0.0602158233523368,598500.0
2025-09-22,0.0602158242565293,0.0602158242565293,0.0582733779626328,0.0592446029186248,1389500.0
2025-09-23,0.0582733787596225,0.0592446037288978,0.0573021574084349,0.0582733787596225,793700.0
2025-09-24,0.0582733787596225,0.0582733787596225,0.0573021574084349,0.0582733787596225,168800.0
2025-09-25,0.0592446029186248,0.0592446029186248,0.0592446029186248,0.0592446029186248,325700.0
2025-09-26,0.0602158233523368,0.0602158233523368,0.0592446020290161,0.0602158233523368,616100.0
2025-09-29,0.0602158250800854,0.0602158250800854,0.0582733787596225,0.0582733787596225,310100.0
2025-09-30,0.0582733787596225,0.0582733787596225,0.0582733787596225,0.0582733787596225,167300.0
2025-10-01,0.0582733787596225,0.0592446037288978,0.0553597110879721,0.0582733787596225,3341500.0
2025-10-02,0.059244604088222,0.0641007181097881,0.059244604088222,0.0621582753956317,9513000.0
2025-10-03,0.0621582753956317,0.0631294931346223,0.0611870504204659,0.0621582753956317,2488700.0
2025-10-06,0.0621582762247502,0.0621582762247502,0.0611870512366294,0.0611870512366294,405000.0
2025-10-07,0.0621582762247502,0.0621582762247502,0.0611870512366294,0.0611870512366294,754800.0
2025-10-08,0.0611870512366294,0.0621582762247502,0.0611870512366294,0.0611870512366294,636200.0
2025-10-09,0.0611870512366294,0.0611870512366294,0.0611870512366294,0.0611870512366294,450000.0
2025-10-10,0.0611870482937451,0.0621582732351534,0.0602158233523368,0.0602158233523368,1496900.0
2025-10-13,0.0602158250800854,0.0602158250800854,0.0573021574084349,0.0582733787596225,566900.0
2025-10-14,0.0582733796926485,0.0582733796926485,0.0573021583259105,0.0573021583259105,580500.0
2025-10-15,0.0582733779626328,0.0592446029186248,0.0582733779626328,0.0592446029186248,888900.0
2025-10-16,0.0582733793303188,0.0670143860489622,0.0582733793303188,0.0660431683063507,6393000.0
2025-10-17,0.0650719449919749,0.0670143877630572,0.0621582772172638,0.0641007199883461,2842700.0
2025-10-21,0.0660431699956038,0.0660431699956038,0.0631294949847172,0.0641007199883461,811700.0
2025-10-22,0.064100716600744,0.0689568341260761,0.064100716600744,0.0679856091737747,6536600.0
2025-10-23,0.0679856091737747,0.0679856091737747,0.0670143842214732,0.0679856091737747,1194600.0
2025-10-24,0.0670143887400627,0.0679856137578511,0.0670143887400627,0.0670143887400627,1229900.0
2025-10-27,0.0679856091737747,0.0689568341260761,0.0670143842214732,0.0679856091737747,2548600.0
2025-10-28,0.0670143860489622,0.0689568360065359,0.0660431683063507,0.0660431683063507,2923000.0
2025-10-29,0.0670143860489622,0.0670143860489622,0.0660431683063507,0.0660431683063507,453600.0
2025-10-30,0.0660431683063507,0.0660431683063507,0.0660431683063507,0.0660431683063507,0.0
2025-10-31,0.0718705012972693,0.0786690614485055,0.0708992763510426,0.0728417262434959,20135100.0
2025-11-03,0.073812948806879,0.0825539594253053,0.0718705060228817,0.0796402916312217,9139700.0
2025-11-04,0.0815827328598719,0.0971223037802953,0.0815827328598719,0.0893525183200836,19765000.0
2025-11-05,0.0903237398777478,0.0980935250425696,0.0893525149231013,0.0932374075055122,10089000.0
2025-11-06,0.094208637076271,0.094208637076271,0.0912949620695648,0.0922661870718002,2902100.0
2025-11-07,0.0922661831506591,0.1029496360126951,0.0912949581896989,0.10100719332695,14697000.0
2025-11-10,0.10100719528623,0.1194604337215423,0.10100719528623,0.1194604337215423,23115300.0
2025-11-11,0.1204316498001489,0.1243165496656362,0.107805754182016,0.1087769791483879,14545100.0
2025-11-12,0.1087769807924859,0.1107194235184131,0.1010071954164261,0.1068345308303833,13931700.0
2025-11-13,0.1087769818279785,0.1126618673168148,0.1058633068570881,0.1097481995820999,10125500.0
2025-11-14,0.1097481999289579,0.1175179854035377,0.108776982171767,0.1175179854035377,14096700.0
2025-11-17,0.1204316485130587,0.1252877588206686,0.1165467559252656,0.1184892058372497,49072400.0
2025-11-18,0.1184892058372497,0.1233453233810348,0.1175179808812577,0.1184892058372497,17003800.0
2025-11-19,0.118489210396904,0.1204316531474613,0.1136330926662478,0.1175179854035377,9492500.0
2025-11-20,0.1194604343397742,0.1214028770732503,0.1136330916669954,0.1146043166518211,15869900.0
2025-11-21,0.1146043148168699,0.1165467575192451,0.1116906471452194,0.1165467575192451,7968800.0
2025-11-24,0.1175179783212349,0.1184892032560696,0.1116906431845761,0.1126618608832359,10953800.0
2025-11-25,0.1126618614921662,0.1136330864322504,0.1048920836800177,0.1078057512640953,6483700.0
2025-11-26,0.1058633064715247,0.1087769814318032,0.1010071960100779,0.101978413760662,14577900.0
2025-11-27,0.1039208598029997,0.1039208598029997,0.0942086320113308,0.0980935245752334,9740400.0
2025-11-28,0.0971223027283962,0.1087769807924859,0.0971223027283962,0.1068345308303833,11210800.0
2025-12-01,0.1097481961635281,0.1146043137275724,0.1058633035595278,0.1136330887675285,18590000.0
2025-12-02,0.1175179821372086,0.1184892071035805,0.1087769791483879,0.1087769791483879,28529400.0
2025-12-03,0.1078057512640953,0.111690643788257,0.1068345263240111,0.1078057512640953,4375600.0
2025-12-04,0.1078057528549227,0.1078057528549227,0.1039208602734338,0.1058633029460907,4470500.0
2025-12-05,0.1048920852278498,0.1097481955275796,0.1048920852278498,0.1058633029460907,4815000.0
2025-12-08,0.1068345267334235,0.1068345267334235,0.102949634194374,0.102949634194374,4142200.0
2025-12-09,0.1039208591381802,0.1048920840819863,0.1010071915429368,0.102949634194374,5520500.0
2025-12-10,0.1039208631234047,0.1097481985373618,0.1039208631234047,0.1068345308303833,5434100.0
2025-12-11,0.1058633017896174,0.1058633017896174,0.1019784092505679,0.102949634194374,5460100.0
2025-12-12,0.1029496371073793,0.1039208620786666,0.1010071944009798,0.1039208620786666,2759100.0
2025-12-15,0.1058633083102813,0.1301438899839499,0.1048920905428279,0.1282014399766922,60799200.0
2025-12-16,0.1301438913484714,0.14665467316622,0.1272302163070358,0.1388849020004272,67341100.0
2025-12-17,0.14082732796669,0.1447122277574126,0.1349999927529563,0.14082732796669,29466100.0
2025-12-18,0.1398561066787788,0.1398561066787788,0.1340287713125547,0.136942446231842,12401600.0
2025-12-19,0.1359712212587462,0.1388848961780335,0.1349999962856505,0.136942446231842,8987000.0
2025-12-22,0.1369424495832926,0.1398561101015366,0.1311151140744538,0.1330575495958328,26071400.0
2025-12-23,0.1330575444509327,0.1349999943695544,0.126258984208107,0.126258984208107,23115200.0
2025-12-24,0.1272302149730633,0.1311151149875788,0.1252877649658056,0.1282014399766922,11004500.0
2025-12-26,0.1291726529598236,0.1301438778730726,0.1262589782200766,0.1291726529598236,8250700.0
2025-12-29,0.1301438858925222,0.1398561066787788,0.1301438858925222,0.136942446231842,43621400.0
2025-12-30,0.1379136682521523,0.1379136682521523,0.1340287684429465,0.1359712183475494,14419700.0
2025-12-31,0.1359712153944647,0.1398561006469466,0.1340287655320488,0.1349999904632568,13583300.0
2026-01-02,0.134999999135343,0.1398561096309781,0.134999999135343,0.1379136741161346,17660100.0
2026-01-05,0.1408273316518745,0.1417985566249703,0.136942446231842,0.136942446231842,23895100.0
2026-01-06,0.1369424525334906,0.137913677551279,0.133057552462337,0.1340287774801254,8314800.0
2026-01-07,0.1349999995895627,0.1456834600827264,0.1311151140744538,0.1330575495958328,75283100.0
2026-01-08,0.1340287774801254,0.137913677551279,0.1320863419168998,0.1340287774801254,19933400.0
2026-01-09,0.1349999910488713,0.1349999910488713,0.1291726559086952,0.1301438808441162,15665600.0
2026-01-12,0.1301438837711442,0.1320863336856733,0.1291726588138797,0.1311151087284088,5839700.0
2026-01-13,0.1311151140744538,0.1330575495958328,0.1291726640807238,0.1330575495958328,11620600.0
2026-01-14,0.1330575406008409,0.1359712153944647,0.1311151052107749,0.1349999904632568,27106300.0
2026-01-15,0.1349999962856505,0.1398561066787788,0.1320863358387138,0.136942446231842,23682000.0
2026-01-16,0.1388848923357556,0.1456834524869918,0.1311151072382927,0.1456834524869918,108997900.0
2026-01-19,0.1505395648468669,0.1787050307911462,0.1485971149273027,0.176762580871582,117984900.0
2026-01-20,0.1767625845851283,0.1806474845058732,0.1670503637279672,0.172877699136734,49789500.0
2026-01-21,0.172877699136734,0.175791359604942,0.1689927992159891,0.172877699136734,16476000.0
2026-01-22,0.1728776908619545,0.1738489157956531,0.1592805707348738,0.1651079058647155,47611800.0
2026-01-23,0.1651079178859963,0.1660791428904085,0.1621942428727598,0.1641366928815841,8891000.0
2026-01-26,0.1641366870528439,0.1670503619626115,0.1612230121430764,0.1621942371129989,14589500.0
2026-01-27,0.1631654620829214,0.1641366870528439,0.1612230121430764,0.1621942371129989,7161400.0
2026-01-28,0.1631654620829214,0.1651079120227665,0.1602518016455044,0.1621942371129989,11517100.0
2026-01-29,0.1621942310636197,0.1680215661934614,0.1621942310636197,0.1651079058647155,19801100.0
2026-01-30,0.1680215732697823,0.1689927982443846,0.1573381274938583,0.1573381274938583,26251000.0
2026-02-02,0.1553956753619153,0.1553956753619153,0.1456834546970146,0.1515107899904251,19097000.0
2026-02-03,0.1544244567725567,0.1553956817735899,0.1476258962376753,0.1485971212387085,6223000.0
2026-02-04,0.1495683371640326,0.1524820119903323,0.1485971122219327,0.1505395621061325,8287900.0
2026-02-05,0.1524820222120769,0.1524820222120769,0.1408273365979478,0.1437410116195678,16775500.0
2026-02-06,0.1447122376109473,0.1447122376109473,0.1340287769313678,0.1388849020004272,16364600.0
2026-02-09,0.1408273250096849,0.1437409997915473,0.1388848896274598,0.1398561000823974,9252000.0
2026-02-10,0.1398561087723714,0.1447122337105445,0.1379136732694529,0.1427697837352752,8876600.0
2026-02-11,0.1447122277574126,0.1456834527050932,0.14082732796669,0.14082732796669,10993800.0
2026-02-12,0.1427697875833236,0.1427697875833236,0.1379136769866153,0.1388849020004272,3864500.0
2026-02-13,0.1379136682521523,0.139856103684405,0.1359712183475494,0.1359712183475494,4677800.0
2026-02-16,0.1359712183475494,0.1417985535890079,0.1320863330106938,0.1359712183475494,9792800.0
2026-02-19,0.1388848954199497,0.1476258911853989,0.1379136704521552,0.1417985558509826,23205500.0
2026-02-20,0.1437410125971355,0.1437410125971355,0.1388849020004272,0.1388849020004272,5523800.0
2026-02-23,0.1408273346245753,0.1408273346245753,0.1379136741161346,0.1379136741161346,3134400.0
2026-02-24,0.1398561059153937,0.1437410057865716,0.1379136704521552,0.1417985558509826,6786100.0
2026-02-25,0.1447122300167851,0.1524820152471887,0.1447122300167851,0.1466546654701233,32827000.0
2026-02-26,0.1476258942010976,0.1485971191887322,0.140827333760006,0.1427697837352752,5667200.0
2026-02-27,0.1427697770416834,0.154424447402182,0.1427697770416834,0.1505395621061325,19943700.0
2026-03-02,0.1476258971760435,0.1476258971760435,0.1408273365979478,0.1437410116195678,11688600.0
2026-03-03,0.1437410057865716,0.1466546662176045,0.1398561059153937,0.1417985558509826,8910000.0
2026-03-04,0.1437410131856581,0.1437410131856581,0.133057552462337,0.1340287774801254,12765600.0
2026-03-05,0.1369424403256727,0.1379136652568806,0.1340287655320488,0.1349999904632568,5102300.0
2026-03-06,0.1360000073909759,0.1379999965429306,0.1330000013113021,0.1369999945163726,2341800.0
2026-03-09,0.1330000013113021,0.1330000013113021,0.1230000033974647,0.1260000020265579,16554000.0
2026-03-10,0.1260000020265579,0.1299999952316284,0.123999997973442,0.125,10363900.0
2026-03-11,0.125,0.1340000033378601,0.125,0.1270000040531158,16683300.0
2026-03-12,0.1289999932050705,0.1289999932050705,0.125,0.1260000020265579,2278800.0
2026-03-13,0.1280000060796737,0.1360000073909759,0.1270000040531158,0.1319999992847442,12129600.0
2026-03-16,0.1330000013113021,0.1330000013113021,0.1280000060796737,0.1289999932050705,3601300.0
2026-03-17,0.1299999952316284,0.1330000013113021,0.1289999932050705,0.1289999932050705,5123200.0
2026-03-18,0.1309999972581863,0.1379999965429306,0.1289999932050705,0.1379999965429306,10689500.0
2026-03-19,0.1340000033378601,0.1420000046491623,0.1340000033378601,0.1379999965429306,9137800.0
2026-03-20,0.1379999965429306,0.1420000046491623,0.135000005364418,0.1389999985694885,8638300.0
2026-03-23,0.1360000073909759,0.1360000073909759,0.1319999992847442,0.135000005364418,7966500.0
2026-03-24,0.1360000073909759,0.1379999965429306,0.1340000033378601,0.1360000073909759,2016800.0
2026-03-25,0.1360000073909759,0.1379999965429306,0.1340000033378601,0.1360000073909759,3266400.0
2026-03-26,0.1379999965429306,0.1379999965429306,0.1299999952316284,0.1319999992847442,3601700.0
2026-03-27,0.1319999992847442,0.135000005364418,0.1270000040531158,0.1289999932050705,3674900.0
2026-03-30,0.1289999932050705,0.1299999952316284,0.1270000040531158,0.1299999952316284,2592400.0
2026-03-31,0.1280000060796737,0.1289999932050705,0.1270000040531158,0.1270000040531158,1541200.0
2026-04-01,0.1280000060796737,0.1330000013113021,0.1270000040531158,0.1319999992847442,5033600.0
2026-04-02,0.1299999952316284,0.1319999992847442,0.1260000020265579,0.1260000020265579,2788100.0
2026-04-06,0.1260000020265579,0.1289999932050705,0.123999997973442,0.1260000020265579,6278600.0
2026-04-07,0.1270000040531158,0.1270000040531158,0.1230000033974647,0.123999997973442,3441400.0
2026-04-08,0.1260000020265579,0.1309999972581863,0.123999997973442,0.1270000040531158,11845400.0
2026-04-09,0.1260000020265579,0.1270000040531158,0.1230000033974647,0.1230000033974647,5536300.0
2026-04-10,0.125,0.125,0.1220000013709068,0.123999997973442,5063300.0
2026-04-13,0.123999997973442,0.123999997973442,0.1220000013709068,0.1220000013709068,4079800.0
2026-04-14,0.123999997973442,0.1280000060796737,0.1230000033974647,0.123999997973442,8728300.0
2026-04-15,0.125,0.1270000040531158,0.123999997973442,0.123999997973442,6849800.0
2026-04-16,0.123999997973442,0.1319999992847442,0.1230000033974647,0.1289999932050705,21857800.0
2026-04-17,0.1280000060796737,0.1369999945163726,0.1270000040531158,0.135000005364418,26565100.0
2026-04-20,0.135000005364418,0.135000005364418,0.1270000040531158,0.1270000040531158,10575200.0
2026-04-21,0.1280000060796737,0.1299999952316284,0.125,0.1260000020265579,6237100.0
2026-04-22,0.1270000040531158,0.1309999972581863,0.125,0.1280000060796737,5500200.0
2026-04-23,0.1270000040531158,0.1280000060796737,0.123999997973442,0.125,6961600.0
2026-04-24,0.1260000020265579,0.1260000020265579,0.123999997973442,0.123999997973442,3044700.0
2026-04-27,0.123999997973442,0.1260000020265579,0.1230000033974647,0.123999997973442,3827100.0
2026-04-28,0.123999997973442,0.1340000033378601,0.123999997973442,0.1280000060796737,26758200.0
2026-04-29,0.1289999932050705,0.1500000059604644,0.1289999932050705,0.1449999958276748,46335900.0
2026-04-30,0.1480000019073486,0.1490000039339065,0.1439999938011169,0.1469999998807907,18115400.0
2026-05-04,0.1469999998807907,0.1469999998807907,0.1430000066757202,0.1430000066757202,5037900.0
2026-05-05,0.1439999938011169,0.1439999938011169,0.1389999985694885,0.1430000066757202,1893000.0
2026-05-06,0.1439999938011169,0.1480000019073486,0.1389999985694885,0.1469999998807907,7207800.0
2026-05-07,0.1469999998807907,0.152999997138977,0.1449999958276748,0.1469999998807907,23580400.0
2026-05-08,0.1539999991655349,0.1550000011920929,0.1480000019073486,0.1480000019073486,35744900.0
2026-05-11,0.1490000039339065,0.1490000039339065,0.1410000026226043,0.1420000046491623,7302100.0
2026-05-12,0.1420000046491623,0.1449999958276748,0.1420000046491623,0.1420000046491623,3151300.0
2026-05-13,0.1420000046491623,0.1430000066757202,0.1379999965429306,0.1400000005960464,8223300.0
2026-05-14,0.1400000005960464,0.1420000046491623,0.1369999945163726,0.1369999945163726,4023100.0
2026-05-15,0.1379999965429306,0.1400000005960464,0.1340000033378601,0.1360000073909759,6978800.0
2026-05-18,0.1340000033378601,0.135000005364418,0.1319999992847442,0.1330000013113021,3058400.0
2026-05-19,0.1330000013113021,0.1330000013113021,0.1280000060796737,0.1309999972581863,3215100.0
2026-05-20,0.1309999972581863,0.135000005364418,0.1299999952316284,0.1299999952316284,5124400.0
2026-05-21,0.1299999952316284,0.1340000033378601,0.1289999932050705,0.1309999972581863,4396700.0
2026-05-22,0.1319999992847442,0.1379999965429306,0.1319999992847442,0.1360000073909759,9488100.0
2026-05-25,0.1379999965429306,0.1379999965429306,0.1319999992847442,0.1360000073909759,6058500.0
2026-05-26,0.1360000073909759,0.1360000073909759,0.1330000013113021,0.1330000013113021,1263800.0
2026-05-27,0.1330000013113021,0.1330000013113021,0.1330000013113021,0.1330000013113021,0.0
2026-05-28,0.1319999992847442,0.1369999945163726,0.1309999972581863,0.1309999972581863,3091700.0
2026-05-29,0.1330000013113021,0.1360000073909759,0.1319999992847442,0.1340000033378601,6463700.0
2026-06-02,0.1340000033378601,0.1340000033378601,0.1299999952316284,0.1309999972581863,3854100.0
2026-06-03,0.1309999972581863,0.1319999992847442,0.1289999932050705,0.1289999932050705,3268300.0
2026-06-04,0.1299999952316284,0.1299999952316284,0.1230000033974647,0.123999997973442,6691900.0
2026-06-05,0.123999997973442,0.1260000020265579,0.123999997973442,0.123999997973442,2897900.0
2026-06-08,0.123999997973442,0.125,0.1199999973177909,0.1220000013709068,2813800.0
2026-06-09,0.1230000033974647,0.123999997973442,0.1220000013709068,0.1220000013709068,1373300.0
2026-06-10,0.1230000033974647,0.123999997973442,0.1199999973177909,0.1199999973177909,4488800.0
2026-06-11,0.1190000027418136,0.1220000013709068,0.1180000007152557,0.1199999973177909,5166300.0
2026-06-12,0.1230000033974647,0.1230000033974647,0.1190000027418136,0.1199999973177909,4903100.0
2026-06-15,0.1220000013709068,0.1270000040531158,0.1220000013709068,0.1260000020265579,3097300.0
2026-06-16,0.1260000020265579,0.1260000020265579,0.1220000013709068,0.1230000033974647,2410100.0
2026-06-17,0.123999997973442,0.1260000020265579,0.1230000033974647,0.125,1433700.0
2026-06-18,0.1230000033974647,0.123999997973442,0.1220000013709068,0.1220000013709068,906500.0
2026-06-19,0.1230000033974647,0.123999997973442,0.1220000013709068,0.1220000013709068,592200.0
2026-06-22,0.1220000013709068,0.123999997973442,0.1199999973177909,0.1199999973177909,1654500.0
2026-06-23,0.1220000013709068,0.123999997973442,0.1199999973177909,0.1209999993443489,1986400.0
2026-06-24,0.1209999993443489,0.1230000033974647,0.1199999973177909,0.1209999993443489,810500.0
2026-06-25,0.1209999993443489,0.1220000013709068,0.1180000007152557,0.1180000007152557,1544900.0
2026-06-26,0.1209999993443489,0.1209999993443489,0.1140000000596046,0.1180000007152557,2474800.0
2026-06-29,0.1180000007152557,0.1220000013709068,0.1169999986886978,0.1209999993443489,897700.0
2026-06-30,0.1199999973177909,0.1209999993443489,0.1180000007152557,0.1190000027418136,646100.0
2026-07-01,0.1180000007152557,0.1209999993443489,0.1180000007152557,0.1199999973177909,435100.0
2026-07-02,0.1190000027418136,0.1209999993443489,0.1190000027418136,0.1209999993443489,339200.0
2026-07-03,0.1220000013709068,0.1270000040531158,0.1209999993443489,0.123999997973442,2937000.0
2026-07-06,0.123999997973442,0.1260000020265579,0.1209999993443489,0.1230000033974647,1226800.0
2026-07-07,0.123999997973442,0.1280000060796737,0.123999997973442,0.1270000040531158,3231600.0
2026-07-08,0.1270000040531158,0.1270000040531158,0.1230000033974647,0.1230000033974647,771500.0
2026-07-09,0.1230000033974647,0.125,0.1220000013709068,0.1230000033974647,1062600.0
2026-07-10,0.123999997973442,0.1280000060796737,0.1220000013709068,0.1280000060796737,5205600.0
2026-07-13,0.1270000040531158,0.1289999932050705,0.125,0.1280000060796737,3434800.0
2026-07-14,0.1280000060796737,0.1280000060796737,0.1230000033974647,0.1280000060796737,1972500.0
2026-07-15,0.125,0.1330000013113021,0.125,0.1309999972581863,5939400.0
2026-07-16,0.1299999952316284,0.1309999972581863,0.1280000060796737,0.1309999972581863,1813900.0
2026-07-17,0.1299999952316284,0.1319999992847442,0.1280000060796737,0.1309999972581863,3544800.0
2026-07-20,0.1309999972581863,0.1369999945163726,0.1289999932050705,0.1360000073909759,10588700.0
2026-07-21,0.1360000073909759,0.1389999985694885,0.1360000073909759,0.1389999985694885,9632900.0
2026-07-22,0.1389999985694885,0.1400000005960464,0.1360000073909759,0.1379999965429306,4574800.0
2026-07-23,0.1389999985694885,0.1389999985694885,0.1340000033378601,0.1360000073909759,2698700.0
2026-07-24,0.135000005364418,0.1360000073909759,0.1319999992847442,0.1330000013113021,5456200.0
2026-07-27,0.1340000033378601,0.1379999965429306,0.1330000013113021,0.1360000073909759,7647800.0
2026-07-28,0.135000005364418,0.1360000073909759,0.1319999992847442,0.1319999992847442,3272100.0
2026-07-29,0.1340000033378601,0.1340000033378601,0.1299999952316284,0.1309999972581863,2596000.0
2026-07-30,0.125,0.1289999932050705,0.1070000007748603,0.1099999994039535,17531300.0
2026-07-31,0.1120000034570694,0.1180000007152557,0.1110000014305114,0.1140000000596046,4622300.0
2026-08-03,0.1169999986886978,0.1180000007152557,0.1150000020861625,0.1150000020861625,2064100.0
2026-08-04,0.1150000020861625,0.1180000007152557,0.1150000020861625,0.1159999966621398,1195700.0
2026-08-05,0.1169999986886978,0.1169999986886978,0.1129999980330467,0.1129999980330467,2086300.0
2026-08-06,0.1159999966621398,0.1159999966621398,0.1120000034570694,0.1129999980330467,1078200.0
2026-08-07,0.1110000014305114,0.1140000000596046,0.1099999994039535,0.1129999980330467,1280100.0
2026-08-11,0.1099999994039535,0.1140000000596046,0.1099999994039535,0.1129999980330467,842100.0
2026-08-12,0.1110000014305114,0.1150000020861625,0.1110000014305114,0.1150000020861625,667800.0
2026-08-13,0.1110000014305114,0.1150000020861625,0.1110000014305114,0.1140000000596046,570300.0
2026-08-14,0.1140000000596046,0.1150000020861625,0.1129999980330467,0.1129999980330467,262000.0
2026-08-17,0.1150000020861625,0.1150000020861625,0.1129999980330467,0.1140000000596046,364000.0
2026-08-18,0.1150000020861625,0.1150000020861625,0.1129999980330467,0.1140000000596046,1087800.0
2026-08-19,0.1230000033974647,0.1230000033974647,0.1140000000596046,0.1150000020861625,7762800.0
2026-08-20,0.1150000020861625,0.1150000020861625,0.1110000014305114,0.1120000034570694,2164700.0
2026-08-21,0.1120000034570694,0.1129999980330467,0.1110000014305114,0.1120000034570694,773800.0
2026-08-24,0.1129999980330467,0.1129999980330467,0.1089999973773956,0.1110000014305114,2073400.0
2026-08-25,0.1120000034570694,0.1120000034570694,0.1089999973773956,0.1089999973773956,1438700.0
2026-08-26,0.1120000034570694,0.1120000034570694,0.1080000028014183,0.1080000028014183,2017500.0
2026-08-27,0.1110000014305114,0.1110000014305114,0.1080000028014183,0.1089999973773956,1117400.0
2026-08-28,0.1110000014305114,0.1110000014305114,0.1070000007748603,0.1070000007748603,3247200.0
2026-08-31,0.101000003516674,0.101000003516674,0.096000000834465,0.0970000028610229,9999650.0
2026-09-01,0.0939999967813491,0.1000000014901161,0.0939999967813491,0.096000000834465,3421800.0
2026-09-02,0.0979999974370002,0.0979999974370002,0.0949999988079071,0.096000000834465,2017700.0
2026-09-03,0.0949999988079071,0.0979999974370002,0.0949999988079071,0.0979999974370002,2121700.0
2026-09-04,0.096000000834465,0.0970000028610229,0.0949999988079071,0.0949999988079071,4051400.0
2026-09-07,0.096000000834465,0.096000000834465,0.0949999988079071,0.096000000834465,2994000.0
2026-09-08,0.0949999988079071,0.096000000834465,0.0939999967813491,0.096000000834465,979800.0
2026-09-09,0.0949999988079071,0.0949999988079071,0.0900000035762786,0.0939999967813491,3505400.0
2026-09-10,0.0930000022053718,0.0949999988079071,0.0920000001788139,0.0920000001788139,2650000.0
2026-09-11,0.0920000001788139,0.0930000022053718,0.0900000035762786,0.0930000022053718,1194600.0
2026-09-14,0.0920000001788139,0.0920000001788139,0.0900000035762786,0.0920000001788139,1143700.0
2026-09-15,0.090999998152256,0.0930000022053718,0.090999998152256,0.0930000022053718,616800.0
2026-09-16,0.0920000001788139,0.0930000022053718,0.0920000001788139,0.0930000022053718,1803400.0
2026-09-17,0.0920000001788139,0.0920000001788139,0.090999998152256,0.0920000001788139,501500.0
2026-09-18,0.0920000001788139,0.0920000001788139,0.0900000035762786,0.090999998152256,1031300.0
2026-09-21,0.090999998152256,0.090999998152256,0.090999998152256,0.090999998152256,179600.0
2026-09-22,0.090999998152256,0.090999998152256,0.0879999995231628,0.0879999995231628,2270400.0
2026-09-23,0.0890000015497207,0.090999998152256,0.0879999995231628,0.090999998152256,810600.0
2026-09-24,0.0900000035762786,0.090999998152256,0.0890000015497207,0.090999998152256,1445900.0
2026-09-25,0.0900000035762786,0.0930000022053718,0.0890000015497207,0.0920000001788139,3224600.0
2026-09-28,0.0930000022053718,0.0930000022053718,0.0890000015497207,0.090999998152256,5367700.0
2026-09-29,0.090999998152256,0.0939999967813491,0.0900000035762786,0.0920000001788139,3485700.0
2026-09-30,0.0920000001788139,0.096000000834465,0.0920000001788139,0.096000000834465,1219200.0
2026-10-01,0.096000000834465,0.096000000834465,0.0920000001788139,0.0920000001788139,1172600.0
2026-10-02,0.0939999967813491,0.0939999967813491,0.0920000001788139,0.0920000001788139,1081600.0
