date,open,high,low,close,volume
2021-06-17,0.2892609703993632,0.2989029931675105,0.2699768961275742,0.2796189188957214,25749200.0
2021-06-18,0.2796189234979569,0.3422921299934387,0.2796189234979569,0.3422921299934387,34328200.0
2021-06-21,0.3615761995315552,0.3808602738513495,0.3471131653433303,0.3615761995315552,30732000.0
2021-06-22,0.3615761917106524,0.3615761917106524,0.3230080726407878,0.3326500952243805,10612100.0
2021-06-23,0.3326501041623445,0.3374711155836764,0.3230080813196807,0.3278290927410126,2893000.0
2021-06-24,0.3230080692125835,0.3278290804532127,0.3133660179958315,0.3181870579719543,4766000.0
2021-06-25,0.3230080841397489,0.3471131701923561,0.313366032477409,0.3422921299934387,7354100.0
2021-06-28,0.3519341785831669,0.3519341785831669,0.3278290927410126,0.3278290927410126,2891600.0
2021-06-29,0.3278290839325841,0.3374711065161768,0.3278290839325841,0.3326500952243805,738300.0
2021-06-30,0.3326501041623445,0.3326501041623445,0.3230080813196807,0.3278290927410126,1377900.0
2021-07-01,0.3278291018123789,0.3326501133671131,0.3230080902576446,0.3230080902576446,1862800.0
2021-07-02,0.3230080692125835,0.3278290804532127,0.3181870579719543,0.3181870579719543,1227900.0
2021-07-05,0.3230080692125835,0.3278290804532127,0.3181870579719543,0.3181870579719543,1561600.0
2021-07-06,0.3230080726407878,0.3422921178079731,0.3230080726407878,0.3326500952243805,11642500.0
2021-07-07,0.3326501133671131,0.3326501133671131,0.3230080902576446,0.3230080902576446,1478000.0
2021-07-08,0.3278291018123789,0.3278291018123789,0.3133660384126806,0.3230080902576446,1398200.0
2021-07-09,0.3230080902576446,0.3230080902576446,0.3181870787029104,0.3230080902576446,282900.0
2021-07-12,0.3230080771396452,0.3278290884985886,0.313366025686264,0.313366025686264,1023500.0
2021-07-13,0.3230080771396452,0.3230080771396452,0.313366025686264,0.313366025686264,252600.0
2021-07-14,0.313366025686264,0.3230080771396452,0.313366025686264,0.313366025686264,644600.0
2021-07-15,0.3181870657807018,0.3181870657807018,0.3085450143273207,0.313366025686264,158300.0
2021-07-16,0.313366025686264,0.313366025686264,0.3037240029683772,0.313366025686264,689300.0
2021-07-19,0.313366044000943,0.313366044000943,0.2989030090788208,0.3037240207195282,350600.0
2021-07-21,0.303723999741562,0.303723999741562,0.2989029884338379,0.2989029884338379,272400.0
2021-07-22,0.3037240117052719,0.3085450232028961,0.3037240117052719,0.3085450232028961,132700.0
2021-07-23,0.3085450110492861,0.3085450110492861,0.2989029884338379,0.2989029884338379,505700.0
2021-07-26,0.2989030002076479,0.3085450232028961,0.2989030002076479,0.3085450232028961,141300.0
2021-07-27,0.3085450110492861,0.3085450110492861,0.2989029884338379,0.2989029884338379,211300.0
2021-07-28,0.2989030090788208,0.3037240207195282,0.2892609857974059,0.3037240207195282,496500.0
2021-07-29,0.303723999741562,0.3085450110492861,0.2989029884338379,0.2989029884338379,171400.0
2021-07-30,0.303723999741562,0.3085450110492861,0.2989029884338379,0.2989029884338379,35500.0
2021-08-02,0.2989029884338379,0.303723999741562,0.2989029884338379,0.2989029884338379,74800.0
2021-08-03,0.2989029884338379,0.2989029884338379,0.2989029884338379,0.2989029884338379,68200.0
2021-08-04,0.2989029884338379,0.303723999741562,0.2940819771261137,0.2989029884338379,151700.0
2021-08-05,0.3037240207195282,0.3037240207195282,0.2940819974381133,0.3037240207195282,104700.0
2021-08-06,0.2989030090788208,0.3037240207195282,0.2940819974381133,0.3037240207195282,55600.0
2021-08-10,0.2989030090788208,0.3037240207195282,0.2892609857974059,0.3037240207195282,212800.0
2021-08-11,0.3037240117052719,0.3181870749336395,0.3037240117052719,0.3085450232028961,1454200.0
2021-08-12,0.3085450232028961,0.3085450232028961,0.3037240117052719,0.3085450232028961,92100.0
2021-08-13,0.3085450232028961,0.3085450232028961,0.3037240117052719,0.3085450232028961,84300.0
2021-08-16,0.3037240207195282,0.3037240207195282,0.2940819974381133,0.3037240207195282,138400.0
2021-08-17,0.2989029974028555,0.2989029974028555,0.2892609744980843,0.2940819859504699,239000.0
2021-08-18,0.2989030090788208,0.3085450323602356,0.2989030090788208,0.3037240207195282,282300.0
2021-08-19,0.303723999741562,0.303723999741562,0.2989029884338379,0.2989029884338379,54500.0
2021-08-20,0.2940819859504699,0.2989029974028555,0.2940819859504699,0.2940819859504699,160100.0
2021-08-23,0.3037240088552411,0.3037240088552411,0.2892609744980843,0.2940819859504699,93100.0
2021-08-24,0.2989029884338379,0.2989029884338379,0.2940819771261137,0.2989029884338379,30500.0
2021-08-25,0.2989029884338379,0.2989029884338379,0.2892609658183895,0.2989029884338379,23000.0
2021-08-26,0.2989030090788208,0.3037240207195282,0.2892609857974059,0.3037240207195282,21100.0
2021-08-27,0.2892609658183895,0.303723999741562,0.2892609658183895,0.2989029884338379,51700.0
2021-08-30,0.2989030151319223,0.2989030151319223,0.2699769159663977,0.2844399511814117,1086900.0
2021-08-31,0.2892609703993632,0.2892609703993632,0.2796189188957214,0.2796189188957214,200600.0
2021-09-01,0.2844399511814117,0.2892609916552464,0.2796189394430737,0.2844399511814117,188600.0
2021-09-02,0.2844399431297371,0.289260983467102,0.2844399431297371,0.289260983467102,71700.0
2021-09-03,0.2892609703993632,0.2940819817834368,0.2796189188957214,0.2796189188957214,110900.0
2021-09-06,0.2844399343102038,0.2940819859504699,0.2844399343102038,0.2940819859504699,175200.0
2021-09-07,0.2940819859504699,0.2989029974028555,0.2892609744980843,0.2940819859504699,60700.0
2021-09-08,0.2940819859504699,0.2940819859504699,0.2892609744980843,0.2940819859504699,23800.0
2021-09-09,0.2844399343102038,0.2940819859504699,0.2844399343102038,0.2940819859504699,400.0
2021-09-10,0.2940819950689711,0.2940819950689711,0.2796189315278681,0.289260983467102,65300.0
2021-09-13,0.2844399511814117,0.2844399511814117,0.2796189394430737,0.2844399511814117,54700.0
2021-09-14,0.2892609916552464,0.2892609916552464,0.2844399511814117,0.2844399511814117,78000.0
2021-09-15,0.2892609916552464,0.2892609916552464,0.2796189394430737,0.2844399511814117,124300.0
2021-09-16,0.2892609744980843,0.2940819859504699,0.2892609744980843,0.2940819859504699,12900.0
2021-09-17,0.2940819817834368,0.2940819817834368,0.2699768961275742,0.2796189188957214,259000.0
2021-09-20,0.2892609703993632,0.2892609703993632,0.2699768961275742,0.2796189188957214,134100.0
2021-09-21,0.2796189394430737,0.2844399511814117,0.2747979277047357,0.2844399511814117,28100.0
2021-09-22,0.2844399511814117,0.2844399511814117,0.2747979277047357,0.2844399511814117,17400.0
2021-09-23,0.2844399302797951,0.2844399302797951,0.2796189188957214,0.2796189188957214,32300.0
2021-09-24,0.2796189394430737,0.2844399511814117,0.2747979277047357,0.2844399511814117,100500.0
2021-09-27,0.289260983467102,0.289260983467102,0.289260983467102,0.289260983467102,1400.0
2021-09-28,0.2844399302797951,0.2844399302797951,0.2699768961275742,0.2796189188957214,35200.0
2021-09-29,0.2796189394430737,0.2844399511814117,0.2796189394430737,0.2844399511814117,4000.0
2021-09-30,0.2844399302797951,0.2844399302797951,0.2796189188957214,0.2796189188957214,98400.0
2021-10-01,0.2796189188957214,0.2844399302797951,0.2796189188957214,0.2796189188957214,12100.0
2021-10-04,0.2844399511814117,0.2844399511814117,0.2796189394430737,0.2844399511814117,35500.0
2021-10-05,0.2796189188957214,0.2844399302797951,0.2699768961275742,0.2796189188957214,101300.0
2021-10-06,0.2844399511814117,0.2844399511814117,0.2747979277047357,0.2844399511814117,400.0
2021-10-07,0.2844399511814117,0.2844399511814117,0.2844399511814117,0.2844399511814117,0.0
2021-10-08,0.2844399511814117,0.2844399511814117,0.2747979277047357,0.2844399511814117,43400.0
2021-10-11,0.2844399302797951,0.2844399302797951,0.2699768961275742,0.2796189188957214,65300.0
2021-10-12,0.2844399511814117,0.2844399511814117,0.2747979277047357,0.2844399511814117,400.0
2021-10-13,0.2844399511814117,0.2844399511814117,0.2844399511814117,0.2844399511814117,10100.0
2021-10-14,0.2747979277047357,0.2844399511814117,0.2747979277047357,0.2844399511814117,15100.0
2021-10-15,0.2844399511814117,0.2844399511814117,0.2844399511814117,0.2844399511814117,40800.0
2021-10-18,0.2844399431297371,0.289260983467102,0.2796189315278681,0.289260983467102,47400.0
2021-10-19,0.289260983467102,0.289260983467102,0.289260983467102,0.289260983467102,0.0
2021-10-20,0.289260983467102,0.289260983467102,0.2844399431297371,0.289260983467102,78200.0
2021-10-21,0.289260983467102,0.289260983467102,0.2796189315278681,0.289260983467102,103100.0
2021-10-22,0.2844399431297371,0.289260983467102,0.2844399431297371,0.289260983467102,102600.0
2021-10-25,0.2940820033935843,0.2940820033935843,0.2844399511814117,0.2844399511814117,146700.0
2021-10-26,0.2796189188957214,0.2892609703993632,0.2796189188957214,0.2796189188957214,224200.0
2021-10-27,0.2796189394430737,0.2844399511814117,0.2796189394430737,0.2844399511814117,85100.0
2021-10-28,0.274797919925999,0.289260983467102,0.274797919925999,0.289260983467102,26100.0
2021-10-29,0.2796189188957214,0.2796189188957214,0.2747979075116478,0.2796189188957214,65700.0
2021-11-01,0.2892609703993632,0.2892609703993632,0.2796189188957214,0.2796189188957214,5400.0
2021-11-02,0.2892609797685276,0.2892609797685276,0.2747979164123535,0.2747979164123535,3100.0
2021-11-03,0.286659687757492,0.286659687757492,0.286659687757492,0.286659687757492,200.0
2021-11-05,0.2965445081177822,0.2965445081177822,0.2866596715411568,0.291602075099945,6200.0
2021-11-08,0.286659687757492,0.286659687757492,0.2817172839191121,0.286659687757492,38200.0
2021-11-09,0.2817172839191121,0.291602091595872,0.2817172839191121,0.286659687757492,131100.0
2021-11-10,0.291602075099945,0.291602075099945,0.291602075099945,0.291602075099945,2100.0
2021-11-11,0.2817172706127167,0.2817172706127167,0.2817172706127167,0.2817172706127167,700.0
2021-11-12,0.2817172679823686,0.291602075099945,0.2767748644235804,0.291602075099945,128400.0
2021-11-15,0.2767748697799254,0.2916020807432368,0.2718324661254883,0.2718324661254883,44400.0
2021-11-16,0.2866596910609352,0.2866596910609352,0.2718324793749278,0.2767748832702636,19100.0
2021-11-17,0.2817172706127167,0.2817172706127167,0.2718324634028474,0.2817172706127167,20400.0
2021-11-18,0.2866596742176513,0.2866596742176513,0.276774867007782,0.2817172706127167,70200.0
2021-11-19,0.2767748644235804,0.291602075099945,0.2767748644235804,0.291602075099945,50400.0
2021-11-22,0.2916020778225859,0.2916020778225859,0.2718324634028474,0.2817172706127167,40700.0
2021-11-23,0.2817172706127167,0.2817172706127167,0.2817172706127167,0.2817172706127167,0.0
2021-11-24,0.2718324827395459,0.2817172906525671,0.2668900787830353,0.2668900787830353,15900.0
2021-11-25,0.2767748832702636,0.2767748832702636,0.2718324793749278,0.2767748832702636,50300.0
2021-11-26,0.2718324661254883,0.2767748697799254,0.2668900624710511,0.2718324661254883,33200.0
2021-11-29,0.2668900787830353,0.2668900787830353,0.2520628374544521,0.2668900787830353,61100.0
2021-11-30,0.2520628404776946,0.2668900819841158,0.2520628404776946,0.2570052444934845,39300.0
2021-12-01,0.2668900787830353,0.2668900787830353,0.2520628374544521,0.2668900787830353,26100.0
2021-12-02,0.2767748697799254,0.2767748697799254,0.2718324661254883,0.2718324661254883,700.0
2021-12-03,0.2817172940314853,0.2817172940314853,0.2570052444934845,0.2570052444934845,2500.0
2021-12-06,0.2668900819841158,0.2668900819841158,0.2570052444934845,0.2570052444934845,28300.0
2021-12-07,0.2817172906525671,0.2817172906525671,0.2570052414109627,0.2668900787830353,1400.0
2021-12-08,0.2668900787830353,0.2668900787830353,0.2668900787830353,0.2668900787830353,0.0
2021-12-09,0.2570052311070681,0.2767748755995541,0.2471204235903501,0.2520628273487091,82200.0
2021-12-10,0.2718324661254883,0.2718324661254883,0.2718324661254883,0.2718324661254883,300.0
2021-12-13,0.2718324827395459,0.2718324827395459,0.2619476453674733,0.2668900787830353,43200.0
2021-12-14,0.2570052311070681,0.2718324718411952,0.2520628273487091,0.2520628273487091,68100.0
2021-12-15,0.2718324718411952,0.2718324718411952,0.2471204235903501,0.2520628273487091,49900.0
2021-12-16,0.2471204235903501,0.2718324718411952,0.2471204235903501,0.2520628273487091,65200.0
2021-12-17,0.2668900819841158,0.2668900819841158,0.2520628404776946,0.2570052444934845,1100.0
2021-12-20,0.2471204334979415,0.2718324827395459,0.2471204334979415,0.2668900787830353,12200.0
2021-12-21,0.2718324661254883,0.2718324661254883,0.2570052257031273,0.2718324661254883,38800.0
2021-12-22,0.2570052444934845,0.2570052444934845,0.2570052444934845,0.2570052444934845,22600.0
2021-12-23,0.2619476318359375,0.2619476318359375,0.2619476318359375,0.2619476318359375,100.0
2021-12-24,0.2471204207323409,0.2619476318359375,0.2471204207323409,0.2619476318359375,3200.0
2021-12-27,0.2619476318359375,0.2619476318359375,0.2619476318359375,0.2619476318359375,0.0
2021-12-28,0.2570052444934845,0.2619476485092743,0.242178032446115,0.2570052444934845,31900.0
2021-12-29,0.2570052444934845,0.2570052444934845,0.2471204364619048,0.2570052444934845,52000.0
2021-12-30,0.2520628273487091,0.2570052311070681,0.2520628273487091,0.2520628273487091,65200.0
2021-12-31,0.2570052326824026,0.2570052326824026,0.237235602798262,0.2471204251050949,100300.0
2022-01-03,0.2520628288937487,0.2520628288937487,0.2471204251050949,0.2471204251050949,45200.0
2022-01-04,0.242178021316441,0.2471204251050949,0.242178021316441,0.2471204251050949,42100.0
2022-01-05,0.237235602798262,0.2520628288937487,0.237235602798262,0.2471204251050949,21100.0
2022-01-06,0.2471204235903501,0.2520628273487091,0.2471204235903501,0.2520628273487091,85200.0
2022-01-07,0.2421780198319911,0.2520628273487091,0.2421780198319911,0.2520628273487091,15100.0
2022-01-10,0.2520628305018512,0.2570052343220364,0.2372356043117702,0.2421780228614807,27200.0
2022-01-11,0.2471204364619048,0.2570052444934845,0.2471204364619048,0.2570052444934845,49400.0
2022-01-12,0.2570052444934845,0.2570052444934845,0.2570052444934845,0.2570052444934845,0.0
2022-01-13,0.2570052444934845,0.2570052444934845,0.2570052444934845,0.2570052444934845,0.0
2022-01-14,0.2570052444934845,0.2570052444934845,0.2570052444934845,0.2570052444934845,100.0
2022-01-17,0.2421780228614807,0.2520628305018512,0.2421780228614807,0.2421780228614807,49900.0
2022-01-18,0.24712042814514,0.24712042814514,0.2372356057167053,0.2372356057167053,116100.0
2022-01-19,0.2471204266816659,0.2471204266816659,0.2421780228614807,0.2421780228614807,3700.0
2022-01-20,0.2471204266816659,0.2471204266816659,0.2372356043117702,0.2421780228614807,35500.0
2022-01-21,0.2471204251050949,0.2471204251050949,0.2471204251050949,0.2471204251050949,10100.0
2022-01-24,0.2471204251050949,0.2471204251050949,0.2471204251050949,0.2471204251050949,0.0
2022-01-25,0.2471204251050949,0.2471204251050949,0.2471204251050949,0.2471204251050949,0.0
2022-01-26,0.24712042814514,0.2520628319945947,0.2372356057167053,0.2372356057167053,3300.0
2022-01-27,0.2471204251050949,0.2471204251050949,0.2471204251050949,0.2471204251050949,12100.0
2022-01-28,0.2471204251050949,0.2471204251050949,0.2471204251050949,0.2471204251050949,0.0
2022-01-31,0.2471204251050949,0.2471204251050949,0.2471204251050949,0.2471204251050949,0.0
2022-02-03,0.2471204251050949,0.2471204251050949,0.2471204251050949,0.2471204251050949,0.0
2022-02-04,0.24712042814514,0.24712042814514,0.2372356057167053,0.2372356057167053,10500.0
2022-02-07,0.2372356057167053,0.2372356057167053,0.2372356057167053,0.2372356057167053,0.0
2022-02-08,0.2471204266816659,0.2471204266816659,0.2421780228614807,0.2421780228614807,23400.0
2022-02-09,0.2421780228614807,0.2421780228614807,0.2421780228614807,0.2421780228614807,0.0
2022-02-10,0.247120429853481,0.247120429853481,0.2322932034730911,0.2322932034730911,15100.0
2022-02-11,0.2421780242956853,0.2421780242956853,0.2372356057167053,0.2372356057167053,22200.0
2022-02-14,0.2372356057167053,0.2372356057167053,0.2372356057167053,0.2372356057167053,4100.0
2022-02-15,0.2322931990096082,0.2471204251050949,0.2273507952209543,0.2471204251050949,5100.0
2022-02-16,0.2471204251050949,0.2471204251050949,0.2471204251050949,0.2471204251050949,0.0
2022-02-17,0.2471204251050949,0.2471204251050949,0.2471204251050949,0.2471204251050949,0.0
2022-02-18,0.2322932018672506,0.2372356057167053,0.2322932018672506,0.2372356057167053,7300.0
2022-02-21,0.2471204235903501,0.2520628273487091,0.2471204235903501,0.2520628273487091,38600.0
2022-02-22,0.2471204316360976,0.2471204316360976,0.2273508012294769,0.2273508012294769,10600.0
2022-02-23,0.2520628273487091,0.2520628273487091,0.2520628273487091,0.2520628273487091,100.0
2022-02-24,0.2471204251050949,0.2471204251050949,0.2273507952209543,0.2471204251050949,16000.0
2022-02-25,0.2471204251050949,0.2471204251050949,0.2471204251050949,0.2471204251050949,0.0
2022-02-28,0.2471204251050949,0.2471204251050949,0.2471204251050949,0.2471204251050949,0.0
2022-03-01,0.2471204251050949,0.2471204251050949,0.2471204251050949,0.2471204251050949,0.0
2022-03-02,0.2471204251050949,0.2471204251050949,0.2471204251050949,0.2471204251050949,0.0
2022-03-03,0.2471204251050949,0.2471204251050949,0.2471204251050949,0.2471204251050949,0.0
2022-03-04,0.2471204251050949,0.2471204251050949,0.2471204251050949,0.2471204251050949,0.0
2022-03-07,0.24712042814514,0.24712042814514,0.2372356057167053,0.2372356057167053,11000.0
2022-03-08,0.2273507980177959,0.2372356057167053,0.2273507980177959,0.2372356057167053,20100.0
2022-03-09,0.2322932034730911,0.2322932034730911,0.2322932034730911,0.2322932034730911,33100.0
2022-03-10,0.2322931990096082,0.2471204251050949,0.2322931990096082,0.2471204251050949,7100.0
2022-03-11,0.2471204251050949,0.2471204251050949,0.2471204251050949,0.2471204251050949,0.0
2022-03-14,0.2471204251050949,0.2471204251050949,0.2471204251050949,0.2471204251050949,0.0
2022-03-15,0.2322932051487507,0.2322932051487507,0.2273508012294769,0.2273508012294769,32200.0
2022-03-16,0.2273507938273891,0.2520628273487091,0.2273507938273891,0.2520628273487091,49900.0
2022-03-17,0.2520628273487091,0.2520628273487091,0.2520628273487091,0.2520628273487091,0.0
2022-03-18,0.2273507966713997,0.2421780228614807,0.2273507966713997,0.2421780228614807,55000.0
2022-03-21,0.2421780228614807,0.2421780228614807,0.2421780228614807,0.2421780228614807,0.0
2022-03-22,0.2421780228614807,0.2421780228614807,0.2421780228614807,0.2421780228614807,300.0
2022-03-23,0.2421780228614807,0.2421780228614807,0.2421780228614807,0.2421780228614807,0.0
2022-03-24,0.2421780228614807,0.2421780228614807,0.2421780228614807,0.2421780228614807,1700.0
2022-03-25,0.2421780228614807,0.2421780228614807,0.2421780228614807,0.2421780228614807,0.0
2022-03-28,0.2273508012294769,0.2273508012294769,0.2273508012294769,0.2273508012294769,6000.0
2022-03-29,0.2273508012294769,0.2273508012294769,0.2273508012294769,0.2273508012294769,5000.0
2022-03-30,0.2273508012294769,0.2273508012294769,0.2273508012294769,0.2273508012294769,500.0
2022-03-31,0.2273508012294769,0.2273508012294769,0.2273508012294769,0.2273508012294769,0.0
2022-04-01,0.2322932051487507,0.2322932051487507,0.2273508012294769,0.2273508012294769,2000.0
2022-04-04,0.2322932051487507,0.2322932051487507,0.2273508012294769,0.2273508012294769,25000.0
2022-04-05,0.2273508012294769,0.2273508012294769,0.2273508012294769,0.2273508012294769,9000.0
2022-04-06,0.2273508012294769,0.2273508012294769,0.2273508012294769,0.2273508012294769,0.0
2022-04-07,0.2273508012294769,0.2273508012294769,0.2273508012294769,0.2273508012294769,500.0
2022-04-08,0.2372356057167053,0.2372356057167053,0.2372356057167053,0.2372356057167053,4500.0
2022-04-11,0.2372356057167053,0.2372356057167053,0.2372356057167053,0.2372356057167053,0.0
2022-04-12,0.2372356057167053,0.2372356057167053,0.2372356057167053,0.2372356057167053,0.0
2022-04-13,0.2372356073567126,0.2372356073567126,0.2322932034730911,0.2322932034730911,67800.0
2022-04-14,0.2273508012294769,0.2273508012294769,0.2273508012294769,0.2273508012294769,4500.0
2022-04-18,0.2273507995894696,0.2322932034730911,0.2273507995894696,0.2322932034730911,10900.0
2022-04-19,0.2322932034730911,0.2322932034730911,0.2322932034730911,0.2322932034730911,0.0
2022-04-20,0.2273508012294769,0.2273508012294769,0.2273508012294769,0.2273508012294769,16000.0
2022-04-21,0.2372356057167053,0.2372356057167053,0.2224083794388159,0.2372356057167053,23700.0
2022-04-22,0.2372356057167053,0.2372356057167053,0.2372356057167053,0.2372356057167053,0.0
2022-04-25,0.2372356057167053,0.2372356057167053,0.2372356057167053,0.2372356057167053,0.0
2022-04-26,0.2273507980177959,0.2372356057167053,0.2273507980177959,0.2372356057167053,10100.0
2022-04-27,0.2273507995894696,0.2322932034730911,0.2125235732090797,0.2322932034730911,88700.0
2022-04-28,0.2174659786614038,0.2273508012294769,0.2174659786614038,0.2273508012294769,10100.0
2022-04-29,0.2273508012294769,0.2273508012294769,0.2273508012294769,0.2273508012294769,0.0
2022-05-04,0.2273508012294769,0.2273508012294769,0.2174659786614038,0.2273508012294769,25100.0
2022-05-05,0.2273508012294769,0.2273508012294769,0.2174659786614038,0.2273508012294769,22300.0
2022-05-06,0.2273507889752045,0.2273507889752045,0.2125235632870493,0.2174659669399261,18100.0
2022-05-09,0.2174659669399261,0.2174659669399261,0.2174659669399261,0.2174659669399261,0.0
2022-05-10,0.2125235632870493,0.2174659669399261,0.2125235632870493,0.2174659669399261,62500.0
2022-05-11,0.2273508012294769,0.2273508012294769,0.2174659786614038,0.2273508012294769,300.0
2022-05-12,0.2273508012294769,0.2273508012294769,0.2273508012294769,0.2273508012294769,0.0
2022-05-13,0.21252357474213,0.2273508012294769,0.21252357474213,0.2273508012294769,200.0
2022-05-17,0.2273508012294769,0.2273508012294769,0.2273508012294769,0.2273508012294769,0.0
2022-05-18,0.2273508012294769,0.2273508012294769,0.2273508012294769,0.2273508012294769,0.0
2022-05-19,0.2273508012294769,0.2273508012294769,0.2273508012294769,0.2273508012294769,0.0
2022-05-20,0.2273508012294769,0.2273508012294769,0.2273508012294769,0.2273508012294769,0.0
2022-05-23,0.2273508012294769,0.2273508012294769,0.2273508012294769,0.2273508012294769,0.0
2022-05-24,0.2125235659969594,0.2125235659969594,0.2026387438356386,0.2075811475515365,186400.0
2022-05-25,0.2075811475515365,0.2075811475515365,0.2075811475515365,0.2075811475515365,16900.0
2022-05-26,0.2075811475515365,0.2075811475515365,0.2075811475515365,0.2075811475515365,0.0
2022-05-27,0.2075811475515365,0.2075811475515365,0.2075811475515365,0.2075811475515365,100.0
2022-05-30,0.2075811506433322,0.2075811506433322,0.1976963430643081,0.1976963430643081,97000.0
2022-05-31,0.2026387468538202,0.2026387468538202,0.1976963430643081,0.1976963430643081,20400.0
2022-06-01,0.1976963430643081,0.1976963430643081,0.1976963430643081,0.1976963430643081,0.0
2022-06-02,0.2174659669399261,0.2174659669399261,0.2174659669399261,0.2174659669399261,4000.0
2022-06-03,0.2174659669399261,0.2174659669399261,0.2174659669399261,0.2174659669399261,0.0
2022-06-06,0.2174659712928691,0.2174659712928691,0.2026387453079223,0.2026387453079223,4800.0
2022-06-07,0.2026387453079223,0.2026387453079223,0.2026387453079223,0.2026387453079223,2000.0
2022-06-08,0.1976963444738075,0.1976963444738075,0.1927539259195327,0.1927539259195327,79400.0
2022-06-09,0.2125235646963119,0.2125235646963119,0.2125235646963119,0.2125235646963119,7500.0
2022-06-10,0.1976963430643081,0.1976963430643081,0.1976963430643081,0.1976963430643081,2500.0
2022-06-13,0.2026387468538202,0.2026387468538202,0.1976963430643081,0.1976963430643081,6800.0
2022-06-14,0.2026387490797192,0.2026387490797192,0.1878115228187873,0.1907769739627838,27000.0
2022-06-15,0.2075811475515365,0.2075811475515365,0.2075811475515365,0.2075811475515365,100500.0
2022-06-16,0.1878115239676758,0.1976963464452733,0.1848460875350643,0.1868230402469635,30000.0
2022-06-17,0.1868230402469635,0.1868230402469635,0.1868230402469635,0.1868230402469635,0.0
2022-06-20,0.1868230402469635,0.1868230402469635,0.1868230402469635,0.1868230402469635,0.0
2022-06-21,0.1868230402469635,0.1868230402469635,0.1868230402469635,0.1868230402469635,0.0
2022-06-22,0.1868230402469635,0.1868230402469635,0.1868230402469635,0.1868230402469635,0.0
2022-06-23,0.1868230402469635,0.1868230402469635,0.1868230402469635,0.1868230402469635,10000.0
2022-06-24,0.1868230402469635,0.1868230402469635,0.1868230402469635,0.1868230402469635,0.0
2022-06-27,0.1878115236759185,0.1878115236759185,0.1878115236759185,0.1878115236759185,6000.0
2022-06-28,0.1878115236759185,0.1878115236759185,0.1878115236759185,0.1878115236759185,100.0
2022-06-29,0.1976963430643081,0.1976963430643081,0.1976963430643081,0.1976963430643081,4000.0
2022-06-30,0.1976963430643081,0.1976963430643081,0.1976963430643081,0.1976963430643081,100.0
2022-07-01,0.1976963430643081,0.1976963430643081,0.1976963430643081,0.1976963430643081,700.0
2022-07-04,0.1976963430643081,0.1976963430643081,0.1976963430643081,0.1976963430643081,200.0
2022-07-05,0.1976963430643081,0.1976963430643081,0.1976963430643081,0.1976963430643081,11000.0
2022-07-06,0.196707862724561,0.196707862724561,0.1868230402469635,0.1868230402469635,20000.0
2022-07-07,0.1868230402469635,0.1868230402469635,0.1868230402469635,0.1868230402469635,200.0
2022-07-08,0.1868230402469635,0.1868230402469635,0.1868230402469635,0.1868230402469635,0.0
2022-07-12,0.1868230402469635,0.1868230402469635,0.1868230402469635,0.1868230402469635,0.0
2022-07-13,0.1976963430643081,0.1976963430643081,0.1976963430643081,0.1976963430643081,100.0
2022-07-14,0.1878115236759185,0.1967078624189837,0.1878115236759185,0.1878115236759185,60000.0
2022-07-15,0.1976963430643081,0.1976963430643081,0.1976963430643081,0.1976963430643081,100.0
2022-07-18,0.1976963430643081,0.1976963430643081,0.1976963430643081,0.1976963430643081,0.0
2022-07-19,0.1976963430643081,0.1976963430643081,0.1976963430643081,0.1976963430643081,0.0
2022-07-20,0.1976963430643081,0.1976963430643081,0.1976963430643081,0.1976963430643081,0.0
2022-07-21,0.1967078596353531,0.1967078596353531,0.1878115210181808,0.1967078596353531,20300.0
2022-07-22,0.1868230402469635,0.1868230402469635,0.1868230402469635,0.1868230402469635,70000.0
2022-07-25,0.1868230402469635,0.1868230402469635,0.1868230402469635,0.1868230402469635,0.0
2022-07-26,0.1868230383839283,0.1927539259195327,0.1868230383839283,0.1927539259195327,400.0
2022-07-27,0.1927539259195327,0.1927539259195327,0.1927539259195327,0.1927539259195327,9900.0
2022-07-28,0.1927539259195327,0.1927539259195327,0.1927539259195327,0.1927539259195327,0.0
2022-07-29,0.1927539259195327,0.1927539259195327,0.1927539259195327,0.1927539259195327,0.0
2022-08-01,0.1927539259195327,0.1927539259195327,0.1927539259195327,0.1927539259195327,0.0
2022-08-02,0.1927539259195327,0.1927539259195327,0.1927539259195327,0.1927539259195327,0.0
2022-08-03,0.1927539259195327,0.1927539259195327,0.1927539259195327,0.1927539259195327,500.0
2022-08-04,0.1907769739627838,0.1907769739627838,0.1907769739627838,0.1907769739627838,300.0
2022-08-05,0.1907769739627838,0.1907769739627838,0.1907769739627838,0.1907769739627838,700.0
2022-08-08,0.1878115236759185,0.1878115236759185,0.1878115236759185,0.1878115236759185,7000.0
2022-08-10,0.1878115236759185,0.1878115236759185,0.1878115236759185,0.1878115236759185,0.0
2022-08-11,0.1878115236759185,0.1878115236759185,0.1878115236759185,0.1878115236759185,3100.0
2022-08-12,0.1878115236759185,0.1878115236759185,0.1878115236759185,0.1878115236759185,0.0
2022-08-15,0.1878115236759185,0.1878115236759185,0.1878115236759185,0.1878115236759185,0.0
2022-08-16,0.1878115239676758,0.1878115239676758,0.1868230402469635,0.1868230402469635,92100.0
2022-08-17,0.1868230402469635,0.1868230402469635,0.1868230402469635,0.1868230402469635,0.0
2022-08-18,0.1858345568180084,0.1858345568180084,0.1858345568180084,0.1858345568180084,9900.0
2022-08-19,0.1858345568180084,0.1858345568180084,0.1858345568180084,0.1858345568180084,0.0
2022-08-22,0.1848460894992583,0.1848460894992583,0.1808921545743942,0.1808921545743942,31000.0
2022-08-23,0.179903671933579,0.179903671933579,0.1779267191886901,0.1779267191886901,60700.0
2022-08-24,0.1779267191886901,0.1779267191886901,0.1779267191886901,0.1779267191886901,20100.0
2022-08-25,0.1779267191886901,0.1779267191886901,0.1779267191886901,0.1779267191886901,39000.0
2022-08-26,0.1779267191886901,0.1779267191886901,0.1779267191886901,0.1779267191886901,100.0
2022-08-29,0.1779267191886901,0.1779267191886901,0.1779267191886901,0.1779267191886901,33100.0
2022-08-30,0.1779267191886901,0.1779267191886901,0.1779267191886901,0.1779267191886901,0.0
2022-08-31,0.1759497517142756,0.1779267191886901,0.1759497517142756,0.1779267191886901,21100.0
2022-09-01,0.1779267191886901,0.1779267191886901,0.1779267191886901,0.1779267191886901,0.0
2022-09-02,0.1779267191886901,0.1779267191886901,0.1779267191886901,0.1779267191886901,0.0
2022-09-05,0.1779267191886901,0.1779267191886901,0.1779267191886901,0.1779267191886901,400.0
2022-09-06,0.1779267191886901,0.1779267191886901,0.1779267191886901,0.1779267191886901,0.0
2022-09-07,0.1779267191886901,0.1779267191886901,0.1779267191886901,0.1779267191886901,0.0
2022-09-08,0.1779267191886901,0.1779267191886901,0.1779267191886901,0.1779267191886901,0.0
2022-09-09,0.1828691214323043,0.1828691214323043,0.1828691214323043,0.1828691214323043,2500.0
2022-09-12,0.1828691214323043,0.1828691214323043,0.1828691214323043,0.1828691214323043,0.0
2022-09-13,0.1828691214323043,0.1828691214323043,0.1828691214323043,0.1828691214323043,0.0
2022-09-14,0.1828691214323043,0.1828691214323043,0.1828691214323043,0.1828691214323043,0.0
2022-09-15,0.1878115236759185,0.1878115236759185,0.1878115236759185,0.1878115236759185,20000.0
2022-09-16,0.1779267191886901,0.1779267191886901,0.1779267191886901,0.1779267191886901,20000.0
2022-09-19,0.1779267191886901,0.1779267191886901,0.1779267191886901,0.1779267191886901,0.0
2022-09-20,0.1779267191886901,0.1779267191886901,0.1779267191886901,0.1779267191886901,0.0
2022-09-21,0.1779267191886901,0.1779267191886901,0.1779267191886901,0.1779267191886901,30000.0
2022-09-22,0.1769382357597351,0.1769382357597351,0.1630994928737757,0.1769382357597351,2500.0
2022-09-23,0.1769382357597351,0.1769382357597351,0.1769382357597351,0.1769382357597351,0.0
2022-09-26,0.1769382357597351,0.1769382357597351,0.1769382357597351,0.1769382357597351,0.0
2022-09-27,0.1769382357597351,0.1769382357597351,0.1769382357597351,0.1769382357597351,0.0
2022-09-28,0.1769382357597351,0.1769382357597351,0.1769382357597351,0.1769382357597351,0.0
2022-09-29,0.1769382357597351,0.1769382357597351,0.1769382357597351,0.1769382357597351,0.0
2022-09-30,0.1779267144452843,0.1927539259195327,0.1186178022654269,0.1927539259195327,24300.0
2022-10-03,0.1878115208101103,0.1878115208101103,0.1482722610235214,0.1482722610235214,38700.0
2022-10-04,0.177926715943202,0.1878115236759185,0.1769382322240253,0.1878115236759185,900.0
2022-10-05,0.1878115236759185,0.1917654585526255,0.1660649260426067,0.1878115236759185,19000.0
2022-10-06,0.1927539305412159,0.1976963492139956,0.1779267187114537,0.178915187716484,76200.0
2022-10-07,0.1779267169464862,0.1858345572854396,0.1779267169464862,0.1848460882902145,38500.0
2022-10-10,0.1848460894992583,0.1858345585009488,0.1779267181102717,0.1808921545743942,17600.0
2022-10-11,0.1779267172327399,0.1858345575844156,0.1779267172327399,0.1838576048612594,11000.0
2022-10-12,0.1779267178145816,0.1838576054624959,0.1769382340850083,0.1818806380033493,13900.0
2022-10-13,0.1858345572854396,0.1858345572854396,0.1729842983227335,0.1848460882902145,64500.0
2022-10-14,0.1779267172327399,0.1976963475709802,0.1779267172327399,0.1838576048612594,100600.0
2022-10-17,0.180892154273776,0.1838576054624959,0.1799036705442027,0.1818806380033493,25200.0
2022-10-18,0.1779267172327399,0.1838576048612594,0.1779267172327399,0.1838576048612594,300.0
2022-10-19,0.1779267172327399,0.1838576048612594,0.1779267172327399,0.1838576048612594,58600.0
2022-10-20,0.1838576048612594,0.1838576048612594,0.1838576048612594,0.1838576048612594,0.0
2022-10-21,0.1858345568180084,0.1858345568180084,0.1858345568180084,0.1858345568180084,100.0
2022-10-25,0.1868230402469635,0.1868230402469635,0.1868230402469635,0.1868230402469635,100.0
2022-10-26,0.1868230402469635,0.1868230402469635,0.1868230402469635,0.1868230402469635,0.0
2022-10-27,0.1838576041030054,0.1858345568180084,0.1838576041030054,0.1858345568180084,9900.0
2022-10-28,0.1967078596353531,0.1967078596353531,0.1967078596353531,0.1967078596353531,500.0
2022-10-31,0.1967078596353531,0.1967078596353531,0.1967078596353531,0.1967078596353531,0.0
2022-11-01,0.1779267175220882,0.1828691214323043,0.1779267175220882,0.1828691214323043,52100.0
2022-11-02,0.1779267191886901,0.1779267191886901,0.1779267191886901,0.1779267191886901,20000.0
2022-11-03,0.1779267191886901,0.1779267191886901,0.1779267191886901,0.1779267191886901,29000.0
2022-11-04,0.1779267191886901,0.1779267191886901,0.1779267191886901,0.1779267191886901,0.0
2022-11-07,0.1828691198095603,0.1878115236759185,0.1828691198095603,0.1878115236759185,20100.0
2022-11-08,0.1878115236759185,0.1878115236759185,0.1878115236759185,0.1878115236759185,0.0
2022-11-09,0.1878115236759185,0.1878115236759185,0.1878115236759185,0.1878115236759185,0.0
2022-11-10,0.1878115236759185,0.1878115236759185,0.1878115236759185,0.1878115236759185,0.0
2022-11-11,0.1878115236759185,0.1878115236759185,0.1878115236759185,0.1878115236759185,0.0
2022-11-14,0.1888000071048736,0.1888000071048736,0.1888000071048736,0.1888000071048736,900.0
2022-11-15,0.1909999996423721,0.1909999996423721,0.1909999996423721,0.1909999996423721,0.0
2022-11-16,0.2150000035762787,0.2150000035762787,0.2150000035762787,0.2150000035762787,100.0
2022-11-17,0.2150000035762787,0.2150000035762787,0.2150000035762787,0.2150000035762787,0.0
2022-11-18,0.2150000035762787,0.2150000035762787,0.2150000035762787,0.2150000035762787,0.0
2022-11-21,0.2150000035762787,0.2150000035762787,0.2150000035762787,0.2150000035762787,0.0
2022-11-22,0.1800000071525573,0.1800000071525573,0.1700000017881393,0.1700000017881393,7300.0
2022-11-23,0.1729999929666519,0.2000000029802322,0.1700000017881393,0.2000000029802322,6100.0
2022-11-24,0.2000000029802322,0.2000000029802322,0.2000000029802322,0.2000000029802322,0.0
2022-11-25,0.2000000029802322,0.2000000029802322,0.2000000029802322,0.2000000029802322,0.0
2022-11-28,0.1800000071525573,0.2000000029802322,0.1790000051259994,0.1790000051259994,162300.0
2022-11-29,0.1990000009536743,0.1990000009536743,0.1749999970197677,0.1800000071525573,161200.0
2022-11-30,0.1800000071525573,0.1800000071525573,0.1800000071525573,0.1800000071525573,10000.0
2022-12-01,0.1800000071525573,0.1800000071525573,0.1800000071525573,0.1800000071525573,0.0
2022-12-02,0.1749999970197677,0.1800000071525573,0.1700000017881393,0.1800000071525573,30100.0
2022-12-05,0.1899999976158142,0.1899999976158142,0.1899999976158142,0.1899999976158142,100.0
2022-12-06,0.1899999976158142,0.1899999976158142,0.1899999976158142,0.1899999976158142,0.0
2022-12-07,0.1899999976158142,0.1899999976158142,0.1899999976158142,0.1899999976158142,0.0
2022-12-08,0.1899999976158142,0.1899999976158142,0.1899999976158142,0.1899999976158142,0.0
2022-12-09,0.1800000071525573,0.1800000071525573,0.1800000071525573,0.1800000071525573,52500.0
2022-12-12,0.1800000071525573,0.1800000071525573,0.1800000071525573,0.1800000071525573,10100.0
2022-12-13,0.1800000071525573,0.1800000071525573,0.1800000071525573,0.1800000071525573,0.0
2022-12-14,0.1800000071525573,0.1800000071525573,0.1800000071525573,0.1800000071525573,0.0
2022-12-15,0.1800000071525573,0.1800000071525573,0.1800000071525573,0.1800000071525573,0.0
2022-12-16,0.1850000023841858,0.1850000023841858,0.1850000023841858,0.1850000023841858,100.0
2022-12-19,0.1850000023841858,0.1850000023841858,0.1850000023841858,0.1850000023841858,0.0
2022-12-20,0.1850000023841858,0.1850000023841858,0.1850000023841858,0.1850000023841858,0.0
2022-12-21,0.1700000017881393,0.1780000030994415,0.1700000017881393,0.1780000030994415,20100.0
2022-12-22,0.1700000017881393,0.1780000030994415,0.1700000017881393,0.1780000030994415,9900.0
2022-12-23,0.1780000030994415,0.1780000030994415,0.1780000030994415,0.1780000030994415,0.0
2022-12-27,0.1700000017881393,0.1780000030994415,0.1700000017881393,0.1780000030994415,1600.0
2022-12-28,0.1800000071525573,0.1800000071525573,0.1599999964237213,0.1780000030994415,24300.0
2022-12-29,0.1780000030994415,0.1780000030994415,0.1780000030994415,0.1780000030994415,0.0
2022-12-30,0.1780000030994415,0.1780000030994415,0.1780000030994415,0.1780000030994415,0.0
2023-01-03,0.1780000030994415,0.1780000030994415,0.1780000030994415,0.1780000030994415,0.0
2023-01-04,0.1700000017881393,0.1770000010728836,0.1700000017881393,0.1770000010728836,500.0
2023-01-05,0.1770000010728836,0.1770000010728836,0.1770000010728836,0.1770000010728836,0.0
2023-01-06,0.1700000017881393,0.1720000058412552,0.1700000017881393,0.1700000017881393,2000.0
2023-01-09,0.1700000017881393,0.1700000017881393,0.1700000017881393,0.1700000017881393,0.0
2023-01-10,0.1800000071525573,0.1800000071525573,0.1800000071525573,0.1800000071525573,100.0
2023-01-11,0.1800000071525573,0.1800000071525573,0.1800000071525573,0.1800000071525573,0.0
2023-01-12,0.1800000071525573,0.1800000071525573,0.1800000071525573,0.1800000071525573,0.0
2023-01-13,0.1800000071525573,0.1800000071525573,0.1800000071525573,0.1800000071525573,900.0
2023-01-16,0.1800000071525573,0.1800000071525573,0.1800000071525573,0.1800000071525573,0.0
2023-01-17,0.1800000071525573,0.1800000071525573,0.1800000071525573,0.1800000071525573,0.0
2023-01-18,0.1800000071525573,0.1800000071525573,0.1800000071525573,0.1800000071525573,0.0
2023-01-19,0.1800000071525573,0.1800000071525573,0.1800000071525573,0.1800000071525573,0.0
2023-01-20,0.1800000071525573,0.1800000071525573,0.1800000071525573,0.1800000071525573,0.0
2023-01-25,0.1800000071525573,0.1800000071525573,0.1800000071525573,0.1800000071525573,0.0
2023-01-26,0.1800000071525573,0.1800000071525573,0.1800000071525573,0.1800000071525573,0.0
2023-01-27,0.1800000071525573,0.1800000071525573,0.1800000071525573,0.1800000071525573,0.0
2023-01-30,0.1800000071525573,0.1800000071525573,0.1800000071525573,0.1800000071525573,0.0
2023-01-31,0.1800000071525573,0.1800000071525573,0.1800000071525573,0.1800000071525573,0.0
2023-02-01,0.1700000017881393,0.1700000017881393,0.1700000017881393,0.1700000017881393,8100.0
2023-02-02,0.1800000071525573,0.1800000071525573,0.1689999997615814,0.1689999997615814,20200.0
2023-02-03,0.1689999997615814,0.1689999997615814,0.1650000065565109,0.1650000065565109,22100.0
2023-02-06,0.1650000065565109,0.1650000065565109,0.1599999964237213,0.1599999964237213,30600.0
2023-02-07,0.1599999964237213,0.1599999964237213,0.1599999964237213,0.1599999964237213,0.0
2023-02-08,0.1599999964237213,0.1599999964237213,0.1599999964237213,0.1599999964237213,0.0
2023-02-09,0.1650000065565109,0.1650000065565109,0.1589999943971634,0.1599999964237213,289700.0
2023-02-10,0.1599999964237213,0.1599999964237213,0.1599999964237213,0.1599999964237213,0.0
2023-02-13,0.1599999964237213,0.1599999964237213,0.1599999964237213,0.1599999964237213,0.0
2023-02-14,0.1589999943971634,0.1589999943971634,0.1299999952316284,0.1490000039339065,114800.0
2023-02-15,0.1599999964237213,0.1599999964237213,0.1449999958276748,0.1550000011920929,500.0
2023-02-16,0.1599999964237213,0.1599999964237213,0.1599999964237213,0.1599999964237213,100.0
2023-02-17,0.1650000065565109,0.1650000065565109,0.1650000065565109,0.1650000065565109,100.0
2023-02-20,0.1650000065565109,0.1650000065565109,0.1650000065565109,0.1650000065565109,0.0
2023-02-21,0.1650000065565109,0.1650000065565109,0.1650000065565109,0.1650000065565109,0.0
2023-02-22,0.1650000065565109,0.1650000065565109,0.1650000065565109,0.1650000065565109,0.0
2023-02-23,0.1679999977350235,0.1679999977350235,0.1679999977350235,0.1679999977350235,100.0
2023-02-24,0.1679999977350235,0.1679999977350235,0.1679999977350235,0.1679999977350235,0.0
2023-02-27,0.1679999977350235,0.1679999977350235,0.1679999977350235,0.1679999977350235,0.0
2023-02-28,0.1679999977350235,0.1679999977350235,0.1679999977350235,0.1679999977350235,0.0
2023-03-01,0.1679999977350235,0.1679999977350235,0.1679999977350235,0.1679999977350235,0.0
2023-03-02,0.1689999997615814,0.1689999997615814,0.1669999957084655,0.1669999957084655,1100.0
2023-03-03,0.1669999957084655,0.1669999957084655,0.1669999957084655,0.1669999957084655,0.0
2023-03-06,0.1669999957084655,0.1669999957084655,0.1669999957084655,0.1669999957084655,0.0
2023-03-07,0.1669999957084655,0.1669999957084655,0.1669999957084655,0.1669999957084655,0.0
2023-03-08,0.1669999957084655,0.1669999957084655,0.1669999957084655,0.1669999957084655,0.0
2023-03-09,0.1599999964237213,0.1650000065565109,0.1599999964237213,0.1650000065565109,5100.0
2023-03-10,0.1500000059604644,0.1650000065565109,0.1449999958276748,0.1650000065565109,80100.0
2023-03-13,0.1650000065565109,0.1650000065565109,0.1650000065565109,0.1650000065565109,0.0
2023-03-14,0.1650000065565109,0.1650000065565109,0.1650000065565109,0.1650000065565109,0.0
2023-03-15,0.1650000065565109,0.1650000065565109,0.1650000065565109,0.1650000065565109,0.0
2023-03-16,0.1650000065565109,0.1650000065565109,0.1650000065565109,0.1650000065565109,0.0
2023-03-17,0.1650000065565109,0.1650000065565109,0.1650000065565109,0.1650000065565109,0.0
2023-03-20,0.1650000065565109,0.1650000065565109,0.1650000065565109,0.1650000065565109,0.0
2023-03-21,0.1500000059604644,0.1550000011920929,0.1400000005960464,0.1500000059604644,56300.0
2023-03-22,0.1430000066757202,0.1500000059604644,0.1400000005960464,0.1500000059604644,66000.0
2023-03-23,0.1500000059604644,0.1500000059604644,0.1500000059604644,0.1500000059604644,0.0
2023-03-24,0.1500000059604644,0.1500000059604644,0.1500000059604644,0.1500000059604644,0.0
2023-03-27,0.1400000005960464,0.1449999958276748,0.1400000005960464,0.1449999958276748,10100.0
2023-03-28,0.1449999958276748,0.1449999958276748,0.1299999952316284,0.1299999952316284,80800.0
2023-03-29,0.1439999938011169,0.1439999938011169,0.1299999952316284,0.1299999952316284,32300.0
2023-03-30,0.1199999973177909,0.1379999965429306,0.1199999973177909,0.1379999965429306,176500.0
2023-03-31,0.1439999938011169,0.1439999938011169,0.1400000005960464,0.1400000005960464,800.0
2023-04-03,0.1400000005960464,0.1400000005960464,0.1400000005960464,0.1400000005960464,0.0
2023-04-04,0.1400000005960464,0.1400000005960464,0.1400000005960464,0.1400000005960464,0.0
2023-04-05,0.125,0.1340000033378601,0.1199999973177909,0.1340000033378601,110100.0
2023-04-06,0.1340000033378601,0.1340000033378601,0.1340000033378601,0.1340000033378601,0.0
2023-04-10,0.1340000033378601,0.1340000033378601,0.1340000033378601,0.1340000033378601,0.0
2023-04-11,0.1340000033378601,0.1340000033378601,0.1340000033378601,0.1340000033378601,0.0
2023-04-12,0.1340000033378601,0.1340000033378601,0.1340000033378601,0.1340000033378601,0.0
2023-04-13,0.1340000033378601,0.1340000033378601,0.1340000033378601,0.1340000033378601,0.0
2023-04-14,0.1340000033378601,0.1340000033378601,0.1340000033378601,0.1340000033378601,0.0
2023-04-17,0.1340000033378601,0.1340000033378601,0.1340000033378601,0.1340000033378601,0.0
2023-04-18,0.1340000033378601,0.1340000033378601,0.1340000033378601,0.1340000033378601,0.0
2023-04-19,0.1340000033378601,0.1340000033378601,0.1340000033378601,0.1340000033378601,0.0
2023-04-20,0.1340000033378601,0.1340000033378601,0.1340000033378601,0.1340000033378601,0.0
2023-04-21,0.1340000033378601,0.1340000033378601,0.1340000033378601,0.1340000033378601,0.0
2023-04-24,0.1340000033378601,0.1340000033378601,0.1340000033378601,0.1340000033378601,0.0
2023-04-25,0.1340000033378601,0.1340000033378601,0.1340000033378601,0.1340000033378601,0.0
2023-04-26,0.1340000033378601,0.1340000033378601,0.1340000033378601,0.1340000033378601,0.0
2023-04-27,0.1340000033378601,0.1340000033378601,0.1340000033378601,0.1340000033378601,0.0
2023-04-28,0.1340000033378601,0.1340000033378601,0.1340000033378601,0.1340000033378601,0.0
2023-05-02,0.1340000033378601,0.1340000033378601,0.1340000033378601,0.1340000033378601,0.0
2023-05-03,0.1340000033378601,0.1340000033378601,0.1340000033378601,0.1340000033378601,0.0
2023-05-04,0.1340000033378601,0.1340000033378601,0.1340000033378601,0.1340000033378601,0.0
2023-05-05,0.1340000033378601,0.1340000033378601,0.1340000033378601,0.1340000033378601,0.0
2023-05-08,0.1209999993443489,0.1400000005960464,0.1049999967217445,0.1340000033378601,32200.0
2023-05-09,0.1340000033378601,0.1340000033378601,0.1340000033378601,0.1340000033378601,0.0
2023-05-10,0.1340000033378601,0.1340000033378601,0.1340000033378601,0.1340000033378601,0.0
2023-05-11,0.1340000033378601,0.1340000033378601,0.1340000033378601,0.1340000033378601,0.0
2023-05-12,0.1340000033378601,0.1340000033378601,0.1340000033378601,0.1340000033378601,0.0
2023-05-15,0.1340000033378601,0.1340000033378601,0.1340000033378601,0.1340000033378601,0.0
2023-05-16,0.1340000033378601,0.1340000033378601,0.1340000033378601,0.1340000033378601,0.0
2023-05-17,0.135000005364418,0.135000005364418,0.135000005364418,0.135000005364418,1000.0
2023-05-18,0.1299999952316284,0.1389999985694885,0.1299999952316284,0.1389999985694885,50100.0
2023-05-19,0.1389999985694885,0.1389999985694885,0.1389999985694885,0.1389999985694885,0.0
2023-05-22,0.1389999985694885,0.1389999985694885,0.1389999985694885,0.1389999985694885,0.0
2023-05-23,0.1389999985694885,0.1389999985694885,0.1389999985694885,0.1389999985694885,0.0
2023-05-24,0.1389999985694885,0.1389999985694885,0.1389999985694885,0.1389999985694885,0.0
2023-05-25,0.1389999985694885,0.1389999985694885,0.1389999985694885,0.1389999985694885,0.0
2023-05-26,0.1389999985694885,0.1389999985694885,0.1389999985694885,0.1389999985694885,0.0
2023-05-29,0.1389999985694885,0.1389999985694885,0.1389999985694885,0.1389999985694885,0.0
2023-05-30,0.1389999985694885,0.1389999985694885,0.1389999985694885,0.1389999985694885,0.0
2023-05-31,0.1389999985694885,0.1389999985694885,0.1389999985694885,0.1389999985694885,2000.0
2023-06-01,0.1389999985694885,0.1389999985694885,0.1389999985694885,0.1389999985694885,0.0
2023-06-05,0.1389999985694885,0.1389999985694885,0.1389999985694885,0.1389999985694885,0.0
2023-06-06,0.1389999985694885,0.1389999985694885,0.1389999985694885,0.1389999985694885,0.0
2023-06-07,0.1389999985694885,0.1389999985694885,0.1389999985694885,0.1389999985694885,0.0
2023-06-08,0.1389999985694885,0.1389999985694885,0.1389999985694885,0.1389999985694885,0.0
2023-06-09,0.1389999985694885,0.1389999985694885,0.1389999985694885,0.1389999985694885,0.0
2023-06-12,0.1389999985694885,0.1389999985694885,0.1389999985694885,0.1389999985694885,0.0
2023-06-13,0.1110000014305114,0.1379999965429306,0.1110000014305114,0.1379999965429306,31700.0
2023-06-14,0.1379999965429306,0.1379999965429306,0.1379999965429306,0.1379999965429306,0.0
2023-06-15,0.1379999965429306,0.1379999965429306,0.1379999965429306,0.1379999965429306,0.0
2023-06-16,0.1379999965429306,0.1379999965429306,0.1379999965429306,0.1379999965429306,0.0
2023-06-19,0.1140000000596046,0.1140000000596046,0.0820000022649765,0.0820000022649765,30000.0
2023-06-20,0.0860000029206276,0.1159999966621398,0.0860000029206276,0.1159999966621398,16500.0
2023-06-21,0.1159999966621398,0.1159999966621398,0.1159999966621398,0.1159999966621398,0.0
2023-06-22,0.1360000073909759,0.1360000073909759,0.0920000001788139,0.0949999988079071,50300.0
2023-06-23,0.125,0.1360000073909759,0.0970000028610229,0.0970000028610229,400.0
2023-06-26,0.1270000040531158,0.1270000040531158,0.1260000020265579,0.1260000020265579,200.0
2023-06-27,0.1260000020265579,0.1260000020265579,0.1260000020265579,0.1260000020265579,0.0
2023-06-28,0.1260000020265579,0.1260000020265579,0.1260000020265579,0.1260000020265579,0.0
2023-06-30,0.1260000020265579,0.1260000020265579,0.1260000020265579,0.1260000020265579,0.0
2023-07-03,0.135000005364418,0.1379999965429306,0.1340000033378601,0.1340000033378601,350100.0
2023-07-04,0.1330000013113021,0.1580000072717666,0.1330000013113021,0.1580000072717666,1600.0
2023-07-05,0.1580000072717666,0.1580000072717666,0.1580000072717666,0.1580000072717666,0.0
2023-07-06,0.1490000039339065,0.1490000039339065,0.1490000039339065,0.1490000039339065,19900.0
2023-07-07,0.1190000027418136,0.1490000039339065,0.1190000027418136,0.1490000039339065,3100.0
2023-07-10,0.1550000011920929,0.1550000011920929,0.1550000011920929,0.1550000011920929,100.0
2023-07-11,0.1550000011920929,0.1550000011920929,0.1550000011920929,0.1550000011920929,0.0
2023-07-12,0.1550000011920929,0.1550000011920929,0.1550000011920929,0.1550000011920929,300.0
2023-07-13,0.1550000011920929,0.1550000011920929,0.1550000011920929,0.1550000011920929,0.0
2023-07-14,0.1599999964237213,0.1599999964237213,0.1599999964237213,0.1599999964237213,100.0
2023-07-17,0.1599999964237213,0.1599999964237213,0.1599999964237213,0.1599999964237213,0.0
2023-07-18,0.1599999964237213,0.1599999964237213,0.1599999964237213,0.1599999964237213,0.0
2023-07-19,0.1599999964237213,0.1599999964237213,0.1599999964237213,0.1599999964237213,0.0
2023-07-20,0.1599999964237213,0.1599999964237213,0.1599999964237213,0.1599999964237213,0.0
2023-07-21,0.1299999952316284,0.1379999965429306,0.1299999952316284,0.1379999965429306,700.0
2023-07-24,0.1599999964237213,0.1599999964237213,0.1599999964237213,0.1599999964237213,20000.0
2023-07-25,0.1500000059604644,0.1599999964237213,0.1500000059604644,0.1580000072717666,150300.0
2023-07-26,0.1580000072717666,0.1580000072717666,0.1580000072717666,0.1580000072717666,0.0
2023-07-27,0.1280000060796737,0.152999997138977,0.1280000060796737,0.152999997138977,2100.0
2023-07-28,0.152999997138977,0.152999997138977,0.152999997138977,0.152999997138977,0.0
2023-07-31,0.152999997138977,0.152999997138977,0.152999997138977,0.152999997138977,0.0
2023-08-01,0.1490000039339065,0.1599999964237213,0.1299999952316284,0.1500000059604644,14100.0
2023-08-02,0.1500000059604644,0.1500000059604644,0.1500000059604644,0.1500000059604644,0.0
2023-08-03,0.1500000059604644,0.1500000059604644,0.1500000059604644,0.1500000059604644,0.0
2023-08-04,0.1500000059604644,0.1500000059604644,0.1500000059604644,0.1500000059604644,0.0
2023-08-07,0.1500000059604644,0.1500000059604644,0.1500000059604644,0.1500000059604644,0.0
2023-08-08,0.1500000059604644,0.1500000059604644,0.1500000059604644,0.1500000059604644,0.0
2023-08-10,0.1500000059604644,0.1500000059604644,0.1500000059604644,0.1500000059604644,0.0
2023-08-11,0.1500000059604644,0.1500000059604644,0.1500000059604644,0.1500000059604644,0.0
2023-08-14,0.1500000059604644,0.1500000059604644,0.1500000059604644,0.1500000059604644,0.0
2023-08-15,0.1500000059604644,0.1500000059604644,0.1500000059604644,0.1500000059604644,0.0
2023-08-16,0.1299999952316284,0.1490000039339065,0.1199999973177909,0.1490000039339065,2900.0
2023-08-17,0.1500000059604644,0.1500000059604644,0.1500000059604644,0.1500000059604644,100.0
2023-08-18,0.1500000059604644,0.1500000059604644,0.1500000059604644,0.1500000059604644,0.0
2023-08-21,0.1199999973177909,0.1199999973177909,0.1000000014901161,0.1000000014901161,108400.0
2023-08-22,0.1140000000596046,0.1180000007152557,0.1000000014901161,0.1180000007152557,24400.0
2023-08-23,0.1180000007152557,0.1180000007152557,0.1180000007152557,0.1180000007152557,0.0
2023-08-24,0.1180000007152557,0.1180000007152557,0.1180000007152557,0.1180000007152557,0.0
2023-08-25,0.1180000007152557,0.1180000007152557,0.1180000007152557,0.1180000007152557,0.0
2023-08-28,0.1180000007152557,0.1180000007152557,0.1180000007152557,0.1180000007152557,0.0
2023-08-29,0.1199999973177909,0.1199999973177909,0.1199999973177909,0.1199999973177909,100.0
2023-08-30,0.1480000019073486,0.1480000019073486,0.1030000001192092,0.1469999998807907,3800.0
2023-08-31,0.1469999998807907,0.1469999998807907,0.1469999998807907,0.1469999998807907,0.0
2023-09-04,0.1469999998807907,0.1469999998807907,0.1469999998807907,0.1469999998807907,0.0
2023-09-05,0.1469999998807907,0.1469999998807907,0.1469999998807907,0.1469999998807907,0.0
2023-09-06,0.1469999998807907,0.1469999998807907,0.1469999998807907,0.1469999998807907,0.0
2023-09-07,0.1469999998807907,0.1469999998807907,0.1469999998807907,0.1469999998807907,0.0
2023-09-08,0.1030000001192092,0.1459999978542328,0.0979999974370002,0.1439999938011169,20500.0
2023-09-11,0.1439999938011169,0.1439999938011169,0.1439999938011169,0.1439999938011169,0.0
2023-09-12,0.1150000020861625,0.1469999998807907,0.1140000000596046,0.1449999958276748,16000.0
2023-09-13,0.1449999958276748,0.1449999958276748,0.1449999958276748,0.1449999958276748,0.0
2023-09-14,0.1449999958276748,0.1449999958276748,0.1449999958276748,0.1449999958276748,0.0
2023-09-15,0.1180000007152557,0.1430000066757202,0.1129999980330467,0.1389999985694885,14400.0
2023-09-18,0.1389999985694885,0.1389999985694885,0.1389999985694885,0.1389999985694885,0.0
2023-09-19,0.1389999985694885,0.1389999985694885,0.1389999985694885,0.1389999985694885,0.0
2023-09-20,0.1120000034570694,0.1389999985694885,0.1120000034570694,0.1389999985694885,1100.0
2023-09-21,0.1389999985694885,0.1389999985694885,0.1389999985694885,0.1389999985694885,0.0
2023-09-22,0.1389999985694885,0.1389999985694885,0.1389999985694885,0.1389999985694885,0.0
2023-09-25,0.1389999985694885,0.1389999985694885,0.1389999985694885,0.1389999985694885,0.0
2023-09-26,0.1389999985694885,0.1389999985694885,0.1389999985694885,0.1389999985694885,0.0
2023-09-27,0.1389999985694885,0.1389999985694885,0.1389999985694885,0.1389999985694885,0.0
2023-09-28,0.1389999985694885,0.1389999985694885,0.1389999985694885,0.1389999985694885,0.0
2023-09-29,0.1199999973177909,0.1199999973177909,0.1199999973177909,0.1199999973177909,4900.0
2023-10-02,0.1199999973177909,0.1389999985694885,0.1199999973177909,0.1389999985694885,24900.0
2023-10-03,0.1389999985694885,0.1389999985694885,0.1389999985694885,0.1389999985694885,0.0
2023-10-04,0.1389999985694885,0.1389999985694885,0.1389999985694885,0.1389999985694885,0.0
2023-10-05,0.1449999958276748,0.1449999958276748,0.1449999958276748,0.1449999958276748,100.0
2023-10-06,0.1299999952316284,0.1480000019073486,0.1199999973177909,0.1469999998807907,15200.0
2023-10-09,0.1469999998807907,0.1469999998807907,0.1469999998807907,0.1469999998807907,0.0
2023-10-10,0.1169999986886978,0.1469999998807907,0.1169999986886978,0.1469999998807907,5100.0
2023-10-11,0.1469999998807907,0.1469999998807907,0.1469999998807907,0.1469999998807907,0.0
2023-10-12,0.1469999998807907,0.1469999998807907,0.1469999998807907,0.1469999998807907,0.0
2023-10-13,0.1469999998807907,0.1469999998807907,0.1469999998807907,0.1469999998807907,0.0
2023-10-16,0.1469999998807907,0.1469999998807907,0.1469999998807907,0.1469999998807907,0.0
2023-10-17,0.1469999998807907,0.1469999998807907,0.1469999998807907,0.1469999998807907,0.0
2023-10-18,0.1599999964237213,0.1599999964237213,0.1599999964237213,0.1599999964237213,100.0
2023-10-19,0.1599999964237213,0.1599999964237213,0.1599999964237213,0.1599999964237213,0.0
2023-10-20,0.1650000065565109,0.1650000065565109,0.1650000065565109,0.1650000065565109,100.0
2023-10-23,0.1650000065565109,0.1650000065565109,0.1650000065565109,0.1650000065565109,0.0
2023-10-24,0.1650000065565109,0.1650000065565109,0.1650000065565109,0.1650000065565109,0.0
2023-10-25,0.1500000059604644,0.1500000059604644,0.1199999973177909,0.1199999973177909,4500.0
2023-10-26,0.1199999973177909,0.1199999973177909,0.1199999973177909,0.1199999973177909,22400.0
2023-10-27,0.1199999973177909,0.1199999973177909,0.1199999973177909,0.1199999973177909,0.0
2023-10-30,0.1209999993443489,0.1209999993443489,0.1209999993443489,0.1209999993443489,700.0
2023-10-31,0.1509999930858612,0.1509999930858612,0.1500000059604644,0.1500000059604644,1300.0
2023-11-01,0.1500000059604644,0.1500000059604644,0.1500000059604644,0.1500000059604644,0.0
2023-11-02,0.1209999993443489,0.1220000013709068,0.1180000007152557,0.1180000007152557,18200.0
2023-11-03,0.1180000007152557,0.1180000007152557,0.1180000007152557,0.1180000007152557,0.0
2023-11-06,0.1480000019073486,0.1480000019073486,0.1480000019073486,0.1480000019073486,100.0
2023-11-07,0.1180000007152557,0.1180000007152557,0.1180000007152557,0.1180000007152557,8600.0
2023-11-08,0.1180000007152557,0.1180000007152557,0.1180000007152557,0.1180000007152557,0.0
2023-11-09,0.1180000007152557,0.1180000007152557,0.1180000007152557,0.1180000007152557,0.0
2023-11-10,0.1199999973177909,0.1500000059604644,0.1199999973177909,0.1500000059604644,15100.0
2023-11-14,0.1500000059604644,0.1500000059604644,0.1500000059604644,0.1500000059604644,0.0
2023-11-15,0.1500000059604644,0.1500000059604644,0.1500000059604644,0.1500000059604644,0.0
2023-11-16,0.1199999973177909,0.1199999973177909,0.1199999973177909,0.1199999973177909,20000.0
2023-11-17,0.1199999973177909,0.1199999973177909,0.1199999973177909,0.1199999973177909,0.0
2023-11-20,0.1199999973177909,0.1199999973177909,0.1199999973177909,0.1199999973177909,0.0
2023-11-21,0.1199999973177909,0.1199999973177909,0.1199999973177909,0.1199999973177909,0.0
2023-11-22,0.1199999973177909,0.1199999973177909,0.1199999973177909,0.1199999973177909,0.0
2023-11-23,0.1199999973177909,0.1199999973177909,0.1199999973177909,0.1199999973177909,0.0
2023-11-24,0.1199999973177909,0.1480000019073486,0.1199999973177909,0.1480000019073486,9000.0
2023-11-27,0.1190000027418136,0.1580000072717666,0.1190000027418136,0.1580000072717666,37000.0
2023-11-28,0.1580000072717666,0.1580000072717666,0.1580000072717666,0.1580000072717666,0.0
2023-11-29,0.1580000072717666,0.1580000072717666,0.1580000072717666,0.1580000072717666,0.0
2023-11-30,0.1580000072717666,0.1580000072717666,0.1580000072717666,0.1580000072717666,0.0
2023-12-01,0.1580000072717666,0.1580000072717666,0.1580000072717666,0.1580000072717666,0.0
2023-12-04,0.1580000072717666,0.1580000072717666,0.1580000072717666,0.1580000072717666,0.0
2023-12-05,0.1580000072717666,0.1580000072717666,0.1580000072717666,0.1580000072717666,0.0
2023-12-06,0.1580000072717666,0.1580000072717666,0.1580000072717666,0.1580000072717666,0.0
2023-12-07,0.1580000072717666,0.1580000072717666,0.1580000072717666,0.1580000072717666,0.0
2023-12-08,0.1580000072717666,0.1580000072717666,0.1580000072717666,0.1580000072717666,0.0
2023-12-11,0.1199999973177909,0.1199999973177909,0.1000000014901161,0.1000000014901161,20000.0
2023-12-12,0.1199999973177909,0.1220000013709068,0.1199999973177909,0.1220000013709068,140600.0
2023-12-13,0.125,0.125,0.125,0.125,100.0
2023-12-14,0.1299999952316284,0.1570000052452087,0.1299999952316284,0.1570000052452087,6500.0
2023-12-15,0.1059999987483024,0.1490000039339065,0.0970000028610229,0.1490000039339065,33500.0
2023-12-18,0.1490000039339065,0.1490000039339065,0.1490000039339065,0.1490000039339065,0.0
2023-12-19,0.1490000039339065,0.1490000039339065,0.1490000039339065,0.1490000039339065,0.0
2023-12-20,0.1410000026226043,0.1410000026226043,0.1410000026226043,0.1410000026226043,10000.0
2023-12-21,0.1410000026226043,0.1410000026226043,0.1410000026226043,0.1410000026226043,0.0
2023-12-22,0.1410000026226043,0.1410000026226043,0.1410000026226043,0.1410000026226043,0.0
2023-12-26,0.1410000026226043,0.1410000026226043,0.1410000026226043,0.1410000026226043,0.0
2023-12-27,0.1410000026226043,0.1410000026226043,0.1410000026226043,0.1410000026226043,0.0
2023-12-28,0.1410000026226043,0.1410000026226043,0.1410000026226043,0.1410000026226043,0.0
2023-12-29,0.1410000026226043,0.1410000026226043,0.1410000026226043,0.1410000026226043,0.0
2024-01-02,0.1410000026226043,0.1410000026226043,0.1410000026226043,0.1410000026226043,0.0
2024-01-03,0.1410000026226043,0.1410000026226043,0.1410000026226043,0.1410000026226043,0.0
2024-01-04,0.1410000026226043,0.1410000026226043,0.1410000026226043,0.1410000026226043,0.0
2024-01-05,0.1410000026226043,0.1410000026226043,0.1410000026226043,0.1410000026226043,0.0
2024-01-08,0.1410000026226043,0.1410000026226043,0.1410000026226043,0.1410000026226043,0.0
2024-01-09,0.1299999952316284,0.1299999952316284,0.1299999952316284,0.1299999952316284,148000.0
2024-01-10,0.1299999952316284,0.1299999952316284,0.1299999952316284,0.1299999952316284,0.0
2024-01-11,0.1299999952316284,0.1299999952316284,0.1299999952316284,0.1299999952316284,0.0
2024-01-12,0.1299999952316284,0.1299999952316284,0.1299999952316284,0.1299999952316284,0.0
2024-01-15,0.1299999952316284,0.1299999952316284,0.1299999952316284,0.1299999952316284,0.0
2024-01-16,0.1299999952316284,0.1299999952316284,0.1299999952316284,0.1299999952316284,0.0
2024-01-17,0.1299999952316284,0.1299999952316284,0.1299999952316284,0.1299999952316284,3200.0
2024-01-18,0.1299999952316284,0.1299999952316284,0.1299999952316284,0.1299999952316284,0.0
2024-01-19,0.1299999952316284,0.1299999952316284,0.1299999952316284,0.1299999952316284,0.0
2024-01-22,0.1299999952316284,0.1299999952316284,0.1299999952316284,0.1299999952316284,0.0
2024-01-23,0.1299999952316284,0.1299999952316284,0.1299999952316284,0.1299999952316284,0.0
2024-01-24,0.1299999952316284,0.1299999952316284,0.1299999952316284,0.1299999952316284,0.0
2024-01-25,0.1299999952316284,0.1299999952316284,0.1299999952316284,0.1299999952316284,0.0
2024-01-26,0.1299999952316284,0.1299999952316284,0.1299999952316284,0.1299999952316284,0.0
2024-01-29,0.1299999952316284,0.1299999952316284,0.1299999952316284,0.1299999952316284,0.0
2024-01-30,0.1299999952316284,0.1299999952316284,0.1299999952316284,0.1299999952316284,0.0
2024-01-31,0.1180000007152557,0.1400000005960464,0.1169999986886978,0.1330000013113021,45600.0
2024-02-01,0.1330000013113021,0.1330000013113021,0.1330000013113021,0.1330000013113021,0.0
2024-02-02,0.1330000013113021,0.1330000013113021,0.1330000013113021,0.1330000013113021,0.0
2024-02-05,0.1169999986886978,0.1379999965429306,0.1169999986886978,0.1360000073909759,3300.0
2024-02-06,0.1410000026226043,0.1410000026226043,0.1400000005960464,0.1400000005960464,50500.0
2024-02-07,0.1400000005960464,0.1400000005960464,0.1400000005960464,0.1400000005960464,0.0
2024-02-08,0.1400000005960464,0.1400000005960464,0.1400000005960464,0.1400000005960464,0.0
2024-02-09,0.1209999993443489,0.1400000005960464,0.1209999993443489,0.1309999972581863,24400.0
2024-02-13,0.1309999972581863,0.1309999972581863,0.1309999972581863,0.1309999972581863,29900.0
2024-02-14,0.1299999952316284,0.1319999992847442,0.1299999952316284,0.1319999992847442,3900.0
2024-02-15,0.1319999992847442,0.1319999992847442,0.1319999992847442,0.1319999992847442,10000.0
2024-02-16,0.1319999992847442,0.1319999992847442,0.1319999992847442,0.1319999992847442,7400.0
2024-02-19,0.1319999992847442,0.1319999992847442,0.1319999992847442,0.1319999992847442,12600.0
2024-02-20,0.1319999992847442,0.1319999992847442,0.1319999992847442,0.1319999992847442,0.0
2024-02-21,0.1319999992847442,0.1319999992847442,0.1319999992847442,0.1319999992847442,0.0
2024-02-22,0.1319999992847442,0.1319999992847442,0.1319999992847442,0.1319999992847442,0.0
2024-02-23,0.1330000013113021,0.1330000013113021,0.1330000013113021,0.1330000013113021,38000.0
2024-02-26,0.1330000013113021,0.1330000013113021,0.1330000013113021,0.1330000013113021,0.0
2024-02-27,0.1330000013113021,0.1330000013113021,0.1330000013113021,0.1330000013113021,5400.0
2024-02-28,0.1180000007152557,0.1180000007152557,0.1180000007152557,0.1180000007152557,5800.0
2024-02-29,0.1180000007152557,0.1180000007152557,0.1180000007152557,0.1180000007152557,0.0
2024-03-01,0.1180000007152557,0.1180000007152557,0.1180000007152557,0.1180000007152557,0.0
2024-03-04,0.1299999952316284,0.1299999952316284,0.1289999932050705,0.1299999952316284,43200.0
2024-03-05,0.1299999952316284,0.1299999952316284,0.1299999952316284,0.1299999952316284,0.0
2024-03-06,0.1299999952316284,0.1299999952316284,0.1169999986886978,0.1169999986886978,9000.0
2024-03-07,0.1299999952316284,0.1299999952316284,0.1299999952316284,0.1299999952316284,3000.0
2024-03-08,0.1299999952316284,0.1299999952316284,0.1299999952316284,0.1299999952316284,0.0
2024-03-11,0.1299999952316284,0.1299999952316284,0.1299999952316284,0.1299999952316284,15000.0
2024-03-12,0.1299999952316284,0.1299999952316284,0.1299999952316284,0.1299999952316284,15400.0
2024-03-13,0.1299999952316284,0.1299999952316284,0.1299999952316284,0.1299999952316284,0.0
2024-03-14,0.1299999952316284,0.1299999952316284,0.1299999952316284,0.1299999952316284,50000.0
2024-03-15,0.1299999952316284,0.1299999952316284,0.1299999952316284,0.1299999952316284,0.0
2024-03-18,0.1299999952316284,0.1299999952316284,0.125,0.1299999952316284,15000.0
2024-03-19,0.1299999952316284,0.1299999952316284,0.1299999952316284,0.1299999952316284,0.0
2024-03-20,0.1199999973177909,0.1199999973177909,0.1199999973177909,0.1199999973177909,3000.0
2024-03-21,0.1199999973177909,0.1199999973177909,0.1199999973177909,0.1199999973177909,0.0
2024-03-22,0.1289999932050705,0.1299999952316284,0.1289999932050705,0.1299999952316284,52000.0
2024-03-25,0.1299999952316284,0.1299999952316284,0.1299999952316284,0.1299999952316284,0.0
2024-03-26,0.1299999952316284,0.1299999952316284,0.1299999952316284,0.1299999952316284,0.0
2024-03-27,0.1299999952316284,0.1299999952316284,0.1299999952316284,0.1299999952316284,0.0
2024-03-28,0.1299999952316284,0.1299999952316284,0.1299999952316284,0.1299999952316284,0.0
2024-04-01,0.1299999952316284,0.1299999952316284,0.1299999952316284,0.1299999952316284,0.0
2024-04-02,0.1299999952316284,0.1299999952316284,0.1299999952316284,0.1299999952316284,0.0
2024-04-03,0.1299999952316284,0.1299999952316284,0.1299999952316284,0.1299999952316284,0.0
2024-04-04,0.1260000020265579,0.1260000020265579,0.1260000020265579,0.1260000020265579,50000.0
2024-04-05,0.1260000020265579,0.1260000020265579,0.1260000020265579,0.1260000020265579,0.0
2024-04-08,0.1199999973177909,0.1299999952316284,0.1199999973177909,0.1299999952316284,17100.0
2024-04-09,0.1299999952316284,0.1299999952316284,0.1299999952316284,0.1299999952316284,0.0
2024-04-11,0.1299999952316284,0.1299999952316284,0.1299999952316284,0.1299999952316284,0.0
2024-04-12,0.1299999952316284,0.1299999952316284,0.1299999952316284,0.1299999952316284,0.0
2024-04-15,0.1299999952316284,0.1299999952316284,0.1299999952316284,0.1299999952316284,0.0
2024-04-16,0.1299999952316284,0.1299999952316284,0.1299999952316284,0.1299999952316284,0.0
2024-04-17,0.1299999952316284,0.1299999952316284,0.1299999952316284,0.1299999952316284,0.0
2024-04-18,0.1299999952316284,0.1299999952316284,0.1299999952316284,0.1299999952316284,0.0
2024-04-19,0.1299999952316284,0.1299999952316284,0.1299999952316284,0.1299999952316284,0.0
2024-04-22,0.1299999952316284,0.1299999952316284,0.1299999952316284,0.1299999952316284,0.0
2024-04-23,0.1299999952316284,0.1299999952316284,0.1299999952316284,0.1299999952316284,0.0
2024-04-24,0.1299999952316284,0.1299999952316284,0.1299999952316284,0.1299999952316284,0.0
2024-04-25,0.1299999952316284,0.1299999952316284,0.1299999952316284,0.1299999952316284,0.0
2024-04-26,0.1299999952316284,0.1299999952316284,0.1299999952316284,0.1299999952316284,0.0
2024-04-29,0.1299999952316284,0.1299999952316284,0.1299999952316284,0.1299999952316284,0.0
2024-04-30,0.1299999952316284,0.1299999952316284,0.1299999952316284,0.1299999952316284,0.0
2024-05-02,0.1299999952316284,0.1299999952316284,0.1299999952316284,0.1299999952316284,0.0
2024-05-03,0.1299999952316284,0.1299999952316284,0.1299999952316284,0.1299999952316284,0.0
2024-05-06,0.1299999952316284,0.1299999952316284,0.1299999952316284,0.1299999952316284,0.0
2024-05-07,0.1299999952316284,0.1299999952316284,0.1299999952316284,0.1299999952316284,0.0
2024-05-08,0.1299999952316284,0.1299999952316284,0.1299999952316284,0.1299999952316284,0.0
2024-05-09,0.1299999952316284,0.1299999952316284,0.1299999952316284,0.1299999952316284,0.0
2024-05-10,0.1299999952316284,0.1299999952316284,0.1299999952316284,0.1299999952316284,0.0
2024-05-13,0.1299999952316284,0.1299999952316284,0.1299999952316284,0.1299999952316284,0.0
2024-05-14,0.1299999952316284,0.1299999952316284,0.1299999952316284,0.1299999952316284,0.0
2024-05-15,0.1129999980330467,0.1299999952316284,0.1000000014901161,0.1299999952316284,6100.0
2024-05-16,0.1299999952316284,0.1299999952316284,0.1299999952316284,0.1299999952316284,0.0
2024-05-17,0.1199999973177909,0.1199999973177909,0.1199999973177909,0.1199999973177909,17800.0
2024-05-20,0.1299999952316284,0.1299999952316284,0.1299999952316284,0.1299999952316284,100.0
2024-05-21,0.1299999952316284,0.1299999952316284,0.1299999952316284,0.1299999952316284,0.0
2024-05-23,0.1299999952316284,0.1299999952316284,0.1299999952316284,0.1299999952316284,0.0
2024-05-24,0.1299999952316284,0.1299999952316284,0.1299999952316284,0.1299999952316284,0.0
2024-05-27,0.1299999952316284,0.1299999952316284,0.1299999952316284,0.1299999952316284,0.0
2024-05-28,0.1280000060796737,0.1280000060796737,0.0930000022053718,0.0930000022053718,21500.0
2024-05-29,0.1230000033974647,0.1299999952316284,0.1230000033974647,0.1280000060796737,7300.0
2024-05-30,0.1289999932050705,0.1289999932050705,0.1280000060796737,0.1280000060796737,1700.0
2024-05-31,0.1280000060796737,0.1280000060796737,0.1280000060796737,0.1280000060796737,0.0
2024-06-03,0.1089999973773956,0.1299999952316284,0.1089999973773956,0.1299999952316284,10700.0
2024-06-04,0.1299999952316284,0.1299999952316284,0.1299999952316284,0.1299999952316284,0.0
2024-06-05,0.1299999952316284,0.1299999952316284,0.1299999952316284,0.1299999952316284,0.0
2024-06-06,0.1070000007748603,0.1070000007748603,0.1070000007748603,0.1070000007748603,700.0
2024-06-07,0.1150000020861625,0.1289999932050705,0.1150000020861625,0.1289999932050705,50100.0
2024-06-10,0.1289999932050705,0.1289999932050705,0.1289999932050705,0.1289999932050705,0.0
2024-06-11,0.1070000007748603,0.1070000007748603,0.1059999987483024,0.1059999987483024,10000.0
2024-06-12,0.1280000060796737,0.1280000060796737,0.1280000060796737,0.1280000060796737,100.0
2024-06-13,0.1280000060796737,0.1280000060796737,0.1280000060796737,0.1280000060796737,0.0
2024-06-14,0.1280000060796737,0.1280000060796737,0.1280000060796737,0.1280000060796737,0.0
2024-06-18,0.1049999967217445,0.1270000040531158,0.1000000014901161,0.1000000014901161,15000.0
2024-06-19,0.1000000014901161,0.1000000014901161,0.1000000014901161,0.1000000014901161,1000.0
2024-06-20,0.1000000014901161,0.125,0.0989999994635582,0.1199999973177909,12100.0
2024-06-21,0.123999997973442,0.123999997973442,0.123999997973442,0.123999997973442,100.0
2024-06-24,0.123999997973442,0.123999997973442,0.123999997973442,0.123999997973442,0.0
2024-06-25,0.123999997973442,0.123999997973442,0.123999997973442,0.123999997973442,0.0
2024-06-26,0.1019999980926513,0.1199999973177909,0.1019999980926513,0.1199999973177909,1100.0
2024-06-27,0.1199999973177909,0.1199999973177909,0.1199999973177909,0.1199999973177909,6900.0
2024-06-28,0.1199999973177909,0.1199999973177909,0.1199999973177909,0.1199999973177909,0.0
2024-07-01,0.1199999973177909,0.1199999973177909,0.1199999973177909,0.1199999973177909,0.0
2024-07-02,0.1199999973177909,0.1199999973177909,0.1199999973177909,0.1199999973177909,0.0
2024-07-03,0.1199999973177909,0.1199999973177909,0.1199999973177909,0.1199999973177909,0.0
2024-07-04,0.1199999973177909,0.1199999973177909,0.1199999973177909,0.1199999973177909,0.0
2024-07-05,0.1199999973177909,0.1199999973177909,0.1199999973177909,0.1199999973177909,0.0
2024-07-08,0.123999997973442,0.123999997973442,0.123999997973442,0.123999997973442,100.0
2024-07-09,0.123999997973442,0.123999997973442,0.123999997973442,0.123999997973442,0.0
2024-07-10,0.123999997973442,0.123999997973442,0.123999997973442,0.123999997973442,0.0
2024-07-11,0.123999997973442,0.123999997973442,0.123999997973442,0.123999997973442,0.0
2024-07-12,0.123999997973442,0.123999997973442,0.123999997973442,0.123999997973442,300.0
2024-07-15,0.1230000033974647,0.1299999952316284,0.1230000033974647,0.1299999952316284,200.0
2024-07-16,0.1299999952316284,0.1299999952316284,0.1299999952316284,0.1299999952316284,0.0
2024-07-17,0.1299999952316284,0.1299999952316284,0.1299999952316284,0.1299999952316284,0.0
2024-07-18,0.1019999980926513,0.1289999932050705,0.1000000014901161,0.1289999932050705,7600.0
2024-07-19,0.1289999932050705,0.1289999932050705,0.1289999932050705,0.1289999932050705,0.0
2024-07-22,0.101000003516674,0.1280000060796737,0.101000003516674,0.1040000021457672,10200.0
2024-07-23,0.125,0.125,0.1040000021457672,0.125,10200.0
2024-07-24,0.125,0.125,0.125,0.125,0.0
2024-07-25,0.125,0.125,0.125,0.125,0.0
2024-07-26,0.125,0.125,0.125,0.125,0.0
2024-07-29,0.125,0.125,0.125,0.125,0.0
2024-07-30,0.125,0.125,0.125,0.125,0.0
2024-07-31,0.125,0.125,0.125,0.125,0.0
2024-08-01,0.125,0.125,0.125,0.125,0.0
2024-08-02,0.125,0.125,0.125,0.125,0.0
2024-08-05,0.125,0.125,0.125,0.125,0.0
2024-08-06,0.125,0.125,0.125,0.125,0.0
2024-08-07,0.125,0.125,0.125,0.125,0.0
2024-08-08,0.125,0.125,0.125,0.125,0.0
2024-08-12,0.125,0.125,0.125,0.125,0.0
2024-08-13,0.1190000027418136,0.1199999973177909,0.1190000027418136,0.1199999973177909,10000.0
2024-08-14,0.1099999994039535,0.1099999994039535,0.1099999994039535,0.1099999994039535,1000.0
2024-08-15,0.1099999994039535,0.1099999994039535,0.1099999994039535,0.1099999994039535,0.0
2024-08-16,0.1099999994039535,0.1099999994039535,0.1099999994039535,0.1099999994039535,0.0
2024-08-19,0.1099999994039535,0.1099999994039535,0.1099999994039535,0.1099999994039535,100000.0
2024-08-20,0.1099999994039535,0.1099999994039535,0.1099999994039535,0.1099999994039535,2100.0
2024-08-21,0.1099999994039535,0.1099999994039535,0.1099999994039535,0.1099999994039535,0.0
2024-08-22,0.1099999994039535,0.1099999994039535,0.1099999994039535,0.1099999994039535,0.0
2024-08-23,0.1099999994039535,0.1099999994039535,0.1099999994039535,0.1099999994039535,0.0
2024-08-26,0.1099999994039535,0.1280000060796737,0.1099999994039535,0.1280000060796737,2000.0
2024-08-27,0.1280000060796737,0.1280000060796737,0.1280000060796737,0.1280000060796737,0.0
2024-08-28,0.1280000060796737,0.1280000060796737,0.1280000060796737,0.1280000060796737,0.0
2024-08-29,0.1280000060796737,0.1280000060796737,0.1280000060796737,0.1280000060796737,0.0
2024-08-30,0.1280000060796737,0.1280000060796737,0.1280000060796737,0.1280000060796737,0.0
2024-09-02,0.1280000060796737,0.1280000060796737,0.1280000060796737,0.1280000060796737,100.0
2024-09-03,0.1280000060796737,0.1280000060796737,0.1280000060796737,0.1280000060796737,0.0
2024-09-04,0.1280000060796737,0.1280000060796737,0.1280000060796737,0.1280000060796737,0.0
2024-09-05,0.1280000060796737,0.1280000060796737,0.1280000060796737,0.1280000060796737,0.0
2024-09-06,0.1280000060796737,0.1280000060796737,0.1280000060796737,0.1280000060796737,0.0
2024-09-09,0.1280000060796737,0.1280000060796737,0.1280000060796737,0.1280000060796737,0.0
2024-09-10,0.1000000014901161,0.1000000014901161,0.1000000014901161,0.1000000014901161,10000.0
2024-09-11,0.1150000020861625,0.1150000020861625,0.1150000020861625,0.1150000020861625,9400.0
2024-09-12,0.1150000020861625,0.1150000020861625,0.1150000020861625,0.1150000020861625,0.0
2024-09-13,0.1150000020861625,0.1150000020861625,0.1150000020861625,0.1150000020861625,0.0
2024-09-16,0.1150000020861625,0.1150000020861625,0.1150000020861625,0.1150000020861625,0.0
2024-09-17,0.1280000060796737,0.1280000060796737,0.1280000060796737,0.1280000060796737,4500.0
2024-09-18,0.1280000060796737,0.1280000060796737,0.1280000060796737,0.1280000060796737,0.0
2024-09-19,0.1099999994039535,0.1099999994039535,0.1099999994039535,0.1099999994039535,13000.0
2024-09-20,0.1099999994039535,0.1099999994039535,0.1099999994039535,0.1099999994039535,0.0
2024-09-23,0.1099999994039535,0.1099999994039535,0.1099999994039535,0.1099999994039535,0.0
2024-09-24,0.1019999980926513,0.1019999980926513,0.1019999980926513,0.1019999980926513,25000.0
2024-09-25,0.101000003516674,0.101000003516674,0.101000003516674,0.101000003516674,50000.0
2024-09-26,0.101000003516674,0.101000003516674,0.101000003516674,0.101000003516674,0.0
2024-09-27,0.1019999980926513,0.1019999980926513,0.0989999994635582,0.1019999980926513,103900.0
2024-09-30,0.1280000060796737,0.1280000060796737,0.1230000033974647,0.1230000033974647,14100.0
2024-10-01,0.1230000033974647,0.1230000033974647,0.1230000033974647,0.1230000033974647,0.0
2024-10-02,0.0939999967813491,0.1199999973177909,0.0939999967813491,0.1199999973177909,3000.0
2024-10-03,0.1199999973177909,0.1199999973177909,0.1199999973177909,0.1199999973177909,0.0
2024-10-04,0.1199999973177909,0.1199999973177909,0.1199999973177909,0.1199999973177909,0.0
2024-10-07,0.1199999973177909,0.1199999973177909,0.1199999973177909,0.1199999973177909,0.0
2024-10-08,0.1199999973177909,0.1220000013709068,0.1199999973177909,0.1220000013709068,3400.0
2024-10-09,0.1220000013709068,0.1220000013709068,0.1220000013709068,0.1220000013709068,0.0
2024-10-10,0.0939999967813491,0.1220000013709068,0.0939999967813491,0.1220000013709068,9900.0
2024-10-11,0.1220000013709068,0.1220000013709068,0.1220000013709068,0.1220000013709068,0.0
2024-10-14,0.1220000013709068,0.1220000013709068,0.1199999973177909,0.1199999973177909,72000.0
2024-10-15,0.1220000013709068,0.1220000013709068,0.1220000013709068,0.1220000013709068,100.0
2024-10-16,0.1299999952316284,0.1299999952316284,0.125,0.125,15700.0
2024-10-17,0.125,0.125,0.125,0.125,0.0
2024-10-18,0.1289999932050705,0.1469999998807907,0.1289999932050705,0.1469999998807907,9000.0
2024-10-21,0.1469999998807907,0.1469999998807907,0.1469999998807907,0.1469999998807907,0.0
2024-10-22,0.1469999998807907,0.1469999998807907,0.1469999998807907,0.1469999998807907,0.0
2024-10-23,0.1469999998807907,0.1469999998807907,0.1469999998807907,0.1469999998807907,0.0
2024-10-24,0.1469999998807907,0.1469999998807907,0.1469999998807907,0.1469999998807907,0.0
2024-10-25,0.1469999998807907,0.1469999998807907,0.1469999998807907,0.1469999998807907,0.0
2024-10-28,0.1469999998807907,0.1469999998807907,0.1469999998807907,0.1469999998807907,0.0
2024-10-29,0.1469999998807907,0.1469999998807907,0.1469999998807907,0.1469999998807907,0.0
2024-10-30,0.1469999998807907,0.1469999998807907,0.1469999998807907,0.1469999998807907,0.0
2024-11-01,0.1469999998807907,0.1469999998807907,0.1469999998807907,0.1469999998807907,0.0
2024-11-04,0.1469999998807907,0.1469999998807907,0.1469999998807907,0.1469999998807907,0.0
2024-11-05,0.1469999998807907,0.1469999998807907,0.1469999998807907,0.1469999998807907,0.0
2024-11-06,0.1469999998807907,0.1469999998807907,0.1469999998807907,0.1469999998807907,0.0
2024-11-07,0.1469999998807907,0.1469999998807907,0.1469999998807907,0.1469999998807907,0.0
2024-11-08,0.1469999998807907,0.1469999998807907,0.1469999998807907,0.1469999998807907,0.0
2024-11-11,0.1469999998807907,0.1469999998807907,0.1469999998807907,0.1469999998807907,0.0
2024-11-12,0.1469999998807907,0.1469999998807907,0.1469999998807907,0.1469999998807907,0.0
2024-11-13,0.1469999998807907,0.1469999998807907,0.1469999998807907,0.1469999998807907,0.0
2024-11-14,0.1469999998807907,0.1469999998807907,0.1469999998807907,0.1469999998807907,0.0
2024-11-15,0.1469999998807907,0.1469999998807907,0.1469999998807907,0.1469999998807907,0.0
2024-11-18,0.1469999998807907,0.1469999998807907,0.1469999998807907,0.1469999998807907,0.0
2024-11-19,0.1469999998807907,0.1469999998807907,0.1469999998807907,0.1469999998807907,0.0
2024-11-20,0.1469999998807907,0.1469999998807907,0.1469999998807907,0.1469999998807907,0.0
2024-11-21,0.1469999998807907,0.1469999998807907,0.1469999998807907,0.1469999998807907,0.0
2024-11-22,0.1469999998807907,0.1469999998807907,0.1469999998807907,0.1469999998807907,0.0
2024-11-25,0.1469999998807907,0.1469999998807907,0.1469999998807907,0.1469999998807907,0.0
2024-11-26,0.1469999998807907,0.1469999998807907,0.1469999998807907,0.1469999998807907,0.0
2024-11-27,0.1469999998807907,0.1469999998807907,0.1469999998807907,0.1469999998807907,0.0
2024-11-28,0.1469999998807907,0.1469999998807907,0.1469999998807907,0.1469999998807907,0.0
2024-11-29,0.1469999998807907,0.1469999998807907,0.1469999998807907,0.1469999998807907,0.0
2024-12-02,0.1469999998807907,0.1469999998807907,0.1469999998807907,0.1469999998807907,0.0
2024-12-03,0.1469999998807907,0.1469999998807907,0.1469999998807907,0.1469999998807907,0.0
2024-12-04,0.1430000066757202,0.1430000066757202,0.1430000066757202,0.1430000066757202,100.0
2024-12-05,0.1430000066757202,0.1430000066757202,0.1430000066757202,0.1430000066757202,0.0
2024-12-06,0.1430000066757202,0.1430000066757202,0.1430000066757202,0.1430000066757202,0.0
2024-12-09,0.1430000066757202,0.1430000066757202,0.1430000066757202,0.1430000066757202,0.0
2024-12-10,0.1430000066757202,0.1430000066757202,0.1430000066757202,0.1430000066757202,0.0
2024-12-11,0.1430000066757202,0.1430000066757202,0.1430000066757202,0.1430000066757202,0.0
2024-12-12,0.1430000066757202,0.1430000066757202,0.1430000066757202,0.1430000066757202,0.0
2024-12-13,0.1430000066757202,0.1430000066757202,0.1430000066757202,0.1430000066757202,0.0
2024-12-16,0.1430000066757202,0.1430000066757202,0.1430000066757202,0.1430000066757202,0.0
2024-12-17,0.1430000066757202,0.1430000066757202,0.1430000066757202,0.1430000066757202,0.0
2024-12-18,0.1430000066757202,0.1430000066757202,0.1430000066757202,0.1430000066757202,0.0
2024-12-19,0.1430000066757202,0.1430000066757202,0.1430000066757202,0.1430000066757202,0.0
2024-12-20,0.1430000066757202,0.1430000066757202,0.1430000066757202,0.1430000066757202,0.0
2024-12-23,0.1430000066757202,0.1430000066757202,0.1430000066757202,0.1430000066757202,0.0
2024-12-24,0.1430000066757202,0.1430000066757202,0.1430000066757202,0.1430000066757202,0.0
2024-12-26,0.1430000066757202,0.1430000066757202,0.1430000066757202,0.1430000066757202,0.0
2024-12-27,0.1430000066757202,0.1430000066757202,0.1430000066757202,0.1430000066757202,0.0
2024-12-30,0.1430000066757202,0.1430000066757202,0.1430000066757202,0.1430000066757202,0.0
2024-12-31,0.1430000066757202,0.1430000066757202,0.1430000066757202,0.1430000066757202,0.0
2025-01-02,0.1430000066757202,0.1430000066757202,0.1430000066757202,0.1430000066757202,0.0
2025-01-03,0.1430000066757202,0.1430000066757202,0.1430000066757202,0.1430000066757202,0.0
2025-01-06,0.1430000066757202,0.1430000066757202,0.1430000066757202,0.1430000066757202,0.0
2025-01-07,0.1430000066757202,0.1430000066757202,0.1430000066757202,0.1430000066757202,0.0
2025-01-08,0.1430000066757202,0.1430000066757202,0.1430000066757202,0.1430000066757202,0.0
2025-01-09,0.1129999980330467,0.1430000066757202,0.0850000008940696,0.1430000066757202,23500.0
2025-01-10,0.1430000066757202,0.1430000066757202,0.1430000066757202,0.1430000066757202,0.0
2025-01-13,0.1430000066757202,0.1430000066757202,0.1430000066757202,0.1430000066757202,0.0
2025-01-14,0.1430000066757202,0.1430000066757202,0.1430000066757202,0.1430000066757202,0.0
2025-01-15,0.1430000066757202,0.1430000066757202,0.1430000066757202,0.1430000066757202,0.0
2025-01-16,0.1129999980330467,0.1129999980330467,0.0799999982118606,0.1070000007748603,77100.0
2025-01-17,0.090999998152256,0.1080000028014183,0.090999998152256,0.1080000028014183,36000.0
2025-01-20,0.0930000022053718,0.1369999945163726,0.0930000022053718,0.1369999945163726,3100.0
2025-01-21,0.1369999945163726,0.1369999945163726,0.1369999945163726,0.1369999945163726,0.0
2025-01-22,0.1369999945163726,0.1369999945163726,0.1369999945163726,0.1369999945163726,0.0
2025-01-23,0.1369999945163726,0.1369999945163726,0.1369999945163726,0.1369999945163726,0.0
2025-01-24,0.1330000013113021,0.1330000013113021,0.0920000001788139,0.0920000001788139,200.0
2025-01-27,0.0970000028610229,0.1260000020265579,0.096000000834465,0.1099999994039535,34600.0
2025-01-28,0.1099999994039535,0.1099999994039535,0.1099999994039535,0.1099999994039535,0.0
2025-01-31,0.1099999994039535,0.1099999994039535,0.1099999994039535,0.1099999994039535,0.0
2025-02-03,0.1099999994039535,0.1099999994039535,0.1099999994039535,0.1099999994039535,0.0
2025-02-04,0.1099999994039535,0.1099999994039535,0.1099999994039535,0.1099999994039535,0.0
2025-02-05,0.1099999994039535,0.1099999994039535,0.1099999994039535,0.1099999994039535,0.0
2025-02-06,0.1379999965429306,0.1379999965429306,0.0920000001788139,0.1019999980926513,400.0
2025-02-07,0.1019999980926513,0.1019999980926513,0.1019999980926513,0.1019999980926513,0.0
2025-02-10,0.1019999980926513,0.1019999980926513,0.1019999980926513,0.1019999980926513,0.0
2025-02-11,0.1019999980926513,0.1019999980926513,0.1019999980926513,0.1019999980926513,0.0
2025-02-12,0.1019999980926513,0.1019999980926513,0.1019999980926513,0.1019999980926513,0.0
2025-02-13,0.1289999932050705,0.1289999932050705,0.1289999932050705,0.1289999932050705,20000.0
2025-02-14,0.1209999993443489,0.1209999993443489,0.1099999994039535,0.1099999994039535,29200.0
2025-02-17,0.090999998152256,0.1389999985694885,0.090999998152256,0.1389999985694885,50100.0
2025-02-18,0.1389999985694885,0.1389999985694885,0.1389999985694885,0.1389999985694885,0.0
2025-02-19,0.1389999985694885,0.1389999985694885,0.1389999985694885,0.1389999985694885,0.0
2025-02-20,0.1389999985694885,0.1389999985694885,0.1389999985694885,0.1389999985694885,0.0
2025-02-21,0.1389999985694885,0.1389999985694885,0.1389999985694885,0.1389999985694885,0.0
2025-02-24,0.1389999985694885,0.1389999985694885,0.1389999985694885,0.1389999985694885,0.0
2025-02-25,0.1389999985694885,0.1389999985694885,0.1389999985694885,0.1389999985694885,0.0
2025-02-26,0.1389999985694885,0.1389999985694885,0.1389999985694885,0.1389999985694885,0.0
2025-02-27,0.1389999985694885,0.1389999985694885,0.1389999985694885,0.1389999985694885,0.0
2025-02-28,0.1389999985694885,0.1389999985694885,0.1389999985694885,0.1389999985694885,0.0
2025-03-03,0.1389999985694885,0.1389999985694885,0.1389999985694885,0.1389999985694885,0.0
2025-03-04,0.1389999985694885,0.1389999985694885,0.1389999985694885,0.1389999985694885,0.0
2025-03-05,0.1379999965429306,0.1379999965429306,0.0820000022649765,0.0829999968409538,1200.0
2025-03-06,0.1129999980330467,0.1289999932050705,0.090999998152256,0.0989999994635582,41300.0
2025-03-07,0.1289999932050705,0.1379999965429306,0.0900000035762786,0.0920000001788139,5400.0
2025-03-10,0.1089999973773956,0.1099999994039535,0.0949999988079071,0.0949999988079071,10100.0
2025-03-11,0.0949999988079071,0.0949999988079071,0.0949999988079071,0.0949999988079071,0.0
2025-03-12,0.125,0.125,0.125,0.125,10000.0
2025-03-13,0.101000003516674,0.125,0.101000003516674,0.125,11100.0
2025-03-14,0.125,0.125,0.125,0.125,0.0
2025-03-17,0.1040000021457672,0.125,0.1040000021457672,0.1230000033974647,27200.0
2025-03-18,0.1230000033974647,0.1230000033974647,0.1230000033974647,0.1230000033974647,0.0
2025-03-19,0.1230000033974647,0.1230000033974647,0.1230000033974647,0.1230000033974647,0.0
2025-03-20,0.1230000033974647,0.1230000033974647,0.1230000033974647,0.1230000033974647,0.0
2025-03-21,0.1230000033974647,0.1230000033974647,0.1230000033974647,0.1230000033974647,0.0
2025-03-24,0.1230000033974647,0.1230000033974647,0.1230000033974647,0.1230000033974647,0.0
2025-03-25,0.1230000033974647,0.1230000033974647,0.1230000033974647,0.1230000033974647,0.0
2025-03-26,0.1030000001192092,0.1209999993443489,0.1030000001192092,0.1030000001192092,37700.0
2025-03-27,0.1040000021457672,0.1040000021457672,0.1040000021457672,0.1040000021457672,3000.0
2025-03-28,0.1059999987483024,0.1220000013709068,0.101000003516674,0.1220000013709068,92000.0
2025-04-01,0.1220000013709068,0.1220000013709068,0.1220000013709068,0.1220000013709068,0.0
2025-04-02,0.1220000013709068,0.1220000013709068,0.1220000013709068,0.1220000013709068,0.0
2025-04-03,0.1220000013709068,0.1220000013709068,0.1220000013709068,0.1220000013709068,0.0
2025-04-04,0.1220000013709068,0.1220000013709068,0.1220000013709068,0.1220000013709068,0.0
2025-04-07,0.1019999980926513,0.1019999980926513,0.1000000014901161,0.1000000014901161,2000.0
2025-04-08,0.1000000014901161,0.1000000014901161,0.1000000014901161,0.1000000014901161,0.0
2025-04-09,0.1000000014901161,0.1000000014901161,0.1000000014901161,0.1000000014901161,0.0
2025-04-10,0.1099999994039535,0.1190000027418136,0.1099999994039535,0.1190000027418136,10000.0
2025-04-11,0.1190000027418136,0.1190000027418136,0.1190000027418136,0.1190000027418136,0.0
2025-04-14,0.1190000027418136,0.1190000027418136,0.1190000027418136,0.1190000027418136,0.0
2025-04-15,0.1199999973177909,0.1199999973177909,0.0949999988079071,0.1099999994039535,98900.0
2025-04-16,0.1099999994039535,0.1099999994039535,0.1099999994039535,0.1099999994039535,0.0
2025-04-17,0.1000000014901161,0.1000000014901161,0.1000000014901161,0.1000000014901161,48800.0
2025-04-21,0.1000000014901161,0.1000000014901161,0.1000000014901161,0.1000000014901161,0.0
2025-04-22,0.1099999994039535,0.1209999993443489,0.1099999994039535,0.1209999993443489,31000.0
2025-04-23,0.1199999973177909,0.1400000005960464,0.1199999973177909,0.135000005364418,116300.0
2025-04-24,0.135000005364418,0.135000005364418,0.135000005364418,0.135000005364418,0.0
2025-04-25,0.135000005364418,0.135000005364418,0.135000005364418,0.135000005364418,0.0
2025-04-28,0.135000005364418,0.135000005364418,0.135000005364418,0.135000005364418,0.0
2025-04-29,0.1070000007748603,0.135000005364418,0.1070000007748603,0.135000005364418,5200.0
2025-04-30,0.135000005364418,0.135000005364418,0.135000005364418,0.135000005364418,0.0
2025-05-02,0.135000005364418,0.135000005364418,0.135000005364418,0.135000005364418,0.0
2025-05-05,0.135000005364418,0.135000005364418,0.135000005364418,0.135000005364418,0.0
2025-05-06,0.135000005364418,0.135000005364418,0.135000005364418,0.135000005364418,0.0
2025-05-07,0.135000005364418,0.135000005364418,0.1099999994039535,0.1099999994039535,4000.0
2025-05-08,0.1099999994039535,0.1099999994039535,0.1099999994039535,0.1099999994039535,0.0
2025-05-09,0.1099999994039535,0.1199999973177909,0.1049999967217445,0.1070000007748603,39200.0
2025-05-13,0.1070000007748603,0.1099999994039535,0.1040000021457672,0.1040000021457672,20800.0
2025-05-14,0.1049999967217445,0.1150000020861625,0.101000003516674,0.1049999967217445,60800.0
2025-05-15,0.1049999967217445,0.1049999967217445,0.1049999967217445,0.1049999967217445,0.0
2025-05-16,0.1049999967217445,0.1049999967217445,0.1049999967217445,0.1049999967217445,0.0
2025-05-19,0.1049999967217445,0.1099999994039535,0.1040000021457672,0.1099999994039535,30100.0
2025-05-20,0.1099999994039535,0.1099999994039535,0.1099999994039535,0.1099999994039535,0.0
2025-05-21,0.1099999994039535,0.1099999994039535,0.1099999994039535,0.1099999994039535,2300.0
2025-05-22,0.1099999994039535,0.1099999994039535,0.1099999994039535,0.1099999994039535,5000.0
2025-05-23,0.1099999994039535,0.1099999994039535,0.1099999994039535,0.1099999994039535,0.0
2025-05-26,0.1099999994039535,0.1099999994039535,0.1099999994039535,0.1099999994039535,0.0
2025-05-27,0.1099999994039535,0.1099999994039535,0.1099999994039535,0.1099999994039535,0.0
2025-05-28,0.1099999994039535,0.1099999994039535,0.1099999994039535,0.1099999994039535,0.0
2025-05-29,0.1089999973773956,0.1099999994039535,0.1089999973773956,0.1099999994039535,9200.0
2025-05-30,0.1040000021457672,0.1040000021457672,0.1000000014901161,0.1000000014901161,30000.0
2025-06-02,0.1000000014901161,0.1000000014901161,0.1000000014901161,0.1000000014901161,0.0
2025-06-03,0.1129999980330467,0.1129999980330467,0.1129999980330467,0.1129999980330467,400.0
2025-06-04,0.1129999980330467,0.1129999980330467,0.1129999980330467,0.1129999980330467,0.0
2025-06-05,0.1129999980330467,0.1129999980330467,0.1129999980330467,0.1129999980330467,0.0
2025-06-06,0.1129999980330467,0.1129999980330467,0.1129999980330467,0.1129999980330467,0.0
2025-06-09,0.1120000034570694,0.1120000034570694,0.1120000034570694,0.1120000034570694,8000.0
2025-06-10,0.1099999994039535,0.1190000027418136,0.101000003516674,0.101000003516674,72900.0
2025-06-11,0.1099999994039535,0.1199999973177909,0.1099999994039535,0.1199999973177909,26400.0
2025-06-12,0.1099999994039535,0.1099999994039535,0.1099999994039535,0.1099999994039535,10000.0
2025-06-13,0.1099999994039535,0.1099999994039535,0.1099999994039535,0.1099999994039535,0.0
2025-06-16,0.1099999994039535,0.1099999994039535,0.1099999994039535,0.1099999994039535,0.0
2025-06-17,0.1019999980926513,0.1140000000596046,0.101000003516674,0.1140000000596046,30100.0
2025-06-18,0.1099999994039535,0.1150000020861625,0.1030000001192092,0.1030000001192092,5600.0
2025-06-19,0.1120000034570694,0.1159999966621398,0.1120000034570694,0.1159999966621398,10000.0
2025-06-20,0.1159999966621398,0.1159999966621398,0.1159999966621398,0.1159999966621398,0.0
2025-06-23,0.1159999966621398,0.1159999966621398,0.1159999966621398,0.1159999966621398,0.0
2025-06-24,0.1159999966621398,0.1159999966621398,0.1159999966621398,0.1159999966621398,0.0
2025-06-25,0.1159999966621398,0.1159999966621398,0.1159999966621398,0.1159999966621398,0.0
2025-06-26,0.1099999994039535,0.1099999994039535,0.1099999994039535,0.1099999994039535,10000.0
2025-06-27,0.1099999994039535,0.1099999994039535,0.1099999994039535,0.1099999994039535,0.0
2025-06-30,0.1099999994039535,0.1150000020861625,0.1059999987483024,0.1059999987483024,20100.0
2025-07-01,0.1059999987483024,0.1059999987483024,0.1059999987483024,0.1059999987483024,0.0
2025-07-02,0.1140000000596046,0.1140000000596046,0.1140000000596046,0.1140000000596046,15000.0
2025-07-03,0.1140000000596046,0.1140000000596046,0.1140000000596046,0.1140000000596046,0.0
2025-07-04,0.1040000021457672,0.1040000021457672,0.101000003516674,0.101000003516674,20000.0
2025-07-07,0.101000003516674,0.1150000020861625,0.1000000014901161,0.1150000020861625,218500.0
2025-07-08,0.1099999994039535,0.1169999986886978,0.101000003516674,0.1169999986886978,20700.0
2025-07-09,0.1169999986886978,0.1169999986886978,0.1169999986886978,0.1169999986886978,0.0
2025-07-10,0.101000003516674,0.101000003516674,0.101000003516674,0.101000003516674,100.0
2025-07-11,0.1099999994039535,0.1099999994039535,0.1099999994039535,0.1099999994039535,1000.0
2025-07-14,0.1099999994039535,0.1099999994039535,0.1099999994039535,0.1099999994039535,4700.0
2025-07-15,0.1099999994039535,0.1099999994039535,0.1099999994039535,0.1099999994039535,5600.0
2025-07-16,0.1099999994039535,0.1099999994039535,0.1099999994039535,0.1099999994039535,0.0
2025-07-17,0.1099999994039535,0.1099999994039535,0.1099999994039535,0.1099999994039535,0.0
2025-07-18,0.1099999994039535,0.1099999994039535,0.1099999994039535,0.1099999994039535,0.0
2025-07-21,0.1089999973773956,0.1099999994039535,0.1089999973773956,0.1099999994039535,11500.0
2025-07-22,0.1019999980926513,0.1180000007152557,0.101000003516674,0.1180000007152557,20200.0
2025-07-23,0.1180000007152557,0.1180000007152557,0.1180000007152557,0.1180000007152557,0.0
2025-07-24,0.1180000007152557,0.1180000007152557,0.1180000007152557,0.1180000007152557,0.0
2025-07-25,0.1180000007152557,0.1180000007152557,0.1180000007152557,0.1180000007152557,0.0
2025-07-28,0.1180000007152557,0.1180000007152557,0.1180000007152557,0.1180000007152557,0.0
2025-07-29,0.1180000007152557,0.1180000007152557,0.1180000007152557,0.1180000007152557,0.0
2025-07-30,0.1180000007152557,0.1180000007152557,0.1180000007152557,0.1180000007152557,0.0
2025-07-31,0.1180000007152557,0.1180000007152557,0.1180000007152557,0.1180000007152557,0.0
2025-08-01,0.1099999994039535,0.1099999994039535,0.1099999994039535,0.1099999994039535,5300.0
2025-08-04,0.1099999994039535,0.1099999994039535,0.1099999994039535,0.1099999994039535,0.0
2025-08-05,0.1099999994039535,0.1099999994039535,0.1099999994039535,0.1099999994039535,0.0
2025-08-06,0.1099999994039535,0.1099999994039535,0.1099999994039535,0.1099999994039535,0.0
2025-08-07,0.1099999994039535,0.1099999994039535,0.1099999994039535,0.1099999994039535,0.0
2025-08-08,0.1099999994039535,0.1099999994039535,0.1099999994039535,0.1099999994039535,0.0
2025-08-11,0.1099999994039535,0.1099999994039535,0.1099999994039535,0.1099999994039535,0.0
2025-08-12,0.1099999994039535,0.1099999994039535,0.1099999994039535,0.1099999994039535,12300.0
2025-08-13,0.1099999994039535,0.1099999994039535,0.1099999994039535,0.1099999994039535,0.0
2025-08-14,0.1099999994039535,0.1099999994039535,0.1099999994039535,0.1099999994039535,0.0
2025-08-15,0.1019999980926513,0.1019999980926513,0.1019999980926513,0.1019999980926513,5000.0
2025-08-18,0.1049999967217445,0.1099999994039535,0.1049999967217445,0.1099999994039535,14800.0
2025-08-19,0.1099999994039535,0.1099999994039535,0.1099999994039535,0.1099999994039535,200.0
2025-08-20,0.1040000021457672,0.1040000021457672,0.1019999980926513,0.1019999980926513,17700.0
2025-08-21,0.1030000001192092,0.1030000001192092,0.1019999980926513,0.1019999980926513,45000.0
2025-08-22,0.1019999980926513,0.1019999980926513,0.1019999980926513,0.1019999980926513,0.0
2025-08-25,0.1019999980926513,0.1019999980926513,0.1019999980926513,0.1019999980926513,0.0
2025-08-26,0.1019999980926513,0.1019999980926513,0.1019999980926513,0.1019999980926513,0.0
2025-08-27,0.1019999980926513,0.1019999980926513,0.1019999980926513,0.1019999980926513,0.0
2025-08-28,0.1019999980926513,0.1019999980926513,0.1019999980926513,0.1019999980926513,0.0
2025-08-29,0.1019999980926513,0.1030000001192092,0.101000003516674,0.1019999980926513,48900.0
2025-09-01,0.101000003516674,0.1019999980926513,0.1000000014901161,0.101000003516674,70700.0
2025-09-02,0.1030000001192092,0.1030000001192092,0.101000003516674,0.101000003516674,40000.0
2025-09-03,0.101000003516674,0.101000003516674,0.101000003516674,0.101000003516674,0.0
2025-09-04,0.101000003516674,0.101000003516674,0.101000003516674,0.101000003516674,0.0
2025-09-05,0.1019999980926513,0.1019999980926513,0.1019999980926513,0.1019999980926513,6000.0
2025-09-08,0.1030000001192092,0.1070000007748603,0.1030000001192092,0.1070000007748603,26000.0
2025-09-09,0.1070000007748603,0.1089999973773956,0.1070000007748603,0.1070000007748603,62000.0
2025-09-10,0.1059999987483024,0.1059999987483024,0.1059999987483024,0.1059999987483024,24900.0
2025-09-11,0.1040000021457672,0.1040000021457672,0.1040000021457672,0.1040000021457672,14900.0
2025-09-12,0.1059999987483024,0.1059999987483024,0.1059999987483024,0.1059999987483024,55500.0
2025-09-15,0.1040000021457672,0.1140000000596046,0.1040000021457672,0.1140000000596046,13000.0
2025-09-16,0.1140000000596046,0.1140000000596046,0.1140000000596046,0.1140000000596046,0.0
2025-09-17,0.1099999994039535,0.1099999994039535,0.1019999980926513,0.1019999980926513,130000.0
2025-09-18,0.1019999980926513,0.1019999980926513,0.1019999980926513,0.1019999980926513,0.0
2025-09-19,0.1019999980926513,0.1019999980926513,0.1019999980926513,0.1019999980926513,0.0
2025-09-22,0.1030000001192092,0.1030000001192092,0.1030000001192092,0.1030000001192092,50000.0
2025-09-23,0.1059999987483024,0.1059999987483024,0.1059999987483024,0.1059999987483024,5000.0
2025-09-24,0.1059999987483024,0.1059999987483024,0.1059999987483024,0.1059999987483024,0.0
2025-09-25,0.1129999980330467,0.1140000000596046,0.1129999980330467,0.1140000000596046,31000.0
2025-09-26,0.1140000000596046,0.1140000000596046,0.1140000000596046,0.1140000000596046,0.0
2025-09-29,0.1140000000596046,0.1140000000596046,0.1140000000596046,0.1140000000596046,0.0
2025-09-30,0.101000003516674,0.1019999980926513,0.101000003516674,0.1019999980926513,122000.0
2025-10-01,0.1019999980926513,0.1019999980926513,0.1019999980926513,0.1019999980926513,0.0
2025-10-02,0.1019999980926513,0.1019999980926513,0.1019999980926513,0.1019999980926513,0.0
2025-10-03,0.1040000021457672,0.1040000021457672,0.1030000001192092,0.1040000021457672,119100.0
2025-10-06,0.1040000021457672,0.1049999967217445,0.1019999980926513,0.1049999967217445,113600.0
2025-10-07,0.1049999967217445,0.1059999987483024,0.1019999980926513,0.1019999980926513,323500.0
2025-10-08,0.101000003516674,0.1019999980926513,0.101000003516674,0.1019999980926513,182000.0
2025-10-09,0.1019999980926513,0.1019999980926513,0.101000003516674,0.101000003516674,86000.0
2025-10-10,0.101000003516674,0.101000003516674,0.101000003516674,0.101000003516674,9000.0
2025-10-13,0.1030000001192092,0.1030000001192092,0.101000003516674,0.1019999980926513,485200.0
2025-10-14,0.1019999980926513,0.1019999980926513,0.1000000014901161,0.1000000014901161,110000.0
2025-10-15,0.1000000014901161,0.1000000014901161,0.1000000014901161,0.1000000014901161,51000.0
2025-10-16,0.1000000014901161,0.1000000014901161,0.1000000014901161,0.1000000014901161,0.0
2025-10-17,0.1000000014901161,0.1000000014901161,0.1000000014901161,0.1000000014901161,5000.0
2025-10-21,0.1000000014901161,0.1000000014901161,0.1000000014901161,0.1000000014901161,0.0
2025-10-22,0.1000000014901161,0.1000000014901161,0.1000000014901161,0.1000000014901161,0.0
2025-10-23,0.1000000014901161,0.1000000014901161,0.1000000014901161,0.1000000014901161,0.0
2025-10-24,0.1000000014901161,0.1000000014901161,0.1000000014901161,0.1000000014901161,0.0
2025-10-27,0.1000000014901161,0.1150000020861625,0.1000000014901161,0.1150000020861625,101800.0
2025-10-28,0.1150000020861625,0.1150000020861625,0.1150000020861625,0.1150000020861625,0.0
2025-10-29,0.1150000020861625,0.1150000020861625,0.1150000020861625,0.1150000020861625,0.0
2025-10-30,0.1140000000596046,0.1340000033378601,0.1140000000596046,0.1340000033378601,75000.0
2025-10-31,0.1340000033378601,0.1340000033378601,0.1340000033378601,0.1340000033378601,0.0
2025-11-03,0.1340000033378601,0.1340000033378601,0.1340000033378601,0.1340000033378601,0.0
2025-11-04,0.1340000033378601,0.1340000033378601,0.1340000033378601,0.1340000033378601,0.0
2025-11-05,0.1340000033378601,0.1340000033378601,0.1340000033378601,0.1340000033378601,0.0
2025-11-06,0.1340000033378601,0.1340000033378601,0.1340000033378601,0.1340000033378601,0.0
2025-11-07,0.1340000033378601,0.1340000033378601,0.1340000033378601,0.1340000033378601,0.0
2025-11-10,0.1199999973177909,0.1199999973177909,0.1199999973177909,0.1199999973177909,100000.0
2025-11-11,0.1150000020861625,0.1150000020861625,0.101000003516674,0.1059999987483024,385300.0
2025-11-12,0.1059999987483024,0.1080000028014183,0.101000003516674,0.1080000028014183,35900.0
2025-11-13,0.101000003516674,0.101000003516674,0.0979999974370002,0.1000000014901161,285700.0
2025-11-14,0.1000000014901161,0.1000000014901161,0.1000000014901161,0.1000000014901161,0.0
2025-11-17,0.1000000014901161,0.1000000014901161,0.1000000014901161,0.1000000014901161,0.0
2025-11-18,0.1049999967217445,0.1099999994039535,0.1040000021457672,0.1049999967217445,416400.0
2025-11-19,0.1070000007748603,0.1099999994039535,0.1070000007748603,0.1080000028014183,508700.0
2025-11-20,0.1089999973773956,0.1099999994039535,0.1089999973773956,0.1099999994039535,450000.0
2025-11-21,0.1099999994039535,0.1099999994039535,0.1099999994039535,0.1099999994039535,0.0
2025-11-24,0.1180000007152557,0.1180000007152557,0.1180000007152557,0.1180000007152557,14700.0
2025-11-25,0.1169999986886978,0.1220000013709068,0.1169999986886978,0.1220000013709068,133200.0
2025-11-26,0.1199999973177909,0.1199999973177909,0.1199999973177909,0.1199999973177909,148000.0
2025-11-27,0.1199999973177909,0.1199999973177909,0.1199999973177909,0.1199999973177909,85200.0
2025-11-28,0.1220000013709068,0.1220000013709068,0.1220000013709068,0.1220000013709068,24800.0
2025-12-01,0.1220000013709068,0.1220000013709068,0.1220000013709068,0.1220000013709068,0.0
2025-12-02,0.1220000013709068,0.1220000013709068,0.1220000013709068,0.1220000013709068,0.0
2025-12-03,0.1220000013709068,0.1220000013709068,0.1220000013709068,0.1220000013709068,0.0
2025-12-04,0.1220000013709068,0.1220000013709068,0.1220000013709068,0.1220000013709068,30000.0
2025-12-05,0.1220000013709068,0.1220000013709068,0.1220000013709068,0.1220000013709068,0.0
2025-12-08,0.1220000013709068,0.1220000013709068,0.1220000013709068,0.1220000013709068,0.0
2025-12-09,0.1220000013709068,0.1220000013709068,0.1220000013709068,0.1220000013709068,0.0
2025-12-10,0.1220000013709068,0.1220000013709068,0.1220000013709068,0.1220000013709068,0.0
2025-12-11,0.1220000013709068,0.1220000013709068,0.1220000013709068,0.1220000013709068,0.0
2025-12-12,0.1220000013709068,0.1220000013709068,0.1220000013709068,0.1220000013709068,0.0
2025-12-15,0.1220000013709068,0.1220000013709068,0.1220000013709068,0.1220000013709068,0.0
2025-12-16,0.1220000013709068,0.1220000013709068,0.1099999994039535,0.1099999994039535,5100.0
2025-12-17,0.1099999994039535,0.1099999994039535,0.1099999994039535,0.1099999994039535,1000.0
2025-12-18,0.1040000021457672,0.1199999973177909,0.1040000021457672,0.1199999973177909,14300.0
2025-12-19,0.1199999973177909,0.1199999973177909,0.1199999973177909,0.1199999973177909,19900.0
2025-12-22,0.1199999973177909,0.1199999973177909,0.1199999973177909,0.1199999973177909,0.0
2025-12-23,0.1199999973177909,0.1199999973177909,0.1199999973177909,0.1199999973177909,0.0
2025-12-24,0.1199999973177909,0.1199999973177909,0.1199999973177909,0.1199999973177909,0.0
2025-12-26,0.1199999973177909,0.1199999973177909,0.1199999973177909,0.1199999973177909,0.0
2025-12-29,0.1199999973177909,0.1199999973177909,0.1199999973177909,0.1199999973177909,5000.0
2025-12-30,0.1199999973177909,0.1199999973177909,0.1199999973177909,0.1199999973177909,18000.0
2025-12-31,0.1199999973177909,0.1199999973177909,0.1199999973177909,0.1199999973177909,0.0
2026-01-02,0.1199999973177909,0.1199999973177909,0.1199999973177909,0.1199999973177909,0.0
2026-01-05,0.1199999973177909,0.1199999973177909,0.1199999973177909,0.1199999973177909,0.0
2026-01-06,0.1199999973177909,0.1199999973177909,0.1199999973177909,0.1199999973177909,0.0
2026-01-07,0.1199999973177909,0.1199999973177909,0.1199999973177909,0.1199999973177909,0.0
2026-01-08,0.1199999973177909,0.1199999973177909,0.101000003516674,0.101000003516674,45000.0
2026-01-09,0.101000003516674,0.101000003516674,0.101000003516674,0.101000003516674,0.0
2026-01-12,0.1199999973177909,0.1199999973177909,0.1120000034570694,0.1120000034570694,55000.0
2026-01-13,0.1120000034570694,0.1120000034570694,0.1120000034570694,0.1120000034570694,0.0
2026-01-14,0.1120000034570694,0.1120000034570694,0.1120000034570694,0.1120000034570694,0.0
2026-01-15,0.1110000014305114,0.1199999973177909,0.1110000014305114,0.1199999973177909,2000.0
2026-01-16,0.1199999973177909,0.1199999973177909,0.1199999973177909,0.1199999973177909,0.0
2026-01-19,0.1199999973177909,0.1199999973177909,0.1199999973177909,0.1199999973177909,0.0
2026-01-20,0.1199999973177909,0.1199999973177909,0.1199999973177909,0.1199999973177909,0.0
2026-01-21,0.1199999973177909,0.1199999973177909,0.1199999973177909,0.1199999973177909,22000.0
2026-01-22,0.1199999973177909,0.1199999973177909,0.1199999973177909,0.1199999973177909,7000.0
2026-01-23,0.1199999973177909,0.1199999973177909,0.1199999973177909,0.1199999973177909,0.0
2026-01-26,0.1199999973177909,0.1199999973177909,0.1199999973177909,0.1199999973177909,34900.0
2026-01-27,0.1199999973177909,0.1199999973177909,0.1199999973177909,0.1199999973177909,8100.0
2026-01-28,0.1199999973177909,0.1199999973177909,0.1199999973177909,0.1199999973177909,100.0
2026-01-29,0.1199999973177909,0.1199999973177909,0.1199999973177909,0.1199999973177909,15000.0
2026-01-30,0.1199999973177909,0.1199999973177909,0.1199999973177909,0.1199999973177909,43000.0
2026-02-02,0.1199999973177909,0.125,0.1159999966621398,0.125,13900.0
2026-02-03,0.125,0.125,0.125,0.125,0.0
2026-02-04,0.1199999973177909,0.1199999973177909,0.1199999973177909,0.1199999973177909,20400.0
2026-02-05,0.1199999973177909,0.1199999973177909,0.1199999973177909,0.1199999973177909,0.0
2026-02-06,0.1199999973177909,0.1199999973177909,0.1199999973177909,0.1199999973177909,0.0
2026-02-09,0.1199999973177909,0.1199999973177909,0.1199999973177909,0.1199999973177909,30100.0
2026-02-10,0.1199999973177909,0.1199999973177909,0.1199999973177909,0.1199999973177909,30900.0
2026-02-11,0.1199999973177909,0.1199999973177909,0.1199999973177909,0.1199999973177909,22900.0
2026-02-12,0.1209999993443489,0.1209999993443489,0.1209999993443489,0.1209999993443489,10000.0
2026-02-13,0.1209999993443489,0.1209999993443489,0.1209999993443489,0.1209999993443489,12000.0
2026-02-16,0.1230000033974647,0.1230000033974647,0.1199999973177909,0.1199999973177909,95000.0
2026-02-19,0.1230000033974647,0.1280000060796737,0.1209999993443489,0.1280000060796737,20000.0
2026-02-20,0.1280000060796737,0.1289999932050705,0.1209999993443489,0.1209999993443489,25800.0
2026-02-23,0.1209999993443489,0.1209999993443489,0.1209999993443489,0.1209999993443489,15000.0
2026-02-24,0.1209999993443489,0.1209999993443489,0.1199999973177909,0.1199999973177909,65000.0
2026-02-25,0.1199999973177909,0.1199999973177909,0.1199999973177909,0.1199999973177909,0.0
2026-02-26,0.1199999973177909,0.1199999973177909,0.1199999973177909,0.1199999973177909,0.0
2026-02-27,0.1199999973177909,0.1199999973177909,0.1199999973177909,0.1199999973177909,0.0
2026-03-02,0.1199999973177909,0.1199999973177909,0.1199999973177909,0.1199999973177909,0.0
2026-03-03,0.1199999973177909,0.1199999973177909,0.1199999973177909,0.1199999973177909,0.0
2026-03-04,0.1199999973177909,0.1199999973177909,0.1199999973177909,0.1199999973177909,20000.0
2026-03-05,0.1199999973177909,0.1199999973177909,0.1199999973177909,0.1199999973177909,0.0
2026-03-06,0.1199999973177909,0.1199999973177909,0.1199999973177909,0.1199999973177909,0.0
2026-03-09,0.1169999986886978,0.1169999986886978,0.1169999986886978,0.1169999986886978,30000.0
2026-03-10,0.1169999986886978,0.1169999986886978,0.1169999986886978,0.1169999986886978,0.0
2026-03-11,0.1169999986886978,0.1169999986886978,0.1169999986886978,0.1169999986886978,6000.0
2026-03-12,0.1169999986886978,0.1169999986886978,0.1169999986886978,0.1169999986886978,0.0
2026-03-13,0.1129999980330467,0.1129999980330467,0.1129999980330467,0.1129999980330467,200000.0
2026-03-16,0.1120000034570694,0.1120000034570694,0.1099999994039535,0.1120000034570694,630000.0
2026-03-17,0.1099999994039535,0.1120000034570694,0.1099999994039535,0.1120000034570694,417100.0
2026-03-18,0.1120000034570694,0.1120000034570694,0.1120000034570694,0.1120000034570694,0.0
2026-03-19,0.1120000034570694,0.1120000034570694,0.1120000034570694,0.1120000034570694,0.0
2026-03-20,0.1120000034570694,0.1120000034570694,0.1120000034570694,0.1120000034570694,0.0
2026-03-23,0.1120000034570694,0.1120000034570694,0.1120000034570694,0.1120000034570694,29400.0
2026-03-24,0.1120000034570694,0.1120000034570694,0.1120000034570694,0.1120000034570694,0.0
2026-03-25,0.1120000034570694,0.1120000034570694,0.1120000034570694,0.1120000034570694,0.0
2026-03-26,0.1120000034570694,0.1120000034570694,0.1120000034570694,0.1120000034570694,0.0
2026-03-27,0.1120000034570694,0.1120000034570694,0.1120000034570694,0.1120000034570694,0.0
2026-03-30,0.1120000034570694,0.1120000034570694,0.1120000034570694,0.1120000034570694,0.0
2026-03-31,0.1110000014305114,0.1110000014305114,0.1110000014305114,0.1110000014305114,5000.0
2026-04-01,0.1110000014305114,0.1110000014305114,0.1110000014305114,0.1110000014305114,0.0
2026-04-02,0.1110000014305114,0.1110000014305114,0.1110000014305114,0.1110000014305114,0.0
2026-04-06,0.1270000040531158,0.1400000005960464,0.1270000040531158,0.1400000005960464,16000.0
2026-04-07,0.1110000014305114,0.1110000014305114,0.1110000014305114,0.1110000014305114,1500.0
2026-04-08,0.1110000014305114,0.1110000014305114,0.1110000014305114,0.1110000014305114,0.0
2026-04-09,0.1110000014305114,0.1110000014305114,0.1110000014305114,0.1110000014305114,0.0
2026-04-10,0.1110000014305114,0.1110000014305114,0.1110000014305114,0.1110000014305114,0.0
2026-04-13,0.1120000034570694,0.1120000034570694,0.1120000034570694,0.1120000034570694,10000.0
2026-04-14,0.1120000034570694,0.1120000034570694,0.1120000034570694,0.1120000034570694,0.0
2026-04-15,0.1120000034570694,0.1120000034570694,0.1120000034570694,0.1120000034570694,0.0
2026-04-16,0.1120000034570694,0.1120000034570694,0.1120000034570694,0.1120000034570694,0.0
2026-04-17,0.1120000034570694,0.1120000034570694,0.1120000034570694,0.1120000034570694,0.0
2026-04-20,0.1199999973177909,0.1199999973177909,0.1199999973177909,0.1199999973177909,2000.0
2026-04-21,0.1199999973177909,0.1199999973177909,0.1199999973177909,0.1199999973177909,30300.0
2026-04-22,0.1199999973177909,0.1199999973177909,0.1199999973177909,0.1199999973177909,0.0
2026-04-23,0.1199999973177909,0.1199999973177909,0.1199999973177909,0.1199999973177909,0.0
2026-04-24,0.1199999973177909,0.1199999973177909,0.1199999973177909,0.1199999973177909,0.0
2026-04-27,0.1199999973177909,0.1199999973177909,0.1199999973177909,0.1199999973177909,0.0
2026-04-28,0.1299999952316284,0.1299999952316284,0.1299999952316284,0.1299999952316284,36000.0
2026-04-29,0.1299999952316284,0.135000005364418,0.1280000060796737,0.135000005364418,160800.0
2026-04-30,0.1360000073909759,0.1389999985694885,0.1360000073909759,0.1389999985694885,149100.0
2026-05-04,0.135000005364418,0.1360000073909759,0.135000005364418,0.1360000073909759,26000.0
2026-05-05,0.1360000073909759,0.1360000073909759,0.135000005364418,0.135000005364418,136300.0
2026-05-06,0.1400000005960464,0.1400000005960464,0.1400000005960464,0.1400000005960464,600.0
2026-05-07,0.1439999938011169,0.1439999938011169,0.1439999938011169,0.1439999938011169,14200.0
2026-05-08,0.1439999938011169,0.1439999938011169,0.1439999938011169,0.1439999938011169,0.0
2026-05-11,0.1430000066757202,0.1430000066757202,0.1430000066757202,0.1430000066757202,50000.0
2026-05-12,0.1430000066757202,0.1430000066757202,0.1430000066757202,0.1430000066757202,0.0
2026-05-13,0.1410000026226043,0.1449999958276748,0.1410000026226043,0.1449999958276748,100000.0
2026-05-14,0.1449999958276748,0.1490000039339065,0.1449999958276748,0.1490000039339065,33700.0
2026-05-15,0.1490000039339065,0.1490000039339065,0.1430000066757202,0.1430000066757202,100100.0
2026-05-18,0.1430000066757202,0.1430000066757202,0.1430000066757202,0.1430000066757202,0.0
2026-05-19,0.1430000066757202,0.1430000066757202,0.1430000066757202,0.1430000066757202,0.0
2026-05-20,0.1430000066757202,0.1459999978542328,0.1430000066757202,0.1459999978542328,49400.0
2026-05-21,0.1430000066757202,0.1430000066757202,0.1430000066757202,0.1430000066757202,1800.0
2026-05-22,0.1430000066757202,0.1430000066757202,0.1360000073909759,0.1360000073909759,22000.0
2026-05-25,0.1360000073909759,0.1360000073909759,0.1360000073909759,0.1360000073909759,0.0
2026-05-26,0.1360000073909759,0.1360000073909759,0.1360000073909759,0.1360000073909759,0.0
2026-05-27,0.1360000073909759,0.1360000073909759,0.1360000073909759,0.1360000073909759,0.0
2026-05-28,0.1360000073909759,0.1360000073909759,0.1360000073909759,0.1360000073909759,26700.0
2026-05-29,0.1360000073909759,0.1369999945163726,0.1360000073909759,0.1369999945163726,16100.0
2026-06-02,0.1379999965429306,0.1379999965429306,0.1379999965429306,0.1379999965429306,4400.0
2026-06-03,0.1400000005960464,0.1400000005960464,0.1400000005960464,0.1400000005960464,4400.0
2026-06-04,0.1400000005960464,0.1400000005960464,0.1400000005960464,0.1400000005960464,0.0
2026-06-05,0.1379999965429306,0.1379999965429306,0.1379999965429306,0.1379999965429306,3000.0
2026-06-08,0.1379999965429306,0.1379999965429306,0.1379999965429306,0.1379999965429306,0.0
2026-06-09,0.1379999965429306,0.1379999965429306,0.1379999965429306,0.1379999965429306,0.0
2026-06-10,0.1379999965429306,0.1379999965429306,0.1379999965429306,0.1379999965429306,0.0
2026-06-11,0.1379999965429306,0.1379999965429306,0.1379999965429306,0.1379999965429306,0.0
2026-06-12,0.1379999965429306,0.1400000005960464,0.1379999965429306,0.1400000005960464,34300.0
2026-06-15,0.1400000005960464,0.1400000005960464,0.1400000005960464,0.1400000005960464,0.0
2026-06-16,0.1400000005960464,0.1400000005960464,0.1400000005960464,0.1400000005960464,0.0
2026-06-17,0.1400000005960464,0.1400000005960464,0.1400000005960464,0.1400000005960464,0.0
2026-06-18,0.1379999965429306,0.1400000005960464,0.1379999965429306,0.1400000005960464,1500.0
2026-06-19,0.1400000005960464,0.1400000005960464,0.1400000005960464,0.1400000005960464,0.0
2026-06-22,0.1379999965429306,0.1379999965429306,0.1379999965429306,0.1379999965429306,15000.0
2026-06-23,0.1379999965429306,0.1379999965429306,0.1379999965429306,0.1379999965429306,150000.0
2026-06-24,0.1379999965429306,0.1379999965429306,0.1379999965429306,0.1379999965429306,0.0
2026-06-25,0.1379999965429306,0.1379999965429306,0.1379999965429306,0.1379999965429306,6000.0
2026-06-26,0.1379999965429306,0.1379999965429306,0.1379999965429306,0.1379999965429306,0.0
2026-06-29,0.1379999965429306,0.1379999965429306,0.1379999965429306,0.1379999965429306,30000.0
2026-06-30,0.1379999965429306,0.1379999965429306,0.1379999965429306,0.1379999965429306,10000.0
2026-07-01,0.1379999965429306,0.1379999965429306,0.1379999965429306,0.1379999965429306,0.0
2026-07-02,0.1379999965429306,0.1379999965429306,0.1379999965429306,0.1379999965429306,0.0
2026-07-03,0.1379999965429306,0.1379999965429306,0.1379999965429306,0.1379999965429306,4000.0
2026-07-06,0.1379999965429306,0.1379999965429306,0.1379999965429306,0.1379999965429306,2000.0
2026-07-07,0.1379999965429306,0.1379999965429306,0.1379999965429306,0.1379999965429306,10000.0
2026-07-08,0.1379999965429306,0.1379999965429306,0.1379999965429306,0.1379999965429306,0.0
2026-07-09,0.1379999965429306,0.1379999965429306,0.1379999965429306,0.1379999965429306,36000.0
2026-07-10,0.1379999965429306,0.1379999965429306,0.1379999965429306,0.1379999965429306,0.0
2026-07-13,0.1379999965429306,0.1379999965429306,0.1379999965429306,0.1379999965429306,2000.0
2026-07-14,0.1379999965429306,0.1379999965429306,0.1379999965429306,0.1379999965429306,152000.0
2026-07-15,0.1360000073909759,0.1360000073909759,0.1360000073909759,0.1360000073909759,21300.0
2026-07-16,0.1360000073909759,0.1360000073909759,0.1360000073909759,0.1360000073909759,0.0
2026-07-17,0.1360000073909759,0.1360000073909759,0.1360000073909759,0.1360000073909759,0.0
2026-07-20,0.1360000073909759,0.1360000073909759,0.1360000073909759,0.1360000073909759,0.0
2026-07-21,0.1360000073909759,0.1360000073909759,0.1360000073909759,0.1360000073909759,0.0
2026-07-22,0.1360000073909759,0.1360000073909759,0.1360000073909759,0.1360000073909759,0.0
2026-07-23,0.1400000005960464,0.1400000005960464,0.135000005364418,0.1369999945163726,209400.0
2026-07-24,0.1369999945163726,0.1369999945163726,0.1369999945163726,0.1369999945163726,0.0
2026-07-27,0.1369999945163726,0.1369999945163726,0.1369999945163726,0.1369999945163726,0.0
2026-07-28,0.1389999985694885,0.1389999985694885,0.1389999985694885,0.1389999985694885,900.0
2026-07-29,0.1389999985694885,0.1389999985694885,0.1389999985694885,0.1389999985694885,0.0
2026-07-30,0.1360000073909759,0.1360000073909759,0.1360000073909759,0.1360000073909759,55000.0
2026-07-31,0.1360000073909759,0.1360000073909759,0.1360000073909759,0.1360000073909759,0.0
2026-08-03,0.1360000073909759,0.1360000073909759,0.1360000073909759,0.1360000073909759,0.0
2026-08-04,0.1500000059604644,0.1500000059604644,0.1420000046491623,0.1420000046491623,30000.0
2026-08-05,0.1420000046491623,0.1420000046491623,0.1420000046491623,0.1420000046491623,0.0
2026-08-06,0.1420000046491623,0.1420000046491623,0.1420000046491623,0.1420000046491623,0.0
2026-08-07,0.1420000046491623,0.1420000046491623,0.1420000046491623,0.1420000046491623,0.0
2026-08-10,0.1420000046491623,0.1420000046491623,0.1420000046491623,0.1420000046491623,0.0
2026-08-11,0.1420000046491623,0.1420000046491623,0.1420000046491623,0.1420000046491623,0.0
2026-08-12,0.1369999945163726,0.1369999945163726,0.1360000073909759,0.1360000073909759,146900.0
2026-08-13,0.1369999945163726,0.1369999945163726,0.1360000073909759,0.1360000073909759,12000.0
2026-08-14,0.1360000073909759,0.1360000073909759,0.1309999972581863,0.1309999972581863,240000.0
2026-08-17,0.1309999972581863,0.1309999972581863,0.1289999932050705,0.1299999952316284,332400.0
2026-08-18,0.1299999952316284,0.1299999952316284,0.1299999952316284,0.1299999952316284,0.0
2026-08-19,0.1299999952316284,0.1299999952316284,0.1299999952316284,0.1299999952316284,0.0
2026-08-20,0.1299999952316284,0.1299999952316284,0.1299999952316284,0.1299999952316284,0.0
2026-08-21,0.1299999952316284,0.1299999952316284,0.1299999952316284,0.1299999952316284,0.0
2026-08-24,0.1299999952316284,0.1299999952316284,0.1299999952316284,0.1299999952316284,0.0
2026-08-25,0.1299999952316284,0.1299999952316284,0.1299999952316284,0.1299999952316284,0.0
2026-08-26,0.135000005364418,0.135000005364418,0.135000005364418,0.135000005364418,10000.0
2026-08-27,0.135000005364418,0.135000005364418,0.135000005364418,0.135000005364418,18200.0
2026-08-28,0.135000005364418,0.135000005364418,0.135000005364418,0.135000005364418,70000.0
2026-08-31,0.135000005364418,0.135000005364418,0.135000005364418,0.135000005364418,49200.0
2026-09-01,0.135000005364418,0.135000005364418,0.135000005364418,0.135000005364418,53500.0
2026-09-02,0.135000005364418,0.135000005364418,0.135000005364418,0.135000005364418,0.0
2026-09-03,0.1309999972581863,0.135000005364418,0.1309999972581863,0.135000005364418,15200.0
2026-09-04,0.135000005364418,0.135000005364418,0.135000005364418,0.135000005364418,27300.0
2026-09-07,0.1309999972581863,0.1309999972581863,0.1309999972581863,0.1309999972581863,5000.0
2026-09-08,0.1309999972581863,0.1309999972581863,0.1309999972581863,0.1309999972581863,0.0
2026-09-09,0.1609999984502792,0.1700000017881393,0.1599999964237213,0.164000004529953,1265900.0
2026-09-10,0.164000004529953,0.1659999936819076,0.164000004529953,0.1659999936819076,504400.0
2026-09-11,0.1650000065565109,0.1650000065565109,0.1650000065565109,0.1650000065565109,200900.0
2026-09-14,0.1669999957084655,0.1679999977350235,0.1669999957084655,0.1679999977350235,62500.0
2026-09-15,0.1679999977350235,0.1679999977350235,0.1679999977350235,0.1679999977350235,120000.0
2026-09-16,0.1679999977350235,0.1679999977350235,0.1659999936819076,0.1659999936819076,53000.0
2026-09-17,0.1659999936819076,0.1659999936819076,0.1659999936819076,0.1659999936819076,1000.0
2026-09-18,0.1659999936819076,0.1659999936819076,0.1659999936819076,0.1659999936819076,0.0
2026-09-21,0.1659999936819076,0.1659999936819076,0.1659999936819076,0.1659999936819076,0.0
2026-09-22,0.1659999936819076,0.1659999936819076,0.1659999936819076,0.1659999936819076,0.0
2026-09-23,0.1659999936819076,0.1659999936819076,0.1659999936819076,0.1659999936819076,0.0
2026-09-24,0.1659999936819076,0.1659999936819076,0.1659999936819076,0.1659999936819076,0.0
2026-09-25,0.164000004529953,0.164000004529953,0.164000004529953,0.164000004529953,10000.0
2026-09-28,0.164000004529953,0.164000004529953,0.164000004529953,0.164000004529953,0.0
2026-09-29,0.164000004529953,0.164000004529953,0.164000004529953,0.164000004529953,0.0
2026-09-30,0.1669999957084655,0.1669999957084655,0.1659999936819076,0.1659999936819076,110000.0
2026-10-01,0.1659999936819076,0.1659999936819076,0.1659999936819076,0.1659999936819076,80000.0
2026-10-02,0.1650000065565109,0.1659999936819076,0.1650000065565109,0.1659999936819076,31000.0
