date,open,high,low,close,volume
2016-10-03,0.1384466764683256,0.1384466764683256,0.1351891010999679,0.1351891010999679,40400.0
2016-10-04,0.1351891010999679,0.1351891010999679,0.1351891010999679,0.1351891010999679,0.0
2016-10-05,0.136817883929991,0.136817883929991,0.1351891010999679,0.1351891010999679,300000.0
2016-10-06,0.133560299873352,0.133560299873352,0.133560299873352,0.133560299873352,20000.0
2016-10-07,0.1351890751062541,0.1368178576231002,0.133560292589408,0.1368178576231002,238000.0
2016-10-10,0.1368178576231002,0.1368178576231002,0.1368178576231002,0.1368178576231002,60000.0
2016-10-11,0.1368178576231002,0.1368178576231002,0.1368178576231002,0.1368178576231002,0.0
2016-10-12,0.1351891010999679,0.1351891010999679,0.1351891010999679,0.1351891010999679,78000.0
2016-10-13,0.1351891010999679,0.1351891010999679,0.1335603182699448,0.1351891010999679,215400.0
2016-10-14,0.1351890751062541,0.1368178576231002,0.1351890751062541,0.1368178576231002,173800.0
2016-10-17,0.1368178576231002,0.1368178576231002,0.1368178576231002,0.1368178576231002,40000.0
2016-10-18,0.1368178576231002,0.1368178576231002,0.1368178576231002,0.1368178576231002,0.0
2016-10-19,0.1368178576231002,0.1368178576231002,0.1368178576231002,0.1368178576231002,0.0
2016-10-20,0.1368178576231002,0.1368178576231002,0.1368178576231002,0.1368178576231002,0.0
2016-10-21,0.133560299873352,0.133560299873352,0.133560299873352,0.133560299873352,200.0
2016-10-24,0.133560299873352,0.133560299873352,0.133560299873352,0.133560299873352,88800.0
2016-10-25,0.133560299873352,0.133560299873352,0.1286739520563281,0.133560299873352,117800.0
2016-10-26,0.133560299873352,0.133560299873352,0.133560299873352,0.133560299873352,0.0
2016-10-27,0.1319315172676774,0.133560299873352,0.1319315172676774,0.133560299873352,20200.0
2016-10-28,0.1319315433502197,0.1319315433502197,0.1319315433502197,0.1319315433502197,200.0
2016-10-31,0.1319315172676774,0.133560299873352,0.1319315172676774,0.133560299873352,83800.0
2016-11-01,0.1319315433502197,0.1319315433502197,0.1319315433502197,0.1319315433502197,284000.0
2016-11-02,0.1319315433502197,0.1319315433502197,0.1319315433502197,0.1319315433502197,622800.0
2016-11-03,0.133560299873352,0.133560299873352,0.133560299873352,0.133560299873352,116000.0
2016-11-04,0.133560299873352,0.133560299873352,0.133560299873352,0.133560299873352,115000.0
2016-11-07,0.133560299873352,0.133560299873352,0.133560299873352,0.133560299873352,114000.0
2016-11-08,0.1351891010999679,0.1351891010999679,0.1319315354399217,0.1351891010999679,306600.0
2016-11-09,0.1384466872263445,0.1449618190526962,0.1384466872263445,0.1449618190526962,1231000.0
2016-11-10,0.1449618190526962,0.1449618190526962,0.1417042531395204,0.1449618190526962,591600.0
2016-11-11,0.1449618190526962,0.1449618190526962,0.1433330360961083,0.1449618190526962,471000.0
2016-11-14,0.1433330327272415,0.1449618156455469,0.1433330327272415,0.1433330327272415,514000.0
2016-11-15,0.1433330360961083,0.1449618190526962,0.1433330360961083,0.1449618190526962,140000.0
2016-11-16,0.1465905623934836,0.1514769196510315,0.1449617798770708,0.1514769196510315,616000.0
2016-11-17,0.1482193768024444,0.1498481595626398,0.1482193768024444,0.1482193768024444,71800.0
2016-11-18,0.1482193768024444,0.1482193768024444,0.1482193768024444,0.1482193768024444,0.0
2016-11-21,0.1514769158005869,0.1514769158005869,0.1498481333255767,0.1498481333255767,146000.0
2016-11-22,0.1498481333255767,0.1498481333255767,0.1498481333255767,0.1498481333255767,66000.0
2016-11-23,0.1498481595626398,0.1498481595626398,0.146590584333938,0.1482193768024444,140000.0
2016-11-24,0.1482193768024444,0.1482193768024444,0.1482193768024444,0.1482193768024444,0.0
2016-11-25,0.1433330188135473,0.1482193768024444,0.1433330188135473,0.1482193768024444,40400.0
2016-11-28,0.1482193768024444,0.1482193768024444,0.1482193768024444,0.1482193768024444,0.0
2016-11-29,0.1433330188135473,0.1498481595626398,0.1433330188135473,0.1482193768024444,598000.0
2016-11-30,0.1498481589427304,0.1547345072031021,0.1498481589427304,0.1547345072031021,1041000.0
2016-12-01,0.1563632726711394,0.1579920649528503,0.1563632726711394,0.1579920649528503,719600.0
2016-12-02,0.1596208661794662,0.1628784317069456,0.1579920834157265,0.1596208661794662,639000.0
2016-12-05,0.1612496376037597,0.1612496376037597,0.1596208549545598,0.1612496376037597,291400.0
2016-12-06,0.1612496594167641,0.1645072251558303,0.159620876547231,0.1645072251558303,312800.0
2016-12-07,0.1645072251558303,0.1645072251558303,0.1628784422862972,0.1645072251558303,507400.0
2016-12-08,0.1628784202529597,0.1628784202529597,0.1612496376037597,0.1612496376037597,200800.0
2016-12-09,0.1612496559954017,0.1628784388303756,0.1612496559954017,0.1628784388303756,82600.0
2016-12-12,0.1628784388303756,0.1628784388303756,0.1596208731604278,0.1628784388303756,312200.0
2016-12-13,0.1612496376037597,0.1612496376037597,0.1612496376037597,0.1612496376037597,20000.0
2016-12-14,0.1612496559954017,0.1628784388303756,0.1612496559954017,0.1628784388303756,85200.0
2016-12-15,0.1596208731604278,0.1628784388303756,0.1579920903254539,0.1628784388303756,504000.0
2016-12-16,0.162878423599222,0.1693935543298721,0.1596208582338969,0.1693935543298721,1258000.0
2016-12-19,0.1677647680044174,0.1677647680044174,0.1677647680044174,0.1677647680044174,50000.0
2016-12-20,0.1661359965801239,0.1661359965801239,0.1628784310654739,0.1661359965801239,378000.0
2016-12-21,0.1645072138227989,0.1661359965801239,0.1645072138227989,0.1661359965801239,152600.0
2016-12-22,0.1661359965801239,0.1661359965801239,0.159620865550824,0.1661359965801239,305200.0
2016-12-23,0.1612496559954017,0.1628784388303756,0.1612496559954017,0.1628784388303756,266000.0
2016-12-27,0.1612496376037597,0.1628784202529597,0.1596208549545598,0.1612496376037597,12200.0
2016-12-28,0.1612496559954017,0.1628784388303756,0.1596208731604278,0.1628784388303756,102800.0
2016-12-29,0.1612496559954017,0.1628784388303756,0.1612496559954017,0.1628784388303756,60000.0
2016-12-30,0.1628784388303756,0.1628784388303756,0.1596208731604278,0.1628784388303756,157400.0
2017-01-03,0.1628784388303756,0.1645072216653496,0.1596208731604278,0.1628784388303756,364000.0
2017-01-04,0.1628784310654739,0.1661359965801239,0.1612496483081489,0.1661359965801239,859600.0
2017-01-05,0.1661359780278454,0.1710223257541656,0.1645071954524053,0.1710223257541656,557000.0
2017-01-06,0.1710223257541656,0.1710223257541656,0.1693935431787256,0.1710223257541656,18400.0
2017-01-09,0.1693935543298721,0.1693935543298721,0.1661359889645471,0.1693935543298721,40600.0
2017-01-10,0.1661359959752039,0.1726511269807815,0.1661359959752039,0.1726511269807815,721000.0
2017-01-11,0.1710223442293871,0.1726511269807815,0.1710223442293871,0.1726511269807815,142000.0
2017-01-12,0.1710223442293871,0.1726511269807815,0.1693935614779927,0.1726511269807815,94800.0
2017-01-13,0.1693935431787256,0.1710223257541656,0.1693935431787256,0.1710223257541656,173400.0
2017-01-16,0.1710223257541656,0.1710223257541656,0.1710223257541656,0.1710223257541656,32000.0
2017-01-17,0.1710223448520988,0.1759087125406958,0.1661359965801239,0.1661359965801239,800000.0
2017-01-18,0.1661360080253635,0.1677647908948965,0.1645072251558303,0.1645072251558303,822200.0
2017-01-19,0.1645072138227989,0.1677647793374488,0.1645072138227989,0.1661359965801239,273600.0
2017-01-20,0.1645072062818845,0.1693935543298721,0.1645072062818845,0.1693935543298721,326800.0
2017-01-23,0.1677647716472096,0.1693935543298721,0.1661359889645471,0.1693935543298721,214600.0
2017-01-24,0.1677647787265983,0.1726511269807815,0.1677647787265983,0.1726511269807815,286400.0
2017-01-25,0.1693935431787256,0.1710223257541656,0.1677647606032855,0.1710223257541656,142000.0
2017-01-26,0.1693935543298721,0.1693935543298721,0.1693935543298721,0.1693935543298721,164000.0
2017-01-27,0.1677647680044174,0.169393550651713,0.1677647680044174,0.1677647680044174,63400.0
2017-01-31,0.1693935431787256,0.1726511083296057,0.1677647606032855,0.1710223257541656,199200.0
2017-02-01,0.1693935614779927,0.1726511269807815,0.1693935614779927,0.1726511269807815,240600.0
2017-02-02,0.171022343305583,0.1742799282073974,0.1693935605629867,0.1742799282073974,642400.0
2017-02-03,0.1726511083296057,0.1726511083296057,0.1693935431787256,0.1710223257541656,608400.0
2017-02-06,0.1710223442293871,0.1726511269807815,0.1710223442293871,0.1726511269807815,100000.0
2017-02-07,0.1726511260481793,0.1742799282073974,0.1726511260481793,0.1742799282073974,170400.0
2017-02-08,0.1742799531575964,0.1791663020849228,0.1742799531575964,0.1791663020849228,835200.0
2017-02-09,0.1791662758705915,0.1807950586080551,0.1791662758705915,0.1807950586080551,1061800.0
2017-02-10,0.1807950473958954,0.1824238300323486,0.1807950473958954,0.1824238300323486,452400.0
2017-02-13,0.1807950724608213,0.1889389867721371,0.1807950724608213,0.1873102039098739,865800.0
2017-02-14,0.1873102004163035,0.1873102004163035,0.1840526347525349,0.1856814175844192,226400.0
2017-02-15,0.1856814175844192,0.1873102004163035,0.1840526347525349,0.1856814175844192,189600.0
2017-02-16,0.1856814175844192,0.1856814175844192,0.1840526347525349,0.1856814175844192,96200.0
2017-02-17,0.1856813951626024,0.1889389604330063,0.1856813951626024,0.1889389604330063,327000.0
2017-02-20,0.1873102039098739,0.1889389867721371,0.1873102039098739,0.1873102039098739,192400.0
2017-02-21,0.1840526381853476,0.1873102039098739,0.1840526381853476,0.1873102039098739,287600.0
2017-02-22,0.1856813951626024,0.1889389604330063,0.1856813951626024,0.1889389604330063,181800.0
2017-02-23,0.1873101777978043,0.1889389604330063,0.1856813951626024,0.1889389604330063,563400.0
2017-02-24,0.1873102039098739,0.1873102039098739,0.1873102039098739,0.1873102039098739,70000.0
2017-02-27,0.1856814210476108,0.1889389867721371,0.1856814210476108,0.1873102039098739,626400.0
2017-02-28,0.1873101777978043,0.1889389604330063,0.1856813951626024,0.1889389604330063,307000.0
2017-03-01,0.1856814210476108,0.1889389867721371,0.1824238553230844,0.1873102039098739,823200.0
2017-03-02,0.1873102039098739,0.1873102039098739,0.1873102039098739,0.1873102039098739,76000.0
2017-03-03,0.1873101968609001,0.1873101968609001,0.1824238484579967,0.1840526312589645,101200.0
2017-03-06,0.1824238300323486,0.1824238300323486,0.1824238300323486,0.1824238300323486,40000.0
2017-03-07,0.1824238645946015,0.1824238645946015,0.1726511475077103,0.177537515759468,535400.0
2017-03-08,0.1726511441899006,0.1759087294340133,0.1726511441899006,0.1759087294340133,307200.0
2017-03-09,0.1742799282073974,0.1742799282073974,0.1693935605629867,0.1742799282073974,927200.0
2017-03-10,0.1726511147970085,0.1824238300323486,0.1726511147970085,0.1824238300323486,436800.0
2017-03-13,0.1791662758705915,0.1824238413455187,0.1791662758705915,0.1807950586080551,235000.0
2017-03-14,0.1791662764351862,0.1791662764351862,0.1726511260481793,0.1742799282073974,134200.0
2017-03-15,0.1742799291487979,0.1759087119001923,0.1726511269807815,0.1726511269807815,85000.0
2017-03-16,0.1742799465202689,0.1759087294340133,0.1742799465202689,0.1759087294340133,250600.0
2017-03-17,0.1759087361333718,0.1807950850606982,0.1759087361333718,0.1791663020849228,62600.0
2017-03-20,0.1775375191091473,0.1791663020849228,0.1775375191091473,0.1791663020849228,138200.0
2017-03-21,0.1791662987045125,0.1791662987045125,0.177537515759468,0.177537515759468,93200.0
2017-03-22,0.1775374821229889,0.1840526126688018,0.1775374821229889,0.1824238300323486,535600.0
2017-03-23,0.1856813975011824,0.2084843740978237,0.1856813975011824,0.2052268087863922,2639600.0
2017-03-24,0.205226816470038,0.205226816470038,0.1987116856032499,0.2019692510366439,1377000.0
2017-03-27,0.2003404683199469,0.2019692510366439,0.1970829028865529,0.2019692510366439,507000.0
2017-03-28,0.200340459643792,0.2198858708143234,0.200340459643792,0.2198858708143234,2755400.0
2017-03-29,0.2215146720409393,0.2264010203892796,0.2182571064753791,0.2215146720409393,1979000.0
2017-03-30,0.2215146534604826,0.2247722187528011,0.2198858708143234,0.2198858708143234,747200.0
2017-03-31,0.2231434141208514,0.2361736934229035,0.2231434141208514,0.2296585440635681,2634400.0
2017-04-03,0.2329161705411484,0.2426888874525255,0.2280298217937718,0.2394313216209411,1261800.0
2017-04-04,0.2410600327632798,0.2410600327632798,0.2345449030399322,0.2345449030399322,1014600.0
2017-04-05,0.2361736861343499,0.2459463807468298,0.2361736861343499,0.2410600334405899,2106800.0
2017-04-06,0.2426888151941167,0.2426888151941167,0.2345449030399322,0.2345449030399322,541000.0
2017-04-07,0.2345449336758455,0.2361737163194316,0.2182570878233639,0.2329161316156387,758800.0
2017-04-10,0.2345449492929549,0.2345449492929549,0.2264010161161422,0.2264010161161422,483800.0
2017-04-11,0.2280297840451195,0.2280297840451195,0.2182570881681642,0.2198858708143234,804000.0
2017-04-12,0.221514653110536,0.2378024989630177,0.221514653110536,0.2329161316156387,1406400.0
2017-04-13,0.2378025104983473,0.2378025104983473,0.2280297947461549,0.2312873601913452,619400.0
2017-04-17,0.2280298424745865,0.2280298424745865,0.2149995779664891,0.2182571440935135,627400.0
2017-04-18,0.2215147102205378,0.2247722763475621,0.2149995779664891,0.2182571440935135,487200.0
2017-04-19,0.2231434395270585,0.232916135553813,0.2166283088425555,0.2280297875404358,878400.0
2017-04-20,0.2247722221981843,0.2312873528826872,0.2247722221981843,0.2280297875404358,1305400.0
2017-04-21,0.2296585774687501,0.2345449450531571,0.2280297947461549,0.2312873601913452,1150800.0
2017-04-24,0.2329161316156387,0.2361737163194316,0.2296585663284665,0.2329161316156387,837200.0
2017-04-25,0.2345449036989366,0.2426888158760032,0.2329161018469051,0.2410600334405899,2148000.0
2017-04-26,0.2426888874525255,0.2475752361999021,0.2378025387051489,0.2394313216209411,2028000.0
2017-04-27,0.2410600954977566,0.2508327926260651,0.2410600954977566,0.249204009771347,4678200.0
2017-04-28,0.254090334034808,0.2606054842472076,0.2508327686369189,0.2606054842472076,6184000.0
2017-05-02,0.2622342992358907,0.2622342992358907,0.2492040166232529,0.2524615824222564,2678800.0
2017-05-03,0.250832785546682,0.2524615683554301,0.2459464371204376,0.2459464371204376,961600.0
2017-05-04,0.2443176507949829,0.2508327819361966,0.2443176507949829,0.2443176507949829,1902800.0
2017-05-05,0.2426888874525255,0.2443176703683177,0.2361737557893567,0.2394313216209411,1781400.0
2017-05-08,0.2394313111570909,0.2394313111570909,0.2361058597622961,0.2377685755491256,2135000.0
2017-05-09,0.2377685569533984,0.2427567237449015,0.234443125639819,0.2410940080881118,3229800.0
2017-05-11,0.2527329882201016,0.2543957036830392,0.229454951917843,0.2344430983066558,74581800.0
2017-05-12,0.2327804118394851,0.2344431275095352,0.229454980499385,0.2327804118394851,958200.0
2017-05-15,0.2344431439754664,0.2394313111570909,0.2344431439754664,0.2377685755491256,3838200.0
2017-05-16,0.2377685600569642,0.2377685600569642,0.2327804130214855,0.2361058443784713,1543400.0
2017-05-17,0.2344431118406927,0.2427567094564437,0.2311176807228455,0.2427567094564438,4895400.0
2017-05-18,0.2377685443316674,0.2494075731324818,0.2377685443316674,0.24608214199543,9165400.0
2017-05-19,0.247744904133664,0.2560584835390339,0.2460821882525901,0.252733051776886,7048400.0
2017-05-22,0.2543957066698976,0.2627093039033275,0.2494075602225189,0.2610465884208679,8582800.0
2017-05-23,0.2610465884208679,0.2643720193857871,0.2577211376348167,0.2610465884208679,5296800.0
2017-05-24,0.2610466503798568,0.2726856615195737,0.2593839146816176,0.2710229456424713,9642200.0
2017-05-25,0.2710229631854901,0.2743483951549464,0.2577212154865265,0.2577212154865265,6537600.0
2017-05-26,0.2543957684297538,0.2643720835676009,0.2543957684297538,0.2560584843158722,5772200.0
2017-05-29,0.252733051776886,0.2577211994201079,0.249407620014738,0.252733051776886,8319000.0
2017-05-30,0.2527330063863617,0.2527330063863617,0.2477448596390045,0.2510702908039093,2972600.0
2017-05-31,0.2494076057865593,0.2560584689314374,0.2494076057865593,0.2543957531452179,6847800.0
2017-06-01,0.2527330525436354,0.2577212002019906,0.2527330525436354,0.2560584843158722,5044800.0
2017-06-02,0.2577211376348167,0.2627093039033275,0.2577211376348167,0.2610465884208679,4723200.0
2017-06-05,0.261046648830037,0.2693602281661917,0.2593839131416693,0.2643720805644989,13407400.0
2017-06-06,0.2643720661562179,0.2693602134860566,0.2643720661562179,0.2660347819328308,4816800.0
2017-06-07,0.2676974833011627,0.2676974833011627,0.2627093362398009,0.2676974833011627,2822000.0
2017-06-08,0.2676975122989608,0.2676975122989608,0.2627093646972679,0.2643720805644989,1996000.0
2017-06-09,0.2627093662569592,0.2726856615195737,0.2627093662569592,0.2710229456424713,6017000.0
2017-06-12,0.269360214471817,0.2776737933853063,0.2660347829064213,0.269360214471817,10749600.0
2017-06-13,0.2710229456424713,0.2743483773966761,0.2693602297653689,0.2710229456424713,2694200.0
2017-06-14,0.2710229440334227,0.2710229440334227,0.2627093646972679,0.2643720805644989,5736200.0
2017-06-15,0.2643720651642185,0.2643720651642185,0.2627093493938446,0.2627093493938446,905800.0
2017-06-16,0.2627093646972679,0.2676975122989608,0.2627093646972679,0.2643720805644989,2624200.0
2017-06-19,0.2660347809345925,0.2676974967049664,0.2577211822615873,0.2627093493938446,2166200.0
2017-06-20,0.2627093646972679,0.2693602281661917,0.2627093646972679,0.2643720805644989,3007200.0
2017-06-21,0.2643720651642185,0.2660347809345925,0.2610466336234706,0.2627093493938446,2019000.0
2017-06-22,0.2643720193857871,0.2643720193857871,0.2593838531172763,0.2610465884208679,1345600.0
2017-06-23,0.2593838531172763,0.2610465884208679,0.2577211376348167,0.2610465884208679,1314600.0
2017-06-27,0.2593839168548584,0.2610466525670287,0.2560584850727915,0.2593839168548584,1214000.0
2017-06-28,0.2560584689314374,0.2560584689314374,0.2494076057865593,0.2543957531452179,4285400.0
2017-06-29,0.2543957835170701,0.2593839314712546,0.2543957835170701,0.2577212154865265,2027000.0
2017-06-30,0.2560584843158722,0.2593839160881089,0.2543957684297538,0.2560584843158722,1343200.0
2017-07-03,0.2560584689314374,0.2593839005038765,0.2543957531452179,0.2543957531452179,1228400.0
2017-07-04,0.2560584843158722,0.2610466517953642,0.2560584843158722,0.2560584843158722,2645600.0
2017-07-05,0.2560584843158722,0.2593839160881089,0.2527330525436354,0.2560584843158722,1619000.0
2017-07-06,0.2577212154865265,0.2593839314712546,0.2560584995017983,0.2577212154865265,1982200.0
2017-07-07,0.2577212002019906,0.2577212002019906,0.2560584843158722,0.2560584843158722,530200.0
2017-07-10,0.2560584814072074,0.2660347964317298,0.2560584814072074,0.2643720805644989,3394800.0
2017-07-11,0.2643720661562179,0.2693602134860566,0.2643720661562179,0.2660347819328308,5951000.0
2017-07-12,0.2660347819328308,0.2676974977094437,0.2643720661562179,0.2660347819328308,2297000.0
2017-07-13,0.2660347809345925,0.2660347809345925,0.2627093493938446,0.2627093493938446,1432800.0
2017-07-14,0.2627093646972679,0.2660347964317298,0.2627093646972679,0.2643720805644989,2120000.0
2017-07-17,0.2660347964317298,0.2693602281661917,0.2643720805644989,0.2643720805644989,1585600.0
2017-07-18,0.2693601844541476,0.2843246446519151,0.2693601844541476,0.2809992134571075,15351200.0
2017-07-19,0.2826619177791002,0.2926382109655676,0.2793364668958118,0.2893127799034118,8322600.0
2017-07-20,0.2909755418230643,0.29596368921153,0.2876501102307539,0.2943009734153747,5685600.0
2017-07-21,0.2943009709322349,0.3042772854461276,0.2926382551501087,0.3026145696640014,10478400.0
2017-07-24,0.3026145724948774,0.3142535830786405,0.3026145724948774,0.3125908672809601,7124600.0
2017-07-25,0.3125908653526823,0.3125908653526823,0.304277286415564,0.3059400022029876,3836000.0
2017-07-26,0.3076027179904113,0.3159162969275296,0.3059400022029876,0.3059400022029876,5649800.0
2017-07-27,0.3092654027201149,0.3092654027201149,0.2876500798331725,0.2909755110740661,9317200.0
2017-07-28,0.2909755545761603,0.2909755545761603,0.2743483760647239,0.2859874069690704,6275000.0
2017-07-31,0.2859874380886073,0.2992891664882661,0.2859874380886073,0.2959637343883514,7504200.0
2017-08-01,0.2992891208038404,0.2992891208038404,0.2926382576192196,0.2943009734153747,838800.0
2017-08-02,0.2959636420277234,0.2959636420277234,0.2893127799034118,0.2893127799034118,2409400.0
2017-08-03,0.2909851675995826,0.2943298214903831,0.2876405137087821,0.2926574945449829,1479800.0
2017-08-04,0.2909851394290838,0.3010191001300898,0.2909851394290838,0.2960021197795868,2489400.0
2017-08-07,0.2960021167717649,0.2960021167717649,0.2893128097057342,0.2893128097057342,1598400.0
2017-08-08,0.2893128104533681,0.2926574639950266,0.2842958301408803,0.2909851372241974,2658600.0
2017-08-10,0.2909851364722419,0.2926574632387496,0.2859681561727188,0.2893128097057342,1791200.0
2017-08-11,0.2876405102093687,0.2876405102093687,0.2792788556483849,0.2826235294342041,1150000.0
2017-08-14,0.287640451449916,0.2926574312002075,0.2826234716996246,0.2859681248664856,1899400.0
2017-08-15,0.2859681423029976,0.2859681423029976,0.2776064889402996,0.2809511423110962,1369200.0
2017-08-16,0.2826234854983482,0.2826234854983482,0.2742618322372436,0.2742618322372436,1929200.0
2017-08-17,0.2742618578565561,0.2742618578565561,0.2625555701074924,0.2642278969287872,2609600.0
2017-08-18,0.2608831930452651,0.2642278662350324,0.2558662131641729,0.2625555396080017,1991000.0
2017-08-21,0.2625555728100956,0.2709172070026397,0.2625555728100956,0.2709172070026397,1618600.0
2017-08-22,0.2692448259785925,0.2826234579299211,0.2692448259785925,0.2792787849903106,3191600.0
2017-08-23,0.2826234716996246,0.287640451449916,0.2809511251804888,0.2859681248664856,2730000.0
2017-08-24,0.2876404374357801,0.2876404374357801,0.2776064584883576,0.2792787849903106,1167200.0
2017-08-25,0.2792787976785263,0.2842957973480224,0.2792787976785263,0.2842957973480224,431200.0
2017-08-28,0.2842958563592589,0.2876405102093687,0.2809511825734397,0.2826235294342041,1178200.0
2017-08-29,0.2809511423110962,0.2826234889322011,0.2776064889402996,0.2809511423110962,1052600.0
2017-08-30,0.2809511825734397,0.2842958563592589,0.2809511825734397,0.2826235294342041,875200.0
2017-08-31,0.2826234889322011,0.2859681423029976,0.2792788156256979,0.2809511423110962,1163600.0
2017-09-04,0.2809511994510077,0.2809511994510077,0.2725895643234253,0.2725895643234253,1222800.0
2017-09-05,0.2709171524805456,0.2792787849903106,0.2709171524805456,0.2792787849903106,674400.0
2017-09-06,0.2759341597557068,0.2776064864259585,0.2742618330854551,0.2759341597557068,1445000.0
2017-09-07,0.2759341597557068,0.2776064864259585,0.2725895064152035,0.2759341597557068,1823000.0
2017-09-08,0.2759341868213187,0.2776065136556042,0.2642278989813201,0.2692448794841766,1414000.0
2017-09-11,0.2692448794841766,0.2709172063184621,0.2675725526498911,0.2692448794841766,602200.0
2017-09-12,0.2675725519657135,0.2692448787957229,0.2659002251357041,0.2675725519657135,613800.0
2017-09-13,0.2675725526498911,0.2709172063184621,0.2659002258156056,0.2692448794841766,1570400.0
2017-09-14,0.2692449082758034,0.272589562302034,0.2642279272364574,0.2659002542495727,2447400.0
2017-09-15,0.265900223750082,0.265900223750082,0.2625555701074924,0.2642278969287872,703200.0
2017-09-18,0.2642278983056946,0.2675725519657135,0.2642278983056946,0.2675725519657135,453800.0
2017-09-19,0.2659002251357041,0.2692448787957229,0.2659002251357041,0.2675725519657135,774200.0
2017-09-20,0.267572581262688,0.2692449082758034,0.2642279272364574,0.2659002542495727,810200.0
2017-09-21,0.265900223750082,0.265900223750082,0.2642278969287872,0.2642278969287872,717200.0
2017-09-22,0.2642278969287872,0.265900223750082,0.2625555701074924,0.2642278969287872,941400.0
2017-09-25,0.2659002542495727,0.2659002542495727,0.2625556002233421,0.2659002542495727,837600.0
2017-09-26,0.265900223750082,0.2675725505713768,0.2642278969287872,0.2642278969287872,834200.0
2017-09-27,0.2642278989813201,0.2709172063184621,0.2642278989813201,0.2692448794841766,1325600.0
2017-09-28,0.2709171789070844,0.2792788122324826,0.2692448522420047,0.2742618322372436,2282200.0
2017-09-29,0.2742618322372436,0.2776064855674029,0.2742618322372436,0.2742618322372436,428400.0
2017-10-02,0.2759341589023233,0.2759341589023233,0.272589505572164,0.2742618322372436,533200.0
2017-10-03,0.2759341622549013,0.2826234889322011,0.2759341622549013,0.2809511423110962,1880200.0
2017-10-04,0.2842958563592589,0.2876405102093687,0.2809511825734397,0.2826235294342041,1780200.0
2017-10-05,0.2826234707700922,0.287640450503883,0.2826234707700922,0.2842957973480224,2035400.0
2017-10-06,0.2859681850541885,0.2909851658604034,0.2859681850541885,0.2876405119895935,1250200.0
2017-10-09,0.2876404836825388,0.2926574639950266,0.2876404836825388,0.2909851372241974,1348400.0
2017-10-10,0.2909851387024734,0.2993467725990989,0.2909851387024734,0.2943297922611236,4015000.0
2017-10-11,0.2976744787625713,0.3077084604846621,0.2976744787625713,0.3026914596557617,4247600.0
2017-10-12,0.3043637758621849,0.3060361026579352,0.3010191023349762,0.3010191023349762,1370600.0
2017-10-13,0.301019084858679,0.3110530649863453,0.301019084858679,0.3060360848903656,2549200.0
2017-10-16,0.3060361335202652,0.3077084604846621,0.3026914596557617,0.3026914596557617,685600.0
2017-10-17,0.302691411557339,0.3110530649863453,0.302691411557339,0.3060360848903656,1321800.0
2017-10-19,0.3077084408900336,0.3077084408900336,0.3026914403806118,0.3043637871742248,1075400.0
2017-10-20,0.3043637871742248,0.3077084408900336,0.3043637871742248,0.3043637871742248,544200.0
2017-10-23,0.3060361172642751,0.3177424053932396,0.3060361172642751,0.3127254247665405,1967200.0
2017-10-24,0.3143977529210973,0.3177424066858362,0.3127254260387278,0.3160700798034668,1028400.0
2017-10-25,0.31607005311045,0.3311210137163878,0.31607005311045,0.3227593600749969,5079200.0
2017-10-26,0.3244317505087579,0.3344657123088836,0.3160700957396098,0.3344657123088836,5710400.0
2017-10-27,0.33446568109083,0.337810334712025,0.331121027469635,0.331121027469635,1703400.0
2017-10-30,0.3327933864293577,0.3411550212901114,0.3327933864293577,0.3378103673458099,3233200.0
2017-10-31,0.3378103068955945,0.3411549602413796,0.336137980222702,0.336137980222702,707600.0
2017-11-01,0.3394826377347695,0.3495165978952659,0.3394826377347695,0.3444996178150177,4755200.0
2017-11-02,0.3478442695194009,0.3478442695194009,0.3411549627780914,0.3411549627780914,518800.0
2017-11-03,0.3444996768813449,0.3461720038614904,0.3428273499011993,0.3428273499011993,1208200.0
2017-11-06,0.3444996178150177,0.3444996178150177,0.3411549644281855,0.3444996178150177,647200.0
2017-11-07,0.3444996226251979,0.3545335829257965,0.3444996226251979,0.3545335829257965,2410000.0
2017-11-08,0.3562060020710277,0.3628953099250793,0.3495166543455562,0.3628953099250793,4205000.0
2017-11-09,0.3628952538838915,0.3628952538838915,0.3495166003704071,0.3495166003704071,2414400.0
2017-11-10,0.3528612562090301,0.3562059495139769,0.3528612562090301,0.3545335829257965,1303200.0
2017-11-13,0.3545336357757712,0.3645676374435425,0.3511889818436541,0.3645676374435425,2346000.0
2017-11-14,0.3378103478357446,0.3378103478357446,0.3093807710154078,0.3127254247665405,8716600.0
2017-11-15,0.3110530706041549,0.3194147042484707,0.3110530706041549,0.3177423775196075,2303200.0
2017-11-16,0.3177424079513629,0.3244317354431925,0.3160700810623328,0.319414734840393,1448600.0
2017-11-17,0.3227593866799337,0.3227593866799337,0.3143977522850036,0.3143977522850036,672600.0
2017-11-20,0.3143977200498598,0.3177423734649051,0.3043637598047239,0.3093807399272918,1484400.0
2017-11-21,0.3077084447690596,0.3160700791639896,0.3077084447690596,0.3143977522850036,2021600.0
2017-11-22,0.3127254247665405,0.3210870591443723,0.3127254247665405,0.3127254247665405,1509600.0
2017-11-23,0.3127254241201873,0.3127254241201873,0.3093807703759675,0.3110530972480774,570200.0
2017-11-24,0.3110530666348145,0.3143977200498598,0.3093807399272918,0.3093807399272918,400000.0
2017-11-27,0.3093807382876854,0.3110530649863453,0.3060360848903656,0.3060360848903656,546000.0
2017-11-28,0.3043637581917057,0.3077084115890255,0.3043637581917057,0.3060360848903656,784800.0
2017-11-29,0.3060361318113753,0.3060361318113753,0.2943298231902551,0.2976744771003723,1296400.0
2017-11-30,0.2993468023265839,0.2993468023265839,0.2926574945449829,0.2926574945449829,785600.0
2017-12-01,0.2926574654817985,0.2993467725990989,0.2926574654817985,0.2943297922611236,300200.0
2017-12-04,0.3010190993784239,0.3010190993784239,0.2943297922611236,0.2943297922611236,307400.0
2017-12-05,0.2943297721539057,0.297674425484065,0.2742618322372436,0.2742618322372436,2684600.0
2017-12-06,0.2759341622549013,0.2809511423110962,0.2742618355695031,0.2809511423110962,897200.0
2017-12-07,0.275934190221599,0.2792788439313856,0.275934190221599,0.2776065170764923,627200.0
2017-12-08,0.2776065304414539,0.2876405119895935,0.2776065304414539,0.2876405119895935,913600.0
2017-12-11,0.2876404836825388,0.2943297907658558,0.2876404836825388,0.2909851372241974,796000.0
2017-12-12,0.2993467589575451,0.3077084124088287,0.2976744322544297,0.3077084124088287,777400.0
2017-12-13,0.3110531144134557,0.3110531144134557,0.3010191326913649,0.3026914596557617,978800.0
2017-12-14,0.3026914291307265,0.3026914291307265,0.3010191023349762,0.3010191023349762,298600.0
2017-12-15,0.3110531442297655,0.3110531442297655,0.2943298530470596,0.2993468344211578,571400.0
2017-12-18,0.2976744458197738,0.2993467725990989,0.2943297922611236,0.2943297922611236,191000.0
2017-12-19,0.2960021197795868,0.3026914269135908,0.2960021197795868,0.2960021197795868,301800.0
2017-12-20,0.2943298214903831,0.2943298214903831,0.2926574945449829,0.2926574945449829,317000.0
2017-12-21,0.2943298214903831,0.2960021484357834,0.2909851675995826,0.2926574945449829,387200.0
2017-12-22,0.2926574654817985,0.2943297922611236,0.2909851387024734,0.2943297922611236,209200.0
2017-12-26,0.2926574662125847,0.2976744465630878,0.2926574662125847,0.2960021197795868,205800.0
2017-12-27,0.2943298231902551,0.2976744771003723,0.2943298231902551,0.2976744771003723,197000.0
2017-12-28,0.2976744487434755,0.3060361026579352,0.2976744487434755,0.3010191023349762,600200.0
2017-12-29,0.3010191023349762,0.3043637758621849,0.2976744487434755,0.3010191023349762,283600.0
2018-01-02,0.304363759002598,0.3093807391119441,0.304363759002598,0.3077084124088287,435200.0
2018-01-03,0.3077084466171821,0.319414734840393,0.3077084466171821,0.319414734840393,1586400.0
2018-01-04,0.3210870598009477,0.3210870598009477,0.3143977522850036,0.3143977522850036,644800.0
2018-01-05,0.3160700791639896,0.3160700791639896,0.3143977522850036,0.3143977522850036,159200.0
2018-01-08,0.3127254254060176,0.3143977522850036,0.3026914441963926,0.3143977522850036,340400.0
2018-01-09,0.3160700785176732,0.3160700785176732,0.3093807710154078,0.3127254247665405,227800.0
2018-01-10,0.3127253933423371,0.3143977200498598,0.3093807399272918,0.3093807399272918,155600.0
2018-01-11,0.3093807382876854,0.3127253916850052,0.3060360848903656,0.3060360848903656,465000.0
2018-01-12,0.3110530972480774,0.3127254241201873,0.3077084435038575,0.3110530972480774,146000.0
2018-01-15,0.3110530978909742,0.3177424053932396,0.3110530978909742,0.3127254247665405,347400.0
2018-01-16,0.3127254126173543,0.337810334712025,0.3127254126173543,0.331121027469635,2675600.0
2018-01-17,0.3327933293514545,0.3444996161487462,0.3294486759807997,0.3411549627780914,2225400.0
2018-01-18,0.3444996178150177,0.351188924588682,0.3378103110413534,0.3444996178150177,2211800.0
2018-01-19,0.3444996489650074,0.3545336100327842,0.3444996489650074,0.3478443026542663,1709000.0
2018-01-22,0.3545336368404055,0.3679122924804687,0.3511889828982447,0.3679122924804687,5599600.0
2018-01-23,0.367912290250391,0.3712569441722784,0.3612229824066162,0.3612229824066162,1772800.0
2018-01-24,0.3645676396133479,0.3746016014694185,0.3645676396133479,0.371256947517395,1770200.0
2018-01-25,0.3712569464226296,0.3712569464226296,0.3612229845961471,0.3679122924804687,750600.0
2018-01-26,0.3679122935653715,0.3746016014694185,0.3645676396133479,0.371256947517395,1278400.0
2018-01-29,0.3746015766709511,0.3879801915933866,0.3746015766709511,0.3846355378627777,4172200.0
2018-01-30,0.3846355048741049,0.3879801583178561,0.3712568910991005,0.3779461979866028,1108600.0
2018-01-31,0.3712568599839196,0.3779461663107885,0.3645675536570508,0.3746015131473541,1594000.0
2018-02-01,0.3779462586476002,0.3846355666087474,0.3746016046670267,0.3812909126281738,603800.0
2018-02-02,0.3846354800670217,0.3913247865230967,0.3812908268389841,0.3879801332950592,1759200.0
2018-02-05,0.3812908576396521,0.3913248181343078,0.3746015506432149,0.3913248181343078,3090400.0
2018-02-06,0.3812908514303539,0.3812908514303539,0.3578782773240961,0.3779461979866028,3990800.0
2018-02-07,0.3812908514303539,0.3879801583178561,0.3746015445428516,0.3779461979866028,1962600.0
2018-02-08,0.3879801332950592,0.3879801332950592,0.3812908268389841,0.3879801332950592,1342000.0
2018-02-09,0.3679122935653715,0.3812909093734656,0.3679122935653715,0.371256947517395,2076600.0
2018-02-12,0.3779462586476002,0.387980220589321,0.3746016046670267,0.3812909126281738,2595400.0
2018-02-13,0.4013587903386411,0.4180820566563294,0.3980141370751033,0.4147374033927917,5479200.0
2018-02-14,0.4113927781581878,0.4147374316496028,0.4080481246667729,0.4113927781581878,1305000.0
2018-02-15,0.4147374033927918,0.4247713631834048,0.4113927501292541,0.4147374033927917,3281200.0
2018-02-19,0.4180820897407538,0.4247713967971794,0.4113927826843281,0.4214267432689667,2748800.0
2018-02-20,0.4214267447658005,0.4281160518459854,0.4147374376856156,0.4247713983058929,2056400.0
2018-02-21,0.424771404110409,0.438150018453598,0.4214267505246117,0.438150018453598,5168200.0
2018-02-22,0.4348053648678007,0.438150018453598,0.4281160576962062,0.438150018453598,1944000.0
2018-02-23,0.434805303812027,0.4381499569281649,0.4314606506958891,0.434805303812027,1708400.0
2018-02-26,0.4348053301784088,0.4414946766877335,0.4214267169025847,0.4281160235404968,2251000.0
2018-02-27,0.4348053589261703,0.4348053589261703,0.4147374376856156,0.4247713983058929,3075000.0
2018-02-28,0.4247713702215407,0.4314606768594528,0.4113927569457167,0.4281160235404968,1889600.0
2018-03-01,0.4314607368817433,0.4548733532428741,0.4281160830974986,0.4548733532428741,7058400.0
2018-03-02,0.4448393906560168,0.4548733519809134,0.4448393906560168,0.4515286982059479,1459200.0
2018-03-05,0.4515287561450271,0.4515287561450271,0.4281161368445994,0.4448394477367401,1993600.0
2018-03-06,0.4481840444309823,0.4515286982059479,0.4448393906560168,0.4515286982059479,963400.0
2018-03-07,0.4448393134639417,0.4749411922151129,0.4448393134639417,0.4715965390205383,6437800.0
2018-03-08,0.4749412187570073,0.4849752187728882,0.4749412187570073,0.4849752187728882,4248400.0
2018-03-09,0.4883199036121368,0.4883199036121368,0.4816305964182307,0.4883199036121368,2830400.0
2018-03-12,0.4883198402597049,0.4916644934227376,0.4749411877361633,0.4816305339336395,1826600.0
2018-03-13,0.4849751870966722,0.4849751870966722,0.478285840899196,0.4816305339336395,1243800.0
2018-03-14,0.4849753102292635,0.4983539262781521,0.4849753102292635,0.4916646182537079,6949800.0
2018-03-15,0.4916645255358665,0.4950091789173556,0.4849752187728882,0.4849752187728882,1462600.0
2018-03-16,0.4916644732641493,0.5050430853677477,0.4916644732641493,0.4983537793159485,6216800.0
2018-03-19,0.4916646182537079,0.49500927226593,0.4849753102292635,0.4916646182537079,1275000.0
2018-03-20,0.4883198721543773,0.4916645255358665,0.481630565391399,0.4849752187728882,1679000.0
2018-03-21,0.4883198402597049,0.4916644934227376,0.478285840899196,0.4816305339336395,1696200.0
2018-03-22,0.4849752187728882,0.4983538322988448,0.4782858721384965,0.4849752187728882,2714000.0
2018-03-23,0.4682520011557652,0.4749413091924814,0.4548733850823328,0.4615626931190491,2591200.0
2018-03-26,0.4615626101900902,0.4749412238597869,0.4548733033552418,0.474941223859787,3251800.0
2018-03-27,0.481630565391399,0.4849752187728882,0.4782858721384965,0.4849752187728882,2975200.0
2018-03-28,0.4849751916702478,0.4849751916702478,0.4649072326313891,0.4715965390205383,906600.0
2018-03-29,0.4749413091924814,0.4782859632108395,0.4615626931190491,0.4615626931190491,1783400.0
2018-04-02,0.4682520280358161,0.4682520280358161,0.4414947943529498,0.4481841027736664,2138200.0
2018-04-03,0.4414947943529498,0.4481841027736664,0.43480544606081,0.4481841027736664,3768000.0
2018-04-04,0.4515286954513954,0.4649073104696413,0.4180821180343628,0.4180821180343628,6416000.0
2018-04-05,0.4414947368810512,0.458218005755879,0.4381500432346676,0.4515286982059479,3336400.0
2018-04-06,0.4414947943529498,0.4582180654047412,0.4414947943529498,0.4481841027736664,3884000.0
2018-04-09,0.4515286713257713,0.4615626320533313,0.4448393641740647,0.458217978477478,3168200.0
2018-04-10,0.4582179567726659,0.4749412238597869,0.4515286499378176,0.474941223859787,4787400.0
2018-04-11,0.4749412508025808,0.4782859044097428,0.4682519435882568,0.4682519435882568,2002800.0
2018-04-12,0.4749412508025808,0.4749412508025808,0.4615626363739328,0.4682519435882568,1730400.0
2018-04-13,0.4649072282470652,0.4883198402597049,0.4649072282470652,0.4816305339336395,2660200.0
2018-04-16,0.4816306562170414,0.4916646182537079,0.4782859623333984,0.4916646182537079,1933800.0
2018-04-17,0.4916646182537079,0.4983539262781521,0.4849753102292635,0.4916646182537079,1751800.0
2018-04-18,0.4916646182537079,0.4983539262781521,0.4816306562170414,0.4916646182537079,1801600.0
2018-04-19,0.4916645572090898,0.4950092108060429,0.4849752500151837,0.4883199036121368,1260600.0
2018-04-20,0.5016984955471777,0.5184217627835179,0.4983538420999097,0.5050431489944458,6840200.0
2018-04-23,0.5117324201497369,0.5150770733634152,0.4883198476539878,0.4950091540813446,3627000.0
2018-04-24,0.4916645572090898,0.501698517999949,0.4849752500151837,0.4883199036121368,2681800.0
2018-04-25,0.4883198721543773,0.4916645255358665,0.4749412187570073,0.4849752187728882,1818600.0
2018-04-26,0.49835389972813,0.5016985535621643,0.484975284391993,0.5016985535621643,4827000.0
2018-04-27,0.5016984605087015,0.50504311372238,0.4950091540813446,0.4950091540813446,3203800.0
2018-04-30,0.5016985535621643,0.5016985535621643,0.4916645920600615,0.5016985535621643,1771200.0
2018-05-02,0.5016984605087015,0.50504311372238,0.4916645008676662,0.4950091540813446,2612000.0
2018-05-03,0.4983537793159485,0.5016984323418481,0.4916644732641493,0.4983537793159485,963200.0
2018-05-04,0.4916645008676662,0.5016984605087015,0.4916645008676662,0.4950091540813446,542400.0
2018-05-07,0.4950092482365698,0.5083878636360168,0.4950092482365698,0.5083878636360168,2271000.0
2018-05-08,0.5134887492034822,0.5236905027679624,0.5100881646819888,0.5168893337249756,1803800.0
2018-05-09,0.5134887453870709,0.5440940463912082,0.5134887453870709,0.540693461894989,4898000.0
2018-05-10,0.5406933822893588,0.5440939662849141,0.530491589764534,0.5338922142982483,1156800.0
2018-05-11,0.5338922142982483,0.5372927982938036,0.530491589764534,0.5338922142982483,680800.0
2018-05-14,0.5372929142324631,0.5542958378791809,0.5338923295031195,0.5542958378791809,3899400.0
2018-05-15,0.5542957791967007,0.5542957791967007,0.5406934417193858,0.5440940260887146,1272000.0
2018-05-16,0.5474945902824402,0.5542957587704692,0.5406934217944112,0.5474945902824402,1403600.0
2018-05-17,0.5542957998798657,0.5542957998798657,0.540693461894989,0.540693461894989,1249400.0
2018-05-18,0.5440940060384256,0.5508951745264546,0.5406934217944112,0.5474945902824402,598200.0
2018-05-21,0.5474946335245551,0.5474946335245551,0.5168893323730007,0.5270910859107971,1580800.0
2018-05-22,0.5270909851749751,0.5338921934385141,0.5032868981361389,0.5032868981361389,1611200.0
2018-05-23,0.5032869769425474,0.5100881457328796,0.4862840144285532,0.5100881457328796,2482800.0
2018-05-24,0.5202897972526027,0.5202897972526027,0.4998862948684954,0.5066874623298645,1150000.0
2018-05-25,0.506687592558787,0.5100881771634904,0.4964858387446771,0.4998864233493805,581400.0
2018-05-28,0.4998864233493804,0.506687592558787,0.4964858387446771,0.4998864233493805,580200.0
2018-05-30,0.4930851274071264,0.5066874623298645,0.4896845436764418,0.5066874623298645,941800.0
2018-05-31,0.5066875408249435,0.5236904621124268,0.5032869565674469,0.5236904621124268,1573600.0
2018-06-01,0.5236904823073334,0.5236904823073334,0.5100881447528043,0.5202898979187012,3454000.0
2018-06-04,0.5168893323730007,0.530491670423396,0.5168893323730007,0.5270910859107971,1878600.0
2018-06-05,0.5270910057689787,0.5372927982938036,0.5236904217734235,0.5338922142982483,4844000.0
2018-06-06,0.5338922929025507,0.5474946308874273,0.5304916678681667,0.540693461894989,4050200.0
2018-06-07,0.5440940260887146,0.5474946104580433,0.5372928573500572,0.5440940260887146,1770600.0
2018-06-08,0.5440940260887146,0.5474946104580433,0.5406934417193858,0.5440940260887146,2310400.0
2018-06-11,0.5440940463912082,0.5474946308874273,0.5304916678681667,0.540693461894989,1246800.0
2018-06-12,0.5338922929025507,0.5440940463912082,0.5338922929025507,0.540693461894989,1135600.0
2018-06-13,0.5406934417193858,0.5508951948273719,0.5372928573500572,0.5440940260887146,3154200.0
2018-06-14,0.5440940836911502,0.561097007337868,0.5440940836911502,0.5542958378791809,4142400.0
2018-06-18,0.5576963843760848,0.561096968872304,0.540693461894989,0.540693461894989,1924200.0
2018-06-19,0.5406934217944112,0.5508951745264546,0.5372928375503966,0.5474945902824402,1130000.0
2018-06-20,0.5338922954741598,0.5440940490119562,0.5236905013981983,0.5270910859107971,1213600.0
2018-06-21,0.5270910463699233,0.5372928396805753,0.5168892935974334,0.5236904621124268,1102600.0
2018-06-22,0.5202898979187012,0.5236904823073334,0.5066875603641721,0.5202898979187012,1157200.0
2018-06-25,0.5202899554158761,0.5372929197761964,0.5202899554158761,0.5304917097091675,1576000.0
2018-06-26,0.5304916718109491,0.5304916718109491,0.5066875801604954,0.5168893337249756,1234200.0
2018-06-27,0.5134887492034822,0.5270910872894558,0.5134887492034822,0.5168893337249756,697200.0
2018-06-28,0.5236905013981983,0.5270910859107971,0.5134887478604019,0.5270910859107971,567600.0
2018-06-29,0.5202899168855994,0.5338922954741598,0.5202899168855994,0.5270910859107971,1594000.0
2018-07-02,0.5270910677087102,0.533892277037206,0.5100881457328796,0.5100881457328796,1311400.0
2018-07-03,0.506687592558787,0.5134887617681937,0.4964858387446771,0.4998864233493805,2177400.0
2018-07-04,0.5032869391411662,0.5032869391411662,0.4794828096247442,0.4828833937644958,1767200.0
2018-07-05,0.4862840605790772,0.4930852705530382,0.4590793828359032,0.4692811369895935,2296800.0
2018-07-06,0.4692811601530368,0.4692811601530368,0.4454770254146339,0.4556788206100464,1691200.0
2018-07-09,0.4556788021133762,0.4556788021133762,0.4352752530889309,0.4488776326179504,2372000.0
2018-07-10,0.4522781465284884,0.472681651819107,0.4522781465284884,0.4658804833889007,1849600.0
2018-07-11,0.462479971608802,0.462479971608802,0.4420764225843567,0.4488776326179504,1332600.0
2018-07-12,0.4454769568454171,0.4624799191951751,0.4454769568454171,0.4624799191951751,468000.0
2018-07-13,0.4590793140911302,0.4930851967160586,0.4590793140911302,0.4862839877605438,1871400.0
2018-07-16,0.4896846125073819,0.4930851967160586,0.4760822351345137,0.4862839877605438,1084400.0
2018-07-17,0.4828834758611805,0.4828834758611805,0.4658805522716968,0.4692811369895935,1161200.0
2018-07-18,0.4760822257201053,0.4760822257201053,0.4692810574372433,0.4726816415786743,488600.0
2018-07-19,0.472681651819107,0.4794828202493131,0.4658804833889007,0.4658804833889007,501000.0
2018-07-20,0.4658805035574941,0.4658805035574941,0.4556787504705372,0.4624799191951751,1007400.0
2018-07-23,0.4590793550014496,0.4658805240248811,0.4522781859780179,0.4590793550014496,850800.0
2018-07-24,0.459079266815215,0.4828833538246105,0.459079266815215,0.4794827699661255,1196000.0
2018-07-25,0.4794828193431904,0.4930851967160586,0.4760822351345137,0.4862839877605438,2422600.0
2018-07-26,0.4930851757526397,0.5032869279449443,0.4896845916885382,0.4930851757526397,1570000.0
2018-07-27,0.5134887093399368,0.5236904621124268,0.5100881250824402,0.5236904621124268,3126200.0
2018-07-30,0.5236905401803066,0.5372929197761964,0.5168893706514457,0.5304917097091675,2301200.0
2018-07-31,0.533892277037206,0.533892277037206,0.5066875613377135,0.5100881457328796,2639000.0
2018-08-01,0.5100881646819888,0.5236905027679624,0.5100881646819888,0.5168893337249756,1149400.0
2018-08-02,0.510088046060549,0.5168892135219181,0.4964857111378109,0.5066874623298645,1199000.0
2018-08-03,0.510088046060549,0.5168892135219181,0.4998862948684954,0.5066874623298645,830200.0
2018-08-06,0.5066874708951163,0.5066874708951163,0.4862839276279436,0.4896845519542694,1467400.0
2018-08-07,0.4930851274071264,0.510088046060549,0.4896845436764418,0.5066874623298645,1744400.0
2018-08-08,0.4726816432990801,0.4828833957605041,0.4352751770690314,0.4386757612228393,9448200.0
2018-08-10,0.4420763459592216,0.4488775548139611,0.3944681272050101,0.4182722568511963,8135600.0
2018-08-13,0.4182722671453864,0.4216728513873682,0.404669930177459,0.4114710986614227,2354200.0
2018-08-14,0.4148716954387327,0.4250734484729238,0.3876669801427269,0.3910675644874573,4929400.0
2018-08-15,0.4012693053973153,0.4148716829034046,0.3944681369133516,0.4114710986614227,6587800.0
2018-08-16,0.4080705561939723,0.4182723099642801,0.4012693464756012,0.4012693464756012,5136200.0
2018-08-17,0.4080705642700195,0.4148717335848254,0.4046699796126166,0.4080705642700195,2051200.0
2018-08-20,0.4080705642700195,0.4148717335848254,0.4046699796126166,0.4080705642700195,2459800.0
2018-08-21,0.4080705561939723,0.411471140784075,0.4012693464756012,0.4012693464756012,2198000.0
2018-08-23,0.4046699389491323,0.4284740291589856,0.4046699389491323,0.4250734448432922,5862600.0
2018-08-24,0.4250734356293501,0.4250734356293501,0.4080705144194408,0.4114710986614227,2399600.0
2018-08-27,0.4114710986614227,0.4216728513873682,0.4114710986614227,0.4114710986614227,1106200.0
2018-08-28,0.4148716934571118,0.4182722777855994,0.4012693156049987,0.4046699404716491,2356600.0
2018-08-29,0.4046699687611504,0.4148717224597931,0.4012693436567704,0.4148717224597931,1822400.0
2018-08-30,0.4080705159803613,0.4114711002353508,0.3876669699122622,0.3978687226772308,4228200.0
2018-08-31,0.3978687312765112,0.4046699404716491,0.3944681469480235,0.4046699404716491,1526800.0
2018-09-03,0.4012693175216483,0.4012693175216483,0.3842663957979966,0.3910675644874573,2647400.0
2018-09-04,0.3910675644874573,0.3978687331769179,0.3876669801427269,0.3910675644874573,1310000.0
2018-09-05,0.3944681922271306,0.3944681922271306,0.3672635144765359,0.3740646839141845,3345000.0
2018-09-06,0.3774652206815437,0.3774652206815437,0.3468599215619152,0.3536610901355743,3907600.0
2018-09-07,0.3502605415776964,0.3740646745518489,0.3468599569439842,0.3706640899181366,2626800.0
2018-09-10,0.3740646239736291,0.387666960669272,0.3638628714518969,0.3842663764953613,2313600.0
2018-09-11,0.3842664380706576,0.3842664380706576,0.3638629297577115,0.3740646839141845,3113400.0
2018-09-12,0.3740646745518489,0.3774652591855612,0.3672635052844243,0.3706640899181366,1626600.0
2018-09-13,0.3706640414301145,0.3808657939967199,0.3604622483253479,0.3604622483253479,1729600.0
2018-09-14,0.3536610901355743,0.3774652206815437,0.3468599215619152,0.3536610901355743,4903000.0
2018-09-17,0.3536610901355743,0.3536610901355743,0.3468599215619152,0.3536610901355743,1622200.0
2018-09-18,0.3502605369292385,0.3502605369292385,0.3366581985749118,0.3434593677520752,4049600.0
2018-09-19,0.3434593677520752,0.3502605369292385,0.334957906280621,0.3434593677520752,3875200.0
2018-09-20,0.3400587831634935,0.3434593677520752,0.3366581985749118,0.3434593677520752,3293800.0
2018-09-21,0.3468599481017788,0.3672634959220886,0.3434593635547547,0.3672634959220886,7992800.0
2018-09-24,0.3638628630583937,0.3638628630583937,0.3536610702338331,0.3570616543292999,1743200.0
2018-09-25,0.3536610799476109,0.367263457241246,0.3502604957587424,0.3604622483253479,1836000.0
2018-09-26,0.3604622384247667,0.3740646153447942,0.3570616543292999,0.3570616543292999,2341600.0
2018-09-27,0.3604622384247667,0.3604622384247667,0.3536610702338331,0.3570616543292999,635400.0
2018-09-28,0.3536610702338331,0.3638628630583937,0.3502604861383662,0.3570616543292999,1600400.0
2018-10-01,0.3570616625659145,0.387666960669272,0.3570616625659145,0.3842663764953613,4247200.0
2018-10-02,0.387667013086698,0.3910675977204103,0.3706640899181366,0.3706640899181366,2758000.0
2018-10-03,0.3706640790400827,0.3808658326418238,0.3706640790400827,0.3774652481079101,1048800.0
2018-10-04,0.3808658326418238,0.3910675862435649,0.3740646635739964,0.3774652481079101,2500800.0
2018-10-05,0.3740646650161368,0.3774652495631608,0.3638629113750645,0.3672634959220886,1929200.0
2018-10-08,0.3672634678210549,0.3672634678210549,0.3502605058487448,0.3536610901355743,1971800.0
2018-10-09,0.3536610901355743,0.3604622587092335,0.3468599215619152,0.3536610901355743,1781600.0
2018-10-10,0.3570617061064018,0.3570617061064018,0.3400587831634935,0.3434593677520752,2526800.0
2018-10-11,0.3332575764460558,0.3332575764460558,0.3196552193549031,0.3281566798686981,4257600.0
2018-10-12,0.3264564155089164,0.3434593582505343,0.3264564155089164,0.3400587737560272,3115600.0
2018-10-15,0.3383584821642108,0.3434593589158524,0.3332576054125692,0.3349578976631164,1548400.0
2018-10-16,0.3383584622148287,0.3400587543651278,0.3315572936136321,0.3332575857639313,987800.0
2018-10-17,0.3400587831634935,0.3502605369292385,0.3383584908692027,0.3434593677520752,2629200.0
2018-10-18,0.3400587641585113,0.3434593485570433,0.3349578875607132,0.3366581797599792,2050600.0
2018-10-19,0.3332575953614472,0.3434593485570433,0.3315573031621812,0.3366581797599792,2379600.0
2018-10-22,0.3383584908692027,0.3468599523406568,0.3366581985749118,0.3434593677520752,1792600.0
2018-10-23,0.3400587646763443,0.3400587646763443,0.3315573036670685,0.3315573036670685,3232600.0
2018-10-24,0.3315573053235949,0.3349578897442952,0.3179549473717116,0.3196552395820617,6175600.0
2018-10-25,0.3111537590485397,0.3247560958796798,0.307753154571674,0.3230558037757873,2874400.0
2018-10-26,0.3247561265429307,0.3247561265429307,0.316254665220766,0.317954957485199,1670200.0
2018-10-29,0.3349578387727017,0.3638628424882527,0.3349578387727017,0.350260466337204,6907600.0
2018-10-30,0.3502605272395485,0.3502605272395485,0.3349578970142666,0.3400587737560272,3180000.0
2018-10-31,0.3400587146275358,0.3536610502404267,0.3400587146275358,0.350260466337204,3363200.0
2018-11-01,0.3536610901355743,0.3604622587092335,0.3502605058487448,0.3536610901355743,2559400.0
2018-11-02,0.3536610790449889,0.3706640404840971,0.3502604948647995,0.3638628721237182,6012600.0
2018-11-05,0.3604622906949835,0.3604622906949835,0.3400587831634935,0.3434593677520752,4337000.0
2018-11-07,0.3536610901355743,0.3604622587092335,0.3434593372750856,0.3536610901355743,4880400.0
2018-11-08,0.3638629113750645,0.3740646650161368,0.3570617017428509,0.3672634959220886,6878800.0
2018-11-09,0.3672634945061689,0.3808658326418238,0.3638629099722553,0.3774652481079101,4874600.0
2018-11-12,0.380865763222466,0.3978686827929591,0.3774651793083674,0.3944680988788605,5594400.0
2018-11-13,0.380865763222466,0.4046698911593142,0.3774651793083674,0.3944680988788605,11556800.0
2018-11-14,0.3978687226772308,0.4046699317253718,0.3944681384222412,0.3978687226772308,2287400.0
2018-11-15,0.4012693053973153,0.4216728513873682,0.3978687211553335,0.4114710986614227,6413800.0
2018-11-16,0.4148716918962122,0.4318746134746788,0.4148716918962122,0.4250734448432922,4451400.0
2018-11-19,0.4284740087614154,0.4420763453766473,0.4216728404537994,0.4386757612228393,4081600.0
2018-11-20,0.4318745934843536,0.4488775548139611,0.4148716726929069,0.4182722568511963,7937400.0
2018-11-21,0.4114710882570412,0.4284740090370178,0.4046699199450506,0.4284740090370178,3916600.0
2018-11-22,0.4284740291589856,0.4352751977903722,0.4216728605275989,0.4250734448432922,1922800.0
2018-11-23,0.4284740291589856,0.4318746134746788,0.4216728605275989,0.4250734448432922,1524400.0
2018-11-26,0.4216728605275989,0.4318746134746788,0.4182722762119056,0.4250734448432922,2746200.0
2018-11-27,0.4284739990729602,0.4454769194575381,0.4250734149960447,0.4352751672267914,9412600.0
2018-11-28,0.4420763649108642,0.4590793269693821,0.4386757806067931,0.4454769492149353,7165000.0
2018-11-29,0.4522782173656633,0.4556788021133762,0.4420764225843567,0.4488776326179504,2492000.0
2018-11-30,0.4488775542224241,0.4488775542224241,0.4386757612228393,0.4386757612228393,1468400.0
2018-12-03,0.4454770254146339,0.4624799903815416,0.4454770254146339,0.4556788206100464,4372000.0
2018-12-04,0.4556788114312476,0.462479981065746,0.4454770164413313,0.4522782266139984,1923000.0
2018-12-05,0.4386757118432219,0.44887750369444,0.4352751280722013,0.4420762956142425,2879200.0
2018-12-06,0.4386757513037069,0.4454769194575381,0.4318745831498758,0.4352751672267914,1767600.0
2018-12-07,0.4386757612228393,0.4420763453766473,0.4352751770690314,0.4386757612228393,1627800.0
2018-12-10,0.4386757612228393,0.4386757612228393,0.4250734246076074,0.4386757612228393,1803200.0
2018-12-11,0.4352751280722013,0.44887750369444,0.4352751280722013,0.4420762956142425,1248600.0
2018-12-12,0.442076418708252,0.4726817217074903,0.442076418708252,0.4692811369895935,4343800.0
2018-12-13,0.4692810183906702,0.4828833538246105,0.4692810183906702,0.4794827699661255,2659600.0
2018-12-14,0.4760822355747223,0.4828834039983644,0.4692810671510802,0.4760822355747223,1278400.0
2018-12-17,0.4726816513629012,0.4896846129601679,0.4726816513629012,0.4760822355747223,1502400.0
2018-12-18,0.4658804833889007,0.472681651819107,0.4522781465284884,0.4658804833889007,1362600.0
2018-12-19,0.4658804833889007,0.472681651819107,0.4590793149586946,0.4658804833889007,682000.0
2018-12-20,0.462479981065746,0.4692811507002444,0.4454770164413313,0.4522782266139984,1792400.0
2018-12-21,0.4454770073320697,0.4522782173656633,0.4352752530889309,0.4488776326179504,1599000.0
2018-12-24,0.4454769492149352,0.4488775740571689,0.435275196302722,0.4454769492149353,646400.0
2018-12-26,0.442076345660999,0.442076345660999,0.4250734248810225,0.4284740090370178,1271400.0
2018-12-27,0.4420763664217588,0.4454769507374522,0.4250734448432922,0.4250734448432922,1303400.0
2018-12-28,0.4284740187995898,0.4318746030330658,0.4250734345661138,0.4318746030330658,609200.0
2018-12-31,0.4352751773490084,0.4352751773490084,0.4284740090370178,0.4284740090370178,491600.0
2019-01-01,0.4284740090370178,0.4284740090370178,0.4284740090370178,0.4284740090370178,0.0
2019-01-02,0.4318746134746788,0.4420763664217588,0.4182722762119056,0.4250734448432922,1587400.0
2019-01-03,0.4182723182422283,0.4250734875570341,0.4080705642700195,0.4080705642700195,1825400.0
2019-01-04,0.4046699687611504,0.4182723070260073,0.3910675899581278,0.4148717224597931,2119800.0
2019-01-07,0.4250734448432922,0.4284740291589856,0.4182722762119056,0.4250734448432922,2054200.0
2019-01-08,0.4216728605275989,0.4284740291589856,0.4182722762119056,0.4250734448432922,1299000.0
2019-01-09,0.4250734246076074,0.4454769295304553,0.4250734246076074,0.4386757612228393,2647200.0
2019-01-10,0.4454770164413313,0.4590793962484968,0.4352752619895838,0.4522782266139984,3525000.0
2019-01-11,0.4590793962484968,0.4590793962484968,0.4488776417967492,0.4522782266139984,1740800.0
2019-01-14,0.4522781383762321,0.4590793066838481,0.4352751770690314,0.4386757612228393,1154000.0
2019-01-15,0.4454770073320697,0.4556788021133762,0.4420764225843567,0.4488776326179504,1608400.0
2019-01-16,0.4488775542224241,0.4522781383762321,0.4386757612228393,0.4386757612228393,1936600.0
2019-01-17,0.4420762956142426,0.4522780874654606,0.4386757118432219,0.4420762956142425,2263000.0
2019-01-18,0.44887750369444,0.4556786712364812,0.4420762956142426,0.4420762956142425,2780800.0
2019-01-21,0.4454768793852632,0.4522780874654606,0.4386757118432219,0.4420762956142425,1826400.0
2019-01-22,0.4420763557334937,0.4420763557334937,0.4318746030330658,0.4318746030330658,1017600.0
2019-01-23,0.4318746030330658,0.4386757715000177,0.4284740187995898,0.4318746030330658,1027600.0
2019-01-24,0.4318745831498758,0.4386757513037069,0.4318745831498758,0.4352751672267914,927000.0
2019-01-25,0.4386757715000177,0.4420763557334937,0.4318746030330658,0.4318746030330658,1117400.0
2019-01-28,0.4352751977903722,0.4386757821060655,0.4250734448432922,0.4250734448432922,1110800.0
2019-01-29,0.4250734448432922,0.4284740291589856,0.4182722762119056,0.4250734448432922,970600.0
2019-01-30,0.4284739990729602,0.4420763353806225,0.4284739990729602,0.4352751672267914,2499600.0
2019-01-31,0.4352751280722013,0.44887750369444,0.4352751280722013,0.4420762956142425,1713400.0
2019-02-01,0.4420763453766473,0.4488775542224241,0.4386757612228393,0.4386757612228393,573400.0
2019-02-04,0.4352751672267914,0.4420763353806225,0.4352751672267914,0.4352751672267914,100400.0
2019-02-05,0.4352751672267914,0.4352751672267914,0.4352751672267914,0.4352751672267914,0.0
2019-02-07,0.435275196302722,0.4488775740571689,0.435275196302722,0.4454769492149353,894800.0
2019-02-08,0.4420763353806225,0.4454769194575381,0.4318745831498758,0.4352751672267914,2718400.0
2019-02-11,0.4352751770690314,0.4420763453766473,0.4284740087614154,0.4386757612228393,2395200.0
2019-02-12,0.4386758556431387,0.4556788206100463,0.4352752707573911,0.4556788206100464,3699600.0
2019-02-13,0.4522782266139984,0.462479981065746,0.4454770164413313,0.4522782266139984,3828600.0
2019-02-14,0.455678742665311,0.455678742665311,0.4454769492149352,0.4454769492149353,1188000.0
2019-02-15,0.44887750369444,0.44887750369444,0.4386757118432219,0.4420762956142425,2689200.0
2019-02-18,0.4454769295304553,0.4454769295304553,0.4352751770690314,0.4386757612228393,1309000.0
2019-02-19,0.4386757513037069,0.4454769194575381,0.4318745831498758,0.4352751672267914,1210000.0
2019-02-20,0.4352752530889309,0.4522782173656633,0.4352752530889309,0.4488776326179504,2584600.0
2019-02-21,0.4454770073320697,0.4556788021133762,0.4420764225843567,0.4488776326179504,1961800.0
2019-02-22,0.4488775740571689,0.4488775740571689,0.4420763649108642,0.4454769492149353,2166600.0
2019-02-25,0.4454770164413313,0.462479981065746,0.4420764316240821,0.4522782266139984,3623000.0
2019-02-26,0.4522782266139984,0.462479981065746,0.4488776417967492,0.4522782266139984,2702200.0
2019-02-27,0.4556788206100463,0.4556788206100463,0.4488776508385511,0.4556788206100464,2348800.0
2019-02-28,0.4522782173656633,0.4556788021133762,0.4420764225843567,0.4488776326179504,2464200.0
2019-03-01,0.4386757615050037,0.4454769298169944,0.4216728407250272,0.4284740090370178,6911800.0
2019-03-04,0.4250733946439059,0.4250733946439059,0.3944680988788605,0.3944680988788605,8903600.0
2019-03-05,0.3944680879774759,0.3944680879774759,0.3774651688768697,0.3808657526969909,5341000.0
2019-03-06,0.3808657526969909,0.3876669203372334,0.3706640012366272,0.3808657526969909,3841600.0
2019-03-07,0.3774651688768697,0.3944680879774759,0.3774651688768697,0.3808657526969909,5390200.0
2019-03-08,0.3842664171757375,0.3910675862435649,0.3740646635739964,0.3774652481079101,6976400.0
2019-03-11,0.3774652481079101,0.3842664171757375,0.3740646635739964,0.3774652481079101,2772600.0
2019-03-12,0.3808658312507449,0.3944681693367184,0.3808658312507449,0.3876670002937317,5319400.0
2019-03-13,0.3876669782910484,0.4080705248001367,0.3808658096340733,0.4046699404716491,11397600.0
2019-03-14,0.4080705561939723,0.411471140784075,0.4012693464756012,0.4012693464756012,2496200.0
2019-03-15,0.4012693464756012,0.4080705561939723,0.3944681772953959,0.4012693464756012,2334200.0
2019-03-18,0.4046699317253718,0.4046699317253718,0.3944681384222412,0.3978687226772308,2912000.0
2019-03-19,0.4012693175216483,0.4012693175216483,0.3876669801427269,0.3910675644874573,3723400.0
2019-03-20,0.3910675149647619,0.3944680988788605,0.3842663471365646,0.3944680988788605,2583600.0
2019-03-21,0.3944681384222412,0.3978687226772308,0.3910675541672517,0.3978687226772308,1654400.0
2019-03-22,0.4012693544170468,0.4114711489274224,0.3978687697596439,0.4080705642700195,4873600.0
2019-03-25,0.4012693464756012,0.411471140784075,0.3944681772953959,0.4012693464756012,2758200.0
2019-03-26,0.3978687331769179,0.4012693175216483,0.3876669801427269,0.3910675644874573,2667000.0
2019-03-27,0.3944680988788605,0.3978686827929591,0.3910675149647619,0.3944680988788605,1829600.0
2019-03-28,0.3910675644874573,0.3978687331769179,0.3842663957979966,0.3910675644874573,3233800.0
2019-03-29,0.387666960669272,0.3944681290170935,0.3842663764953613,0.3842663764953613,2576800.0
2019-04-01,0.3910675149647619,0.3944680988788605,0.3876669310506632,0.3944680988788605,1989800.0
2019-04-02,0.3944681290170935,0.3978687131910042,0.3842663764953613,0.3842663764953613,2118200.0
2019-04-03,0.3842663957979966,0.3944681488321876,0.3842663957979966,0.3910675644874573,2374200.0
2019-04-04,0.3910675848152251,0.3978687538582118,0.3876670002937317,0.3876670002937317,1520200.0
2019-04-05,0.3876670002937317,0.3910675848152251,0.3842664157722383,0.3876670002937317,1143600.0
2019-04-08,0.3910675041573547,0.3910675041573547,0.3808657526969909,0.3808657526969909,2021800.0
2019-04-09,0.3842664157722383,0.3910675848152251,0.3706640776862648,0.3876670002937317,4674600.0
2019-04-10,0.3842663856572727,0.3978687226772308,0.3842663856572727,0.3978687226772308,2361400.0
2019-04-11,0.3978687331769179,0.3978687331769179,0.3910675644874573,0.3910675644874573,1364800.0
2019-04-12,0.3944681488321876,0.3944681488321876,0.3842663957979966,0.3910675644874573,1423400.0
2019-04-15,0.3944681488321876,0.3944681488321876,0.3876669801427269,0.3910675644874573,505800.0
2019-04-16,0.3910675149647619,0.4012692667070577,0.3876669310506632,0.3944680988788605,1893600.0
2019-04-17,0.3978687697596439,0.4114711489274224,0.394468185102241,0.4080705642700195,4776400.0
2019-04-18,0.4114710986614227,0.4182722671453864,0.4080705144194408,0.4114710986614227,2121800.0
2019-04-22,0.4148716726929069,0.4216728410094856,0.4148716726929069,0.4182722568511963,2177400.0
2019-04-23,0.4182723182422283,0.4182723182422283,0.4046699796126166,0.4080705642700195,2301200.0
2019-04-24,0.4080705159803613,0.4114711002353508,0.3978687226772308,0.3978687226772308,1802600.0
2019-04-25,0.4012693156049987,0.4114711091286243,0.3978687312765112,0.4046699404716491,1559200.0
2019-04-26,0.4046699317253718,0.4046699317253718,0.3978687226772308,0.3978687226772308,955200.0
2019-04-29,0.4012693156049987,0.4046699404716491,0.4012693156049987,0.4046699404716491,600200.0
2019-04-30,0.3978686827929591,0.4046698911593142,0.3910675149647619,0.3944680988788605,1605800.0
2019-05-02,0.3978687226772308,0.4012693069322203,0.3910675541672517,0.3978687226772308,1475200.0
2019-05-03,0.3978687226772308,0.4012693069322203,0.3978687226772308,0.3978687226772308,896200.0
2019-05-06,0.3978687226772308,0.3978687226772308,0.3876669699122622,0.3978687226772308,1920600.0
2019-05-07,0.3978687226772308,0.4046699317253718,0.3944681384222412,0.3978687226772308,1538400.0
2019-05-08,0.3960845722806203,0.4032212243426096,0.3925162462496257,0.399652898311615,1597400.0
2019-05-09,0.4032212643357944,0.4032212643357944,0.3925162851810455,0.3925162851810455,1184600.0
2019-05-10,0.3925162901446394,0.3960846165746793,0.3782429418866737,0.3889479637145996,2378600.0
2019-05-13,0.3853796047028121,0.3889479308311694,0.3782429099082947,0.3782429099082947,799600.0
2019-05-14,0.3746746202823497,0.3853796422481537,0.3675379673303517,0.3853796422481537,1286000.0
2019-05-15,0.3853796422481537,0.3889479687241526,0.3818113157721547,0.3853796422481537,622000.0
2019-05-16,0.3853795941876364,0.399652898311615,0.3853795941876364,0.399652898311615,727400.0
2019-05-17,0.4032212243426096,0.4103578764045989,0.399652898311615,0.399652898311615,1298200.0
2019-05-21,0.4032212743753894,0.4103579273229137,0.3996529479016272,0.4067896008491516,1270800.0
2019-05-22,0.4103578878492082,0.413926213979721,0.4032212355881824,0.413926213979721,1111400.0
2019-05-23,0.4103578878492082,0.413926213979721,0.4032212355881824,0.413926213979721,1783600.0
2019-05-24,0.4139262093555179,0.417494535446167,0.4103578832648688,0.417494535446167,891400.0
2019-05-27,0.417494535446167,0.417494535446167,0.4103578832648688,0.417494535446167,777400.0
2019-05-28,0.4139262093555179,0.4210628615368161,0.4139262093555179,0.417494535446167,1344200.0
2019-05-29,0.413926213979721,0.4174945401102339,0.4103578878492082,0.413926213979721,876600.0
2019-05-30,0.4103578832648688,0.417494535446167,0.4103578832648688,0.417494535446167,601200.0
2019-05-31,0.4103579223155975,0.4139262487458179,0.4032212694551568,0.4103579223155975,883200.0
2019-06-03,0.4067895758347208,0.4067895758347208,0.4032212495803833,0.4032212495803833,336800.0
2019-06-04,0.4032212243426096,0.4067895503736042,0.3960845722806203,0.399652898311615,1028200.0
2019-06-06,0.4032212243426096,0.4032212243426096,0.3960845722806203,0.399652898311615,324400.0
2019-06-07,0.4032212495803833,0.4032212495803833,0.3960845970717082,0.4032212495803833,347800.0
2019-06-10,0.3996529479016272,0.4103579273229137,0.3996529479016272,0.4067896008491516,962000.0
2019-06-11,0.4067895503736042,0.4174945284665882,0.399652898311615,0.399652898311615,3198800.0
2019-06-12,0.4032212243426096,0.4032212243426096,0.3925162462496257,0.399652898311615,1290600.0
2019-06-13,0.396084621427865,0.4103579273229137,0.396084621427865,0.4067896008491516,835200.0
2019-06-14,0.4103579020890584,0.4103579020890584,0.3960845970717082,0.4032212495803833,507800.0
2019-06-17,0.399652898311615,0.4067895503736042,0.3960845722806203,0.399652898311615,333000.0
2019-06-18,0.4032212743753894,0.4067896008491516,0.3996529479016272,0.4067896008491516,562400.0
2019-06-19,0.4067895958853771,0.4139262487458179,0.4032212694551568,0.4103579223155975,1137600.0
2019-06-20,0.4067896008491516,0.4103579273229137,0.4032212743753894,0.4067896008491516,546200.0
2019-06-21,0.4067895503736042,0.4103578764045989,0.399652898311615,0.399652898311615,411400.0
2019-06-24,0.4032212243426096,0.4067895503736042,0.399652898311615,0.399652898311615,293600.0
2019-06-25,0.4032212243426096,0.4032212243426096,0.399652898311615,0.399652898311615,234800.0
2019-06-26,0.4032212243426096,0.4032212243426096,0.3960845722806203,0.399652898311615,408800.0
2019-06-27,0.4032212743753894,0.4067896008491516,0.4032212743753894,0.4067896008491516,551600.0
2019-06-28,0.4067896008491516,0.4103579273229137,0.3996529479016272,0.4067896008491516,357000.0
2019-07-01,0.4067895958853771,0.4139262487458179,0.4067895958853771,0.4103579223155975,616400.0
2019-07-02,0.4067895958853771,0.4103579223155975,0.4032212694551568,0.4103579223155975,277400.0
2019-07-03,0.4103579020890584,0.4103579020890584,0.4032212495803833,0.4032212495803833,333800.0
2019-07-04,0.4067895503736042,0.4067895503736042,0.399652898311615,0.399652898311615,378800.0
2019-07-05,0.4032212495803833,0.4067895758347208,0.4032212495803833,0.4032212495803833,127800.0
2019-07-08,0.4032212243426096,0.4032212243426096,0.399652898311615,0.399652898311615,548800.0
2019-07-09,0.4032212243426096,0.4067895503736042,0.399652898311615,0.399652898311615,429600.0
2019-07-10,0.399652898311615,0.399652898311615,0.399652898311615,0.399652898311615,230600.0
2019-07-11,0.399652898311615,0.4032212243426096,0.399652898311615,0.399652898311615,157200.0
2019-07-12,0.399652898311615,0.4032212243426096,0.399652898311615,0.399652898311615,246400.0
2019-07-15,0.4032212495803833,0.4032212495803833,0.3960845970717082,0.4032212495803833,339600.0
2019-07-16,0.3996529233260457,0.4067895758347208,0.3996529233260457,0.4032212495803833,677000.0
2019-07-17,0.4032212243426096,0.4067895503736042,0.399652898311615,0.399652898311615,242000.0
2019-07-18,0.3996529233260457,0.4067895758347208,0.3996529233260457,0.4032212495803833,276800.0
2019-07-19,0.4032212743753894,0.4067896008491516,0.3996529479016272,0.4067896008491516,489800.0
2019-07-22,0.4067895503736042,0.4067895503736042,0.399652898311615,0.399652898311615,51200.0
2019-07-23,0.4032212495803833,0.4067895758347208,0.3996529233260457,0.4032212495803833,157800.0
2019-07-24,0.4032212495803833,0.4067895758347208,0.3996529233260457,0.4032212495803833,401600.0
2019-07-25,0.4032212495803833,0.4067895758347208,0.3996529233260457,0.4032212495803833,271600.0
2019-07-26,0.4032212243426096,0.4032212243426096,0.399652898311615,0.399652898311615,177800.0
2019-07-29,0.399652898311615,0.4032212243426096,0.399652898311615,0.399652898311615,206600.0
2019-07-30,0.4032212243426096,0.4032212243426096,0.399652898311615,0.399652898311615,254000.0
2019-07-31,0.4032212495803833,0.4032212495803833,0.3996529233260457,0.4032212495803833,363200.0
2019-08-01,0.3996529630589088,0.4032212896680037,0.3960846364498138,0.3960846364498138,228000.0
2019-08-02,0.3960846364498138,0.3996529630589088,0.3925163098407189,0.3960846364498138,622000.0
2019-08-05,0.3960845959565497,0.3960845959565497,0.37824292219729,0.3818112909793854,903600.0
2019-08-06,0.37824292219729,0.3818112909793854,0.3639696172201256,0.3818112909793854,633800.0
2019-08-07,0.3889479687241526,0.3889479687241526,0.3782429467583487,0.3853796422481537,859800.0
2019-08-08,0.3818112785744548,0.3853796047028121,0.3746745837799374,0.3782429099082947,567000.0
2019-08-13,0.3782428845284514,0.3818112529551764,0.3746745586395263,0.3746745586395263,285600.0
2019-08-14,0.3818112785744548,0.3853796047028121,0.3782429099082947,0.3782429099082947,650000.0
2019-08-15,0.3782428845284514,0.3782428845284514,0.3711062327506013,0.3746745586395263,572400.0
2019-08-16,0.3711062576515801,0.3818112785744548,0.3711062576515801,0.3782429099082947,311200.0
2019-08-19,0.3782428845284514,0.3782428845284514,0.3675379068616763,0.3746745586395263,1059000.0
2019-08-20,0.3711062416814328,0.3746745676562311,0.3639695897318362,0.3675379157066345,563000.0
2019-08-21,0.3675379068616763,0.3746745586395263,0.3604012550838263,0.3746745586395263,1063800.0
2019-08-22,0.3746745586395263,0.3746745586395263,0.3675379068616763,0.3746745586395263,448800.0
2019-08-23,0.3746745676562311,0.3746745676562311,0.3675379157066345,0.3675379157066345,160800.0
2019-08-26,0.3675379407573935,0.3711062669754028,0.3639696145393841,0.3711062669754028,377600.0
2019-08-27,0.3675379407573935,0.3711062669754028,0.3639696145393841,0.3711062669754028,189400.0
2019-08-28,0.3711062416814328,0.3711062416814328,0.3639695897318362,0.3675379157066345,407600.0
2019-08-29,0.3675379407573935,0.3711062669754028,0.3675379407573935,0.3711062669754028,163200.0
2019-08-30,0.3675379157066345,0.3711062416814328,0.3639695897318362,0.3675379157066345,476400.0
2019-09-02,0.3675379249018877,0.3675379249018877,0.3550487836776339,0.3604012727737427,1772400.0
2019-09-03,0.3639695988378152,0.3639695988378152,0.3550487836776339,0.3604012727737427,890200.0
2019-09-04,0.3604013075176908,0.3604013075176908,0.3550488179055833,0.3568329811096191,1107800.0
2019-09-05,0.3604013075176908,0.3604013075176908,0.3550488179055833,0.3568329811096191,863800.0
2019-09-06,0.3604012727737427,0.3639695988378152,0.3568329467096701,0.3604012727737427,416800.0
2019-09-09,0.3604012682211908,0.3639695942401886,0.3568329422021929,0.3639695942401886,311200.0
2019-09-10,0.3639695809727513,0.3818112529551764,0.3604012550838263,0.3746745586395263,1480400.0
2019-09-11,0.37824292219729,0.3853796172236765,0.3746745959529989,0.3818112909793854,720000.0
2019-09-12,0.3818113157721547,0.3889479687241526,0.3818113157721547,0.3853796422481537,457600.0
2019-09-13,0.3853796372845598,0.3925162901446394,0.3853796372845598,0.3889479637145996,527600.0
2019-09-16,0.3889479587961292,0.3996529379508781,0.3889479587961292,0.3925162851810455,532000.0
2019-09-17,0.3960845722806203,0.4032212243426096,0.3960845722806203,0.399652898311615,325800.0
2019-09-18,0.3996529379508781,0.4032212643357944,0.3925162851810455,0.3925162851810455,521400.0
2019-09-19,0.3925162901446394,0.3925162901446394,0.3853796372845598,0.3889479637145996,202400.0
2019-09-20,0.3925162851810455,0.3925162851810455,0.3889479587961292,0.3925162851810455,53000.0
2019-09-23,0.3960846115659618,0.3996529379508781,0.3925162851810455,0.3925162851810455,274600.0
2019-09-24,0.3960845722806203,0.399652898311615,0.3925162462496257,0.399652898311615,100200.0
2019-09-25,0.3960846216761506,0.3996529481521496,0.3853796422481537,0.3853796422481537,355800.0
2019-09-26,0.3853796372845598,0.3925162901446394,0.3853796372845598,0.3889479637145996,97000.0
2019-09-27,0.3889479587961292,0.3925162851810455,0.3853796324112129,0.3925162851810455,348600.0
2019-09-30,0.3889479687241526,0.3925162952001517,0.3853796422481537,0.3853796422481537,108600.0
2019-10-01,0.3889479637145996,0.3925162901446394,0.3853796372845598,0.3889479637145996,164600.0
2019-10-02,0.3853796422481537,0.3996529481521496,0.3853796422481537,0.3853796422481537,538800.0
2019-10-03,0.3889479587961292,0.3960846115659618,0.3889479587961292,0.3925162851810455,618600.0
2019-10-04,0.385379656622529,0.3996529630589088,0.385379656622529,0.3960846364498138,1018000.0
2019-10-07,0.3925162708173706,0.4032212495803833,0.388947944563033,0.4032212495803833,553800.0
2019-10-08,0.4032212495803833,0.4067895758347208,0.3996529233260457,0.4032212495803833,729200.0
2019-10-09,0.399652898311615,0.4032212243426096,0.3925162462496257,0.399652898311615,78200.0
2019-10-10,0.3925163098407189,0.3996529630589088,0.388947983231624,0.3960846364498138,419400.0
2019-10-11,0.3960845970717082,0.4103579020890584,0.3925162708173706,0.4032212495803833,1081000.0
2019-10-14,0.4067895503736042,0.4067895503736042,0.3960845722806203,0.399652898311615,290200.0
2019-10-15,0.3996529430249365,0.4103579223155975,0.3996529430249365,0.4103579223155975,663000.0
2019-10-16,0.4067895958853771,0.4174945751760382,0.4067895958853771,0.4103579223155975,1596200.0
2019-10-17,0.4103579223155975,0.4139262487458179,0.4067895958853771,0.4103579223155975,591600.0
2019-10-18,0.4103579273229137,0.4139262537966759,0.4067896008491516,0.4067896008491516,212600.0
2019-10-21,0.4067896008491516,0.4139262537966759,0.4067896008491516,0.4067896008491516,130200.0
2019-10-22,0.4103579273229137,0.4139262537966759,0.4032212743753894,0.4067896008491516,274200.0
2019-10-23,0.4067896008491516,0.4103579273229137,0.4067896008491516,0.4067896008491516,82200.0
2019-10-24,0.4067896008491516,0.4103579273229137,0.3996529479016272,0.4067896008491516,323400.0
2019-10-25,0.4067895503736042,0.4067895503736042,0.399652898311615,0.399652898311615,353200.0
2019-10-29,0.4032212243426096,0.4067895503736042,0.399652898311615,0.399652898311615,367600.0
2019-10-30,0.3996529233260457,0.4032212495803833,0.3996529233260457,0.4032212495803833,4800.0
2019-10-31,0.4032212743753894,0.4067896008491516,0.4032212743753894,0.4067896008491516,582000.0
2019-11-01,0.3782428936310295,0.3889479140932254,0.3675379157066345,0.3675379157066345,2763200.0
2019-11-04,0.3675379157066345,0.3675379157066345,0.3568329377822395,0.3675379157066345,1731200.0
2019-11-05,0.3675379157066345,0.3711062416814328,0.3639695897318362,0.3675379157066345,353600.0
2019-11-06,0.3675379202591864,0.3675379202591864,0.3639695942401886,0.3639695942401886,448600.0
2019-11-07,0.3639695809727513,0.3782428845284514,0.3639695809727513,0.3746745586395263,789000.0
2019-11-08,0.3746745931934122,0.3818112881672347,0.3675379407573935,0.3711062669754028,843600.0
2019-11-11,0.3711062416814328,0.3746745676562311,0.3639695897318362,0.3675379157066345,891600.0
2019-11-12,0.3675379407573935,0.3746745931934122,0.3675379407573935,0.3711062669754028,236200.0
2019-11-13,0.3675379068616763,0.3782428845284514,0.3675379068616763,0.3746745586395263,290000.0
2019-11-14,0.3746745586395263,0.3746745586395263,0.3711062327506013,0.3746745586395263,498400.0
2019-11-15,0.3746745931934122,0.3746745931934122,0.3711062669754028,0.3711062669754028,247800.0
2019-11-18,0.3711062938063507,0.3853796422481537,0.3711062938063507,0.3853796422481537,577800.0
2019-11-19,0.3818112909793854,0.3889479434679675,0.3818112909793854,0.3818112909793854,156600.0
2019-11-20,0.3818112785744548,0.3818112785744548,0.3746745837799374,0.3782429099082947,155000.0
2019-11-21,0.3746745931934122,0.3746745931934122,0.3675379407573935,0.3711062669754028,397200.0
2019-11-22,0.3711062416814328,0.3711062416814328,0.3675379157066345,0.3675379157066345,279800.0
2019-11-25,0.3675379157066345,0.3675379157066345,0.3568329377822395,0.3675379157066345,973600.0
2019-11-26,0.3711062416814328,0.3711062416814328,0.3675379157066345,0.3675379157066345,378800.0
2019-11-27,0.3746745931934122,0.3818112881672347,0.3711062669754028,0.3711062669754028,48100.0
2019-11-28,0.3639695942401886,0.3711062462781842,0.3639695942401886,0.3639695942401886,91600.0
2019-11-29,0.3639695942401886,0.3675379202591864,0.3639695942401886,0.3639695942401886,57900.0
2019-12-02,0.3639695897318362,0.3746745676562311,0.3639695897318362,0.3675379157066345,63100.0
2019-12-03,0.3675379249018877,0.3711062509659603,0.3568329467096701,0.3604012727737427,160400.0
2019-12-04,0.3604012727737427,0.3639695988378152,0.349696294581525,0.3604012727737427,152500.0
2019-12-05,0.3639695942401886,0.3639695942401886,0.3604012682211908,0.3639695942401886,49500.0
2019-12-06,0.3604012727737427,0.3604012727737427,0.3568329467096701,0.3604012727737427,133000.0
2019-12-09,0.3639695942401886,0.3639695942401886,0.3568329422021929,0.3639695942401886,55500.0
2019-12-10,0.3604013075176908,0.3604013075176908,0.3532646547015474,0.3568329811096191,153100.0
2019-12-11,0.3532646596431732,0.3604013125591473,0.3496963331851861,0.3532646596431732,439100.0
2019-12-12,0.3532646547015474,0.3604013075176908,0.3496963282934757,0.3568329811096191,1034700.0
2019-12-13,0.3604012682211908,0.3675379202591864,0.3532646161831951,0.3639695942401886,729300.0
2019-12-16,0.3639696145393841,0.3782429194114215,0.3604012883213748,0.3711062669754028,427400.0
2019-12-17,0.3746745586395263,0.3746745586395263,0.3675379068616763,0.3746745586395263,197900.0
2019-12-18,0.3675379157066345,0.3711062416814328,0.3675379157066345,0.3675379157066345,146800.0
2019-12-19,0.3639696145393841,0.3711062669754028,0.3639696145393841,0.3711062669754028,73000.0
2019-12-20,0.3675379407573935,0.3711062669754028,0.3639696145393841,0.3711062669754028,178200.0
2019-12-23,0.3675379202591864,0.3675379202591864,0.3604012682211908,0.3639695942401886,228100.0
2019-12-24,0.3639695942401886,0.3675379202591864,0.3639695942401886,0.3639695942401886,176000.0
2019-12-25,0.3639695942401886,0.3639695942401886,0.3639695942401886,0.3639695942401886,0.0
2019-12-26,0.3675379202591864,0.3675379202591864,0.3639695942401886,0.3639695942401886,93900.0
2019-12-27,0.3711062416814328,0.3711062416814328,0.3604012637570379,0.3675379157066345,89700.0
2019-12-30,0.3639695942401886,0.3711062462781842,0.3639695942401886,0.3639695942401886,96800.0
2019-12-31,0.3675379157066345,0.3675379157066345,0.3639695897318362,0.3675379157066345,138900.0
2020-01-02,0.3675379434644167,0.3853796172236765,0.3639696172201256,0.3818112909793854,453700.0
2020-01-03,0.3853795788441014,0.3853795788441014,0.3711062327506013,0.3746745586395263,235100.0
2020-01-06,0.3711062416814328,0.3711062416814328,0.3675379157066345,0.3675379157066345,255100.0
2020-01-07,0.3746745676562311,0.3746745676562311,0.3675379157066345,0.3675379157066345,94600.0
2020-01-08,0.3675379202591864,0.3711062462781842,0.3639695942401886,0.3639695942401886,182200.0
2020-01-09,0.3675379407573935,0.3711062669754028,0.3675379407573935,0.3711062669754028,70300.0
2020-01-10,0.3711062327506013,0.3746745586395263,0.3675379068616763,0.3746745586395263,303600.0
2020-01-13,0.3746745959529989,0.3925162697122586,0.3746745959529989,0.3818112909793854,890500.0
2020-01-14,0.3818112785744548,0.3889479308311694,0.3782429099082947,0.3782429099082947,123700.0
2020-01-15,0.3818112785744548,0.3853796047028121,0.3746745837799374,0.3782429099082947,266300.0
2020-01-16,0.3782429099082947,0.3818112785744548,0.3746745837799374,0.3782429099082947,145800.0
2020-01-17,0.3782429099082947,0.3818112785744548,0.3746745837799374,0.3782429099082947,79100.0
2020-01-20,0.3746745837799374,0.3782429099082947,0.3711062576515801,0.3782429099082947,160700.0
2020-01-21,0.3746745931934122,0.3746745931934122,0.3711062669754028,0.3711062669754028,247100.0
2020-01-22,0.3711062669754028,0.3746745931934122,0.3675379407573935,0.3711062669754028,168800.0
2020-01-23,0.3711062416814328,0.3746745676562311,0.3675379157066345,0.3675379157066345,221400.0
2020-01-24,0.3675379202591864,0.3675379202591864,0.3639695942401886,0.3639695942401886,20900.0
2020-01-28,0.3639695988378152,0.3639695988378152,0.3568329467096701,0.3604012727737427,339300.0
2020-01-29,0.3639695988378152,0.3639695988378152,0.3604012727737427,0.3604012727737427,126200.0
2020-01-30,0.3604013075176908,0.3639696339257625,0.3568329811096191,0.3568329811096191,179300.0
2020-01-31,0.3568329656689545,0.3568329656689545,0.3425596393853916,0.346127986907959,713200.0
2020-02-03,0.3461279403037089,0.3461279403037089,0.3282862901687622,0.3282862901687622,623200.0
2020-02-04,0.3354229417151811,0.3461279403037089,0.3282862901687622,0.3282862901687622,378700.0
2020-02-05,0.3318546414375305,0.3354229674848855,0.3247179893428205,0.3318546414375305,1263600.0
2020-02-06,0.331854681258025,0.3389913342090889,0.324718028306961,0.324718028306961,1326700.0
2020-02-07,0.324718028306961,0.328286354782493,0.324718028306961,0.324718028306961,478200.0
2020-02-10,0.3247179643955527,0.3282862901687622,0.3211496173534439,0.3282862901687622,165900.0
2020-02-11,0.328286354782493,0.328286354782493,0.324718028306961,0.324718028306961,218900.0
2020-02-12,0.3247180714616665,0.3389913792607026,0.3247180714616665,0.3354230523109436,1688000.0
2020-02-13,0.3318546159419717,0.3354229417151811,0.3282862901687622,0.3282862901687622,229900.0
2020-02-14,0.3282863984114255,0.3389913792607026,0.3247180714616665,0.3354230523109436,282700.0
2020-02-17,0.3318546159419717,0.3354229417151811,0.3282862901687622,0.3282862901687622,319700.0
2020-02-18,0.3282863153901755,0.3318546414375305,0.3247179893428205,0.3318546414375305,184600.0
2020-02-19,0.3211496519267818,0.328286325510398,0.3175813257694244,0.3175813257694244,1391800.0
2020-02-20,0.3211496805625256,0.324718028306961,0.3211496805625256,0.324718028306961,137000.0
2020-02-21,0.3211496519267818,0.3247179993530407,0.3140129996120671,0.3175813257694244,1082900.0
2020-02-24,0.3175813257694244,0.3175813257694244,0.3068763472973524,0.3175813257694244,419300.0
2020-02-25,0.3140130043029785,0.3175813305136415,0.3140130043029785,0.3140130043029785,69700.0
2020-02-26,0.3104446828365326,0.3140130091017268,0.3068763565713383,0.3104446828365326,174200.0
2020-02-27,0.3068763565713383,0.3140130091017268,0.3068763565713383,0.3104446828365326,255700.0
2020-02-28,0.3104446876910803,0.3104446876910803,0.2997396874591969,0.3068763613700866,544300.0
2020-03-02,0.292603011331521,0.2997396634006871,0.2818980332277719,0.2961713373661041,563700.0
2020-03-03,0.2926030559259221,0.2961713825043388,0.281898076190672,0.2854664027690887,681900.0
2020-03-04,0.2854663475866347,0.2890346734752714,0.2783296745404613,0.281898021697998,427200.0
2020-03-05,0.2818980734289778,0.2818980734289778,0.2569197663558639,0.2604880928993225,1309000.0
2020-03-06,0.260488094993224,0.260488094993224,0.2319414398782788,0.2426464408636093,2241400.0
2020-03-09,0.2283731262166084,0.2283731262166084,0.1926898372090225,0.2176681458950042,1509900.0
2020-03-10,0.2176681023137535,0.2355097538797647,0.2140997762543315,0.2283730804920196,1247200.0
2020-03-11,0.2319414448315659,0.2426464460455098,0.2319414448315659,0.2390781193971634,934600.0
2020-03-12,0.2390780799391867,0.2390780799391867,0.2212364283731756,0.2283730804920196,519900.0
2020-03-13,0.2212364319596101,0.2212364319596101,0.206963106221638,0.2140997797250747,1483600.0
2020-03-16,0.2140998011147658,0.217668127588528,0.1926898210032892,0.2033948004245758,2042500.0
2020-03-17,0.2033947808593476,0.2140997805197877,0.1998264547288347,0.2069631069898605,720400.0
2020-03-18,0.2069631069898605,0.2069631069898605,0.2069631069898605,0.2069631069898605,0.0
2020-03-19,0.2033948005520738,0.2033948005520738,0.1926898211240768,0.1926898211240768,1909200.0
2020-03-20,0.1962581285983218,0.2105314331203734,0.1962581285983218,0.2069631069898605,1761800.0
2020-03-23,0.2069631012177967,0.2069631012177967,0.1891214497939227,0.1998264491558075,827000.0
2020-03-24,0.2033948004245758,0.2069631268983379,0.1962581474770514,0.2033948004245758,624000.0
2020-03-25,0.206963106221638,0.2176681058423424,0.2033947801043703,0.2140997797250747,1218400.0
2020-03-26,0.2176681172344157,0.2176681172344157,0.2069631170534448,0.2105314433574676,1139100.0
2020-03-27,0.2140997797250747,0.2176681058423424,0.2105314323389057,0.2140997797250747,930000.0
2020-03-30,0.2140997909303929,0.2140997909303929,0.203394790749422,0.2105314433574676,695800.0
2020-03-31,0.2140997797250747,0.2176681058423424,0.2105314323389057,0.2140997797250747,200400.0
2020-04-01,0.2140997797250747,0.2140997797250747,0.206963106221638,0.2140997797250747,585800.0
2020-04-02,0.2140997805197877,0.2176681066503006,0.2069631069898605,0.2069631069898605,613200.0
2020-04-03,0.2105314272487914,0.2140997745486869,0.1998264491558075,0.1998264491558075,765500.0
2020-04-06,0.2069631443044948,0.2212364726688723,0.1998264907567587,0.2176681458950042,1027300.0
2020-04-07,0.2212364239921828,0.2462147271824098,0.2212364239921828,0.2319414019584655,1965900.0
2020-04-08,0.2283731181832194,0.2426464460455098,0.2283731181832194,0.2390781193971634,762100.0
2020-04-09,0.2462147674357514,0.2533514205800357,0.2390781142914672,0.2426464408636093,1133400.0
2020-04-13,0.2462147325277328,0.2569197319953218,0.2426464064615035,0.2462147325277328,852300.0
2020-04-14,0.2462147674357514,0.2533514205800357,0.2426464408636093,0.2426464408636093,1733800.0
2020-04-15,0.2462147625328115,0.2497830890338966,0.2355097830295562,0.2355097830295562,1129100.0
2020-04-16,0.2355097640417731,0.2533513951087316,0.2355097640417731,0.2497830688953399,753100.0
2020-04-17,0.2497830590060783,0.2711930367076793,0.2462147329339616,0.264056384563446,3024000.0
2020-04-20,0.2640564194427811,0.2676247459862396,0.2533514185435014,0.2604880928993225,1415000.0
2020-04-21,0.2533513951087316,0.260488068804417,0.2497830688953399,0.2497830688953399,619600.0
2020-04-22,0.2533513951087316,0.2569197425910253,0.2426464164685565,0.2497830688953399,963700.0
2020-04-23,0.2533513951087316,0.2569197425910253,0.2462147426819482,0.2497830688953399,938300.0
2020-04-24,0.2533514185435014,0.2676247459862396,0.2533514185435014,0.2604880928993225,972300.0
2020-04-27,0.2604880945655803,0.2604880945655803,0.2533514201641083,0.2533514201641083,516300.0
2020-04-28,0.2604880376143629,0.264056363400494,0.2533513647732013,0.2569197118282318,1351600.0
2020-04-29,0.2569197752336251,0.2747614085674286,0.2569197752336251,0.2747614085674286,1493800.0
2020-04-30,0.278329709984761,0.281898057596714,0.2676247309556099,0.2711930572986603,996200.0
2020-05-04,0.2676247459862396,0.2676247459862396,0.2569197663558639,0.2604880928993225,487700.0
2020-05-05,0.264056363400494,0.2676246891866251,0.2569197118282318,0.2569197118282318,318300.0
2020-05-06,0.2640564046125595,0.2747613836417106,0.2640564046125595,0.2711930572986603,1300800.0
2020-05-08,0.2711930018409134,0.2711930018409134,0.2640563506142257,0.2676246762275696,375400.0
2020-05-11,0.2676247309556099,0.278329709984761,0.2676247309556099,0.2711930572986603,436200.0
2020-05-12,0.2747614085674286,0.2783297352341892,0.2676247552339071,0.2747614085674286,1100900.0
2020-05-13,0.2747613836417106,0.2747613836417106,0.2676247309556099,0.2711930572986603,901900.0
2020-05-14,0.2711930725296982,0.2711930725296982,0.2604880928993225,0.2604880928993225,852300.0
2020-05-15,0.2676247106355627,0.2676247106355627,0.2569197324192127,0.264056384563446,1345300.0
2020-05-18,0.2604880376143629,0.264056363400494,0.2533513647732013,0.2569197118282318,884300.0
2020-05-19,0.2604880928993225,0.2640564194427811,0.2569197663558639,0.2604880928993225,1061700.0
2020-05-20,0.2604880376143629,0.2604880376143629,0.2569197118282318,0.2569197118282318,334000.0
2020-05-21,0.2604880376143629,0.264056363400494,0.2569197118282318,0.2569197118282318,521100.0
2020-05-22,0.2604880928993225,0.2604880928993225,0.2569197663558639,0.2604880928993225,237000.0
2020-05-26,0.2604881019003858,0.2783297352341892,0.2604881019003858,0.2747614085674286,1457400.0
2020-05-27,0.2676247552339071,0.2783297352341892,0.2676247552339071,0.2747614085674286,1560000.0
2020-05-28,0.2747613836417106,0.2747613836417106,0.2676247309556099,0.2711930572986603,244000.0
2020-05-29,0.2711930725296982,0.2711930725296982,0.2604880928993225,0.2604880928993225,797000.0
2020-06-01,0.2604880584913294,0.274761362779796,0.2604880584913294,0.264056384563446,462200.0
2020-06-02,0.2640564046125595,0.278329709984761,0.2640564046125595,0.2711930572986603,2016300.0
2020-06-03,0.2747614017649345,0.2961713825043388,0.2676247486081011,0.2854664027690887,11984400.0
2020-06-04,0.2891262548287792,0.2891262548287792,0.2818065881729126,0.2818065881729126,1380900.0
2020-06-05,0.2818065881729126,0.2854664105937147,0.2781467657521104,0.2818065881729126,586000.0
2020-06-08,0.2818065881729126,0.2854664105937147,0.2781467657521104,0.2818065881729126,945000.0
2020-06-09,0.285466380348799,0.285466380348799,0.2635074481505161,0.2671672701835632,2626900.0
2020-06-10,0.2671672334476017,0.2744868765072323,0.2671672334476017,0.270827054977417,397200.0
2020-06-11,0.270827054977417,0.2744868765072323,0.2635074119177863,0.270827054977417,442900.0
2020-06-12,0.2635073959827423,0.2708270385997332,0.2598475528599911,0.2635073959827423,936500.0
2020-06-15,0.2635074322284643,0.267167254040372,0.25618776679039,0.25618776679039,523500.0
2020-06-16,0.2635074249111021,0.2781467117522135,0.2598475813865661,0.2598475813865661,471900.0
2020-06-17,0.2671672172912377,0.2671672172912377,0.2635073959827423,0.2635073959827423,202700.0
2020-06-18,0.2635073959827423,0.2635073959827423,0.2598475528599911,0.2635073959827423,275000.0
2020-06-19,0.2598476043032088,0.2671672701835632,0.2598476043032088,0.2671672701835632,83900.0
2020-06-22,0.2635074481505161,0.2708270922166104,0.2635074481505161,0.2671672701835632,196500.0
2020-06-23,0.2671672172912377,0.2708270385997332,0.2598475528599911,0.2635073959827423,516600.0
2020-06-24,0.2635074481505161,0.2671672701835632,0.2598476043032088,0.2671672701835632,192200.0
2020-06-25,0.2598475813865661,0.2598475813865661,0.2561877596762883,0.2598475813865661,440400.0
2020-06-26,0.2598475528599911,0.2635073959827423,0.2598475528599911,0.2635073959827423,82100.0
2020-06-29,0.2635074249111021,0.26716724662138,0.2598475813865661,0.2598475813865661,421000.0
2020-06-30,0.2635074322284643,0.2635074322284643,0.25618776679039,0.25618776679039,259100.0
2020-07-01,0.25618776679039,0.2598475886022978,0.25618776679039,0.25618776679039,325300.0
2020-07-02,0.2561877315514956,0.2635073959827423,0.2525279102430002,0.2635073959827423,300700.0
2020-07-03,0.2598476043032088,0.2671672701835632,0.2598476043032088,0.2671672701835632,238100.0
2020-07-06,0.2671672701835632,0.2708270922166104,0.2598476043032088,0.2671672701835632,490900.0
2020-07-07,0.2671672334476017,0.270827054977417,0.2671672334476017,0.270827054977417,105000.0
2020-07-08,0.2671672701835632,0.2708270922166104,0.2635074481505161,0.2671672701835632,207200.0
2020-07-09,0.2671672701835632,0.2671672701835632,0.2598476043032088,0.2671672701835632,237500.0
2020-07-13,0.2598475886022978,0.2635074322284643,0.25618776679039,0.25618776679039,226600.0
2020-07-14,0.2598475886022978,0.2635074322284643,0.25618776679039,0.25618776679039,239300.0
2020-07-15,0.2598475528599911,0.2635073959827423,0.2598475528599911,0.2635073959827423,203200.0
2020-07-16,0.2635074249111021,0.2635074249111021,0.2561877596762883,0.2598475813865661,325800.0
2020-07-17,0.2598475886022978,0.2598475886022978,0.25618776679039,0.25618776679039,191600.0
2020-07-20,0.25618776679039,0.25618776679039,0.2525279449784822,0.25618776679039,314100.0
2020-07-21,0.2561877596762883,0.2598475813865661,0.2561877596762883,0.2598475813865661,292800.0
2020-07-22,0.2598475886022978,0.2598475886022978,0.2525279449784822,0.25618776679039,205200.0
2020-07-23,0.25618776679039,0.25618776679039,0.2525279449784822,0.25618776679039,162900.0
2020-07-24,0.25618776679039,0.25618776679039,0.2488681231665744,0.25618776679039,137500.0
2020-07-27,0.252527944501877,0.2561877663068774,0.2488681226968765,0.2488681226968765,206500.0
2020-07-28,0.2525279521942138,0.2561877741106974,0.2488681302777303,0.2525279521942138,175500.0
2020-07-29,0.2488681226968765,0.252527944501877,0.245208300891876,0.2488681226968765,300700.0
2020-07-30,0.2488681602604278,0.2488681602604278,0.2452083379030227,0.2452083379030227,151400.0
2020-08-03,0.2378886112386128,0.2378886112386128,0.2269091469418721,0.2342287898063659,456800.0
2020-08-04,0.230568990111351,0.230568990111351,0.226909168334069,0.230568990111351,504000.0
2020-08-05,0.230568990111351,0.234228811888633,0.226909168334069,0.230568990111351,413400.0
2020-08-06,0.230568968374119,0.2342287898063659,0.2269091469418721,0.2342287898063659,323600.0
2020-08-07,0.234228811888633,0.234228811888633,0.226909168334069,0.230568990111351,125400.0
2020-08-11,0.230568990111351,0.230568990111351,0.226909168334069,0.230568990111351,111200.0
2020-08-12,0.2305689822667787,0.2305689822667787,0.2269091606140136,0.2269091606140136,190200.0
2020-08-13,0.2269091469418721,0.2378886112386128,0.2232493255096252,0.2342287898063659,1038300.0
2020-08-14,0.2378886112386128,0.2378886112386128,0.230568968374119,0.2342287898063659,589400.0
2020-08-17,0.2342288490165455,0.2525279826178329,0.2342288490165455,0.2452083379030227,326100.0
2020-08-18,0.2525279521942138,0.2525279521942138,0.2452083083612468,0.2525279521942138,153700.0
2020-08-19,0.2488681039842681,0.270827054977417,0.2488681039842681,0.270827054977417,1186200.0
2020-08-20,0.2708270385997332,0.2708270385997332,0.2598475528599911,0.2635073959827423,133900.0
2020-08-21,0.2635073959827423,0.2708270385997332,0.2598475528599911,0.2635073959827423,292400.0
2020-08-24,0.2635074322284643,0.2635074322284643,0.25618776679039,0.25618776679039,193300.0
2020-08-25,0.2598475528599911,0.2635073959827423,0.2561877315514956,0.2635073959827423,116800.0
2020-08-26,0.2561877596762883,0.2598475813865661,0.2561877596762883,0.2598475813865661,290100.0
2020-08-27,0.2598475528599911,0.2635073959827423,0.2561877315514956,0.2635073959827423,595800.0
2020-08-28,0.2635074481505161,0.2744869142496575,0.2635074481505161,0.2671672701835632,682700.0
2020-08-31,0.2671672701835632,0.2671672701835632,0.2671672701835632,0.2671672701835632,161800.0
2020-09-01,0.2671672701835632,0.2708270922166104,0.2635074481505161,0.2671672701835632,455500.0
2020-09-02,0.2708270385997332,0.2708270385997332,0.2635073959827423,0.2635073959827423,2100.0
2020-09-03,0.2671672701835632,0.2708270922166104,0.2635074481505161,0.2671672701835632,319900.0
2020-09-04,0.2635074481505161,0.2671672701835632,0.2635074481505161,0.2671672701835632,405500.0
2020-09-07,0.2671672172912377,0.2708270385997332,0.2635073959827423,0.2635073959827423,114200.0
2020-09-08,0.2671672172912377,0.2708270385997332,0.2598475528599911,0.2635073959827423,544100.0
2020-09-09,0.2598475902227335,0.2781467212106463,0.2598475902227335,0.2744868993759155,1373400.0
2020-09-10,0.2781467362827047,0.2781467362827047,0.2635074481505161,0.2671672701835632,929500.0
2020-09-11,0.2671672701835632,0.2708270922166104,0.2635074481505161,0.2671672701835632,243600.0
2020-09-14,0.26716724662138,0.26716724662138,0.2561877596762883,0.2598475813865661,914900.0
2020-09-15,0.2635074249111021,0.2635074249111021,0.2598475813865661,0.2598475813865661,528900.0
2020-09-16,0.2598475528599911,0.2671672172912377,0.2561877315514956,0.2635073959827423,195200.0
2020-09-17,0.2598475960271808,0.2598475960271808,0.2488681302777303,0.2525279521942138,932500.0
2020-09-18,0.25618776679039,0.2635074322284643,0.25618776679039,0.25618776679039,358900.0
2020-09-21,0.2598475881118779,0.2598475881118779,0.245208300891876,0.2488681226968765,829800.0
2020-09-22,0.2525279521942138,0.2561877741106974,0.2488681302777303,0.2525279521942138,719900.0
2020-09-23,0.2525279521942138,0.2525279521942138,0.2488681302777303,0.2525279521942138,415300.0
2020-09-24,0.2525279521942138,0.2525279521942138,0.2488681302777303,0.2525279521942138,103800.0
2020-09-25,0.2488681226968765,0.2488681226968765,0.2488681226968765,0.2488681226968765,135100.0
2020-09-28,0.2488681226968765,0.2488681226968765,0.2488681226968765,0.2488681226968765,226000.0
2020-09-29,0.2488681602604278,0.2488681602604278,0.2452083379030227,0.2452083379030227,352900.0
2020-09-30,0.2488681226968765,0.2488681226968765,0.245208300891876,0.2488681226968765,399900.0
2020-10-01,0.252527944501877,0.252527944501877,0.2488681226968765,0.2488681226968765,231700.0
2020-10-02,0.2488681226968765,0.2488681226968765,0.245208300891876,0.2488681226968765,196300.0
2020-10-05,0.2488681302777303,0.2525279521942138,0.2488681302777303,0.2525279521942138,78400.0
2020-10-06,0.2488681302777303,0.2525279521942138,0.2452083083612468,0.2525279521942138,107700.0
2020-10-07,0.2488681226968765,0.2488681226968765,0.2488681226968765,0.2488681226968765,13700.0
2020-10-08,0.252527944501877,0.252527944501877,0.245208300891876,0.2488681226968765,192600.0
2020-10-09,0.2561877470438987,0.270827054977417,0.2561877470438987,0.270827054977417,3603400.0
2020-10-12,0.2708271209105061,0.2818065881729126,0.2708271209105061,0.2818065881729126,1493198.0
2020-10-13,0.2818065510283605,0.2964458605962432,0.2744869071515489,0.2854663729667663,1732000.0
2020-10-14,0.2891262030274379,0.2964458465576172,0.2854663594480899,0.2964458465576172,1210500.0
2020-10-15,0.2891262167194316,0.2927860386578374,0.2854663729667663,0.2854663729667663,279500.0
2020-10-16,0.2927860091322792,0.3110851387932198,0.2854663441793486,0.2891261875629425,3570800.0
2020-10-19,0.2927860177984655,0.3001056611537933,0.2854663526288798,0.3001056611537933,1954600.0
2020-10-20,0.3001056611537933,0.3037654828314572,0.2891261961208016,0.3001056611537933,2418700.0
2020-10-21,0.3001056683227068,0.3074253118528859,0.2964458465576172,0.2964458465576172,2170600.0
2020-10-22,0.3001056473280312,0.3074252903461456,0.296445825818974,0.3074252903461456,1732600.0
2020-10-23,0.3110851794464228,0.3220646455892504,0.3074253355845535,0.3184048235416412,1647900.0
2020-10-26,0.3184047989624132,0.3184047989624132,0.2891262030274379,0.2964458465576172,1361000.0
2020-10-27,0.296445883990993,0.296445883990993,0.2927860617637634,0.2927860617637634,1206100.0
2020-10-28,0.2964458394761294,0.3001056611537933,0.2891261961208016,0.3001056611537933,1275300.0
2020-10-29,0.296445883990993,0.296445883990993,0.2891262395365338,0.2927860617637634,1007000.0
2020-10-30,0.2964458307016158,0.2964458307016158,0.2891261875629425,0.2891261875629425,293200.0
2020-11-02,0.2854663594480899,0.2964458465576172,0.2854663594480899,0.2964458465576172,324000.0
2020-11-03,0.2964458307016158,0.2964458307016158,0.2891261875629425,0.2891261875629425,937900.0
2020-11-04,0.2891262030274379,0.3074253118528859,0.2891262030274379,0.2964458465576172,2415600.0
2020-11-05,0.3037654900877964,0.3074253118528859,0.2964458465576172,0.2964458465576172,963400.0
2020-11-06,0.2964458325652797,0.3037654757499695,0.2964458325652797,0.3037654757499695,314100.0
2020-11-09,0.3001056683227068,0.3074253118528859,0.2964458465576172,0.2964458465576172,1039900.0
2020-11-10,0.3001056683227068,0.3001056683227068,0.2927860247925276,0.2964458465576172,713800.0
2020-11-11,0.2964458394761294,0.3001056611537933,0.2927860177984655,0.3001056611537933,550600.0
2020-11-12,0.2964458203206784,0.3184047707819974,0.2964458203206784,0.3147449493408203,2374900.0
2020-11-13,0.322064554442844,0.3440235023282313,0.3184047334309884,0.3403636813163757,2966000.0
2020-11-16,0.3440235023282313,0.3550029871780519,0.3367038603045202,0.3403636813163757,1436600.0
2020-11-17,0.3476834072142598,0.3476834072142598,0.3293842759262968,0.344023585319519,1479300.0
2020-11-18,0.344023585319519,0.3586628947127412,0.344023585319519,0.344023585319519,2232500.0
2020-11-19,0.3440235718420217,0.3623227024130964,0.3403637500906584,0.3550030589103699,2085900.0
2020-11-20,0.3550030813264122,0.3659825472737809,0.3513432375296962,0.3586629033088684,1883900.0
2020-11-23,0.3586628564402461,0.3586628564402461,0.3476833701133728,0.3476833701133728,983600.0
2020-11-24,0.3513432153447482,0.3586628806617331,0.3513432153447482,0.3550030589103699,245900.0
2020-11-25,0.3550030349360406,0.3586628564402461,0.3476833701133728,0.3476833701133728,476900.0
2020-11-26,0.3476834155472399,0.3586629033088684,0.3476834155472399,0.3586629033088684,369800.0
2020-11-27,0.3586628369946188,0.3623226583003998,0.3513431725688014,0.3623226583003998,629100.0
2020-11-30,0.3623227035712728,0.3769619906235208,0.3623227035712728,0.3696423470973968,1500400.0
2020-12-01,0.3659824824837568,0.3806217678219833,0.3659824824837568,0.3769619464874267,841700.0
2020-12-02,0.3769619833863714,0.3769619833863714,0.3696423400007745,0.373302161693573,221800.0
2020-12-03,0.3733021688604588,0.3733021688604588,0.3623227035712728,0.3696423470973968,259600.0
2020-12-04,0.3696423009119616,0.3879414074408661,0.3623226583003998,0.3623226583003998,1831500.0
2020-12-07,0.3696423009119616,0.3696423009119616,0.3513431725688014,0.3623226583003998,536400.0
2020-12-08,0.3586629033088684,0.3659825472737809,0.3586629033088684,0.3586629033088684,140400.0
2020-12-09,0.3550030600451488,0.3733021688604588,0.3550030600451488,0.3696423470973968,1134500.0
2020-12-10,0.3733021153739457,0.3733021153739457,0.3659824728965759,0.3659824728965759,551200.0
2020-12-11,0.3659825241644596,0.3696423459158229,0.3550030589103699,0.3550030589103699,742800.0
2020-12-14,0.3586628806617331,0.3586628806617331,0.3550030589103699,0.3550030589103699,443900.0
2020-12-15,0.3550030589103699,0.3623227024130964,0.347683393593385,0.3550030589103699,639200.0
2020-12-16,0.3550030580688171,0.3586628798115046,0.3513432145118713,0.3513432145118713,760100.0
2020-12-17,0.3513431725688014,0.3623226583003998,0.3513431725688014,0.3623226583003998,257400.0
2020-12-18,0.3513432375296962,0.3586629033088684,0.3513432375296962,0.3586629033088684,221800.0
2020-12-21,0.3586628798115046,0.362322701554192,0.3513432145118713,0.3513432145118713,203400.0
2020-12-22,0.3586629033088684,0.3623227252913247,0.3513432375296962,0.3586629033088684,574200.0
2020-12-23,0.3586628818082108,0.3696423470973968,0.3586628818082108,0.3696423470973968,906400.0
2020-12-24,0.3696422941352608,0.3696422941352608,0.3659824728965759,0.3659824728965759,244400.0
2020-12-28,0.3659824728965759,0.3659824728965759,0.362322651657891,0.3659824728965759,163500.0
2020-12-29,0.3659824796061807,0.3659824796061807,0.3623226583003998,0.3623226583003998,223000.0
2020-12-30,0.362322651657891,0.3659824728965759,0.3586628304192061,0.3659824728965759,317400.0
2020-12-31,0.3659824728965759,0.3659824728965759,0.3586628304192061,0.3659824728965759,96900.0
2021-01-04,0.3623227252913247,0.3623227252913247,0.3586629033088684,0.3586629033088684,285200.0
2021-01-05,0.3586629033088684,0.3586629033088684,0.3550030813264122,0.3586629033088684,451400.0
2021-01-06,0.3586628369946188,0.3623226583003998,0.3586628369946188,0.3623226583003998,342700.0
2021-01-07,0.3586628369946188,0.3623226583003998,0.3586628369946188,0.3623226583003998,272200.0
2021-01-08,0.3623226583003998,0.3733021222177425,0.3586628369946188,0.3623226583003998,2149800.0
2021-01-11,0.3623227252913247,0.3623227252913247,0.3550030813264122,0.3586629033088684,647200.0
2021-01-12,0.3586629033088684,0.3623227252913247,0.3586629033088684,0.3586629033088684,736900.0
2021-01-13,0.3623227024130964,0.3623227024130964,0.3513432153447482,0.3550030589103699,1719700.0
2021-01-14,0.3586628806617331,0.3623227024130964,0.3513432153447482,0.3550030589103699,1872700.0
2021-01-15,0.3550030813264122,0.3586629033088684,0.3513432375296962,0.3586629033088684,1282400.0
2021-01-18,0.3513432153447482,0.3586628806617331,0.3513432153447482,0.3550030589103699,1093300.0
2021-01-19,0.3586628806617331,0.3586628806617331,0.3550030589103699,0.3550030589103699,387200.0
2021-01-20,0.3586628798115046,0.3586628798115046,0.3513432145118713,0.3513432145118713,1679300.0
2021-01-21,0.3550030349360406,0.3550030349360406,0.3476833701133728,0.3476833701133728,1245600.0
2021-01-22,0.3513432145118713,0.3513432145118713,0.3476833927691838,0.3513432145118713,515000.0
2021-01-25,0.3513431916175782,0.3513431916175782,0.3440235486091673,0.3476833701133728,1437000.0
2021-01-26,0.3476834072142598,0.3476834072142598,0.344023585319519,0.344023585319519,868700.0
2021-01-27,0.344023585319519,0.3476834072142598,0.3403637634247783,0.344023585319519,877300.0
2021-01-28,0.34036372488706,0.34036372488706,0.3330440819263458,0.3330440819263458,957900.0
2021-01-29,0.3367039034067029,0.3367039034067029,0.329384238631732,0.3330440819263458,359900.0
2021-02-01,0.3330440819263458,0.3367039034067029,0.3257244171513749,0.3330440819263458,429000.0
2021-02-02,0.333044105798434,0.3513432145118713,0.333044105798434,0.3513432145118713,660500.0
2021-02-03,0.3550030091805212,0.3696422941352608,0.3550030091805212,0.3659824728965759,2462100.0
2021-02-04,0.3659824728965759,0.3659824728965759,0.3550030091805212,0.3659824728965759,655700.0
2021-02-05,0.3659825241644596,0.3659825241644596,0.3550030589103699,0.3550030589103699,324400.0
2021-02-08,0.3550030813264122,0.3623227252913247,0.3550030813264122,0.3586629033088684,273200.0
2021-02-09,0.362322701554192,0.362322701554192,0.3476833927691838,0.3513432145118713,626000.0
2021-02-10,0.3513431725688014,0.3623226583003998,0.3513431725688014,0.3623226583003998,384100.0
2021-02-11,0.3550030813264122,0.3623227252913247,0.3513432375296962,0.3586629033088684,163500.0
2021-02-15,0.3586629033088684,0.3659825472737809,0.3550030813264122,0.3586629033088684,566800.0
2021-02-16,0.3550030813264122,0.3623227252913247,0.3550030813264122,0.3586629033088684,161000.0
2021-02-17,0.3550030589103699,0.3586628806617331,0.3513432153447482,0.3550030589103699,417400.0
2021-02-18,0.3550030589103699,0.3550030589103699,0.3440235718420217,0.3550030589103699,686800.0
2021-02-19,0.3550030589103699,0.3550030589103699,0.347683393593385,0.3550030589103699,358500.0
2021-02-22,0.3440235486091673,0.3476833701133728,0.3367039056007563,0.3476833701133728,1313700.0
2021-02-23,0.3476833927691838,0.3550030580688171,0.3476833927691838,0.3513432145118713,1385200.0
2021-02-24,0.3513431916175782,0.3550030349360406,0.3476833701133728,0.3476833701133728,227100.0
2021-02-25,0.3513432375296962,0.3586629033088684,0.3476834155472399,0.3586629033088684,749400.0
2021-02-26,0.3513432153447482,0.3659825241644596,0.3513432153447482,0.3550030589103699,1835800.0
2021-03-01,0.3586628304192061,0.3659824728965759,0.3586628304192061,0.3659824728965759,1485000.0
2021-03-02,0.3659824728965759,0.3733021153739457,0.362322651657891,0.3659824728965759,1169000.0
2021-03-03,0.3659825472737809,0.3659825472737809,0.3586629033088684,0.3586629033088684,472700.0
2021-03-04,0.3586628369946188,0.3623226583003998,0.3586628369946188,0.3623226583003998,289700.0
2021-03-05,0.3586628369946188,0.3623226583003998,0.3586628369946188,0.3623226583003998,768800.0
2021-03-08,0.3623226583003998,0.3659824796061807,0.3586628369946188,0.3623226583003998,1059800.0
2021-03-09,0.3623226611492002,0.3769619464874267,0.3623226611492002,0.3769619464874267,2073200.0
2021-03-10,0.3769619833863714,0.3769619833863714,0.365982518307976,0.373302161693573,673000.0
2021-03-11,0.3733021770024764,0.3806218206882477,0.3696423551595907,0.3806218206882477,627200.0
2021-03-12,0.3806218206882477,0.3842816425311333,0.376961998845362,0.3806218206882477,624200.0
2021-03-15,0.3806218206882477,0.395261151688308,0.3806218206882477,0.3806218206882477,1020300.0
2021-03-16,0.3879414269721394,0.3879414269721394,0.3769619625020253,0.3842816054821014,728600.0
2021-03-17,0.3879414808546731,0.3989209904782828,0.3806218368579463,0.3952611684799194,1650400.0
2021-03-18,0.3952610857087404,0.3989209069407047,0.3879413996163013,0.3916012644767761,289100.0
2021-03-19,0.3879413996163013,0.3916012644767761,0.3879413996163013,0.3916012644767761,199600.0
2021-03-22,0.3916012644767761,0.3952610857087404,0.3879413996163013,0.3916012644767761,258000.0
2021-03-23,0.3879413996163013,0.3916012644767761,0.3842815783843369,0.3916012644767761,288200.0
2021-03-24,0.3879414269721394,0.3879414269721394,0.3806217839920634,0.3842816054821014,395400.0
2021-03-25,0.3806218206882477,0.3842816425311333,0.3806218206882477,0.3806218206882477,172000.0
2021-03-26,0.3806218206882477,0.3842816425311333,0.376961998845362,0.3806218206882477,339900.0
2021-03-29,0.3806218206882477,0.3879414643740189,0.3806218206882477,0.3806218206882477,271800.0
2021-03-30,0.3806217678219833,0.38428158915654,0.3769619464874267,0.3769619464874267,414800.0
2021-03-31,0.3806217839920634,0.3842816054821014,0.3806217839920634,0.3842816054821014,213100.0
2021-04-01,0.3806218064682892,0.3952611369214269,0.3769619847621338,0.3879414498806,904900.0
2021-04-05,0.3916012644767761,0.402580728172669,0.3916012644767761,0.3916012644767761,680200.0
2021-04-06,0.3952610857087404,0.3952610857087404,0.3879413996163013,0.3916012644767761,203300.0
2021-04-07,0.3879414498806,0.3952611369214269,0.3879414498806,0.3879414498806,225400.0
2021-04-08,0.3916012644767761,0.3952610857087404,0.3879413996163013,0.3916012644767761,229700.0
2021-04-09,0.3916013607402657,0.4208799377932433,0.3916013607402657,0.4172201156616211,2643900.0
2021-04-12,0.4172200776633611,0.4172200776633611,0.4062406122684479,0.4062406122684479,1429200.0
2021-04-13,0.4062405981191336,0.4135602414608001,0.4025807764483004,0.4135602414608001,534000.0
2021-04-14,0.4135602558650567,0.4135602558650567,0.4025807904701434,0.4062406122684479,1112000.0
2021-04-15,0.4062405755943938,0.4099003970623016,0.3952611111906701,0.4099003970623016,1196100.0
2021-04-16,0.4099004197899669,0.4208798848024667,0.4099004197899669,0.4135602414608001,1770800.0
2021-04-19,0.4208799302577972,0.4245397523238938,0.4135602861256039,0.4208799302577972,1718200.0
2021-04-20,0.4208799377932433,0.4208799377932433,0.4172201156616211,0.4172201156616211,368200.0
2021-04-21,0.4135602935299989,0.4172201156616211,0.4062406492667545,0.4172201156616211,783000.0
2021-04-22,0.4172201081917006,0.4208799302577972,0.4135602861256039,0.4208799302577972,334200.0
2021-04-23,0.4172200631316334,0.4172200631316334,0.4062405981191336,0.4135602414608001,326800.0
2021-04-26,0.4135602935299989,0.4172201156616211,0.4135602935299989,0.4172201156616211,281000.0
2021-04-27,0.4172201081917006,0.4208799302577972,0.4135602861256039,0.4208799302577972,245700.0
2021-04-28,0.4208799302577972,0.4318593964560871,0.4172201081917006,0.4208799302577972,1258400.0
2021-04-29,0.43185935854122,0.43185935854122,0.424539715051651,0.424539715051651,1213700.0
2021-04-30,0.4208798848024667,0.4245397064732999,0.4135602414608001,0.4135602414608001,910900.0
2021-05-03,0.4245396974270393,0.4245396974270393,0.4025807678699493,0.4025807678699493,1046500.0
2021-05-04,0.4062406122684479,0.4099004340667523,0.4025807904701434,0.4062406122684479,334300.0
2021-05-05,0.4099003706365977,0.4135601918685619,0.3879413996163013,0.3916012644767761,1545400.0
2021-05-06,0.3952611316167352,0.402580774930811,0.3916013099596973,0.3989209532737732,586100.0
2021-05-07,0.3989209234714508,0.4101056110455294,0.3989209234714508,0.3989209234714508,465600.0
2021-05-10,0.3989209867723558,0.402649216555312,0.3951927125453949,0.3951927125453949,269900.0
2021-05-11,0.3914644683719152,0.3914644683719152,0.3765515497883003,0.3802797794342041,437100.0
2021-05-12,0.3840080015161708,0.3914644606611058,0.3802797719437032,0.3877362310886383,329800.0
2021-05-14,0.3840079938113298,0.387736223308993,0.36163861682535,0.3653668463230133,1279900.0
2021-05-17,0.3765515497883003,0.3877362387260115,0.3765515497883003,0.3802797794342041,673500.0
2021-05-18,0.3840080124595882,0.3989209756184484,0.3840080124595882,0.3914644718170166,548500.0
2021-05-19,0.3951926902335733,0.3951926902335733,0.3840080015161708,0.3877362310886383,126900.0
2021-05-20,0.3877362387260115,0.3877362387260115,0.3802797794342041,0.3802797794342041,188800.0
2021-05-21,0.3802797904090819,0.3840080201625824,0.3802797904090819,0.3840080201625824,293500.0
2021-05-24,0.3840080231965262,0.3989209867723558,0.3840080231965262,0.3951927125453949,496800.0
2021-05-25,0.3951926498360936,0.4063773818541699,0.3951926498360936,0.3989209234714508,572100.0
2021-05-27,0.4063774536545519,0.4101056835046299,0.4026492238044739,0.4026492238044739,512200.0
2021-05-28,0.4063774536545519,0.4063774536545519,0.3989209939543959,0.4026492238044739,139900.0
2021-05-31,0.4101056835046299,0.4101056835046299,0.4026492238044739,0.4026492238044739,381000.0
2021-06-01,0.3989209753776032,0.4063774347305298,0.3989209753776032,0.4063774347305298,536800.0
2021-06-02,0.4026492238044739,0.4026492238044739,0.3951927196603123,0.4026492238044739,225200.0
2021-06-03,0.3989209234714508,0.4026491526628104,0.391464420644734,0.3989209234714508,392600.0
2021-06-04,0.3951927196603123,0.4026492238044739,0.3951927196603123,0.4026492238044739,134800.0
2021-06-07,0.3989209642500431,0.3989209642500431,0.3840080015161708,0.3877362310886383,2219300.0
2021-06-08,0.3877362310886383,0.3914644606611058,0.3877362310886383,0.3877362310886383,94700.0
2021-06-09,0.3914644683719152,0.3914644683719152,0.3802797794342041,0.3802797794342041,1004700.0
2021-06-10,0.3840080124595882,0.3914644718170166,0.3840080124595882,0.3914644718170166,101000.0
2021-06-11,0.3877362387260115,0.3877362387260115,0.3802797794342041,0.3802797794342041,558500.0
2021-06-14,0.3840080124595882,0.3914644718170166,0.3840080124595882,0.3914644718170166,276100.0
2021-06-15,0.3951926902335733,0.3951926902335733,0.3877362310886383,0.3877362310886383,76700.0
2021-06-16,0.3877362421383024,0.3914644718170166,0.3840080124595882,0.3914644718170166,268800.0
2021-06-17,0.3877362310886383,0.3951926902335733,0.3840080015161708,0.3877362310886383,266800.0
2021-06-18,0.3877362310886383,0.3914644606611058,0.3877362310886383,0.3877362310886383,87000.0
2021-06-21,0.3877362499160828,0.3951927094230837,0.3840080201625824,0.3840080201625824,190200.0
2021-06-22,0.3877362499160828,0.3914644796695833,0.3840080201625824,0.3840080201625824,179200.0
2021-06-23,0.3840080201625824,0.3877362499160828,0.3840080201625824,0.3840080201625824,166900.0
2021-06-24,0.3877362421383024,0.3951927014957307,0.3840080124595882,0.3914644718170166,386600.0
2021-06-25,0.3914644718170166,0.3951927014957307,0.3877362421383024,0.3914644718170166,268800.0
2021-06-28,0.3914644606611058,0.3914644606611058,0.3840080015161708,0.3877362310886383,129300.0
2021-06-29,0.3877362499160828,0.3914644796695833,0.3840080201625824,0.3840080201625824,48200.0
2021-06-30,0.3877362499160828,0.3914644796695833,0.3840080201625824,0.3840080201625824,444700.0
2021-07-01,0.3840080201625824,0.3877362499160828,0.3840080201625824,0.3840080201625824,157400.0
2021-07-02,0.3877362310886383,0.3914644606611058,0.3877362310886383,0.3877362310886383,147800.0
2021-07-05,0.3877362499160828,0.3914644796695833,0.3840080201625824,0.3840080201625824,111300.0
2021-07-06,0.3877362499160828,0.3877362499160828,0.3840080201625824,0.3840080201625824,170400.0
2021-07-07,0.3840080090801078,0.3840080090801078,0.3802797794342041,0.3802797794342041,431500.0
2021-07-08,0.3840080281706453,0.3840080281706453,0.3765515685081481,0.3765515685081482,311500.0
2021-07-09,0.3765515685081481,0.3802797983393967,0.3728233386768996,0.3765515685081482,700400.0
2021-07-12,0.3802797794342041,0.3802797794342041,0.3728233201423966,0.3802797794342041,149200.0
2021-07-13,0.3802797794342041,0.3840080090801078,0.3765515497883003,0.3802797794342041,223600.0
2021-07-14,0.3765515274017019,0.3802797568259564,0.3728232979774475,0.3728232979774475,129600.0
2021-07-15,0.3765515274017019,0.3765515274017019,0.3728232979774475,0.3728232979774475,219800.0
2021-07-16,0.3728233386768996,0.3765515685081481,0.3728233386768996,0.3765515685081482,130000.0
2021-07-19,0.3765515274017019,0.3765515274017019,0.3728232979774475,0.3728232979774475,167200.0
2021-07-21,0.3690950758206766,0.3728233053183399,0.3653668463230133,0.3653668463230133,386900.0
2021-07-22,0.3728232865591407,0.3765515158692122,0.3653668279389978,0.3690950572490692,135600.0
2021-07-23,0.3653668279389978,0.3728232865591407,0.3653668279389978,0.3690950572490692,64900.0
2021-07-26,0.3653668279389978,0.3728232865591407,0.3653668279389978,0.3690950572490692,38900.0
2021-07-27,0.3728232865591407,0.3728232865591407,0.3653668279389978,0.3690950572490692,535700.0
2021-07-28,0.3690950947752033,0.3690950947752033,0.3616386353969574,0.3616386353969574,243200.0
2021-07-29,0.3616386491831539,0.3765515685081481,0.3616386491831539,0.3765515685081482,1087300.0
2021-07-30,0.3765515497883003,0.3802797794342041,0.3765515497883003,0.3802797794342041,208100.0
2021-08-02,0.3951927014957307,0.3989209756184484,0.3877362421383024,0.3914644718170166,1399100.0
2021-08-03,0.3914644606611058,0.3914644606611058,0.3877362310886383,0.3877362310886383,166900.0
2021-08-04,0.3877362421383024,0.3914644718170166,0.3877362421383024,0.3914644718170166,40500.0
2021-08-05,0.3877362310886383,0.3914644606611058,0.3877362310886383,0.3877362310886383,95200.0
2021-08-06,0.3877362310886383,0.3914644606611058,0.3877362310886383,0.3877362310886383,404100.0
2021-08-10,0.3914644606611058,0.3989209642500431,0.3877362310886383,0.3877362310886383,819200.0
2021-08-11,0.3877362310886383,0.3914644606611058,0.3877362310886383,0.3877362310886383,259200.0
2021-08-12,0.3914644606611058,0.3914644606611058,0.3877362310886383,0.3877362310886383,63300.0
2021-08-13,0.3877362421383024,0.3914644718170166,0.3840080124595882,0.3914644718170166,928500.0
2021-08-16,0.3914644606611058,0.3951926902335733,0.3877362310886383,0.3877362310886383,598500.0
2021-08-17,0.3877362310886383,0.3914644606611058,0.3840080015161708,0.3877362310886383,431300.0
2021-08-18,0.3877362499160828,0.3914644796695833,0.3840080201625824,0.3840080201625824,145900.0
2021-08-19,0.3840080090801078,0.3877362387260115,0.3802797794342041,0.3802797794342041,340000.0
2021-08-20,0.3840080090801078,0.3877362387260115,0.3802797794342041,0.3802797794342041,118000.0
2021-08-23,0.3802797983393967,0.3802797983393967,0.3728233386768996,0.3765515685081482,410200.0
2021-08-24,0.3728233386768996,0.3802797983393967,0.3728233386768996,0.3765515685081482,100200.0
2021-08-25,0.3840079862502108,0.3840079862502108,0.3728232979774475,0.3728232979774475,303100.0
2021-08-26,0.3728232979774475,0.3802797568259564,0.3728232979774475,0.3728232979774475,46000.0
2021-08-27,0.3728232979774475,0.3765515274017019,0.3728232979774475,0.3728232979774475,99400.0
2021-08-30,0.3765515685081481,0.3802797983393967,0.3728233386768996,0.3765515685081482,252600.0
2021-08-31,0.3765515348160032,0.3765515348160032,0.3653668463230133,0.3653668463230133,435400.0
2021-09-01,0.3728233053183399,0.3728233053183399,0.3653668463230133,0.3653668463230133,756700.0
2021-09-02,0.3653668279389978,0.3690950572490692,0.3616385986289263,0.3690950572490692,169900.0
2021-09-03,0.3653668279389978,0.3690950572490692,0.3653668279389978,0.3690950572490692,119700.0
2021-09-06,0.3690950758206766,0.3690950758206766,0.3653668463230133,0.3653668463230133,46200.0
2021-09-07,0.3690950758206766,0.3690950758206766,0.3653668463230133,0.3653668463230133,150900.0
2021-09-08,0.3690950758206766,0.3690950758206766,0.3653668463230133,0.3653668463230133,135600.0
2021-09-09,0.3653668463230133,0.3690950758206766,0.36163861682535,0.3653668463230133,398700.0
2021-09-10,0.3653668391289386,0.3765515274017019,0.3653668391289386,0.3728232979774475,360600.0
2021-09-13,0.369095090496493,0.3802797794342041,0.369095090496493,0.3802797794342041,588300.0
2021-09-14,0.3802797719437032,0.3951926902335733,0.3802797719437032,0.3877362310886383,1071200.0
2021-09-15,0.3840080201625824,0.3951927094230837,0.372823330902081,0.3840080201625824,510000.0
2021-09-16,0.3840080090801078,0.3840080090801078,0.3765515497883003,0.3802797794342041,242600.0
2021-09-17,0.3728232979774475,0.3765515274017019,0.3690950685531931,0.3728232979774475,642200.0
2021-09-20,0.3728233053183399,0.3728233053183399,0.3653668463230133,0.3653668463230133,283600.0
2021-09-21,0.3690950572490692,0.3690950572490692,0.3690950572490692,0.3690950572490692,56300.0
2021-09-22,0.3690950685531931,0.3728232979774475,0.3690950685531931,0.3728232979774475,85100.0
2021-09-23,0.3728232865591407,0.3728232865591407,0.3690950572490692,0.3690950572490692,108200.0
2021-09-24,0.3728233053183399,0.3728233053183399,0.3653668463230133,0.3653668463230133,168400.0
2021-09-27,0.3690950572490692,0.3728232865591407,0.3690950572490692,0.3690950572490692,70300.0
2021-09-28,0.3690950685531931,0.3728232979774475,0.3690950685531931,0.3728232979774475,93600.0
2021-09-29,0.3690950572490692,0.3690950572490692,0.3653668279389978,0.3690950572490692,107300.0
2021-09-30,0.3690950572490692,0.3728232865591407,0.3690950572490692,0.3690950572490692,512000.0
2021-10-01,0.3728232979774475,0.3765515274017019,0.3690950685531931,0.3728232979774475,665600.0
2021-10-04,0.3728232865591407,0.3728232865591407,0.3690950572490692,0.3690950572490692,233600.0
2021-10-05,0.3728233053183399,0.3728233053183399,0.3653668463230133,0.3653668463230133,220000.0
2021-10-06,0.3728233053183399,0.3728233053183399,0.3653668463230133,0.3653668463230133,135000.0
2021-10-07,0.3728233053183399,0.3765515348160032,0.3653668463230133,0.3653668463230133,466900.0
2021-10-08,0.3690950572490692,0.3690950572490692,0.3690950572490692,0.3690950572490692,106200.0
2021-10-11,0.3690950572490692,0.3765515158692122,0.3690950572490692,0.3690950572490692,257400.0
2021-10-12,0.3690950572490692,0.3728232865591407,0.3690950572490692,0.3690950572490692,69500.0
2021-10-13,0.3690950572490692,0.3728232865591407,0.3653668279389978,0.3690950572490692,144600.0
2021-10-14,0.3690950572490692,0.3728232865591407,0.3653668279389978,0.3690950572490692,115900.0
2021-10-15,0.3690951011485806,0.3914644796695833,0.3690951011485806,0.3840080201625824,626800.0
2021-10-18,0.3840080201625824,0.3951927094230837,0.3840080201625824,0.3840080201625824,682000.0
2021-10-19,0.3877362310886383,0.3914644606611058,0.3840080015161708,0.3877362310886383,274800.0
2021-10-20,0.3877362499160828,0.3877362499160828,0.3802797904090819,0.3840080201625824,288000.0
2021-10-21,0.3951927014957307,0.4063774349758768,0.3914644718170166,0.3914644718170166,1427200.0
2021-10-22,0.3914644827624386,0.4063774463382682,0.3914644827624386,0.3951927125453949,426300.0
2021-10-25,0.3951927125453949,0.3989209867723558,0.3877362529794825,0.3951927125453949,559000.0
2021-10-26,0.3951926902335733,0.3951926902335733,0.3877362310886383,0.3877362310886383,339300.0
2021-10-27,0.3914644606611058,0.3951926902335733,0.3840080015161708,0.3877362310886383,642600.0
2021-10-28,0.3840080090801078,0.3877362387260115,0.3802797794342041,0.3802797794342041,284800.0
2021-10-29,0.3802797794342041,0.3840080090801078,0.3802797794342041,0.3802797794342041,482400.0
2021-11-01,0.3840080201625824,0.3877362499160828,0.3802797904090819,0.3840080201625824,250100.0
2021-11-02,0.3914644796695833,0.3914644796695833,0.3840080201625824,0.3840080201625824,465600.0
2021-11-03,0.3840080301100783,0.4026492238044739,0.3840080301100783,0.4026492238044739,1803500.0
2021-11-05,0.3989209756184484,0.4026492052971626,0.3877362421383024,0.3914644718170166,712100.0
2021-11-08,0.3914644606611058,0.3951926902335733,0.3877362310886383,0.3877362310886383,391100.0
2021-11-09,0.3877362310886383,0.3951926902335733,0.3877362310886383,0.3877362310886383,95600.0
2021-11-10,0.3877362421383024,0.3914644718170166,0.3840080124595882,0.3914644718170166,557100.0
2021-11-11,0.3877362529794825,0.3951927125453949,0.3840080231965262,0.3951927125453949,687700.0
2021-11-12,0.3914644718170166,0.3951927014957307,0.3877362421383024,0.3914644718170166,904200.0
2021-11-15,0.3914644606611058,0.4026491938225106,0.3877362310886383,0.3877362310886383,732600.0
2021-11-16,0.3914644606611058,0.3951926902335733,0.3840080015161708,0.3877362310886383,605800.0
2021-11-17,0.3914644606611058,0.3914644606611058,0.3877362310886383,0.3877362310886383,11500.0
2021-11-18,0.3877362387260115,0.3914644683719152,0.3765515497883003,0.3802797794342041,448100.0
2021-11-19,0.3802797983393967,0.3840080281706453,0.3765515685081481,0.3765515685081482,75100.0
2021-11-22,0.3802797794342041,0.3802797794342041,0.3728233201423966,0.3802797794342041,548200.0
2021-11-23,0.3802797794342041,0.3802797794342041,0.3765515497883003,0.3802797794342041,48000.0
2021-11-24,0.3765515497883003,0.3802797794342041,0.3765515497883003,0.3802797794342041,13000.0
2021-11-25,0.3802797794342041,0.3840080090801078,0.3802797794342041,0.3802797794342041,15400.0
2021-11-26,0.3765515274017019,0.3765515274017019,0.3690950685531931,0.3728232979774475,417000.0
2021-11-29,0.3728232865591407,0.3728232865591407,0.3690950572490692,0.3690950572490692,109800.0
2021-11-30,0.3690950758206766,0.3690950758206766,0.3653668463230133,0.3653668463230133,391300.0
2021-12-01,0.3653668391289386,0.3840079862502108,0.3653668391289386,0.3728232979774475,517100.0
2021-12-02,0.3802797568259564,0.3802797568259564,0.3690950685531931,0.3728232979774475,192200.0
2021-12-03,0.3728233053183399,0.3728233053183399,0.3653668463230133,0.3653668463230133,322600.0
2021-12-06,0.3653668279389978,0.3690950572490692,0.3653668279389978,0.3690950572490692,124900.0
2021-12-07,0.3653668463230133,0.3728233053183399,0.36163861682535,0.3653668463230133,372300.0
2021-12-08,0.3728233053183399,0.3728233053183399,0.3653668463230133,0.3653668463230133,330500.0
2021-12-09,0.3690950758206766,0.3690950758206766,0.3653668463230133,0.3653668463230133,35500.0
2021-12-10,0.3653668463230133,0.3690950758206766,0.3653668463230133,0.3653668463230133,149200.0
2021-12-13,0.3690950572490692,0.3690950572490692,0.3690950572490692,0.3690950572490692,70200.0
2021-12-14,0.3690950758206766,0.3690950758206766,0.3653668463230133,0.3653668463230133,18400.0
2021-12-15,0.3653668650860803,0.3690950947752033,0.3616386353969574,0.3616386353969574,191300.0
2021-12-16,0.3653668279389978,0.3690950572490692,0.3653668279389978,0.3690950572490692,91700.0
2021-12-17,0.3690950758206766,0.3690950758206766,0.3653668463230133,0.3653668463230133,26400.0
2021-12-20,0.3616386353969574,0.3653668650860803,0.3616386353969574,0.3616386353969574,50700.0
2021-12-21,0.3616386165834266,0.3653668460785959,0.3579103648662567,0.3579103648662567,462200.0
2021-12-22,0.3616386165834266,0.3653668460785959,0.3541821353710875,0.3579103648662567,234400.0
2021-12-23,0.3616386165834266,0.3653668460785959,0.3579103648662567,0.3579103648662567,177800.0
2021-12-24,0.3579103648662567,0.3616386165834266,0.3579103648662567,0.3579103648662567,6200.0
2021-12-27,0.3616386165834266,0.3616386165834266,0.3579103648662567,0.3579103648662567,124000.0
2021-12-28,0.3579103648662567,0.3616386165834266,0.3541821353710875,0.3579103648662567,188300.0
2021-12-29,0.3579103651056861,0.3690950758206766,0.3579103651056861,0.3653668463230133,141500.0
2021-12-30,0.3616386353969574,0.3616386353969574,0.3616386353969574,0.3616386353969574,80900.0
2021-12-31,0.3616386353969574,0.3653668650860803,0.3616386353969574,0.3616386353969574,4100.0
2022-01-03,0.3579103648662567,0.3616386165834266,0.3579103648662567,0.3579103648662567,112300.0
2022-01-04,0.3579103834858326,0.3616386353969574,0.3579103834858326,0.3616386353969574,53700.0
2022-01-05,0.3616386165834266,0.3653668460785959,0.3579103648662567,0.3579103648662567,247600.0
2022-01-06,0.3616386353969574,0.3616386353969574,0.3579103834858326,0.3616386353969574,169700.0
2022-01-07,0.3616386353969574,0.3616386353969574,0.3579103834858326,0.3616386353969574,143500.0
2022-01-10,0.3616386353969574,0.3653668650860803,0.3616386353969574,0.3616386353969574,68700.0
2022-01-11,0.3616386353969574,0.3616386353969574,0.3616386353969574,0.3616386353969574,32400.0
2022-01-12,0.36163861682535,0.3653668463230133,0.36163861682535,0.3653668463230133,109500.0
2022-01-13,0.3616386165834266,0.3616386165834266,0.3579103648662567,0.3579103648662567,40800.0
2022-01-14,0.3579103834858326,0.3616386353969574,0.3579103834858326,0.3616386353969574,318300.0
2022-01-17,0.3579103834858326,0.3653668650860803,0.3579103834858326,0.3616386353969574,37700.0
2022-01-18,0.3616386353969574,0.3616386353969574,0.3579103834858326,0.3616386353969574,62500.0
2022-01-19,0.3616386165834266,0.3616386165834266,0.3579103648662567,0.3579103648662567,21300.0
2022-01-20,0.3579103535148034,0.3616386051137285,0.3541821241378784,0.3541821241378784,430800.0
2022-01-21,0.3653668460785959,0.3653668460785959,0.3579103648662567,0.3579103648662567,7100.0
2022-01-24,0.3579103723582439,0.3616386241534557,0.3504539132118225,0.3504539132118225,431400.0
2022-01-25,0.3541821427850332,0.3541821427850332,0.3504539132118225,0.3504539132118225,166000.0
2022-01-26,0.3541821313899697,0.3541821313899697,0.3467256724834442,0.3467256724834442,396700.0
2022-01-27,0.3504539132118225,0.3504539132118225,0.3467256836386118,0.3504539132118225,112500.0
2022-01-28,0.3504539019367069,0.3504539019367069,0.3429974430301814,0.3467256724834442,380700.0
2022-01-31,0.3467256724834442,0.3467256724834442,0.3467256724834442,0.3467256724834442,0.0
2022-02-03,0.3467256724834442,0.3504539019367069,0.3429974430301814,0.3467256724834442,111600.0
2022-02-04,0.3467256653840283,0.3541821241378784,0.3467256653840283,0.3541821241378784,308300.0
2022-02-07,0.3541821241378784,0.3541821241378784,0.3467256653840283,0.3541821241378784,467800.0
2022-02-08,0.3541821427850332,0.3541821427850332,0.3504539132118225,0.3504539132118225,124600.0
2022-02-09,0.3541821353710875,0.3579103648662567,0.3541821353710875,0.3579103648662567,355600.0
2022-02-10,0.3579103648662567,0.3653668460785959,0.3579103648662567,0.3579103648662567,194300.0
2022-02-11,0.3579103834858326,0.3616386353969574,0.3579103834858326,0.3616386353969574,80500.0
2022-02-14,0.3728233053183399,0.3765515348160032,0.3653668463230133,0.3653668463230133,1174200.0
2022-02-15,0.3690950685531931,0.3728232979774475,0.3690950685531931,0.3728232979774475,164000.0
2022-02-16,0.3728232979774475,0.3728232979774475,0.3690950685531931,0.3728232979774475,218100.0
2022-02-17,0.3728232979774475,0.3765515274017019,0.3690950685531931,0.3728232979774475,282300.0
2022-02-18,0.369095108845651,0.3765515685081481,0.369095108845651,0.3765515685081482,354500.0
2022-02-21,0.3728233386768996,0.3765515685081481,0.3728233386768996,0.3765515685081482,157100.0
2022-02-22,0.3728232865591407,0.3728232865591407,0.3653668279389978,0.3690950572490692,270100.0
2022-02-23,0.3728233201423966,0.3802797794342041,0.3728233201423966,0.3802797794342041,401300.0
2022-02-24,0.3802797643136665,0.3802797643136665,0.3653668463230133,0.3653668463230133,1285300.0
2022-02-25,0.3653668391289386,0.3802797568259564,0.3653668391289386,0.3728232979774475,1285200.0
2022-02-28,0.3728233244643263,0.3728233244643263,0.3616386353969574,0.3616386353969574,537100.0
2022-03-01,0.3616386051137285,0.3653668344906535,0.3429974360071033,0.3541821241378784,1760800.0
2022-03-02,0.3541821427850332,0.3579103723582439,0.3504539132118225,0.3504539132118225,240900.0
2022-03-03,0.3541821353710875,0.3579103648662567,0.3504539058759182,0.3579103648662567,325500.0
2022-03-04,0.3579103535148034,0.3616386051137285,0.3504538947609533,0.3541821241378784,220400.0
2022-03-07,0.3541821241378784,0.3541821241378784,0.3467256653840283,0.3541821241378784,443600.0
2022-03-08,0.3616386241534557,0.3616386241534557,0.3467256836386118,0.3504539132118225,243600.0
2022-03-09,0.3541821537967096,0.3616386353969574,0.3541821537967096,0.3616386353969574,92800.0
2022-03-10,0.3616386051137285,0.3616386051137285,0.3541821241378784,0.3541821241378784,92500.0
2022-03-11,0.3541821537967096,0.3616386353969574,0.3504539241075866,0.3616386353969574,190600.0
2022-03-14,0.3616386125184957,0.3616386125184957,0.3467256724834442,0.3467256724834442,421600.0
2022-03-15,0.3467256724834442,0.3504539019367069,0.3392692135769186,0.3467256724834442,723200.0
2022-03-16,0.3467256724834442,0.3504539019367069,0.3429974430301814,0.3467256724834442,204600.0
2022-03-17,0.3504539132118225,0.3541821427850332,0.3467256836386118,0.3504539132118225,363900.0
2022-03-18,0.3504539019367069,0.3504539019367069,0.3429974430301814,0.3467256724834442,294700.0
2022-03-21,0.3467256724834442,0.3541821313899697,0.3429974430301814,0.3467256724834442,202400.0
2022-03-22,0.3467256724834442,0.3504539019367069,0.3467256724834442,0.3467256724834442,322800.0
2022-03-23,0.3504539132118225,0.3541821427850332,0.3504539132118225,0.3504539132118225,440200.0
2022-03-24,0.3504539019367069,0.3541821313899697,0.3467256724834442,0.3467256724834442,335000.0
2022-03-25,0.3504539132118225,0.3541821427850332,0.3467256836386118,0.3504539132118225,227400.0
2022-03-28,0.3504539132118225,0.3541821427850332,0.3467256836386118,0.3504539132118225,184300.0
2022-03-29,0.3504539132118225,0.3504539132118225,0.3467256836386118,0.3504539132118225,202100.0
2022-03-30,0.3541821427850332,0.3541821427850332,0.3467256836386118,0.3504539132118225,833000.0
2022-03-31,0.3504539019367069,0.3504539019367069,0.3467256724834442,0.3467256724834442,133400.0
2022-04-01,0.3467256724834442,0.3504539019367069,0.3429974430301814,0.3467256724834442,447200.0
2022-04-04,0.3467256724834442,0.3504539019367069,0.3429974430301814,0.3467256724834442,126100.0
2022-04-05,0.3467256836386118,0.3504539132118225,0.3429974540654011,0.3504539132118225,300700.0
2022-04-06,0.3504539019367069,0.3504539019367069,0.3429974430301814,0.3467256724834442,261800.0
2022-04-07,0.3467256724834442,0.3504539019367069,0.3467256724834442,0.3467256724834442,58100.0
2022-04-08,0.3467256912120335,0.3467256912120335,0.3429974615573883,0.3429974615573883,909700.0
2022-04-11,0.3429974615573883,0.3467256912120335,0.3429974615573883,0.3429974615573883,276000.0
2022-04-12,0.3429974430301814,0.3467256724834442,0.3429974430301814,0.3467256724834442,132500.0
2022-04-13,0.3467256836386118,0.3504539132118225,0.3429974540654011,0.3504539132118225,132400.0
2022-04-14,0.3504539132118225,0.3504539132118225,0.3467256836386118,0.3504539132118225,121800.0
2022-04-18,0.3467256724834442,0.3467256724834442,0.3467256724834442,0.3467256724834442,134900.0
2022-04-19,0.3467256724834442,0.3504539019367069,0.3467256724834442,0.3467256724834442,383200.0
2022-04-20,0.3504538947609533,0.3541821241378784,0.3504538947609533,0.3541821241378784,94000.0
2022-04-21,0.3541821241378784,0.3541821241378784,0.3504538947609533,0.3541821241378784,104200.0
2022-04-22,0.3504539019367069,0.3541821313899697,0.3467256724834442,0.3467256724834442,60700.0
2022-04-25,0.3467256724834442,0.3467256724834442,0.3429974430301814,0.3467256724834442,123200.0
2022-04-26,0.3467256724834442,0.3467256724834442,0.3429974430301814,0.3467256724834442,101000.0
2022-04-27,0.3429974430301814,0.3467256724834442,0.3429974430301814,0.3467256724834442,40600.0
2022-04-28,0.350453909427878,0.350453909427878,0.33926922082901,0.33926922082901,940400.0
2022-04-29,0.3467256724834442,0.3504539019367069,0.3429974430301814,0.3467256724834442,574800.0
2022-05-04,0.3467256724834442,0.3504539019367069,0.3429974430301814,0.3467256724834442,284300.0
2022-05-05,0.3504538947609533,0.3541821241378784,0.3467256653840283,0.3541821241378784,129000.0
2022-05-06,0.3467256653840283,0.3541821241378784,0.3429974360071033,0.3541821241378784,189500.0
2022-05-09,0.3541821539402008,0.3619663694557682,0.3541821539402008,0.3541821539402008,222500.0
2022-05-10,0.3502900587578299,0.3502900587578299,0.3386137342920063,0.3425058424472809,233500.0
2022-05-11,0.3619663603814582,0.3619663603814582,0.3425057988816137,0.3463979065418243,183500.0
2022-05-12,0.3425058267247016,0.3425058267247016,0.3308295027948746,0.3386137187480926,414400.0
2022-05-13,0.3386137028426929,0.3386137028426929,0.3308294872551159,0.3347215950489044,472100.0
2022-05-17,0.3347215950489044,0.3386137028426929,0.3347215950489044,0.3347215950489044,120800.0
2022-05-18,0.3386137342920063,0.3463979506025554,0.3386137342920063,0.3425058424472809,314900.0
2022-05-19,0.3425058267247016,0.3463979347013106,0.3386137187480926,0.3386137187480926,170200.0
2022-05-20,0.3541821311447655,0.3541821311447655,0.3463978929314055,0.3502900004386902,95900.0
2022-05-23,0.3502900142020349,0.354182145061037,0.3463979065418243,0.3463979065418243,113100.0
2022-05-24,0.3463979506025554,0.3463979506025554,0.3425058424472809,0.3425058424472809,65400.0
2022-05-25,0.3425058424472809,0.3425058424472809,0.3347216261367318,0.3425058424472809,237500.0
2022-05-26,0.3463979065418243,0.3463979065418243,0.3425057988816137,0.3463979065418243,14400.0
2022-05-27,0.3463979065418243,0.3463979065418243,0.3425057988816137,0.3463979065418243,178800.0
2022-05-30,0.3425057988816137,0.3463979065418243,0.3425057988816137,0.3463979065418243,64100.0
2022-05-31,0.3502900004386902,0.3502900004386902,0.3502900004386902,0.3502900004386902,70300.0
2022-06-01,0.3502900004386902,0.3541821311447655,0.3502900004386902,0.3502900004386902,33000.0
2022-06-02,0.3502900004386902,0.3502900004386902,0.3502900004386902,0.3502900004386902,99100.0
2022-06-03,0.3502900587578299,0.3541821901118989,0.3425058424472809,0.3425058424472809,236900.0
2022-06-06,0.3463978929314055,0.3502900004386902,0.3463978929314055,0.3502900004386902,3500.0
2022-06-07,0.3502900142020349,0.3502900142020349,0.3463979065418243,0.3463979065418243,65600.0
2022-06-08,0.3463979506025554,0.3502900587578299,0.3425058424472809,0.3425058424472809,90900.0
2022-06-09,0.3425057854241208,0.3541821311447655,0.3425057854241208,0.3502900004386902,236900.0
2022-06-10,0.3425057988816137,0.3502900142020349,0.3425057988816137,0.3463979065418243,96000.0
2022-06-13,0.3463979065418243,0.3463979065418243,0.3425057988816137,0.3463979065418243,38100.0
2022-06-14,0.3425058424472809,0.3463979506025554,0.3425058424472809,0.3425058424472809,91400.0
2022-06-15,0.3463978929314055,0.3502900004386902,0.3463978929314055,0.3502900004386902,185700.0
2022-06-16,0.3463979065418243,0.3502900142020349,0.3463979065418243,0.3463979065418243,42200.0
2022-06-17,0.3463979506025554,0.3463979506025554,0.3425058424472809,0.3425058424472809,218800.0
2022-06-20,0.3425057988816137,0.3502900142020349,0.3425057988816137,0.3463979065418243,38800.0
2022-06-21,0.3463978929314055,0.3502900004386902,0.3463978929314055,0.3502900004386902,43600.0
2022-06-22,0.3463979065418243,0.3463979065418243,0.3425057988816137,0.3463979065418243,28000.0
2022-06-23,0.3425057988816137,0.3463979065418243,0.3386136912214031,0.3463979065418243,38700.0
2022-06-24,0.3425058424472809,0.3463979506025554,0.3386137342920063,0.3425058424472809,74200.0
2022-06-27,0.3463979347013106,0.3463979347013106,0.3386137187480926,0.3386137187480926,71000.0
2022-06-28,0.3386136912214031,0.3463979065418243,0.3386136912214031,0.3463979065418243,165800.0
2022-06-29,0.3425058267247016,0.3425058267247016,0.3386137187480926,0.3386137187480926,2000.0
2022-06-30,0.3386137342920063,0.3463979506025554,0.3386137342920063,0.3425058424472809,51200.0
2022-07-01,0.3425058424472809,0.3425058424472809,0.3425058424472809,0.3425058424472809,30200.0
2022-07-04,0.3425058267247016,0.3463979347013106,0.3386137187480926,0.3386137187480926,67900.0
2022-07-05,0.3386137187480926,0.3386137187480926,0.3386137187480926,0.3386137187480926,87000.0
2022-07-06,0.3386137028426929,0.3386137028426929,0.3347215950489044,0.3347215950489044,54000.0
2022-07-07,0.3386137187480926,0.3425058267247016,0.3347216107714836,0.3386137187480926,172600.0
2022-07-08,0.3386137342920063,0.3425058424472809,0.3347216261367318,0.3425058424472809,27100.0
2022-07-12,0.3425058424472809,0.3425058424472809,0.3425058424472809,0.3425058424472809,0.0
2022-07-13,0.3386137342920063,0.3425058424472809,0.3347216261367318,0.3425058424472809,5300.0
2022-07-14,0.3425058424472809,0.3425058424472809,0.3425058424472809,0.3425058424472809,0.0
2022-07-15,0.3386137028426929,0.3386137028426929,0.3347215950489044,0.3347215950489044,8200.0
2022-07-18,0.3386137342920063,0.3463979506025554,0.3386137342920063,0.3425058424472809,50900.0
2022-07-19,0.3386137342920063,0.3425058424472809,0.3386137342920063,0.3425058424472809,27800.0
2022-07-20,0.3347215950489044,0.3347215950489044,0.3347215950489044,0.3347215950489044,17000.0
2022-07-21,0.3347216107714836,0.3386137187480926,0.3347216107714836,0.3386137187480926,85900.0
2022-07-22,0.3386137342920063,0.3425058424472809,0.3386137342920063,0.3425058424472809,7100.0
2022-07-25,0.3425058267247016,0.3425058267247016,0.3347216107714836,0.3386137187480926,125300.0
2022-07-26,0.3386137187480926,0.3386137187480926,0.3386137187480926,0.3386137187480926,19900.0
2022-07-27,0.3386137187480926,0.3386137187480926,0.3386137187480926,0.3386137187480926,2600.0
2022-07-28,0.3386137342920063,0.3425058424472809,0.3386137342920063,0.3425058424472809,12600.0
2022-07-29,0.3386137187480926,0.3425058267247016,0.3386137187480926,0.3386137187480926,29400.0
2022-08-01,0.3619663855704487,0.3619663855704487,0.3541821697083294,0.358074277639389,710500.0
2022-08-02,0.3580742616979845,0.3580742616979845,0.3541821539402008,0.3541821539402008,160200.0
2022-08-03,0.3502900385784765,0.358074277639389,0.3502900385784765,0.358074277639389,46900.0
2022-08-04,0.358074277639389,0.358074277639389,0.3541821697083294,0.358074277639389,100200.0
2022-08-05,0.3580742616979845,0.3580742616979845,0.3541821539402008,0.3541821539402008,84600.0
2022-08-08,0.3580742342742327,0.3619663417339325,0.3580742342742327,0.3619663417339325,46000.0
2022-08-10,0.358074277639389,0.3619663855704487,0.358074277639389,0.358074277639389,75900.0
2022-08-11,0.3619663889299473,0.3736427128314972,0.3619663889299473,0.3736427128314972,497200.0
2022-08-12,0.3736426668178615,0.3736426668178615,0.3658584518421115,0.3697505593299866,814600.0
2022-08-15,0.3697506031849489,0.3697506031849489,0.3658584952354431,0.3658584952354431,372900.0
2022-08-16,0.3658584518421115,0.3697505593299866,0.3619663443542364,0.3697505593299866,194300.0
2022-08-17,0.3697506048643139,0.3736427128314972,0.3697506048643139,0.3736427128314972,180300.0
2022-08-18,0.3736426783030877,0.3892111319319298,0.369750570695575,0.3853190243244171,470300.0
2022-08-19,0.3853190541267395,0.3892508773834588,0.3813872308700201,0.3853190541267395,549300.0
2022-08-22,0.3774553841777855,0.3853190541267395,0.3774553841777855,0.3853190541267395,168300.0
2022-08-23,0.3853190534748498,0.3853190534748498,0.3774553835391998,0.3774553835391998,117100.0
2022-08-24,0.3774553893757112,0.3774553893757112,0.3695917427539825,0.3695917427539825,162900.0
2022-08-25,0.3695917404398767,0.3813872337341308,0.3695917404398767,0.3813872337341308,133700.0
2022-08-26,0.3813872337341308,0.3813872337341308,0.3774553870123692,0.3813872337341308,124700.0
2022-08-29,0.3813872302247824,0.3813872302247824,0.3774553835391998,0.3774553835391998,42000.0
2022-08-30,0.3774553870123692,0.3813872337341308,0.3774553870123692,0.3813872337341308,90000.0
2022-08-31,0.3813872302247824,0.3813872302247824,0.3774553835391998,0.3774553835391998,267400.0
2022-09-01,0.3774553835391998,0.3774553835391998,0.3774553835391998,0.3774553835391998,26600.0
2022-09-02,0.3735235602891324,0.3774553835391998,0.3735235602891324,0.3774553835391998,72000.0
2022-09-05,0.3774553835391998,0.3774553835391998,0.3774553835391998,0.3774553835391998,20400.0
2022-09-06,0.3774553835391998,0.3774553835391998,0.3735235602891324,0.3774553835391998,111600.0
2022-09-07,0.3735235333442688,0.3735235333442688,0.3735235333442688,0.3735235333442688,188800.0
2022-09-08,0.3774553835391998,0.3774553835391998,0.3735235602891324,0.3774553835391998,86300.0
2022-09-09,0.3735235333442688,0.3735235333442688,0.3735235333442688,0.3735235333442688,35900.0
2022-09-12,0.3735235660648469,0.3735235660648469,0.3695917427539825,0.3695917427539825,33300.0
2022-09-13,0.3735235333442688,0.3774553563107063,0.3695917103778313,0.3735235333442688,147100.0
2022-09-14,0.3695917427539825,0.3695917427539825,0.3656599194431181,0.3695917427539825,151400.0
2022-09-15,0.3695917427539825,0.3695917427539825,0.3656599194431181,0.3695917427539825,21900.0
2022-09-16,0.3695917103778313,0.3735235333442688,0.3695917103778313,0.3735235333442688,700.0
2022-09-19,0.3695917103778313,0.3735235333442688,0.3656598874113937,0.3735235333442688,78600.0
2022-09-20,0.3735235333442688,0.3735235333442688,0.3735235333442688,0.3735235333442688,0.0
2022-09-21,0.3695917103778313,0.3735235333442688,0.3695917103778313,0.3735235333442688,97700.0
2022-09-22,0.3735235333442688,0.3735235333442688,0.3695917103778313,0.3735235333442688,149100.0
2022-09-23,0.3735235333442688,0.3735235333442688,0.3735235333442688,0.3735235333442688,296300.0
2022-09-26,0.3774553616244174,0.3774553616244174,0.3656598925590515,0.3656598925590515,196400.0
2022-09-27,0.3656598925590515,0.3656598925590515,0.3617280695372629,0.3656598925590515,161500.0
2022-09-28,0.3617281019687652,0.3617281019687652,0.35386443178464,0.3617281019687652,256100.0
2022-09-29,0.357796284343983,0.357796284343983,0.3460007905960083,0.3460007905960083,103900.0
2022-09-30,0.3538644015789032,0.3577962480531028,0.3538644015789032,0.3538644015789032,85900.0
2022-10-03,0.3499325821791745,0.3577962517738342,0.3499325821791745,0.3577962517738342,122300.0
2022-10-04,0.3499325785402176,0.3538644015789032,0.3499325785402176,0.3538644015789032,92500.0
2022-10-05,0.3538644042547114,0.3577962507586423,0.3499325811862945,0.3499325811862945,22700.0
2022-10-06,0.3499326140334944,0.3499326140334944,0.3460007905960083,0.3460007905960083,119200.0
2022-10-07,0.3538644052587473,0.3617280748534069,0.3538644052587473,0.3577962517738342,56000.0
2022-10-10,0.3577962517738342,0.3577962517738342,0.3577962517738342,0.3577962517738342,0.0
2022-10-11,0.3538644042547114,0.3617280738270591,0.3499325811862945,0.3499325811862945,13600.0
2022-10-12,0.3499325811862945,0.3499325811862945,0.3420689350494609,0.3499325811862945,292500.0
2022-10-13,0.3577962507586423,0.3617280738270591,0.3460007581178777,0.3499325811862945,94600.0
2022-10-14,0.3460007936758844,0.349932617148369,0.3420689702033996,0.3420689702033996,83100.0
2022-10-17,0.3420689702033996,0.3460007936758844,0.3381371467309149,0.3420689702033996,218100.0
2022-10-18,0.3420689324628462,0.3538644015789032,0.3420689324628462,0.3538644015789032,74400.0
2022-10-19,0.3460007581178777,0.3499325811862945,0.3460007581178777,0.3499325811862945,17200.0
2022-10-20,0.3420689671585221,0.3538644374709805,0.3420689671585221,0.3460007905960083,158700.0
2022-10-21,0.3420689452043954,0.3460007683895356,0.3184779826580401,0.3263416290283203,664400.0
2022-10-25,0.3224098058431802,0.3263416290283203,0.3184779826580401,0.3263416290283203,177100.0
2022-10-26,0.326341629791671,0.338137122810197,0.3224098065973338,0.33420529961586,141500.0
2022-10-27,0.33420529961586,0.33420529961586,0.33420529961586,0.33420529961586,0.0
2022-10-28,0.3302734502494362,0.3381371200084686,0.3263416270876774,0.3381371200084686,149900.0
2022-10-31,0.3381371191602349,0.3381371191602349,0.3302734494209289,0.3302734494209289,34500.0
2022-11-01,0.3302734494209289,0.3302734494209289,0.3302734494209289,0.3302734494209289,0.0
2022-11-02,0.3342052960083392,0.3420689423121306,0.3302734494209289,0.3302734494209289,285500.0
2022-11-03,0.3263416262690332,0.3381371191602349,0.3263416262690332,0.3302734494209289,206500.0
2022-11-04,0.3302734763504291,0.3420689702033996,0.3302734763504291,0.3420689702033996,36700.0
2022-11-07,0.3381371200084686,0.3420689431702275,0.3381371200084686,0.3381371200084686,6600.0
2022-11-08,0.3302734502494362,0.3420689431702275,0.3302734502494362,0.3381371200084686,67300.0
2022-11-09,0.3381371467309149,0.3420689702033996,0.3381371467309149,0.3420689702033996,68900.0
2022-11-10,0.338137143721036,0.3460007905960083,0.338137143721036,0.3460007905960083,18900.0
2022-11-11,0.3499325811862945,0.3499325811862945,0.338137111981044,0.3499325811862945,41400.0
2022-11-14,0.3499326140334944,0.3499326140334944,0.338137143721036,0.3460007905960083,346400.0
2022-11-15,0.3420689671585221,0.3460007905960083,0.338137143721036,0.3460007905960083,123300.0
2022-11-16,0.3460007936758844,0.3460007936758844,0.3342053232584303,0.3420689702033996,228600.0
2022-11-17,0.3420689431702275,0.3460007663319864,0.3342052968467097,0.3381371200084686,345900.0
2022-11-18,0.3381371220192554,0.3381371220192554,0.3263416290283203,0.3263416290283203,406200.0
2022-11-21,0.3263416262690332,0.3342052960083392,0.3263416262690332,0.3302734494209289,250500.0
2022-11-22,0.33420529961586,0.33420529961586,0.330273452986008,0.33420529961586,127800.0
2022-11-23,0.3342052960083392,0.3342052960083392,0.3224098031171375,0.3302734494209289,789900.0
2022-11-24,0.3302734494209289,0.3302734494209289,0.3224098031171375,0.3302734494209289,685000.0
2022-11-25,0.3263416290283203,0.3263416290283203,0.3224098058431802,0.3263416290283203,192200.0
2022-11-28,0.326341601689142,0.326341601689142,0.3224097788333893,0.3224097788333893,105500.0
2022-11-29,0.3224097788333893,0.3224097788333893,0.3224097788333893,0.3224097788333893,0.0
2022-11-30,0.3263416347512859,0.3263416347512859,0.318477988243103,0.318477988243103,568400.0
2022-12-01,0.3224098114971945,0.3224098114971945,0.3145461649890116,0.318477988243103,799100.0
2022-12-02,0.318477988243103,0.3224098114971945,0.3145461649890116,0.318477988243103,438100.0
2022-12-05,0.3224098114971945,0.3224098114971945,0.3145461649890116,0.318477988243103,495200.0
2022-12-06,0.318477988243103,0.318477988243103,0.3145461649890116,0.318477988243103,145000.0
2022-12-07,0.3184779941109536,0.3184779941109536,0.3027506773693021,0.3106143474578857,1226400.0
2022-12-08,0.3106143739904282,0.3145461976528168,0.3066825268925219,0.3145461976528168,751900.0
2022-12-09,0.3184779559776365,0.326341601689142,0.3145461331218838,0.3224097788333893,128700.0
2022-12-12,0.326341601689142,0.326341601689142,0.3224097788333893,0.3224097788333893,17900.0
2022-12-13,0.318477988243103,0.3224098114971945,0.318477988243103,0.318477988243103,124300.0
2022-12-14,0.3224098114971945,0.3224098114971945,0.318477988243103,0.318477988243103,15900.0
2022-12-15,0.3224097788333893,0.3224097788333893,0.3145461331218838,0.3224097788333893,339400.0
2022-12-16,0.3224097788333893,0.3224097788333893,0.3224097788333893,0.3224097788333893,300.0
2022-12-19,0.3184780213152053,0.3184780213152053,0.3145461976528168,0.3145461976528168,17100.0
2022-12-20,0.3145461331218838,0.3224097788333893,0.3145461331218838,0.3224097788333893,47800.0
2022-12-21,0.318477988243103,0.318477988243103,0.318477988243103,0.318477988243103,20000.0
2022-12-22,0.3224097788333893,0.3224097788333893,0.3224097788333893,0.3224097788333893,100.0
2022-12-23,0.3184779559776365,0.3224097788333893,0.3184779559776365,0.3224097788333893,21100.0
2022-12-27,0.3224098058431802,0.3263416290283203,0.3224098058431802,0.3263416290283203,19100.0
2022-12-28,0.3224098031171375,0.3302734494209289,0.3224098031171375,0.3302734494209289,48200.0
2022-12-29,0.3302734494209289,0.3302734494209289,0.3184779799652418,0.3302734494209289,77400.0
2022-12-30,0.33420529961586,0.33420529961586,0.33420529961586,0.33420529961586,600.0
2023-01-03,0.33420529961586,0.33420529961586,0.3224098065973338,0.33420529961586,130800.0
2023-01-04,0.3302734502494362,0.3381371200084686,0.3302734502494362,0.3381371200084686,121900.0
2023-01-05,0.3420689671585221,0.3499326140334944,0.3420689671585221,0.3460007905960083,307100.0
2023-01-06,0.349932617148369,0.349932617148369,0.3420689702033996,0.3420689702033996,351500.0
2023-01-09,0.3420689671585221,0.3460007905960083,0.3420689671585221,0.3460007905960083,93900.0
2023-01-10,0.3460007555015319,0.3538644015789032,0.3460007555015319,0.3538644015789032,163700.0
2023-01-11,0.3577962480531028,0.3577962480531028,0.3499325785402176,0.3538644015789032,121500.0
2023-01-12,0.3538644015789032,0.3577962480531028,0.3538644015789032,0.3538644015789032,100100.0
2023-01-13,0.3538644042547114,0.3538644042547114,0.3499325811862945,0.3499325811862945,112700.0
2023-01-16,0.3577962465154742,0.3656598925590515,0.3538644000581717,0.3656598925590515,190900.0
2023-01-17,0.3656599171536305,0.3813872337341308,0.3656599171536305,0.3813872337341308,462100.0
2023-01-18,0.3774553835391998,0.3813872302247824,0.3774553835391998,0.3774553835391998,122800.0
2023-01-19,0.3735235602891324,0.3774553835391998,0.3735235602891324,0.3774553835391998,122700.0
2023-01-20,0.3774553835391998,0.3774553835391998,0.3774553835391998,0.3774553835391998,42000.0
2023-01-25,0.3735235660648469,0.3774553893757112,0.3695917427539825,0.3695917427539825,83000.0
2023-01-26,0.3695917103778313,0.3774553563107063,0.3695917103778313,0.3735235333442688,115700.0
2023-01-27,0.3735235660648469,0.3774553893757112,0.3695917427539825,0.3695917427539825,251800.0
2023-01-30,0.3695917427539825,0.3695917427539825,0.3695917427539825,0.3695917427539825,78200.0
2023-01-31,0.3695917155808402,0.3695917155808402,0.3656598925590515,0.3656598925590515,131500.0
2023-02-01,0.3735235386026288,0.3735235386026288,0.3656598925590515,0.3656598925590515,30200.0
2023-02-02,0.3695917103778313,0.3735235333442688,0.3695917103778313,0.3735235333442688,35200.0
2023-02-03,0.3735235333442688,0.3735235333442688,0.3735235333442688,0.3735235333442688,20400.0
2023-02-06,0.3735235386026288,0.3735235386026288,0.3656598925590515,0.3656598925590515,130100.0
2023-02-07,0.3656598925590515,0.3656598925590515,0.3656598925590515,0.3656598925590515,0.0
2023-02-08,0.3695917155808402,0.3695917155808402,0.3656598925590515,0.3656598925590515,69100.0
2023-02-09,0.3695917155808402,0.3735235386026288,0.3656598925590515,0.3656598925590515,30200.0
2023-02-10,0.3735235660648469,0.3735235660648469,0.3695917427539825,0.3695917427539825,77000.0
2023-02-13,0.3695917427539825,0.3695917427539825,0.3695917427539825,0.3695917427539825,0.0
2023-02-14,0.3695917427539825,0.3695917427539825,0.3695917427539825,0.3695917427539825,4000.0
2023-02-15,0.3656598925590515,0.3656598925590515,0.3656598925590515,0.3656598925590515,24000.0
2023-02-16,0.3656598925590515,0.3656598925590515,0.3656598925590515,0.3656598925590515,24000.0
2023-02-17,0.3656598925590515,0.3656598925590515,0.3656598925590515,0.3656598925590515,0.0
2023-02-20,0.3577962728213894,0.3695917427539825,0.3577962728213894,0.3695917427539825,129100.0
2023-02-21,0.3656598925590515,0.3656598925590515,0.3656598925590515,0.3656598925590515,40000.0
2023-02-22,0.3695917427539825,0.3695917427539825,0.3695917427539825,0.3695917427539825,19000.0
2023-02-23,0.3695917427539825,0.3695917427539825,0.3656599194431181,0.3695917427539825,159700.0
2023-02-24,0.3695917427539825,0.3695917427539825,0.3695917427539825,0.3695917427539825,500.0
2023-02-27,0.3695917171691597,0.3695917171691597,0.3499325785402176,0.3538644015789032,342300.0
2023-02-28,0.3577962517738342,0.3577962517738342,0.3577962517738342,0.3577962517738342,108000.0
2023-03-01,0.3617280644449562,0.3774553563107063,0.3617280644449562,0.3735235333442688,267200.0
2023-03-02,0.3735235660648469,0.3774553893757112,0.3695917427539825,0.3695917427539825,56500.0
2023-03-03,0.3695917427539825,0.3695917427539825,0.3695917427539825,0.3695917427539825,0.0
2023-03-06,0.3695917427539825,0.3695917427539825,0.3695917427539825,0.3695917427539825,35200.0
2023-03-07,0.3735235660648469,0.3735235660648469,0.3695917427539825,0.3695917427539825,41400.0
2023-03-08,0.3656599137889976,0.3774553835391998,0.3656599137889976,0.3774553835391998,187900.0
2023-03-09,0.3656599194431181,0.3695917427539825,0.3656599194431181,0.3695917427539825,42600.0
2023-03-10,0.3695917427539825,0.3695917427539825,0.3656599194431181,0.3695917427539825,91900.0
2023-03-13,0.3695917155808402,0.3695917155808402,0.3577962465154742,0.3656598925590515,105700.0
2023-03-14,0.3656598925590515,0.3656598925590515,0.3617280695372629,0.3656598925590515,64400.0
2023-03-15,0.3656598874113937,0.3813872027126573,0.3656598874113937,0.3735235333442688,365400.0
2023-03-16,0.3695917487173745,0.3695917487173745,0.3577962785944606,0.3617281019687652,91000.0
2023-03-17,0.3617280961322538,0.3695917427539825,0.3617280961322538,0.3695917427539825,3400.0
2023-03-20,0.3695917427539825,0.3695917427539825,0.3695917427539825,0.3695917427539825,0.0
2023-03-21,0.3656599253430699,0.3656599253430699,0.3617281019687652,0.3617281019687652,50200.0
2023-03-22,0.3656598925590515,0.3656598925590515,0.3656598925590515,0.3656598925590515,10000.0
2023-03-23,0.3695917103778313,0.3735235333442688,0.3695917103778313,0.3735235333442688,54200.0
2023-03-24,0.3656598925590515,0.3656598925590515,0.3656598925590515,0.3656598925590515,32600.0
2023-03-27,0.3617280738270591,0.3617280738270591,0.3499325811862945,0.3499325811862945,401500.0
2023-03-28,0.3499325770363831,0.3656598925590515,0.3499325770363831,0.3656598925590515,28300.0
2023-03-29,0.3656598925590515,0.3656598925590515,0.3656598925590515,0.3656598925590515,0.0
2023-03-30,0.3617280695372629,0.3656598925590515,0.3617280695372629,0.3656598925590515,32900.0
2023-03-31,0.3617280961322538,0.3695917427539825,0.3617280961322538,0.3695917427539825,98400.0
2023-04-03,0.3695917427539825,0.3695917427539825,0.3695917427539825,0.3695917427539825,0.0
2023-04-04,0.3695917155808402,0.3695917155808402,0.3656598925590515,0.3656598925590515,108400.0
2023-04-05,0.3656598925590515,0.3656598925590515,0.3656598925590515,0.3656598925590515,0.0
2023-04-06,0.3656598925590515,0.3695917155808402,0.3656598925590515,0.3656598925590515,21200.0
2023-04-10,0.3656598874113937,0.3735235333442688,0.3656598874113937,0.3735235333442688,41400.0
2023-04-11,0.3656598925590515,0.3656598925590515,0.3656598925590515,0.3656598925590515,19800.0
2023-04-12,0.3656599194431181,0.3695917427539825,0.3656599194431181,0.3695917427539825,14300.0
2023-04-13,0.3695917427539825,0.3695917427539825,0.3695917427539825,0.3695917427539825,21600.0
2023-04-14,0.3656598925590515,0.3656598925590515,0.3617280695372629,0.3656598925590515,280900.0
2023-04-17,0.3617280695372629,0.3656598925590515,0.3617280695372629,0.3656598925590515,62700.0
2023-04-18,0.3617281019687652,0.3617281019687652,0.3617281019687652,0.3617281019687652,4700.0
2023-04-19,0.3617281019687652,0.3695917487173745,0.3617281019687652,0.3617281019687652,24400.0
2023-04-20,0.3617280961322538,0.3695917427539825,0.3617280961322538,0.3695917427539825,79300.0
2023-04-21,0.3695917103778313,0.3735235333442688,0.3695917103778313,0.3735235333442688,19500.0
2023-04-24,0.3735235660648469,0.3735235660648469,0.3577962728213894,0.3695917427539825,110500.0
2023-04-25,0.3735235660648469,0.3735235660648469,0.3695917427539825,0.3695917427539825,13700.0
2023-04-26,0.3695917427539825,0.3735235660648469,0.3695917427539825,0.3695917427539825,31900.0
2023-04-27,0.3656599253430699,0.3656599253430699,0.3617281019687652,0.3617281019687652,88600.0
2023-04-28,0.3617281019687652,0.3656599253430699,0.3617281019687652,0.3617281019687652,11300.0
2023-05-02,0.3617280710917884,0.365659894130474,0.3420689324628462,0.3538644015789032,254800.0
2023-05-03,0.349932617148369,0.349932617148369,0.3302734763504291,0.3420689702033996,796100.0
2023-05-04,0.3420689460045341,0.3460007691988712,0.330273452986008,0.33420529961586,847800.0
2023-05-05,0.3342052960083392,0.3342052960083392,0.3106143336614504,0.3302734494209289,1048600.0
2023-05-08,0.33420529961586,0.338137122810197,0.33420529961586,0.33420529961586,97000.0
2023-05-09,0.33838286181477,0.33838286181477,0.3091399015221646,0.33420529961586,1227200.0
2023-05-10,0.3342053084487013,0.3383828707580218,0.3258501589298248,0.3258501589298248,104400.0
2023-05-11,0.3342052782250302,0.3467379640196051,0.3342052782250302,0.3383828401565552,217500.0
2023-05-12,0.3383828484654687,0.3425604104995727,0.3258501374629226,0.3425604104995727,64100.0
2023-05-15,0.3425604104995727,0.3425604104995727,0.3342052864313646,0.3425604104995727,175900.0
2023-05-16,0.3342052864313646,0.3467379725336768,0.3342052864313646,0.3425604104995727,62500.0
2023-05-17,0.3383828484654687,0.3425604104995727,0.3342052864313646,0.3425604104995727,75800.0
2023-05-18,0.3425604267217376,0.3509155511856079,0.3425604267217376,0.3509155511856079,80000.0
2023-05-19,0.3509155511856079,0.3509155511856079,0.3509155511856079,0.3509155511856079,0.0
2023-05-22,0.3509155511856079,0.3509155511856079,0.3467379889536727,0.3509155511856079,88200.0
2023-05-23,0.3509155345677808,0.3509155345677808,0.3425604104995727,0.3425604104995727,20000.0
2023-05-24,0.3425604104995727,0.3425604104995727,0.3425604104995727,0.3425604104995727,0.0
2023-05-25,0.3425604104995727,0.3425604104995727,0.3425604104995727,0.3425604104995727,100.0
2023-05-26,0.3425604104995727,0.3425604104995727,0.3425604104995727,0.3425604104995727,0.0
2023-05-29,0.3467379808425903,0.3467379808425903,0.3467379808425903,0.3467379808425903,40900.0
2023-05-30,0.3383828565741676,0.3509155429768016,0.3383828565741676,0.3467379808425903,56600.0
2023-05-31,0.3467379808425903,0.3467379808425903,0.3467379808425903,0.3467379808425903,0.0
2023-06-01,0.3467379808425903,0.3467379808425903,0.3467379808425903,0.3467379808425903,0.0
2023-06-05,0.3467379889536727,0.3550931383177781,0.3467379889536727,0.3509155511856079,191200.0
2023-06-06,0.3509155429768016,0.3509155429768016,0.3467379808425903,0.3467379808425903,32000.0
2023-06-07,0.3509155511856079,0.3509155511856079,0.3467379889536727,0.3509155511856079,141100.0
2023-06-08,0.3509155511856079,0.3509155511856079,0.3509155511856079,0.3509155511856079,1900.0
2023-06-09,0.3509155511856079,0.3509155511856079,0.3467379889536727,0.3509155511856079,2900.0
2023-06-12,0.3509155429768016,0.3509155429768016,0.3425604187083789,0.3467379808425903,33800.0
2023-06-13,0.3467379889536727,0.3550931383177781,0.3467379889536727,0.3509155511856079,119200.0
2023-06-14,0.3509155511856079,0.3509155511856079,0.3509155511856079,0.3509155511856079,7900.0
2023-06-15,0.3509155640456808,0.3550931513309479,0.3509155640456808,0.3550931513309479,140000.0
2023-06-16,0.3509155511856079,0.3509155511856079,0.3467379889536727,0.3509155511856079,125100.0
2023-06-19,0.3509155511856079,0.3509155511856079,0.3509155511856079,0.3509155511856079,0.0
2023-06-20,0.3467379889536727,0.3509155511856079,0.3467379889536727,0.3509155511856079,8900.0
2023-06-21,0.3509155345677808,0.3509155345677808,0.3425604104995727,0.3425604104995727,13100.0
2023-06-22,0.3467379725336768,0.3467379725336768,0.3425604104995727,0.3425604104995727,50700.0
2023-06-23,0.3425604104995727,0.3425604104995727,0.3383828484654687,0.3425604104995727,183800.0
2023-06-26,0.3467379725336768,0.3467379725336768,0.3425604104995727,0.3425604104995727,55800.0
2023-06-27,0.3425604104995727,0.3425604104995727,0.3425604104995727,0.3425604104995727,8500.0
2023-06-28,0.3425604104995727,0.3425604104995727,0.3425604104995727,0.3425604104995727,39100.0
2023-06-30,0.3383828484654687,0.3425604104995727,0.3342052864313646,0.3425604104995727,351400.0
2023-07-03,0.3425604104995727,0.3467379725336768,0.3425604104995727,0.3425604104995727,76700.0
2023-07-04,0.3425604104995727,0.3425604104995727,0.3425604104995727,0.3425604104995727,100.0
2023-07-05,0.3383828484654687,0.3425604104995727,0.3342052864313646,0.3425604104995727,427700.0
2023-07-06,0.3425604104995727,0.3425604104995727,0.3425604104995727,0.3425604104995727,0.0
2023-07-07,0.3383828401565552,0.3383828401565552,0.3383828401565552,0.3383828401565552,2700.0
2023-07-10,0.3383828401565552,0.3383828401565552,0.3383828401565552,0.3383828401565552,5100.0
2023-07-11,0.3383828484654687,0.3425604104995727,0.3383828484654687,0.3425604104995727,53800.0
2023-07-12,0.3425604104995727,0.3425604104995727,0.3342052864313646,0.3425604104995727,91200.0
2023-07-13,0.3425604104995727,0.3425604104995727,0.3425604104995727,0.3425604104995727,78700.0
2023-07-14,0.3383828401565552,0.3383828401565552,0.3383828401565552,0.3383828401565552,50000.0
2023-07-17,0.3342052864313646,0.3425604104995727,0.3342052864313646,0.3425604104995727,166800.0
2023-07-18,0.3425604104995727,0.3425604104995727,0.3425604104995727,0.3425604104995727,0.0
2023-07-19,0.3383828401565552,0.3383828401565552,0.3342052782250302,0.3383828401565552,51600.0
2023-07-20,0.33420529961586,0.33420529961586,0.33420529961586,0.33420529961586,50000.0
2023-07-21,0.3342052864313646,0.3425604104995727,0.3342052864313646,0.3425604104995727,125700.0
2023-07-24,0.3425604104995727,0.3425604104995727,0.3383828484654687,0.3425604104995727,220400.0
2023-07-25,0.3342052864313646,0.3425604104995727,0.3342052864313646,0.3425604104995727,153900.0
2023-07-26,0.33420529961586,0.33420529961586,0.33420529961586,0.33420529961586,49900.0
2023-07-27,0.3425604104995727,0.3425604104995727,0.3383828484654687,0.3425604104995727,11800.0
2023-07-28,0.3425604104995727,0.3425604104995727,0.3342052864313646,0.3425604104995727,21000.0
2023-07-31,0.3425604104995727,0.3425604104995727,0.3342052864313646,0.3425604104995727,11400.0
2023-08-01,0.3425604104995727,0.3425604104995727,0.3425604104995727,0.3425604104995727,0.0
2023-08-02,0.3342053084487013,0.3342053084487013,0.3216725966205043,0.3258501589298248,781900.0
2023-08-03,0.3342052915356543,0.3342052915356543,0.3174950182437897,0.3174950182437897,275900.0
2023-08-04,0.3174950400884313,0.3216726024737681,0.3091399153177576,0.3133174777030945,281800.0
2023-08-07,0.3216725803416972,0.3216725803416972,0.313317456145882,0.3174950182437897,152400.0
2023-08-08,0.3174950013078886,0.3174950013078886,0.3091398775577545,0.3091398775577545,255800.0
2023-08-10,0.313317456145882,0.3174950182437897,0.313317456145882,0.3174950182437897,84700.0
2023-08-11,0.3133174777030945,0.3133174777030945,0.3133174777030945,0.3133174777030945,200.0
2023-08-14,0.3133174777030945,0.3133174777030945,0.3133174777030945,0.3133174777030945,110000.0
2023-08-15,0.313317456145882,0.3174950182437897,0.313317456145882,0.3174950182437897,136800.0
2023-08-16,0.3174949969665407,0.3216725587844848,0.3174949969665407,0.3216725587844848,163000.0
2023-08-17,0.325850142276788,0.3300277292728424,0.325850142276788,0.3300277292728424,126000.0
2023-08-18,0.3258501589298248,0.3258501589298248,0.3216725966205043,0.3258501589298248,146700.0
2023-08-21,0.3258501589298248,0.3300277461393808,0.3258501589298248,0.3258501589298248,166000.0
2023-08-22,0.3300277292728424,0.3300277292728424,0.325850142276788,0.3300277292728424,255600.0
2023-08-23,0.3258501589298248,0.3300277461393808,0.3258501589298248,0.3258501589298248,58600.0
2023-08-24,0.33420529961586,0.33420529961586,0.3300277374169499,0.33420529961586,144100.0
2023-08-25,0.3300277461393808,0.3300277461393808,0.3258501589298248,0.3258501589298248,85600.0
2023-08-28,0.325850150317805,0.33420529961586,0.325850150317805,0.33420529961586,82100.0
2023-08-29,0.33420529961586,0.33420529961586,0.33420529961586,0.33420529961586,0.0
2023-08-30,0.3342052913686626,0.3342052913686626,0.3300277292728424,0.3300277292728424,104700.0
2023-08-31,0.3300277374169499,0.33420529961586,0.3300277374169499,0.33420529961586,175500.0
2023-09-04,0.33420529961586,0.33420529961586,0.33420529961586,0.33420529961586,226000.0
2023-09-05,0.3342052782250302,0.3383828401565552,0.3342052782250302,0.3383828401565552,180000.0
2023-09-06,0.3300277292728424,0.3342052913686626,0.3300277292728424,0.3300277292728424,141500.0
2023-09-07,0.3300277374169499,0.33420529961586,0.3300277374169499,0.33420529961586,126100.0
2023-09-08,0.33420529961586,0.33420529961586,0.3300277374169499,0.33420529961586,23500.0
2023-09-11,0.3300277292728424,0.3300277292728424,0.3300277292728424,0.3300277292728424,53900.0
2023-09-12,0.3300277292728424,0.3342052913686626,0.3300277292728424,0.3300277292728424,99400.0
2023-09-13,0.3258501589298248,0.3300277461393808,0.3258501589298248,0.3258501589298248,293700.0
2023-09-14,0.325850142276788,0.3300277292728424,0.325850142276788,0.3300277292728424,87900.0
2023-09-15,0.33420529961586,0.33420529961586,0.3300277374169499,0.33420529961586,196800.0
2023-09-18,0.3300277292728424,0.3342052913686626,0.3300277292728424,0.3300277292728424,208400.0
2023-09-19,0.3300277292728424,0.3300277292728424,0.3300277292728424,0.3300277292728424,0.0
2023-09-20,0.33420529961586,0.33420529961586,0.3300277374169499,0.33420529961586,198900.0
2023-09-21,0.3342052782250302,0.3383828401565552,0.3342052782250302,0.3383828401565552,106500.0
2023-09-22,0.3342052864313646,0.3425604104995727,0.3342052864313646,0.3425604104995727,391100.0
2023-09-25,0.3425604104995727,0.3425604104995727,0.3383828484654687,0.3425604104995727,46600.0
2023-09-26,0.3425604240136802,0.3425604240136802,0.33420529961586,0.33420529961586,232800.0
2023-09-27,0.3342052782250302,0.3383828401565552,0.3342052782250302,0.3383828401565552,129600.0
2023-09-28,0.3383828401565552,0.3383828401565552,0.3342052782250302,0.3383828401565552,109200.0
2023-09-29,0.3425604104995727,0.3425604104995727,0.3342052864313646,0.3425604104995727,38900.0
2023-10-02,0.3425604104995727,0.3425604104995727,0.3425604104995727,0.3425604104995727,0.0
2023-10-03,0.33838286181477,0.33838286181477,0.33420529961586,0.33420529961586,16000.0
2023-10-04,0.33420529961586,0.33838286181477,0.33420529961586,0.33420529961586,21400.0
2023-10-05,0.33420529961586,0.33420529961586,0.33420529961586,0.33420529961586,78600.0
2023-10-06,0.3383828401565552,0.3383828401565552,0.3383828401565552,0.3383828401565552,8500.0
2023-10-09,0.3383828401565552,0.3383828401565552,0.3383828401565552,0.3383828401565552,70400.0
2023-10-10,0.3342052782250302,0.3383828401565552,0.3342052782250302,0.3383828401565552,121400.0
2023-10-11,0.3383828401565552,0.3383828401565552,0.3383828401565552,0.3383828401565552,2000.0
2023-10-12,0.3383828401565552,0.3425604020880802,0.3383828401565552,0.3383828401565552,158900.0
2023-10-13,0.3383828484654687,0.3425604104995727,0.3383828484654687,0.3425604104995727,140000.0
2023-10-16,0.3425604104995727,0.3425604104995727,0.3425604104995727,0.3425604104995727,1100.0
2023-10-17,0.3425604104995727,0.3425604104995727,0.3383828484654687,0.3425604104995727,175900.0
2023-10-18,0.3425604020880802,0.3425604020880802,0.3383828401565552,0.3383828401565552,117000.0
2023-10-19,0.33838286181477,0.33838286181477,0.33420529961586,0.33420529961586,79800.0
2023-10-20,0.33420529961586,0.33420529961586,0.33420529961586,0.33420529961586,80500.0
2023-10-23,0.33420529961586,0.33420529961586,0.33420529961586,0.33420529961586,59900.0
2023-10-24,0.3300277374169499,0.33420529961586,0.3300277374169499,0.33420529961586,500.0
2023-10-25,0.33420529961586,0.33838286181477,0.33420529961586,0.33420529961586,91600.0
2023-10-26,0.3342052913686626,0.3383828534644829,0.3300277292728424,0.3300277292728424,2600.0
2023-10-27,0.3300277292728424,0.3300277292728424,0.3300277292728424,0.3300277292728424,4600.0
2023-10-30,0.3300277374169499,0.33838286181477,0.3300277374169499,0.33420529961586,144100.0
2023-10-31,0.33420529961586,0.33420529961586,0.33420529961586,0.33420529961586,5100.0
2023-11-01,0.3383828401565552,0.3383828401565552,0.3383828401565552,0.3383828401565552,101400.0
2023-11-02,0.33838286181477,0.33838286181477,0.3216725881188949,0.33420529961586,414200.0
2023-11-03,0.33420529961586,0.33420529961586,0.33420529961586,0.33420529961586,25000.0
2023-11-06,0.3342052691385496,0.3342052691385496,0.3216725587844848,0.3216725587844848,182100.0
2023-11-07,0.3216725966205043,0.3258501589298248,0.3216725966205043,0.3258501589298248,96000.0
2023-11-08,0.3258501589298248,0.3258501589298248,0.3258501589298248,0.3258501589298248,60000.0
2023-11-09,0.3258501206024289,0.3300277073206056,0.3216725587844848,0.3216725587844848,130300.0
2023-11-10,0.3258501589298248,0.3258501589298248,0.3216725966205043,0.3258501589298248,60000.0
2023-11-14,0.3258501589298248,0.3258501589298248,0.3216725966205043,0.3258501589298248,50900.0
2023-11-15,0.3300277292728424,0.3300277292728424,0.3300277292728424,0.3300277292728424,27900.0
2023-11-16,0.3258501589298248,0.3258501589298248,0.3258501589298248,0.3258501589298248,62500.0
2023-11-17,0.3258501589298248,0.3258501589298248,0.3216725966205043,0.3258501589298248,70500.0
2023-11-20,0.325850142276788,0.3300277292728424,0.325850142276788,0.3300277292728424,25100.0
2023-11-21,0.3300277292728424,0.3300277292728424,0.3300277292728424,0.3300277292728424,0.0
2023-11-22,0.3258501206024289,0.3258501206024289,0.3216725587844848,0.3216725587844848,10300.0
2023-11-23,0.325850142276788,0.3300277292728424,0.325850142276788,0.3300277292728424,139200.0
2023-11-24,0.325850129461747,0.3383828401565552,0.325850129461747,0.3383828401565552,208100.0
2023-11-27,0.33838286181477,0.33838286181477,0.33420529961586,0.33420529961586,153200.0
2023-11-28,0.3342052782250302,0.3383828401565552,0.3342052782250302,0.3383828401565552,55000.0
2023-11-29,0.3383828401565552,0.3383828401565552,0.3342052782250302,0.3383828401565552,224300.0
2023-11-30,0.3342052913686626,0.3342052913686626,0.3300277292728424,0.3300277292728424,131900.0
2023-12-01,0.3342053084487013,0.3342053084487013,0.3258501589298248,0.3258501589298248,59000.0
2023-12-04,0.325850142276788,0.3342052913686626,0.325850142276788,0.3300277292728424,57900.0
2023-12-05,0.3300277292728424,0.3342052913686626,0.3300277292728424,0.3300277292728424,32100.0
2023-12-06,0.33420529961586,0.33420529961586,0.33420529961586,0.33420529961586,69600.0
2023-12-07,0.3383828534644829,0.3383828534644829,0.3300277292728424,0.3300277292728424,2900.0
2023-12-08,0.3300277292728424,0.3300277292728424,0.3300277292728424,0.3300277292728424,16300.0
2023-12-11,0.3342052913686626,0.3342052913686626,0.3300277292728424,0.3300277292728424,60600.0
2023-12-12,0.3300277292728424,0.3342052913686626,0.3300277292728424,0.3300277292728424,172900.0
2023-12-13,0.3342052913686626,0.3342052913686626,0.3300277292728424,0.3300277292728424,143600.0
2023-12-14,0.33420529961586,0.33420529961586,0.3300277374169499,0.33420529961586,68300.0
2023-12-15,0.3342052913686626,0.3342052913686626,0.3300277292728424,0.3300277292728424,121300.0
2023-12-18,0.3300277374169499,0.33838286181477,0.3300277374169499,0.33420529961586,171000.0
2023-12-19,0.33420529961586,0.33420529961586,0.3300277374169499,0.33420529961586,182400.0
2023-12-20,0.3342053084487013,0.3342053084487013,0.3258501589298248,0.3258501589298248,402800.0
2023-12-21,0.3300277292728424,0.3300277292728424,0.3300277292728424,0.3300277292728424,14200.0
2023-12-22,0.3258501589298248,0.3258501589298248,0.3258501589298248,0.3258501589298248,10100.0
2023-12-26,0.33420529961586,0.33420529961586,0.3300277374169499,0.33420529961586,11400.0
2023-12-27,0.33420529961586,0.33420529961586,0.3300277374169499,0.33420529961586,157600.0
2023-12-28,0.33420529961586,0.33420529961586,0.33420529961586,0.33420529961586,500.0
2023-12-29,0.3342052913686626,0.3342052913686626,0.3300277292728424,0.3300277292728424,64500.0
2024-01-02,0.3342052913686626,0.3342052913686626,0.3300277292728424,0.3300277292728424,2100.0
2024-01-03,0.3300277374169499,0.33420529961586,0.3300277374169499,0.33420529961586,100000.0
2024-01-04,0.33420529961586,0.33420529961586,0.33420529961586,0.33420529961586,79000.0
2024-01-05,0.33420529961586,0.33420529961586,0.33420529961586,0.33420529961586,0.0
2024-01-08,0.33838286181477,0.33838286181477,0.33420529961586,0.33420529961586,114200.0
2024-01-09,0.3342052913686626,0.3342052913686626,0.3300277292728424,0.3300277292728424,76800.0
2024-01-10,0.33420529961586,0.33420529961586,0.33420529961586,0.33420529961586,17100.0
2024-01-11,0.3342052782250302,0.3383828401565552,0.3342052782250302,0.3383828401565552,111900.0
2024-01-12,0.33420529961586,0.33420529961586,0.33420529961586,0.33420529961586,5200.0
2024-01-15,0.33838286181477,0.33838286181477,0.33420529961586,0.33420529961586,3200.0
2024-01-16,0.3342052913686626,0.3342052913686626,0.3300277292728424,0.3300277292728424,408000.0
2024-01-17,0.3300277292728424,0.3300277292728424,0.3300277292728424,0.3300277292728424,11000.0
2024-01-18,0.3300277374169499,0.33420529961586,0.3300277374169499,0.33420529961586,22900.0
2024-01-19,0.3300277374169499,0.33420529961586,0.3300277374169499,0.33420529961586,54900.0
2024-01-22,0.3300277292728424,0.3300277292728424,0.3300277292728424,0.3300277292728424,4800.0
2024-01-23,0.33420529961586,0.33420529961586,0.3300277374169499,0.33420529961586,36500.0
2024-01-24,0.3300277292728424,0.3300277292728424,0.3300277292728424,0.3300277292728424,119100.0
2024-01-25,0.3342053084487013,0.3342053084487013,0.3258501589298248,0.3258501589298248,40000.0
2024-01-26,0.3258501589298248,0.3258501589298248,0.3258501589298248,0.3258501589298248,42600.0
2024-01-29,0.3300277374169499,0.33420529961586,0.3300277374169499,0.33420529961586,22100.0
2024-01-30,0.3342052913686626,0.3342052913686626,0.3300277292728424,0.3300277292728424,60000.0
2024-01-31,0.325850142276788,0.3300277292728424,0.325850142276788,0.3300277292728424,60600.0
2024-02-01,0.3300277292728424,0.3300277292728424,0.3300277292728424,0.3300277292728424,6000.0
2024-02-02,0.3300277292728424,0.3300277292728424,0.325850142276788,0.3300277292728424,21400.0
2024-02-05,0.3258501589298248,0.3258501589298248,0.3258501589298248,0.3258501589298248,154800.0
2024-02-06,0.3258501206024289,0.3258501206024289,0.3049623115127085,0.3216725587844848,82100.0
2024-02-07,0.3216725587844848,0.3216725587844848,0.3216725587844848,0.3216725587844848,2200.0
2024-02-08,0.3216725587844848,0.3216725587844848,0.3216725587844848,0.3216725587844848,0.0
2024-02-09,0.3258501206024289,0.3258501206024289,0.3216725587844848,0.3216725587844848,5900.0
2024-02-13,0.3174950182437897,0.3342052915356543,0.3174950182437897,0.3174950182437897,21100.0
2024-02-14,0.3174949969665407,0.3216725587844848,0.3174949969665407,0.3216725587844848,13300.0
2024-02-15,0.3258501424396048,0.3300277294377467,0.3174950182437897,0.3174950182437897,19600.0
2024-02-16,0.3216725587844848,0.3216725587844848,0.3216725587844848,0.3216725587844848,7100.0
2024-02-19,0.3216725587844848,0.3216725587844848,0.3216725587844848,0.3216725587844848,20000.0
2024-02-20,0.3216725966205043,0.3258501589298248,0.3216725966205043,0.3258501589298248,9900.0
2024-02-21,0.3216725803416972,0.3216725803416972,0.3174950182437897,0.3174950182437897,260700.0
2024-02-22,0.3174950343111838,0.3258501589298248,0.3174950343111838,0.3258501589298248,95700.0
2024-02-23,0.3258501589298248,0.3258501589298248,0.3258501589298248,0.3258501589298248,22200.0
2024-02-26,0.3258501424396048,0.3258501424396048,0.3174950182437897,0.3174950182437897,15700.0
2024-02-27,0.3216725587844848,0.3216725587844848,0.3216725587844848,0.3216725587844848,65100.0
2024-02-28,0.3216725587844848,0.3258501206024289,0.3216725587844848,0.3216725587844848,48200.0
2024-02-29,0.3216725966205043,0.3258501589298248,0.3216725966205043,0.3258501589298248,27000.0
2024-03-01,0.3300277374169499,0.33838286181477,0.3300277374169499,0.33420529961586,679000.0
2024-03-04,0.3383828707580218,0.3383828707580218,0.3174950343111838,0.3258501589298248,393900.0
2024-03-05,0.3300277294377467,0.3300277294377467,0.313317456145882,0.3174950182437897,337900.0
2024-03-06,0.3300277073206056,0.3342052691385496,0.3174949969665407,0.3216725587844848,403600.0
2024-03-07,0.3216725966205043,0.3300277461393808,0.3216725966205043,0.3258501589298248,342800.0
2024-03-08,0.3300277374169499,0.33420529961586,0.3300277374169499,0.33420529961586,145000.0
2024-03-11,0.3342052913686626,0.3342052913686626,0.3300277292728424,0.3300277292728424,75100.0
2024-03-12,0.3300277292728424,0.3300277292728424,0.325850142276788,0.3300277292728424,451000.0
2024-03-13,0.33420529961586,0.33838286181477,0.33420529961586,0.33420529961586,502700.0
2024-03-14,0.33420529961586,0.33420529961586,0.33420529961586,0.33420529961586,69300.0
2024-03-15,0.33420529961586,0.33838286181477,0.3300277374169499,0.33420529961586,42400.0
2024-03-18,0.33420529961586,0.33420529961586,0.33420529961586,0.33420529961586,105900.0
2024-03-19,0.3342053084487013,0.3342053084487013,0.3258501589298248,0.3258501589298248,335000.0
2024-03-20,0.3300277292728424,0.3300277292728424,0.325850142276788,0.3300277292728424,218600.0
2024-03-21,0.3300277374169499,0.33420529961586,0.3300277374169499,0.33420529961586,72000.0
2024-03-22,0.3300277374169499,0.33420529961586,0.3300277374169499,0.33420529961586,145600.0
2024-03-25,0.33420529961586,0.33420529961586,0.33420529961586,0.33420529961586,234100.0
2024-03-26,0.33420529961586,0.33420529961586,0.3300277374169499,0.33420529961586,58500.0
2024-03-27,0.3342052782250302,0.3383828401565552,0.3342052782250302,0.3383828401565552,86000.0
2024-03-28,0.3300277292728424,0.3342052913686626,0.3300277292728424,0.3300277292728424,68200.0
2024-04-01,0.3383828401565552,0.3425604020880802,0.3342052782250302,0.3383828401565552,364400.0
2024-04-02,0.3383828401565552,0.3383828401565552,0.3383828401565552,0.3383828401565552,1100.0
2024-04-03,0.3383828484654687,0.3425604104995727,0.3342052864313646,0.3425604104995727,133800.0
2024-04-04,0.3383828401565552,0.3383828401565552,0.3342052782250302,0.3383828401565552,123000.0
2024-04-05,0.3383828401565552,0.3383828401565552,0.3383828401565552,0.3383828401565552,35200.0
2024-04-08,0.3425604020880802,0.3425604020880802,0.3383828401565552,0.3383828401565552,78400.0
2024-04-09,0.3425604104995727,0.3425604104995727,0.3383828484654687,0.3425604104995727,256100.0
2024-04-11,0.3425604104995727,0.3467379725336768,0.3425604104995727,0.3425604104995727,322200.0
2024-04-12,0.3425604104995727,0.3425604104995727,0.3425604104995727,0.3425604104995727,105100.0
2024-04-15,0.3425604020880802,0.3425604020880802,0.3383828401565552,0.3383828401565552,72300.0
2024-04-16,0.33838286181477,0.33838286181477,0.33420529961586,0.33420529961586,207000.0
2024-04-17,0.3342052864313646,0.3425604104995727,0.3342052864313646,0.3425604104995727,154900.0
2024-04-18,0.3383828484654687,0.3425604104995727,0.3342052864313646,0.3425604104995727,99900.0
2024-04-19,0.33838286181477,0.33838286181477,0.33420529961586,0.33420529961586,135800.0
2024-04-22,0.3425604104995727,0.3425604104995727,0.3383828484654687,0.3425604104995727,46900.0
2024-04-23,0.3425604104995727,0.3425604104995727,0.3383828484654687,0.3425604104995727,70900.0
2024-04-24,0.3425604187083789,0.3467379808425903,0.3425604187083789,0.3467379808425903,152100.0
2024-04-25,0.3467379808425903,0.3467379808425903,0.3425604187083789,0.3467379808425903,129300.0
2024-04-26,0.3467379889536727,0.3509155511856079,0.3425604267217376,0.3509155511856079,82400.0
2024-04-29,0.3509155511856079,0.3550931383177781,0.3467379889536727,0.3509155511856079,533100.0
2024-04-30,0.3509155429768016,0.3509155429768016,0.3467379808425903,0.3467379808425903,162800.0
2024-05-02,0.3509155511856079,0.3509155511856079,0.3509155511856079,0.3509155511856079,107100.0
2024-05-03,0.3509155511856079,0.3509155511856079,0.3509155511856079,0.3509155511856079,133800.0
2024-05-06,0.3467379808425903,0.3509155429768016,0.3467379808425903,0.3467379808425903,79000.0
2024-05-07,0.3467379889536727,0.3509155511856079,0.3467379889536727,0.3509155511856079,85000.0
2024-05-08,0.3467379889536727,0.3509155511856079,0.3467379889536727,0.3509155511856079,324800.0
2024-05-09,0.3553575460106813,0.3553575460106813,0.3420316244662282,0.3509155809879303,396600.0
2024-05-10,0.3509155809879303,0.3509155809879303,0.3509155809879303,0.3509155809879303,56600.0
2024-05-13,0.3509155809879303,0.3509155809879303,0.3509155809879303,0.3509155809879303,145600.0
2024-05-14,0.3509155809879303,0.3553575460106813,0.3464735894889792,0.3509155809879303,134400.0
2024-05-15,0.3464735894889792,0.3509155809879303,0.3464735894889792,0.3509155809879303,95800.0
2024-05-16,0.3509155809879303,0.3509155809879303,0.3464735894889792,0.3509155809879303,102600.0
2024-05-17,0.3509155961313296,0.3509155961313296,0.3464736044406891,0.3464736044406891,106600.0
2024-05-20,0.3509155923683645,0.3642414878687855,0.3509155923683645,0.3553575575351715,616600.0
2024-05-21,0.3553575575351715,0.3553575575351715,0.3553575575351715,0.3553575575351715,2500.0
2024-05-23,0.3597994744777679,0.3597994744777679,0.3597994744777679,0.3597994744777679,156400.0
2024-05-24,0.3597994744777679,0.3597994744777679,0.3597994744777679,0.3597994744777679,90200.0
2024-05-27,0.3597995227019785,0.3597995227019785,0.3553575575351715,0.3553575575351715,46300.0
2024-05-28,0.355357509906321,0.3597994744777679,0.355357509906321,0.3597994744777679,357200.0
2024-05-29,0.3553575575351715,0.3553575575351715,0.3553575575351715,0.3553575575351715,139800.0
2024-05-30,0.3597994744777679,0.3597994744777679,0.355357509906321,0.3597994744777679,22600.0
2024-05-31,0.3597995227019785,0.3597995227019785,0.3553575575351715,0.3553575575351715,64900.0
2024-06-03,0.3509155923683645,0.3553575575351715,0.3509155923683645,0.3553575575351715,181800.0
2024-06-04,0.3553575460106813,0.3553575460106813,0.3509155809879303,0.3509155809879303,30000.0
2024-06-05,0.3553575575351715,0.3553575575351715,0.3553575575351715,0.3553575575351715,159200.0
2024-06-06,0.3509155923683645,0.3553575575351715,0.3509155923683645,0.3553575575351715,24900.0
2024-06-07,0.3553575460106813,0.3553575460106813,0.3509155809879303,0.3509155809879303,71300.0
2024-06-10,0.3509155809879303,0.3509155809879303,0.3509155809879303,0.3509155809879303,14200.0
2024-06-11,0.3509155923683645,0.3553575575351715,0.3509155923683645,0.3553575575351715,100200.0
2024-06-12,0.3553575575351715,0.3553575575351715,0.3509155923683645,0.3553575575351715,180800.0
2024-06-13,0.3553575575351715,0.3553575575351715,0.3509155923683645,0.3553575575351715,81500.0
2024-06-14,0.3553575575351715,0.3553575575351715,0.3509155923683645,0.3553575575351715,111300.0
2024-06-18,0.3509155923683645,0.3553575575351715,0.3509155923683645,0.3553575575351715,175000.0
2024-06-19,0.3509155809879303,0.3509155809879303,0.3509155809879303,0.3509155809879303,5200.0
2024-06-20,0.3509155809879303,0.3553575460106813,0.3509155809879303,0.3509155809879303,19900.0
2024-06-21,0.3509155809879303,0.3509155809879303,0.3509155809879303,0.3509155809879303,133000.0
2024-06-24,0.3509155961313296,0.3509155961313296,0.3464736044406891,0.3464736044406891,177800.0
2024-06-25,0.3509155809879303,0.3509155809879303,0.3464735894889792,0.3509155809879303,31200.0
2024-06-26,0.3509155809879303,0.3509155809879303,0.3509155809879303,0.3509155809879303,200500.0
2024-06-27,0.3509155809879303,0.3509155809879303,0.3464735894889792,0.3509155809879303,106600.0
2024-06-28,0.3509155809879303,0.3509155809879303,0.3464735894889792,0.3509155809879303,404900.0
2024-07-01,0.3420316392262496,0.3464736044406891,0.3420316392262496,0.3464736044406891,39800.0
2024-07-02,0.3464736044406891,0.3509155961313296,0.3464736044406891,0.3464736044406891,345500.0
2024-07-03,0.3509155961313296,0.3509155961313296,0.3464736044406891,0.3464736044406891,12100.0
2024-07-04,0.3464736044406891,0.3464736044406891,0.3464736044406891,0.3464736044406891,102100.0
2024-07-05,0.3509155809879303,0.3509155809879303,0.3464735894889792,0.3509155809879303,177300.0
2024-07-08,0.3464736044406891,0.3464736044406891,0.3464736044406891,0.3464736044406891,218800.0
2024-07-09,0.3464736044406891,0.3464736044406891,0.3420316392262496,0.3464736044406891,347700.0
2024-07-10,0.3509155809879303,0.3553575460106813,0.3509155809879303,0.3509155809879303,157400.0
2024-07-11,0.3509155809879303,0.3509155809879303,0.3509155809879303,0.3509155809879303,80500.0
2024-07-12,0.3509155809879303,0.3509155809879303,0.3509155809879303,0.3509155809879303,106700.0
2024-07-15,0.3464735894889792,0.3509155809879303,0.3464735894889792,0.3509155809879303,37300.0
2024-07-16,0.3509155809879303,0.3509155809879303,0.3509155809879303,0.3509155809879303,96800.0
2024-07-17,0.3509155961313296,0.3509155961313296,0.3464736044406891,0.3464736044406891,63000.0
2024-07-18,0.3464736044406891,0.3464736044406891,0.3464736044406891,0.3464736044406891,30600.0
2024-07-19,0.3464736044406891,0.3464736044406891,0.3464736044406891,0.3464736044406891,87800.0
2024-07-22,0.3464736044406891,0.3464736044406891,0.3464736044406891,0.3464736044406891,211100.0
2024-07-23,0.3464735929607082,0.3464735929607082,0.3420316278934479,0.3420316278934479,126100.0
2024-07-24,0.3420315860679569,0.3464735505920295,0.3375896215438843,0.3375896215438843,302500.0
2024-07-25,0.3375896215438843,0.3375896215438843,0.3375896215438843,0.3375896215438843,0.0
2024-07-26,0.3375896628261876,0.3420316278934479,0.3375896628261876,0.3420316278934479,91400.0
2024-07-29,0.3420315860679569,0.3420315860679569,0.3375896215438843,0.3375896215438843,200400.0
2024-07-30,0.3375896215438843,0.3375896215438843,0.3375896215438843,0.3375896215438843,4000.0
2024-07-31,0.3375896628261876,0.3420316278934479,0.3375896628261876,0.3420316278934479,41400.0
2024-08-01,0.3375896215438843,0.3375896215438843,0.3331476570198116,0.3375896215438843,328000.0
2024-08-02,0.3331476570198116,0.3375896215438843,0.3331476570198116,0.3375896215438843,29400.0
2024-08-05,0.3375896460462199,0.3375896460462199,0.3242637515068054,0.3242637515068054,276600.0
2024-08-06,0.3287057100378376,0.3331476747989654,0.3287057100378376,0.3331476747989654,66800.0
2024-08-07,0.3331476747989654,0.3331476747989654,0.3331476747989654,0.3331476747989654,61500.0
2024-08-08,0.3331476747989654,0.3331476747989654,0.3331476747989654,0.3331476747989654,52900.0
2024-08-12,0.3287057280540466,0.3331476930586364,0.3287057280540466,0.3287057280540466,22500.0
2024-08-13,0.3287057280540466,0.3287057280540466,0.3287057280540466,0.3287057280540466,25500.0
2024-08-14,0.3331476977589273,0.3420316278934479,0.3331476977589273,0.3420316278934479,34600.0
2024-08-15,0.3420315860679569,0.3464735505920295,0.3375896215438843,0.3375896215438843,929500.0
2024-08-16,0.342031604321221,0.342031604321221,0.3331476747989654,0.3331476747989654,292100.0
2024-08-19,0.3420316278934479,0.3420316278934479,0.3420316278934479,0.3420316278934479,150000.0
2024-08-20,0.3420316278934479,0.3420316278934479,0.3420316278934479,0.3420316278934479,101600.0
2024-08-21,0.3375896215438843,0.3420315860679569,0.3375896215438843,0.3375896215438843,160500.0
2024-08-22,0.3375896215438843,0.3420315860679569,0.3375896215438843,0.3375896215438843,219100.0
2024-08-23,0.3375896628261876,0.3464735929607082,0.3375896628261876,0.3420316278934479,118300.0
2024-08-26,0.3464736044406891,0.3509155961313296,0.3464736044406891,0.3464736044406891,178300.0
2024-08-27,0.3420316392262496,0.3464736044406891,0.3420316392262496,0.3464736044406891,223000.0
2024-08-28,0.3464735894889792,0.3509155809879303,0.3464735894889792,0.3509155809879303,207500.0
2024-08-29,0.3509155809879303,0.3509155809879303,0.3464735894889792,0.3509155809879303,220500.0
2024-08-30,0.3509155809879303,0.3509155809879303,0.3509155809879303,0.3509155809879303,185000.0
2024-09-02,0.3509155923683645,0.3553575575351715,0.3509155923683645,0.3553575575351715,117600.0
2024-09-03,0.3509155923683645,0.3553575575351715,0.3509155923683645,0.3553575575351715,71100.0
2024-09-04,0.3464735894889792,0.3509155809879303,0.3464735894889792,0.3509155809879303,101100.0
2024-09-05,0.3464736007253566,0.3553575575351715,0.3464736007253566,0.3553575575351715,165900.0
2024-09-06,0.3553575575351715,0.3553575575351715,0.3509155923683645,0.3553575575351715,227200.0
2024-09-09,0.3553575575351715,0.3553575575351715,0.3509155923683645,0.3553575575351715,30500.0
2024-09-10,0.355357509906321,0.3597994744777679,0.355357509906321,0.3597994744777679,168900.0
2024-09-11,0.3597995227019785,0.3597995227019785,0.3553575575351715,0.3553575575351715,112600.0
2024-09-12,0.3553575575351715,0.3553575575351715,0.3553575575351715,0.3553575575351715,40400.0
2024-09-13,0.3553575575351715,0.3597995227019785,0.3553575575351715,0.3553575575351715,215900.0
2024-09-16,0.3553575575351715,0.3553575575351715,0.3509155923683645,0.3553575575351715,25200.0
2024-09-17,0.3509155923683645,0.3553575575351715,0.3509155923683645,0.3553575575351715,265200.0
2024-09-18,0.3553575575351715,0.3553575575351715,0.3553575575351715,0.3553575575351715,249000.0
2024-09-19,0.3597994744777679,0.3597994744777679,0.355357509906321,0.3597994744777679,183000.0
2024-09-20,0.359799509122031,0.3820093605939984,0.359799509122031,0.3731254041194916,2124000.0
2024-09-23,0.3731253924322704,0.3775673837684895,0.3553575329921902,0.3686834275722503,470300.0
2024-09-24,0.3686834014982366,0.3908932507038116,0.3686834014982366,0.3908932507038116,971800.0
2024-09-25,0.3908932625703306,0.4086611477694176,0.3908932625703306,0.3953352272510528,1587900.0
2024-09-26,0.3953352272510528,0.3997771919317751,0.3908932625703306,0.3953352272510528,411000.0
2024-09-27,0.3997772008567997,0.4131031216726656,0.3997772008567997,0.4086611568927765,1014400.0
2024-09-30,0.4086611622188347,0.4264290215699587,0.4086611622188347,0.4219870567321777,1132300.0
2024-10-01,0.4219870448981489,0.4219870448981489,0.4175450801849365,0.4175450801849365,204000.0
2024-10-02,0.4219870651194966,0.4353129863739013,0.417545100193428,0.4353129863739013,1478700.0
2024-10-03,0.4353129863739013,0.4353129863739013,0.426429030045565,0.4353129863739013,414600.0
2024-10-04,0.435312959251922,0.435312959251922,0.4264290034770965,0.4264290034770965,1186200.0
2024-10-07,0.4308710214478329,0.4397549512999699,0.4308710214478329,0.4353129863739013,1221200.0
2024-10-08,0.4353129777217195,0.4353129777217195,0.4175450918943967,0.4219870567321777,623300.0
2024-10-09,0.4219870388277827,0.4308709946026081,0.4219870388277827,0.4264290034770965,461400.0
2024-10-10,0.4264290096113613,0.4264290096113613,0.4175450801849365,0.4175450801849365,178200.0
2024-10-11,0.4175450801849365,0.4219870448981489,0.4175450801849365,0.4175450801849365,397200.0
2024-10-14,0.4131031154717241,0.4219870448981489,0.4131031154717241,0.4175450801849365,284000.0
2024-10-15,0.4175450741784688,0.4264290034770965,0.4131031095291549,0.4264290034770965,327300.0
2024-10-16,0.4219870567321777,0.4219870567321777,0.4219870567321777,0.4219870567321777,19200.0
2024-10-17,0.4219870388277827,0.4264290034770965,0.4219870388277827,0.4264290034770965,133700.0
2024-10-18,0.4264290034770965,0.4308709946026081,0.4264290034770965,0.4264290034770965,213800.0
2024-10-21,0.4264290215699587,0.4264290215699587,0.4219870567321777,0.4219870567321777,53600.0
2024-10-22,0.4219870448981489,0.4219870448981489,0.4175450801849365,0.4175450801849365,71300.0
2024-10-23,0.408661168533598,0.4175450983464373,0.408661168533598,0.4131031334400177,117600.0
2024-10-24,0.4131031154717241,0.4175450801849365,0.4131031154717241,0.4175450801849365,143000.0
2024-10-25,0.4131031334400177,0.4131031334400177,0.4131031334400177,0.4131031334400177,88300.0
2024-10-28,0.4175450864525547,0.4175450864525547,0.4042191921128873,0.4086611568927765,90700.0
2024-10-29,0.4086611751259331,0.4086611751259331,0.4042192101478576,0.4042192101478576,91300.0
2024-10-30,0.4042192101478576,0.4086611751259331,0.4042192101478576,0.4042192101478576,125300.0
2024-11-01,0.4042192101478576,0.4042192101478576,0.4042192101478576,0.4042192101478576,92400.0
2024-11-04,0.4042191921128873,0.4086611568927765,0.4042191921128873,0.4086611568927765,114000.0
2024-11-05,0.4042192252205261,0.4042192252205261,0.3997772336006164,0.3997772336006164,216500.0
2024-11-06,0.3997771797955628,0.3997771797955628,0.3908932507038116,0.3908932507038116,229200.0
2024-11-07,0.3908932687093769,0.395335233459861,0.3775673744579246,0.3864513039588928,194300.0
2024-11-08,0.3864512920249642,0.3953352212515895,0.3820093274116516,0.3820093274116516,146600.0
2024-11-11,0.3820093274116516,0.3864512920249642,0.3775673627983389,0.3820093274116516,61500.0
2024-11-12,0.3820093756431992,0.3864513408173433,0.3775674104690552,0.3775674104690552,74100.0
2024-11-13,0.3775674104690552,0.3820093756431992,0.3775674104690552,0.3775674104690552,50300.0
2024-11-14,0.3864512920249642,0.3864512920249642,0.3775673627983389,0.3820093274116516,137300.0
2024-11-15,0.3820093216120604,0.3908932507038116,0.3820093216120604,0.3908932507038116,48300.0
2024-11-18,0.3864513039588928,0.3908932687093769,0.3864513039588928,0.3864513039588928,70100.0
2024-11-19,0.3864512920249642,0.3908932566382768,0.3820093274116516,0.3820093274116516,114700.0
2024-11-20,0.3820093392084087,0.3864513039588928,0.3820093392084087,0.3864513039588928,96500.0
2024-11-21,0.3864512920249642,0.3864512920249642,0.3820093274116516,0.3820093274116516,307600.0
2024-11-22,0.3820093274116516,0.3908932566382768,0.3820093274116516,0.3820093274116516,98600.0
2024-11-25,0.3908932507038116,0.3908932507038116,0.386451286157936,0.3908932507038116,82500.0
2024-11-26,0.3908932625703306,0.3997771919317751,0.3908932625703306,0.3953352272510528,343000.0
2024-11-27,0.3953352684569075,0.4042192252205261,0.3953352684569075,0.3997772336006164,244600.0
2024-11-28,0.4042191921128873,0.4086611568927765,0.4042191921128873,0.4086611568927765,44900.0
2024-11-29,0.4086611448798411,0.4264290034770965,0.4042191802305273,0.4264290034770965,1222000.0
2024-12-02,0.4264290034770965,0.4264290034770965,0.4219870388277827,0.4264290034770965,605400.0
2024-12-03,0.4219870388277827,0.4264290034770965,0.4219870388277827,0.4264290034770965,171700.0
2024-12-04,0.4264290096113613,0.4264290096113613,0.4175450801849365,0.4175450801849365,137500.0
2024-12-05,0.4131031270566157,0.4219870567321777,0.4131031270566157,0.4219870567321777,123700.0
2024-12-06,0.4219870567321777,0.4219870567321777,0.4131031270566157,0.4219870567321777,55900.0
2024-12-09,0.421987063252857,0.421987063252857,0.4131031334400177,0.4131031334400177,56500.0
2024-12-10,0.4175450864525547,0.4219870512324438,0.4042191921128873,0.4086611568927765,541900.0
2024-12-11,0.4042191921128873,0.4086611568927765,0.3997772008567997,0.4086611568927765,86000.0
2024-12-12,0.4042191921128873,0.4131031216726656,0.3997772008567997,0.4086611568927765,81700.0
2024-12-13,0.4086611568927765,0.4131031216726656,0.4086611568927765,0.4086611568927765,53200.0
2024-12-16,0.4086611507585117,0.4219870448981489,0.4086611507585117,0.4175450801849365,166600.0
2024-12-17,0.4131031154717241,0.4175450801849365,0.4131031154717241,0.4175450801849365,79300.0
2024-12-18,0.4175450864525547,0.4175450864525547,0.4086611568927765,0.4086611568927765,35900.0
2024-12-19,0.3997772336006164,0.4042192252205261,0.3953352684569075,0.3997772336006164,153300.0
2024-12-20,0.3953352684569075,0.3997772336006164,0.3953352684569075,0.3997772336006164,83500.0
2024-12-23,0.3997772336006164,0.4042192252205261,0.3997772336006164,0.3997772336006164,50100.0
2024-12-24,0.3997772336006164,0.3997772336006164,0.3997772336006164,0.3997772336006164,4200.0
2024-12-26,0.4042191830886953,0.4042191830886953,0.3953352272510528,0.3953352272510528,119100.0
2024-12-27,0.3953352152496872,0.3997771797955628,0.3908932507038116,0.3908932507038116,370300.0
2024-12-30,0.3908932625703306,0.3953352272510528,0.3908932625703306,0.3953352272510528,312400.0
2024-12-31,0.3953352272510528,0.3997771919317751,0.3908932625703306,0.3953352272510528,123300.0
2025-01-02,0.3953352272510528,0.3953352272510528,0.3908932625703306,0.3953352272510528,402100.0
2025-01-03,0.3997771919317751,0.3997771919317751,0.3908932625703306,0.3953352272510528,1098600.0
2025-01-06,0.3997771797955628,0.4086611353635112,0.3908932507038116,0.3908932507038116,918700.0
2025-01-07,0.3953352152496872,0.3953352152496872,0.3908932507038116,0.3908932507038116,74000.0
2025-01-08,0.3953352272510528,0.3953352272510528,0.3953352272510528,0.3953352272510528,146000.0
2025-01-09,0.3997772336006164,0.4042192252205261,0.3997772336006164,0.3997772336006164,168400.0
2025-01-10,0.3997772336006164,0.3997772336006164,0.3953352684569075,0.3997772336006164,26500.0
2025-01-13,0.3953352272510528,0.3997771919317751,0.3953352272510528,0.3953352272510528,139000.0
2025-01-14,0.3953352152496872,0.3997771797955628,0.3908932507038116,0.3908932507038116,173500.0
2025-01-15,0.3908932507038116,0.3953352152496872,0.3908932507038116,0.3908932507038116,198200.0
2025-01-16,0.3908932507038116,0.3953352152496872,0.386451286157936,0.3908932507038116,295600.0
2025-01-17,0.3953352272510528,0.3953352272510528,0.3953352272510528,0.3953352272510528,12600.0
2025-01-20,0.3953352152496872,0.3953352152496872,0.386451286157936,0.3908932507038116,86000.0
2025-01-21,0.3953352152496872,0.3997771797955628,0.3908932507038116,0.3908932507038116,188700.0
2025-01-22,0.3953352152496872,0.3953352152496872,0.3908932507038116,0.3908932507038116,41300.0
2025-01-23,0.3908932507038116,0.3953352152496872,0.3908932507038116,0.3908932507038116,83600.0
2025-01-24,0.3908932625703306,0.3953352272510528,0.3908932625703306,0.3953352272510528,81100.0
2025-01-27,0.3953352272510528,0.3953352272510528,0.3908932625703306,0.3953352272510528,102000.0
2025-01-28,0.3908932507038116,0.3953352152496872,0.3908932507038116,0.3908932507038116,32600.0
2025-01-31,0.3908932625703306,0.3953352272510528,0.3908932625703306,0.3953352272510528,100700.0
2025-02-03,0.3953352272510528,0.3953352272510528,0.3864512978896083,0.3953352272510528,130300.0
2025-02-04,0.3953352272510528,0.3953352272510528,0.3908932625703306,0.3953352272510528,139800.0
2025-02-05,0.3953352684569075,0.3997772336006164,0.3953352684569075,0.3997772336006164,152600.0
2025-02-06,0.3997771919317751,0.3997771919317751,0.3953352272510528,0.3953352272510528,123600.0
2025-02-07,0.3953352537155071,0.4042192101478576,0.3953352537155071,0.4042192101478576,69600.0
2025-02-10,0.4042192252205261,0.4042192252205261,0.3997772336006164,0.3997772336006164,2700.0
2025-02-11,0.3997772336006164,0.3997772336006164,0.3997772336006164,0.3997772336006164,21200.0
2025-02-12,0.3997772008567997,0.4175450864525547,0.3997772008567997,0.4086611568927765,839000.0
2025-02-13,0.4086611568927765,0.4086611568927765,0.4086611568927765,0.4086611568927765,410900.0
2025-02-14,0.4086611507585117,0.4175450801849365,0.4086611507585117,0.4175450801849365,159300.0
2025-02-17,0.4175450918943967,0.4219870567321777,0.4175450918943967,0.4219870567321777,808200.0
2025-02-18,0.4175450741784688,0.4264290034770965,0.4175450741784688,0.4264290034770965,437000.0
2025-02-19,0.4264290215699587,0.4308710128839386,0.4219870567321777,0.4219870567321777,254400.0
2025-02-20,0.4219870567321777,0.4219870567321777,0.4219870567321777,0.4219870567321777,250700.0
2025-02-21,0.4219870388277827,0.4264290034770965,0.4219870388277827,0.4264290034770965,220800.0
2025-02-24,0.4264290034770965,0.4264290034770965,0.4219870388277827,0.4264290034770965,212000.0
2025-02-25,0.4219870567321777,0.4264290215699587,0.4219870567321777,0.4219870567321777,27200.0
2025-02-26,0.4219870388277827,0.435312959251922,0.4219870388277827,0.4264290034770965,748400.0
2025-02-27,0.4308709946026081,0.4308709946026081,0.4219870388277827,0.4264290034770965,1027300.0
2025-02-28,0.4264290215699587,0.4264290215699587,0.4175450918943967,0.4219870567321777,673300.0
2025-03-03,0.4264290034770965,0.4264290034770965,0.4219870388277827,0.4264290034770965,1106900.0
2025-03-04,0.4219870567321777,0.4264290215699587,0.4219870567321777,0.4219870567321777,314800.0
2025-03-05,0.4264290215699587,0.4264290215699587,0.4219870567321777,0.4219870567321777,404100.0
2025-03-06,0.4219870567321777,0.4219870567321777,0.4175450918943967,0.4219870567321777,636300.0
2025-03-07,0.4219870567321777,0.4219870567321777,0.4219870567321777,0.4219870567321777,292700.0
2025-03-10,0.4219870567321777,0.4219870567321777,0.4219870567321777,0.4219870567321777,443400.0
2025-03-11,0.4219870567321777,0.4219870567321777,0.4175450918943967,0.4219870567321777,441500.0
2025-03-12,0.4219870388277827,0.4264290034770965,0.4219870388277827,0.4264290034770965,625100.0
2025-03-13,0.4264290034770965,0.4264290034770965,0.4219870388277827,0.4264290034770965,267100.0
2025-03-14,0.4264290034770965,0.4264290034770965,0.4264290034770965,0.4264290034770965,485700.0
2025-03-17,0.4264290480392792,0.4308710396289825,0.4264290480392792,0.4308710396289825,1173800.0
2025-03-18,0.4308710150846551,0.4441969096660614,0.4308710150846551,0.4441969096660614,564500.0
2025-03-19,0.4441969437052053,0.457522839307785,0.4441969437052053,0.457522839307785,909300.0
2025-03-20,0.4575228210293047,0.4664067510761029,0.4575228210293047,0.4619647860527038,1389900.0
2025-03-21,0.4619647974667952,0.4708487277330949,0.4575228323336453,0.466406762599945,1039200.0
2025-03-24,0.4664067510761029,0.4664067510761029,0.4575228210293047,0.4619647860527038,1119500.0
2025-03-25,0.4619647860527038,0.4619647860527038,0.4575228210293047,0.4619647860527038,398900.0
2025-03-26,0.4619647905054403,0.4841746687889099,0.4619647905054403,0.4841746687889099,1929100.0
2025-03-27,0.4841746572015768,0.4886166221614849,0.4797326922416687,0.4797326922416687,950400.0
2025-03-28,0.479732703722696,0.4841746687889099,0.4752907386564822,0.4841746687889099,465200.0
2025-04-01,0.4841746572015768,0.493058587121393,0.4797326922416687,0.4797326922416687,1502200.0
2025-04-02,0.4841746687889099,0.4841746687889099,0.4752907386564822,0.4841746687889099,2044700.0
2025-04-03,0.4797326922416687,0.4841746572015768,0.4797326922416687,0.4797326922416687,596100.0
2025-04-04,0.4797327182644865,0.4797327182644865,0.4530808741069251,0.457522839307785,1230900.0
2025-04-07,0.4353129720483097,0.4353129720483097,0.4086611568927765,0.4086611568927765,2707100.0
2025-04-08,0.4131031399276686,0.4486388862133026,0.4131031399276686,0.4486388862133026,1427700.0
2025-04-09,0.4486388930080505,0.4486388930080505,0.4308710328342346,0.4397549629211426,394800.0
2025-04-10,0.4353129912847648,0.4486388862133026,0.4264290348562065,0.4486388862133026,417000.0
2025-04-11,0.4441969096660614,0.4486388745265302,0.4353129799451238,0.4441969096660614,167100.0
2025-04-14,0.4486388976709228,0.4575228278501647,0.4486388976709228,0.4530808627605438,391100.0
2025-04-15,0.4575228210293047,0.4664067510761029,0.4575228210293047,0.4619647860527038,315700.0
2025-04-16,0.4619647794255116,0.4752907272569392,0.4619647794255116,0.4708487093448639,424300.0
2025-04-17,0.4708486683666212,0.4797326504651944,0.4708486683666212,0.4752906858921051,274000.0
2025-04-21,0.4752907272817606,0.4841746572015768,0.4752907272817606,0.4797326922416687,286200.0
2025-04-22,0.4752907386564822,0.4886166338551237,0.4752907386564822,0.4841746687889099,571600.0
2025-04-23,0.4841746150382837,0.4841746150382837,0.4708486683666212,0.4752906858921051,712600.0
2025-04-24,0.4797326504651944,0.4797326504651944,0.4752906858921051,0.4752906858921051,143100.0
2025-04-25,0.4797327109517958,0.4797327109517958,0.4619647974667952,0.466406762599945,462800.0
2025-04-28,0.470848716099502,0.470848716099502,0.4575228210293047,0.4619647860527038,826400.0
2025-04-29,0.461964779449637,0.4841746572015768,0.461964779449637,0.4797326922416687,1164900.0
2025-04-30,0.479732703722696,0.4930585989213375,0.479732703722696,0.4841746687889099,1813400.0
2025-05-02,0.4841746211027796,0.4886165857315064,0.4797326564740528,0.4886165857315063,620300.0
2025-05-05,0.4886166338551237,0.4886166338551237,0.479732703722696,0.4841746687889099,455500.0
2025-05-06,0.479732703722696,0.4886166338551237,0.4752907386564822,0.4841746687889099,609600.0
2025-05-07,0.4888753294944762,0.4935760495059998,0.4794738894714291,0.4888753294944763,680800.0
2025-05-08,0.4888753592845539,0.4888753592845539,0.4794739186886211,0.4841746389865875,210600.0
2025-05-09,0.4888753593205951,0.5029775762525401,0.4888753593205951,0.498276799917221,940400.0
2025-05-13,0.5076782705922215,0.512378990650177,0.5076782705922215,0.512378990650177,625500.0
2025-05-14,0.512378990650177,0.5170797107081325,0.5076782705922215,0.512378990650177,898400.0
2025-05-15,0.5123789903955855,0.5123789903955855,0.502977550284346,0.5076782703399658,467400.0
2025-05-16,0.5076782705922215,0.512378990650177,0.5076782705922215,0.512378990650177,191400.0
2025-05-19,0.512378990650177,0.512378990650177,0.5076782705922215,0.512378990650177,37100.0
2025-05-20,0.512378990650177,0.512378990650177,0.5029775505342661,0.512378990650177,270100.0
2025-05-21,0.5123789318373546,0.5170796513557434,0.5076782123189658,0.5170796513557434,595100.0
2025-05-22,0.5076782138460517,0.5311818115086943,0.5076782138460517,0.5264810919761658,1031300.0
2025-05-23,0.5264811518241369,0.5311818718910217,0.521780431757252,0.5311818718910217,457100.0
2025-05-26,0.5264811518241369,0.5311818718910217,0.5264811518241369,0.5311818718910217,140400.0
2025-05-27,0.5311818718910217,0.5358825919579067,0.5264811518241369,0.5311818718910217,587100.0
2025-05-28,0.5311818718910217,0.5311818718910217,0.5264811518241369,0.5311818718910217,158900.0
2025-05-29,0.5311818718910217,0.5311818718910217,0.5264811518241369,0.5311818718910217,313800.0
2025-05-30,0.5264810911914769,0.5264810911914769,0.5217803716659546,0.5217803716659546,438100.0
2025-06-02,0.5217803708741323,0.5217803708741323,0.5123789318373546,0.5170796513557434,590800.0
2025-06-03,0.5217804307660879,0.5217804307660879,0.512378990650177,0.512378990650177,59300.0
2025-06-04,0.5123789318373546,0.5170796513557434,0.5123789318373546,0.5170796513557434,148200.0
2025-06-05,0.5170796521404323,0.5217803716659546,0.5170796521404323,0.5217803716659546,139700.0
2025-06-06,0.5217803716659546,0.5264810911914769,0.5170796521404323,0.5217803716659546,302800.0
2025-06-09,0.5217803724436373,0.5264810919761658,0.5170796529111088,0.5264810919761658,240900.0
2025-06-10,0.5264810903925211,0.5264810903925211,0.5170796513557434,0.5170796513557434,207700.0
2025-06-11,0.5170796521404323,0.5217803716659546,0.5123789326149099,0.5217803716659546,222100.0
2025-06-12,0.5217803716659546,0.5217803716659546,0.5170796521404323,0.5217803716659546,52300.0
2025-06-13,0.5264811502959568,0.5264811502959568,0.5029775500297546,0.5029775500297546,372400.0
2025-06-16,0.5076782705922215,0.512378990650177,0.5076782705922215,0.512378990650177,11800.0
2025-06-17,0.512378990650177,0.5170797107081325,0.5076782705922215,0.512378990650177,127400.0
2025-06-18,0.5170797104512054,0.5170797104512054,0.502977550284346,0.5076782703399658,294200.0
2025-06-19,0.5029775500297546,0.507678270082995,0.5029775500297546,0.5029775500297546,189200.0
2025-06-20,0.5029775500297546,0.507678270082995,0.498276773939511,0.5029775500297546,263300.0
2025-06-23,0.502977550284346,0.5076782703399658,0.4935760541361031,0.5076782703399658,128100.0
2025-06-24,0.5076782703399658,0.5076782703399658,0.502977550284346,0.5076782703399658,25100.0
2025-06-25,0.502977550284346,0.5076782703399658,0.4982767741917229,0.5076782703399658,274200.0
2025-06-26,0.507678270082995,0.507678270082995,0.498276773939511,0.5029775500297546,59300.0
2025-06-27,0.502977550284346,0.5076782703399658,0.502977550284346,0.5076782703399658,284900.0
2025-06-30,0.5076782705922215,0.512378990650177,0.5029775505342661,0.512378990650177,223200.0
2025-07-01,0.5123789318373546,0.5170796513557434,0.5076782123189658,0.5170796513557434,237600.0
2025-07-02,0.5170797116903671,0.5405833120247915,0.5123789916234822,0.5311818718910217,1725000.0
2025-07-03,0.5311818115086943,0.5358825310412227,0.5217803724436373,0.5264810919761658,514900.0
2025-07-04,0.5264810919761658,0.5311818115086943,0.5170796529111088,0.5264810919761658,267200.0
2025-07-07,0.5264810919761658,0.5264810919761658,0.5170796529111088,0.5264810919761658,134400.0
2025-07-08,0.521780431757252,0.5358825919579067,0.521780431757252,0.5311818718910217,356000.0
2025-07-09,0.5311818718910217,0.5311818718910217,0.5264811518241369,0.5311818718910217,169000.0
2025-07-10,0.5311818770406947,0.568787693977356,0.5311818770406947,0.568787693977356,2852600.0
2025-07-11,0.5734883546829224,0.5781890743084382,0.5687876350574065,0.5734883546829224,331500.0
2025-07-14,0.5734883546829224,0.5734883546829224,0.5687876350574065,0.5734883546829224,307800.0
2025-07-15,0.5734884140898131,0.5734884140898131,0.5593862537524417,0.568787693977356,391400.0
2025-07-16,0.5640869154318905,0.5781890743084382,0.5640869154318905,0.5734883546829224,903200.0
2025-07-17,0.5734884152296237,0.596992015838623,0.5687876951078239,0.596992015838623,1693500.0
2025-07-18,0.5969920162096035,0.6204956728702125,0.5969920162096035,0.6063934564590454,1780500.0
2025-07-21,0.6063934564590454,0.6204956728702125,0.6063934564590454,0.6063934564590454,2217000.0
2025-07-22,0.6063934568243621,0.6157948970794678,0.6016927366968092,0.6157948970794678,422100.0
2025-07-23,0.6157948434118075,0.639298498038189,0.611094123693931,0.6345977783203125,2704800.0
2025-07-24,0.6251963977536659,0.6392985582351685,0.620495677593165,0.6392985582351685,1344400.0
2025-07-25,0.6392985588169,0.6675028798055698,0.6392985588169,0.6581014394760132,2360200.0
2025-07-28,0.6581013860734115,0.6863057608104006,0.6534006662900801,0.6816050410270691,3434800.0
2025-07-29,0.6769043212437376,0.6863057608104006,0.6675028256400746,0.6816050410270691,1857000.0
2025-07-30,0.6816050435736543,0.7145100821799133,0.6816050435736543,0.705108642578125,2080300.0
2025-07-31,0.7051086971608008,0.7051086971608008,0.6581014394760132,0.6581014394760132,2903700.0
2025-08-01,0.6439992272178178,0.7051086404850413,0.6392985074308775,0.6863057613372803,3306400.0
2025-08-04,0.6863057613372803,0.6957072009111608,0.6722035459394594,0.6863057613372803,568900.0
2025-08-05,0.6910065409022828,0.6910065409022828,0.667502883897311,0.6769043803215027,1038300.0
2025-08-06,0.6722036045416165,0.7051087019558377,0.6722036045416165,0.6957072615623474,2473700.0
2025-08-07,0.6910064805937322,0.6910064805937322,0.6722035454234061,0.6816050410270691,691000.0
2025-08-08,0.6769043154478256,0.6769043154478256,0.6486999409523331,0.6628021001815796,1837600.0
2025-08-11,0.6675028802388174,0.6769043766114807,0.6675028802388174,0.6722036004066467,377000.0
2025-08-12,0.6722036004066467,0.68160509677931,0.662802160070988,0.6722036004066467,1154200.0
2025-08-13,0.6722035454234061,0.6816050410270691,0.662802105856743,0.6816050410270691,961500.0
2025-08-14,0.6957072561981835,0.6957072561981835,0.620495677593165,0.6392985582351685,2828700.0
2025-08-15,0.6392984997894395,0.6534006589816993,0.6392984997894395,0.648699939250946,706800.0
2025-08-18,0.6439992200913132,0.6534006595611572,0.6439992200913132,0.6534006595611572,393300.0
2025-08-19,0.6534006595611572,0.6675028187659233,0.6439992200913132,0.6534006595611572,737600.0
2025-08-20,0.6534007195959556,0.6722036002632622,0.6486999994291289,0.6675028800964355,826600.0
2025-08-21,0.6628021083330775,0.705108642578125,0.6628021083330775,0.705108642578125,3602200.0
2025-08-22,0.7098093633909517,0.7474151778887175,0.7098093633909517,0.7145100831985474,4202200.0
2025-08-25,0.7239115223011375,0.7286122421054045,0.7098093628883362,0.7098093628883362,589400.0
2025-08-26,0.7192108035087585,0.7239115233196394,0.7098093638869971,0.7192108035087585,544300.0
2025-08-27,0.7145100821799133,0.7192108019808074,0.6957072029763367,0.705108642578125,621000.0
2025-08-28,0.7004079817590926,0.7004079817590926,0.686305821168857,0.6957072615623474,690600.0
2025-08-29,0.6957072614481095,0.7051087018400561,0.6910065412521362,0.6910065412521362,713300.0
2025-09-01,0.691006482672962,0.7004079222679138,0.691006482672962,0.7004079222679138,431500.0
2025-09-02,0.7004079222679138,0.7098093618628657,0.6957072024704379,0.7004079222679138,699100.0
2025-09-03,0.700407923279802,0.7145100826926033,0.700407923279802,0.7098093628883362,1127100.0
2025-09-04,0.7098093628883362,0.7098093628883362,0.6863057638670006,0.7098093628883362,1320600.0
2025-09-05,0.7098093633909517,0.719210803006143,0.7004079237757603,0.7145100831985474,1050800.0
2025-09-08,0.7145101431282174,0.7286123037338257,0.7098094229263479,0.7286123037338257,1606300.0
2025-09-09,0.733312968470921,0.7427144642005744,0.733312968470921,0.738013744354248,1024600.0
2025-09-10,0.7380137448151969,0.7474151845137216,0.7333129689289338,0.7427144646644592,2200000.0
2025-09-11,0.7474451412335285,0.7474451412335285,0.7285224415962488,0.737983763217926,805200.0
2025-09-12,0.7379837475600675,0.7521757860853949,0.7379837475600675,0.7427144646644592,1547000.0
2025-09-15,0.7427144646644592,0.747445125374927,0.7332530868495996,0.7427144646644592,821400.0
2025-09-16,0.7427145094036011,0.7805597973670427,0.7427145094036011,0.7758291363716125,3034300.0
2025-09-17,0.7758291556426606,0.7758291556426606,0.7616371723038512,0.7710984945297241,644900.0
2025-09-18,0.7663678334167876,0.7758291556426606,0.7616371723038512,0.7710984945297241,598040.0
2025-09-19,0.7616371512413025,0.7710984732055292,0.7521758292770758,0.7616371512413025,763700.0
2025-09-22,0.7663677930831909,0.7710984539471548,0.7569064713552631,0.7663677930831909,728100.0
2025-09-23,0.76636777699673,0.7900210808200543,0.76636777699673,0.7852904200553894,1752200.0
2025-09-24,0.7805598167555972,0.7852904778685337,0.7663678334167876,0.7710984945297241,488800.0
2025-09-25,0.7710984539471548,0.7758291148111188,0.761637132219227,0.7663677930831909,286200.0
2025-09-26,0.7663678243855845,0.7663678243855845,0.7285224795341492,0.7285224795341492,1286000.0
2025-09-29,0.7521758215028396,0.7521758215028396,0.7285224604428188,0.7332531213760376,216500.0
2025-09-30,0.737983763217926,0.7427144804226898,0.7285224415962488,0.737983763217926,327800.0
2025-10-01,0.7379837475600675,0.7616371075063305,0.7379837475600675,0.7427144646644592,1212900.0
2025-10-02,0.7521758270792832,0.7521758270792832,0.7427145051427017,0.7474451661109924,176600.0
2025-10-03,0.7474451412335285,0.7474451412335285,0.737983763217926,0.737983763217926,304300.0
2025-10-06,0.737983763217926,0.7474451412335285,0.737983763217926,0.737983763217926,361000.0
2025-10-07,0.7379837690149581,0.7521758079528809,0.7379837690149581,0.7521758079528809,544200.0
2025-10-08,0.7521758079528809,0.7569064688008799,0.7427144862568827,0.7521758079528809,326300.0
2025-10-09,0.747445125374927,0.7569064467958627,0.7379837475600675,0.7427144646644592,269400.0
2025-10-10,0.7379837187440833,0.7427144356637553,0.7095997555895824,0.7190610766410828,1331100.0
2025-10-13,0.7143304729192873,0.7143304729192873,0.6859465075076778,0.7048691511154175,498900.0
2025-10-14,0.7095997900943407,0.7237917723616857,0.6954078078269958,0.6954078078269958,342600.0
2025-10-15,0.700138509273529,0.7190611533964046,0.700138509273529,0.700138509273529,188600.0
2025-10-16,0.7001384877557648,0.7048691486410935,0.6812158442144499,0.6906771659851074,539900.0
2025-10-17,0.6859465164536692,0.6859465164536692,0.6528318333143228,0.6575624942779541,937400.0
2025-10-21,0.6670237592439682,0.6954077789957978,0.6670237592439682,0.6717544198036194,631000.0
2025-10-22,0.6812158823013306,0.6906772046009719,0.6670238424579392,0.6812158823013306,186200.0
2025-10-23,0.6812158255596509,0.6954078078269958,0.6764851084099447,0.6954078078269958,365300.0
2025-10-24,0.6954078078269958,0.7048691293385592,0.6954078078269958,0.6954078078269958,361300.0
2025-10-27,0.6954078482428102,0.704869170304248,0.6954078482428102,0.700138509273529,198800.0
2025-10-28,0.7048691682098697,0.7095998292265323,0.6812158631265564,0.685946524143219,692800.0
2025-10-29,0.6859465050997786,0.6954078268704361,0.6812158442144499,0.6906771659851074,205900.0
2025-10-30,0.6954078078269958,0.7001384685827775,0.6812158255596509,0.6954078078269958,538100.0
2025-10-31,0.6954078078269958,0.7001384685827775,0.6859464863154325,0.6954078078269958,331600.0
2025-11-03,0.6954078657507926,0.6954078657507926,0.6764851647575806,0.6812158823013306,787300.0
2025-11-04,0.6812158358219583,0.7190611224383391,0.657562475292795,0.6622931361198425,46608300.0
2025-11-05,0.6622931442792089,0.7001384877557648,0.6622931442792089,0.6906771659851074,5662300.0
2025-11-06,0.6859464863154325,0.7048691293385592,0.6764851084099447,0.6954078078269958,3419000.0
2025-11-07,0.7001384685827775,0.7001384685827775,0.6906771470712142,0.6954078078269958,567100.0
2025-11-10,0.695407774012332,0.7190610766410828,0.695407774012332,0.7190610766410828,3093400.0
2025-11-11,0.7143305153267038,0.7285224988750392,0.7143305153267038,0.7237918376922607,2542900.0
2025-11-12,0.723791786470961,0.7521758079528809,0.723791786470961,0.7521758079528809,2537700.0
2025-11-13,0.7569064923898917,0.7994824977426911,0.7521758313944614,0.7758291363716125,6723700.0
2025-11-14,0.7569064688008799,0.766367790496878,0.7379837690149581,0.7521758079528809,2158300.0
2025-11-17,0.7521757890655584,0.7616371105239803,0.7379837504840012,0.7569064497947693,1296700.0
2025-11-18,0.7569064628552057,0.7616371236660443,0.737983763217926,0.737983763217926,1715700.0
2025-11-19,0.7427144862568827,0.766367790496878,0.7379837690149581,0.7521758079528809,1761300.0
2025-11-20,0.7569064688008799,0.766367790496878,0.7427144862568827,0.7521758079528809,2346900.0
2025-11-21,0.7474451605696207,0.7474451605696207,0.7143304776431623,0.7332531213760376,3512200.0
2025-11-24,0.733253108166959,0.7521758079528809,0.733253108166959,0.7521758079528809,1212800.0
2025-11-25,0.7474451661109924,0.775829131920737,0.7332531268121931,0.7474451661109924,4365300.0
2025-11-26,0.7474451661109924,0.7521758270792832,0.7379837877804839,0.7474451661109924,904400.0
2025-11-27,0.7474451661109924,0.7521758270792832,0.7427145051427017,0.7474451661109924,1242200.0
2025-11-28,0.747445125374927,0.747445125374927,0.7332530868495996,0.7427144646644592,1047600.0
2025-12-01,0.7379838212405961,0.7379838212405961,0.7190611765094822,0.7237918376922607,1536200.0
2025-12-02,0.7237917807854102,0.737983763217926,0.7190611199745716,0.737983763217926,737500.0
2025-12-03,0.7379837475600675,0.747445125374927,0.7332530868495996,0.7427144646644592,1050400.0
2025-12-04,0.7427144646644592,0.747445125374927,0.7332530868495996,0.7427144646644592,720700.0
2025-12-05,0.737983763217926,0.7427144804226898,0.7332531024070874,0.737983763217926,265100.0
2025-12-08,0.737983801648526,0.7427145190996425,0.7237918184769608,0.7285224795341492,427900.0
2025-12-09,0.728522397692583,0.7332530582183332,0.7143304161153327,0.7190610766410828,922700.0
2025-12-10,0.7190610766410828,0.7237917371668329,0.7190610766410828,0.7190610766410828,62900.0
2025-12-11,0.7237917752819101,0.7285224360567781,0.7048691321824379,0.7095997929573059,1682400.0
2025-12-12,0.7143305153267038,0.7285224988750392,0.7143305153267038,0.7237918376922607,430300.0
2025-12-15,0.7190611047181962,0.747445125374927,0.7143304440077284,0.7427144646644592,1605200.0
2025-12-16,0.7474451801568309,0.7474451801568309,0.7237918184769608,0.7285224795341492,571100.0
2025-12-17,0.7285224988750392,0.7285224988750392,0.7190611765094822,0.7237918376922607,393900.0
2025-12-18,0.728522397692583,0.728522397692583,0.7190610766410828,0.7190610766410828,517200.0
2025-12-19,0.7190611199745716,0.737983763217926,0.7190611199745716,0.737983763217926,685700.0
2025-12-22,0.7379837877804839,0.7474451661109924,0.7237918048756116,0.7474451661109924,987300.0
2025-12-23,0.7474451471048817,0.7521758079528809,0.7379837690149581,0.7521758079528809,1017300.0
2025-12-24,0.7474451661109924,0.756906488047574,0.7474451661109924,0.7474451661109924,450700.0
2025-12-26,0.747445125374927,0.7521757860853949,0.7379837475600675,0.7427144646644592,528300.0
2025-12-29,0.7427144646644592,0.7427144646644592,0.7332530868495996,0.7427144646644592,215400.0
2025-12-30,0.7427144804226898,0.7474451412335285,0.737983763217926,0.737983763217926,532700.0
2025-12-31,0.7474451283363474,0.7569064497947693,0.7427144676071364,0.7569064497947693,838900.0
2026-01-02,0.7521758500779782,0.7758291556426606,0.7521758500779782,0.7710984945297241,2587200.0
2026-01-05,0.7710984452877215,0.7710984452877215,0.7332531024070874,0.737983763217926,1057600.0
2026-01-06,0.747445125374927,0.747445125374927,0.7379837475600675,0.7427144646644592,709200.0
2026-01-07,0.7474451283363474,0.7663677712531912,0.7427144676071364,0.7569064497947693,1302100.0
2026-01-08,0.7569065111909147,0.7710984945297241,0.7521758500779782,0.7710984945297241,1469600.0
2026-01-09,0.7663677712531912,0.7710984319824021,0.7569064497947693,0.7569064497947693,296400.0
2026-01-12,0.7569064923898917,0.7758291363716125,0.7521758313944614,0.7758291363716125,837600.0
2026-01-13,0.7710984564548045,0.7900210999721975,0.7710984564548045,0.780559778213501,3507600.0
2026-01-14,0.7758291341876425,0.7805597951697559,0.7616371512413025,0.7616371512413025,807700.0
2026-01-15,0.761637132219227,0.7710984539471548,0.7569064713552631,0.7663677930831909,416100.0
2026-01-16,0.7663677682167983,0.7663677682167983,0.7379837475600675,0.7427144646644592,1729500.0
2026-01-19,0.7427145190996425,0.7474451801568309,0.7190611574197724,0.7285224795341492,1384800.0
2026-01-20,0.7285224795341492,0.7332531405913376,0.7237918184769608,0.7285224795341492,1563500.0
2026-01-21,0.7332531024070874,0.7474451412335285,0.7285224415962488,0.737983763217926,1291300.0
2026-01-22,0.737983801648526,0.737983801648526,0.7285224795341492,0.7285224795341492,801300.0
2026-01-23,0.7332531213760376,0.7379837823092564,0.7285224604428188,0.7332531213760376,633400.0
2026-01-26,0.7285224604428188,0.7332531213760376,0.7285224604428188,0.7332531213760376,329700.0
2026-01-27,0.7332530773971312,0.7379837380466153,0.7095997741497102,0.7143304347991943,3339500.0
2026-01-28,0.7190611338212223,0.7190611338212223,0.7001384902134826,0.7048691511154175,1446100.0
2026-01-29,0.7095998120173524,0.7190611338212223,0.7048691511154175,0.7048691511154175,1116300.0
2026-01-30,0.7095998095264223,0.714330470411751,0.6906771659851074,0.6906771659851074,1717600.0
2026-02-02,0.6954078293115477,0.7095998120173524,0.6954078293115477,0.7048691511154175,1222900.0
2026-02-03,0.704869170304248,0.7143304923656857,0.6954078482428102,0.700138509273529,989300.0
2026-02-04,0.7095997929573059,0.714330453732174,0.7001384714075698,0.7095997929573059,740500.0
2026-02-05,0.7095998313349668,0.7190611533964046,0.6954078482428102,0.700138509273529,801300.0
2026-02-06,0.7001384685827775,0.7001384685827775,0.6906771470712142,0.6954078078269958,754000.0
2026-02-09,0.700138509273529,0.7095998313349668,0.700138509273529,0.700138509273529,1285200.0
2026-02-10,0.7048691293385592,0.7048691293385592,0.6906771470712142,0.6954078078269958,1749600.0
2026-02-11,0.6954078268704361,0.6954078268704361,0.6812158442144499,0.6906771659851074,1368700.0
2026-02-12,0.6906771872120913,0.700138509273529,0.6859465261813724,0.700138509273529,921800.0
2026-02-13,0.7001384902134826,0.7095998120173524,0.6906771684096128,0.7048691511154175,930700.0
2026-02-16,0.7095997741497102,0.7190610954486786,0.704869113500226,0.7143304347991943,587700.0
2026-02-19,0.7190611574197724,0.737983801648526,0.7190611574197724,0.7285224795341492,1067400.0
2026-02-20,0.728522397692583,0.728522397692583,0.7143304161153327,0.7190610766410828,827500.0
2026-02-23,0.7285224261391318,0.7427144646644592,0.7190611047181962,0.7427144646644592,1291100.0
2026-02-24,0.7427144804226898,0.7427144804226898,0.7285224415962488,0.737983763217926,518500.0
2026-02-25,0.7427144996364019,0.7427144996364019,0.7237917995095999,0.7332531213760376,636200.0
2026-02-26,0.728522397692583,0.728522397692583,0.7143304161153327,0.7190610766410828,667000.0
2026-02-27,0.7143304161153327,0.7237917371668329,0.7095997555895824,0.7190610766410828,488600.0
2026-03-02,0.7001384592024632,0.7001384592024632,0.6481011351921262,0.667023777961731,4785800.0
2026-03-03,0.6812158384896515,0.6906771601807979,0.662293138713433,0.6764851212501526,2039700.0
2026-03-04,0.6717544550280856,0.6717544550280856,0.6433704901818218,0.6481011509895325,3053600.0
2026-03-05,0.6528318524360657,0.6622931746404548,0.6528318524360657,0.6528318524360657,758200.0
2026-03-06,0.6622931727491831,0.6622931727491831,0.6291785451283847,0.6386398673057556,1147300.0
2026-03-09,0.6291784831938133,0.6339091438168257,0.6007944630618154,0.6244478225708008,1774600.0
2026-03-10,0.6339091685664006,0.6528318117972431,0.62917850775869,0.6481011509895325,933900.0
2026-03-11,0.6481011677371578,0.6481011677371578,0.629178524017334,0.629178524017334,1718300.0
2026-03-12,0.6339091792253243,0.6339091792253243,0.6149864792823792,0.6149864792823792,731600.0
2026-03-13,0.6149864767555213,0.6197171376233387,0.5960638332842516,0.6007944941520691,1434400.0
2026-03-16,0.6055251955986023,0.6197171791531173,0.5960638732289257,0.6055251955986023,751600.0
2026-03-17,0.6149864984753838,0.624447876939098,0.6102558374404907,0.6102558374404907,773100.0
2026-03-18,0.6149864449308529,0.6339091438168257,0.6102557843078403,0.6244478225708008,895300.0
2026-03-19,0.6244478574508148,0.6244478574508148,0.6102558183951243,0.6149864792823792,516700.0
2026-03-20,0.6244478967318853,0.6244478967318853,0.6055251955986023,0.6055251955986023,1047300.0
2026-03-23,0.6007945111876949,0.6007945111876949,0.5771412061779145,0.5818718671798706,1900800.0
2026-03-24,0.5866024901682522,0.5960638115590428,0.5771411687774617,0.5913331508636475,575800.0
2026-03-25,0.5913331698691986,0.5960638307166382,0.5818718481743195,0.586602509021759,444900.0
2026-03-26,0.5960638501857388,0.605525172189651,0.5818718671798706,0.5818718671798706,1180300.0
2026-03-27,0.586602471614007,0.6007944532513003,0.586602471614007,0.5960637927055359,264500.0
2026-03-30,0.5913331321597715,0.6055251137970646,0.586602471614007,0.5960637927055359,424400.0
2026-03-31,0.6007944532513003,0.6102557743428291,0.5913331321597715,0.5960637927055359,271700.0
2026-04-01,0.6055251388986563,0.6244478382600623,0.6055251388986563,0.6197171211242676,327300.0
2026-04-02,0.619717159510277,0.619717159510277,0.5960638543358113,0.6102558374404907,592100.0
2026-04-06,0.6102558374404907,0.6149864984753838,0.6007945153707045,0.6102558374404907,358200.0
2026-04-07,0.6149864984753838,0.619717159510277,0.6055251764055976,0.6102558374404907,805200.0
2026-04-08,0.6149865054683996,0.6481011894831266,0.6149865054683996,0.6386398673057556,1021800.0
2026-04-09,0.6481011677371578,0.6481011677371578,0.6197171457634955,0.629178524017334,670800.0
2026-04-10,0.6291785050717146,0.6386398266467302,0.6244478442842067,0.6339091658592224,641100.0
2026-04-13,0.6291785050717146,0.6339091658592224,0.6244478442842067,0.6339091658592224,194800.0
2026-04-14,0.6291785263061488,0.648101170094809,0.6291785263061488,0.643370509147644,376400.0
2026-04-15,0.643370509147644,0.6575624919891392,0.6386398482004789,0.643370509147644,809700.0
2026-04-16,0.6481011509895325,0.6575624726049537,0.6433704901818218,0.6481011509895325,705100.0
2026-04-17,0.648101170094809,0.648101170094809,0.6339091872533139,0.643370509147644,525100.0
2026-04-20,0.6386398482004789,0.648101170094809,0.6339091872533139,0.643370509147644,501000.0
2026-04-21,0.6433705283944411,0.6481011894831266,0.6386398673057556,0.6386398673057556,225400.0
2026-04-22,0.6433705283944411,0.6528318505718121,0.6386398673057556,0.6386398673057556,342700.0
2026-04-23,0.6481011509895325,0.6670237942203749,0.6433704901818218,0.6481011509895325,796000.0
2026-04-24,0.6528318524360657,0.6575625135382602,0.6433705302316766,0.6528318524360657,389500.0
2026-04-27,0.6528318524360657,0.6622931746404548,0.6481011913338711,0.6528318524360657,849700.0
2026-04-28,0.6528318524360657,0.6528318524360657,0.6481011913338711,0.6528318524360657,430700.0
2026-04-29,0.6528318333143228,0.6670238162052168,0.6481011723506914,0.6575624942779541,726900.0
2026-04-30,0.6575625135382602,0.6670238357426493,0.6528318524360657,0.6528318524360657,575000.0
2026-05-04,0.6575624565769286,0.6764850993465333,0.6528317958845273,0.667023777961731,1215600.0
2026-05-05,0.6717544771688482,0.6717544771688482,0.6575624942779541,0.6575624942779541,757800.0
2026-05-06,0.6622931552415855,0.6670238162052168,0.6575624942779541,0.6575624942779541,332900.0
2026-05-07,0.6496875463053593,0.6792187690734863,0.6496875463053593,0.6792187690734863,716300.0
2026-05-08,0.6693749927558512,0.6742968629569491,0.6496875119514594,0.6546093821525574,719600.0
2026-05-11,0.6595312854815429,0.6595312854815429,0.6349218745666153,0.6447656154632568,842200.0
2026-05-12,0.6447655996096064,0.6546093989375301,0.6398437292823058,0.6496875286102295,201200.0
2026-05-13,0.6496875212966079,0.6742968726560802,0.6496875212966079,0.6693750023841858,628000.0
2026-05-14,0.6742968492949678,0.6989061998018455,0.6693749791935922,0.69398432970047,1622000.0
2026-05-15,0.6939843804575498,0.6989062509189043,0.6792187690734863,0.6792187690734863,434400.0
2026-05-18,0.6792187690734863,0.6890625099961953,0.6693750281507773,0.6792187690734863,153300.0
2026-05-19,0.6742968559265137,0.6792187260762946,0.6693749857767327,0.6742968559265137,302900.0
2026-05-20,0.6742968986121318,0.6841406395348408,0.6693750281507773,0.6792187690734863,291200.0
2026-05-21,0.6742968559265137,0.6841405962260755,0.6693749857767327,0.6742968559265137,112800.0
2026-05-22,0.6742968629569491,0.6742968629569491,0.6546093821525574,0.6546093821525574,958000.0
2026-05-25,0.6546093989375301,0.6595312692648307,0.6496875286102295,0.6496875286102295,383800.0
2026-05-26,0.6496875119514594,0.6546093821525574,0.6398437128759425,0.6546093821525574,275500.0
2026-05-27,0.6546093821525574,0.6546093821525574,0.6546093821525574,0.6546093821525574,0.0
2026-05-28,0.6546093821525574,0.6595312523536553,0.6496875119514594,0.6546093821525574,420800.0
2026-05-29,0.6546094247779408,0.6693750363427085,0.6496875542563515,0.65953129529953,214200.0
2026-06-02,0.6546093915685024,0.6693750023841858,0.6546093915685024,0.6693750023841858,393800.0
2026-06-03,0.6742969068642978,0.6742969068642978,0.6546094247779408,0.65953129529953,168800.0
2026-06-04,0.6595312854815429,0.6595312854815429,0.639843745014936,0.6447656154632568,512700.0
2026-06-05,0.639843745014936,0.6496875445849014,0.639843745014936,0.6447656154632568,339800.0
2026-06-08,0.6398437190223342,0.6496875181924113,0.6349218487739563,0.6349218487739563,352200.0
2026-06-09,0.6496875119514594,0.6546093821525574,0.6447655830770405,0.6546093821525574,84800.0
2026-06-10,0.6447655996096064,0.6496875286102295,0.6349218589550052,0.6496875286102295,206400.0
2026-06-11,0.6398437292823058,0.6496875286102295,0.6349218589550052,0.6496875286102295,297600.0
2026-06-12,0.6447655996096064,0.6496875286102295,0.6398437292823058,0.6496875286102295,13100.0
2026-06-15,0.6496875119514594,0.6546093821525574,0.6447655830770405,0.6546093821525574,110700.0
2026-06-16,0.6546094247779408,0.6693750363427085,0.6496875542563515,0.65953129529953,300200.0
2026-06-17,0.6644531321122913,0.6742968726560802,0.6644531321122913,0.6693750023841858,66200.0
2026-06-18,0.6644531658211192,0.6693750363427085,0.65953129529953,0.65953129529953,133700.0
2026-06-19,0.669375019237675,0.669375019237675,0.6595312784460409,0.6644531488418579,138900.0
2026-06-22,0.6644531225547532,0.6693749927558512,0.6496875119514594,0.6546093821525574,275800.0
2026-06-23,0.6546093989375301,0.6595312692648307,0.6496875286102295,0.6496875286102295,65900.0
2026-06-24,0.6546093821525574,0.6595312523536553,0.6496875119514594,0.6546093821525574,106800.0
2026-06-25,0.6546093915685024,0.6742968726560802,0.6496875212966079,0.6693750023841858,300900.0
2026-06-26,0.669375019237675,0.669375019237675,0.6546094080502238,0.6644531488418579,32500.0
2026-06-29,0.6644531321122913,0.6693750023841858,0.6595312618403969,0.6693750023841858,162800.0
2026-06-30,0.6693749857767327,0.6742968559265137,0.6595312454771708,0.6742968559265137,163400.0
2026-07-01,0.6742968559265137,0.6742968559265137,0.6644531156269518,0.6742968559265137,76200.0
2026-07-02,0.6742968726560802,0.6742968726560802,0.6595312618403969,0.6693750023841858,203300.0
2026-07-03,0.6693750023841858,0.6693750023841858,0.6595312618403969,0.6693750023841858,44000.0
2026-07-06,0.6693750281507773,0.6939843804575498,0.6693750281507773,0.6792187690734863,540700.0
2026-07-07,0.6792187260762946,0.6841405962260755,0.6742968559265137,0.6742968559265137,315900.0
2026-07-08,0.6792187690734863,0.6792187690734863,0.6693750281507773,0.6792187690734863,127400.0
2026-07-09,0.6742968726560802,0.6792187429279747,0.6693750023841858,0.6693750023841858,323100.0
2026-07-10,0.6742968559265137,0.6742968559265137,0.6693749857767327,0.6742968559265137,109400.0
2026-07-13,0.6742968559265137,0.6742968559265137,0.6644531156269518,0.6742968559265137,181800.0
2026-07-14,0.6693750023841858,0.6742968726560802,0.6644531321122913,0.6693750023841858,154800.0
2026-07-15,0.6644531156269518,0.6742968559265137,0.6644531156269518,0.6742968559265137,242600.0
2026-07-16,0.6742968726560802,0.6742968726560802,0.6693750023841858,0.6693750023841858,158600.0
2026-07-17,0.6693750363427085,0.6742969068642978,0.65953129529953,0.65953129529953,198800.0
2026-07-20,0.6595312618403969,0.6693750023841858,0.6595312618403969,0.6693750023841858,83500.0
2026-07-21,0.6693750023841858,0.6742968726560802,0.6644531321122913,0.6693750023841858,243800.0
2026-07-22,0.6742968726560802,0.6742968726560802,0.6595312618403969,0.6693750023841858,387800.0
2026-07-23,0.6595312454771708,0.6742968559265137,0.6595312454771708,0.6742968559265137,278100.0
2026-07-24,0.6742968726560802,0.6742968726560802,0.6693750023841858,0.6693750023841858,57000.0
2026-07-27,0.6742968726560802,0.6742968726560802,0.6693750023841858,0.6693750023841858,83200.0
2026-07-28,0.674296889633492,0.674296889633492,0.6644531488418579,0.6644531488418579,497600.0
2026-07-29,0.6644531156269518,0.6742968559265137,0.6644531156269518,0.6742968559265137,82900.0
2026-07-30,0.674296889633492,0.674296889633492,0.6644531488418579,0.6644531488418579,155000.0
2026-07-31,0.669375019237675,0.669375019237675,0.6644531488418579,0.6644531488418579,354900.0
2026-08-03,0.6693749857767327,0.6742968559265137,0.6644531156269518,0.6742968559265137,35200.0
2026-08-04,0.6644531321122913,0.6742968726560802,0.6644531321122913,0.6693750023841858,243900.0
2026-08-05,0.6693749857767327,0.6742968559265137,0.6693749857767327,0.6742968559265137,193100.0
2026-08-06,0.6742968726560802,0.6792187429279747,0.6693750023841858,0.6693750023841858,429400.0
2026-08-07,0.669375019237675,0.674296889633492,0.6644531488418579,0.6644531488418579,470500.0
2026-08-11,0.6693750023841858,0.6742968726560802,0.6644531321122913,0.6693750023841858,185500.0
2026-08-12,0.6693749857767327,0.6742968559265137,0.6693749857767327,0.6742968559265137,161900.0
2026-08-13,0.6841405962260755,0.7136718757980816,0.6742968559265137,0.6742968559265137,3626200.0
2026-08-14,0.6742968726560802,0.6792187429279747,0.6693750023841858,0.6693750023841858,492700.0
2026-08-17,0.6742968559265137,0.6742968559265137,0.6693749857767327,0.6742968559265137,193700.0
2026-08-18,0.6693750023841858,0.6742968726560802,0.6644531321122913,0.6693750023841858,356300.0
2026-08-19,0.6742969068642978,0.6742969068642978,0.65953129529953,0.65953129529953,449100.0
2026-08-20,0.6595312784460409,0.669375019237675,0.6595312784460409,0.6644531488418579,260500.0
2026-08-21,0.6693750363427085,0.6693750363427085,0.65953129529953,0.65953129529953,308300.0
2026-08-24,0.6644531395921314,0.6644531395921314,0.6496875286102295,0.6496875286102295,785100.0
2026-08-25,0.6546093989375301,0.6546093989375301,0.6496875286102295,0.6496875286102295,430500.0
2026-08-26,0.6496875286102295,0.6546093989375301,0.6496875286102295,0.6496875286102295,461400.0
2026-08-27,0.6546093821525574,0.6546093821525574,0.6496875119514594,0.6546093821525574,60400.0
2026-08-28,0.6546093989375301,0.6546093989375301,0.6496875286102295,0.6496875286102295,98300.0
2026-08-31,0.6496875286102295,0.6496875286102295,0.6447655996096064,0.6496875286102295,380500.0
2026-09-01,0.6496875286102295,0.6496875286102295,0.6447655996096064,0.6496875286102295,270500.0
2026-09-02,0.6496875012293439,0.6496875012293439,0.6398437023162842,0.6398437023162842,326000.0
2026-09-03,0.6447655724361541,0.6447655724361541,0.6398437023162842,0.6398437023162842,315800.0
2026-09-04,0.6447655724361541,0.6447655724361541,0.6398437023162842,0.6398437023162842,241100.0
2026-09-07,0.6447656154632568,0.6447656154632568,0.639843745014936,0.6447656154632568,146600.0
2026-09-08,0.6398437359894159,0.6447656063683096,0.6299999952316284,0.6299999952316284,833200.0
2026-09-09,0.6299999952316284,0.6398437359894159,0.6299999952316284,0.6299999952316284,469400.0
2026-09-10,0.6349999904632568,0.6399999856948853,0.6299999952316284,0.6299999952316284,298400.0
2026-09-11,0.6299999952316284,0.6399999856948853,0.6299999952316284,0.6299999952316284,400900.0
2026-09-14,0.6349999904632568,0.6349999904632568,0.6299999952316284,0.6299999952316284,226900.0
2026-09-15,0.6299999952316284,0.6349999904632568,0.6299999952316284,0.6299999952316284,43600.0
2026-09-16,0.6299999952316284,0.6299999952316284,0.625,0.625,60400.0
2026-09-17,0.625,0.6299999952316284,0.625,0.625,44200.0
2026-09-18,0.6299999952316284,0.6299999952316284,0.6200000047683716,0.6200000047683716,276600.0
2026-09-21,0.6200000047683716,0.625,0.6000000238418579,0.6050000190734863,698100.0
2026-09-22,0.6050000190734863,0.6100000143051147,0.5950000286102295,0.6050000190734863,502800.0
2026-09-23,0.6100000143051147,0.6200000047683716,0.6100000143051147,0.6200000047683716,672900.0
2026-09-24,0.6200000047683716,0.625,0.6150000095367432,0.625,138800.0
2026-09-25,0.625,0.6349999904632568,0.6200000047683716,0.625,1120300.0
2026-09-28,0.625,0.6299999952316284,0.6200000047683716,0.625,267200.0
2026-09-29,0.625,0.6299999952316284,0.6200000047683716,0.625,383800.0
2026-09-30,0.625,0.6349999904632568,0.625,0.6299999952316284,196000.0
2026-10-01,0.6299999952316284,0.6349999904632568,0.625,0.625,666600.0
2026-10-02,0.6349999904632568,0.6349999904632568,0.6200000047683716,0.6200000047683716,204800.0
