date,open,high,low,close,volume
2016-10-03,0.1067278012633323,0.1067278012633323,0.1067278012633323,0.1067278012633323,0.0
2016-10-04,0.1067278012633323,0.1067278012633323,0.1067278012633323,0.1067278012633323,0.0
2016-10-05,0.1067278012633323,0.1067278012633323,0.1067278012633323,0.1067278012633323,0.0
2016-10-06,0.1067278012633323,0.1067278012633323,0.1067278012633323,0.1067278012633323,0.0
2016-10-07,0.1067278012633323,0.1067278012633323,0.1067278012633323,0.1067278012633323,0.0
2016-10-10,0.1067278012633323,0.1067278012633323,0.1067278012633323,0.1067278012633323,0.0
2016-10-11,0.1067278012633323,0.1067278012633323,0.1067278012633323,0.1067278012633323,0.0
2016-10-12,0.1067278012633323,0.1067278012633323,0.1067278012633323,0.1067278012633323,0.0
2016-10-13,0.1067278012633323,0.1067278012633323,0.1067278012633323,0.1067278012633323,0.0
2016-10-14,0.1067278012633323,0.1067278012633323,0.1067278012633323,0.1067278012633323,0.0
2016-10-17,0.1067278012633323,0.1067278012633323,0.1067278012633323,0.1067278012633323,0.0
2016-10-18,0.1067278012633323,0.1067278012633323,0.1067278012633323,0.1067278012633323,0.0
2016-10-19,0.1067278012633323,0.1067278012633323,0.1067278012633323,0.1067278012633323,0.0
2016-10-20,0.1067278012633323,0.1067278012633323,0.1067278012633323,0.1067278012633323,0.0
2016-10-21,0.1067278012633323,0.1067278012633323,0.1067278012633323,0.1067278012633323,0.0
2016-10-24,0.1067278012633323,0.1067278012633323,0.1067278012633323,0.1067278012633323,0.0
2016-10-25,0.1067278012633323,0.1067278012633323,0.1067278012633323,0.1067278012633323,0.0
2016-10-26,0.1108860298991203,0.1108860298991203,0.1108860298991203,0.1108860298991203,21000.0
2016-10-27,0.1205888577238663,0.1205888577238663,0.1108860298991203,0.1108860298991203,16200.0
2016-10-28,0.1108860298991203,0.1108860298991203,0.1108860298991203,0.1108860298991203,0.0
2016-10-31,0.1108860298991203,0.1108860298991203,0.1108860298991203,0.1108860298991203,0.0
2016-11-01,0.1108860298991203,0.1108860298991203,0.1108860298991203,0.1108860298991203,0.0
2016-11-02,0.1108860298991203,0.1108860298991203,0.1108860298991203,0.1108860298991203,0.0
2016-11-03,0.1108860298991203,0.1108860298991203,0.1108860298991203,0.1108860298991203,0.0
2016-11-04,0.1108860298991203,0.1108860298991203,0.1108860298991203,0.1108860298991203,0.0
2016-11-07,0.1108860298991203,0.1108860298991203,0.1108860298991203,0.1108860298991203,16800.0
2016-11-08,0.1108860298991203,0.1108860298991203,0.1108860298991203,0.1108860298991203,0.0
2016-11-09,0.1108860298991203,0.1108860298991203,0.1108860298991203,0.1108860298991203,0.0
2016-11-10,0.1011831983923912,0.1011831983923912,0.1011831983923912,0.1011831983923912,30000.0
2016-11-11,0.1011831983923912,0.1011831983923912,0.1011831983923912,0.1011831983923912,0.0
2016-11-14,0.1108860298991203,0.1344491002701879,0.1108860298991203,0.1108860298991203,28200.0
2016-11-15,0.1205888560053751,0.1441519260406494,0.1205888560053751,0.1441519260406494,17400.0
2016-11-16,0.1386073515925598,0.1386073515925598,0.1358354687690735,0.1358354687690735,81900.0
2016-11-17,0.1358354687690735,0.1358354687690735,0.1358354687690735,0.1358354687690735,32400.0
2016-11-18,0.137221831526239,0.137221831526239,0.1330635859455871,0.1358354687690735,652200.0
2016-11-21,0.1330635547637939,0.1330635547637939,0.1330635547637939,0.1330635547637939,1500.0
2016-11-22,0.1330635547637939,0.1330635547637939,0.1330635547637939,0.1330635547637939,55800.0
2016-11-23,0.1330635547637939,0.1330635547637939,0.1330635547637939,0.1330635547637939,0.0
2016-11-24,0.1330635547637939,0.1330635547637939,0.1330635547637939,0.1330635547637939,0.0
2016-11-25,0.1302908509969711,0.1302908509969711,0.1302908509969711,0.1302908509969711,171000.0
2016-11-28,0.1330635859455871,0.1358354687690735,0.1330635859455871,0.1358354687690735,74700.0
2016-11-29,0.126132620577556,0.126132620577556,0.1081141456961631,0.1081141456961631,6000.0
2016-11-30,0.1081141456961631,0.1081141456961631,0.1081141456961631,0.1081141456961631,0.0
2016-12-01,0.1081141456961631,0.1081141456961631,0.1081141456961631,0.1081141456961631,0.0
2016-12-02,0.1081141456961631,0.1081141456961631,0.1081141456961631,0.1081141456961631,0.0
2016-12-05,0.1081141456961631,0.1081141456961631,0.1081141456961631,0.1081141456961631,0.0
2016-12-06,0.1081141456961631,0.1081141456961631,0.1081141456961631,0.1081141456961631,0.0
2016-12-07,0.1081141456961631,0.1081141456961631,0.1081141456961631,0.1081141456961631,0.0
2016-12-08,0.1081141456961631,0.1081141456961631,0.1081141456961631,0.1081141456961631,0.0
2016-12-09,0.1081141456961631,0.1081141456961631,0.1081141456961631,0.1081141456961631,0.0
2016-12-12,0.1081141456961631,0.1081141456961631,0.1081141456961631,0.1081141456961631,0.0
2016-12-13,0.1081141456961631,0.1081141456961631,0.1081141456961631,0.1081141456961631,0.0
2016-12-14,0.1081141456961631,0.1081141456961631,0.1081141456961631,0.1081141456961631,0.0
2016-12-15,0.1081141456961631,0.1081141456961631,0.1081141456961631,0.1081141456961631,0.0
2016-12-16,0.1081141456961631,0.1081141456961631,0.1081141456961631,0.1081141456961631,38400.0
2016-12-19,0.1067278012633323,0.1067278012633323,0.1067278012633323,0.1067278012633323,300.0
2016-12-20,0.1067278012633323,0.1067278012633323,0.1067278012633323,0.1067278012633323,0.0
2016-12-21,0.1067278012633323,0.1067278012633323,0.1067278012633323,0.1067278012633323,0.0
2016-12-22,0.1067278012633323,0.1067278012633323,0.1067278012633323,0.1067278012633323,0.0
2016-12-23,0.1108860298991203,0.1108860298991203,0.1108860298991203,0.1108860298991203,23400.0
2016-12-27,0.1108860301114052,0.1164306253194809,0.1108860301114052,0.1164306253194809,1800.0
2016-12-28,0.1108860298991203,0.1108860298991203,0.1108860298991203,0.1108860298991203,30000.0
2016-12-29,0.0970249632508338,0.1108860298991203,0.0970249632508338,0.1108860298991203,151500.0
2016-12-30,0.1108860298991203,0.1108860298991203,0.1108860298991203,0.1108860298991203,0.0
2017-01-03,0.1108860298991203,0.1108860298991203,0.1108860298991203,0.1108860298991203,0.0
2017-01-04,0.1108860298991203,0.1108860298991203,0.1108860298991203,0.1108860298991203,0.0
2017-01-05,0.1108860298991203,0.1108860298991203,0.1108860298991203,0.1108860298991203,0.0
2017-01-06,0.1108860298991203,0.1108860298991203,0.1108860298991203,0.1108860298991203,0.0
2017-01-09,0.1108860298991203,0.1108860298991203,0.1108860298991203,0.1108860298991203,0.0
2017-01-10,0.1053414270281791,0.1053414270281791,0.1053414270281791,0.1053414270281791,30000.0
2017-01-11,0.1053414270281791,0.1053414270281791,0.1053414270281791,0.1053414270281791,3000.0
2017-01-12,0.1053414270281791,0.1053414270281791,0.1053414270281791,0.1053414270281791,0.0
2017-01-13,0.1053414270281791,0.1053414270281791,0.1053414270281791,0.1053414270281791,0.0
2017-01-16,0.1053414270281791,0.1053414270281791,0.1053414270281791,0.1053414270281791,0.0
2017-01-17,0.1053414270281791,0.1053414270281791,0.1053414270281791,0.1053414270281791,0.0
2017-01-18,0.1053414270281791,0.1053414270281791,0.1053414270281791,0.1053414270281791,0.0
2017-01-19,0.1053414270281791,0.1053414270281791,0.1053414270281791,0.1053414270281791,0.0
2017-01-20,0.1053414270281791,0.1053414270281791,0.1053414270281791,0.1053414270281791,0.0
2017-01-23,0.1053414386413083,0.1067278012633323,0.1053414386413083,0.1067278012633323,24000.0
2017-01-24,0.1039559170603752,0.1039559170603752,0.1039559170603752,0.1039559170603752,6000.0
2017-01-25,0.1039559170603752,0.1039559170603752,0.1039559170603752,0.1039559170603752,0.0
2017-01-26,0.1192025052817042,0.1219743876786669,0.1178161427378654,0.1178161427378654,19200.0
2017-01-27,0.1178161427378654,0.1178161427378654,0.1178161427378654,0.1178161427378654,0.0
2017-01-31,0.1178161427378654,0.1178161427378654,0.1178161427378654,0.1178161427378654,0.0
2017-02-01,0.1205888525789456,0.1344490945339203,0.1205888525789456,0.1344490945339203,24000.0
2017-02-02,0.1344490945339203,0.1344490945339203,0.1344490945339203,0.1344490945339203,0.0
2017-02-03,0.1205888614058494,0.1205888614058494,0.1205888614058494,0.1205888614058494,12000.0
2017-02-06,0.1205888614058494,0.1205888614058494,0.1205888614058494,0.1205888614058494,0.0
2017-02-07,0.1205888614058494,0.1205888614058494,0.1205888614058494,0.1205888614058494,0.0
2017-02-08,0.1483101583170048,0.1483101583170048,0.1081141456961631,0.1081141456961631,3000.0
2017-02-09,0.1344490945339203,0.1344490945339203,0.1344490945339203,0.1344490945339203,78000.0
2017-02-10,0.1344490945339203,0.1344490945339203,0.1344490945339203,0.1344490945339203,0.0
2017-02-13,0.1344490945339203,0.1344490945339203,0.1344490945339203,0.1344490945339203,0.0
2017-02-14,0.1344490945339203,0.1344490945339203,0.1344490945339203,0.1344490945339203,0.0
2017-02-15,0.1275189816951751,0.1275189816951751,0.1275189816951751,0.1275189816951751,30000.0
2017-02-16,0.1275189816951751,0.1275189816951751,0.1275189816951751,0.1275189816951751,0.0
2017-02-17,0.1275189816951751,0.1275189816951751,0.1275189816951751,0.1275189816951751,9000.0
2017-02-20,0.1275189816951751,0.1275189816951751,0.1275189816951751,0.1275189816951751,0.0
2017-02-21,0.1330635547637939,0.1330635547637939,0.1330635547637939,0.1330635547637939,40500.0
2017-02-22,0.1330635547637939,0.1330635547637939,0.1330635547637939,0.1330635547637939,0.0
2017-02-23,0.1122723860834091,0.1316772103309631,0.1108860235920877,0.1316772103309631,104700.0
2017-02-24,0.1316772103309631,0.1316772103309631,0.1316772103309631,0.1316772103309631,0.0
2017-02-27,0.1358354409146247,0.1386073231697082,0.1358354409146247,0.1386073231697082,51000.0
2017-02-28,0.1386073231697082,0.1386073231697082,0.1386073231697082,0.1386073231697082,0.0
2017-03-01,0.1386073231697082,0.1386073231697082,0.1386073231697082,0.1386073231697082,0.0
2017-03-02,0.1386073231697082,0.1386073231697082,0.1386073231697082,0.1386073231697082,0.0
2017-03-03,0.139993667602539,0.139993667602539,0.139993667602539,0.139993667602539,82800.0
2017-03-06,0.139993667602539,0.139993667602539,0.139993667602539,0.139993667602539,0.0
2017-03-07,0.139993667602539,0.139993667602539,0.139993667602539,0.139993667602539,0.0
2017-03-08,0.139993667602539,0.139993667602539,0.139993667602539,0.139993667602539,0.0
2017-03-09,0.139993667602539,0.139993667602539,0.139993667602539,0.139993667602539,0.0
2017-03-10,0.139993667602539,0.139993667602539,0.139993667602539,0.139993667602539,0.0
2017-03-13,0.1219743778643074,0.1330635547637939,0.1219743778643074,0.1330635547637939,3000.0
2017-03-14,0.1150442603409028,0.1178161427378654,0.1150442603409028,0.1178161427378654,9300.0
2017-03-15,0.1178161427378654,0.1178161427378654,0.1178161427378654,0.1178161427378654,3000.0
2017-03-16,0.1178161427378654,0.1178161427378654,0.1178161427378654,0.1178161427378654,0.0
2017-03-17,0.1178161367074318,0.1621712097927202,0.1178161367074318,0.1386073231697082,95400.0
2017-03-20,0.1386073231697082,0.1386073231697082,0.1386073231697082,0.1386073231697082,0.0
2017-03-21,0.139993667602539,0.139993667602539,0.139993667602539,0.139993667602539,150000.0
2017-03-22,0.1261326372623443,0.1261326372623443,0.1261326372623443,0.1261326372623443,18300.0
2017-03-23,0.1261326372623443,0.1261326372623443,0.1261326372623443,0.1261326372623443,0.0
2017-03-24,0.1261326372623443,0.1261326372623443,0.1261326372623443,0.1261326372623443,0.0
2017-03-27,0.1524683982133865,0.1524683982133865,0.1524683982133865,0.1524683982133865,21300.0
2017-03-28,0.1399936875410655,0.1524683982133865,0.1399936875410655,0.1524683982133865,45000.0
2017-03-29,0.1524683852134756,0.1552402675151825,0.1524683852134756,0.1552402675151825,24300.0
2017-03-30,0.144151927799664,0.1469238102436065,0.144151927799664,0.1469238102436065,36000.0
2017-03-31,0.1469238102436065,0.1469238102436065,0.1469238102436065,0.1469238102436065,0.0
2017-04-03,0.1580129861831665,0.1580129861831665,0.1580129861831665,0.1580129861831665,33000.0
2017-04-04,0.1510820480383304,0.1593985259532928,0.1510820480383304,0.1593985259532928,84000.0
2017-04-05,0.1593985259532928,0.1593985259532928,0.1593985259532928,0.1593985259532928,30000.0
2017-04-06,0.1593985259532928,0.1593985259532928,0.1593985259532928,0.1593985259532928,0.0
2017-04-07,0.1607848634197274,0.1663294583559036,0.1607848634197274,0.1663294583559036,9300.0
2017-04-10,0.1663294583559036,0.1663294583559036,0.1663294583559036,0.1663294583559036,0.0
2017-04-11,0.1663294583559036,0.1663294583559036,0.1663294583559036,0.1663294583559036,0.0
2017-04-12,0.1663294548268141,0.1801896840333938,0.1663294548268141,0.1801896840333938,72900.0
2017-04-13,0.1815760633962058,0.1940507739782333,0.1801897007918386,0.1940507739782333,174600.0
2017-04-17,0.1940507739782333,0.1940507739782333,0.1940507739782333,0.1940507739782333,0.0
2017-04-18,0.1940507739782333,0.1940507739782333,0.1940507739782333,0.1940507739782333,0.0
2017-04-19,0.1940507739782333,0.1940507739782333,0.1940507739782333,0.1940507739782333,0.0
2017-04-20,0.1940507739782333,0.1940507739782333,0.1940507739782333,0.1940507739782333,0.0
2017-04-21,0.1940507739782333,0.1940507739782333,0.1940507739782333,0.1940507739782333,0.0
2017-04-24,0.1940507739782333,0.1940507739782333,0.1940507739782333,0.1940507739782333,0.0
2017-04-25,0.1940507739782333,0.1940507739782333,0.1940507739782333,0.1940507739782333,0.0
2017-04-26,0.1885062009096145,0.1885062009096145,0.1885062009096145,0.1885062009096145,6000.0
2017-04-27,0.1760314702987671,0.1760314702987671,0.1760314702987671,0.1760314702987671,3900.0
2017-04-28,0.191278874874115,0.191278874874115,0.191278874874115,0.191278874874115,73200.0
2017-05-02,0.1885061802178534,0.1898925304412841,0.1829624151356036,0.1898925304412841,237000.0
2017-05-03,0.1898925304412841,0.1898925304412841,0.1898925304412841,0.1898925304412841,0.0
2017-05-04,0.1621712297201156,0.1621712297201156,0.1621712297201156,0.1621712297201156,33600.0
2017-05-05,0.1635567247867584,0.1635567247867584,0.1635567247867584,0.1635567247867584,6000.0
2017-05-08,0.1635567247867584,0.1635567247867584,0.1635567247867584,0.1635567247867584,9000.0
2017-05-09,0.1663294711951428,0.2300885319709778,0.1663294711951428,0.2300885319709777,15012000.0
2017-05-11,0.235633140633768,0.2439496061703732,0.2259303000874606,0.2342467904090881,1669800.0
2017-05-12,0.2370194993524729,0.2550379633903503,0.2300885411014046,0.2550379633903503,1270800.0
2017-05-15,0.2633544173072262,0.2633544173072262,0.2397913485765457,0.2397913485765457,807600.0
2017-05-16,0.2397913819954309,0.2578106887240982,0.2397913819954309,0.2550379633903503,330900.0
2017-05-17,0.2550379292250283,0.2647407688192455,0.2550379292250283,0.2605825364589691,875700.0
2017-05-18,0.2605825504690754,0.2910765535041715,0.2605825504690754,0.2772154808044433,1272000.0
2017-05-19,0.2772154797501052,0.2883038520812988,0.2730572471820783,0.2883038520812988,515700.0
2017-05-22,0.2827600761380536,0.2910765409469604,0.277215468845207,0.2910765409469604,280500.0
2017-05-23,0.2799873839063158,0.2869183421134949,0.2772155012809103,0.2869183421134949,316500.0
2017-05-24,0.2772154808044433,0.2799873632251043,0.2744436231688036,0.2772154808044433,509400.0
2017-05-25,0.2772154808044433,0.2772154808044433,0.2772154808044433,0.2772154808044433,189300.0
2017-05-26,0.267512667617119,0.2758291328514416,0.267512667617119,0.2702853679656982,48600.0
2017-05-29,0.266127135348537,0.2702853679656982,0.266127135348537,0.2702853679656982,90000.0
2017-05-30,0.2702853679656982,0.2702853679656982,0.2702853679656982,0.2702853679656982,0.0
2017-05-31,0.2827600631674443,0.2827600631674443,0.2494941806727505,0.2661271095275879,44400.0
2017-06-01,0.2522660853013915,0.2772154808044433,0.2522660853013915,0.2772154808044433,9000.0
2017-06-02,0.2508797123634524,0.2702853679656982,0.2494942048798918,0.2702853679656982,61800.0
2017-06-05,0.2578106624982552,0.2578106624982552,0.25087970495224,0.25087970495224,43500.0
2017-06-06,0.2522660628466807,0.2661271095275879,0.2522660628466807,0.2661271095275879,30000.0
2017-06-07,0.2661271095275879,0.2661271095275879,0.2661271095275879,0.2661271095275879,0.0
2017-06-08,0.2661271095275879,0.2661271095275879,0.2661271095275879,0.2661271095275879,0.0
2017-06-09,0.2661271095275879,0.2661271095275879,0.2661271095275879,0.2661271095275879,0.0
2017-06-12,0.2661271095275879,0.2661271095275879,0.2661271095275879,0.2661271095275879,0.0
2017-06-13,0.2661271095275879,0.2661271095275879,0.2661271095275879,0.2661271095275879,0.0
2017-06-14,0.2661271095275879,0.2661271095275879,0.2661271095275879,0.2661271095275879,0.0
2017-06-15,0.2661271095275879,0.2661271095275879,0.2661271095275879,0.2661271095275879,0.0
2017-06-16,0.2661271095275879,0.2661271095275879,0.2661271095275879,0.2661271095275879,0.0
2017-06-19,0.2661271095275879,0.2661271095275879,0.2661271095275879,0.2661271095275879,0.0
2017-06-20,0.2661271095275879,0.2661271095275879,0.2661271095275879,0.2661271095275879,0.0
2017-06-21,0.2384050038894053,0.2453359365463257,0.2384050038894053,0.2453359365463256,17100.0
2017-06-22,0.2453359365463257,0.2453359365463257,0.2453359365463257,0.2453359365463256,0.0
2017-06-23,0.2453359365463257,0.2453359365463257,0.2453359365463257,0.2453359365463256,0.0
2017-06-27,0.2453359365463257,0.2453359365463257,0.2453359365463257,0.2453359365463256,0.0
2017-06-28,0.2453359365463257,0.2453359365463257,0.2453359365463257,0.2453359365463256,0.0
2017-06-29,0.2453359365463257,0.2453359365463257,0.2453359365463257,0.2453359365463256,33000.0
2017-06-30,0.2453359365463257,0.2453359365463257,0.2453359365463257,0.2453359365463256,0.0
2017-07-03,0.2439496128444334,0.2453359631070417,0.2425632625818252,0.2425632625818252,70200.0
2017-07-04,0.2425632625818252,0.2425632625818252,0.2425632625818252,0.2425632625818252,0.0
2017-07-05,0.2411777176986159,0.2411777176986159,0.2356331348419189,0.2356331348419189,92700.0
2017-07-06,0.2356331348419189,0.2356331348419189,0.2356331348419189,0.2356331348419189,0.0
2017-07-07,0.2356331348419189,0.2356331348419189,0.2356331348419189,0.2356331348419189,0.0
2017-07-10,0.2356331348419189,0.2356331348419189,0.2356331348419189,0.2356331348419189,0.0
2017-07-11,0.2356331348419189,0.2356331348419189,0.2356331348419189,0.2356331348419189,0.0
2017-07-12,0.2356331277511046,0.2356331277511046,0.2273166626691818,0.2273166626691818,15000.0
2017-07-13,0.224544780277105,0.2273166626691818,0.224544780277105,0.2273166626691818,6000.0
2017-07-14,0.2273166626691818,0.2273166626691818,0.2273166626691818,0.2273166626691818,1800.0
2017-07-17,0.2273166626691818,0.2273166626691818,0.2273166626691818,0.2273166626691818,10500.0
2017-07-18,0.2273166626691818,0.2273166626691818,0.2273166626691818,0.2273166626691818,0.0
2017-07-19,0.2273166626691818,0.2273166626691818,0.2273166626691818,0.2273166626691818,0.0
2017-07-20,0.2217720551943147,0.2273166626691818,0.2217720551943147,0.2273166626691818,84300.0
2017-07-21,0.2273166626691818,0.2273166626691818,0.2273166626691818,0.2273166626691818,0.0
2017-07-24,0.2273166626691818,0.2273166626691818,0.2273166626691818,0.2273166626691818,0.0
2017-07-25,0.2273166626691818,0.2273166626691818,0.2273166626691818,0.2273166626691818,0.0
2017-07-26,0.2273166626691818,0.2273166626691818,0.2273166626691818,0.2273166626691818,0.0
2017-07-27,0.2273166626691818,0.2273166626691818,0.2273166626691818,0.2273166626691818,0.0
2017-07-28,0.2273166457508392,0.2273166457508392,0.2245447635650634,0.2245447635650634,27000.0
2017-07-31,0.2217720597982406,0.2217720597982406,0.2217720597982406,0.2217720597982406,9000.0
2017-08-01,0.2190001737969937,0.2190001737969937,0.2148419412371445,0.2162282913923263,30000.0
2017-08-02,0.2217720597982406,0.2217720597982406,0.2217720597982406,0.2217720597982406,15000.0
2017-08-03,0.2217720597982406,0.2217720597982406,0.2217720597982406,0.2217720597982406,0.0
2017-08-04,0.2217720597982406,0.2217720597982406,0.2217720597982406,0.2217720597982406,0.0
2017-08-07,0.2217720597982406,0.2217720597982406,0.2217720597982406,0.2217720597982406,0.0
2017-08-08,0.2217720597982406,0.2217720597982406,0.2217720597982406,0.2217720597982406,0.0
2017-08-10,0.2217720597982406,0.2217720597982406,0.2217720597982406,0.2217720597982406,0.0
2017-08-11,0.2217720597982406,0.2217720597982406,0.2217720597982406,0.2217720597982406,0.0
2017-08-14,0.2217720597982406,0.2217720597982406,0.2217720597982406,0.2217720597982406,0.0
2017-08-15,0.2217720597982406,0.2217720597982406,0.2217720597982406,0.2217720597982406,0.0
2017-08-16,0.2217720597982406,0.2217720597982406,0.2217720597982406,0.2217720597982406,0.0
2017-08-17,0.2217720597982406,0.2217720597982406,0.2217720597982406,0.2217720597982406,45000.0
2017-08-18,0.2217720597982406,0.2217720597982406,0.2217720597982406,0.2217720597982406,24000.0
2017-08-21,0.2217720597982406,0.2217720597982406,0.2217720597982406,0.2217720597982406,0.0
2017-08-22,0.2217720597982406,0.2217720597982406,0.2217720597982406,0.2217720597982406,0.0
2017-08-23,0.2314749211072921,0.2314749211072921,0.2314749211072921,0.2314749211072921,45000.0
2017-08-24,0.235633140633768,0.235633140633768,0.2342467904090881,0.2342467904090881,25800.0
2017-08-25,0.2342467829135696,0.2342467829135696,0.2328612506389618,0.2328612506389618,4500.0
2017-08-28,0.2328612506389618,0.2328612506389618,0.2328612506389618,0.2328612506389618,0.0
2017-08-29,0.2328612506389618,0.2328612506389618,0.2328612506389618,0.2328612506389618,0.0
2017-08-30,0.2328612506389618,0.2328612506389618,0.2328612506389618,0.2328612506389618,0.0
2017-08-31,0.2328612506389618,0.2328612506389618,0.2328612506389618,0.2328612506389618,0.0
2017-09-04,0.2328612506389618,0.2328612506389618,0.2328612506389618,0.2328612506389618,0.0
2017-09-05,0.2217720597982406,0.2217720597982406,0.2217720597982406,0.2217720597982406,90000.0
2017-09-06,0.2217720597982406,0.2217720597982406,0.2217720597982406,0.2217720597982406,0.0
2017-09-07,0.2300885202762375,0.2300885202762375,0.2273166626691818,0.2273166626691818,303000.0
2017-09-08,0.2300885202762375,0.2328612453590278,0.2273166626691818,0.2273166626691818,293700.0
2017-09-11,0.2273166626691818,0.2273166626691818,0.2273166626691818,0.2273166626691818,150000.0
2017-09-12,0.2273166626691818,0.2273166626691818,0.2273166626691818,0.2273166626691818,0.0
2017-09-13,0.2273166626691818,0.2273166626691818,0.2273166626691818,0.2273166626691818,170100.0
2017-09-14,0.2217720602228105,0.2328612506389618,0.2217720602228105,0.2328612506389618,45000.0
2017-09-15,0.2328612506389618,0.2328612506389618,0.2328612506389618,0.2328612506389618,0.0
2017-09-18,0.2273166626691818,0.2273166626691818,0.2231584053431994,0.2273166626691818,411000.0
2017-09-19,0.2273166626691818,0.2273166626691818,0.2273166626691818,0.2273166626691818,0.0
2017-09-20,0.2273166626691818,0.2273166626691818,0.2273166626691818,0.2273166626691818,0.0
2017-09-21,0.2273166626691818,0.2273166626691818,0.2273166626691818,0.2273166626691818,0.0
2017-09-22,0.2217720597982406,0.2217720597982406,0.2217720597982406,0.2217720597982406,36000.0
2017-09-25,0.2217720597982406,0.2217720597982406,0.2217720597982406,0.2217720597982406,58800.0
2017-09-26,0.2217720597982406,0.2217720597982406,0.2217720597982406,0.2217720597982406,0.0
2017-09-27,0.2217720597982406,0.2217720597982406,0.2217720597982406,0.2217720597982406,0.0
2017-09-28,0.2217720597982406,0.2217720597982406,0.2217720597982406,0.2217720597982406,180000.0
2017-09-29,0.2217720597982406,0.2217720597982406,0.2217720597982406,0.2217720597982406,85200.0
2017-10-02,0.2217720597982406,0.2217720597982406,0.2217720597982406,0.2217720597982406,0.0
2017-10-03,0.2217720562016611,0.2217720562016611,0.2162282913923263,0.2162282913923263,60000.0
2017-10-04,0.2162282913923263,0.2162282913923263,0.2162282913923263,0.2162282913923263,0.0
2017-10-05,0.2162282913923263,0.2162282913923263,0.2162282913923263,0.2162282913923263,3000.0
2017-10-06,0.2162282913923263,0.2162282913923263,0.2162282913923263,0.2162282913923263,0.0
2017-10-09,0.2162282913923263,0.2162282913923263,0.2162282913923263,0.2162282913923263,0.0
2017-10-10,0.2162282913923263,0.2162282913923263,0.2162282913923263,0.2162282913923263,0.0
2017-10-11,0.2162282913923263,0.2162282913923263,0.2162282913923263,0.2162282913923263,0.0
2017-10-12,0.2162282913923263,0.2162282913923263,0.2162282913923263,0.2162282913923263,0.0
2017-10-13,0.2162282913923263,0.2162282913923263,0.2162282913923263,0.2162282913923263,0.0
2017-10-16,0.2217720597982406,0.2217720597982406,0.2217720597982406,0.2217720597982406,12000.0
2017-10-17,0.2217720597982406,0.2217720597982406,0.2217720597982406,0.2217720597982406,6000.0
2017-10-19,0.2217720597982406,0.2217720597982406,0.2217720597982406,0.2217720597982406,0.0
2017-10-20,0.2217720597982406,0.2217720597982406,0.2217720597982406,0.2217720597982406,0.0
2017-10-23,0.2217720597982406,0.2217720597982406,0.2217720597982406,0.2217720597982406,0.0
2017-10-24,0.2245447635650634,0.2245447635650634,0.2245447635650634,0.2245447635650634,18000.0
2017-10-25,0.2245447635650634,0.2245447635650634,0.2245447635650634,0.2245447635650634,21000.0
2017-10-26,0.2245447916900728,0.2300885319709778,0.2245447916900728,0.2300885319709777,18000.0
2017-10-27,0.2203865349292755,0.2203865349292755,0.2203865349292755,0.2203865349292755,9000.0
2017-10-30,0.2203865349292755,0.2203865349292755,0.2203865349292755,0.2203865349292755,0.0
2017-10-31,0.2203865349292755,0.2203865349292755,0.2203865349292755,0.2203865349292755,0.0
2017-11-01,0.2203865349292755,0.2203865349292755,0.2203865349292755,0.2203865349292755,0.0
2017-11-02,0.2203865349292755,0.2203865349292755,0.2203865349292755,0.2203865349292755,0.0
2017-11-03,0.2203865349292755,0.2203865349292755,0.2203865349292755,0.2203865349292755,0.0
2017-11-06,0.2203865349292755,0.2203865349292755,0.2203865349292755,0.2203865349292755,0.0
2017-11-07,0.2203865349292755,0.2203865349292755,0.2203865349292755,0.2203865349292755,0.0
2017-11-08,0.2203865349292755,0.2203865349292755,0.2203865349292755,0.2203865349292755,0.0
2017-11-09,0.2203865349292755,0.2203865349292755,0.2203865349292755,0.2203865349292755,0.0
2017-11-10,0.2203865349292755,0.2203865349292755,0.2203865349292755,0.2203865349292755,0.0
2017-11-13,0.2190001904964447,0.2190001904964447,0.2190001904964447,0.2190001904964447,1500.0
2017-11-14,0.2190001904964447,0.2190001904964447,0.2190001904964447,0.2190001904964447,0.0
2017-11-15,0.2190001904964447,0.2190001904964447,0.2190001904964447,0.2190001904964447,6000.0
2017-11-16,0.2190001904964447,0.2190001904964447,0.2190001904964447,0.2190001904964447,0.0
2017-11-17,0.2190001904964447,0.2190001904964447,0.2190001904964447,0.2190001904964447,149700.0
2017-11-20,0.2190001904964447,0.2190001904964447,0.2190001904964447,0.2190001904964447,0.0
2017-11-21,0.2079118341207504,0.2079118341207504,0.2079118341207504,0.2079118341207504,60000.0
2017-11-22,0.2079118341207504,0.2079118341207504,0.2079118341207504,0.2079118341207504,15000.0
2017-11-23,0.2079118341207504,0.2079118341207504,0.2079118341207504,0.2079118341207504,0.0
2017-11-24,0.2079118341207504,0.2079118341207504,0.2079118341207504,0.2079118341207504,0.0
2017-11-27,0.2079118341207504,0.2079118341207504,0.2079118341207504,0.2079118341207504,0.0
2017-11-28,0.2217720597982406,0.2217720597982406,0.2217720597982406,0.2217720597982406,15000.0
2017-11-29,0.2217720597982406,0.2217720597982406,0.2217720597982406,0.2217720597982406,0.0
2017-11-30,0.2217720597982406,0.2217720597982406,0.2217720597982406,0.2217720597982406,59700.0
2017-12-01,0.2217720597982406,0.2217720597982406,0.2217720597982406,0.2217720597982406,0.0
2017-12-04,0.2217720597982406,0.2217720597982406,0.2217720597982406,0.2217720597982406,0.0
2017-12-05,0.2217720597982406,0.2217720597982406,0.2217720597982406,0.2217720597982406,0.0
2017-12-06,0.2217720597982406,0.2217720597982406,0.2217720597982406,0.2217720597982406,0.0
2017-12-07,0.2217720597982406,0.2217720597982406,0.2217720597982406,0.2217720597982406,0.0
2017-12-08,0.2217720597982406,0.2217720597982406,0.2217720597982406,0.2217720597982406,0.0
2017-12-11,0.2217720597982406,0.2217720597982406,0.2217720597982406,0.2217720597982406,0.0
2017-12-12,0.2217720597982406,0.2217720597982406,0.2217720597982406,0.2217720597982406,0.0
2017-12-13,0.2217720597982406,0.2217720597982406,0.2217720597982406,0.2217720597982406,0.0
2017-12-14,0.2217720597982406,0.2217720597982406,0.2217720597982406,0.2217720597982406,0.0
2017-12-15,0.2217720597982406,0.2217720597982406,0.2217720597982406,0.2217720597982406,0.0
2017-12-18,0.2217720597982406,0.2217720597982406,0.2217720597982406,0.2217720597982406,0.0
2017-12-19,0.2217720597982406,0.2217720597982406,0.2217720597982406,0.2217720597982406,0.0
2017-12-20,0.2217720597982406,0.2217720597982406,0.2217720597982406,0.2217720597982406,0.0
2017-12-21,0.2217720597982406,0.2217720597982406,0.2217720597982406,0.2217720597982406,0.0
2017-12-22,0.2217720597982406,0.2217720597982406,0.2217720597982406,0.2217720597982406,0.0
2017-12-26,0.2217720597982406,0.2217720597982406,0.2217720597982406,0.2217720597982406,0.0
2017-12-27,0.2217720597982406,0.2217720597982406,0.2217720597982406,0.2217720597982406,0.0
2017-12-28,0.2217720597982406,0.2217720597982406,0.2217720597982406,0.2217720597982406,0.0
2017-12-29,0.2217720597982406,0.2217720597982406,0.2217720597982406,0.2217720597982406,0.0
2018-01-02,0.2079118341207504,0.2079118341207504,0.2079118341207504,0.2079118341207504,6000.0
2018-01-03,0.2079118341207504,0.2079118341207504,0.2079118341207504,0.2079118341207504,9000.0
2018-01-04,0.2079118341207504,0.2079118341207504,0.2079118341207504,0.2079118341207504,0.0
2018-01-05,0.2079118341207504,0.2079118341207504,0.2079118341207504,0.2079118341207504,0.0
2018-01-08,0.2328612552066413,0.2328612552066413,0.2079118341207504,0.2079118341207504,8100.0
2018-01-09,0.2079118341207504,0.2079118341207504,0.2079118341207504,0.2079118341207504,0.0
2018-01-10,0.2079118341207504,0.2079118341207504,0.2079118341207504,0.2079118341207504,0.0
2018-01-11,0.2079118341207504,0.2079118341207504,0.2079118341207504,0.2079118341207504,0.0
2018-01-12,0.2079118341207504,0.2079118341207504,0.2079118341207504,0.2079118341207504,6000.0
2018-01-15,0.2079118341207504,0.2079118341207504,0.2079118341207504,0.2079118341207504,0.0
2018-01-16,0.2079118341207504,0.2079118341207504,0.2079118341207504,0.2079118341207504,0.0
2018-01-17,0.2079118341207504,0.2079118341207504,0.2079118341207504,0.2079118341207504,9000.0
2018-01-18,0.2079118341207504,0.2079118341207504,0.2079118341207504,0.2079118341207504,3000.0
2018-01-19,0.2079118341207504,0.2079118341207504,0.2079118341207504,0.2079118341207504,0.0
2018-01-22,0.2079118341207504,0.2079118341207504,0.2079118341207504,0.2079118341207504,300.0
2018-01-23,0.2079118341207504,0.2079118341207504,0.2079118341207504,0.2079118341207504,0.0
2018-01-24,0.2079118341207504,0.2079118341207504,0.2079118341207504,0.2079118341207504,0.0
2018-01-25,0.2079118341207504,0.2079118341207504,0.2079118341207504,0.2079118341207504,0.0
2018-01-26,0.2079118341207504,0.2079118341207504,0.2079118341207504,0.2079118341207504,0.0
2018-01-29,0.2079118341207504,0.2079118341207504,0.2079118341207504,0.2079118341207504,0.0
2018-01-30,0.1968226434870796,0.2079118341207504,0.1968226434870796,0.2079118341207504,18000.0
2018-01-31,0.2079118341207504,0.2079118341207504,0.2079118341207504,0.2079118341207504,0.0
2018-02-01,0.2079118341207504,0.2079118341207504,0.2079118341207504,0.2079118341207504,0.0
2018-02-02,0.2079118341207504,0.2079118341207504,0.2079118341207504,0.2079118341207504,0.0
2018-02-05,0.1995953470468521,0.1995953470468521,0.1995953470468521,0.1995953470468521,3000.0
2018-02-06,0.1995953470468521,0.1995953470468521,0.1995953470468521,0.1995953470468521,0.0
2018-02-07,0.1995953470468521,0.1995953470468521,0.1995953470468521,0.1995953470468521,0.0
2018-02-08,0.1995953470468521,0.1995953470468521,0.1995953470468521,0.1995953470468521,0.0
2018-02-09,0.1940507739782333,0.1940507739782333,0.1940507739782333,0.1940507739782333,60000.0
2018-02-12,0.1940507739782333,0.1940507739782333,0.1940507739782333,0.1940507739782333,0.0
2018-02-13,0.1760314627932976,0.1760314627932976,0.1746459305286407,0.1746459305286407,157200.0
2018-02-14,0.1663294583559036,0.1663294583559036,0.1649430958510592,0.1663294583559036,232200.0
2018-02-15,0.1663294583559036,0.1663294583559036,0.1663294583559036,0.1663294583559036,0.0
2018-02-19,0.1663294583559036,0.1663294583559036,0.1663294583559036,0.1663294583559036,0.0
2018-02-20,0.1538547486693981,0.1663294583559036,0.1538547486693981,0.1663294583559036,10500.0
2018-02-21,0.1663294583559036,0.1663294583559036,0.1663294583559036,0.1663294583559036,0.0
2018-02-22,0.1663294583559036,0.1663294583559036,0.1663294583559036,0.1663294583559036,0.0
2018-02-23,0.1801896953986786,0.1801896953986786,0.1718732177954059,0.1746459305286407,46500.0
2018-02-26,0.1746459305286407,0.1746459305286407,0.1746459305286407,0.1746459305286407,0.0
2018-02-27,0.1746459305286407,0.1746459305286407,0.1746459305286407,0.1746459305286407,0.0
2018-02-28,0.1746459305286407,0.1746459305286407,0.1746459305286407,0.1746459305286407,0.0
2018-03-01,0.1691013574600219,0.1691013574600219,0.1691013574600219,0.1691013574600219,15000.0
2018-03-02,0.1691013574600219,0.1691013574600219,0.1691013574600219,0.1691013574600219,0.0
2018-03-05,0.1691013574600219,0.1691013574600219,0.1691013574600219,0.1691013574600219,0.0
2018-03-06,0.1691013574600219,0.1691013574600219,0.1691013574600219,0.1691013574600219,0.0
2018-03-07,0.1691013574600219,0.1691013574600219,0.1691013574600219,0.1691013574600219,0.0
2018-03-08,0.1691013574600219,0.1691013574600219,0.1691013574600219,0.1691013574600219,0.0
2018-03-09,0.1691013574600219,0.1691013574600219,0.1691013574600219,0.1691013574600219,0.0
2018-03-12,0.1691013574600219,0.1691013574600219,0.1691013574600219,0.1691013574600219,0.0
2018-03-13,0.1691013574600219,0.1691013574600219,0.1691013574600219,0.1691013574600219,0.0
2018-03-14,0.1691013574600219,0.1691013574600219,0.1691013574600219,0.1691013574600219,0.0
2018-03-15,0.1691013574600219,0.1691013574600219,0.1691013574600219,0.1691013574600219,0.0
2018-03-16,0.1593985259532928,0.1593985259532928,0.1593985259532928,0.1593985259532928,900.0
2018-03-19,0.1732595860958099,0.1732595860958099,0.1732595860958099,0.1732595860958099,30000.0
2018-03-20,0.1732595860958099,0.1732595860958099,0.1732595860958099,0.1732595860958099,0.0
2018-03-21,0.1732595860958099,0.1732595860958099,0.1732595860958099,0.1732595860958099,0.0
2018-03-22,0.1732595860958099,0.1732595860958099,0.1732595860958099,0.1732595860958099,0.0
2018-03-23,0.1732595860958099,0.1732595860958099,0.1732595860958099,0.1732595860958099,0.0
2018-03-26,0.1732595860958099,0.1732595860958099,0.1732595860958099,0.1732595860958099,0.0
2018-03-27,0.1732595860958099,0.1732595860958099,0.1732595860958099,0.1732595860958099,0.0
2018-03-28,0.1732595860958099,0.1732595860958099,0.1732595860958099,0.1732595860958099,0.0
2018-03-29,0.1732595860958099,0.1732595860958099,0.1732595860958099,0.1732595860958099,0.0
2018-04-02,0.1732595860958099,0.1732595860958099,0.1732595860958099,0.1732595860958099,0.0
2018-04-03,0.1732595860958099,0.1732595860958099,0.1732595860958099,0.1732595860958099,0.0
2018-04-04,0.1732595860958099,0.1732595860958099,0.1732595860958099,0.1732595860958099,0.0
2018-04-05,0.1732595860958099,0.1732595860958099,0.1732595860958099,0.1732595860958099,0.0
2018-04-06,0.1732595860958099,0.1732595860958099,0.1732595860958099,0.1732595860958099,0.0
2018-04-09,0.1732595860958099,0.1732595860958099,0.1732595860958099,0.1732595860958099,0.0
2018-04-10,0.1732595860958099,0.1732595860958099,0.1732595860958099,0.1732595860958099,0.0
2018-04-11,0.1732595860958099,0.1732595860958099,0.1732595860958099,0.1732595860958099,0.0
2018-04-12,0.1732595860958099,0.1732595860958099,0.1732595860958099,0.1732595860958099,0.0
2018-04-13,0.1732595860958099,0.1732595860958099,0.1732595860958099,0.1732595860958099,0.0
2018-04-16,0.1732595860958099,0.1732595860958099,0.1732595860958099,0.1732595860958099,0.0
2018-04-17,0.1691013574600219,0.1691013574600219,0.1691013574600219,0.1691013574600219,15000.0
2018-04-18,0.1691013574600219,0.1691013574600219,0.1691013574600219,0.1691013574600219,37500.0
2018-04-19,0.1691013574600219,0.1691013574600219,0.1691013574600219,0.1691013574600219,0.0
2018-04-20,0.1691013574600219,0.1691013574600219,0.1691013574600219,0.1691013574600219,0.0
2018-04-23,0.1691013574600219,0.1691013574600219,0.1691013574600219,0.1691013574600219,0.0
2018-04-24,0.1691013574600219,0.1691013574600219,0.1691013574600219,0.1691013574600219,0.0
2018-04-25,0.1691013574600219,0.1691013574600219,0.1691013574600219,0.1691013574600219,0.0
2018-04-26,0.1691013574600219,0.1691013574600219,0.1691013574600219,0.1691013574600219,0.0
2018-04-27,0.1691013574600219,0.1691013574600219,0.1691013574600219,0.1691013574600219,0.0
2018-04-30,0.1691013574600219,0.1691013574600219,0.1691013574600219,0.1691013574600219,0.0
2018-05-02,0.1691013574600219,0.1691013574600219,0.1691013574600219,0.1691013574600219,0.0
2018-05-03,0.1691013574600219,0.1691013574600219,0.1691013574600219,0.1691013574600219,0.0
2018-05-04,0.1691013574600219,0.1691013574600219,0.1691013574600219,0.1691013574600219,0.0
2018-05-07,0.1691013574600219,0.1691013574600219,0.1691013574600219,0.1691013574600219,0.0
2018-05-08,0.1691013574600219,0.1691013574600219,0.1691013574600219,0.1691013574600219,0.0
2018-05-09,0.1691013574600219,0.1691013574600219,0.1691013574600219,0.1691013574600219,36000.0
2018-05-10,0.1691013574600219,0.1691013574600219,0.1691013574600219,0.1691013574600219,0.0
2018-05-11,0.1483101695775985,0.1483101695775985,0.1483101695775985,0.1483101695775985,36000.0
2018-05-14,0.1483101695775985,0.1483101695775985,0.1483101695775985,0.1483101695775985,0.0
2018-05-15,0.1483101695775985,0.1483101695775985,0.1483101695775985,0.1483101695775985,0.0
2018-05-16,0.1483101695775985,0.1483101695775985,0.1483101695775985,0.1483101695775985,0.0
2018-05-17,0.1483101695775985,0.1483101695775985,0.1483101695775985,0.1483101695775985,0.0
2018-05-18,0.1483101695775985,0.1483101695775985,0.1483101695775985,0.1483101695775985,0.0
2018-05-21,0.1483101695775985,0.1483101695775985,0.1483101695775985,0.1483101695775985,0.0
2018-05-22,0.1483101695775985,0.1483101695775985,0.1483101695775985,0.1483101695775985,0.0
2018-05-23,0.1483101695775985,0.1483101695775985,0.1483101695775985,0.1483101695775985,0.0
2018-05-24,0.1386073373191748,0.1524683982133865,0.1386073373191748,0.1524683982133865,29700.0
2018-05-25,0.1524683982133865,0.1524683982133865,0.1524683982133865,0.1524683982133865,0.0
2018-05-28,0.1524683982133865,0.1524683982133865,0.1524683982133865,0.1524683982133865,0.0
2018-05-30,0.1524683982133865,0.1524683982133865,0.1524683982133865,0.1524683982133865,0.0
2018-05-31,0.1524683982133865,0.1524683982133865,0.1524683982133865,0.1524683982133865,0.0
2018-06-01,0.1524683982133865,0.1524683982133865,0.1524683982133865,0.1524683982133865,0.0
2018-06-04,0.1524683982133865,0.1524683982133865,0.1524683982133865,0.1524683982133865,0.0
2018-06-05,0.1413800716400146,0.1413800716400146,0.1413800716400146,0.1413800716400146,6000.0
2018-06-06,0.1386073290302896,0.1649430990219116,0.1386073290302896,0.1649430990219116,36000.0
2018-06-07,0.1649430990219116,0.1649430990219116,0.1649430990219116,0.1649430990219116,0.0
2018-06-08,0.1649430990219116,0.1649430990219116,0.1649430990219116,0.1649430990219116,0.0
2018-06-11,0.1649430990219116,0.1649430990219116,0.1649430990219116,0.1649430990219116,0.0
2018-06-12,0.1649430990219116,0.1649430990219116,0.1649430990219116,0.1649430990219116,0.0
2018-06-13,0.1649430990219116,0.1649430990219116,0.1649430990219116,0.1649430990219116,0.0
2018-06-14,0.1649430990219116,0.1649430990219116,0.1649430990219116,0.1649430990219116,0.0
2018-06-18,0.1607848703861236,0.1607848703861236,0.1607848703861236,0.1607848703861236,7800.0
2018-06-19,0.1635567422684654,0.1801896840333938,0.1635567422684654,0.1801896840333938,239700.0
2018-06-20,0.1801896840333938,0.1801896840333938,0.1801896840333938,0.1801896840333938,87000.0
2018-06-21,0.1801896840333938,0.1801896840333938,0.1801896840333938,0.1801896840333938,0.0
2018-06-22,0.1801896840333938,0.1801896840333938,0.1801896840333938,0.1801896840333938,0.0
2018-06-25,0.1801896840333938,0.1801896840333938,0.1801896840333938,0.1801896840333938,0.0
2018-06-26,0.1801896840333938,0.1801896840333938,0.1801896840333938,0.1801896840333938,0.0
2018-06-27,0.1801896840333938,0.1801896840333938,0.1801896840333938,0.1801896840333938,0.0
2018-06-28,0.1801896840333938,0.1801896840333938,0.1801896840333938,0.1801896840333938,0.0
2018-06-29,0.1801896840333938,0.1801896840333938,0.1801896840333938,0.1801896840333938,0.0
2018-07-02,0.1801896840333938,0.1801896840333938,0.1801896840333938,0.1801896840333938,0.0
2018-07-03,0.1801896840333938,0.1801896840333938,0.1801896840333938,0.1801896840333938,0.0
2018-07-04,0.1801896840333938,0.1801896840333938,0.1801896840333938,0.1801896840333938,0.0
2018-07-05,0.1801896840333938,0.1801896840333938,0.1801896840333938,0.1801896840333938,0.0
2018-07-06,0.1801896840333938,0.1801896840333938,0.1801896840333938,0.1801896840333938,0.0
2018-07-09,0.1801896840333938,0.1801896840333938,0.1801896840333938,0.1801896840333938,0.0
2018-07-10,0.1801896840333938,0.1801896840333938,0.1801896840333938,0.1801896840333938,0.0
2018-07-11,0.1801896840333938,0.1801896840333938,0.1801896840333938,0.1801896840333938,0.0
2018-07-12,0.1801896840333938,0.1801896840333938,0.1801896840333938,0.1801896840333938,0.0
2018-07-13,0.1801896840333938,0.1801896840333938,0.1801896840333938,0.1801896840333938,0.0
2018-07-16,0.1801896840333938,0.1801896840333938,0.1801896840333938,0.1801896840333938,0.0
2018-07-17,0.1801896840333938,0.1801896840333938,0.1801896840333938,0.1801896840333938,0.0
2018-07-18,0.1801896840333938,0.1801896840333938,0.1801896840333938,0.1801896840333938,0.0
2018-07-19,0.1801896840333938,0.1801896840333938,0.1801896840333938,0.1801896840333938,0.0
2018-07-20,0.1801896840333938,0.1801896840333938,0.1801896840333938,0.1801896840333938,0.0
2018-07-23,0.1801896840333938,0.1801896840333938,0.1801896840333938,0.1801896840333938,0.0
2018-07-24,0.1801896840333938,0.1801896840333938,0.1801896840333938,0.1801896840333938,0.0
2018-07-25,0.1801896840333938,0.1801896840333938,0.1801896840333938,0.1801896840333938,0.0
2018-07-26,0.1801896840333938,0.1801896840333938,0.1801896840333938,0.1801896840333938,0.0
2018-07-27,0.1455382761985576,0.1455382761985576,0.1441519260406494,0.1441519260406494,54900.0
2018-07-30,0.1441519260406494,0.1441519260406494,0.1441519260406494,0.1441519260406494,0.0
2018-07-31,0.1441519260406494,0.1441519260406494,0.1441519260406494,0.1441519260406494,0.0
2018-08-01,0.1413800380690268,0.1455382704734802,0.1413800380690268,0.1455382704734802,600.0
2018-08-02,0.1455382704734802,0.1455382704734802,0.1455382704734802,0.1455382704734802,0.0
2018-08-03,0.1455382704734802,0.1455382704734802,0.1455382704734802,0.1455382704734802,0.0
2018-08-06,0.1455382704734802,0.1455382704734802,0.1455382704734802,0.1455382704734802,0.0
2018-08-07,0.1455382704734802,0.1455382704734802,0.1455382704734802,0.1455382704734802,0.0
2018-08-08,0.1441519260406494,0.1441519260406494,0.1441519260406494,0.1441519260406494,12300.0
2018-08-10,0.1441519260406494,0.1441519260406494,0.1441519260406494,0.1441519260406494,300.0
2018-08-13,0.151082042598217,0.1607848703861236,0.1496965227240329,0.1607848703861236,36300.0
2018-08-14,0.1663294583559036,0.1663294583559036,0.1663294583559036,0.1663294583559036,60000.0
2018-08-15,0.1663294583559036,0.1663294583559036,0.1663294583559036,0.1663294583559036,0.0
2018-08-16,0.1663294583559036,0.1663294583559036,0.1663294583559036,0.1663294583559036,0.0
2018-08-17,0.1663294583559036,0.1663294583559036,0.1663294583559036,0.1663294583559036,37800.0
2018-08-20,0.1663294583559036,0.1663294583559036,0.1663294583559036,0.1663294583559036,0.0
2018-08-21,0.1663294583559036,0.1663294583559036,0.1663294583559036,0.1663294583559036,0.0
2018-08-23,0.1663294583559036,0.1663294583559036,0.1663294583559036,0.1663294583559036,0.0
2018-08-24,0.1663294583559036,0.1663294583559036,0.1663294583559036,0.1663294583559036,0.0
2018-08-27,0.1663294583559036,0.1663294583559036,0.1663294583559036,0.1663294583559036,0.0
2018-08-28,0.1663294583559036,0.1663294583559036,0.1663294583559036,0.1663294583559036,0.0
2018-08-29,0.1663294583559036,0.1663294583559036,0.1663294583559036,0.1663294583559036,0.0
2018-08-30,0.1663294583559036,0.1663294583559036,0.1663294583559036,0.1663294583559036,0.0
2018-08-31,0.1663294583559036,0.1663294583559036,0.1663294583559036,0.1663294583559036,0.0
2018-09-03,0.1663294583559036,0.1663294583559036,0.1663294583559036,0.1663294583559036,0.0
2018-09-04,0.1663294583559036,0.1663294583559036,0.1663294583559036,0.1663294583559036,0.0
2018-09-05,0.1663294583559036,0.1663294583559036,0.1663294583559036,0.1663294583559036,0.0
2018-09-06,0.1663294583559036,0.1663294583559036,0.1663294583559036,0.1663294583559036,0.0
2018-09-07,0.1663294583559036,0.1663294583559036,0.1663294583559036,0.1663294583559036,0.0
2018-09-10,0.1663294583559036,0.1663294583559036,0.1663294583559036,0.1663294583559036,0.0
2018-09-11,0.1663294583559036,0.1663294583559036,0.1663294583559036,0.1663294583559036,0.0
2018-09-12,0.1663294583559036,0.1663294583559036,0.1663294583559036,0.1663294583559036,0.0
2018-09-13,0.1663294583559036,0.1663294583559036,0.1663294583559036,0.1663294583559036,0.0
2018-09-14,0.1663294583559036,0.1663294583559036,0.1663294583559036,0.1663294583559036,0.0
2018-09-17,0.1663294583559036,0.1663294583559036,0.1663294583559036,0.1663294583559036,0.0
2018-09-18,0.1663294583559036,0.1663294583559036,0.1663294583559036,0.1663294583559036,0.0
2018-09-19,0.1663294583559036,0.1663294583559036,0.1663294583559036,0.1663294583559036,0.0
2018-09-20,0.1663294583559036,0.1663294583559036,0.1663294583559036,0.1663294583559036,0.0
2018-09-21,0.1469238102436065,0.1469238102436065,0.1469238102436065,0.1469238102436065,12000.0
2018-09-24,0.1469238102436065,0.1469238102436065,0.1469238102436065,0.1469238102436065,0.0
2018-09-25,0.1524683982133865,0.1524683982133865,0.1524683982133865,0.1524683982133865,6000.0
2018-09-26,0.1524683982133865,0.1524683982133865,0.1524683982133865,0.1524683982133865,0.0
2018-09-27,0.1524683982133865,0.1524683982133865,0.1524683982133865,0.1524683982133865,0.0
2018-09-28,0.1524683982133865,0.1524683982133865,0.1524683982133865,0.1524683982133865,0.0
2018-10-01,0.1524683982133865,0.1524683982133865,0.1524683982133865,0.1524683982133865,0.0
2018-10-02,0.1524683982133865,0.1524683982133865,0.1524683982133865,0.1524683982133865,0.0
2018-10-03,0.1524683982133865,0.1524683982133865,0.1524683982133865,0.1524683982133865,0.0
2018-10-04,0.1524683982133865,0.1524683982133865,0.1524683982133865,0.1524683982133865,0.0
2018-10-05,0.1524683982133865,0.1524683982133865,0.1524683982133865,0.1524683982133865,0.0
2018-10-08,0.1524683982133865,0.1524683982133865,0.1524683982133865,0.1524683982133865,0.0
2018-10-09,0.1524683982133865,0.1524683982133865,0.1524683982133865,0.1524683982133865,0.0
2018-10-10,0.1524683982133865,0.1524683982133865,0.1524683982133865,0.1524683982133865,0.0
2018-10-11,0.1524683982133865,0.1524683982133865,0.1524683982133865,0.1524683982133865,0.0
2018-10-12,0.1524683982133865,0.1524683982133865,0.1524683982133865,0.1524683982133865,0.0
2018-10-15,0.1524683982133865,0.1524683982133865,0.1524683982133865,0.1524683982133865,0.0
2018-10-16,0.1510820479914958,0.1524683982133865,0.1510820479914958,0.1524683982133865,5400.0
2018-10-17,0.1524683982133865,0.1524683982133865,0.1524683982133865,0.1524683982133865,0.0
2018-10-18,0.1524683982133865,0.1524683982133865,0.1524683982133865,0.1524683982133865,0.0
2018-10-19,0.1524683982133865,0.1524683982133865,0.1524683982133865,0.1524683982133865,0.0
2018-10-22,0.1524683982133865,0.1524683982133865,0.1524683982133865,0.1524683982133865,0.0
2018-10-23,0.1524683821352238,0.1566266268491745,0.1524683821352238,0.1566266268491745,7800.0
2018-10-24,0.1566266268491745,0.1566266268491745,0.1566266268491745,0.1566266268491745,13200.0
2018-10-25,0.1566266268491745,0.1566266268491745,0.1566266268491745,0.1566266268491745,0.0
2018-10-26,0.1566266268491745,0.1566266268491745,0.1566266268491745,0.1566266268491745,0.0
2018-10-29,0.1566266268491745,0.1566266268491745,0.1566266268491745,0.1566266268491745,0.0
2018-10-30,0.1600254029035568,0.1600254029035568,0.1600254029035568,0.1600254029035568,0.0
2018-10-31,0.1600254029035568,0.1600254029035568,0.1600254029035568,0.1600254029035568,0.0
2018-11-01,0.1444479856432034,0.1614418625831604,0.1444479856432034,0.1614418625831604,75000.0
2018-11-02,0.1614418625831604,0.1614418625831604,0.1614418625831604,0.1614418625831604,0.0
2018-11-05,0.1614418625831604,0.1614418625831604,0.1614418625831604,0.1614418625831604,0.0
2018-11-07,0.1614418625831604,0.1614418625831604,0.1614418625831604,0.1614418625831604,0.0
2018-11-08,0.1614418625831604,0.1614418625831604,0.1614418625831604,0.1614418625831604,0.0
2018-11-09,0.1614418625831604,0.1614418625831604,0.1614418625831604,0.1614418625831604,0.0
2018-11-12,0.1614418625831604,0.1614418625831604,0.1614418625831604,0.1614418625831604,0.0
2018-11-13,0.1614418625831604,0.1614418625831604,0.1614418625831604,0.1614418625831604,0.0
2018-11-14,0.1614418625831604,0.1614418625831604,0.1614418625831604,0.1614418625831604,0.0
2018-11-15,0.1614418625831604,0.1614418625831604,0.1614418625831604,0.1614418625831604,0.0
2018-11-16,0.1614418625831604,0.1614418625831604,0.1614418625831604,0.1614418625831604,0.0
2018-11-19,0.1614418625831604,0.1614418625831604,0.1614418625831604,0.1614418625831604,0.0
2018-11-20,0.1614418625831604,0.1614418625831604,0.1614418625831604,0.1614418625831604,0.0
2018-11-21,0.1614418625831604,0.1614418625831604,0.1614418625831604,0.1614418625831604,0.0
2018-11-22,0.1614418625831604,0.1614418625831604,0.1614418625831604,0.1614418625831604,0.0
2018-11-23,0.1614418625831604,0.1614418625831604,0.1614418625831604,0.1614418625831604,0.0
2018-11-26,0.1614418625831604,0.1614418625831604,0.1614418625831604,0.1614418625831604,0.0
2018-11-27,0.1656903177499771,0.1656903177499771,0.1656903177499771,0.1656903177499771,180000.0
2018-11-28,0.1656903177499771,0.1656903177499771,0.1656903177499771,0.1656903177499771,0.0
2018-11-29,0.1656903177499771,0.1656903177499771,0.1656903177499771,0.1656903177499771,0.0
2018-11-30,0.1656903177499771,0.1656903177499771,0.1656903177499771,0.1656903177499771,0.0
2018-12-03,0.1656903177499771,0.1656903177499771,0.1656903177499771,0.1656903177499771,0.0
2018-12-04,0.1656903177499771,0.1656903177499771,0.1656903177499771,0.1656903177499771,0.0
2018-12-05,0.1656903177499771,0.1656903177499771,0.1656903177499771,0.1656903177499771,0.0
2018-12-06,0.1656903177499771,0.1656903177499771,0.1656903177499771,0.1656903177499771,0.0
2018-12-07,0.1656903177499771,0.1656903177499771,0.1656903177499771,0.1656903177499771,0.0
2018-12-10,0.1656903177499771,0.1656903177499771,0.1656903177499771,0.1656903177499771,0.0
2018-12-11,0.1656903177499771,0.1656903177499771,0.1656903177499771,0.1656903177499771,0.0
2018-12-12,0.1656903177499771,0.1656903177499771,0.1656903177499771,0.1656903177499771,0.0
2018-12-13,0.1656903177499771,0.1656903177499771,0.1656903177499771,0.1656903177499771,0.0
2018-12-14,0.1486964523792266,0.1486964523792266,0.1486964523792266,0.1486964523792266,105000.0
2018-12-17,0.1486964523792266,0.1486964523792266,0.1486964523792266,0.1486964523792266,0.0
2018-12-18,0.1486964523792266,0.1486964523792266,0.1486964523792266,0.1486964523792266,0.0
2018-12-19,0.1486964523792266,0.1486964523792266,0.1486964523792266,0.1486964523792266,0.0
2018-12-20,0.1486964523792266,0.1486964523792266,0.1486964523792266,0.1486964523792266,0.0
2018-12-21,0.1486964523792266,0.1486964523792266,0.1486964523792266,0.1486964523792266,0.0
2018-12-24,0.1486964523792266,0.1486964523792266,0.1486964523792266,0.1486964523792266,0.0
2018-12-26,0.1486964523792266,0.1486964523792266,0.1486964523792266,0.1486964523792266,0.0
2018-12-27,0.1486964523792266,0.1486964523792266,0.1486964523792266,0.1486964523792266,0.0
2018-12-28,0.1486964523792266,0.1486964523792266,0.1486964523792266,0.1486964523792266,0.0
2018-12-31,0.1486964523792266,0.1486964523792266,0.1486964523792266,0.1486964523792266,0.0
2019-01-01,0.1486964523792266,0.1486964523792266,0.1486964523792266,0.1486964523792266,0.0
2019-01-02,0.1486964523792266,0.1486964523792266,0.1486964523792266,0.1486964523792266,0.0
2019-01-03,0.1486964523792266,0.1486964523792266,0.1486964523792266,0.1486964523792266,0.0
2019-01-04,0.1486964523792266,0.1486964523792266,0.1486964523792266,0.1486964523792266,0.0
2019-01-07,0.1486964523792266,0.1486964523792266,0.1486964523792266,0.1486964523792266,0.0
2019-01-08,0.1486964523792266,0.1486964523792266,0.1486964523792266,0.1486964523792266,0.0
2019-01-09,0.1486964523792266,0.1486964523792266,0.1486964523792266,0.1486964523792266,0.0
2019-01-10,0.1486964523792266,0.1486964523792266,0.1486964523792266,0.1486964523792266,0.0
2019-01-11,0.1486964523792266,0.1486964523792266,0.1486964523792266,0.1486964523792266,0.0
2019-01-14,0.1486964523792266,0.1486964523792266,0.1486964523792266,0.1486964523792266,0.0
2019-01-15,0.1486964523792266,0.1486964523792266,0.1486964523792266,0.1486964523792266,0.0
2019-01-16,0.1486964523792266,0.1486964523792266,0.1486964523792266,0.1486964523792266,0.0
2019-01-17,0.1486964523792266,0.1486964523792266,0.1486964523792266,0.1486964523792266,0.0
2019-01-18,0.1486964523792266,0.1486964523792266,0.1486964523792266,0.1486964523792266,0.0
2019-01-21,0.1486964523792266,0.1486964523792266,0.1486964523792266,0.1486964523792266,0.0
2019-01-22,0.1331181275483176,0.1331181275483176,0.1317025423049926,0.1317025423049926,57000.0
2019-01-23,0.1317025423049926,0.1317025423049926,0.1317025423049926,0.1317025423049926,0.0
2019-01-24,0.1317025423049926,0.1317025423049926,0.1317025423049926,0.1317025423049926,0.0
2019-01-25,0.1317025423049926,0.1317025423049926,0.1317025423049926,0.1317025423049926,0.0
2019-01-28,0.1317025423049926,0.1317025423049926,0.1317025423049926,0.1317025423049926,6000.0
2019-01-29,0.1317025423049926,0.1317025423049926,0.1317025423049926,0.1317025423049926,0.0
2019-01-30,0.1317025423049926,0.1317025423049926,0.1317025423049926,0.1317025423049926,0.0
2019-01-31,0.1317025423049926,0.1317025423049926,0.1317025423049926,0.1317025423049926,0.0
2019-02-01,0.1232056235304079,0.1288696875576247,0.1232056235304079,0.1274541020393371,46500.0
2019-02-04,0.1274541020393371,0.1274541020393371,0.1274541020393371,0.1274541020393371,9000.0
2019-02-05,0.1274541020393371,0.1274541020393371,0.1274541020393371,0.1274541020393371,0.0
2019-02-07,0.1274541020393371,0.1274541020393371,0.1274541020393371,0.1274541020393371,0.0
2019-02-08,0.1274541020393371,0.1274541020393371,0.1274541020393371,0.1274541020393371,0.0
2019-02-11,0.1274541020393371,0.1274541020393371,0.1274541020393371,0.1274541020393371,0.0
2019-02-12,0.1274541020393371,0.1274541020393371,0.1274541020393371,0.1274541020393371,0.0
2019-02-13,0.1274541020393371,0.1274541020393371,0.1274541020393371,0.1274541020393371,0.0
2019-02-14,0.1274541020393371,0.1274541020393371,0.1274541020393371,0.1274541020393371,0.0
2019-02-15,0.1274541020393371,0.1274541020393371,0.1274541020393371,0.1274541020393371,0.0
2019-02-18,0.1274541020393371,0.1274541020393371,0.1274541020393371,0.1274541020393371,0.0
2019-02-19,0.1161242723464965,0.1161242723464965,0.1161242723464965,0.1161242723464965,1500.0
2019-02-20,0.1161242723464965,0.1161242723464965,0.1161242723464965,0.1161242723464965,0.0
2019-02-21,0.1161242723464965,0.1161242723464965,0.1161242723464965,0.1161242723464965,0.0
2019-02-22,0.1147086769342422,0.1147086769342422,0.1147086769342422,0.1147086769342422,2700.0
2019-02-25,0.1147086769342422,0.1147086769342422,0.1147086769342422,0.1147086769342422,0.0
2019-02-26,0.1147086769342422,0.1147086769342422,0.1147086769342422,0.1147086769342422,0.0
2019-02-27,0.1147086769342422,0.1147086769342422,0.1147086769342422,0.1147086769342422,0.0
2019-02-28,0.1147086769342422,0.1147086769342422,0.1147086769342422,0.1147086769342422,0.0
2019-03-01,0.1147086769342422,0.1147086769342422,0.1147086769342422,0.1147086769342422,0.0
2019-03-04,0.1147086769342422,0.1147086769342422,0.1147086769342422,0.1147086769342422,0.0
2019-03-05,0.1147086769342422,0.1147086769342422,0.1147086769342422,0.1147086769342422,0.0
2019-03-06,0.1147086769342422,0.1147086769342422,0.1147086769342422,0.1147086769342422,0.0
2019-03-07,0.1147086769342422,0.1147086769342422,0.1147086769342422,0.1147086769342422,0.0
2019-03-08,0.1147086769342422,0.1147086769342422,0.1147086769342422,0.1147086769342422,0.0
2019-03-11,0.1147086769342422,0.1147086769342422,0.1147086769342422,0.1147086769342422,0.0
2019-03-12,0.1147086769342422,0.1147086769342422,0.1147086769342422,0.1147086769342422,0.0
2019-03-13,0.118957155237526,0.1586089705524999,0.118957155237526,0.1217891871929168,22500.0
2019-03-14,0.1274540786931198,0.1302860975265503,0.1274540786931198,0.1302860975265503,36000.0
2019-03-15,0.1302860975265503,0.1302860975265503,0.1302860975265503,0.1302860975265503,0.0
2019-03-18,0.1302860975265503,0.1302860975265503,0.1302860975265503,0.1302860975265503,0.0
2019-03-19,0.1302860975265503,0.1302860975265503,0.1302860975265503,0.1302860975265503,0.0
2019-03-20,0.1302860975265503,0.1302860975265503,0.1302860975265503,0.1302860975265503,0.0
2019-03-21,0.1302860975265503,0.1302860975265503,0.1302860975265503,0.1302860975265503,0.0
2019-03-22,0.1302860975265503,0.1302860975265503,0.1302860975265503,0.1302860975265503,0.0
2019-03-25,0.1302860975265503,0.1302860975265503,0.1302860975265503,0.1302860975265503,0.0
2019-03-26,0.1302860975265503,0.1302860975265503,0.1302860975265503,0.1302860975265503,0.0
2019-03-27,0.1203727371091482,0.1203727371091482,0.1132922396063804,0.1132922396063804,2400.0
2019-03-28,0.1203727349638938,0.1203727349638938,0.1203727349638938,0.1203727349638938,19500.0
2019-03-29,0.1203727349638938,0.1203727349638938,0.1203727349638938,0.1203727349638938,0.0
2019-04-01,0.1189571345767216,0.1317025423049926,0.1189571345767216,0.1317025423049926,7200.0
2019-04-02,0.1274540994192874,0.1274540994192874,0.1217891871929168,0.1217891871929168,120000.0
2019-04-03,0.1217891871929168,0.1217891871929168,0.1217891871929168,0.1217891871929168,0.0
2019-04-04,0.1189571544528007,0.1189571544528007,0.1189571544528007,0.1189571544528007,2400.0
2019-04-05,0.1189571544528007,0.1189571544528007,0.1189571544528007,0.1189571544528007,0.0
2019-04-08,0.1189571544528007,0.1189571544528007,0.1189571544528007,0.1189571544528007,0.0
2019-04-09,0.1189571544528007,0.1189571544528007,0.1189571544528007,0.1189571544528007,0.0
2019-04-10,0.1189571544528007,0.1189571544528007,0.1189571544528007,0.1189571544528007,0.0
2019-04-11,0.1189571544528007,0.1189571544528007,0.1189571544528007,0.1189571544528007,0.0
2019-04-12,0.1288696885935252,0.1288696885935252,0.1232056245207786,0.1232056245207786,4500.0
2019-04-15,0.1232056245207786,0.1232056245207786,0.1232056245207786,0.1232056245207786,0.0
2019-04-16,0.1232056245207786,0.1232056245207786,0.1232056245207786,0.1232056245207786,0.0
2019-04-17,0.1232056245207786,0.1232056245207786,0.1232056245207786,0.1232056245207786,0.0
2019-04-18,0.1232056245207786,0.1232056245207786,0.1232056245207786,0.1232056245207786,0.0
2019-04-22,0.1232056245207786,0.1232056245207786,0.1232056245207786,0.1232056245207786,0.0
2019-04-23,0.1132922467416154,0.1387830674648285,0.1132922467416154,0.1387830674648285,7200.0
2019-04-24,0.1387830674648285,0.1387830674648285,0.1387830674648285,0.1387830674648285,0.0
2019-04-25,0.1387830674648285,0.1387830674648285,0.1387830674648285,0.1387830674648285,0.0
2019-04-26,0.1387830674648285,0.1387830674648285,0.1387830674648285,0.1387830674648285,0.0
2019-04-29,0.1387830674648285,0.1387830674648285,0.1387830674648285,0.1387830674648285,0.0
2019-04-30,0.0906334519386291,0.0906334519386291,0.0906334519386291,0.0906334519386291,30000.0
2019-05-02,0.0906334519386291,0.0906334519386291,0.0906334519386291,0.0906334519386291,0.0
2019-05-03,0.0991303846240043,0.0991303846240043,0.0991303846240043,0.0991303846240043,30000.0
2019-05-06,0.0991303846240043,0.0991303846240043,0.0991303846240043,0.0991303846240043,0.0
2019-05-07,0.0991303846240043,0.0991303846240043,0.0991303846240043,0.0991303846240043,0.0
2019-05-08,0.0991303846240043,0.0991303846240043,0.0991303846240043,0.0991303846240043,0.0
2019-05-09,0.0991303846240043,0.0991303846240043,0.0991303846240043,0.0991303846240043,0.0
2019-05-10,0.0991303846240043,0.0991303846240043,0.0991303846240043,0.0991303846240043,0.0
2019-05-13,0.0991303846240043,0.0991303846240043,0.0991303846240043,0.0991303846240043,0.0
2019-05-14,0.0991303846240043,0.0991303846240043,0.0991303846240043,0.0991303846240043,0.0
2019-05-15,0.0991303846240043,0.0991303846240043,0.0991303846240043,0.0991303846240043,0.0
2019-05-16,0.0991303846240043,0.0991303846240043,0.0991303846240043,0.0991303846240043,0.0
2019-05-17,0.0991303846240043,0.0991303846240043,0.0991303846240043,0.0991303846240043,0.0
2019-05-21,0.0991303846240043,0.0991303846240043,0.0991303846240043,0.0991303846240043,0.0
2019-05-22,0.0991303846240043,0.0991303846240043,0.0991303846240043,0.0991303846240043,0.0
2019-05-23,0.0991303846240043,0.0991303846240043,0.0991303846240043,0.0991303846240043,0.0
2019-05-24,0.0906334519386291,0.0906334519386291,0.0906334519386291,0.0906334519386291,3000.0
2019-05-27,0.0906334519386291,0.0906334519386291,0.0906334519386291,0.0906334519386291,0.0
2019-05-28,0.0906334519386291,0.0906334519386291,0.0906334519386291,0.0906334519386291,0.0
2019-05-29,0.0906334519386291,0.0906334519386291,0.0906334519386291,0.0906334519386291,0.0
2019-05-30,0.0906334519386291,0.0906334519386291,0.0906334519386291,0.0906334519386291,0.0
2019-05-31,0.0906334519386291,0.0906334519386291,0.0906334519386291,0.0906334519386291,0.0
2019-06-03,0.0906334519386291,0.0906334519386291,0.0906334519386291,0.0906334519386291,0.0
2019-06-04,0.0906334519386291,0.0906334519386291,0.0906334519386291,0.0906334519386291,0.0
2019-06-06,0.0906334519386291,0.0906334519386291,0.0906334519386291,0.0906334519386291,3000.0
2019-06-07,0.0906334519386291,0.0906334519386291,0.0906334519386291,0.0906334519386291,0.0
2019-06-10,0.0906334519386291,0.0906334519386291,0.0906334519386291,0.0906334519386291,0.0
2019-06-11,0.0906334519386291,0.0906334519386291,0.0906334519386291,0.0906334519386291,0.0
2019-06-12,0.0906334519386291,0.0906334519386291,0.0906334519386291,0.0906334519386291,0.0
2019-06-13,0.0906334519386291,0.0906334519386291,0.0906334519386291,0.0906334519386291,0.0
2019-06-14,0.0906334519386291,0.0906334519386291,0.0906334519386291,0.0906334519386291,0.0
2019-06-17,0.0906334519386291,0.0906334519386291,0.0906334519386291,0.0906334519386291,0.0
2019-06-18,0.0849693939089775,0.0849693939089775,0.0849693939089775,0.0849693939089775,6000.0
2019-06-19,0.0849693939089775,0.0849693939089775,0.0849693939089775,0.0849693939089775,6000.0
2019-06-20,0.0849693939089775,0.0849693939089775,0.0849693939089775,0.0849693939089775,0.0
2019-06-21,0.0849693939089775,0.0849693939089775,0.0849693939089775,0.0849693939089775,0.0
2019-06-24,0.0849693939089775,0.0849693939089775,0.0849693939089775,0.0849693939089775,0.0
2019-06-25,0.0849693939089775,0.0849693939089775,0.0849693939089775,0.0849693939089775,0.0
2019-06-26,0.0849693939089775,0.0849693939089775,0.0849693939089775,0.0849693939089775,0.0
2019-06-27,0.0849693939089775,0.0849693939089775,0.0849693939089775,0.0849693939089775,0.0
2019-06-28,0.0849693939089775,0.0849693939089775,0.0849693939089775,0.0849693939089775,0.0
2019-07-01,0.0849693939089775,0.0849693939089775,0.0849693939089775,0.0849693939089775,0.0
2019-07-02,0.0849693939089775,0.0849693939089775,0.0849693939089775,0.0849693939089775,0.0
2019-07-03,0.0849693939089775,0.0849693939089775,0.0849693939089775,0.0849693939089775,0.0
2019-07-04,0.0849693939089775,0.0849693939089775,0.0849693939089775,0.0849693939089775,21300.0
2019-07-05,0.0934663414955139,0.0934663414955139,0.0934663414955139,0.0934663414955139,43200.0
2019-07-08,0.1033788621425628,0.1033788621425628,0.1033788621425628,0.1033788621425628,73500.0
2019-07-09,0.1033788621425628,0.1033788621425628,0.1033788621425628,0.1033788621425628,0.0
2019-07-10,0.1033788621425628,0.1033788621425628,0.1033788621425628,0.1033788621425628,0.0
2019-07-11,0.1033788621425628,0.1033788621425628,0.1033788621425628,0.1033788621425628,0.0
2019-07-12,0.1033788621425628,0.1033788621425628,0.1033788621425628,0.1033788621425628,0.0
2019-07-15,0.1033788621425628,0.1033788621425628,0.1033788621425628,0.1033788621425628,0.0
2019-07-16,0.1019632741808891,0.1019632741808891,0.1019632741808891,0.1019632741808891,4500.0
2019-07-17,0.1019632741808891,0.1019632741808891,0.1019632741808891,0.1019632741808891,0.0
2019-07-18,0.1019632741808891,0.1019632741808891,0.1019632741808891,0.1019632741808891,0.0
2019-07-19,0.1019632741808891,0.1019632741808891,0.1019632741808891,0.1019632741808891,0.0
2019-07-22,0.1019632741808891,0.1019632741808891,0.1019632741808891,0.1019632741808891,0.0
2019-07-23,0.0991303846240043,0.0991303846240043,0.0991303846240043,0.0991303846240043,84000.0
2019-07-24,0.103378856753947,0.1062117367982864,0.103378856753947,0.1062117367982864,70500.0
2019-07-25,0.1062117367982864,0.1062117367982864,0.1062117367982864,0.1062117367982864,0.0
2019-07-26,0.1062117367982864,0.1062117367982864,0.1062117367982864,0.1062117367982864,0.0
2019-07-29,0.0892178565263748,0.0892178565263748,0.0892178565263748,0.0892178565263748,3000.0
2019-07-30,0.0892178565263748,0.0892178565263748,0.0892178565263748,0.0892178565263748,0.0
2019-07-31,0.0892178565263748,0.0892178565263748,0.0892178565263748,0.0892178565263748,0.0
2019-08-01,0.0892178565263748,0.0892178565263748,0.0892178565263748,0.0892178565263748,0.0
2019-08-02,0.0892178565263748,0.0892178565263748,0.0892178565263748,0.0892178565263748,0.0
2019-08-05,0.0892178565263748,0.0892178565263748,0.0892178565263748,0.0892178565263748,0.0
2019-08-06,0.0892178565263748,0.0892178565263748,0.0892178565263748,0.0892178565263748,0.0
2019-08-07,0.0892178565263748,0.0892178565263748,0.0892178565263748,0.0892178565263748,0.0
2019-08-08,0.0892178565263748,0.0892178565263748,0.0892178565263748,0.0892178565263748,0.0
2019-08-13,0.0892178565263748,0.0892178565263748,0.0892178565263748,0.0892178565263748,0.0
2019-08-14,0.0892178565263748,0.0892178565263748,0.0892178565263748,0.0892178565263748,0.0
2019-08-15,0.0892178565263748,0.0892178565263748,0.0892178565263748,0.0892178565263748,0.0
2019-08-16,0.0892178565263748,0.0892178565263748,0.0892178565263748,0.0892178565263748,0.0
2019-08-19,0.0892178565263748,0.0892178565263748,0.0892178565263748,0.0892178565263748,0.0
2019-08-20,0.0892178565263748,0.0892178565263748,0.0892178565263748,0.0892178565263748,0.0
2019-08-21,0.0892178565263748,0.0892178565263748,0.0892178565263748,0.0892178565263748,0.0
2019-08-22,0.0892178565263748,0.0892178565263748,0.0892178565263748,0.0892178565263748,0.0
2019-08-23,0.0892178565263748,0.0892178565263748,0.0892178565263748,0.0892178565263748,0.0
2019-08-26,0.0892178565263748,0.0892178565263748,0.0892178565263748,0.0892178565263748,0.0
2019-08-27,0.0892178565263748,0.0892178565263748,0.0892178565263748,0.0892178565263748,0.0
2019-08-28,0.0892178565263748,0.0892178565263748,0.0892178565263748,0.0892178565263748,0.0
2019-08-29,0.0892178565263748,0.0892178565263748,0.0892178565263748,0.0892178565263748,0.0
2019-08-30,0.0892178565263748,0.0892178565263748,0.0892178565263748,0.0892178565263748,0.0
2019-09-02,0.0892178565263748,0.0892178565263748,0.0892178565263748,0.0892178565263748,0.0
2019-09-03,0.0892178565263748,0.0892178565263748,0.0892178565263748,0.0892178565263748,0.0
2019-09-04,0.0892178565263748,0.0892178565263748,0.0892178565263748,0.0892178565263748,0.0
2019-09-05,0.0892178565263748,0.0892178565263748,0.0892178565263748,0.0892178565263748,0.0
2019-09-06,0.0892178565263748,0.0892178565263748,0.0892178565263748,0.0892178565263748,0.0
2019-09-09,0.0892178565263748,0.0892178565263748,0.0892178565263748,0.0892178565263748,0.0
2019-09-10,0.0892178565263748,0.0892178565263748,0.0892178565263748,0.0892178565263748,0.0
2019-09-11,0.0892178565263748,0.0892178565263748,0.0892178565263748,0.0892178565263748,0.0
2019-09-12,0.0892178565263748,0.0892178565263748,0.0892178565263748,0.0892178565263748,0.0
2019-09-13,0.0892178565263748,0.0892178565263748,0.0892178565263748,0.0892178565263748,0.0
2019-09-16,0.0892178565263748,0.0892178565263748,0.0892178565263748,0.0892178565263748,0.0
2019-09-17,0.0892178565263748,0.0892178565263748,0.0892178565263748,0.0892178565263748,0.0
2019-09-18,0.0892178565263748,0.0892178565263748,0.0892178565263748,0.0892178565263748,0.0
2019-09-19,0.0892178565263748,0.0892178565263748,0.0892178565263748,0.0892178565263748,0.0
2019-09-20,0.0892178565263748,0.0892178565263748,0.0892178565263748,0.0892178565263748,0.0
2019-09-23,0.0892178565263748,0.0892178565263748,0.0892178565263748,0.0892178565263748,0.0
2019-09-24,0.0892178565263748,0.0892178565263748,0.0892178565263748,0.0892178565263748,0.0
2019-09-25,0.0892178565263748,0.0892178565263748,0.0892178565263748,0.0892178565263748,0.0
2019-09-26,0.0892178565263748,0.0892178565263748,0.0892178565263748,0.0892178565263748,0.0
2019-09-27,0.0892178565263748,0.0892178565263748,0.0892178565263748,0.0892178565263748,0.0
2019-09-30,0.0892178565263748,0.0892178565263748,0.0892178565263748,0.0892178565263748,0.0
2019-10-01,0.0892178565263748,0.0892178565263748,0.0892178565263748,0.0892178565263748,0.0
2019-10-02,0.0892178565263748,0.0892178565263748,0.0892178565263748,0.0892178565263748,0.0
2019-10-03,0.0892178565263748,0.0892178565263748,0.0892178565263748,0.0892178565263748,0.0
2019-10-04,0.0892178565263748,0.0892178565263748,0.0892178565263748,0.0892178565263748,0.0
2019-10-07,0.0892178565263748,0.0892178565263748,0.0892178565263748,0.0892178565263748,0.0
2019-10-08,0.0892178565263748,0.0892178565263748,0.0892178565263748,0.0892178565263748,0.0
2019-10-09,0.0892178565263748,0.0892178565263748,0.0892178565263748,0.0892178565263748,0.0
2019-10-10,0.0892178565263748,0.0892178565263748,0.0892178565263748,0.0892178565263748,0.0
2019-10-11,0.0892178565263748,0.0892178565263748,0.0892178565263748,0.0892178565263748,0.0
2019-10-14,0.0991304001545521,0.0991304001545521,0.0807209312915802,0.0807209312915802,30000.0
2019-10-15,0.0807209312915802,0.0807209312915802,0.0807209312915802,0.0807209312915802,0.0
2019-10-16,0.0807209312915802,0.0807209312915802,0.0807209312915802,0.0807209312915802,0.0
2019-10-17,0.0807209312915802,0.0807209312915802,0.0807209312915802,0.0807209312915802,0.0
2019-10-18,0.0807209312915802,0.0807209312915802,0.0807209312915802,0.0807209312915802,0.0
2019-10-21,0.0807209312915802,0.0807209312915802,0.0807209312915802,0.0807209312915802,0.0
2019-10-22,0.0807209312915802,0.0807209312915802,0.0807209312915802,0.0807209312915802,6000.0
2019-10-23,0.0807209312915802,0.0807209312915802,0.0807209312915802,0.0807209312915802,0.0
2019-10-24,0.0807209312915802,0.0807209312915802,0.0807209312915802,0.0807209312915802,0.0
2019-10-25,0.0807209312915802,0.0807209312915802,0.0807209312915802,0.0807209312915802,0.0
2019-10-29,0.0807209312915802,0.0807209312915802,0.0807209312915802,0.0807209312915802,0.0
2019-10-30,0.0807209312915802,0.0807209312915802,0.0807209312915802,0.0807209312915802,0.0
2019-10-31,0.0807209312915802,0.0807209312915802,0.0807209312915802,0.0807209312915802,0.0
2019-11-01,0.0807209312915802,0.0807209312915802,0.0807209312915802,0.0807209312915802,0.0
2019-11-04,0.0807209312915802,0.0807209312915802,0.0807209312915802,0.0807209312915802,0.0
2019-11-05,0.0807209312915802,0.0807209312915802,0.0807209312915802,0.0807209312915802,0.0
2019-11-06,0.0807209312915802,0.0807209312915802,0.0807209312915802,0.0807209312915802,0.0
2019-11-07,0.0849694036919263,0.0849694036919263,0.0807209312915802,0.0807209312915802,12000.0
2019-11-08,0.0807209312915802,0.0807209312915802,0.0807209312915802,0.0807209312915802,0.0
2019-11-11,0.0807209312915802,0.0807209312915802,0.0807209312915802,0.0807209312915802,0.0
2019-11-12,0.0863849893212318,0.0863849893212318,0.0863849893212318,0.0863849893212318,1500.0
2019-11-13,0.0863849893212318,0.0863849893212318,0.0863849893212318,0.0863849893212318,0.0
2019-11-14,0.0863849893212318,0.0863849893212318,0.0863849893212318,0.0863849893212318,0.0
2019-11-15,0.0863849893212318,0.0863849893212318,0.0863849893212318,0.0863849893212318,0.0
2019-11-18,0.0863849893212318,0.0863849893212318,0.0863849893212318,0.0863849893212318,0.0
2019-11-19,0.0863849893212318,0.0863849893212318,0.0863849893212318,0.0863849893212318,0.0
2019-11-20,0.0863849893212318,0.0863849893212318,0.0863849893212318,0.0863849893212318,0.0
2019-11-21,0.0863849893212318,0.0863849893212318,0.0863849893212318,0.0863849893212318,0.0
2019-11-22,0.0863849893212318,0.0863849893212318,0.0863849893212318,0.0863849893212318,0.0
2019-11-25,0.0863849893212318,0.0863849893212318,0.0863849893212318,0.0863849893212318,0.0
2019-11-26,0.0863849893212318,0.0863849893212318,0.0863849893212318,0.0863849893212318,0.0
2019-11-27,0.0863849893212318,0.0863849893212318,0.0863849893212318,0.0863849893212318,0.0
2019-11-28,0.0863849893212318,0.0863849893212318,0.0863849893212318,0.0863849893212318,0.0
2019-11-29,0.0863849893212318,0.0863849893212318,0.0863849893212318,0.0863849893212318,0.0
2019-12-02,0.0863849893212318,0.0863849893212318,0.0863849893212318,0.0863849893212318,0.0
2019-12-03,0.0863849893212318,0.0863849893212318,0.0863849893212318,0.0863849893212318,0.0
2019-12-04,0.0863849893212318,0.0863849893212318,0.0863849893212318,0.0863849893212318,0.0
2019-12-05,0.0863849893212318,0.0863849893212318,0.0863849893212318,0.0863849893212318,0.0
2019-12-06,0.0863849893212318,0.0863849893212318,0.0863849893212318,0.0863849893212318,0.0
2019-12-09,0.0807209312915802,0.0807209312915802,0.0807209312915802,0.0807209312915802,3000.0
2019-12-10,0.0807209312915802,0.0807209312915802,0.0807209312915802,0.0807209312915802,0.0
2019-12-11,0.0807209312915802,0.0807209312915802,0.0807209312915802,0.0807209312915802,0.0
2019-12-12,0.0807209312915802,0.0807209312915802,0.0807209312915802,0.0807209312915802,0.0
2019-12-13,0.0892178574942113,0.1047952983843372,0.0892178574942113,0.0920498892664909,97800.0
2019-12-16,0.0920498892664909,0.0920498892664909,0.0920498892664909,0.0920498892664909,0.0
2019-12-17,0.0920498892664909,0.0920498892664909,0.0920498892664909,0.0920498892664909,0.0
2019-12-18,0.0920498892664909,0.0920498892664909,0.0920498892664909,0.0920498892664909,0.0
2019-12-19,0.1005468368530273,0.1005468368530273,0.1005468368530273,0.1005468368530273,45000.0
2019-12-20,0.1005468368530273,0.1005468368530273,0.1005468368530273,0.1005468368530273,0.0
2019-12-23,0.0906334559503923,0.1019632741808891,0.0906334559503923,0.1019632741808891,10500.0
2019-12-24,0.0906334519386291,0.0906334519386291,0.0906334519386291,0.0906334519386291,6000.0
2019-12-25,0.0906334519386291,0.0906334519386291,0.0906334519386291,0.0906334519386291,0.0
2019-12-26,0.0906334519386291,0.0906334519386291,0.0906334519386291,0.0906334519386291,0.0
2019-12-27,0.0920498875019779,0.0991303846240043,0.0920498875019779,0.0991303846240043,21000.0
2019-12-30,0.0991303846240043,0.0991303846240043,0.0991303846240043,0.0991303846240043,0.0
2019-12-31,0.0991303846240043,0.0991303846240043,0.0991303846240043,0.0991303846240043,0.0
2020-01-02,0.0991303846240043,0.0991303846240043,0.0991303846240043,0.0991303846240043,0.0
2020-01-03,0.0991303846240043,0.0991303846240043,0.0991303846240043,0.0991303846240043,0.0
2020-01-06,0.0991303846240043,0.0991303846240043,0.0991303846240043,0.0991303846240043,0.0
2020-01-07,0.0991303846240043,0.0991303846240043,0.0991303846240043,0.0991303846240043,300.0
2020-01-08,0.0934663362484933,0.1019632741808891,0.0934663362484933,0.1019632741808891,34800.0
2020-01-09,0.1019632741808891,0.1019632741808891,0.1019632741808891,0.1019632741808891,0.0
2020-01-10,0.1019632741808891,0.1019632741808891,0.1019632741808891,0.1019632741808891,0.0
2020-01-13,0.1019632741808891,0.1019632741808891,0.1019632741808891,0.1019632741808891,462600.0
2020-01-14,0.1019632741808891,0.1019632741808891,0.1019632741808891,0.1019632741808891,0.0
2020-01-15,0.1019632741808891,0.1019632741808891,0.1019632741808891,0.1019632741808891,0.0
2020-01-16,0.1019632741808891,0.1019632741808891,0.1019632741808891,0.1019632741808891,0.0
2020-01-17,0.1033788621425628,0.1033788621425628,0.1033788621425628,0.1033788621425628,3600.0
2020-01-20,0.1033788621425628,0.1033788621425628,0.1033788621425628,0.1033788621425628,0.0
2020-01-21,0.1033788621425628,0.1033788621425628,0.1033788621425628,0.1033788621425628,0.0
2020-01-22,0.1033788621425628,0.1033788621425628,0.1033788621425628,0.1033788621425628,0.0
2020-01-23,0.1019632741808891,0.1019632741808891,0.1019632741808891,0.1019632741808891,15000.0
2020-01-24,0.1019632741808891,0.1019632741808891,0.1019632741808891,0.1019632741808891,0.0
2020-01-28,0.1019632741808891,0.1019632741808891,0.1019632741808891,0.1019632741808891,9000.0
2020-01-29,0.1019632741808891,0.1019632741808891,0.1019632741808891,0.1019632741808891,0.0
2020-01-30,0.1019632741808891,0.1019632741808891,0.1019632741808891,0.1019632741808891,0.0
2020-01-31,0.1019632741808891,0.1019632741808891,0.1019632741808891,0.1019632741808891,0.0
2020-02-03,0.1019632741808891,0.1019632741808891,0.1019632741808891,0.1019632741808891,0.0
2020-02-04,0.1019632741808891,0.1019632741808891,0.1019632741808891,0.1019632741808891,0.0
2020-02-05,0.1019632741808891,0.1019632741808891,0.1019632741808891,0.1019632741808891,2400.0
2020-02-06,0.1019632741808891,0.1019632741808891,0.1019632741808891,0.1019632741808891,0.0
2020-02-07,0.1019632741808891,0.1019632741808891,0.1019632741808891,0.1019632741808891,0.0
2020-02-10,0.1019632741808891,0.1019632741808891,0.1019632741808891,0.1019632741808891,1500.0
2020-02-11,0.1019632666120576,0.1019632666120576,0.0920498892664909,0.0920498892664909,239400.0
2020-02-12,0.0906334519386291,0.0906334519386291,0.0906334519386291,0.0906334519386291,6000.0
2020-02-13,0.0948819192199701,0.0991303846240043,0.0948819192199701,0.0991303846240043,600.0
2020-02-14,0.0948819294571876,0.097714809796349,0.0948819294571876,0.0948819294571876,56400.0
2020-02-17,0.0948819294571876,0.0948819294571876,0.0948819294571876,0.0948819294571876,0.0
2020-02-18,0.0934663414955139,0.0934663414955139,0.0934663414955139,0.0934663414955139,120000.0
2020-02-19,0.0948819294571876,0.0948819294571876,0.0948819294571876,0.0948819294571876,90000.0
2020-02-20,0.0948819294571876,0.0948819294571876,0.0948819294571876,0.0948819294571876,0.0
2020-02-21,0.0948819294571876,0.0948819294571876,0.0948819294571876,0.0948819294571876,0.0
2020-02-24,0.0948819294571876,0.0948819294571876,0.0948819294571876,0.0948819294571876,0.0
2020-02-25,0.0934663414955139,0.0934663414955139,0.0934663414955139,0.0934663414955139,9000.0
2020-02-26,0.0934663414955139,0.0934663414955139,0.0934663414955139,0.0934663414955139,0.0
2020-02-27,0.0934663414955139,0.0934663414955139,0.0934663414955139,0.0934663414955139,0.0
2020-02-28,0.0934663414955139,0.0934663414955139,0.0934663414955139,0.0934663414955139,0.0
2020-03-02,0.0934663414955139,0.0934663414955139,0.0934663414955139,0.0934663414955139,0.0
2020-03-03,0.0934663414955139,0.0934663414955139,0.0934663414955139,0.0934663414955139,0.0
2020-03-04,0.0934663414955139,0.0934663414955139,0.0934663414955139,0.0934663414955139,0.0
2020-03-05,0.0934663414955139,0.0934663414955139,0.0934663414955139,0.0934663414955139,0.0
2020-03-06,0.0934663414955139,0.0934663414955139,0.0934663414955139,0.0934663414955139,0.0
2020-03-09,0.0934663414955139,0.0934663414955139,0.0934663414955139,0.0934663414955139,0.0
2020-03-10,0.0934663414955139,0.0934663414955139,0.0934663414955139,0.0934663414955139,0.0
2020-03-11,0.0934663414955139,0.0934663414955139,0.0934663414955139,0.0934663414955139,0.0
2020-03-12,0.0934663414955139,0.0934663414955139,0.0934663414955139,0.0934663414955139,0.0
2020-03-13,0.0934663414955139,0.0934663414955139,0.0934663414955139,0.0934663414955139,0.0
2020-03-16,0.0934663414955139,0.0934663414955139,0.0934663414955139,0.0934663414955139,0.0
2020-03-17,0.0934663414955139,0.0934663414955139,0.0934663414955139,0.0934663414955139,0.0
2020-03-18,0.0934663414955139,0.0934663414955139,0.0934663414955139,0.0934663414955139,0.0
2020-03-19,0.0934663414955139,0.0934663414955139,0.0934663414955139,0.0934663414955139,0.0
2020-03-20,0.0934663414955139,0.0934663414955139,0.0934663414955139,0.0934663414955139,0.0
2020-03-23,0.0934663414955139,0.0934663414955139,0.0934663414955139,0.0934663414955139,0.0
2020-03-24,0.0934663414955139,0.0934663414955139,0.0934663414955139,0.0934663414955139,0.0
2020-03-25,0.0934663414955139,0.0934663414955139,0.0934663414955139,0.0934663414955139,0.0
2020-03-26,0.0934663414955139,0.0934663414955139,0.0934663414955139,0.0934663414955139,0.0
2020-03-27,0.0934663414955139,0.0934663414955139,0.0934663414955139,0.0934663414955139,0.0
2020-03-30,0.0934663414955139,0.0934663414955139,0.0934663414955139,0.0934663414955139,0.0
2020-03-31,0.0934663414955139,0.0934663414955139,0.0934663414955139,0.0934663414955139,0.0
2020-04-01,0.0934663414955139,0.0934663414955139,0.0934663414955139,0.0934663414955139,0.0
2020-04-02,0.0934663414955139,0.0934663414955139,0.0934663414955139,0.0934663414955139,0.0
2020-04-03,0.0934663414955139,0.0934663414955139,0.0934663414955139,0.0934663414955139,0.0
2020-04-06,0.0934663414955139,0.0934663414955139,0.0934663414955139,0.0934663414955139,0.0
2020-04-07,0.0934663414955139,0.0934663414955139,0.0934663414955139,0.0934663414955139,0.0
2020-04-08,0.0934663414955139,0.0934663414955139,0.0934663414955139,0.0934663414955139,0.0
2020-04-09,0.0934663414955139,0.0934663414955139,0.0934663414955139,0.0934663414955139,0.0
2020-04-13,0.0934663414955139,0.0934663414955139,0.0934663414955139,0.0934663414955139,0.0
2020-04-14,0.0934663414955139,0.0934663414955139,0.0934663414955139,0.0934663414955139,0.0
2020-04-15,0.0934663414955139,0.0934663414955139,0.0934663414955139,0.0934663414955139,0.0
2020-04-16,0.0934663414955139,0.0934663414955139,0.0934663414955139,0.0934663414955139,0.0
2020-04-17,0.0934663414955139,0.0934663414955139,0.0934663414955139,0.0934663414955139,0.0
2020-04-20,0.0934663414955139,0.0934663414955139,0.0934663414955139,0.0934663414955139,0.0
2020-04-21,0.0934663414955139,0.0934663414955139,0.0934663414955139,0.0934663414955139,0.0
2020-04-22,0.0934663414955139,0.0934663414955139,0.0934663414955139,0.0934663414955139,0.0
2020-04-23,0.0934663414955139,0.0934663414955139,0.0934663414955139,0.0934663414955139,0.0
2020-04-24,0.0934663414955139,0.0934663414955139,0.0934663414955139,0.0934663414955139,0.0
2020-04-27,0.0934663414955139,0.0934663414955139,0.0934663414955139,0.0934663414955139,0.0
2020-04-28,0.0934663414955139,0.0934663414955139,0.0934663414955139,0.0934663414955139,0.0
2020-04-29,0.0934663414955139,0.0934663414955139,0.0934663414955139,0.0934663414955139,0.0
2020-04-30,0.0934663414955139,0.0934663414955139,0.0934663414955139,0.0934663414955139,0.0
2020-05-04,0.0934663414955139,0.0934663414955139,0.0934663414955139,0.0934663414955139,0.0
2020-05-05,0.0934663414955139,0.0934663414955139,0.0934663414955139,0.0934663414955139,0.0
2020-05-06,0.0934663414955139,0.0934663414955139,0.0934663414955139,0.0934663414955139,0.0
2020-05-08,0.0934663414955139,0.0934663414955139,0.0934663414955139,0.0934663414955139,0.0
2020-05-11,0.0934663414955139,0.0934663414955139,0.0934663414955139,0.0934663414955139,0.0
2020-05-12,0.0934663414955139,0.0934663414955139,0.0934663414955139,0.0934663414955139,0.0
2020-05-13,0.0934663414955139,0.0934663414955139,0.0934663414955139,0.0934663414955139,0.0
2020-05-14,0.0934663414955139,0.0934663414955139,0.0934663414955139,0.0934663414955139,0.0
2020-05-15,0.0934663414955139,0.0934663414955139,0.0934663414955139,0.0934663414955139,0.0
2020-05-18,0.0934663414955139,0.0934663414955139,0.0934663414955139,0.0934663414955139,0.0
2020-05-19,0.0934663414955139,0.0934663414955139,0.0934663414955139,0.0934663414955139,0.0
2020-05-20,0.0934663414955139,0.0934663414955139,0.0934663414955139,0.0934663414955139,0.0
2020-05-21,0.0934663414955139,0.0934663414955139,0.0934663414955139,0.0934663414955139,0.0
2020-05-22,0.0934663414955139,0.0934663414955139,0.0934663414955139,0.0934663414955139,0.0
2020-05-26,0.0934663414955139,0.0934663414955139,0.0934663414955139,0.0934663414955139,0.0
2020-05-27,0.0934663414955139,0.0934663414955139,0.0934663414955139,0.0934663414955139,0.0
2020-05-28,0.0934663414955139,0.0934663414955139,0.0934663414955139,0.0934663414955139,0.0
2020-05-29,0.0934663414955139,0.0934663414955139,0.0934663414955139,0.0934663414955139,0.0
2020-06-01,0.0934663414955139,0.0934663414955139,0.0934663414955139,0.0934663414955139,0.0
2020-06-02,0.0934663414955139,0.0934663414955139,0.0934663414955139,0.0934663414955139,0.0
2020-06-03,0.0934663414955139,0.0934663414955139,0.0934663414955139,0.0934663414955139,0.0
2020-06-04,0.0934663414955139,0.0934663414955139,0.0934663414955139,0.0934663414955139,0.0
2020-06-05,0.0934663414955139,0.0934663414955139,0.0934663414955139,0.0934663414955139,0.0
2020-06-08,0.0934663414955139,0.0934663414955139,0.0934663414955139,0.0934663414955139,0.0
2020-06-09,0.0934663414955139,0.0934663414955139,0.0934663414955139,0.0934663414955139,0.0
2020-06-10,0.0934663414955139,0.0934663414955139,0.0934663414955139,0.0934663414955139,0.0
2020-06-11,0.0934663414955139,0.0934663414955139,0.0934663414955139,0.0934663414955139,0.0
2020-06-12,0.0934663414955139,0.0934663414955139,0.0934663414955139,0.0934663414955139,0.0
2020-06-15,0.0934663414955139,0.0934663414955139,0.0934663414955139,0.0934663414955139,0.0
2020-06-16,0.0934663414955139,0.0934663414955139,0.0934663414955139,0.0934663414955139,0.0
2020-06-17,0.0934663414955139,0.0934663414955139,0.0934663414955139,0.0934663414955139,0.0
2020-06-18,0.0934663414955139,0.0934663414955139,0.0934663414955139,0.0934663414955139,0.0
2020-06-19,0.0934663414955139,0.0934663414955139,0.0934663414955139,0.0934663414955139,0.0
2020-06-22,0.0934663414955139,0.0934663414955139,0.0934663414955139,0.0934663414955139,0.0
2020-06-23,0.0934663414955139,0.0934663414955139,0.0934663414955139,0.0934663414955139,0.0
2020-06-24,0.0934663414955139,0.0934663414955139,0.0934663414955139,0.0934663414955139,0.0
2020-06-25,0.0934663414955139,0.0934663414955139,0.0934663414955139,0.0934663414955139,0.0
2020-06-26,0.0934663414955139,0.0934663414955139,0.0934663414955139,0.0934663414955139,0.0
2020-06-29,0.0934663414955139,0.0934663414955139,0.0934663414955139,0.0934663414955139,0.0
2020-06-30,0.0934663414955139,0.0934663414955139,0.0934663414955139,0.0934663414955139,0.0
2020-07-01,0.0934663414955139,0.0934663414955139,0.0934663414955139,0.0934663414955139,0.0
2020-07-02,0.0934663414955139,0.0934663414955139,0.0934663414955139,0.0934663414955139,0.0
2020-07-03,0.0934663414955139,0.0934663414955139,0.0934663414955139,0.0934663414955139,0.0
2020-07-06,0.0934663414955139,0.0934663414955139,0.0934663414955139,0.0934663414955139,0.0
2020-07-07,0.0934663414955139,0.0934663414955139,0.0934663414955139,0.0934663414955139,0.0
2020-07-08,0.0934663414955139,0.0934663414955139,0.0934663414955139,0.0934663414955139,21900.0
2020-07-09,0.0934663414955139,0.0934663414955139,0.0934663414955139,0.0934663414955139,30000.0
2020-07-13,0.0934663414955139,0.0934663414955139,0.0934663414955139,0.0934663414955139,0.0
2020-07-14,0.0934663414955139,0.0934663414955139,0.0934663414955139,0.0934663414955139,0.0
2020-07-15,0.0934663414955139,0.0934663414955139,0.0934663414955139,0.0934663414955139,0.0
2020-07-16,0.0934663414955139,0.0934663414955139,0.0934663414955139,0.0934663414955139,0.0
2020-07-17,0.0948819294571876,0.0948819294571876,0.0948819294571876,0.0948819294571876,25800.0
2020-07-20,0.0892178668413981,0.0892178668413981,0.0878014266490936,0.0878014266490936,16500.0
2020-07-21,0.1019632701404114,0.1132922396063804,0.1019632701404114,0.1132922396063804,205500.0
2020-07-22,0.1132922396063804,0.1132922396063804,0.1132922396063804,0.1132922396063804,0.0
2020-07-23,0.1132922396063804,0.1132922396063804,0.1132922396063804,0.1132922396063804,94500.0
2020-07-24,0.1033788621425628,0.1033788621425628,0.1033788621425628,0.1033788621425628,61500.0
2020-07-27,0.1033788621425628,0.1033788621425628,0.1033788621425628,0.1033788621425628,0.0
2020-07-28,0.1033788621425628,0.1033788621425628,0.1033788621425628,0.1033788621425628,0.0
2020-07-29,0.1033788621425628,0.1033788621425628,0.1033788621425628,0.1033788621425628,0.0
2020-07-30,0.1033788621425628,0.1033788621425628,0.1033788621425628,0.1033788621425628,0.0
2020-08-03,0.1033788621425628,0.1033788621425628,0.1033788621425628,0.1033788621425628,0.0
2020-08-04,0.1033788621425628,0.1033788621425628,0.1033788621425628,0.1033788621425628,0.0
2020-08-05,0.1033788621425628,0.1033788621425628,0.1033788621425628,0.1033788621425628,0.0
2020-08-06,0.1005468344011861,0.1076273322105407,0.0991303942469324,0.1076273322105407,21900.0
2020-08-07,0.1019632741808891,0.1019632741808891,0.1019632741808891,0.1019632741808891,15000.0
2020-08-11,0.1019632741808891,0.1019632741808891,0.1019632741808891,0.1019632741808891,0.0
2020-08-12,0.1019632741808891,0.1019632741808891,0.1019632741808891,0.1019632741808891,0.0
2020-08-13,0.1019632741808891,0.1019632741808891,0.1019632741808891,0.1019632741808891,0.0
2020-08-14,0.0962983711716752,0.1033788691712387,0.0878014266490936,0.0878014266490936,72300.0
2020-08-17,0.0878014266490936,0.0878014266490936,0.0878014266490936,0.0878014266490936,0.0
2020-08-18,0.0878014266490936,0.0878014266490936,0.0878014266490936,0.0878014266490936,0.0
2020-08-19,0.0878014266490936,0.0878014266490936,0.0878014266490936,0.0878014266490936,0.0
2020-08-20,0.0878014266490936,0.0878014266490936,0.0878014266490936,0.0878014266490936,0.0
2020-08-21,0.0878014266490936,0.0878014266490936,0.0878014266490936,0.0878014266490936,192600.0
2020-08-24,0.0878014266490936,0.0878014266490936,0.0878014266490936,0.0878014266490936,0.0
2020-08-25,0.0878014266490936,0.0878014266490936,0.0878014266490936,0.0878014266490936,0.0
2020-08-26,0.0878014266490936,0.0878014266490936,0.0878014266490936,0.0878014266490936,0.0
2020-08-27,0.0878014266490936,0.0878014266490936,0.0878014266490936,0.0878014266490936,0.0
2020-08-28,0.0878014266490936,0.0878014266490936,0.0878014266490936,0.0878014266490936,0.0
2020-08-31,0.0878014266490936,0.0878014266490936,0.0878014266490936,0.0878014266490936,0.0
2020-09-01,0.0863849893212318,0.0863849893212318,0.0863849893212318,0.0863849893212318,231000.0
2020-09-02,0.0849693939089775,0.0849693939089775,0.0849693939089775,0.0849693939089775,215400.0
2020-09-03,0.0849693939089775,0.0849693939089775,0.0849693939089775,0.0849693939089775,0.0
2020-09-04,0.1104602143168449,0.1104602143168449,0.1104602143168449,0.1104602143168449,33000.0
2020-09-07,0.1104602143168449,0.1104602143168449,0.1104602143168449,0.1104602143168449,0.0
2020-09-08,0.1104602143168449,0.1104602143168449,0.1104602143168449,0.1104602143168449,0.0
2020-09-09,0.1104602143168449,0.1104602143168449,0.1104602143168449,0.1104602143168449,0.0
2020-09-10,0.1104602143168449,0.1104602143168449,0.1104602143168449,0.1104602143168449,0.0
2020-09-11,0.1104602143168449,0.1104602143168449,0.1104602143168449,0.1104602143168449,0.0
2020-09-14,0.1104602143168449,0.1104602143168449,0.1104602143168449,0.1104602143168449,0.0
2020-09-15,0.1104602143168449,0.1104602143168449,0.1104602143168449,0.1104602143168449,0.0
2020-09-16,0.1104602143168449,0.1104602143168449,0.1104602143168449,0.1104602143168449,0.0
2020-09-17,0.1104602143168449,0.1104602143168449,0.1104602143168449,0.1104602143168449,0.0
2020-09-18,0.1104602143168449,0.1104602143168449,0.1104602143168449,0.1104602143168449,0.0
2020-09-21,0.1104602143168449,0.1104602143168449,0.1104602143168449,0.1104602143168449,0.0
2020-09-22,0.1104602143168449,0.1104602143168449,0.1104602143168449,0.1104602143168449,0.0
2020-09-23,0.1104602143168449,0.1104602143168449,0.1104602143168449,0.1104602143168449,0.0
2020-09-24,0.1104602143168449,0.1104602143168449,0.1104602143168449,0.1104602143168449,0.0
2020-09-25,0.1104602143168449,0.1104602143168449,0.1104602143168449,0.1104602143168449,0.0
2020-09-28,0.1104602143168449,0.1104602143168449,0.1104602143168449,0.1104602143168449,0.0
2020-09-29,0.1104602143168449,0.1104602143168449,0.1104602143168449,0.1104602143168449,0.0
2020-09-30,0.1104602143168449,0.1104602143168449,0.1104602143168449,0.1104602143168449,0.0
2020-10-01,0.1104602143168449,0.1104602143168449,0.1104602143168449,0.1104602143168449,0.0
2020-10-02,0.1104602143168449,0.1104602143168449,0.1104602143168449,0.1104602143168449,0.0
2020-10-05,0.0892178565263748,0.0892178565263748,0.0892178565263748,0.0892178565263748,2400.0
2020-10-06,0.0892178565263748,0.0892178565263748,0.0892178565263748,0.0892178565263748,0.0
2020-10-07,0.0892178565263748,0.0892178565263748,0.0892178565263748,0.0892178565263748,0.0
2020-10-08,0.0892178565263748,0.0892178565263748,0.0892178565263748,0.0892178565263748,0.0
2020-10-09,0.0892178565263748,0.0892178565263748,0.0892178565263748,0.0892178565263748,0.0
2020-10-12,0.0892178565263748,0.0892178565263748,0.0892178565263748,0.0892178565263748,0.0
2020-10-13,0.0892178565263748,0.0892178565263748,0.0892178565263748,0.0892178565263748,0.0
2020-10-14,0.0934663414955139,0.0934663414955139,0.0934663414955139,0.0934663414955139,1500.0
2020-10-15,0.0934663414955139,0.0934663414955139,0.0934663414955139,0.0934663414955139,9000.0
2020-10-16,0.0934663414955139,0.0934663414955139,0.0934663414955139,0.0934663414955139,0.0
2020-10-19,0.0934663414955139,0.0934663414955139,0.0934663414955139,0.0934663414955139,0.0
2020-10-20,0.0934663414955139,0.0934663414955139,0.0934663414955139,0.0934663414955139,0.0
2020-10-21,0.0934663414955139,0.0934663414955139,0.0934663414955139,0.0934663414955139,0.0
2020-10-22,0.0934663414955139,0.0934663414955139,0.0934663414955139,0.0934663414955139,0.0
2020-10-23,0.0934663414955139,0.0934663414955139,0.0934663414955139,0.0934663414955139,0.0
2020-10-26,0.0934663414955139,0.0934663414955139,0.0934663414955139,0.0934663414955139,0.0
2020-10-27,0.0934663414955139,0.0934663414955139,0.0934663414955139,0.0934663414955139,0.0
2020-10-28,0.0892178565263748,0.0892178565263748,0.0892178565263748,0.0892178565263748,1500.0
2020-10-29,0.0892178565263748,0.0892178565263748,0.0892178565263748,0.0892178565263748,0.0
2020-10-30,0.0892178565263748,0.0892178565263748,0.0892178565263748,0.0892178565263748,0.0
2020-11-02,0.0892178565263748,0.0892178565263748,0.0892178565263748,0.0892178565263748,0.0
2020-11-03,0.0892178565263748,0.0892178565263748,0.0892178565263748,0.0892178565263748,0.0
2020-11-04,0.0892178565263748,0.0892178565263748,0.0892178565263748,0.0892178565263748,0.0
2020-11-05,0.0892178565263748,0.0892178565263748,0.0892178565263748,0.0892178565263748,0.0
2020-11-06,0.0892178565263748,0.0892178565263748,0.0892178565263748,0.0892178565263748,0.0
2020-11-09,0.0892178565263748,0.0892178565263748,0.0892178565263748,0.0892178565263748,0.0
2020-11-10,0.0906334494702519,0.1118758022785186,0.0906334494702519,0.1118758022785186,15300.0
2020-11-11,0.1047952994704246,0.1047952994704246,0.1047952994704246,0.1047952994704246,1500.0
2020-11-12,0.1047952994704246,0.1047952994704246,0.1047952994704246,0.1047952994704246,0.0
2020-11-13,0.1047952994704246,0.1047952994704246,0.1047952994704246,0.1047952994704246,0.0
2020-11-16,0.1047952994704246,0.1047952994704246,0.1047952994704246,0.1047952994704246,0.0
2020-11-17,0.1047952994704246,0.1047952994704246,0.1047952994704246,0.1047952994704246,0.0
2020-11-18,0.1047952994704246,0.1047952994704246,0.1047952994704246,0.1047952994704246,0.0
2020-11-19,0.1047952994704246,0.1047952994704246,0.1047952994704246,0.1047952994704246,0.0
2020-11-20,0.1047952994704246,0.1047952994704246,0.1047952994704246,0.1047952994704246,0.0
2020-11-23,0.1047952994704246,0.1047952994704246,0.1047952994704246,0.1047952994704246,0.0
2020-11-24,0.1047952994704246,0.1047952994704246,0.1047952994704246,0.1047952994704246,0.0
2020-11-25,0.1047952994704246,0.1047952994704246,0.1047952994704246,0.1047952994704246,0.0
2020-11-26,0.1047952994704246,0.1047952994704246,0.1047952994704246,0.1047952994704246,0.0
2020-11-27,0.1047952994704246,0.1047952994704246,0.1047952994704246,0.1047952994704246,0.0
2020-11-30,0.1047952994704246,0.1047952994704246,0.1047952994704246,0.1047952994704246,0.0
2020-12-01,0.1047952994704246,0.1047952994704246,0.1047952994704246,0.1047952994704246,0.0
2020-12-02,0.1047952994704246,0.1047952994704246,0.1047952994704246,0.1047952994704246,0.0
2020-12-03,0.1047952994704246,0.1047952994704246,0.1047952994704246,0.1047952994704246,0.0
2020-12-04,0.1047952994704246,0.1047952994704246,0.1047952994704246,0.1047952994704246,0.0
2020-12-07,0.1047952994704246,0.1047952994704246,0.1047952994704246,0.1047952994704246,0.0
2020-12-08,0.1047952994704246,0.1047952994704246,0.1047952994704246,0.1047952994704246,0.0
2020-12-09,0.1047952994704246,0.1047952994704246,0.1047952994704246,0.1047952994704246,0.0
2020-12-10,0.1047952994704246,0.1047952994704246,0.1047952994704246,0.1047952994704246,0.0
2020-12-11,0.1047952994704246,0.1047952994704246,0.1047952994704246,0.1047952994704246,0.0
2020-12-14,0.1033788621425628,0.1033788621425628,0.1033788621425628,0.1033788621425628,21000.0
2020-12-15,0.0906334519386291,0.0906334519386291,0.0906334519386291,0.0906334519386291,6000.0
2020-12-16,0.1019632676687941,0.1047952994704246,0.1019632676687941,0.1047952994704246,9900.0
2020-12-17,0.0991303846240043,0.0991303846240043,0.0991303846240043,0.0991303846240043,2700.0
2020-12-18,0.0991303846240043,0.0991303846240043,0.0991303846240043,0.0991303846240043,0.0
2020-12-21,0.0991303846240043,0.0991303846240043,0.0991303846240043,0.0991303846240043,0.0
2020-12-22,0.0991303846240043,0.0991303846240043,0.0991303846240043,0.0991303846240043,0.0
2020-12-23,0.1076273333751594,0.1104602137143208,0.0948819294571876,0.0948819294571876,29700.0
2020-12-24,0.0948819294571876,0.0948819294571876,0.0948819294571876,0.0948819294571876,0.0
2020-12-28,0.0948819294571876,0.0948819294571876,0.0948819294571876,0.0948819294571876,0.0
2020-12-29,0.0948819294571876,0.0948819294571876,0.0948819294571876,0.0948819294571876,0.0
2020-12-30,0.0948819294571876,0.0948819294571876,0.0948819294571876,0.0948819294571876,0.0
2020-12-31,0.0948819294571876,0.0948819294571876,0.0948819294571876,0.0948819294571876,0.0
2021-01-04,0.0948819294571876,0.0948819294571876,0.0948819294571876,0.0948819294571876,6000.0
2021-01-05,0.0948819294571876,0.0948819294571876,0.0948819294571876,0.0948819294571876,0.0
2021-01-06,0.0948819294571876,0.0948819294571876,0.0948819294571876,0.0948819294571876,0.0
2021-01-07,0.0948819294571876,0.0948819294571876,0.0948819294571876,0.0948819294571876,0.0
2021-01-08,0.0948819294571876,0.0948819294571876,0.0948819294571876,0.0948819294571876,0.0
2021-01-11,0.0948819294571876,0.0948819294571876,0.0948819294571876,0.0948819294571876,0.0
2021-01-12,0.0948819294571876,0.0948819294571876,0.0948819294571876,0.0948819294571876,0.0
2021-01-13,0.0948819294571876,0.0948819294571876,0.0948819294571876,0.0948819294571876,0.0
2021-01-14,0.0948819294571876,0.0948819294571876,0.0948819294571876,0.0948819294571876,0.0
2021-01-15,0.0948819294571876,0.0948819294571876,0.0948819294571876,0.0948819294571876,0.0
2021-01-18,0.0948819294571876,0.0948819294571876,0.0948819294571876,0.0948819294571876,0.0
2021-01-19,0.0991303846240043,0.0991303846240043,0.0991303846240043,0.0991303846240043,55200.0
2021-01-20,0.0991303846240043,0.0991303846240043,0.0991303846240043,0.0991303846240043,0.0
2021-01-21,0.0991303846240043,0.0991303846240043,0.0991303846240043,0.0991303846240043,0.0
2021-01-22,0.0991303846240043,0.0991303846240043,0.0991303846240043,0.0991303846240043,0.0
2021-01-25,0.1005468368530273,0.1005468368530273,0.1005468368530273,0.1005468368530273,1200.0
2021-01-26,0.1005468368530273,0.1005468368530273,0.1005468368530273,0.1005468368530273,0.0
2021-01-27,0.1005468368530273,0.1005468368530273,0.1005468368530273,0.1005468368530273,0.0
2021-01-28,0.1005468368530273,0.1005468368530273,0.1005468368530273,0.1005468368530273,0.0
2021-01-29,0.1005468368530273,0.1005468368530273,0.1005468368530273,0.1005468368530273,0.0
2021-02-01,0.1005468368530273,0.1005468368530273,0.1005468368530273,0.1005468368530273,0.0
2021-02-02,0.1005468368530273,0.1005468368530273,0.1005468368530273,0.1005468368530273,0.0
2021-02-03,0.1005468368530273,0.1005468368530273,0.1005468368530273,0.1005468368530273,0.0
2021-02-04,0.1005468368530273,0.1005468368530273,0.1005468368530273,0.1005468368530273,0.0
2021-02-05,0.1005468368530273,0.1005468368530273,0.1005468368530273,0.1005468368530273,0.0
2021-02-08,0.1005468368530273,0.1005468368530273,0.1005468368530273,0.1005468368530273,0.0
2021-02-09,0.1005468368530273,0.1005468368530273,0.1005468368530273,0.1005468368530273,0.0
2021-02-10,0.1005468368530273,0.1005468368530273,0.1005468368530273,0.1005468368530273,0.0
2021-02-11,0.1005468368530273,0.1005468368530273,0.1005468368530273,0.1005468368530273,0.0
2021-02-15,0.1005468368530273,0.1005468368530273,0.1005468368530273,0.1005468368530273,0.0
2021-02-16,0.1047952994704246,0.1047952994704246,0.1047952994704246,0.1047952994704246,3000.0
2021-02-17,0.1047952994704246,0.1047952994704246,0.1047952994704246,0.1047952994704246,0.0
2021-02-18,0.1047952994704246,0.1047952994704246,0.1047952994704246,0.1047952994704246,0.0
2021-02-19,0.1047952994704246,0.1047952994704246,0.1047952994704246,0.1047952994704246,0.0
2021-02-22,0.1047952994704246,0.1047952994704246,0.1047952994704246,0.1047952994704246,0.0
2021-02-23,0.1047952994704246,0.1047952994704246,0.1047952994704246,0.1047952994704246,0.0
2021-02-24,0.1047952994704246,0.1047952994704246,0.1047952994704246,0.1047952994704246,0.0
2021-02-25,0.1047952994704246,0.1047952994704246,0.1047952994704246,0.1047952994704246,0.0
2021-02-26,0.1076273322105407,0.1076273322105407,0.1076273322105407,0.1076273322105407,6000.0
2021-03-01,0.1076273322105407,0.1076273322105407,0.1076273322105407,0.1076273322105407,0.0
2021-03-02,0.1076273322105407,0.1076273322105407,0.1076273322105407,0.1076273322105407,0.0
2021-03-03,0.1076273322105407,0.1076273322105407,0.1076273322105407,0.1076273322105407,0.0
2021-03-04,0.1076273322105407,0.1076273322105407,0.1076273322105407,0.1076273322105407,0.0
2021-03-05,0.1076273322105407,0.1076273322105407,0.1076273322105407,0.1076273322105407,0.0
2021-03-08,0.1076273322105407,0.1076273322105407,0.1076273322105407,0.1076273322105407,0.0
2021-03-09,0.1076273322105407,0.1076273322105407,0.1076273322105407,0.1076273322105407,0.0
2021-03-10,0.1076273322105407,0.1076273322105407,0.1076273322105407,0.1076273322105407,0.0
2021-03-11,0.1076273322105407,0.1076273322105407,0.1076273322105407,0.1076273322105407,0.0
2021-03-12,0.1076273322105407,0.1076273322105407,0.1076273322105407,0.1076273322105407,0.0
2021-03-15,0.1076273322105407,0.1076273322105407,0.1076273322105407,0.1076273322105407,0.0
2021-03-16,0.1076273322105407,0.1076273322105407,0.1076273322105407,0.1076273322105407,0.0
2021-03-17,0.1090437804702515,0.1104602143168449,0.1090437804702515,0.1104602143168449,162900.0
2021-03-18,0.1104602143168449,0.1104602143168449,0.1104602143168449,0.1104602143168449,0.0
2021-03-19,0.1104602143168449,0.1104602143168449,0.1104602143168449,0.1104602143168449,0.0
2021-03-22,0.1104602143168449,0.1104602143168449,0.1104602143168449,0.1104602143168449,0.0
2021-03-23,0.1104602143168449,0.1104602143168449,0.1104602143168449,0.1104602143168449,0.0
2021-03-24,0.1076273322105407,0.1076273322105407,0.1076273322105407,0.1076273322105407,1500.0
2021-03-25,0.1076273322105407,0.1076273322105407,0.1076273322105407,0.1076273322105407,0.0
2021-03-26,0.1076273322105407,0.1076273322105407,0.1076273322105407,0.1076273322105407,0.0
2021-03-29,0.1076273322105407,0.1076273322105407,0.1076273322105407,0.1076273322105407,0.0
2021-03-30,0.1076273322105407,0.1076273322105407,0.1076273322105407,0.1076273322105407,0.0
2021-03-31,0.1076273322105407,0.1076273322105407,0.1076273322105407,0.1076273322105407,0.0
2021-04-01,0.1090437769889831,0.1090437769889831,0.1090437769889831,0.1090437769889831,3600.0
2021-04-05,0.1104602077361007,0.1132922396063804,0.1104602077361007,0.1132922396063804,114000.0
2021-04-06,0.1132922396063804,0.1132922396063804,0.1132922396063804,0.1132922396063804,0.0
2021-04-07,0.1132922396063804,0.1132922396063804,0.1132922396063804,0.1132922396063804,0.0
2021-04-08,0.1132922396063804,0.1132922396063804,0.1132922396063804,0.1132922396063804,0.0
2021-04-09,0.1132922396063804,0.1132922396063804,0.1132922396063804,0.1132922396063804,0.0
2021-04-12,0.1132922463558449,0.1132922463558449,0.1104602143168449,0.1104602143168449,45000.0
2021-04-13,0.1118758115061887,0.1274541020393371,0.1118758115061887,0.1274541020393371,15000.0
2021-04-14,0.1217891871929168,0.1217891871929168,0.1217891871929168,0.1217891871929168,85500.0
2021-04-15,0.1217891871929168,0.1217891871929168,0.1217891871929168,0.1217891871929168,3000.0
2021-04-16,0.1274541020393371,0.1274541020393371,0.1274541020393371,0.1274541020393371,20700.0
2021-04-19,0.1274541020393371,0.1274541020393371,0.1274541020393371,0.1274541020393371,0.0
2021-04-20,0.1274541020393371,0.1274541020393371,0.1274541020393371,0.1274541020393371,0.0
2021-04-21,0.1359510272741317,0.1359510272741317,0.1359510272741317,0.1359510272741317,60000.0
2021-04-22,0.1359510272741317,0.1359510272741317,0.1359510272741317,0.1359510272741317,0.0
2021-04-23,0.1359510272741317,0.1359510272741317,0.1359510272741317,0.1359510272741317,0.0
2021-04-26,0.1501120328903198,0.1501120328903198,0.1416150890562115,0.1501120328903198,36000.0
2021-04-27,0.1529449143119705,0.1685223430395126,0.1529449143119705,0.1685223430395126,30300.0
2021-04-28,0.1756028329956671,0.1784357130527496,0.1756028329956671,0.1784357130527496,62100.0
2021-04-29,0.184099776535865,0.184099776535865,0.1784357130527496,0.1784357130527496,40500.0
2021-04-30,0.1784357130527496,0.1784357130527496,0.1784357130527496,0.1784357130527496,2100.0
2021-05-03,0.1784357130527496,0.1784357130527496,0.1784357130527496,0.1784357130527496,0.0
2021-05-04,0.1784357130527496,0.1784357130527496,0.1784357130527496,0.1784357130527496,0.0
2021-05-05,0.1784357130527496,0.1784357130527496,0.1784357130527496,0.1784357130527496,0.0
2021-05-06,0.1784357130527496,0.1784357130527496,0.1784357130527496,0.1784357130527496,0.0
2021-05-07,0.1784357130527496,0.1784357130527496,0.1784357130527496,0.1784357130527496,0.0
2021-05-10,0.1784357130527496,0.1784357130527496,0.1784357130527496,0.1784357130527496,0.0
2021-05-11,0.1784357130527496,0.1784357130527496,0.1784357130527496,0.1784357130527496,0.0
2021-05-12,0.1784357130527496,0.1784357130527496,0.1784357130527496,0.1784357130527496,0.0
2021-05-14,0.1784357130527496,0.1784357130527496,0.1784357130527496,0.1784357130527496,0.0
2021-05-17,0.1784357130527496,0.1784357130527496,0.1784357130527496,0.1784357130527496,0.0
2021-05-18,0.1784357130527496,0.1784357130527496,0.1784357130527496,0.1784357130527496,0.0
2021-05-19,0.1430315178555554,0.1784357130527496,0.1430315178555554,0.1784357130527496,9300.0
2021-05-20,0.1784357130527496,0.1784357130527496,0.1784357130527496,0.1784357130527496,5700.0
2021-05-21,0.1784357130527496,0.1784357130527496,0.1784357130527496,0.1784357130527496,0.0
2021-05-24,0.1784357130527496,0.1784357130527496,0.1784357130527496,0.1784357130527496,0.0
2021-05-25,0.1784357130527496,0.1784357130527496,0.1784357130527496,0.1784357130527496,0.0
2021-05-27,0.1784357130527496,0.1784357130527496,0.1784357130527496,0.1784357130527496,0.0
2021-05-28,0.1784357130527496,0.1784357130527496,0.1784357130527496,0.1784357130527496,0.0
2021-05-31,0.1699387715365708,0.1770192682743072,0.1699387715365708,0.1770192682743072,66300.0
2021-06-01,0.1770192682743072,0.1770192682743072,0.1770192682743072,0.1770192682743072,0.0
2021-06-02,0.1770192682743072,0.1770192682743072,0.1770192682743072,0.1770192682743072,0.0
2021-06-03,0.1727708280086517,0.1727708280086517,0.1727708280086517,0.1727708280086517,36000.0
2021-06-04,0.1713543732472728,0.1713543732472728,0.169938787817955,0.169938787817955,120000.0
2021-06-07,0.169938787817955,0.169938787817955,0.169938787817955,0.169938787817955,59100.0
2021-06-08,0.169938787817955,0.169938787817955,0.169938787817955,0.169938787817955,30000.0
2021-06-09,0.169938787817955,0.169938787817955,0.169938787817955,0.169938787817955,0.0
2021-06-10,0.169938787817955,0.169938787817955,0.169938787817955,0.169938787817955,30000.0
2021-06-11,0.169938787817955,0.169938787817955,0.169938787817955,0.169938787817955,0.0
2021-06-14,0.169938787817955,0.169938787817955,0.169938787817955,0.169938787817955,0.0
2021-06-15,0.169938787817955,0.169938787817955,0.169938787817955,0.169938787817955,0.0
2021-06-16,0.169938787817955,0.169938787817955,0.169938787817955,0.169938787817955,0.0
2021-06-17,0.169938787817955,0.169938787817955,0.169938787817955,0.169938787817955,0.0
2021-06-18,0.169938787817955,0.169938787817955,0.169938787817955,0.169938787817955,0.0
2021-06-21,0.1713543732472728,0.1713543732472728,0.169938787817955,0.169938787817955,120000.0
2021-06-22,0.169938787817955,0.169938787817955,0.169938787817955,0.169938787817955,0.0
2021-06-23,0.169938787817955,0.169938787817955,0.169938787817955,0.169938787817955,0.0
2021-06-24,0.169938787817955,0.169938787817955,0.169938787817955,0.169938787817955,0.0
2021-06-25,0.169938787817955,0.169938787817955,0.169938787817955,0.169938787817955,0.0
2021-06-28,0.169938787817955,0.169938787817955,0.169938787817955,0.169938787817955,0.0
2021-06-29,0.169938787817955,0.169938787817955,0.169938787817955,0.169938787817955,0.0
2021-06-30,0.169938787817955,0.169938787817955,0.169938787817955,0.169938787817955,0.0
2021-07-01,0.1671059131622314,0.1671059131622314,0.1671059131622314,0.1671059131622314,300.0
2021-07-02,0.1671059131622314,0.1671059131622314,0.1671059131622314,0.1671059131622314,0.0
2021-07-05,0.1671059131622314,0.1671059131622314,0.1671059131622314,0.1671059131622314,0.0
2021-07-06,0.1671059131622314,0.1671059131622314,0.1671059131622314,0.1671059131622314,0.0
2021-07-07,0.1671059131622314,0.1671059131622314,0.1671059131622314,0.1671059131622314,0.0
2021-07-08,0.1671059131622314,0.1671059131622314,0.1671059131622314,0.1671059131622314,0.0
2021-07-09,0.1671059131622314,0.1671059131622314,0.1671059131622314,0.1671059131622314,0.0
2021-07-12,0.1671059131622314,0.1671059131622314,0.1671059131622314,0.1671059131622314,0.0
2021-07-13,0.1671059131622314,0.1671059131622314,0.1671059131622314,0.1671059131622314,0.0
2021-07-14,0.1671059131622314,0.1671059131622314,0.1671059131622314,0.1671059131622314,0.0
2021-07-15,0.1671059131622314,0.1671059131622314,0.1671059131622314,0.1671059131622314,0.0
2021-07-16,0.1671059131622314,0.1671059131622314,0.1671059131622314,0.1671059131622314,0.0
2021-07-19,0.1671059131622314,0.1671059131622314,0.1671059131622314,0.1671059131622314,0.0
2021-07-21,0.1671059131622314,0.1671059131622314,0.1671059131622314,0.1671059131622314,0.0
2021-07-22,0.1246212199330329,0.1246212199330329,0.1246212199330329,0.1246212199330329,31200.0
2021-07-23,0.1246212199330329,0.1246212199330329,0.1246212199330329,0.1246212199330329,0.0
2021-07-26,0.1246212199330329,0.1246212199330329,0.1246212199330329,0.1246212199330329,0.0
2021-07-27,0.1246212199330329,0.1246212199330329,0.1246212199330329,0.1246212199330329,0.0
2021-07-28,0.1246212199330329,0.1246212199330329,0.1246212199330329,0.1246212199330329,0.0
2021-07-29,0.1246212199330329,0.1246212199330329,0.1246212199330329,0.1246212199330329,0.0
2021-07-30,0.1246212199330329,0.1246212199330329,0.1246212199330329,0.1246212199330329,0.0
2021-08-02,0.1246212199330329,0.1246212199330329,0.1246212199330329,0.1246212199330329,0.0
2021-08-03,0.1246212199330329,0.1246212199330329,0.1246212199330329,0.1246212199330329,0.0
2021-08-04,0.1246212199330329,0.1246212199330329,0.1246212199330329,0.1246212199330329,0.0
2021-08-05,0.1246212199330329,0.1246212199330329,0.1246212199330329,0.1246212199330329,0.0
2021-08-06,0.1246212199330329,0.1246212199330329,0.1246212199330329,0.1246212199330329,0.0
2021-08-10,0.1246212199330329,0.1246212199330329,0.1246212199330329,0.1246212199330329,0.0
2021-08-11,0.1656903263049085,0.1656903263049085,0.1543605138488596,0.1557769477367401,63000.0
2021-08-12,0.1614418439955581,0.169938787817955,0.1614418439955581,0.169938787817955,50100.0
2021-08-13,0.1826842066961456,0.2039265483617782,0.1826842066961456,0.2039265483617782,612300.0
2021-08-16,0.2095905989408493,0.2095905989408493,0.2095905989408493,0.2095905989408493,207000.0
2021-08-17,0.1954295933246612,0.1954295933246612,0.1954295933246612,0.1954295933246612,4800.0
2021-08-18,0.1954296017503646,0.1982616335153579,0.1954296017503646,0.1982616335153579,62100.0
2021-08-19,0.2010936637662893,0.2010936637662893,0.1996780782938003,0.1996780782938003,93900.0
2021-08-20,0.1982616543055153,0.2010936737060547,0.1968452077860081,0.2010936737060547,66000.0
2021-08-23,0.1982616335153579,0.1982616335153579,0.1982616335153579,0.1982616335153579,30000.0
2021-08-24,0.1982616335153579,0.1982616335153579,0.1982616335153579,0.1982616335153579,0.0
2021-08-25,0.1982616380124271,0.2025101035833358,0.1982616380124271,0.2025101035833358,65700.0
2021-08-26,0.213839074365406,0.2166719417845053,0.1982616335153579,0.1982616335153579,478800.0
2021-08-27,0.1968451738357544,0.1968451738357544,0.1954295885374437,0.1968451738357544,43200.0
2021-08-30,0.1968452077860081,0.2010936737060547,0.1968452077860081,0.2010936737060547,249000.0
2021-08-31,0.1982616335153579,0.1982616335153579,0.1982616335153579,0.1982616335153579,45000.0
2021-09-01,0.1954295933246612,0.1954295933246612,0.1954295933246612,0.1954295933246612,23400.0
2021-09-02,0.1940131470147541,0.1954295933246612,0.1940131470147541,0.1954295933246612,15900.0
2021-09-03,0.1954295933246612,0.1954295933246612,0.1954295933246612,0.1954295933246612,0.0
2021-09-06,0.1954295933246612,0.1954295933246612,0.1954295933246612,0.1954295933246612,0.0
2021-09-07,0.1940131485462188,0.1940131485462188,0.1940131485462188,0.1940131485462188,7800.0
2021-09-08,0.1940131485462188,0.1940131485462188,0.1940131485462188,0.1940131485462188,36000.0
2021-09-09,0.1940131485462188,0.1940131485462188,0.1940131485462188,0.1940131485462188,0.0
2021-09-10,0.1812677532434463,0.1812677532434463,0.1812677532434463,0.1812677532434463,43200.0
2021-09-13,0.1812677532434463,0.1812677532434463,0.1812677532434463,0.1812677532434463,0.0
2021-09-14,0.1812677532434463,0.1812677532434463,0.1812677532434463,0.1812677532434463,0.0
2021-09-15,0.1812677532434463,0.1812677532434463,0.1812677532434463,0.1812677532434463,0.0
2021-09-16,0.1812677532434463,0.1812677532434463,0.1812677532434463,0.1812677532434463,0.0
2021-09-17,0.1840997785329818,0.1840997785329818,0.1840997785329818,0.1840997785329818,15000.0
2021-09-20,0.1840997785329818,0.1840997785329818,0.1840997785329818,0.1840997785329818,900.0
2021-09-21,0.1840997785329818,0.1840997785329818,0.1840997785329818,0.1840997785329818,0.0
2021-09-22,0.1727708281768032,0.1840997917322758,0.1656903177499771,0.1656903177499771,9900.0
2021-09-23,0.1656903177499771,0.1656903177499771,0.1656903177499771,0.1656903177499771,0.0
2021-09-24,0.1656903177499771,0.1656903177499771,0.1656903177499771,0.1656903177499771,0.0
2021-09-27,0.1656903177499771,0.1656903177499771,0.1656903177499771,0.1656903177499771,0.0
2021-09-28,0.1656903177499771,0.1656903177499771,0.1656903177499771,0.1656903177499771,0.0
2021-09-29,0.1656903177499771,0.1656903177499771,0.1656903177499771,0.1656903177499771,0.0
2021-09-30,0.1656903177499771,0.1656903177499771,0.1656903177499771,0.1656903177499771,0.0
2021-10-01,0.1656903177499771,0.1656903177499771,0.1656903177499771,0.1656903177499771,0.0
2021-10-04,0.1656903177499771,0.1656903177499771,0.1656903177499771,0.1656903177499771,0.0
2021-10-05,0.1656903177499771,0.1656903177499771,0.1656903177499771,0.1656903177499771,0.0
2021-10-06,0.1685223476220192,0.1925967335700988,0.1685223476220192,0.1925967335700988,3000.0
2021-10-07,0.1925967335700988,0.1925967335700988,0.1925967335700988,0.1925967335700988,0.0
2021-10-08,0.1925967335700988,0.1925967335700988,0.1925967335700988,0.1925967335700988,0.0
2021-10-11,0.1925967335700988,0.1925967335700988,0.1925967335700988,0.1925967335700988,0.0
2021-10-12,0.19118111688097,0.1940131485462188,0.19118111688097,0.1940131485462188,6000.0
2021-10-13,0.1940131485462188,0.1940131485462188,0.1940131485462188,0.1940131485462188,0.0
2021-10-14,0.1784357213698837,0.1812677532434463,0.1784357213698837,0.1812677532434463,37500.0
2021-10-15,0.1812677532434463,0.1812677532434463,0.1812677532434463,0.1812677532434463,0.0
2021-10-18,0.1812677532434463,0.1812677532434463,0.1812677532434463,0.1812677532434463,0.0
2021-10-19,0.1812677532434463,0.1812677532434463,0.1812677532434463,0.1812677532434463,0.0
2021-10-20,0.1812677532434463,0.1812677532434463,0.1812677532434463,0.1812677532434463,0.0
2021-10-21,0.1812677532434463,0.1812677532434463,0.1812677532434463,0.1812677532434463,0.0
2021-10-22,0.1812677532434463,0.1812677532434463,0.1812677532434463,0.1812677532434463,0.0
2021-10-25,0.1812677532434463,0.1812677532434463,0.1812677532434463,0.1812677532434463,0.0
2021-10-26,0.1812677532434463,0.1812677532434463,0.1812677532434463,0.1812677532434463,0.0
2021-10-27,0.1812677532434463,0.1812677532434463,0.1812677532434463,0.1812677532434463,0.0
2021-10-28,0.1855162490931748,0.1869326829910278,0.1840998025338943,0.1869326829910278,86100.0
2021-10-29,0.1869326829910278,0.1869326829910278,0.1869326829910278,0.1869326829910278,0.0
2021-11-01,0.1982616201109644,0.1982616201109644,0.1940131422622336,0.1968451738357544,1565400.0
2021-11-02,0.1968451738357544,0.1968451738357544,0.1968451738357544,0.1968451738357544,156600.0
2021-11-03,0.1982616335153579,0.1982616335153579,0.1968451871443824,0.1982616335153579,311700.0
2021-11-05,0.2027675658464431,0.2042689555573762,0.2027675658464431,0.2027675658464431,580200.0
2021-11-08,0.2027675658464431,0.2027675658464431,0.2027675658464431,0.2027675658464431,24000.0
2021-11-09,0.2027675658464431,0.2027675658464431,0.2027675658464431,0.2027675658464431,0.0
2021-11-10,0.1862451506574307,0.1922533814666958,0.1862451506574307,0.1907511055469513,27000.0
2021-11-11,0.1862451583147049,0.1862451583147049,0.1862451583147049,0.1862451583147049,45000.0
2021-11-12,0.1862451583147049,0.1862451583147049,0.1862451583147049,0.1862451583147049,0.0
2021-11-15,0.1847437830029578,0.187747448682785,0.1847437830029578,0.187747448682785,24000.0
2021-11-16,0.187747448682785,0.187747448682785,0.187747448682785,0.187747448682785,0.0
2021-11-17,0.187747448682785,0.187747448682785,0.187747448682785,0.187747448682785,0.0
2021-11-18,0.1862451592648466,0.187747448682785,0.1862451592648466,0.187747448682785,36000.0
2021-11-19,0.187747448682785,0.187747448682785,0.187747448682785,0.187747448682785,0.0
2021-11-22,0.1847437918186187,0.1847437918186187,0.1847437918186187,0.1847437918186187,43800.0
2021-11-23,0.1847437918186187,0.1847437918186187,0.1847437918186187,0.1847437918186187,0.0
2021-11-24,0.1847437892133973,0.1937556862831115,0.1832415131737231,0.1937556862831115,7200.0
2021-11-25,0.1937556862831115,0.1937556862831115,0.1937556862831115,0.1937556862831115,0.0
2021-11-26,0.1937556862831115,0.1937556862831115,0.1937556862831115,0.1937556862831115,0.0
2021-11-29,0.1937556862831115,0.1937556862831115,0.1937556862831115,0.1937556862831115,0.0
2021-11-30,0.1937556862831115,0.1937556862831115,0.1937556862831115,0.1937556862831115,0.0
2021-12-01,0.1937556862831115,0.1937556862831115,0.1937556862831115,0.1937556862831115,0.0
2021-12-02,0.1937556862831115,0.1937556862831115,0.1937556862831115,0.1937556862831115,0.0
2021-12-03,0.1937556862831115,0.1937556862831115,0.1937556862831115,0.1937556862831115,0.0
2021-12-06,0.1697236887848384,0.1697236887848384,0.1682213991880417,0.1682213991880417,45000.0
2021-12-07,0.1682213991880417,0.1682213991880417,0.1682213991880417,0.1682213991880417,0.0
2021-12-08,0.1682213991880417,0.1682213991880417,0.1682213991880417,0.1682213991880417,0.0
2021-12-09,0.1682213991880417,0.1682213991880417,0.1682213991880417,0.1682213991880417,0.0
2021-12-10,0.1757318973541259,0.1757318973541259,0.1757318973541259,0.1757318973541259,10800.0
2021-12-13,0.1757318973541259,0.1757318973541259,0.1757318973541259,0.1757318973541259,0.0
2021-12-14,0.1757318973541259,0.1757318973541259,0.1757318973541259,0.1757318973541259,0.0
2021-12-15,0.1757318973541259,0.1757318973541259,0.1757318973541259,0.1757318973541259,0.0
2021-12-16,0.1757318973541259,0.1757318973541259,0.1757318973541259,0.1757318973541259,0.0
2021-12-17,0.1787355542182922,0.1787355542182922,0.1787355542182922,0.1787355542182922,15000.0
2021-12-20,0.1787355542182922,0.1787355542182922,0.1787355542182922,0.1787355542182922,0.0
2021-12-21,0.1787355542182922,0.1787355542182922,0.1787355542182922,0.1787355542182922,0.0
2021-12-22,0.1787355542182922,0.1787355542182922,0.1787355542182922,0.1787355542182922,0.0
2021-12-23,0.1787355542182922,0.1787355542182922,0.1787355542182922,0.1787355542182922,0.0
2021-12-24,0.1787355542182922,0.1787355542182922,0.1787355542182922,0.1787355542182922,0.0
2021-12-27,0.1787355542182922,0.1787355542182922,0.1787355542182922,0.1787355542182922,0.0
2021-12-28,0.1787355542182922,0.1787355542182922,0.1787355542182922,0.1787355542182922,0.0
2021-12-29,0.1787355542182922,0.1787355542182922,0.1787355542182922,0.1787355542182922,0.0
2021-12-30,0.1787355542182922,0.1787355542182922,0.1787355542182922,0.1787355542182922,0.0
2021-12-31,0.1787355542182922,0.1787355542182922,0.1787355542182922,0.1787355542182922,0.0
2022-01-03,0.1757318884997751,0.1787355542182922,0.1757318884997751,0.1787355542182922,30000.0
2022-01-04,0.1787355542182922,0.1787355542182922,0.1787355542182922,0.1787355542182922,0.0
2022-01-05,0.1787355542182922,0.1787355542182922,0.1787355542182922,0.1787355542182922,0.0
2022-01-06,0.1787355542182922,0.1787355542182922,0.1787355542182922,0.1787355542182922,0.0
2022-01-07,0.1787355542182922,0.1787355542182922,0.1787355542182922,0.1787355542182922,0.0
2022-01-10,0.1787355542182922,0.1787355542182922,0.1787355542182922,0.1787355542182922,0.0
2022-01-11,0.1772332638502121,0.1772332638502121,0.1772332638502121,0.1772332638502121,60000.0
2022-01-12,0.1772332638502121,0.1772332638502121,0.1772332638502121,0.1772332638502121,0.0
2022-01-13,0.1772332638502121,0.1772332638502121,0.1772332638502121,0.1772332638502121,0.0
2022-01-14,0.1607117660514719,0.1817392110824585,0.1607117660514719,0.1817392110824585,6300.0
2022-01-17,0.1817392110824585,0.1817392110824585,0.1817392110824585,0.1817392110824585,0.0
2022-01-18,0.1817392110824585,0.1817392110824585,0.1817392110824585,0.1817392110824585,0.0
2022-01-19,0.1817392110824585,0.1817392110824585,0.1817392110824585,0.1817392110824585,0.0
2022-01-20,0.1817392110824585,0.1817392110824585,0.1817392110824585,0.1817392110824585,0.0
2022-01-21,0.1817392110824585,0.1817392110824585,0.1817392110824585,0.1817392110824585,0.0
2022-01-24,0.1817392110824585,0.1817392110824585,0.1817392110824585,0.1817392110824585,0.0
2022-01-25,0.1817392110824585,0.1817392110824585,0.1817392110824585,0.1817392110824585,0.0
2022-01-26,0.1817392110824585,0.1817392110824585,0.1817392110824585,0.1817392110824585,0.0
2022-01-27,0.1817392110824585,0.1817392110824585,0.1817392110824585,0.1817392110824585,0.0
2022-01-28,0.1817392110824585,0.1817392110824585,0.1817392110824585,0.1817392110824585,0.0
2022-01-31,0.1697236597537994,0.1697236597537994,0.1697236597537994,0.1697236597537994,30000.0
2022-02-03,0.1712259356648665,0.1712259356648665,0.1697236597537994,0.1697236597537994,54000.0
2022-02-04,0.1697236597537994,0.1697236597537994,0.1697236597537994,0.1697236597537994,0.0
2022-02-07,0.1697236597537994,0.1697236597537994,0.1697236597537994,0.1697236597537994,0.0
2022-02-08,0.1697236597537994,0.1697236597537994,0.1697236597537994,0.1697236597537994,900.0
2022-02-09,0.165217712521553,0.165217712521553,0.165217712521553,0.165217712521553,12000.0
2022-02-10,0.165217712521553,0.165217712521553,0.165217712521553,0.165217712521553,0.0
2022-02-11,0.1667200028896331,0.1667200028896331,0.1667200028896331,0.1667200028896331,6000.0
2022-02-14,0.1802378445863723,0.1802378445863723,0.1802378445863723,0.1802378445863723,23700.0
2022-02-15,0.1802378445863723,0.1802378445863723,0.1802378445863723,0.1802378445863723,0.0
2022-02-16,0.1802378445863723,0.1802378445863723,0.1802378445863723,0.1802378445863723,0.0
2022-02-17,0.1802378445863723,0.1802378445863723,0.1802378445863723,0.1802378445863723,0.0
2022-02-18,0.1802378445863723,0.1802378445863723,0.1802378445863723,0.1802378445863723,0.0
2022-02-21,0.1802378445863723,0.1802378445863723,0.1802378445863723,0.1802378445863723,0.0
2022-02-22,0.1802378445863723,0.1802378445863723,0.1802378445863723,0.1802378445863723,0.0
2022-02-23,0.1802378445863723,0.1802378445863723,0.1802378445863723,0.1802378445863723,0.0
2022-02-24,0.1802378445863723,0.1802378445863723,0.1802378445863723,0.1802378445863723,0.0
2022-02-25,0.1802378445863723,0.1802378445863723,0.1802378445863723,0.1802378445863723,0.0
2022-02-28,0.1802378445863723,0.1802378445863723,0.1802378445863723,0.1802378445863723,0.0
2022-03-01,0.1802378445863723,0.1802378445863723,0.1802378445863723,0.1802378445863723,0.0
2022-03-02,0.1802378445863723,0.1802378445863723,0.1802378445863723,0.1802378445863723,0.0
2022-03-03,0.1802378445863723,0.1802378445863723,0.1802378445863723,0.1802378445863723,0.0
2022-03-04,0.1802378445863723,0.1802378445863723,0.1802378445863723,0.1802378445863723,0.0
2022-03-07,0.1802378445863723,0.1802378445863723,0.1802378445863723,0.1802378445863723,0.0
2022-03-08,0.1802378445863723,0.1802378445863723,0.1802378445863723,0.1802378445863723,0.0
2022-03-09,0.1802378445863723,0.1802378445863723,0.1802378445863723,0.1802378445863723,0.0
2022-03-10,0.1802378445863723,0.1802378445863723,0.1802378445863723,0.1802378445863723,0.0
2022-03-11,0.1802378445863723,0.1802378445863723,0.1802378445863723,0.1802378445863723,0.0
2022-03-14,0.1802378445863723,0.1802378445863723,0.1802378445863723,0.1802378445863723,0.0
2022-03-15,0.1802378445863723,0.1802378445863723,0.1802378445863723,0.1802378445863723,0.0
2022-03-16,0.1802378445863723,0.1802378445863723,0.1802378445863723,0.1802378445863723,0.0
2022-03-17,0.1757318919370556,0.2027675696856435,0.1712259501218795,0.1712259501218795,27000.0
2022-03-18,0.1802378445863723,0.1802378445863723,0.1802378445863723,0.1802378445863723,3900.0
2022-03-21,0.1802378445863723,0.1802378445863723,0.1802378445863723,0.1802378445863723,0.0
2022-03-22,0.1802378445863723,0.1802378445863723,0.1802378445863723,0.1802378445863723,0.0
2022-03-23,0.1817392070849497,0.2042689409844731,0.1817392070849497,0.201265275478363,32100.0
2022-03-24,0.2042689409844731,0.2042689409844731,0.1877474378244019,0.201265275478363,86100.0
2022-03-25,0.201265275478363,0.201265275478363,0.201265275478363,0.201265275478363,72600.0
2022-03-28,0.201265275478363,0.201265275478363,0.201265275478363,0.201265275478363,0.0
2022-03-29,0.201265275478363,0.201265275478363,0.201265275478363,0.201265275478363,0.0
2022-03-30,0.201265275478363,0.201265275478363,0.201265275478363,0.201265275478363,0.0
2022-03-31,0.2147831320762634,0.2147831320762634,0.2147831320762634,0.2147831320762634,18000.0
2022-04-01,0.2042689621448516,0.2042689621448516,0.2042689621448516,0.2042689621448516,6000.0
2022-04-04,0.2147831320762634,0.2147831320762634,0.2147831320762634,0.2147831320762634,60000.0
2022-04-05,0.2162854224443435,0.2162854224443435,0.2162854224443435,0.2162854224443435,69000.0
2022-04-06,0.232806928156501,0.2373128702609352,0.2102772042055631,0.2162854224443435,38700.0
2022-04-07,0.2162854019892222,0.2162854019892222,0.2057712292116153,0.2117794603109359,40200.0
2022-04-08,0.2147831320762634,0.2147831320762634,0.2147831320762634,0.2147831320762634,3000.0
2022-04-11,0.2132808417081833,0.2132808417081833,0.2132808417081833,0.2132808417081833,5100.0
2022-04-12,0.2132808417081833,0.2132808417081833,0.2132808417081833,0.2132808417081833,0.0
2022-04-13,0.2162854224443435,0.2162854224443435,0.2162854224443435,0.2162854224443435,30000.0
2022-04-14,0.2162854224443435,0.2162854224443435,0.2162854224443435,0.2162854224443435,0.0
2022-04-18,0.2162854224443435,0.2162854224443435,0.2162854224443435,0.2162854224443435,0.0
2022-04-19,0.2162854224443435,0.2162854224443435,0.2162854224443435,0.2162854224443435,0.0
2022-04-20,0.2162854224443435,0.2162854224443435,0.2162854224443435,0.2162854224443435,0.0
2022-04-21,0.2132808417081833,0.2132808417081833,0.2132808417081833,0.2132808417081833,10800.0
2022-04-22,0.2132808417081833,0.2132808417081833,0.2132808417081833,0.2132808417081833,2100.0
2022-04-25,0.2132808417081833,0.2132808417081833,0.2132808417081833,0.2132808417081833,0.0
2022-04-26,0.2132808417081833,0.2132808417081833,0.2132808417081833,0.2132808417081833,0.0
2022-04-27,0.2132808417081833,0.2132808417081833,0.2132808417081833,0.2132808417081833,0.0
2022-04-28,0.2132808417081833,0.2132808417081833,0.2132808417081833,0.2132808417081833,0.0
2022-04-29,0.2132808417081833,0.2132808417081833,0.2132808417081833,0.2132808417081833,0.0
2022-05-04,0.2132808365759189,0.2132808365759189,0.2117794603109359,0.2117794603109359,13200.0
2022-05-05,0.2117794603109359,0.2117794603109359,0.2117794603109359,0.2117794603109359,6000.0
2022-05-06,0.2117794603109359,0.2117794603109359,0.2117794603109359,0.2117794603109359,0.0
2022-05-09,0.2132808522227862,0.2132808522227862,0.2102771997451782,0.2102771997451782,21000.0
2022-05-10,0.2102771997451782,0.2102771997451782,0.2102771997451782,0.2102771997451782,0.0
2022-05-11,0.2102771997451782,0.2102771997451782,0.2102771997451782,0.2102771997451782,0.0
2022-05-12,0.2102771997451782,0.2102771997451782,0.2102771997451782,0.2102771997451782,0.0
2022-05-13,0.2102771997451782,0.2102771997451782,0.2102771997451782,0.2102771997451782,0.0
2022-05-17,0.2102771997451782,0.2102771997451782,0.2102771997451782,0.2102771997451782,0.0
2022-05-18,0.2102771997451782,0.2102771997451782,0.2102771997451782,0.2102771997451782,0.0
2022-05-19,0.2102771997451782,0.2102771997451782,0.2102771997451782,0.2102771997451782,0.0
2022-05-20,0.2162854224443435,0.2162854224443435,0.2162854224443435,0.2162854224443435,12300.0
2022-05-23,0.2162854224443435,0.2162854224443435,0.2162854224443435,0.2162854224443435,0.0
2022-05-24,0.2162854224443435,0.2162854224443435,0.2162854224443435,0.2162854224443435,0.0
2022-05-25,0.2162854224443435,0.2162854224443435,0.2162854224443435,0.2162854224443435,0.0
2022-05-26,0.2162854224443435,0.2162854224443435,0.2162854224443435,0.2162854224443435,0.0
2022-05-27,0.2162854224443435,0.2162854224443435,0.2162854224443435,0.2162854224443435,0.0
2022-05-30,0.2162854224443435,0.2162854224443435,0.2162854224443435,0.2162854224443435,0.0
2022-05-31,0.2162854224443435,0.2162854224443435,0.2162854224443435,0.2162854224443435,0.0
2022-06-01,0.2162854224443435,0.2162854224443435,0.2162854224443435,0.2162854224443435,0.0
2022-06-02,0.2162854224443435,0.2162854224443435,0.2162854224443435,0.2162854224443435,0.0
2022-06-03,0.2162854224443435,0.2162854224443435,0.2162854224443435,0.2162854224443435,0.0
2022-06-06,0.2162854224443435,0.2162854224443435,0.2162854224443435,0.2162854224443435,0.0
2022-06-07,0.2162854224443435,0.2162854224443435,0.2162854224443435,0.2162854224443435,0.0
2022-06-08,0.2162854224443435,0.2162854224443435,0.2162854224443435,0.2162854224443435,0.0
2022-06-09,0.2162854224443435,0.2162854224443435,0.2162854224443435,0.2162854224443435,0.0
2022-06-10,0.2162854224443435,0.2162854224443435,0.2162854224443435,0.2162854224443435,0.0
2022-06-13,0.2162854224443435,0.2162854224443435,0.2162854224443435,0.2162854224443435,0.0
2022-06-14,0.2162854224443435,0.2162854224443435,0.2162854224443435,0.2162854224443435,0.0
2022-06-15,0.2162854224443435,0.2162854224443435,0.2162854224443435,0.2162854224443435,0.0
2022-06-16,0.1742296233880428,0.2132808522227862,0.1742296233880428,0.2102771997451782,51600.0
2022-06-17,0.2102771997451782,0.2102771997451782,0.2102771997451782,0.2102771997451782,0.0
2022-06-20,0.2102771997451782,0.2102771997451782,0.2102771997451782,0.2102771997451782,0.0
2022-06-21,0.2102771997451782,0.2102771997451782,0.2102771997451782,0.2102771997451782,0.0
2022-06-22,0.2102771997451782,0.2102771997451782,0.2102771997451782,0.2102771997451782,0.0
2022-06-23,0.2102771997451782,0.2102771997451782,0.2102771997451782,0.2102771997451782,0.0
2022-06-24,0.2102771997451782,0.2102771997451782,0.2102771997451782,0.2102771997451782,0.0
2022-06-27,0.2102771997451782,0.2102771997451782,0.2102771997451782,0.2102771997451782,0.0
2022-06-28,0.2102771997451782,0.2102771997451782,0.2102771997451782,0.2102771997451782,0.0
2022-06-29,0.2102771997451782,0.2102771997451782,0.2102771997451782,0.2102771997451782,0.0
2022-06-30,0.2102771997451782,0.2102771997451782,0.2102771997451782,0.2102771997451782,0.0
2022-07-01,0.2102771997451782,0.2102771997451782,0.2102771997451782,0.2102771997451782,0.0
2022-07-04,0.2102771997451782,0.2102771997451782,0.2102771997451782,0.2102771997451782,0.0
2022-07-05,0.2102771997451782,0.2102771997451782,0.2102771997451782,0.2102771997451782,0.0
2022-07-06,0.2102771997451782,0.2102771997451782,0.2102771997451782,0.2102771997451782,0.0
2022-07-07,0.2102771997451782,0.2102771997451782,0.2102771997451782,0.2102771997451782,0.0
2022-07-08,0.2102771997451782,0.2102771997451782,0.2102771997451782,0.2102771997451782,0.0
2022-07-12,0.2102771997451782,0.2102771997451782,0.2102771997451782,0.2102771997451782,0.0
2022-07-13,0.2102771997451782,0.2102771997451782,0.2102771997451782,0.2102771997451782,0.0
2022-07-14,0.2102771997451782,0.2102771997451782,0.2102771997451782,0.2102771997451782,0.0
2022-07-15,0.2102771997451782,0.2102771997451782,0.2102771997451782,0.2102771997451782,0.0
2022-07-18,0.2102771997451782,0.2102771997451782,0.2102771997451782,0.2102771997451782,0.0
2022-07-19,0.2102771997451782,0.2102771997451782,0.2102771997451782,0.2102771997451782,0.0
2022-07-20,0.2102771997451782,0.2102771997451782,0.2102771997451782,0.2102771997451782,0.0
2022-07-21,0.2102771997451782,0.2102771997451782,0.2102771997451782,0.2102771997451782,0.0
2022-07-22,0.2102771997451782,0.2102771997451782,0.2102771997451782,0.2102771997451782,0.0
2022-07-25,0.2102771997451782,0.2102771997451782,0.2102771997451782,0.2102771997451782,0.0
2022-07-26,0.2102771997451782,0.2102771997451782,0.2102771997451782,0.2102771997451782,0.0
2022-07-27,0.2102771997451782,0.2102771997451782,0.2102771997451782,0.2102771997451782,0.0
2022-07-28,0.2102771997451782,0.2102771997451782,0.2102771997451782,0.2102771997451782,0.0
2022-07-29,0.2102771997451782,0.2102771997451782,0.2102771997451782,0.2102771997451782,0.0
2022-08-01,0.2102771997451782,0.2102771997451782,0.2102771997451782,0.2102771997451782,0.0
2022-08-02,0.2102771997451782,0.2102771997451782,0.2102771997451782,0.2102771997451782,0.0
2022-08-03,0.2102771997451782,0.2102771997451782,0.2102771997451782,0.2102771997451782,0.0
2022-08-04,0.2102771997451782,0.2102771997451782,0.2102771997451782,0.2102771997451782,0.0
2022-08-05,0.2102771997451782,0.2102771997451782,0.2102771997451782,0.2102771997451782,0.0
2022-08-08,0.2102771997451782,0.2102771997451782,0.2102771997451782,0.2102771997451782,0.0
2022-08-10,0.2102771997451782,0.2102771997451782,0.2102771997451782,0.2102771997451782,0.0
2022-08-11,0.2102771997451782,0.2102771997451782,0.2102771997451782,0.2102771997451782,0.0
2022-08-12,0.2102771997451782,0.2102771997451782,0.2102771997451782,0.2102771997451782,0.0
2022-08-15,0.2102771997451782,0.2102771997451782,0.2102771997451782,0.2102771997451782,0.0
2022-08-16,0.2102771997451782,0.2102771997451782,0.2102771997451782,0.2102771997451782,0.0
2022-08-17,0.2102771997451782,0.2102771997451782,0.2102771997451782,0.2102771997451782,0.0
2022-08-18,0.2102771997451782,0.2102771997451782,0.2102771997451782,0.2102771997451782,0.0
2022-08-19,0.2102771997451782,0.2102771997451782,0.2102771997451782,0.2102771997451782,0.0
2022-08-22,0.2102771997451782,0.2102771997451782,0.2102771997451782,0.2102771997451782,0.0
2022-08-23,0.2102771997451782,0.2102771997451782,0.2102771997451782,0.2102771997451782,0.0
2022-08-24,0.2102771997451782,0.2102771997451782,0.2102771997451782,0.2102771997451782,0.0
2022-08-25,0.2102771997451782,0.2102771997451782,0.2102771997451782,0.2102771997451782,0.0
2022-08-26,0.2042689621448516,0.2042689621448516,0.2042689621448516,0.2042689621448516,3900.0
2022-08-29,0.2042689621448516,0.2042689621448516,0.2042689621448516,0.2042689621448516,0.0
2022-08-30,0.2042689621448516,0.2042689621448516,0.2042689621448516,0.2042689621448516,0.0
2022-08-31,0.2087749102139317,0.2102771997451782,0.2087749102139317,0.2102771997451782,210000.0
2022-09-01,0.2102771997451782,0.2102771997451782,0.2102771997451782,0.2102771997451782,0.0
2022-09-02,0.2102771997451782,0.2102771997451782,0.2102771997451782,0.2102771997451782,0.0
2022-09-05,0.2102771997451782,0.2102771997451782,0.2102771997451782,0.2102771997451782,0.0
2022-09-06,0.2102771997451782,0.2102771997451782,0.2102771997451782,0.2102771997451782,0.0
2022-09-07,0.2102771997451782,0.2102771997451782,0.2102771997451782,0.2102771997451782,0.0
2022-09-08,0.2102771997451782,0.2102771997451782,0.2102771997451782,0.2102771997451782,0.0
2022-09-09,0.2102771997451782,0.2102771997451782,0.2102771997451782,0.2102771997451782,0.0
2022-09-12,0.2102771997451782,0.2102771997451782,0.2102771997451782,0.2102771997451782,0.0
2022-09-13,0.2102771997451782,0.2102771997451782,0.2102771997451782,0.2102771997451782,0.0
2022-09-14,0.2102771997451782,0.2102771997451782,0.2102771997451782,0.2102771997451782,0.0
2022-09-15,0.2102771997451782,0.2102771997451782,0.2102771997451782,0.2102771997451782,0.0
2022-09-16,0.2102771997451782,0.2102771997451782,0.2102771997451782,0.2102771997451782,0.0
2022-09-19,0.2102771997451782,0.2102771997451782,0.2102771997451782,0.2102771997451782,0.0
2022-09-20,0.2102771997451782,0.2102771997451782,0.2102771997451782,0.2102771997451782,0.0
2022-09-21,0.2102771997451782,0.2102771997451782,0.2102771997451782,0.2102771997451782,0.0
2022-09-22,0.2102771997451782,0.2102771997451782,0.2102771997451782,0.2102771997451782,0.0
2022-09-23,0.2102771997451782,0.2102771997451782,0.2102771997451782,0.2102771997451782,0.0
2022-09-26,0.2102771997451782,0.2102771997451782,0.2102771997451782,0.2102771997451782,0.0
2022-09-27,0.2087749091680773,0.2087749091680773,0.172727346420288,0.172727346420288,1500.0
2022-09-28,0.1742296225152424,0.1742296225152424,0.172727346420288,0.172727346420288,96000.0
2022-09-29,0.174229621887207,0.174229621887207,0.174229621887207,0.174229621887207,42000.0
2022-09-30,0.174229621887207,0.174229621887207,0.174229621887207,0.174229621887207,0.0
2022-10-03,0.174229621887207,0.174229621887207,0.174229621887207,0.174229621887207,0.0
2022-10-04,0.174229621887207,0.174229621887207,0.174229621887207,0.174229621887207,0.0
2022-10-05,0.174229621887207,0.174229621887207,0.174229621887207,0.174229621887207,0.0
2022-10-06,0.174229621887207,0.174229621887207,0.174229621887207,0.174229621887207,0.0
2022-10-07,0.174229621887207,0.174229621887207,0.174229621887207,0.174229621887207,0.0
2022-10-10,0.174229621887207,0.174229621887207,0.174229621887207,0.174229621887207,0.0
2022-10-11,0.174229621887207,0.174229621887207,0.174229621887207,0.174229621887207,0.0
2022-10-12,0.174229621887207,0.174229621887207,0.174229621887207,0.174229621887207,0.0
2022-10-13,0.174229621887207,0.174229621887207,0.174229621887207,0.174229621887207,0.0
2022-10-14,0.174229621887207,0.174229621887207,0.174229621887207,0.174229621887207,0.0
2022-10-17,0.174229621887207,0.174229621887207,0.0841106951994308,0.174229621887207,35100.0
2022-10-18,0.174229621887207,0.174229621887207,0.174229621887207,0.174229621887207,0.0
2022-10-19,0.174229621887207,0.174229621887207,0.174229621887207,0.174229621887207,0.0
2022-10-20,0.174229621887207,0.174229621887207,0.174229621887207,0.174229621887207,0.0
2022-10-21,0.174229621887207,0.174229621887207,0.174229621887207,0.174229621887207,0.0
2022-10-25,0.174229621887207,0.174229621887207,0.174229621887207,0.174229621887207,0.0
2022-10-26,0.174229621887207,0.174229621887207,0.174229621887207,0.174229621887207,0.0
2022-10-27,0.174229621887207,0.174229621887207,0.174229621887207,0.174229621887207,0.0
2022-10-28,0.174229621887207,0.174229621887207,0.174229621887207,0.174229621887207,0.0
2022-10-31,0.174229621887207,0.174229621887207,0.174229621887207,0.174229621887207,0.0
2022-11-01,0.174229621887207,0.174229621887207,0.174229621887207,0.174229621887207,0.0
2022-11-02,0.174229621887207,0.174229621887207,0.174229621887207,0.174229621887207,0.0
2022-11-03,0.174229621887207,0.174229621887207,0.174229621887207,0.174229621887207,0.0
2022-11-04,0.174229621887207,0.174229621887207,0.174229621887207,0.174229621887207,0.0
2022-11-07,0.1604746395184488,0.1696446239948272,0.1604746395184488,0.1696446239948272,15000.0
2022-11-08,0.1696446239948272,0.1696446239948272,0.1696446239948272,0.1696446239948272,0.0
2022-11-09,0.1696446239948272,0.1696446239948272,0.1696446239948272,0.1696446239948272,0.0
2022-11-10,0.1696446239948272,0.1696446239948272,0.1696446239948272,0.1696446239948272,0.0
2022-11-11,0.1696446239948272,0.1696446239948272,0.1696446239948272,0.1696446239948272,0.0
2022-11-14,0.1650596410036087,0.1650596410036087,0.1650596410036087,0.1650596410036087,9000.0
2022-11-15,0.1650596410036087,0.1650596410036087,0.1650596410036087,0.1650596410036087,6000.0
2022-11-16,0.1681159968800279,0.1681159968800279,0.1665873676538467,0.1665873676538467,47100.0
2022-11-17,0.1665873676538467,0.1665873676538467,0.1665873676538467,0.1665873676538467,0.0
2022-11-18,0.1665873676538467,0.1665873676538467,0.1665873676538467,0.1665873676538467,0.0
2022-11-21,0.1665873676538467,0.1665873676538467,0.1665873676538467,0.1665873676538467,0.0
2022-11-22,0.1665873676538467,0.1665873676538467,0.1665873676538467,0.1665873676538467,0.0
2022-11-23,0.1665873676538467,0.1665873676538467,0.1665873676538467,0.1665873676538467,0.0
2022-11-24,0.1665873676538467,0.1665873676538467,0.1665873676538467,0.1665873676538467,0.0
2022-11-25,0.1665873676538467,0.1665873676538467,0.1665873676538467,0.1665873676538467,0.0
2022-11-28,0.1665873676538467,0.1665873676538467,0.1665873676538467,0.1665873676538467,0.0
2022-11-29,0.1665873676538467,0.1665873676538467,0.1665873676538467,0.1665873676538467,0.0
2022-11-30,0.1665873676538467,0.1665873676538467,0.1665873676538467,0.1665873676538467,0.0
2022-12-01,0.1665873676538467,0.1665873676538467,0.1665873676538467,0.1665873676538467,0.0
2022-12-02,0.1665873676538467,0.1665873676538467,0.1665873676538467,0.1665873676538467,0.0
2022-12-05,0.1665873676538467,0.1665873676538467,0.1665873676538467,0.1665873676538467,0.0
2022-12-06,0.1665873676538467,0.1665873676538467,0.1665873676538467,0.1665873676538467,0.0
2022-12-07,0.1665873676538467,0.1665873676538467,0.1665873676538467,0.1665873676538467,0.0
2022-12-08,0.1665873676538467,0.1665873676538467,0.1665873676538467,0.1665873676538467,0.0
2022-12-09,0.1665873676538467,0.1665873676538467,0.1665873676538467,0.1665873676538467,0.0
2022-12-12,0.1665873676538467,0.1665873676538467,0.1665873676538467,0.1665873676538467,0.0
2022-12-13,0.1665873676538467,0.1665873676538467,0.1665873676538467,0.1665873676538467,0.0
2022-12-14,0.1665873676538467,0.1665873676538467,0.1665873676538467,0.1665873676538467,0.0
2022-12-15,0.1665873676538467,0.1665873676538467,0.1665873676538467,0.1665873676538467,0.0
2022-12-16,0.1665873676538467,0.1665873676538467,0.1665873676538467,0.1665873676538467,0.0
2022-12-19,0.1665873676538467,0.1665873676538467,0.1665873676538467,0.1665873676538467,0.0
2022-12-20,0.1711723506450653,0.1711723506450653,0.1711723506450653,0.1711723506450653,60000.0
2022-12-21,0.1711723506450653,0.1711723506450653,0.1711723506450653,0.1711723506450653,0.0
2022-12-22,0.1833995892948386,0.2078522566162757,0.1833995892948386,0.1956259161233902,56100.0
2022-12-23,0.1956259161233902,0.1956259161233902,0.1956259161233902,0.1956259161233902,0.0
2022-12-27,0.1956259161233902,0.1956259161233902,0.1956259161233902,0.1956259161233902,0.0
2022-12-28,0.1956259161233902,0.1956259161233902,0.1956259161233902,0.1956259161233902,0.0
2022-12-29,0.1956259161233902,0.1956259161233902,0.1956259161233902,0.1956259161233902,0.0
2022-12-30,0.1956259161233902,0.1956259161233902,0.1956259161233902,0.1956259161233902,0.0
2023-01-03,0.1956259161233902,0.1956259161233902,0.1956259161233902,0.1956259161233902,0.0
2023-01-04,0.1956259161233902,0.1956259161233902,0.1956259161233902,0.1956259161233902,0.0
2023-01-05,0.1956259161233902,0.1956259161233902,0.1956259161233902,0.1956259161233902,0.0
2023-01-06,0.1956259161233902,0.1956259161233902,0.1956259161233902,0.1956259161233902,0.0
2023-01-09,0.1956259161233902,0.1956259161233902,0.1956259161233902,0.1956259161233902,0.0
2023-01-10,0.1956259161233902,0.1956259161233902,0.1956259161233902,0.1956259161233902,0.0
2023-01-11,0.1956259161233902,0.1956259161233902,0.1956259161233902,0.1956259161233902,0.0
2023-01-12,0.1956259161233902,0.1956259161233902,0.1956259161233902,0.1956259161233902,0.0
2023-01-13,0.1956259161233902,0.1956259161233902,0.1956259161233902,0.1956259161233902,0.0
2023-01-16,0.1956259161233902,0.1956259161233902,0.1956259161233902,0.1956259161233902,0.0
2023-01-17,0.1956259161233902,0.1956259161233902,0.1956259161233902,0.1956259161233902,0.0
2023-01-18,0.1956259161233902,0.1956259161233902,0.1956259161233902,0.1956259161233902,0.0
2023-01-19,0.1956259161233902,0.1956259161233902,0.1956259161233902,0.1956259161233902,0.0
2023-01-20,0.1956259161233902,0.1956259161233902,0.1956259161233902,0.1956259161233902,0.0
2023-01-25,0.1956259161233902,0.1956259161233902,0.1956259161233902,0.1956259161233902,0.0
2023-01-26,0.1956259157275996,0.1956259157275996,0.1788145899772644,0.1788145899772644,2100.0
2023-01-27,0.1788145899772644,0.1788145899772644,0.1788145899772644,0.1788145899772644,0.0
2023-01-30,0.1849273164185167,0.1849273164185167,0.1833996027708053,0.1833996027708053,20100.0
2023-01-31,0.1833996027708053,0.1864559592410092,0.1833996027708053,0.1833996027708053,75000.0
2023-02-01,0.186455950140953,0.186455950140953,0.186455950140953,0.186455950140953,17700.0
2023-02-02,0.184927299618721,0.184927299618721,0.184927299618721,0.184927299618721,6000.0
2023-02-03,0.184927299618721,0.184927299618721,0.184927299618721,0.184927299618721,0.0
2023-02-06,0.184927299618721,0.184927299618721,0.184927299618721,0.184927299618721,0.0
2023-02-07,0.186455950140953,0.186455950140953,0.186455950140953,0.186455950140953,90000.0
2023-02-08,0.1879845857620239,0.1879845857620239,0.1879845857620239,0.1879845857620239,9000.0
2023-02-09,0.1879845857620239,0.1879845857620239,0.1879845857620239,0.1879845857620239,0.0
2023-02-10,0.2032672762870788,0.2032672762870788,0.2032672762870788,0.2032672762870788,3000.0
2023-02-13,0.2032672762870788,0.2032672762870788,0.2032672762870788,0.2032672762870788,0.0
2023-02-14,0.2109095305204391,0.2154945158586006,0.2109095305204391,0.2109095305204391,228900.0
2023-02-15,0.2109095305204391,0.2109095305204391,0.2109095305204391,0.2109095305204391,60000.0
2023-02-16,0.2109095305204391,0.2109095305204391,0.2109095305204391,0.2109095305204391,0.0
2023-02-17,0.2109095305204391,0.2109095305204391,0.2109095305204391,0.2109095305204391,0.0
2023-02-20,0.2109095305204391,0.2109095305204391,0.2109095305204391,0.2109095305204391,23400.0
2023-02-21,0.2109095305204391,0.2109095305204391,0.2109095305204391,0.2109095305204391,0.0
2023-02-22,0.2109095305204391,0.2109095305204391,0.2109095305204391,0.2109095305204391,60000.0
2023-02-23,0.2109095305204391,0.2109095305204391,0.2109095305204391,0.2109095305204391,3000.0
2023-02-24,0.2109095305204391,0.2109095305204391,0.2109095305204391,0.2109095305204391,0.0
2023-02-27,0.2109095305204391,0.2109095305204391,0.2109095305204391,0.2109095305204391,72000.0
2023-02-28,0.2109095305204391,0.2109095305204391,0.2109095305204391,0.2109095305204391,3000.0
2023-03-01,0.2109095305204391,0.2109095305204391,0.2109095305204391,0.2109095305204391,15900.0
2023-03-02,0.2109095305204391,0.2109095305204391,0.2109095305204391,0.2109095305204391,300.0
2023-03-03,0.2109095305204391,0.2109095305204391,0.2109095305204391,0.2109095305204391,0.0
2023-03-06,0.2109095305204391,0.2109095305204391,0.2109095305204391,0.2109095305204391,0.0
2023-03-07,0.2109095305204391,0.2109095305204391,0.2109095305204391,0.2109095305204391,0.0
2023-03-08,0.2109095305204391,0.2109095305204391,0.2109095305204391,0.2109095305204391,0.0
2023-03-09,0.2109095305204391,0.2109095305204391,0.2109095305204391,0.2109095305204391,0.0
2023-03-10,0.2109095305204391,0.2109095305204391,0.2109095305204391,0.2109095305204391,75000.0
2023-03-13,0.2109095305204391,0.2109095305204391,0.2109095305204391,0.2109095305204391,15000.0
2023-03-14,0.2109095305204391,0.2109095305204391,0.2109095305204391,0.2109095305204391,90000.0
2023-03-15,0.2109095305204391,0.2109095305204391,0.2109095305204391,0.2109095305204391,0.0
2023-03-16,0.2109095305204391,0.2109095305204391,0.2109095305204391,0.2109095305204391,0.0
2023-03-17,0.2109095305204391,0.2109095305204391,0.2109095305204391,0.2109095305204391,0.0
2023-03-20,0.2109095305204391,0.2109095305204391,0.2109095305204391,0.2109095305204391,0.0
2023-03-21,0.2109095305204391,0.2109095305204391,0.2109095305204391,0.2109095305204391,0.0
2023-03-22,0.2109095305204391,0.2109095305204391,0.2109095305204391,0.2109095305204391,0.0
2023-03-23,0.2109095305204391,0.2109095305204391,0.2109095305204391,0.2109095305204391,0.0
2023-03-24,0.2109095305204391,0.2109095305204391,0.2109095305204391,0.2109095305204391,0.0
2023-03-27,0.2109095305204391,0.2109095305204391,0.2109095305204391,0.2109095305204391,0.0
2023-03-28,0.2109095305204391,0.2109095305204391,0.2109095305204391,0.2109095305204391,13500.0
2023-03-29,0.2109095305204391,0.2109095305204391,0.2109095305204391,0.2109095305204391,0.0
2023-03-30,0.2109095305204391,0.2109095305204391,0.2109095305204391,0.2109095305204391,900.0
2023-03-31,0.2109095305204391,0.2109095305204391,0.2109095305204391,0.2109095305204391,6000.0
2023-04-03,0.2109095305204391,0.2109095305204391,0.2109095305204391,0.2109095305204391,300.0
2023-04-04,0.2109095305204391,0.2109095305204391,0.2109095305204391,0.2109095305204391,60000.0
2023-04-05,0.2109095305204391,0.2109095305204391,0.2109095305204391,0.2109095305204391,191700.0
2023-04-06,0.2109095305204391,0.2109095305204391,0.2109095305204391,0.2109095305204391,2100.0
2023-04-10,0.2109095305204391,0.2109095305204391,0.2109095305204391,0.2109095305204391,0.0
2023-04-11,0.2109095305204391,0.2109095305204391,0.2109095305204391,0.2109095305204391,0.0
2023-04-12,0.2109095305204391,0.2109095305204391,0.2109095305204391,0.2109095305204391,0.0
2023-04-13,0.2109095305204391,0.2109095305204391,0.2109095305204391,0.2109095305204391,0.0
2023-04-14,0.2109095305204391,0.2109095305204391,0.2109095305204391,0.2109095305204391,0.0
2023-04-17,0.2109095305204391,0.2109095305204391,0.2109095305204391,0.2109095305204391,0.0
2023-04-18,0.2109095305204391,0.2109095305204391,0.2109095305204391,0.2109095305204391,12000.0
2023-04-19,0.2109095305204391,0.2109095305204391,0.2109095305204391,0.2109095305204391,0.0
2023-04-20,0.2109095305204391,0.2109095305204391,0.2109095305204391,0.2109095305204391,0.0
2023-04-21,0.2109095305204391,0.2109095305204391,0.2109095305204391,0.2109095305204391,0.0
2023-04-24,0.2109095305204391,0.2109095305204391,0.2109095305204391,0.2109095305204391,0.0
2023-04-25,0.2109095305204391,0.2109095305204391,0.2109095305204391,0.2109095305204391,237000.0
2023-04-26,0.2109095305204391,0.2109095305204391,0.2109095305204391,0.2109095305204391,0.0
2023-04-27,0.2109095305204391,0.2109095305204391,0.2109095305204391,0.2109095305204391,0.0
2023-04-28,0.2109095305204391,0.2109095305204391,0.2109095305204391,0.2109095305204391,0.0
2023-05-02,0.2109095305204391,0.2109095305204391,0.2109095305204391,0.2109095305204391,0.0
2023-05-03,0.2109095305204391,0.2109095305204391,0.2109095305204391,0.2109095305204391,0.0
2023-05-04,0.2109095305204391,0.2109095305204391,0.2109095305204391,0.2109095305204391,0.0
2023-05-05,0.2109095305204391,0.2109095305204391,0.2109095305204391,0.2109095305204391,0.0
2023-05-08,0.2109095305204391,0.2109095305204391,0.2109095305204391,0.2109095305204391,0.0
2023-05-09,0.2109095305204391,0.2109095305204391,0.2109095305204391,0.2109095305204391,0.0
2023-05-10,0.2109095305204391,0.2109095305204391,0.2109095305204391,0.2109095305204391,0.0
2023-05-11,0.2109095305204391,0.2109095305204391,0.2109095305204391,0.2109095305204391,0.0
2023-05-12,0.2109095305204391,0.2109095305204391,0.2109095305204391,0.2109095305204391,0.0
2023-05-15,0.2109095305204391,0.2109095305204391,0.2109095305204391,0.2109095305204391,0.0
2023-05-16,0.2109095305204391,0.2109095305204391,0.2109095305204391,0.2109095305204391,0.0
2023-05-17,0.2109095305204391,0.2109095305204391,0.2109095305204391,0.2109095305204391,0.0
2023-05-18,0.2109095305204391,0.2109095305204391,0.2109095305204391,0.2109095305204391,0.0
2023-05-19,0.2109095305204391,0.2109095305204391,0.2109095305204391,0.2109095305204391,0.0
2023-05-22,0.2109095305204391,0.2109095305204391,0.2109095305204391,0.2109095305204391,0.0
2023-05-23,0.2109095305204391,0.2109095305204391,0.2109095305204391,0.2109095305204391,0.0
2023-05-24,0.2109095305204391,0.2109095305204391,0.2109095305204391,0.2109095305204391,0.0
2023-05-25,0.2109095305204391,0.2109095305204391,0.2109095305204391,0.2109095305204391,0.0
2023-05-26,0.2093808948993683,0.2093808948993683,0.2093808948993683,0.2093808948993683,24300.0
2023-05-29,0.2093808948993683,0.2093808948993683,0.2093808948993683,0.2093808948993683,0.0
2023-05-30,0.2093808948993683,0.2093808948993683,0.2093808948993683,0.2093808948993683,0.0
2023-05-31,0.2093808948993683,0.2093808948993683,0.2093808948993683,0.2093808948993683,0.0
2023-06-01,0.2093808948993683,0.2093808948993683,0.2093808948993683,0.2093808948993683,0.0
2023-06-05,0.2093808948993683,0.2093808948993683,0.2093808948993683,0.2093808948993683,0.0
2023-06-06,0.2093808948993683,0.2093808948993683,0.2093808948993683,0.2093808948993683,3900.0
2023-06-07,0.2093808948993683,0.2093808948993683,0.2093808948993683,0.2093808948993683,0.0
2023-06-08,0.2063245468505771,0.2078522741794586,0.2063245468505771,0.2078522741794586,80100.0
2023-06-09,0.2154945341479735,0.2185508906841278,0.2154945341479735,0.2185508906841278,209700.0
2023-06-12,0.2185508906841278,0.2185508906841278,0.2185508906841278,0.2185508906841278,0.0
2023-06-13,0.2185508906841278,0.2185508906841278,0.2185508906841278,0.2185508906841278,0.0
2023-06-14,0.2185508906841278,0.2185508906841278,0.2185508906841278,0.2185508906841278,0.0
2023-06-15,0.2185508906841278,0.2185508906841278,0.2185508906841278,0.2185508906841278,0.0
2023-06-16,0.2185508906841278,0.2185508906841278,0.2185508906841278,0.2185508906841278,0.0
2023-06-19,0.2185508906841278,0.2185508906841278,0.2185508906841278,0.2185508906841278,0.0
2023-06-20,0.2185508906841278,0.2185508906841278,0.2185508906841278,0.2185508906841278,0.0
2023-06-21,0.2185508906841278,0.2185508906841278,0.2185508906841278,0.2185508906841278,105000.0
2023-06-22,0.2338344894932661,0.2353622168302536,0.2338344894932661,0.2353622168302536,202500.0
2023-06-23,0.2353622168302536,0.2353622168302536,0.2353622168302536,0.2353622168302536,0.0
2023-06-26,0.2292495044633361,0.2338344901800155,0.2292495044633361,0.2338344901800155,60600.0
2023-06-27,0.2338344847941034,0.2475894689559936,0.2338344847941034,0.2475894689559936,161100.0
2023-06-28,0.241475835442543,0.241475835442543,0.241475835442543,0.241475835442543,56100.0
2023-06-30,0.2475894778871012,0.253702163696289,0.2475894778871012,0.253702163696289,211500.0
2023-07-03,0.2460608333349228,0.2460608333349228,0.2460608333349228,0.2460608333349228,24300.0
2023-07-04,0.2460608333349228,0.2460608333349228,0.2460608333349228,0.2460608333349228,0.0
2023-07-05,0.2475894756269803,0.2613444328308105,0.2475894756269803,0.2613444328308105,74100.0
2023-07-06,0.2613444328308105,0.2613444328308105,0.2613444328308105,0.2613444328308105,0.0
2023-07-07,0.2475894689559936,0.2475894689559936,0.2475894689559936,0.2475894689559936,45000.0
2023-07-10,0.2475894689559936,0.2475894689559936,0.2475894689559936,0.2475894689559936,15000.0
2023-07-11,0.2460608333349228,0.2460608333349228,0.2460608333349228,0.2460608333349228,15000.0
2023-07-12,0.2475894689559936,0.2475894689559936,0.2475894689559936,0.2475894689559936,7500.0
2023-07-13,0.24606081247493,0.2475894689559936,0.24606081247493,0.2475894689559936,67800.0
2023-07-14,0.2460608333349228,0.2460608333349228,0.2460608333349228,0.2460608333349228,6000.0
2023-07-17,0.2460608333349228,0.2460608333349228,0.2460608333349228,0.2460608333349228,0.0
2023-07-18,0.2475894689559936,0.2475894689559936,0.2475894689559936,0.2475894689559936,300.0
2023-07-19,0.2475894689559936,0.2475894689559936,0.2475894689559936,0.2475894689559936,0.0
2023-07-20,0.2475894689559936,0.2475894689559936,0.2475894689559936,0.2475894689559936,0.0
2023-07-21,0.2521744668483734,0.2521744668483734,0.2521744668483734,0.2521744668483734,9000.0
2023-07-24,0.2521744668483734,0.2521744668483734,0.2521744668483734,0.2521744668483734,0.0
2023-07-25,0.2521744668483734,0.2521744668483734,0.2521744668483734,0.2521744668483734,0.0
2023-07-26,0.2521744668483734,0.2521744668483734,0.2521744668483734,0.2521744668483734,0.0
2023-07-27,0.2521744668483734,0.2521744668483734,0.2521744668483734,0.2521744668483734,0.0
2023-07-28,0.2521744668483734,0.2521744668483734,0.2521744668483734,0.2521744668483734,0.0
2023-07-31,0.2521744668483734,0.2521744668483734,0.2521744668483734,0.2521744668483734,0.0
2023-08-01,0.2598158026211601,0.2598158026211601,0.2338344901800155,0.2338344901800155,21000.0
2023-08-02,0.2338344901800155,0.2338344901800155,0.2338344901800155,0.2338344901800155,0.0
2023-08-03,0.232305863040112,0.232305863040112,0.230777233839035,0.230777233839035,18000.0
2023-08-04,0.230777233839035,0.230777233839035,0.230777233839035,0.230777233839035,600.0
2023-08-07,0.253702163696289,0.253702163696289,0.253702163696289,0.253702163696289,45000.0
2023-08-08,0.253702163696289,0.253702163696289,0.253702163696289,0.253702163696289,0.0
2023-08-10,0.2323058472181934,0.2506458163261413,0.2323058472181934,0.2506458163261413,60000.0
2023-08-11,0.2506458163261413,0.2506458163261413,0.2506458163261413,0.2506458163261413,0.0
2023-08-14,0.2506458163261413,0.2506458163261413,0.2506458163261413,0.2506458163261413,0.0
2023-08-15,0.2506458163261413,0.2506458163261413,0.2506458163261413,0.2506458163261413,0.0
2023-08-16,0.2506458163261413,0.2506458163261413,0.2506458163261413,0.2506458163261413,0.0
2023-08-17,0.2506458163261413,0.2506458163261413,0.2506458163261413,0.2506458163261413,0.0
2023-08-18,0.2506458163261413,0.2506458163261413,0.2506458163261413,0.2506458163261413,0.0
2023-08-21,0.2414758196007174,0.2414758196007174,0.2292494922876358,0.2292494922876358,190200.0
2023-08-22,0.2292494922876358,0.2292494922876358,0.2292494922876358,0.2292494922876358,0.0
2023-08-23,0.2292494922876358,0.2292494922876358,0.2292494922876358,0.2292494922876358,0.0
2023-08-24,0.2292494922876358,0.2292494922876358,0.2292494922876358,0.2292494922876358,0.0
2023-08-25,0.2292494922876358,0.2292494922876358,0.2292494922876358,0.2292494922876358,120000.0
2023-08-28,0.2384194768290894,0.2613444328308105,0.2384194768290894,0.2613444328308105,110400.0
2023-08-29,0.2598158029481254,0.267457145203498,0.2598158029481254,0.2628721594810486,167400.0
2023-08-30,0.2628721594810486,0.2644007886705748,0.2628721594810486,0.2628721594810486,205500.0
2023-08-31,0.262872154202715,0.2720421254634857,0.262872154202715,0.2720421254634857,262800.0
2023-09-04,0.2720421112193722,0.2750993967056274,0.2720421112193722,0.2750993967056274,291600.0
2023-09-05,0.2750993967056274,0.2750993967056274,0.2689857549078498,0.2750993967056274,154500.0
2023-09-06,0.2750993967056274,0.2812120820000036,0.2750993967056274,0.2750993967056274,32400.0
2023-09-07,0.2781557918388254,0.2812121212482452,0.2705144217418271,0.2812121212482452,142200.0
2023-09-08,0.2812121212482452,0.2812121212482452,0.2812121212482452,0.2812121212482452,0.0
2023-09-11,0.2812120685527816,0.2873257100582123,0.2812120685527816,0.2873257100582123,113400.0
2023-09-12,0.2903820878539186,0.2934393460930435,0.2888543605804443,0.2888543605804443,218400.0
2023-09-13,0.2980243471825674,0.3026093602634821,0.2980243471825674,0.3010807037353515,102000.0
2023-09-14,0.3010807037353515,0.3010807037353515,0.3010807037353515,0.3010807037353515,0.0
2023-09-15,0.3010807037353515,0.3010807037353515,0.3010807037353515,0.3010807037353515,0.0
2023-09-18,0.3026093542575836,0.3026093542575836,0.3026093542575836,0.3026093542575836,30000.0
2023-09-19,0.2934393286705017,0.2934393286705017,0.2934393286705017,0.2934393286705017,1500.0
2023-09-20,0.2934393286705017,0.2934393286705017,0.2934393286705017,0.2934393286705017,0.0
2023-09-21,0.2934393286705017,0.2934393286705017,0.2934393286705017,0.2934393286705017,0.0
2023-09-22,0.2934393286705017,0.2934393286705017,0.2934393286705017,0.2934393286705017,0.0
2023-09-25,0.2934393286705017,0.2934393286705017,0.2934393286705017,0.2934393286705017,0.0
2023-09-26,0.2934393286705017,0.2934393286705017,0.2934393286705017,0.2934393286705017,0.0
2023-09-27,0.2980243557888307,0.3148356974124908,0.2980243557888307,0.3148356974124908,9600.0
2023-09-28,0.3331756445624795,0.3331756445624795,0.3056657016277313,0.3056657016277313,26100.0
2023-09-29,0.3056657016277313,0.3056657016277313,0.3056657016277313,0.3056657016277313,0.0
2023-10-02,0.3056657016277313,0.3056657016277313,0.3056657016277313,0.3056657016277313,0.0
2023-10-03,0.2964957265452276,0.3148356974124908,0.2964957265452276,0.3148356974124908,12300.0
2023-10-04,0.3148356974124908,0.3148356974124908,0.3148356974124908,0.3148356974124908,0.0
2023-10-05,0.3148356974124908,0.3148356974124908,0.3148356974124908,0.3148356974124908,0.0
2023-10-06,0.2964957058429718,0.2964957058429718,0.2964957058429718,0.2964957058429718,9000.0
2023-10-09,0.2964957297590392,0.3056657016277313,0.2964957297590392,0.3056657016277313,3600.0
2023-10-10,0.2995520864332128,0.3056657016277313,0.2995520864332128,0.3056657016277313,90000.0
2023-10-11,0.2995520532131195,0.2995520532131195,0.2995520532131195,0.2995520532131195,30000.0
2023-10-12,0.3056657016277313,0.3056657016277313,0.3056657016277313,0.3056657016277313,1500.0
2023-10-13,0.3056657016277313,0.3056657016277313,0.3056657016277313,0.3056657016277313,0.0
2023-10-16,0.3010806823037681,0.3010806823037681,0.2995520532131195,0.2995520532131195,31200.0
2023-10-17,0.2964957070202653,0.3117793202400207,0.2964957070202653,0.3117793202400207,28500.0
2023-10-18,0.3117793202400207,0.3117793202400207,0.3117793202400207,0.3117793202400207,0.0
2023-10-19,0.3117793202400207,0.3117793202400207,0.3117793202400207,0.3117793202400207,0.0
2023-10-20,0.3117793202400207,0.3117793202400207,0.3117793202400207,0.3117793202400207,0.0
2023-10-23,0.3087220367193114,0.3087220367193114,0.3041370511054992,0.3041370511054992,51900.0
2023-10-24,0.3056656781856963,0.3117793202400207,0.3056656781856963,0.3117793202400207,18000.0
2023-10-25,0.3117793202400207,0.3178920331195733,0.2995520634600416,0.3117793202400207,128400.0
2023-10-26,0.3117793202400207,0.3117793202400207,0.3117793202400207,0.3117793202400207,30000.0
2023-10-27,0.3117793202400207,0.3117793202400207,0.3117793202400207,0.3117793202400207,60000.0
2023-10-30,0.317892027985951,0.3240056426128773,0.317892027985951,0.3209492862224579,69600.0
2023-10-31,0.3178920540535356,0.3178920540535356,0.3087220549555682,0.3148356974124908,89400.0
2023-11-01,0.3117793202400207,0.3117793202400207,0.3117793202400207,0.3117793202400207,72000.0
2023-11-02,0.3117793202400207,0.3117793202400207,0.3117793202400207,0.3117793202400207,0.0
2023-11-03,0.3148356974124908,0.3148356974124908,0.3148356974124908,0.3148356974124908,6000.0
2023-11-06,0.3148356609443214,0.3148356609443214,0.3087220191955566,0.3087220191955566,135600.0
2023-11-07,0.3087220583019049,0.3087220583019049,0.3056657016277313,0.3056657016277313,123900.0
2023-11-08,0.3240056316514376,0.3240056316514376,0.3087220191955566,0.3087220191955566,143700.0
2023-11-09,0.3087220191955566,0.3209492753644178,0.2949670631348824,0.3087220191955566,165900.0
2023-11-10,0.2964957120985467,0.3087220399131625,0.2964957120985467,0.3026093542575836,105300.0
2023-11-14,0.3187059164047241,0.3187059164047241,0.3187059164047241,0.3187059164047241,0.0
2023-11-15,0.2881227005168408,0.2961705056450718,0.2881227005168408,0.291341632604599,174300.0
2023-11-16,0.2897326702519092,0.2929516023396674,0.2897326702519092,0.291341632604599,83100.0
2023-11-17,0.291341632604599,0.2993904163328549,0.291341632604599,0.291341632604599,59400.0
2023-11-20,0.289732681452431,0.2929516136646271,0.289732681452431,0.2929516136646271,14700.0
2023-11-21,0.2929516136646271,0.2929516136646271,0.2929516136646271,0.2929516136646271,0.0
2023-11-22,0.2961705029010772,0.2961705029010772,0.2961705029010772,0.2961705029010772,39600.0
2023-11-23,0.2993903822457041,0.3009993731975555,0.2993903822457041,0.3009993731975555,15600.0
2023-11-24,0.3009993731975555,0.3009993731975555,0.3009993731975555,0.3009993731975555,0.0
2023-11-27,0.3009993731975555,0.3009993731975555,0.3009993731975555,0.3009993731975555,0.0
2023-11-28,0.291341632604599,0.291341632604599,0.291341632604599,0.291341632604599,4800.0
2023-11-29,0.2913416438673203,0.2929516136646271,0.2913416438673203,0.2929516136646271,21000.0
2023-11-30,0.2913416181972797,0.2913416181972797,0.2832938134670257,0.2832938134670257,25800.0
2023-12-01,0.2832938134670257,0.2832938134670257,0.2832938134670257,0.2832938134670257,0.0
2023-12-04,0.2832938134670257,0.2832938134670257,0.2832938134670257,0.2832938134670257,0.0
2023-12-05,0.2832938134670257,0.2832938134670257,0.2832938134670257,0.2832938134670257,0.0
2023-12-06,0.2832938134670257,0.2832938134670257,0.2832938134670257,0.2832938134670257,0.0
2023-12-07,0.2832938134670257,0.2832938134670257,0.2832938134670257,0.2832938134670257,0.0
2023-12-08,0.2832938134670257,0.2832938134670257,0.2832938134670257,0.2832938134670257,0.0
2023-12-11,0.2945615405632943,0.2961705029010772,0.2945615405632943,0.2961705029010772,28800.0
2023-12-12,0.2913416271460767,0.2913416271460767,0.2897326648235321,0.2897326648235321,3000.0
2023-12-13,0.2897326648235321,0.2897326648235321,0.2897326648235321,0.2897326648235321,0.0
2023-12-14,0.2897326648235321,0.2897326648235321,0.2897326648235321,0.2897326648235321,0.0
2023-12-15,0.2897326648235321,0.2897326648235321,0.2897326648235321,0.2897326648235321,60000.0
2023-12-18,0.2897326648235321,0.2897326648235321,0.2897326648235321,0.2897326648235321,30000.0
2023-12-19,0.2897326648235321,0.2897326648235321,0.2897326648235321,0.2897326648235321,0.0
2023-12-20,0.2897326648235321,0.2897326648235321,0.2897326648235321,0.2897326648235321,0.0
2023-12-21,0.2945615351200104,0.2945615351200104,0.2929515942119622,0.2945615351200104,21000.0
2023-12-22,0.2945615351200104,0.2945615351200104,0.2945615351200104,0.2945615351200104,0.0
2023-12-26,0.2945615351200104,0.2945615351200104,0.2945615351200104,0.2945615351200104,0.0
2023-12-27,0.2993903822457041,0.3009993731975555,0.2961704719245245,0.3009993731975555,36000.0
2023-12-28,0.3026093615394422,0.3090481758117676,0.3026093615394422,0.3090481758117676,108000.0
2023-12-29,0.3090481729038659,0.3138770461082458,0.3090481729038659,0.3138770461082458,15300.0
2024-01-02,0.3138770461082458,0.3138770461082458,0.3138770461082458,0.3138770461082458,0.0
2024-01-03,0.3106571435928345,0.3154860164785505,0.3106571435928345,0.3106571435928345,33000.0
2024-01-04,0.3138770330835727,0.3170959651470184,0.3138770330835727,0.3170959651470184,47400.0
2024-01-05,0.3170959651470184,0.3170959651470184,0.3170959651470184,0.3170959651470184,0.0
2024-01-08,0.3154860372979035,0.3154860372979035,0.3138770461082458,0.3138770461082458,135000.0
2024-01-09,0.3170959498042188,0.3251437544822693,0.3170959498042188,0.3251437544822693,215100.0
2024-01-10,0.3251437544822693,0.3251437544822693,0.3251437544822693,0.3251437544822693,0.0
2024-01-11,0.3251437544822693,0.3251437544822693,0.3251437544822693,0.3251437544822693,0.0
2024-01-12,0.3315826058387756,0.3315826058387756,0.3315826058387756,0.3315826058387756,1500.0
2024-01-15,0.3315826058387756,0.3315826058387756,0.3315826058387756,0.3315826058387756,0.0
2024-01-16,0.3251437544822693,0.3251437544822693,0.3251437544822693,0.3251437544822693,60000.0
2024-01-17,0.3251437544822693,0.3251437544822693,0.3251437544822693,0.3251437544822693,0.0
2024-01-18,0.3251437544822693,0.3251437544822693,0.3251437544822693,0.3251437544822693,0.0
2024-01-19,0.33480154550702,0.3412403594612337,0.33480154550702,0.3380214273929596,183300.0
2024-01-22,0.3380214273929596,0.3380214273929596,0.3380214273929596,0.3380214273929596,60000.0
2024-01-23,0.3380214144863658,0.3444592783770985,0.3380214144863658,0.3412403464317322,160800.0
2024-01-24,0.3412403464317322,0.3412403464317322,0.3412403464317322,0.3412403464317322,0.0
2024-01-25,0.34124036084771,0.3702136278152466,0.3380214287663572,0.3702136278152466,245400.0
2024-01-26,0.3702136278152466,0.3702136278152466,0.3702136278152466,0.3702136278152466,0.0
2024-01-29,0.3734325598965993,0.3734325598965993,0.3702136278152466,0.3702136278152466,16500.0
2024-01-30,0.3541170060634613,0.3541170060634613,0.3541170060634613,0.3541170060634613,12000.0
2024-01-31,0.3863102101705917,0.3863102101705917,0.3476791977882385,0.3476791977882385,1200.0
2024-02-01,0.3476791977882385,0.3476791977882385,0.3476791977882385,0.3476791977882385,0.0
2024-02-02,0.3702136109085037,0.3702136109085037,0.3541170228191391,0.3669946789741516,54000.0
2024-02-05,0.3669946789741516,0.3669946789741516,0.3669946789741516,0.3669946789741516,41100.0
2024-02-06,0.3669946880930466,0.3669946880930466,0.3637748062610626,0.3637748062610626,117600.0
2024-02-07,0.3605558691606721,0.3734325468540191,0.354117026622828,0.3734325468540191,22200.0
2024-02-08,0.3702136278152466,0.3734325598965993,0.3702136278152466,0.3702136278152466,54000.0
2024-02-09,0.3863102091991924,0.4056257009506225,0.3863102091991924,0.4056257009506225,84900.0
2024-02-13,0.3959679570009267,0.3959679570009267,0.3798713684082031,0.3798713684082031,3900.0
2024-02-14,0.3798713684082031,0.3798713684082031,0.3798713684082031,0.3798713684082031,0.0
2024-02-15,0.3863102143531033,0.4056257063622287,0.3863102143531033,0.395967960357666,369900.0
2024-02-16,0.4024058063374633,0.4120635519065505,0.4024058063374633,0.4088446199893951,158400.0
2024-02-19,0.4152834614394196,0.4345989525318146,0.4088446190203963,0.4345989525318146,79200.0
2024-02-20,0.4345989526548039,0.4700100819048221,0.4345989526548039,0.450694590806961,171600.0
2024-02-21,0.4056257009506225,0.4056257009506225,0.4056257009506225,0.4056257009506225,12000.0
2024-02-22,0.492545533239177,0.5166899571137643,0.4828877867152261,0.5118610262870789,26200.0
2024-02-23,0.502203279763128,0.5311765768996907,0.4780589134532506,0.5118610262870789,75300.0
2024-02-26,0.4877166177474237,0.4877166177474237,0.4539144790580565,0.4828877449035644,70500.0
2024-02-27,0.4780588695627673,0.5022032336559558,0.4732299967441297,0.4877166152000427,40600.0
2024-02-28,0.4877166152000427,0.4877166152000427,0.4877166152000427,0.4877166152000427,0.0
2024-02-29,0.4490856135412001,0.4732300069367738,0.4345989659909147,0.4684011340141296,700.0
2024-03-01,0.4345989340879355,0.4635721982792879,0.4104545712471008,0.4104545712471008,120700.0
2024-03-04,0.4249412317299269,0.4732300198374724,0.4249412317299269,0.4442567527294159,9800.0
2024-03-05,0.4539144933223724,0.4539144933223724,0.4539144933223724,0.4539144933223724,3000.0
2024-03-06,0.424941211938858,0.424941211938858,0.424941211938858,0.424941211938858,5000.0
2024-03-07,0.424941211938858,0.424941211938858,0.424941211938858,0.424941211938858,0.0
2024-03-08,0.395967963096874,0.395967963096874,0.3911390900611877,0.3911390900611877,30600.0
2024-03-11,0.3814813196659088,0.3814813196659088,0.3814813196659088,0.3814813196659088,1500.0
2024-03-12,0.429770107481405,0.4539145016867056,0.415283488227637,0.4394278824329376,22500.0
2024-03-13,0.4345989525318146,0.4345989525318146,0.4345989525318146,0.4345989525318146,40000.0
2024-03-14,0.4345989525318146,0.4345989525318146,0.4345989525318146,0.4345989525318146,0.0
2024-03-15,0.4345989525318146,0.4345989525318146,0.4345989525318146,0.4345989525318146,0.0
2024-03-18,0.4345989525318146,0.4345989525318146,0.4345989525318146,0.4345989525318146,0.0
2024-03-19,0.4152834713459015,0.4152834713459015,0.4152834713459015,0.4152834713459015,15600.0
2024-03-20,0.4152834713459015,0.4152834713459015,0.4152834713459015,0.4152834713459015,0.0
2024-03-21,0.424941211938858,0.449085604868138,0.424941211938858,0.424941211938858,8900.0
2024-03-22,0.424941211938858,0.424941211938858,0.424941211938858,0.424941211938858,0.0
2024-03-25,0.4345989725575904,0.4539144933223724,0.4345989725575904,0.4539144933223724,27800.0
2024-03-26,0.4539144933223724,0.4539144933223724,0.4539144933223724,0.4539144933223724,1359200.0
2024-03-27,0.4490856176844601,0.4635722365860459,0.4442567447172648,0.4587433636188507,13000.0
2024-03-28,0.4587433636188507,0.4587433636188507,0.4587433636188507,0.4587433636188507,0.0
2024-04-01,0.4587433451796602,0.4587433451796602,0.4345989525318146,0.4345989525318146,24800.0
2024-04-02,0.4345989525318146,0.4345989525318146,0.4345989525318146,0.4345989525318146,0.0
2024-04-03,0.4345989525318146,0.4345989525318146,0.4345989525318146,0.4345989525318146,0.0
2024-04-04,0.4345989525318146,0.4345989525318146,0.4345989525318146,0.4345989525318146,0.0
2024-04-05,0.4345989525318146,0.4345989525318146,0.4345989525318146,0.4345989525318146,0.0
2024-04-08,0.395967963096874,0.395967963096874,0.3911390900611877,0.3911390900611877,1500.0
2024-04-09,0.3911390900611877,0.3911390900611877,0.3911390900611877,0.3911390900611877,0.0
2024-04-11,0.3959679415646727,0.4394278540872653,0.3959679415646727,0.4345989525318146,71000.0
2024-04-12,0.4249412265663762,0.4539144933223724,0.4249412265663762,0.4539144933223724,99000.0
2024-04-15,0.4442567473311581,0.4539144933223724,0.4442567473311581,0.4539144933223724,12000.0
2024-04-16,0.4539145018277694,0.4925455152988434,0.4539145018277694,0.4925455152988434,256500.0
2024-04-17,0.4925454905912829,0.4925454905912829,0.463572224745775,0.4828877449035644,92800.0
2024-04-18,0.4780588720597052,0.4828877449035644,0.4780588720597052,0.4828877449035644,30600.0
2024-04-19,0.4684011288679054,0.4780588746070862,0.4635722272159625,0.4780588746070862,13000.0
2024-04-22,0.4732299992158459,0.4828877449035644,0.4732299992158459,0.4828877449035644,4800.0
2024-04-23,0.4828877449035644,0.4828877449035644,0.4828877449035644,0.4828877449035644,0.0
2024-04-24,0.4925455152988434,0.4925455152988434,0.4925455152988434,0.4925455152988434,9800.0
2024-04-25,0.4925455152988434,0.4925455152988434,0.4925455152988434,0.4925455152988434,0.0
2024-04-26,0.4925455152988434,0.4925455152988434,0.4925455152988434,0.4925455152988434,0.0
2024-04-29,0.4925455152988434,0.4925455152988434,0.4925455152988434,0.4925455152988434,0.0
2024-04-30,0.5166899382940012,0.5215188113800913,0.4877166422127533,0.4925455152988434,131700.0
2024-05-02,0.4877166078518281,0.5022032260894775,0.4877166078518281,0.5022032260894775,32000.0
2024-05-03,0.5118610262870789,0.5504920699475926,0.5118610262870789,0.5118610262870789,110700.0
2024-05-06,0.5118610262870789,0.5118610262870789,0.5118610262870789,0.5118610262870789,0.0
2024-05-07,0.5118610262870789,0.5118610262870789,0.5118610262870789,0.5118610262870789,0.0
2024-05-08,0.5118610262870789,0.5118610262870789,0.5118610262870789,0.5118610262870789,0.0
2024-05-09,0.5311765074729919,0.5311765074729919,0.5311765074729919,0.5311765074729919,100.0
2024-05-10,0.5166899571137643,0.5166899571137643,0.5118610262870789,0.5118610262870789,43800.0
2024-05-13,0.502203258654328,0.502203258654328,0.4973743855953216,0.4973743855953216,10300.0
2024-05-14,0.4973743855953216,0.4973743855953216,0.4973743855953216,0.4973743855953216,0.0
2024-05-15,0.4973743855953216,0.4973743855953216,0.4973743855953216,0.4973743855953216,0.0
2024-05-16,0.4973744065011525,0.5118610262870789,0.4973744065011525,0.5118610262870789,51000.0
2024-05-17,0.5166899503830158,0.5263476967811584,0.5166899503830158,0.5263476967811584,1000.0
2024-05-20,0.550491988658905,0.550491988658905,0.5022032056050288,0.550491988658905,44900.0
2024-05-21,0.5794653296470642,0.5794653296470642,0.5794653296470642,0.5794653296470642,100.0
2024-05-23,0.5794653296470642,0.5794653296470642,0.5794653296470642,0.5794653296470642,0.0
2024-05-24,0.5794653296470642,0.5794653296470642,0.5794653296470642,0.5794653296470642,0.0
2024-05-27,0.5794653385168735,0.5939519575886186,0.5601497888565063,0.5601497888565063,193100.0
2024-05-28,0.5987808160530201,0.5987808160530201,0.5794653244270214,0.5891230702400208,2800.0
2024-05-29,0.6180963458077318,0.647069642598721,0.6180963458077318,0.6277540922164917,24000.0
2024-05-30,0.6567273549953184,0.7243316339200959,0.6567273549953184,0.690529465675354,118900.0
2024-05-31,0.690529479445904,0.690529479445904,0.6615562411423744,0.6663851141929626,10300.0
2024-06-03,0.6567273494682234,0.7050161361694336,0.6567273494682234,0.7050161361694336,52200.0
2024-06-04,0.7050161361694336,0.7050161361694336,0.7050161361694336,0.7050161361694336,0.0
2024-06-05,0.7050161361694336,0.7050161361694336,0.7050161361694336,0.7050161361694336,0.0
2024-06-06,0.6760428575202155,0.6760428575202155,0.6567273653971173,0.6712139844894409,53300.0
2024-06-07,0.6712139844894409,0.6712139844894409,0.6712139844894409,0.6712139844894409,0.0
2024-06-10,0.6277540250857413,0.6470695734024048,0.5891230435818208,0.6470695734024048,35000.0
2024-06-11,0.7726204203411835,0.7726204203411835,0.6518984814617707,0.695358395576477,9200.0
2024-06-12,0.695358395576477,0.695358395576477,0.695358395576477,0.695358395576477,0.0
2024-06-13,0.695358395576477,0.695358395576477,0.695358395576477,0.695358395576477,0.0
2024-06-14,0.6615562357521876,0.6760428547859192,0.6229251940975296,0.6760428547859192,59200.0
2024-06-18,0.6760428547859192,0.6760428547859192,0.6760428547859192,0.6760428547859192,0.0
2024-06-19,0.6567273627409437,0.6760428547859192,0.6567273627409437,0.6760428547859192,16100.0
2024-06-20,0.6760428547859192,0.6760428547859192,0.6760428547859192,0.6760428547859192,0.0
2024-06-21,0.6953583988895978,0.6953583988895978,0.6663851034868447,0.6857005953788757,6700.0
2024-06-24,0.6857005953788757,0.6857005953788757,0.6857005953788757,0.6857005953788757,0.0
2024-06-25,0.6857005953788757,0.6857005953788757,0.6857005953788757,0.6857005953788757,0.0
2024-06-26,0.6857005953788757,0.6857005953788757,0.6857005953788757,0.6857005953788757,0.0
2024-06-27,0.6663851034868447,0.6857005953788757,0.6663851034868447,0.6857005953788757,7100.0
2024-06-28,0.6857005953788757,0.6857005953788757,0.6857005953788757,0.6857005953788757,0.0
2024-07-01,0.6760428494328602,0.6857005953788757,0.6760428494328602,0.6857005953788757,600.0
2024-07-02,0.6712139764598524,0.6857005953788757,0.6663851034868447,0.6857005953788757,35800.0
2024-07-03,0.6857006008084069,0.6857006008084069,0.6760428547859192,0.6760428547859192,800.0
2024-07-04,0.6760428547859192,0.6760428547859192,0.6760428547859192,0.6760428547859192,0.0
2024-07-05,0.6760428547859192,0.6760428547859192,0.6760428547859192,0.6760428547859192,0.0
2024-07-08,0.6663851141929626,0.671213987243551,0.637411875889433,0.6663851141929626,59000.0
2024-07-09,0.6374118732740192,0.6712139844894409,0.6374118732740192,0.6712139844894409,1000.0
2024-07-10,0.6712139844894409,0.6712139844894409,0.6712139844894409,0.6712139844894409,0.0
2024-07-11,0.6663850569274609,0.6663850569274609,0.6518984390205971,0.6615561842918396,20500.0
2024-07-12,0.6615561842918396,0.6615561842918396,0.6615561842918396,0.6615561842918396,0.0
2024-07-15,0.6615561842918396,0.6615561842918396,0.6615561842918396,0.6615561842918396,0.0
2024-07-16,0.6615562411423744,0.6663851141929626,0.6615562411423744,0.6663851141929626,86800.0
2024-07-17,0.593951911943988,0.6567273139953613,0.593951911943988,0.6567273139953613,30000.0
2024-07-18,0.6567273139953613,0.6567273139953613,0.6567273139953613,0.6567273139953613,0.0
2024-07-19,0.6325829654208717,0.6325829654208717,0.6277540922164917,0.6277540922164917,14200.0
2024-07-22,0.6277540922164917,0.6277540922164917,0.6277540922164917,0.6277540922164917,0.0
2024-07-23,0.6277540297962946,0.6422407055336733,0.6132674116236193,0.6374118328094482,56300.0
2024-07-24,0.6374118211137333,0.6663850569274609,0.6374118211137333,0.6615561842918396,44000.0
2024-07-25,0.6615561842918396,0.6615561842918396,0.6615561842918396,0.6615561842918396,0.0
2024-07-26,0.6374118332002142,0.6374118332002142,0.6325829029083252,0.6325829029083252,14700.0
2024-07-29,0.6325829025205196,0.6374118328094482,0.6325829025205196,0.6374118328094482,49000.0
2024-07-30,0.6374118328094482,0.6374118328094482,0.6374118328094482,0.6374118328094482,0.0
2024-07-31,0.6422406983583328,0.6518984436988831,0.6422406983583328,0.6518984436988831,44700.0
2024-08-01,0.637411896189961,0.637411896189961,0.6277540922164917,0.6277540922164917,50400.0
2024-08-02,0.6905295046616289,0.6905295046616289,0.6229252219200134,0.6229252219200134,31300.0
2024-08-05,0.6229251778481792,0.6229251778481792,0.593951940536499,0.593951940536499,74300.0
2024-08-06,0.593951940536499,0.593951940536499,0.593951940536499,0.593951940536499,0.0
2024-08-07,0.6518984436988831,0.6518984436988831,0.6518984436988831,0.6518984436988831,200.0
2024-08-08,0.6325829654208717,0.6325829654208717,0.6277540922164917,0.6277540922164917,11100.0
2024-08-12,0.6325829155441436,0.6325829155441436,0.5891230601313661,0.6084385514259338,29000.0
2024-08-13,0.6084385514259338,0.6084385514259338,0.6084385514259338,0.6084385514259338,0.0
2024-08-14,0.6084385514259338,0.6084385514259338,0.6084385514259338,0.6084385514259338,0.0
2024-08-15,0.6084385514259338,0.6084385514259338,0.6084385514259338,0.6084385514259338,0.0
2024-08-16,0.6084385514259338,0.6084385514259338,0.6084385514259338,0.6084385514259338,0.0
2024-08-19,0.593951940536499,0.593951940536499,0.593951940536499,0.593951940536499,1200.0
2024-08-20,0.5987808082855963,0.6036096811294556,0.5939519354417371,0.6036096811294556,17000.0
2024-08-21,0.6036096811294556,0.6036096811294556,0.6036096811294556,0.6036096811294556,20000.0
2024-08-22,0.6229252219200134,0.6422407723924104,0.6229252219200134,0.6229252219200134,14600.0
2024-08-23,0.6132674530717843,0.6760428602941392,0.6132674530717843,0.6663851141929626,69700.0
2024-08-26,0.6808717250823975,0.6808717250823975,0.6808717250823975,0.6808717250823975,200.0
2024-08-27,0.651898515803101,0.656727389007481,0.6229252190121117,0.6277540922164917,312400.0
2024-08-28,0.6325829683738572,0.6325829683738572,0.6229252219200134,0.6229252219200134,39900.0
2024-08-29,0.6760428575202155,0.6760428575202155,0.6712139844894409,0.6712139844894409,200.0
2024-08-30,0.6132674242495758,0.6132674242495758,0.6084385514259338,0.6084385514259338,9000.0
2024-09-02,0.6084386051239034,0.622925224873351,0.6084386051239034,0.6180963516235352,30200.0
2024-09-03,0.6084385565617826,0.6084385565617826,0.5987808108329773,0.5987808108329773,9000.0
2024-09-04,0.6180963516235352,0.6470696486871405,0.5939519853744556,0.6180963516235352,26400.0
2024-09-05,0.6180963516235352,0.6180963516235352,0.6180963516235352,0.6180963516235352,0.0
2024-09-06,0.6180963516235352,0.6180963516235352,0.6180963516235352,0.6180963516235352,0.0
2024-09-09,0.6180963516235352,0.6180963516235352,0.6180963516235352,0.6180963516235352,0.0
2024-09-10,0.6180963516235352,0.6180963516235352,0.6180963516235352,0.6180963516235352,0.0
2024-09-11,0.6180963516235352,0.6180963516235352,0.6180963516235352,0.6180963516235352,0.0
2024-09-12,0.6036096661751692,0.6374118328094482,0.5987807934509441,0.6374118328094482,20100.0
2024-09-13,0.6374118328094482,0.6374118328094482,0.6374118328094482,0.6374118328094482,0.0
2024-09-16,0.6663850666357833,0.6663850666357833,0.6422407031059265,0.6422407031059265,10200.0
2024-09-17,0.6615562684365882,0.6615562684365882,0.6180963516235352,0.6180963516235352,13800.0
2024-09-18,0.6180963516235352,0.6180963516235352,0.6180963516235352,0.6180963516235352,0.0
2024-09-19,0.6084385514259338,0.6084385514259338,0.6084385514259338,0.6084385514259338,2400.0
2024-09-20,0.6084385514259338,0.6084385514259338,0.6084385514259338,0.6084385514259338,9000.0
2024-09-23,0.6084385514259338,0.6084385514259338,0.6084385514259338,0.6084385514259338,0.0
2024-09-24,0.6084385514259338,0.6084385514259338,0.6084385514259338,0.6084385514259338,0.0
2024-09-25,0.6084385514259338,0.6084385514259338,0.6084385514259338,0.6084385514259338,0.0
2024-09-26,0.6084385514259338,0.6084385514259338,0.6084385514259338,0.6084385514259338,0.0
2024-09-27,0.6180963486930916,0.6229252219200134,0.6180963486930916,0.6229252219200134,47200.0
2024-09-30,0.6180963516235352,0.6180963516235352,0.6180963516235352,0.6180963516235352,6000.0
2024-10-01,0.6760428914416837,0.6760428914416837,0.5939519882347748,0.6132674813270569,50000.0
2024-10-02,0.6084385618660195,0.6084385618660195,0.5891230702400208,0.5891230702400208,63200.0
2024-10-03,0.589123065104172,0.6084385565617826,0.4973743655511118,0.5987808108329773,93600.0
2024-10-04,0.5987807717127812,0.5987807717127812,0.550491988658905,0.550491988658905,9100.0
2024-10-07,0.5601497656248096,0.6084385514259338,0.5601497656248096,0.6084385514259338,21000.0
2024-10-08,0.6374118513129035,0.6374118513129035,0.5987808108329773,0.5987808108329773,93200.0
2024-10-09,0.5987808108329773,0.5987808108329773,0.5987808108329773,0.5987808108329773,0.0
2024-10-10,0.589123065104172,0.5987808108329773,0.589123065104172,0.5987808108329773,27800.0
2024-10-11,0.632582918192611,0.632582918192611,0.6036096811294556,0.6036096811294556,5100.0
2024-10-14,0.6036096811294556,0.6036096811294556,0.6036096811294556,0.6036096811294556,0.0
2024-10-15,0.6374118626117706,0.6374118626117706,0.5794653296470642,0.5794653296470642,35000.0
2024-10-16,0.5794653296470642,0.5794653296470642,0.5794653296470642,0.5794653296470642,0.0
2024-10-17,0.5794653218806589,0.593951940536499,0.5794653218806589,0.593951940536499,7500.0
2024-10-18,0.593951940536499,0.593951940536499,0.593951940536499,0.593951940536499,0.0
2024-10-21,0.593951940536499,0.593951940536499,0.593951940536499,0.593951940536499,0.0
2024-10-22,0.6229252219200134,0.6229252219200134,0.6229252219200134,0.6229252219200134,24100.0
2024-10-23,0.6229252219200134,0.6229252219200134,0.6229252219200134,0.6229252219200134,0.0
2024-10-24,0.6229251966169883,0.6905294766125392,0.6229251966169883,0.6712139844894409,1500.0
2024-10-25,0.6857006282337609,0.6857006282337609,0.5794653601726918,0.6277540922164917,36400.0
2024-10-28,0.6277540922164917,0.6277540922164917,0.6277540922164917,0.6277540922164917,0.0
2024-10-29,0.632582974419339,0.632582974419339,0.6084386080539864,0.6132674813270569,84100.0
2024-10-30,0.6132674813270569,0.6132674813270569,0.6132674813270569,0.6132674813270569,0.0
2024-11-01,0.6132674813270569,0.6132674813270569,0.6132674813270569,0.6132674813270569,0.0
2024-11-04,0.6132674813270569,0.6132674813270569,0.6132674813270569,0.6132674813270569,0.0
2024-11-05,0.6132674813270569,0.6132674813270569,0.6132674813270569,0.6132674813270569,0.0
2024-11-06,0.6132674813270569,0.6132674813270569,0.6132674813270569,0.6132674813270569,0.0
2024-11-07,0.6084385514259338,0.6084385514259338,0.6084385514259338,0.6084385514259338,3000.0
2024-11-08,0.6036096811294556,0.6036096811294556,0.6036096811294556,0.6036096811294556,1000.0
2024-11-11,0.6036096811294556,0.6036096811294556,0.6036096811294556,0.6036096811294556,0.0
2024-11-12,0.650951623916626,0.650951623916626,0.650951623916626,0.650951623916626,100.0
2024-11-13,0.6361572742462158,0.6361572742462158,0.6361572742462158,0.6361572742462158,4100.0
2024-11-14,0.6361572742462158,0.6361572742462158,0.6361572742462158,0.6361572742462158,0.0
2024-11-15,0.6312258243560791,0.6312258243560791,0.6262943771960696,0.6312258243560791,40000.0
2024-11-18,0.6312258243560791,0.6312258243560791,0.6312258243560791,0.6312258243560791,0.0
2024-11-19,0.6312258243560791,0.6312258243560791,0.6312258243560791,0.6312258243560791,0.0
2024-11-20,0.6312258243560791,0.6312258243560791,0.6312258243560791,0.6312258243560791,0.0
2024-11-21,0.6312258243560791,0.6312258243560791,0.6312258243560791,0.6312258243560791,0.0
2024-11-22,0.6312258243560791,0.6312258243560791,0.6312258243560791,0.6312258243560791,0.0
2024-11-25,0.6312258243560791,0.6312258243560791,0.6312258243560791,0.6312258243560791,0.0
2024-11-26,0.6509516660633371,0.6509516660633371,0.6213629245758057,0.6213629245758057,500.0
2024-11-27,0.6213629245758057,0.6213629245758057,0.6213629245758057,0.6213629245758057,0.0
2024-11-28,0.6213629245758057,0.6213629245758057,0.6213629245758057,0.6213629245758057,0.0
2024-11-29,0.650951623916626,0.650951623916626,0.650951623916626,0.650951623916626,200.0
2024-12-02,0.6312258010589943,0.6312258010589943,0.5917742252349854,0.5917742252349854,106700.0
2024-12-03,0.581911278124809,0.6016371250152588,0.581911278124809,0.6016371250152588,15100.0
2024-12-04,0.5967056779895178,0.6016371250152588,0.5917742309637768,0.6016371250152588,6800.0
2024-12-05,0.6016371250152588,0.6016371250152588,0.6016371250152588,0.6016371250152588,9800.0
2024-12-06,0.5917742252349854,0.5917742252349854,0.5917742252349854,0.5917742252349854,100.0
2024-12-09,0.5917742365077687,0.6115000247955322,0.5917742365077687,0.6115000247955322,600.0
2024-12-10,0.5819112808727658,0.6065685749053955,0.5819112808727658,0.6065685749053955,14100.0
2024-12-11,0.6065685749053955,0.6065685749053955,0.6065685749053955,0.6065685749053955,0.0
2024-12-12,0.6065685749053955,0.6065685749053955,0.6065685749053955,0.6065685749053955,0.0
2024-12-13,0.5621854817897167,0.5868427753448486,0.5621854817897167,0.5868427753448486,9600.0
2024-12-16,0.5819112658500671,0.5819112658500671,0.5819112658500671,0.5819112658500671,100.0
2024-12-17,0.5819112658500671,0.5819112658500671,0.5819112658500671,0.5819112658500671,0.0
2024-12-18,0.5572540163993835,0.5572540163993835,0.5572540163993835,0.5572540163993835,21500.0
2024-12-19,0.5572540163993835,0.5572540163993835,0.5572540163993835,0.5572540163993835,0.0
2024-12-20,0.5572540163993835,0.5572540163993835,0.5572540163993835,0.5572540163993835,0.0
2024-12-23,0.5572540163993835,0.5572540163993835,0.5572540163993835,0.5572540163993835,0.0
2024-12-24,0.5572540163993835,0.5572540163993835,0.5572540163993835,0.5572540163993835,0.0
2024-12-26,0.5819112753314316,0.5967056751251221,0.5819112753314316,0.5967056751251221,200.0
2024-12-27,0.5967056751251221,0.5967056751251221,0.5967056751251221,0.5967056751251221,0.0
2024-12-30,0.5325967764155488,0.5473911166191101,0.5276653296810283,0.5473911166191101,61800.0
2024-12-31,0.5473911166191101,0.5473911166191101,0.5473911166191101,0.5473911166191101,0.0
2025-01-02,0.5473911166191101,0.5473911166191101,0.5473911166191101,0.5473911166191101,2000.0
2025-01-03,0.5325967911054875,0.5720483660697937,0.5325967911054875,0.5720483660697937,600.0
2025-01-06,0.5473911288025333,0.567116916179657,0.5473911288025333,0.567116916179657,26700.0
2025-01-07,0.5523225665092468,0.5523225665092468,0.5523225665092468,0.5523225665092468,14300.0
2025-01-08,0.5424596698845897,0.5523225633536306,0.5424596698845897,0.5473911166191101,14100.0
2025-01-09,0.5473911166191101,0.5473911166191101,0.5473911166191101,0.5473911166191101,0.0
2025-01-10,0.4980766177177429,0.4980766177177429,0.4980766177177429,0.4980766177177429,15000.0
2025-01-13,0.4980766177177429,0.4980766177177429,0.4980766177177429,0.4980766177177429,0.0
2025-01-14,0.4980766205754483,0.5030080676078796,0.4980766205754483,0.5030080676078796,4600.0
2025-01-15,0.5128709673881531,0.5128709673881531,0.5128709673881531,0.5128709673881531,40000.0
2025-01-16,0.5128709673881531,0.5128709673881531,0.5128709673881531,0.5128709673881531,0.0
2025-01-17,0.5128709673881531,0.5128709673881531,0.5128709673881531,0.5128709673881531,0.0
2025-01-20,0.5128709673881531,0.5128709673881531,0.5128709673881531,0.5128709673881531,0.0
2025-01-21,0.5128709673881531,0.5128709673881531,0.5128709673881531,0.5128709673881531,4000.0
2025-01-22,0.5128709673881531,0.5128709673881531,0.5128709673881531,0.5128709673881531,0.0
2025-01-23,0.5325968265533447,0.5325968265533447,0.5325968265533447,0.5325968265533447,500.0
2025-01-24,0.5325968265533447,0.5325968265533447,0.5325968265533447,0.5325968265533447,0.0
2025-01-27,0.5325968265533447,0.5325968265533447,0.5325968265533447,0.5325968265533447,0.0
2025-01-28,0.5325968265533447,0.5325968265533447,0.5325968265533447,0.5325968265533447,0.0
2025-01-31,0.5325968265533447,0.5325968265533447,0.5325968265533447,0.5325968265533447,0.0
2025-02-03,0.5325968265533447,0.5325968265533447,0.5325968265533447,0.5325968265533447,0.0
2025-02-04,0.5325968265533447,0.5325968265533447,0.5325968265533447,0.5325968265533447,0.0
2025-02-05,0.5178024172782898,0.5178024172782898,0.5178024172782898,0.5178024172782898,16000.0
2025-02-06,0.5128709673881531,0.5128709673881531,0.5128709673881531,0.5128709673881531,12100.0
2025-02-07,0.5128709616727423,0.5128709616727423,0.4832822794781544,0.5030080676078796,15300.0
2025-02-10,0.527665332695769,0.5720483535600291,0.527665332695769,0.5523225665092468,43300.0
2025-02-11,0.5671169035571919,0.5671169035571919,0.5473911166191101,0.5473911166191101,7800.0
2025-02-12,0.5473911166191101,0.5473911166191101,0.5473911166191101,0.5473911166191101,0.0
2025-02-13,0.4980766233776644,0.5325968115863825,0.4931451763174884,0.5079395174980164,90400.0
2025-02-14,0.5128709673881531,0.5128709673881531,0.5128709673881531,0.5128709673881531,7600.0
2025-02-17,0.5030080647218801,0.5030080647218801,0.4980766177177429,0.4980766177177429,31600.0
2025-02-18,0.5178023744123262,0.5473911134348064,0.5178023744123262,0.5424596667289734,95300.0
2025-02-19,0.552322612531237,0.552322612531237,0.527665376663208,0.527665376663208,16300.0
2025-02-20,0.5276653819965808,0.5424597236669318,0.5276653819965808,0.5375282764434814,32300.0
2025-02-21,0.5276653702939365,0.5276653702939365,0.5178024172782898,0.5178024172782898,50200.0
2025-02-24,0.5178024172782898,0.5178024172782898,0.5178024172782898,0.5178024172782898,0.0
2025-02-25,0.5276653674378009,0.5276653674378009,0.5128709673881531,0.5128709673881531,36200.0
2025-02-26,0.5227338643923698,0.5227338643923698,0.5178024172782898,0.5178024172782898,16000.0
2025-02-27,0.5178024057342918,0.5178024057342918,0.4980766177177429,0.4980766177177429,110400.0
2025-02-28,0.4980766177177429,0.4980766177177429,0.4980766177177429,0.4980766177177429,0.0
2025-03-03,0.5030080676078796,0.5030080676078796,0.5030080676078796,0.5030080676078796,4500.0
2025-03-04,0.5030080676078796,0.5030080676078796,0.5030080676078796,0.5030080676078796,0.0
2025-03-05,0.5030080676078796,0.5030080676078796,0.5030080676078796,0.5030080676078796,0.0
2025-03-06,0.5030080676078796,0.5030080676078796,0.5030080676078796,0.5030080676078796,10000.0
2025-03-07,0.5030080676078796,0.5030080676078796,0.5030080676078796,0.5030080676078796,0.0
2025-03-10,0.4980766205754483,0.5030080676078796,0.4980766205754483,0.5030080676078796,28500.0
2025-03-11,0.4931451678276062,0.4931451678276062,0.4931451678276062,0.4931451678276062,12300.0
2025-03-12,0.4980766148028834,0.4980766148028834,0.4931451678276062,0.4931451678276062,30000.0
2025-03-13,0.4931451678276062,0.4931451678276062,0.4931451678276062,0.4931451678276062,0.0
2025-03-14,0.4931451678276062,0.4931451678276062,0.4931451678276062,0.4931451678276062,0.0
2025-03-17,0.4980766148028834,0.4980766148028834,0.4931451678276062,0.4931451678276062,9000.0
2025-03-18,0.4931451678276062,0.4931451678276062,0.4931451678276062,0.4931451678276062,100.0
2025-03-19,0.4931451678276062,0.4931451678276062,0.4931451678276062,0.4931451678276062,0.0
2025-03-20,0.4931451678276062,0.4931451678276062,0.4931451678276062,0.4931451678276062,25500.0
2025-03-21,0.498076587588994,0.5424596667289734,0.4734193246660877,0.5424596667289734,64600.0
2025-03-24,0.5424596667289734,0.5424596667289734,0.5424596667289734,0.5424596667289734,0.0
2025-03-25,0.5424596667289734,0.5424596667289734,0.5424596667289734,0.5424596667289734,0.0
2025-03-26,0.5178024172782898,0.5178024172782898,0.5178024172782898,0.5178024172782898,30000.0
2025-03-27,0.5178024172782898,0.5178024172782898,0.5178024172782898,0.5178024172782898,0.0
2025-03-28,0.5178024172782898,0.5178024172782898,0.5178024172782898,0.5178024172782898,0.0
2025-04-01,0.5178024172782898,0.5178024172782898,0.5178024172782898,0.5178024172782898,0.0
2025-04-02,0.507939520300766,0.532596814525188,0.507939520300766,0.5128709673881531,16200.0
2025-04-03,0.5030080676078796,0.5030080676078796,0.5030080676078796,0.5030080676078796,800.0
2025-04-04,0.4980766177177429,0.4980766177177429,0.4980766177177429,0.4980766177177429,13000.0
2025-04-07,0.4931451744307222,0.4931451744307222,0.4536935687065124,0.4536935687065124,53000.0
2025-04-08,0.4536935687065124,0.4536935687065124,0.4536935687065124,0.4536935687065124,0.0
2025-04-09,0.4536935687065124,0.4536935687065124,0.4536935687065124,0.4536935687065124,0.0
2025-04-10,0.4536935687065124,0.4536935687065124,0.4536935687065124,0.4536935687065124,0.0
2025-04-11,0.4536935687065124,0.4536935687065124,0.4536935687065124,0.4536935687065124,0.0
2025-04-14,0.4536935687065124,0.4536935687065124,0.4536935687065124,0.4536935687065124,0.0
2025-04-15,0.4536935687065124,0.4536935687065124,0.4536935687065124,0.4536935687065124,0.0
2025-04-16,0.4536935687065124,0.4536935687065124,0.4536935687065124,0.4536935687065124,0.0
2025-04-17,0.4734193384647369,0.4734193384647369,0.4734193384647369,0.4734193384647369,500.0
2025-04-21,0.493145173543017,0.5030080676078796,0.493145173543017,0.5030080676078796,53900.0
2025-04-22,0.5030080676078796,0.5030080676078796,0.5030080676078796,0.5030080676078796,3000.0
2025-04-23,0.5030080676078796,0.5030080676078796,0.5030080676078796,0.5030080676078796,0.0
2025-04-24,0.5227338615629273,0.5227338615629273,0.5128709673881531,0.5128709673881531,200.0
2025-04-25,0.5128709673881531,0.5128709673881531,0.5128709673881531,0.5128709673881531,4800.0
2025-04-28,0.5178024200281574,0.5227338671684265,0.5178024200281574,0.5227338671684265,67400.0
2025-04-29,0.527665361557522,0.527665361557522,0.5030080676078796,0.5030080676078796,26700.0
2025-04-30,0.5030080676078796,0.5030080676078796,0.5030080676078796,0.5030080676078796,0.0
2025-05-02,0.5030080676078796,0.5030080676078796,0.5030080676078796,0.5030080676078796,0.0
2025-05-05,0.5424597145169902,0.5424597145169902,0.5227338671684265,0.5227338671684265,9900.0
2025-05-06,0.5276653702939365,0.5276653702939365,0.5030080759360499,0.5178024172782898,43900.0
2025-05-07,0.498076587588994,0.5424596667289734,0.498076587588994,0.5424596667289734,26000.0
2025-05-08,0.5424597181840254,0.5424597181840254,0.527665376663208,0.527665376663208,8600.0
2025-05-09,0.527665376663208,0.527665376663208,0.527665376663208,0.527665376663208,0.0
2025-05-13,0.527665376663208,0.527665376663208,0.527665376663208,0.527665376663208,0.0
2025-05-14,0.527665376663208,0.527665376663208,0.527665376663208,0.527665376663208,0.0
2025-05-15,0.527665376663208,0.527665376663208,0.527665376663208,0.527665376663208,0.0
2025-05-16,0.4980766205754483,0.507939514640311,0.4684879089871175,0.5030080676078796,71800.0
2025-05-19,0.5030080676078796,0.5030080676078796,0.5030080676078796,0.5030080676078796,0.0
2025-05-20,0.5030080676078796,0.5030080676078796,0.5030080676078796,0.5030080676078796,0.0
2025-05-21,0.527665361557522,0.527665361557522,0.5030080676078796,0.5030080676078796,3100.0
2025-05-22,0.5030080676078796,0.5030080676078796,0.5030080676078796,0.5030080676078796,0.0
2025-05-23,0.527665376663208,0.5424597181840254,0.527665376663208,0.527665376663208,67000.0
2025-05-26,0.5424596760282675,0.5671169099801275,0.5424596760282675,0.5572540163993835,101400.0
2025-05-27,0.5572540224910951,0.567116916179657,0.5572540224910951,0.567116916179657,26300.0
2025-05-28,0.5720483535600291,0.5720483535600291,0.5523225665092468,0.5523225665092468,15700.0
2025-05-29,0.567116916179657,0.567116916179657,0.567116916179657,0.567116916179657,5000.0
2025-05-30,0.567116916179657,0.567116916179657,0.567116916179657,0.567116916179657,0.0
2025-06-02,0.6016371250152588,0.6016371250152588,0.6016371250152588,0.6016371250152588,400.0
2025-06-03,0.6016371060805071,0.6016371060805071,0.5720483660697937,0.5720483660697937,14000.0
2025-06-04,0.5720483660697937,0.5720483660697937,0.5720483660697937,0.5720483660697937,0.0
2025-06-05,0.576979831099068,0.6016371250152588,0.576979831099068,0.6016371250152588,56900.0
2025-06-06,0.6164314718674732,0.6312258130832958,0.6115000247955322,0.6115000247955322,54600.0
2025-06-09,0.6805403296264906,0.6805403296264906,0.5917742252349854,0.5917742252349854,22900.0
2025-06-10,0.6608145717318857,0.6608145717318857,0.6410887241363525,0.6410887241363525,31000.0
2025-06-11,0.6558830738067627,0.6558830738067627,0.6558830738067627,0.6558830738067627,400.0
2025-06-12,0.6558830738067627,0.6558830738067627,0.6558830738067627,0.6558830738067627,5000.0
2025-06-13,0.6361572742462158,0.6361572742462158,0.6361572742462158,0.6361572742462158,5000.0
2025-06-16,0.6558830738067627,0.6558830738067627,0.6558830738067627,0.6558830738067627,100.0
2025-06-17,0.6558830738067627,0.6558830738067627,0.6558830738067627,0.6558830738067627,0.0
2025-06-18,0.6558830738067627,0.6558830738067627,0.6558830738067627,0.6558830738067627,0.0
2025-06-19,0.6115000383403499,0.6361572742462158,0.6065685911591767,0.6361572742462158,18700.0
2025-06-20,0.6361572742462158,0.6361572742462158,0.6361572742462158,0.6361572742462158,0.0
2025-06-23,0.6361572742462158,0.6361572742462158,0.6361572742462158,0.6361572742462158,0.0
2025-06-24,0.6361572742462158,0.6361572742462158,0.6361572742462158,0.6361572742462158,0.0
2025-06-25,0.616431474685669,0.616431474685669,0.616431474685669,0.616431474685669,300.0
2025-06-26,0.6065685749053955,0.6065685749053955,0.6065685749053955,0.6065685749053955,1200.0
2025-06-27,0.6065685777235914,0.6115000247955322,0.5967056835797097,0.6115000247955322,31400.0
2025-06-30,0.5769798159599304,0.5769798159599304,0.5769798159599304,0.5769798159599304,1800.0
2025-07-01,0.6016371250152588,0.6016371250152588,0.6016371250152588,0.6016371250152588,36200.0
2025-07-02,0.5967056722129864,0.5967056722129864,0.5917742252349854,0.5917742252349854,27000.0
2025-07-03,0.5917742281230537,0.5967056751251221,0.5917742281230537,0.5967056751251221,10100.0
2025-07-04,0.5523225933190217,0.5967056751251221,0.5523225933190217,0.5967056751251221,2800.0
2025-07-07,0.5967056751251221,0.5967056751251221,0.5967056751251221,0.5967056751251221,0.0
2025-07-08,0.5917742281230537,0.5967056751251221,0.5819112753314316,0.5967056751251221,10600.0
2025-07-09,0.5967056751251221,0.5967056751251221,0.5967056751251221,0.5967056751251221,0.0
2025-07-10,0.596705680807338,0.6065685749053955,0.5917742337583093,0.6065685749053955,31500.0
2025-07-11,0.5917742337583093,0.6065685749053955,0.5917742337583093,0.6065685749053955,4800.0
2025-07-14,0.6016371278563668,0.6065685749053955,0.6016371278563668,0.6065685749053955,3100.0
2025-07-15,0.6016371278563668,0.6065685749053955,0.6016371278563668,0.6065685749053955,9900.0
2025-07-16,0.6065685937222731,0.6706774661359084,0.6065685937222731,0.6410887241363525,83900.0
2025-07-17,0.6410887241363525,0.6410887241363525,0.6410887241363525,0.6410887241363525,0.0
2025-07-18,0.6608145236968994,0.6608145236968994,0.6608145236968994,0.6608145236968994,100.0
2025-07-21,0.6016371221271903,0.6016371221271903,0.5967056751251221,0.5967056751251221,4000.0
2025-07-22,0.6262943744659424,0.6262943744659424,0.6262943744659424,0.6262943744659424,100.0
2025-07-23,0.6262943540809932,0.6509516477584839,0.5917742252349854,0.5917742252349854,34100.0
2025-07-24,0.5917742281230537,0.5967056751251221,0.5917742281230537,0.5967056751251221,1000.0
2025-07-25,0.6312258243560791,0.6558831189436135,0.6312258243560791,0.6312258243560791,58300.0
2025-07-28,0.631225774119241,0.6460201144218445,0.631225774119241,0.6460201144218445,13300.0
2025-07-29,0.621362880584172,0.6460201144218445,0.621362880584172,0.6460201144218445,20200.0
2025-07-30,0.6460201144218445,0.6460201144218445,0.6460201144218445,0.6460201144218445,0.0
2025-07-31,0.6460201144218445,0.6460201144218445,0.6460201144218445,0.6460201144218445,0.0
2025-08-01,0.621362918939414,0.621362918939414,0.6115000247955322,0.6115000247955322,15000.0
2025-08-04,0.6410887241363525,0.6410887241363525,0.6410887241363525,0.6410887241363525,100.0
2025-08-05,0.6410887241363525,0.6410887241363525,0.6410887241363525,0.6410887241363525,0.0
2025-08-06,0.6410887241363525,0.6410887241363525,0.6410887241363525,0.6410887241363525,0.0
2025-08-07,0.6410887241363525,0.6410887241363525,0.6410887241363525,0.6410887241363525,0.0
2025-08-08,0.6410887241363525,0.6410887241363525,0.6410887241363525,0.6410887241363525,0.0
2025-08-11,0.6410887241363525,0.6410887241363525,0.6410887241363525,0.6410887241363525,0.0
2025-08-12,0.6410887241363525,0.6410887241363525,0.6410887241363525,0.6410887241363525,0.0
2025-08-13,0.6410887241363525,0.6410887241363525,0.6410887241363525,0.6410887241363525,0.0
2025-08-14,0.6410887241363525,0.6410887241363525,0.6410887241363525,0.6410887241363525,0.0
2025-08-15,0.6410887241363525,0.6410887241363525,0.6410887241363525,0.6410887241363525,0.0
2025-08-18,0.6410887241363525,0.6410887241363525,0.6410887241363525,0.6410887241363525,0.0
2025-08-19,0.6410887241363525,0.6410887241363525,0.6410887241363525,0.6410887241363525,0.0
2025-08-20,0.6410887241363525,0.6410887241363525,0.6410887241363525,0.6410887241363525,0.0
2025-08-21,0.6410887241363525,0.6410887241363525,0.6410887241363525,0.6410887241363525,0.0
2025-08-22,0.5917742337583093,0.6065685749053955,0.5917742337583093,0.6065685749053955,8400.0
2025-08-25,0.6016371306516505,0.6115000247955322,0.6016371306516505,0.6115000247955322,32500.0
2025-08-26,0.6115000247955322,0.6115000247955322,0.6115000247955322,0.6115000247955322,0.0
2025-08-27,0.5967056722129864,0.5967056722129864,0.5917742252349854,0.5917742252349854,37200.0
2025-08-28,0.5917742252349854,0.5917742252349854,0.5917742252349854,0.5917742252349854,0.0
2025-08-29,0.5917742252349854,0.5917742252349854,0.5917742252349854,0.5917742252349854,0.0
2025-09-01,0.5917742252349854,0.5917742252349854,0.5917742252349854,0.5917742252349854,0.0
2025-09-02,0.5720483660697937,0.5720483660697937,0.5720483660697937,0.5720483660697937,6000.0
2025-09-03,0.5769798365044598,0.6115000247955322,0.5769798365044598,0.6115000247955322,15400.0
2025-09-04,0.6115000247955322,0.6115000247955322,0.6115000247955322,0.6115000247955322,0.0
2025-09-05,0.6115000247955322,0.6115000247955322,0.6115000247955322,0.6115000247955322,0.0
2025-09-08,0.5819112598108702,0.5819112598108702,0.5720483660697937,0.5720483660697937,9000.0
2025-09-09,0.5769798159599304,0.5769798159599304,0.5769798159599304,0.5769798159599304,300.0
2025-09-10,0.5819112658500671,0.5819112658500671,0.5819112658500671,0.5819112658500671,1100.0
2025-09-11,0.5819112658500671,0.5819112658500671,0.5819112658500671,0.5819112658500671,0.0
2025-09-12,0.6065685749053955,0.6065685749053955,0.6065685749053955,0.6065685749053955,6600.0
2025-09-15,0.5769798159599304,0.5769798159599304,0.5769798159599304,0.5769798159599304,2000.0
2025-09-16,0.5917742252349854,0.5917742252349854,0.5917742252349854,0.5917742252349854,7900.0
2025-09-17,0.5917742252349854,0.616431460124991,0.5917742252349854,0.5917742252349854,20600.0
2025-09-18,0.5917742252349854,0.5917742252349854,0.5917742252349854,0.5917742252349854,0.0
2025-09-19,0.5917742252349854,0.5917742252349854,0.5917742252349854,0.5917742252349854,0.0
2025-09-22,0.5917742252349854,0.5917742252349854,0.581911272491498,0.5917742252349854,22200.0
2025-09-23,0.5917742365077687,0.6115000247955322,0.5917742365077687,0.6115000247955322,1100.0
2025-09-24,0.6115000247955322,0.6115000247955322,0.6115000247955322,0.6115000247955322,0.0
2025-09-25,0.596705680807338,0.6115000219544242,0.596705680807338,0.6065685749053955,25500.0
2025-09-26,0.596705680807338,0.6115000219544242,0.596705680807338,0.6065685749053955,25200.0
2025-09-29,0.6065685749053955,0.6065685749053955,0.6065685749053955,0.6065685749053955,0.0
2025-09-30,0.6065685749053955,0.6065685749053955,0.6065685749053955,0.6065685749053955,0.0
2025-10-01,0.6065685749053955,0.6065685749053955,0.6065685749053955,0.6065685749053955,0.0
2025-10-02,0.596705680807338,0.6065685749053955,0.5917742337583093,0.6065685749053955,63600.0
2025-10-03,0.6065685777235914,0.6115000247955322,0.6065685777235914,0.6115000247955322,27000.0
2025-10-06,0.6361572601552367,0.6361572601552367,0.6115000247955322,0.6115000247955322,36900.0
2025-10-07,0.6065685720409998,0.6164314660924818,0.6016371250152588,0.6016371250152588,27200.0
2025-10-08,0.6262943273517065,0.6460201144218445,0.6262943273517065,0.6460201144218445,16900.0
2025-10-09,0.6312258270650427,0.6361572742462158,0.6115000383403499,0.6361572742462158,7500.0
2025-10-10,0.6164314718674732,0.6164314718674732,0.6115000247955322,0.6115000247955322,18400.0
2025-10-13,0.6115000247955322,0.6115000247955322,0.6115000247955322,0.6115000247955322,0.0
2025-10-14,0.6065685661689887,0.6065685661689887,0.5917742252349854,0.5917742252349854,22500.0
2025-10-15,0.5967056751251221,0.5967056751251221,0.5967056751251221,0.5967056751251221,1300.0
2025-10-16,0.5917742252349854,0.5917742252349854,0.5917742252349854,0.5917742252349854,9600.0
2025-10-17,0.5917742252349854,0.5917742252349854,0.5917742252349854,0.5917742252349854,1000.0
2025-10-21,0.6016371439780036,0.6361572742462158,0.6016371439780036,0.6361572742462158,2200.0
2025-10-22,0.6361572742462158,0.6361572742462158,0.6361572742462158,0.6361572742462158,0.0
2025-10-23,0.6016371250152588,0.6016371250152588,0.6016371250152588,0.6016371250152588,300.0
2025-10-24,0.6213629131182228,0.6361572541954458,0.5917742309637768,0.6016371250152588,22100.0
2025-10-27,0.6065685832257833,0.6213629245758057,0.6065685832257833,0.6213629245758057,1900.0
2025-10-28,0.6213629245758057,0.6213629245758057,0.6213629245758057,0.6213629245758057,0.0
2025-10-29,0.6213629245758057,0.6213629245758057,0.6213629245758057,0.6213629245758057,0.0
2025-10-30,0.6213629245758057,0.6213629245758057,0.6213629245758057,0.6213629245758057,0.0
2025-10-31,0.6213629245758057,0.6213629245758057,0.6213629245758057,0.6213629245758057,0.0
2025-11-03,0.6213629245758057,0.6213629245758057,0.6213629245758057,0.6213629245758057,0.0
2025-11-04,0.616431474685669,0.616431474685669,0.616431474685669,0.616431474685669,200.0
2025-11-05,0.6115000247955322,0.6115000247955322,0.6115000247955322,0.6115000247955322,20300.0
2025-11-06,0.6115000219544242,0.6115000219544242,0.5819112808727658,0.6065685749053955,10900.0
2025-11-07,0.5917742252349854,0.5917742252349854,0.5917742252349854,0.5917742252349854,8000.0
2025-11-10,0.5967056722129864,0.5967056722129864,0.5917742252349854,0.5917742252349854,8000.0
2025-11-11,0.5917742252349854,0.5917742252349854,0.5917742252349854,0.5917742252349854,0.0
2025-11-12,0.5917742252349854,0.5917742252349854,0.5917742252349854,0.5917742252349854,12400.0
2025-11-13,0.5917742365077687,0.6115000247955322,0.5917742365077687,0.6115000247955322,2500.0
2025-11-14,0.6115000247955322,0.6115000247955322,0.6115000247955322,0.6115000247955322,0.0
2025-11-17,0.6115000247955322,0.6115000247955322,0.6115000247955322,0.6115000247955322,0.0
2025-11-18,0.6115000247955322,0.6115000247955322,0.6115000247955322,0.6115000247955322,0.0
2025-11-19,0.6200000047683716,0.6200000047683716,0.6200000047683716,0.6200000047683716,0.0
2025-11-20,0.6200000047683716,0.6200000047683716,0.6200000047683716,0.6200000047683716,0.0
2025-11-21,0.6200000047683716,0.6200000047683716,0.6200000047683716,0.6200000047683716,0.0
2025-11-24,0.6200000047683716,0.6200000047683716,0.6200000047683716,0.6200000047683716,500.0
2025-11-25,0.6200000047683716,0.6200000047683716,0.6200000047683716,0.6200000047683716,0.0
2025-11-26,0.6200000047683716,0.6200000047683716,0.6200000047683716,0.6200000047683716,0.0
2025-11-27,0.6200000047683716,0.6200000047683716,0.6200000047683716,0.6200000047683716,0.0
2025-11-28,0.6200000047683716,0.6200000047683716,0.6200000047683716,0.6200000047683716,0.0
2025-12-01,0.6000000238418579,0.6000000238418579,0.6000000238418579,0.6000000238418579,11700.0
2025-12-02,0.6000000238418579,0.6000000238418579,0.6000000238418579,0.6000000238418579,100.0
2025-12-03,0.6000000238418579,0.6000000238418579,0.6000000238418579,0.6000000238418579,0.0
2025-12-04,0.6000000238418579,0.6000000238418579,0.6000000238418579,0.6000000238418579,0.0
2025-12-05,0.6000000238418579,0.6000000238418579,0.6000000238418579,0.6000000238418579,0.0
2025-12-08,0.5899999737739563,0.5899999737739563,0.5799999833106995,0.5799999833106995,17600.0
2025-12-09,0.5799999833106995,0.5799999833106995,0.5799999833106995,0.5799999833106995,0.0
2025-12-10,0.5799999833106995,0.5799999833106995,0.5799999833106995,0.5799999833106995,0.0
2025-12-11,0.5799999833106995,0.5799999833106995,0.5799999833106995,0.5799999833106995,0.0
2025-12-12,0.5799999833106995,0.5799999833106995,0.5799999833106995,0.5799999833106995,0.0
2025-12-15,0.5799999833106995,0.5799999833106995,0.5699999928474426,0.5799999833106995,32100.0
2025-12-16,0.550000011920929,0.5899999737739563,0.550000011920929,0.5899999737739563,17600.0
2025-12-17,0.5899999737739563,0.5899999737739563,0.5899999737739563,0.5899999737739563,0.0
2025-12-18,0.5350000262260437,0.5350000262260437,0.5350000262260437,0.5350000262260437,3000.0
2025-12-19,0.5600000023841858,0.5899999737739563,0.5600000023841858,0.5899999737739563,17000.0
2025-12-22,0.6150000095367432,0.6150000095367432,0.6100000143051147,0.6100000143051147,10300.0
2025-12-23,0.6100000143051147,0.6100000143051147,0.6100000143051147,0.6100000143051147,0.0
2025-12-24,0.6000000238418579,0.6000000238418579,0.6000000238418579,0.6000000238418579,6100.0
2025-12-26,0.5649999976158142,0.5799999833106995,0.550000011920929,0.5799999833106995,42800.0
2025-12-29,0.5849999785423279,0.6050000190734863,0.5849999785423279,0.5849999785423279,36000.0
2025-12-30,0.5899999737739563,0.6050000190734863,0.5849999785423279,0.6050000190734863,22800.0
2025-12-31,0.6050000190734863,0.6050000190734863,0.6050000190734863,0.6050000190734863,0.0
2026-01-02,0.6050000190734863,0.6050000190734863,0.6000000238418579,0.6000000238418579,19000.0
2026-01-05,0.6000000238418579,0.6000000238418579,0.5899999737739563,0.5899999737739563,6500.0
2026-01-06,0.5899999737739563,0.5899999737739563,0.5899999737739563,0.5899999737739563,0.0
2026-01-07,0.5950000286102295,0.5950000286102295,0.5950000286102295,0.5950000286102295,5600.0
2026-01-08,0.5899999737739563,0.5950000286102295,0.5899999737739563,0.5950000286102295,3600.0
2026-01-09,0.5950000286102295,0.5950000286102295,0.5950000286102295,0.5950000286102295,0.0
2026-01-12,0.5950000286102295,0.5950000286102295,0.5950000286102295,0.5950000286102295,0.0
2026-01-13,0.5799999833106995,0.6150000095367432,0.5799999833106995,0.6150000095367432,18100.0
2026-01-14,0.5849999785423279,0.5849999785423279,0.5849999785423279,0.5849999785423279,2300.0
2026-01-15,0.5849999785423279,0.5849999785423279,0.5799999833106995,0.5849999785423279,10800.0
2026-01-16,0.5899999737739563,0.5899999737739563,0.5899999737739563,0.5899999737739563,1000.0
2026-01-19,0.5899999737739563,0.5899999737739563,0.5899999737739563,0.5899999737739563,0.0
2026-01-20,0.5899999737739563,0.5899999737739563,0.5899999737739563,0.5899999737739563,0.0
2026-01-21,0.5899999737739563,0.5899999737739563,0.5849999785423279,0.5849999785423279,300.0
2026-01-22,0.5849999785423279,0.5849999785423279,0.5849999785423279,0.5849999785423279,0.0
2026-01-23,0.5849999785423279,0.5849999785423279,0.5849999785423279,0.5849999785423279,0.0
2026-01-26,0.5849999785423279,0.5849999785423279,0.5849999785423279,0.5849999785423279,7100.0
2026-01-27,0.5849999785423279,0.5849999785423279,0.5849999785423279,0.5849999785423279,0.0
2026-01-28,0.5849999785423279,0.5849999785423279,0.5849999785423279,0.5849999785423279,0.0
2026-01-29,0.5849999785423279,0.5849999785423279,0.5849999785423279,0.5849999785423279,0.0
2026-01-30,0.5849999785423279,0.5849999785423279,0.5699999928474426,0.574999988079071,29600.0
2026-02-02,0.574999988079071,0.574999988079071,0.5699999928474426,0.5699999928474426,6000.0
2026-02-03,0.574999988079071,0.574999988079071,0.574999988079071,0.574999988079071,200.0
2026-02-04,0.574999988079071,0.574999988079071,0.5699999928474426,0.5699999928474426,4500.0
2026-02-05,0.5699999928474426,0.5699999928474426,0.5699999928474426,0.5699999928474426,2000.0
2026-02-06,0.5699999928474426,0.5950000286102295,0.5550000071525574,0.5849999785423279,99300.0
2026-02-09,0.6050000190734863,0.6050000190734863,0.5950000286102295,0.5950000286102295,11100.0
2026-02-10,0.5899999737739563,0.5899999737739563,0.574999988079071,0.574999988079071,7700.0
2026-02-11,0.574999988079071,0.574999988079071,0.5699999928474426,0.5699999928474426,25400.0
2026-02-12,0.5799999833106995,0.5849999785423279,0.5799999833106995,0.5849999785423279,3600.0
2026-02-13,0.5600000023841858,0.5600000023841858,0.5600000023841858,0.5600000023841858,10000.0
2026-02-16,0.5849999785423279,0.5849999785423279,0.5849999785423279,0.5849999785423279,7500.0
2026-02-19,0.5799999833106995,0.5849999785423279,0.5799999833106995,0.5849999785423279,22700.0
2026-02-20,0.5899999737739563,0.5899999737739563,0.5600000023841858,0.5600000023841858,5100.0
2026-02-23,0.5600000023841858,0.5600000023841858,0.5600000023841858,0.5600000023841858,6000.0
2026-02-24,0.5600000023841858,0.5600000023841858,0.5600000023841858,0.5600000023841858,0.0
2026-02-25,0.5699999928474426,0.5699999928474426,0.5699999928474426,0.5699999928474426,2000.0
2026-02-26,0.5699999928474426,0.5699999928474426,0.5699999928474426,0.5699999928474426,1100.0
2026-02-27,0.5699999928474426,0.5699999928474426,0.5699999928474426,0.5699999928474426,7200.0
2026-03-02,0.5649999976158142,0.5649999976158142,0.550000011920929,0.5550000071525574,39400.0
2026-03-03,0.5450000166893005,0.5450000166893005,0.5450000166893005,0.5450000166893005,100.0
2026-03-04,0.5450000166893005,0.5450000166893005,0.5450000166893005,0.5450000166893005,5200.0
2026-03-05,0.5450000166893005,0.5450000166893005,0.5450000166893005,0.5450000166893005,100.0
2026-03-06,0.5450000166893005,0.5450000166893005,0.5450000166893005,0.5450000166893005,0.0
2026-03-09,0.5400000214576721,0.5400000214576721,0.5299999713897705,0.5299999713897705,16900.0
2026-03-10,0.5299999713897705,0.5299999713897705,0.5299999713897705,0.5299999713897705,0.0
2026-03-11,0.5299999713897705,0.5299999713897705,0.5299999713897705,0.5299999713897705,0.0
2026-03-12,0.5199999809265137,0.550000011920929,0.4950000047683716,0.550000011920929,112600.0
2026-03-13,0.5249999761581421,0.5249999761581421,0.5249999761581421,0.5249999761581421,6200.0
2026-03-16,0.5299999713897705,0.5299999713897705,0.5299999713897705,0.5299999713897705,7200.0
2026-03-17,0.5299999713897705,0.5299999713897705,0.5299999713897705,0.5299999713897705,0.0
2026-03-18,0.5099999904632568,0.5099999904632568,0.5049999952316284,0.5099999904632568,19000.0
2026-03-19,0.5049999952316284,0.5049999952316284,0.5049999952316284,0.5049999952316284,38000.0
2026-03-20,0.5049999952316284,0.5049999952316284,0.5049999952316284,0.5049999952316284,0.0
2026-03-23,0.5049999952316284,0.5049999952316284,0.5049999952316284,0.5049999952316284,2000.0
2026-03-24,0.5049999952316284,0.5049999952316284,0.5049999952316284,0.5049999952316284,0.0
2026-03-25,0.5099999904632568,0.5099999904632568,0.5099999904632568,0.5099999904632568,800.0
2026-03-26,0.5099999904632568,0.5099999904632568,0.5099999904632568,0.5099999904632568,0.0
2026-03-27,0.5049999952316284,0.5049999952316284,0.5049999952316284,0.5049999952316284,3400.0
2026-03-30,0.5049999952316284,0.5049999952316284,0.5049999952316284,0.5049999952316284,28600.0
2026-03-31,0.5049999952316284,0.5049999952316284,0.5049999952316284,0.5049999952316284,0.0
2026-04-01,0.5049999952316284,0.5049999952316284,0.5049999952316284,0.5049999952316284,0.0
2026-04-02,0.5049999952316284,0.5049999952316284,0.5049999952316284,0.5049999952316284,0.0
2026-04-06,0.5,0.5,0.4900000095367431,0.5,65000.0
2026-04-07,0.4950000047683716,0.5,0.4950000047683716,0.5,17000.0
2026-04-08,0.5,0.5,0.5,0.5,0.0
2026-04-09,0.5,0.5,0.5,0.5,0.0
2026-04-10,0.4900000095367431,0.4900000095367431,0.4799999892711639,0.4799999892711639,24000.0
2026-04-13,0.4850000143051147,0.4850000143051147,0.4850000143051147,0.4850000143051147,1000.0
2026-04-14,0.6000000238418579,0.6000000238418579,0.6000000238418579,0.6000000238418579,100.0
2026-04-15,0.4850000143051147,0.5400000214576721,0.4850000143051147,0.5350000262260437,9400.0
2026-04-16,0.5249999761581421,0.5249999761581421,0.5249999761581421,0.5249999761581421,500.0
2026-04-17,0.5249999761581421,0.5249999761581421,0.5249999761581421,0.5249999761581421,0.0
2026-04-20,0.5199999809265137,0.5199999809265137,0.5,0.5,19000.0
2026-04-21,0.4900000095367431,0.4900000095367431,0.4850000143051147,0.4850000143051147,34400.0
2026-04-22,0.4850000143051147,0.4850000143051147,0.4850000143051147,0.4850000143051147,0.0
2026-04-23,0.5,0.5,0.5,0.5,48000.0
2026-04-24,0.4900000095367431,0.4950000047683716,0.4900000095367431,0.4950000047683716,6000.0
2026-04-27,0.4950000047683716,0.4950000047683716,0.4950000047683716,0.4950000047683716,0.0
2026-04-28,0.4950000047683716,0.4950000047683716,0.4950000047683716,0.4950000047683716,0.0
2026-04-29,0.4950000047683716,0.4950000047683716,0.4950000047683716,0.4950000047683716,0.0
2026-04-30,0.5099999904632568,0.5099999904632568,0.5049999952316284,0.5049999952316284,35100.0
2026-05-04,0.5049999952316284,0.5049999952316284,0.5049999952316284,0.5049999952316284,2400.0
2026-05-05,0.5049999952316284,0.5049999952316284,0.5049999952316284,0.5049999952316284,0.0
2026-05-06,0.5099999904632568,0.5149999856948853,0.5099999904632568,0.5149999856948853,26000.0
2026-05-07,0.5149999856948853,0.5149999856948853,0.5149999856948853,0.5149999856948853,0.0
2026-05-08,0.5149999856948853,0.5149999856948853,0.5149999856948853,0.5149999856948853,0.0
2026-05-11,0.5099999904632568,0.5099999904632568,0.5099999904632568,0.5099999904632568,2000.0
2026-05-12,0.5099999904632568,0.5099999904632568,0.5099999904632568,0.5099999904632568,0.0
2026-05-13,0.5099999904632568,0.5099999904632568,0.5049999952316284,0.5049999952316284,30000.0
2026-05-14,0.5049999952316284,0.5099999904632568,0.5049999952316284,0.5049999952316284,40000.0
2026-05-15,0.5049999952316284,0.5099999904632568,0.5049999952316284,0.5049999952316284,22100.0
2026-05-18,0.5049999952316284,0.5049999952316284,0.5,0.5,30900.0
2026-05-19,0.5,0.5,0.5,0.5,0.0
2026-05-20,0.5,0.5,0.5,0.5,0.0
2026-05-21,0.5,0.5,0.5,0.5,15500.0
2026-05-22,0.5,0.5,0.5,0.5,0.0
2026-05-25,0.5,0.5,0.5,0.5,18000.0
2026-05-26,0.5,0.5,0.5,0.5,0.0
2026-05-27,0.5,0.5,0.5,0.5,0.0
2026-05-28,0.4950000047683716,0.5,0.4950000047683716,0.5,17100.0
2026-05-29,0.5,0.5,0.5,0.5,14900.0
2026-06-02,0.5,0.5,0.5,0.5,4500.0
2026-06-03,0.5,0.5,0.5,0.5,3500.0
2026-06-04,0.5,0.5,0.5,0.5,0.0
2026-06-05,0.5,0.5,0.5,0.5,0.0
2026-06-08,0.5,0.5,0.5,0.5,0.0
2026-06-09,0.4950000047683716,0.4950000047683716,0.4950000047683716,0.4950000047683716,5000.0
2026-06-10,0.4950000047683716,0.4950000047683716,0.4950000047683716,0.4950000047683716,0.0
2026-06-11,0.4950000047683716,0.4950000047683716,0.4950000047683716,0.4950000047683716,0.0
2026-06-12,0.4950000047683716,0.4950000047683716,0.4950000047683716,0.4950000047683716,0.0
2026-06-15,0.4950000047683716,0.4950000047683716,0.4950000047683716,0.4950000047683716,1000.0
2026-06-16,0.4950000047683716,0.4950000047683716,0.4950000047683716,0.4950000047683716,0.0
2026-06-17,0.5,0.5,0.5,0.5,25700.0
2026-06-18,0.4950000047683716,0.4950000047683716,0.4950000047683716,0.4950000047683716,8000.0
2026-06-19,0.4950000047683716,0.4950000047683716,0.4950000047683716,0.4950000047683716,0.0
2026-06-22,0.4900000095367431,0.4900000095367431,0.4900000095367431,0.4900000095367431,1500.0
2026-06-23,0.4900000095367431,0.4900000095367431,0.4900000095367431,0.4900000095367431,6000.0
2026-06-24,0.4900000095367431,0.4900000095367431,0.4900000095367431,0.4900000095367431,0.0
2026-06-25,0.4900000095367431,0.4900000095367431,0.4900000095367431,0.4900000095367431,15100.0
2026-06-26,0.4900000095367431,0.4900000095367431,0.4900000095367431,0.4900000095367431,0.0
2026-06-29,0.4900000095367431,0.4900000095367431,0.4900000095367431,0.4900000095367431,6000.0
2026-06-30,0.4900000095367431,0.4900000095367431,0.4900000095367431,0.4900000095367431,0.0
2026-07-01,0.4900000095367431,0.4900000095367431,0.4900000095367431,0.4900000095367431,6000.0
2026-07-02,0.4900000095367431,0.4900000095367431,0.4900000095367431,0.4900000095367431,24600.0
2026-07-03,0.4900000095367431,0.4900000095367431,0.4900000095367431,0.4900000095367431,0.0
2026-07-06,0.4900000095367431,0.4900000095367431,0.4900000095367431,0.4900000095367431,4000.0
2026-07-07,0.4900000095367431,0.4900000095367431,0.4900000095367431,0.4900000095367431,0.0
2026-07-08,0.4900000095367431,0.4900000095367431,0.4900000095367431,0.4900000095367431,0.0
2026-07-09,0.4900000095367431,0.4900000095367431,0.4900000095367431,0.4900000095367431,0.0
2026-07-10,0.4900000095367431,0.4900000095367431,0.4900000095367431,0.4900000095367431,0.0
2026-07-13,0.4850000143051147,0.4850000143051147,0.4850000143051147,0.4850000143051147,4000.0
2026-07-14,0.4850000143051147,0.4850000143051147,0.4850000143051147,0.4850000143051147,0.0
2026-07-15,0.4850000143051147,0.4850000143051147,0.4850000143051147,0.4850000143051147,0.0
2026-07-16,0.4850000143051147,0.4850000143051147,0.4850000143051147,0.4850000143051147,0.0
2026-07-17,0.4850000143051147,0.4850000143051147,0.4850000143051147,0.4850000143051147,0.0
2026-07-20,0.4749999940395355,0.4749999940395355,0.4749999940395355,0.4749999940395355,5000.0
2026-07-21,0.4749999940395355,0.4749999940395355,0.4749999940395355,0.4749999940395355,0.0
2026-07-22,0.4749999940395355,0.4749999940395355,0.4749999940395355,0.4749999940395355,0.0
2026-07-23,0.4749999940395355,0.4749999940395355,0.4749999940395355,0.4749999940395355,0.0
2026-07-24,0.4749999940395355,0.4749999940395355,0.4749999940395355,0.4749999940395355,5000.0
2026-07-27,0.4749999940395355,0.4749999940395355,0.4749999940395355,0.4749999940395355,0.0
2026-07-28,0.4749999940395355,0.4749999940395355,0.4749999940395355,0.4749999940395355,0.0
2026-07-29,0.4799999892711639,0.5249999761581421,0.4799999892711639,0.4799999892711639,17000.0
2026-07-30,0.4799999892711639,0.4799999892711639,0.4799999892711639,0.4799999892711639,5000.0
2026-07-31,0.4799999892711639,0.4799999892711639,0.4799999892711639,0.4799999892711639,0.0
2026-08-03,0.4799999892711639,0.4799999892711639,0.4799999892711639,0.4799999892711639,0.0
2026-08-04,0.4749999940395355,0.4749999940395355,0.4749999940395355,0.4749999940395355,3000.0
2026-08-05,0.4749999940395355,0.4749999940395355,0.4749999940395355,0.4749999940395355,0.0
2026-08-06,0.4749999940395355,0.4749999940395355,0.4749999940395355,0.4749999940395355,0.0
2026-08-07,0.4749999940395355,0.4749999940395355,0.4749999940395355,0.4749999940395355,0.0
2026-08-10,0.4749999940395355,0.4749999940395355,0.4749999940395355,0.4749999940395355,0.0
2026-08-11,0.4749999940395355,0.4749999940395355,0.4749999940395355,0.4749999940395355,0.0
2026-08-12,0.4749999940395355,0.4749999940395355,0.4749999940395355,0.4749999940395355,0.0
2026-08-13,0.4749999940395355,0.4749999940395355,0.4749999940395355,0.4749999940395355,3000.0
2026-08-14,0.4749999940395355,0.4749999940395355,0.4749999940395355,0.4749999940395355,4700.0
2026-08-17,0.4749999940395355,0.4749999940395355,0.4749999940395355,0.4749999940395355,23200.0
2026-08-18,0.4749999940395355,0.4749999940395355,0.4749999940395355,0.4749999940395355,0.0
2026-08-19,0.4749999940395355,0.5199999809265137,0.4749999940395355,0.5199999809265137,30000.0
2026-08-20,0.5199999809265137,0.5199999809265137,0.5199999809265137,0.5199999809265137,0.0
2026-08-21,0.5199999809265137,0.5199999809265137,0.5199999809265137,0.5199999809265137,0.0
2026-08-24,0.4749999940395355,0.4749999940395355,0.4749999940395355,0.4749999940395355,4500.0
2026-08-25,0.4749999940395355,0.4749999940395355,0.4749999940395355,0.4749999940395355,0.0
2026-08-26,0.4749999940395355,0.4749999940395355,0.4749999940395355,0.4749999940395355,0.0
2026-08-27,0.4749999940395355,0.5149999856948853,0.4600000083446502,0.5099999904632568,32400.0
2026-08-28,0.4699999988079071,0.4799999892711639,0.4600000083446502,0.4749999940395355,4000.0
2026-08-31,0.4749999940395355,0.4749999940395355,0.4749999940395355,0.4749999940395355,0.0
2026-09-01,0.4749999940395355,0.4749999940395355,0.4749999940395355,0.4749999940395355,0.0
2026-09-02,0.4749999940395355,0.4749999940395355,0.4749999940395355,0.4749999940395355,0.0
2026-09-03,0.4749999940395355,0.4749999940395355,0.4749999940395355,0.4749999940395355,0.0
2026-09-04,0.4749999940395355,0.4749999940395355,0.4749999940395355,0.4749999940395355,0.0
2026-09-07,0.4749999940395355,0.4749999940395355,0.4749999940395355,0.4749999940395355,0.0
2026-09-08,0.4749999940395355,0.4749999940395355,0.4749999940395355,0.4749999940395355,0.0
2026-09-09,0.4749999940395355,0.4749999940395355,0.4749999940395355,0.4749999940395355,0.0
2026-09-10,0.4749999940395355,0.4749999940395355,0.4749999940395355,0.4749999940395355,0.0
2026-09-11,0.4749999940395355,0.4749999940395355,0.4749999940395355,0.4749999940395355,0.0
2026-09-14,0.4600000083446502,0.4600000083446502,0.4550000131130218,0.4550000131130218,15000.0
2026-09-15,0.4550000131130218,0.4550000131130218,0.4550000131130218,0.4550000131130218,0.0
2026-09-16,0.4550000131130218,0.4550000131130218,0.4550000131130218,0.4550000131130218,0.0
2026-09-17,0.4550000131130218,0.4550000131130218,0.4550000131130218,0.4550000131130218,0.0
2026-09-18,0.4550000131130218,0.4550000131130218,0.4550000131130218,0.4550000131130218,0.0
2026-09-21,0.4550000131130218,0.4550000131130218,0.4550000131130218,0.4550000131130218,0.0
2026-09-22,0.4550000131130218,0.4550000131130218,0.4550000131130218,0.4550000131130218,0.0
2026-09-23,0.4550000131130218,0.4550000131130218,0.4550000131130218,0.4550000131130218,0.0
2026-09-24,0.4550000131130218,0.4550000131130218,0.4550000131130218,0.4550000131130218,15000.0
2026-09-25,0.4550000131130218,0.4550000131130218,0.4550000131130218,0.4550000131130218,0.0
2026-09-28,0.4350000023841858,0.4350000023841858,0.4350000023841858,0.4350000023841858,3500.0
2026-09-29,0.4399999976158142,0.4399999976158142,0.4399999976158142,0.4399999976158142,800.0
2026-09-30,0.4399999976158142,0.4399999976158142,0.4399999976158142,0.4399999976158142,0.0
2026-10-01,0.4399999976158142,0.4399999976158142,0.4399999976158142,0.4399999976158142,0.0
2026-10-02,0.4399999976158142,0.4399999976158142,0.4399999976158142,0.4399999976158142,0.0
